province,projection_scenario,timepoint,sex,age,delta_n,n_birth,n,prop_migrants_birth,n_immigrants_timepoint,n_emigrants_timepoint,prop_immigrants_timepoint,prop_emigrants_timepoint,prob_emigration
BC,M6,2023-01-01T00:00:00,F,1,371.86799999999494,44500.0,21500.0,0.008356584269662808,111214.20099999993,1318.8289999999943,0.0033437096760691124,0.0,0.0
BC,M6,2023-01-01T00:00:00,F,2,403.1650000000045,44500.0,21500.000000000004,0.00905988764044954,111214.20099999993,1318.8289999999943,0.0036251215795724216,0.0,0.0
BC,M6,2023-01-01T00:00:00,F,3,402.567999999992,44500.0,21799.999999999996,0.00904647191011218,111214.20099999993,1318.8289999999943,0.0036197535600691164,0.0,0.0
BC,M6,2023-01-01T00:00:00,F,4,402.20000000000437,44500.0,22400.0,0.00903820224719111,111214.20099999993,1318.8289999999943,0.0036164446301242105,0.0,0.0
BC,M6,2023-01-01T00:00:00,F,5,502.0610000000015,44500.0,23400.0,0.011282269662921382,111214.20099999993,1318.8289999999943,0.004514360535665781,0.0,0.0
BC,M6,2023-01-01T00:00:00,F,6,601.880000000001,44500.0,24100.0,0.01352539325842699,111214.20099999993,1318.8289999999943,0.005411898791594083,0.0,0.0
BC,M6,2023-01-01T00:00:00,F,7,601.658999999996,44500.0,24299.999999999996,0.013520426966292045,111214.20099999993,1318.8289999999943,0.005409911635295536,0.0,0.0
BC,M6,2023-01-01T00:00:00,F,8,501.4459999999999,44500.0,24600.0,0.011268449438202245,111214.20099999993,1318.8289999999943,0.004508830666328307,0.0,0.0
BC,M6,2023-01-01T00:00:00,F,9,501.46399999999994,44500.0,24900.0,0.011268853932584269,111214.20099999993,1318.8289999999943,0.004508992516162574,0.0,0.0
BC,M6,2023-01-01T00:00:00,F,10,501.48799999999756,44500.0,25300.0,0.011269393258426911,111214.20099999993,1318.8289999999943,0.004509208315941576,0.0,0.0
BC,M6,2023-01-01T00:00:00,F,11,501.4879999999939,44500.0,25300.0,0.01126939325842683,111214.20099999993,1318.8289999999943,0.004509208315941543,0.0,0.0
BC,M6,2023-01-01T00:00:00,F,12,401.72199999999793,44500.0,25000.0,0.009027460674157257,111214.20099999993,1318.8289999999943,0.003612146617858615,0.0,0.0
BC,M6,2023-01-01T00:00:00,F,13,502.007999999998,44500.0,25600.0,0.011281078651685348,111214.20099999993,1318.8289999999943,0.004513883977820407,0.0,0.0
BC,M6,2023-01-01T00:00:00,F,14,602.2769999999982,44500.0,25899.999999999996,0.013534314606741532,111214.20099999993,1318.8289999999943,0.005415468479605393,0.0,0.0
BC,M6,2023-01-01T00:00:00,F,15,1003.0839999999953,44500.0,26700.0,0.02254121348314596,111214.20099999993,1318.8289999999943,0.009019387730888756,0.0,0.0
BC,M6,2023-01-01T00:00:00,F,16,1704.3519999999953,44500.0,27300.0,0.03830004494382012,111214.20099999993,1318.8289999999943,0.015324949374046184,0.0,0.0
BC,M6,2023-01-01T00:00:00,F,17,1606.2400000000016,44500.0,27600.0,0.03609528089887644,111214.20099999993,1318.8289999999943,0.014442759877400933,0.0,0.0
BC,M6,2023-01-01T00:00:00,F,18,2008.0099999999948,44500.0,28699.999999999996,0.04512382022471898,111214.20099999993,1318.8289999999943,0.01805533809481755,0.0,0.0
BC,M6,2023-01-01T00:00:00,F,19,3710.0440000000017,44500.0,31600.000000000004,0.08337177528089891,111214.20099999993,1318.8289999999943,0.033359444806873216,0.0,0.0
BC,M6,2023-01-01T00:00:00,F,20,2612.176999999996,44500.0,32300.0,0.058700606741572944,111214.20099999993,1318.8289999999943,0.02348780080702102,0.0,0.0
BC,M6,2023-01-01T00:00:00,F,21,1413.7249999999985,44500.0,31900.0,0.031769101123595475,111214.20099999993,1318.8289999999943,0.012711730941626776,0.0,0.0
BC,M6,2023-01-01T00:00:00,F,22,815.887999999999,44500.0,33900.0,0.018334561797752787,111214.20099999993,1318.8289999999943,0.007336185421140593,0.0,0.0
BC,M6,2023-01-01T00:00:00,F,23,1017.3910000000033,44500.0,35100.0,0.02286271910112367,111214.20099999993,1318.8289999999943,0.009148031374158809,0.0,0.0
BC,M6,2023-01-01T00:00:00,F,24,1218.1790000000037,44500.0,35500.0,0.02737480898876413,111214.20099999993,1318.8289999999943,0.010953448292093602,0.0,0.0
BC,M6,2023-01-01T00:00:00,F,25,1518.2850000000035,44500.0,36000.0,0.0341187640449439,111214.20099999993,1318.8289999999943,0.013651898645569593,0.0,0.0
BC,M6,2023-01-01T00:00:00,F,26,1518.2850000000035,44500.0,36000.0,0.0341187640449439,111214.20099999993,1318.8289999999943,0.013651898645569593,0.0,0.0
BC,M6,2023-01-01T00:00:00,F,27,1719.4400000000023,44500.0,37700.0,0.03863910112359556,111214.20099999993,1318.8289999999943,0.01546061550179193,0.0,0.0
BC,M6,2023-01-01T00:00:00,F,28,1719.9650000000038,44500.0,38000.0,0.03865089887640458,111214.20099999993,1318.8289999999943,0.015465336121958067,0.0,0.0
BC,M6,2023-01-01T00:00:00,F,29,1721.0330000000104,44500.0,38600.00000000001,0.038674898876404726,111214.20099999993,1318.8289999999943,0.01547493921212464,0.0,0.0
BC,M6,2023-01-01T00:00:00,F,30,1522.3610000000044,44500.0,39400.00000000001,0.0342103595505619,111214.20099999993,1318.8289999999943,0.013688548641373645,0.0,0.0
BC,M6,2023-01-01T00:00:00,F,31,1524.241999999991,44500.0,40599.99999999999,0.034252629213482946,111214.20099999993,1318.8289999999943,0.013705461949054438,0.0,0.0
BC,M6,2023-01-01T00:00:00,F,32,1326.2019999999975,44500.0,41000.0,0.029802292134831404,111214.20099999993,1318.8289999999943,0.01192475410581782,0.0,0.0
BC,M6,2023-01-01T00:00:00,F,33,1228.1399999999921,44500.0,41399.99999999999,0.02759865168539308,111214.20099999993,1318.8289999999943,0.011043014192045428,0.0,0.0
BC,M6,2023-01-01T00:00:00,F,34,1229.8500000000058,44500.0,41000.00000000001,0.027637078651685524,111214.20099999993,1318.8289999999943,0.011058389926300928,0.0,0.0
BC,M6,2023-01-01T00:00:00,F,35,1031.6800000000003,44500.0,40600.0,0.02318382022471911,111214.20099999993,1318.8289999999943,0.009276513167594496,0.0,0.0
BC,M6,2023-01-01T00:00:00,F,36,1033.9300000000003,44500.0,40000.0,0.023234382022471918,111214.20099999993,1318.8289999999943,0.009296744396877886,0.0,0.0
BC,M6,2023-01-01T00:00:00,F,37,837.0360000000001,44500.0,40200.0,0.01880979775280899,111214.20099999993,1318.8289999999943,0.007526340993089548,0.0,0.0
BC,M6,2023-01-01T00:00:00,F,38,739.1879999999946,44500.0,39500.0,0.01661096629213471,111214.20099999993,1318.8289999999943,0.006646525294013442,0.0,0.0
BC,M6,2023-01-01T00:00:00,F,39,740.8099999999977,44500.0,39200.0,0.016647415730337026,111214.20099999993,1318.8289999999943,0.006661109762412429,0.0,0.0
BC,M6,2023-01-01T00:00:00,F,40,742.1800000000076,44500.0,38700.0,0.01667820224719118,111214.20099999993,1318.8289999999943,0.006673428333131738,0.0,0.0
BC,M6,2023-01-01T00:00:00,F,41,643.3550000000032,44500.0,38300.00000000001,0.014457415730337151,111214.20099999993,1318.8289999999943,0.005784827784717921,0.0,0.0
BC,M6,2023-01-01T00:00:00,F,42,643.3160000000062,44500.0,37000.0,0.014456539325842835,111214.20099999993,1318.8289999999943,0.005784477110077036,0.0,0.0
BC,M6,2023-01-01T00:00:00,F,43,644.0339999999924,44500.0,36400.0,0.0144726741573032,111214.20099999993,1318.8289999999943,0.005790933120132678,0.0,0.0
BC,M6,2023-01-01T00:00:00,F,44,543.903999999995,44500.0,34800.0,0.012222561797752697,111214.20099999993,1318.8289999999943,0.004890598458734558,0.0,0.0
BC,M6,2023-01-01T00:00:00,F,45,544.622000000003,44500.0,33800.0,0.012238696629213551,111214.20099999993,1318.8289999999943,0.004897054468790397,0.0,0.0
BC,M6,2023-01-01T00:00:00,F,46,446.8119999999981,44500.0,33600.0,0.010040719101123552,111214.20099999993,1318.8289999999943,0.004017580452697748,0.0,0.0
BC,M6,2023-01-01T00:00:00,F,47,449.7279999999955,44500.0,33999.99999999999,0.010106247191011134,111214.20099999993,1318.8289999999943,0.004043800125848998,0.0,0.0
BC,M6,2023-01-01T00:00:00,F,48,352.2809999999881,44500.0,33600.0,0.007916426966291868,111214.20099999993,1318.8289999999943,0.0031675900814140483,0.0,0.0
BC,M6,2023-01-01T00:00:00,F,49,355.61099999999715,44500.0,33600.0,0.007991258426966227,111214.20099999993,1318.8289999999943,0.0031975323007535465,0.0,0.0
BC,M6,2023-01-01T00:00:00,F,50,260.14399999999296,44500.0,33800.00000000001,0.005845932584269505,111214.20099999993,1318.8289999999943,0.0023391257380880083,0.0,0.0
BC,M6,2023-01-01T00:00:00,F,51,365.6200000000026,44500.0,34300.00000000001,0.008216179775280958,111214.20099999993,1318.8289999999943,0.003287529800263573,0.0,0.0
BC,M6,2023-01-01T00:00:00,F,52,275.91999999999825,44500.0,36700.0,0.006200449438202208,111214.20099999993,1318.8289999999943,0.0024809781261657263,0.0,0.0
BC,M6,2023-01-01T00:00:00,F,53,382.2079999999987,44500.0,37000.0,0.00858894382022469,111214.20099999993,1318.8289999999943,0.003436683414198147,0.0,0.0
BC,M6,2023-01-01T00:00:00,F,54,288.81400000000576,44500.0,36900.00000000001,0.00649020224719114,111214.20099999993,1318.8289999999943,0.0025969165574458064,0.0,0.0
BC,M6,2023-01-01T00:00:00,F,55,293.01000000000204,44500.0,35700.0,0.0065844943820225176,111214.20099999993,1318.8289999999943,0.00263464555214493,0.0,0.0
BC,M6,2023-01-01T00:00:00,F,56,298.2639999999956,44500.0,34800.00000000001,0.0067025617977527095,111214.20099999993,1318.8289999999943,0.0026818877204359518,0.0,0.0
BC,M6,2023-01-01T00:00:00,F,57,311.18799999998737,44500.0,36300.0,0.00699298876404466,111214.20099999993,1318.8289999999943,0.0027980959014396694,0.0,0.0
BC,M6,2023-01-01T00:00:00,F,58,225.91799999999057,44500.0,37800.0,0.005076808988763833,111214.20099999993,1318.8289999999943,0.0020313772698865203,0.0,0.0
BC,M6,2023-01-01T00:00:00,F,59,344.11099999999715,44500.0,39900.0,0.007732831460674093,111214.20099999993,1318.8289999999943,0.003094128239971776,0.0,0.0
BC,M6,2023-01-01T00:00:00,F,60,357.6079999999929,44500.0,39999.99999999999,0.008036134831460515,111214.20099999993,1318.8289999999943,0.0032154886406996993,0.0,0.0
BC,M6,2023-01-01T00:00:00,F,61,365.07300000001123,44500.0,38500.00000000001,0.00820388764044969,111214.20099999993,1318.8289999999943,0.003282611363633422,0.0,0.0
BC,M6,2023-01-01T00:00:00,F,62,281.80599999999686,44500.0,38700.0,0.006332719101123525,111214.20099999993,1318.8289999999943,0.0025339030219710614,0.0,0.0
BC,M6,2023-01-01T00:00:00,F,63,298.27500000000146,44500.0,38600.0,0.006702808988764078,111214.20099999993,1318.8289999999943,0.0026819866286680568,0.0,0.0
BC,M6,2023-01-01T00:00:00,F,64,313.19200000000274,44500.0,37900.0,0.007038022471910174,111214.20099999993,1318.8289999999943,0.0028161151829882132,0.0,0.0
BC,M6,2023-01-01T00:00:00,F,65,232.3680000000095,44500.0,37600.0,0.005221752808988977,111214.20099999993,1318.8289999999943,0.0020893734604990745,0.0,0.0
BC,M6,2023-01-01T00:00:00,F,66,248.14799999999377,44500.0,36600.0,0.005576359550561657,111214.20099999993,1318.8289999999943,0.0022312618152064406,0.0,0.0
BC,M6,2023-01-01T00:00:00,F,67,268.1999999999971,44500.0,36000.0,0.006026966292134766,111214.20099999993,1318.8289999999943,0.0024115625305800403,0.0,0.0
BC,M6,2023-01-01T00:00:00,F,68,290.2800000000061,44500.0,35400.0,0.006523146067415868,111214.20099999993,1318.8289999999943,0.0026100983272811205,0.0,0.0
BC,M6,2023-01-01T00:00:00,F,69,207.3599999999933,44500.0,33900.0,0.004659775280898726,111214.20099999993,1318.8289999999943,0.0018645100907571457,0.0,0.0
BC,M6,2023-01-01T00:00:00,F,70,223.02800000000207,44500.0,32300.0,0.0050118651685393725,111214.20099999993,1318.8289999999943,0.0020053913798292917,0.0,0.0
BC,M6,2023-01-01T00:00:00,F,71,241.31000000000495,44500.0,30900.000000000004,0.005422696629213595,111214.20099999993,1318.8289999999943,0.0021697768614999547,0.0,0.0
BC,M6,2023-01-01T00:00:00,F,72,165.39999999999782,44500.0,29800.000000000004,0.0037168539325842208,111214.20099999993,1318.8289999999943,0.0014872201437656142,0.0,0.0
BC,M6,2023-01-01T00:00:00,F,73,99.30400000000009,44500.0,29300.0,0.0022315505617977547,111214.20099999993,1318.8289999999943,0.0008929075523367754,0.0,0.0
BC,M6,2023-01-01T00:00:00,F,74,118.8800000000083,44500.0,27700.000000000007,0.00267146067415749,111214.20099999993,1318.8289999999943,0.0010689282387598,0.0,0.0
BC,M6,2023-01-01T00:00:00,F,75,56.77500000000509,44500.0,27100.000000000004,0.001275842696629328,111214.20099999993,1318.8289999999943,0.0005105013522509156,0.0,0.0
BC,M6,2023-01-01T00:00:00,F,76,-5.004000000000815,44500.0,26300.0,-0.00011244943820226551,111214.20099999993,1318.8289999999943,0.0,0.0037942750728114385,0.00019026615969584848
BC,M6,2023-01-01T00:00:00,F,77,-53.84799999999086,44500.0,21200.000000000004,-0.0012100674157301317,111214.20099999993,1318.8289999999943,0.0,0.040830160695580014,0.0025399999999995686
BC,M6,2023-01-01T00:00:00,F,78,53.815999999998894,44500.0,19400.0,0.0012093483146067168,111214.20099999993,1318.8289999999943,0.0004838950378288374,0.0,0.0
BC,M6,2023-01-01T00:00:00,F,79,-11.421999999998661,44500.0,18600.0,-0.0002566741573033407,111214.20099999993,1318.8289999999943,0.0,0.008660713405603539,0.0006140860215053044
BC,M6,2023-01-01T00:00:00,F,80,3.184000000001106,44500.0,17100.000000000004,7.155056179777766e-05,111214.20099999993,1318.8289999999943,2.8629437350371362e-05,0.0,0.0
BC,M6,2023-01-01T00:00:00,F,81,5.600000000002183,44500.0,15300.000000000002,0.00012584269662926253,111214.20099999993,1318.8289999999943,5.035328177201207e-05,0.0,0.0
BC,M6,2023-01-01T00:00:00,F,82,30.728000000000975,44500.0,14300.000000000002,0.0006905168539326062,111214.20099999993,1318.8289999999943,0.00027629565040889875,0.0,0.0
BC,M6,2023-01-01T00:00:00,F,83,35.05899999999747,44500.0,12800.0,0.0007878426966291566,111214.20099999993,1318.8289999999943,0.0003152385188650278,0.0,0.0
BC,M6,2023-01-01T00:00:00,F,84,46.92000000000007,44500.0,11600.000000000002,0.0010543820224719117,111214.20099999993,1318.8289999999943,0.00042188856798962304,0.0,0.0
BC,M6,2023-01-01T00:00:00,F,85,-20.424000000000888,44500.0,10800.0,-0.0004589662921348514,111214.20099999993,1318.8289999999943,0.0,0.015486465644902392,0.0018911111111111934
BC,M6,2023-01-01T00:00:00,F,86,-92.9380000000001,44500.0,9900.0,-0.002088494382022474,111214.20099999993,1318.8289999999943,0.0,0.0704700912703622,0.009387676767676777
BC,M6,2023-01-01T00:00:00,F,87,20.064000000000306,44500.0,9000.0,0.0004508764044943889,111214.20099999993,1318.8289999999943,0.00018040861526308425,0.0,0.0
BC,M6,2023-01-01T00:00:00,F,88,-72.62999999999738,44500.0,7900.000000000001,-0.0016321348314606153,111214.20099999993,1318.8289999999943,0.0,0.05507158244169464,0.009193670886075617
BC,M6,2023-01-01T00:00:00,F,89,-64.82699999999932,44500.0,7000.000000000001,-0.0014567865168539171,111214.20099999993,1318.8289999999943,0.0,0.04915497005297851,0.009260999999999901
BC,M6,2023-01-01T00:00:00,F,90,-46.19999999999982,44500.0,6300.0,-0.0010382022471910073,111214.20099999993,1318.8289999999943,0.0,0.03503107681132279,0.007333333333333305
BC,M6,2023-01-01T00:00:00,F,91,-54.07099999999991,44500.0,5400.0,-0.0012150786516853913,111214.20099999993,1318.8289999999943,0.0,0.040999250092316857,0.010013148148148132
BC,M6,2023-01-01T00:00:00,F,92,-40.88000000000011,44500.0,4800.0,-0.0009186516853932608,111214.20099999993,1318.8289999999943,0.0,0.030997195239110063,0.00851666666666669
BC,M6,2023-01-01T00:00:00,F,93,-79.23000000000002,44500.0,3900.0,-0.0017804494382022476,111214.20099999993,1318.8289999999943,0.0,0.06007602198617134,0.02031538461538462
BC,M6,2023-01-01T00:00:00,F,94,-25.287999999999556,44500.0,3200.0000000000005,-0.0005682696629213383,111214.20099999993,1318.8289999999943,0.0,0.019174585939496072,0.007902499999999861
BC,M6,2023-01-01T00:00:00,F,95,-60.288000000000466,44500.0,2600.0,-0.001354786516853943,111214.20099999993,1318.8289999999943,0.0,0.04571328049352928,0.023187692307692485
BC,M6,2023-01-01T00:00:00,F,96,-34.799999999999955,44500.0,2000.0,-0.0007820224719101113,111214.20099999993,1318.8289999999943,0.0,0.026387044870866582,0.017399999999999978
BC,M6,2023-01-01T00:00:00,F,97,-89.68000000000029,44500.0,1500.0,-0.002015280898876411,111214.20099999993,1318.8289999999943,0.0,0.06799971793158983,0.05978666666666686
BC,M6,2023-01-01T00:00:00,F,98,-62.07999999999993,44500.0,1100.0,-0.0013950561797752793,111214.20099999993,1318.8289999999943,0.0,0.04707206165469534,0.05643636363636357
BC,M6,2023-01-01T00:00:00,F,99,-29.048000000000116,44500.0,800.0,-0.0006527640449438229,111214.20099999993,1318.8289999999943,0.0,0.02202559998301542,0.03631000000000015
BC,M6,2023-01-01T00:00:00,F,100,1041.317,44500.0,1700.0,0.02340038202247191,111214.20099999993,1318.8289999999943,0.009363165770529617,0.0,0.0
BC,M6,2023-01-01T00:00:00,M,1,579.6110000000044,44500.0,22800.0,0.013024966292134931,111214.20099999993,1318.8289999999943,0.005211663571633309,0.0,0.0
BC,M6,2023-01-01T00:00:00,M,2,505.1519999999946,44500.0,22899.999999999996,0.01135173033707853,111214.20099999993,1318.8289999999943,0.004542153748872367,0.0,0.0
BC,M6,2023-01-01T00:00:00,M,3,403.7120000000068,44500.0,23600.000000000004,0.009072179775281053,111214.20099999993,1318.8289999999943,0.0036300400162026705,0.0,0.0
BC,M6,2023-01-01T00:00:00,M,4,502.5849999999991,44500.0,24000.0,0.011294044943820206,111214.20099999993,1318.8289999999943,0.004519072164174425,0.0,0.0
BC,M6,2023-01-01T00:00:00,M,5,502.1779999999999,44500.0,24700.0,0.011284898876404492,111214.20099999993,1318.8289999999943,0.004515412559588503,0.0,0.0
BC,M6,2023-01-01T00:00:00,M,6,601.7570000000014,44500.0,25700.0,0.013522629213483179,111214.20099999993,1318.8289999999943,0.005410792817726594,0.0,0.0
BC,M6,2023-01-01T00:00:00,M,7,601.5240000000013,44500.0,26000.000000000004,0.013517393258426994,111214.20099999993,1318.8289999999943,0.005408697761538579,0.0,0.0
BC,M6,2023-01-01T00:00:00,M,8,501.5779999999977,44500.0,26800.0,0.011271415730337027,111214.20099999993,1318.8289999999943,0.004510017565112912,0.0,0.0
BC,M6,2023-01-01T00:00:00,M,9,501.5659999999989,44500.0,26600.0,0.011271146067415706,111214.20099999993,1318.8289999999943,0.004509909665223411,0.0,0.0
BC,M6,2023-01-01T00:00:00,M,10,501.5839999999989,44500.0,26900.0,0.011271550561797728,111214.20099999993,1318.8289999999943,0.004510071515057679,0.0,0.0
BC,M6,2023-01-01T00:00:00,M,11,501.56600000000253,44500.0,26600.0,0.011271146067415787,111214.20099999993,1318.8289999999943,0.004509909665223444,0.0,0.0
BC,M6,2023-01-01T00:00:00,M,12,502.0640000000021,44500.0,26300.0,0.011282337078651733,111214.20099999993,1318.8289999999943,0.0045143875106381645,0.0,0.0
BC,M6,2023-01-01T00:00:00,M,13,502.3760000000002,44500.0,26900.0,0.011289348314606746,111214.20099999993,1318.8289999999943,0.004517192907765444,0.0,0.0
BC,M6,2023-01-01T00:00:00,M,14,703.1920000000027,44500.0,27300.000000000004,0.015802067415730398,111214.20099999993,1318.8289999999943,0.006322861592109115,0.0,0.0
BC,M6,2023-01-01T00:00:00,M,15,1004.2400000000052,44500.0,27500.0,0.02256719101123607,111214.20099999993,1318.8289999999943,0.009029782086911778,0.0,0.0
BC,M6,2023-01-01T00:00:00,M,16,1506.3120000000054,44500.0,27800.0,0.03384970786516866,111214.20099999993,1318.8289999999943,0.013544241530809598,0.0,0.0
BC,M6,2023-01-01T00:00:00,M,17,1409.043999999998,44500.0,28000.0,0.03166391011235951,111214.20099999993,1318.8289999999943,0.012669640993059861,0.0,0.0
BC,M6,2023-01-01T00:00:00,M,18,2112.1500000000015,44500.0,29100.000000000004,0.047464044943820255,111214.20099999993,1318.8289999999943,0.018991729302627484,0.0,0.0
BC,M6,2023-01-01T00:00:00,M,19,3816.1879999999946,44500.0,32199.999999999996,0.08575703370786505,111214.20099999993,1318.8289999999943,0.03431385529623143,0.0,0.0
BC,M6,2023-01-01T00:00:00,M,20,3021.2520000000004,44500.0,33800.0,0.06789330337078653,111214.20099999993,1318.8289999999943,0.02716606308217781,0.0,0.0
BC,M6,2023-01-01T00:00:00,M,21,1625.757999999998,44500.0,33400.0,0.036533887640449396,111214.20099999993,1318.8289999999943,0.014618259047691212,0.0,0.0
BC,M6,2023-01-01T00:00:00,M,22,932.0849999999991,44500.0,35400.0,0.02094573033707863,111214.20099999993,1318.8289999999943,0.008380989042937059,0.0,0.0
BC,M6,2023-01-01T00:00:00,M,23,837.7520000000004,44500.0,37100.0,0.018825887640449446,111214.20099999993,1318.8289999999943,0.0075327790198303985,0.0,0.0
BC,M6,2023-01-01T00:00:00,M,24,941.6969999999928,44500.0,37800.0,0.02116173033707849,111214.20099999993,1318.8289999999943,0.008467416854435644,0.0,0.0
BC,M6,2023-01-01T00:00:00,M,25,1144.0299999999988,44500.0,38100.0,0.02570853932584267,111214.20099999993,1318.8289999999943,0.010286725883145081,0.0,0.0
BC,M6,2023-01-01T00:00:00,M,26,1347.125,44500.0,39000.0,0.03027247191011236,111214.20099999993,1318.8289999999943,0.01211288655483845,0.0,0.0
BC,M6,2023-01-01T00:00:00,M,27,1550.5559999999969,44500.0,39800.0,0.0348439550561797,111214.20099999993,1318.8289999999943,0.013942068423438099,0.0,0.0
BC,M6,2023-01-01T00:00:00,M,28,1554.349000000002,44500.0,40600.0,0.034929191011236,111214.20099999993,1318.8289999999943,0.013976173780181211,0.0,0.0
BC,M6,2023-01-01T00:00:00,M,29,1458.6079999999856,44500.0,40999.99999999999,0.03277770786516822,111214.20099999993,1318.8289999999943,0.01311530350337172,0.0,0.0
BC,M6,2023-01-01T00:00:00,M,30,1363.199999999997,44500.0,41299.99999999999,0.030633707865168475,111214.20099999993,1318.8289999999943,0.01225742744849642,0.0,0.0
BC,M6,2023-01-01T00:00:00,M,31,1369.0200000000114,44500.0,41900.00000000001,0.030764494382022726,111214.20099999993,1318.8289999999943,0.012309758894909583,0.0,0.0
BC,M6,2023-01-01T00:00:00,M,32,1274.6200000000026,44500.0,42200.0,0.02864314606741579,111214.20099999993,1318.8289999999943,0.01146094643075306,0.0,0.0
BC,M6,2023-01-01T00:00:00,M,33,1179.9020000000091,44500.0,42500.00000000001,0.026514651685393464,111214.20099999993,1318.8289999999943,0.010609274619524623,0.0,0.0
BC,M6,2023-01-01T00:00:00,M,34,1183.6399999999921,44500.0,42099.99999999999,0.026598651685393083,111214.20099999993,1318.8289999999943,0.010642885435107274,0.0,0.0
BC,M6,2023-01-01T00:00:00,M,35,1085.0120000000024,44500.0,41100.0,0.024382292134831517,111214.20099999993,1318.8289999999943,0.009756056243213069,0.0,0.0
BC,M6,2023-01-01T00:00:00,M,36,987.3810000000012,44500.0,40800.0,0.022188337078651713,111214.20099999993,1318.8289999999943,0.008878191733805666,0.0,0.0
BC,M6,2023-01-01T00:00:00,M,37,790.6749999999956,44500.0,41000.0,0.017767977528089788,111214.20099999993,1318.8289999999943,0.007109478761619626,0.0,0.0
BC,M6,2023-01-01T00:00:00,M,38,692.734000000004,44500.0,40400.0,0.015567056179775371,111214.20099999993,1318.8289999999943,0.006228826838399931,0.0,0.0
BC,M6,2023-01-01T00:00:00,M,39,594.1379999999917,44500.0,39400.0,0.013351415730336894,111214.20099999993,1318.8289999999943,0.005342285379544219,0.0,0.0
BC,M6,2023-01-01T00:00:00,M,40,595.5080000000016,44500.0,38400.0,0.013382202247191048,111214.20099999993,1318.8289999999943,0.005354603950263528,0.0,0.0
BC,M6,2023-01-01T00:00:00,M,41,597.5729999999967,44500.0,37599.99999999999,0.013428606741572958,111214.20099999993,1318.8289999999943,0.0053731717229169055,0.0,0.0
BC,M6,2023-01-01T00:00:00,M,42,599.3600000000006,44500.0,36500.0,0.013468764044943833,111214.20099999993,1318.8289999999943,0.005389239814796682,0.0,0.0
BC,M6,2023-01-01T00:00:00,M,43,600.9200000000055,44500.0,35300.0,0.013503820224719226,111214.20099999993,1318.8289999999943,0.0054032668004332105,0.0,0.0
BC,M6,2023-01-01T00:00:00,M,44,601.564999999995,44500.0,33799.99999999999,0.013518314606741463,111214.20099999993,1318.8289999999943,0.005409066419494355,0.0,0.0
BC,M6,2023-01-01T00:00:00,M,45,503.3600000000006,44500.0,32700.0,0.011311460674157316,111214.20099999993,1318.8289999999943,0.004526040698705383,0.0,0.0
BC,M6,2023-01-01T00:00:00,M,46,508.51399999999194,44500.0,32599.999999999996,0.011427280898876223,111214.20099999993,1318.8289999999943,0.004572383701250457,0.0,0.0
BC,M6,2023-01-01T00:00:00,M,47,412.8900000000067,44500.0,32100.0,0.009278426966292285,111214.20099999993,1318.8289999999943,0.0037125654483639815,0.0,0.0
BC,M6,2023-01-01T00:00:00,M,48,418.93200000000434,44500.0,32100.0,0.009414202247191108,111214.20099999993,1318.8289999999943,0.0037668930427329564,0.0,0.0
BC,M6,2023-01-01T00:00:00,M,49,324.81999999999243,44500.0,31799.999999999996,0.007299325842696459,111214.20099999993,1318.8289999999943,0.002920670175924679,0.0,0.0
BC,M6,2023-01-01T00:00:00,M,50,332.1890000000021,44500.0,31900.0,0.007464921348314654,111214.20099999993,1318.8289999999943,0.002986929699742233,0.0,0.0
BC,M6,2023-01-01T00:00:00,M,51,342.44300000000294,44500.0,32500.0,0.007695348314606808,111214.20099999993,1318.8289999999943,0.003079130155329742,0.0,0.0
BC,M6,2023-01-01T00:00:00,M,52,359.71399999999994,44500.0,34400.0,0.008083460674157302,111214.20099999993,1318.8289999999943,0.0032344250713090155,0.0,0.0
BC,M6,2023-01-01T00:00:00,M,53,170.77500000000146,44500.0,34500.0,0.003837640449438235,111214.20099999993,1318.8289999999943,0.0015355503026093004,0.0,0.0
BC,M6,2023-01-01T00:00:00,M,54,178.5,44500.0,34000.0,0.00401123595505618,111214.20099999993,1318.8289999999943,0.001605010856482259,0.0,0.0
BC,M6,2023-01-01T00:00:00,M,55,285.02900000000227,44500.0,33200.0,0.006405146067415782,111214.20099999993,1318.8289999999943,0.0025628831339623835,0.0,0.0
BC,M6,2023-01-01T00:00:00,M,56,294.56499999999505,44500.0,32799.99999999999,0.00661943820224708,111214.20099999993,1318.8289999999943,0.0026486275794940545,0.0,0.0
BC,M6,2023-01-01T00:00:00,M,57,216.19400000000314,44500.0,34100.0,0.0048582921348315315,111214.20099999993,1318.8289999999943,0.0019439423927525522,0.0,0.0
BC,M6,2023-01-01T00:00:00,M,58,343.0430000000124,44500.0,36000.0,0.007708831460674436,111214.20099999993,1318.8289999999943,0.003084525149805398,0.0,0.0
BC,M6,2023-01-01T00:00:00,M,59,270.775999999998,44500.0,37399.99999999999,0.006084853932584225,111214.20099999993,1318.8289999999943,0.0024347250401951653,0.0,0.0
BC,M6,2023-01-01T00:00:00,M,60,296.4319999999934,44500.0,38200.0,0.006661393258426819,111214.20099999993,1318.8289999999943,0.0026654150039705235,0.0,0.0
BC,M6,2023-01-01T00:00:00,M,61,305.3439999999973,44500.0,36700.0,0.006861662921348255,111214.20099999993,1318.8289999999943,0.002745548655247701,0.0,0.0
BC,M6,2023-01-01T00:00:00,M,62,228.09799999999814,44500.0,36600.0,0.005125797752808947,111214.20099999993,1318.8289999999943,0.002050979083147828,0.0,0.0
BC,M6,2023-01-01T00:00:00,M,63,347.28199999999197,44500.0,36100.0,0.007804089887640269,111214.20099999993,1318.8289999999943,0.0031226407857751206,0.0,0.0
BC,M6,2023-01-01T00:00:00,M,64,264.67199999999866,44500.0,35100.0,0.005947685393258397,111214.20099999993,1318.8289999999943,0.0023798399630636994,0.0,0.0
BC,M6,2023-01-01T00:00:00,M,65,193.53600000000006,44500.0,35000.0,0.0043491235955056195,111214.20099999993,1318.8289999999943,0.0017402094180400593,0.0,0.0
BC,M6,2023-01-01T00:00:00,M,66,307.09599999999773,44500.0,33600.0,0.006901033707865117,111214.20099999993,1318.8289999999943,0.002761302039116371,0.0,0.0
BC,M6,2023-01-01T00:00:00,M,67,235.5639999999985,44500.0,33100.0,0.005293573033707831,111214.20099999993,1318.8289999999943,0.0021181107977388484,0.0,0.0
BC,M6,2023-01-01T00:00:00,M,68,258.0139999999956,44500.0,32099.999999999996,0.005798067415730238,111214.20099999993,1318.8289999999943,0.0023199735076997563,0.0,0.0
BC,M6,2023-01-01T00:00:00,M,69,170.93400000000474,44500.0,30300.0,0.003841213483146174,111214.20099999993,1318.8289999999943,0.0015369799761453563,0.0,0.0
BC,M6,2023-01-01T00:00:00,M,70,195.20799999999872,44500.0,29299.999999999996,0.004386696629213455,111214.20099999993,1318.8289999999943,0.0017552434693119707,0.0,0.0
BC,M6,2023-01-01T00:00:00,M,71,215.34299999999348,44500.0,27999.999999999996,0.0048391685393256965,111214.20099999993,1318.8289999999943,0.0019362904922546143,0.0,0.0
BC,M6,2023-01-01T00:00:00,M,72,144.1640000000043,44500.0,27000.0,0.003239640449438299,111214.20099999993,1318.8289999999943,0.00129627330596031,0.0,0.0
BC,M6,2023-01-01T00:00:00,M,73,181.02400000000125,44500.0,26400.0,0.004067955056179804,111214.20099999993,1318.8289999999943,0.001627705799909504,0.0,0.0
BC,M6,2023-01-01T00:00:00,M,74,102.23399999999674,44500.0,24899.999999999996,0.002297393258426893,111214.20099999993,1318.8289999999943,0.0009192531086924485,0.0,0.0
BC,M6,2023-01-01T00:00:00,M,75,54.443999999999505,44500.0,24600.0,0.0012234606741572923,111214.20099999993,1318.8289999999943,0.0004895417987132735,0.0,0.0
BC,M6,2023-01-01T00:00:00,M,76,92.06399999999849,44500.0,23700.0,0.002068853932584236,111214.20099999993,1318.8289999999943,0.0008278079523315421,0.0,0.0
BC,M6,2023-01-01T00:00:00,M,77,113.0879999999961,44500.0,19100.0,0.0025413033707864293,111214.20099999993,1318.8289999999943,0.0010168485587555153,0.0,0.0
BC,M6,2023-01-01T00:00:00,M,78,112.49799999999959,44500.0,17300.0,0.0025280449438202157,111214.20099999993,1318.8289999999943,0.0010115434808545688,0.0,0.0
BC,M6,2023-01-01T00:00:00,M,79,-47.94800000000032,44500.0,16500.0,-0.0010774831460674229,111214.20099999993,1318.8289999999943,0.0,0.036356495042193133,0.0029059393939394134
BC,M6,2023-01-01T00:00:00,M,80,-34.903000000002066,44500.0,15199.999999999998,-0.0007843370786517318,111214.20099999993,1318.8289999999943,0.0,0.026465144457698625,0.0022962500000001363
BC,M6,2023-01-01T00:00:00,M,81,47.07999999999811,44500.0,13399.999999999998,0.0010579775280898452,111214.20099999993,1318.8289999999943,0.00042332723318309087,0.0,0.0
BC,M6,2023-01-01T00:00:00,M,82,-50.395000000002256,44500.0,11999.999999999998,-0.0011324719101124103,111214.20099999993,1318.8289999999943,0.0,0.03821192891572939,0.004199583333333522
BC,M6,2023-01-01T00:00:00,M,83,-48.06500000000051,44500.0,10800.0,-0.0010801123595505732,111214.20099999993,1318.8289999999943,0.0,0.03644521010684533,0.00445046296296301
BC,M6,2023-01-01T00:00:00,M,84,48.07600000000093,44500.0,9700.0,0.0010803595505618187,111214.20099999993,1318.8289999999943,0.0004322829240125635,0.0,0.0
BC,M6,2023-01-01T00:00:00,M,85,36.45400000000154,44500.0,8500.0,0.0008191910112359897,111214.20099999993,1318.8289999999943,0.0003277818810207661,0.0,0.0
BC,M6,2023-01-01T00:00:00,M,86,38.36999999999989,44500.0,7600.0,0.0008622471910112335,111214.20099999993,1318.8289999999943,0.0003450098967127401,0.0,0.0
BC,M6,2023-01-01T00:00:00,M,87,-40.31999999999971,44500.0,6900.0,-0.0009060674157303306,111214.20099999993,1318.8289999999943,0.0,0.03057257612624524,0.005843478260869523
BC,M6,2023-01-01T00:00:00,M,88,20.22400000000016,44500.0,5800.0,0.00045447191011236315,111214.20099999993,1318.8289999999943,0.00018184728045656843,0.0,0.0
BC,M6,2023-01-01T00:00:00,M,89,17.652000000000044,44500.0,5100.0,0.0003966741573033718,111214.20099999993,1318.8289999999943,0.000158720737471288,0.0,0.0
BC,M6,2023-01-01T00:00:00,M,90,-5.385000000001128,44500.0,4300.0,-0.00012101123595508152,111214.20099999993,1318.8289999999943,0.0,0.004083167719242715,0.001252325581395611
BC,M6,2023-01-01T00:00:00,M,91,-28.422000000000025,44500.0,3600.0,-0.0006386966292134837,111214.20099999993,1318.8289999999943,0.0,0.021550936474706083,0.007895000000000008
BC,M6,2023-01-01T00:00:00,M,92,-66.74000000000024,44500.0,2899.9999999999995,-0.0014997752808988817,111214.20099999993,1318.8289999999943,0.0,0.050605499272461045,0.023013793103448362
BC,M6,2023-01-01T00:00:00,M,93,-24.784000000000106,44500.0,2300.0,-0.0005569438202247214,111214.20099999993,1318.8289999999943,0.0,0.01879242873791842,0.010775652173913089
BC,M6,2023-01-01T00:00:00,M,94,-4.947999999999865,44500.0,1700.0,-0.00011119101123595203,111214.20099999993,1318.8289999999943,0.0,0.0037518131615242667,0.0029105882352940386
BC,M6,2023-01-01T00:00:00,M,95,-68.048,44500.0,1200.0,-0.0015291685393258427,111214.20099999993,1318.8289999999943,0.0,0.051597288200365854,0.05670666666666667
BC,M6,2023-01-01T00:00:00,M,96,-52.269000000000005,44500.0,800.0,-0.0011745842696629216,111214.20099999993,1318.8289999999943,0.0,0.039632886446992165,0.06533625000000001
BC,M6,2023-01-01T00:00:00,M,97,-3.94399999999996,44500.0,600.0,-8.862921348314516e-05,111214.20099999993,1318.8289999999943,0.0,0.00299053175203152,0.006573333333333267
BC,M6,2023-01-01T00:00:00,M,98,32.814999999999884,44500.0,399.9999999999999,0.000737415730337076,111214.20099999993,1318.8289999999943,0.00029506123952641536,0.0,0.0
BC,M6,2023-01-01T00:00:00,M,99,14.696000000000083,44500.0,300.0,0.00033024719101123784,111214.20099999993,1318.8289999999943,0.00013214139802164378,0.0,0.0
BC,M6,2023-01-01T00:00:00,M,100,261.6459999999999,44500.0,399.9999999999999,0.005879685393258425,111214.20099999993,1318.8289999999943,0.002352631207591916,0.0,0.0
BC,M6,2024-01-01T00:00:00,F,1,372.66317184388026,45300.0,22000.0,0.00822656008485387,105064.69510260332,1472.0034439417966,0.0035469876106331206,0.0,0.0
BC,M6,2024-01-01T00:00:00,F,2,403.18542488318053,45300.0,21900.0,0.008900340505147474,105064.69510260332,1472.0034439417966,0.003837496739408425,0.0,0.0
BC,M6,2024-01-01T00:00:00,F,3,402.5483389682522,45300.0,21900.0,0.008886276798416163,105064.69510260332,1472.0034439417966,0.0038314329906457586,0.0,0.0
BC,M6,2024-01-01T00:00:00,F,4,402.15324712681104,45300.0,22200.000000000004,0.008877555124212164,105064.69510260332,1472.0034439417966,0.0038276725281892183,0.0,0.0
BC,M6,2024-01-01T00:00:00,F,5,601.9912594838788,45300.0,22999.999999999996,0.013288990275582314,105064.69510260332,1472.0034439417966,0.005729719758820892,0.0,0.0
BC,M6,2024-01-01T00:00:00,F,6,601.8490264366701,45300.0,24000.0,0.013285850473215675,105064.69510260332,1472.0034439417966,0.005728365992486066,0.0,0.0
BC,M6,2024-01-01T00:00:00,F,7,501.6662965896503,45300.0,24600.0,0.011074311182994487,105064.69510260332,1472.0034439417966,0.004774832269771845,0.0,0.0
BC,M6,2024-01-01T00:00:00,F,8,501.4401067750696,45300.0,24800.0,0.011069318030354738,105064.69510260332,1472.0034439417966,0.004772679407534347,0.0,0.0
BC,M6,2024-01-01T00:00:00,F,9,501.45788587105926,45300.0,25100.000000000004,0.011069710504879895,105064.69510260332,1472.0034439417966,0.004772848627993915,0.0,0.0
BC,M6,2024-01-01T00:00:00,F,10,401.47566496704167,45300.0,25300.0,0.008862597460641096,105064.69510260332,1472.0034439417966,0.003821223338391374,0.0,0.0
BC,M6,2024-01-01T00:00:00,F,11,401.4993704283661,45300.0,25700.000000000004,0.008863120760008081,105064.69510260332,1472.0034439417966,0.0038214489656708444,0.0,0.0
BC,M6,2024-01-01T00:00:00,F,12,401.749265714443,45300.0,25699.999999999996,0.00886863721223936,105064.69510260332,1472.0034439417966,0.0038238274552846287,0.0,0.0
BC,M6,2024-01-01T00:00:00,F,13,501.9754555947329,45300.0,25500.0,0.011081135885093442,105064.69510260332,1472.0034439417966,0.0047777748282095845,0.0,0.0
BC,M6,2024-01-01T00:00:00,F,14,602.2757251244366,45300.0,26200.0,0.013295269870296613,105064.69510260332,1472.0034439417966,0.005732427287170733,0.0,0.0
BC,M6,2024-01-01T00:00:00,F,15,1103.069859501291,45300.0,26999.999999999996,0.024350328024311058,105064.69510260332,1472.0034439417966,0.010498958364882351,0.0,0.0
BC,M6,2024-01-01T00:00:00,F,16,1804.4833014244396,45300.0,28499.999999999996,0.03983406846411566,105064.69510260332,1472.0034439417966,0.017174972997944078,0.0,0.0
BC,M6,2024-01-01T00:00:00,F,17,1606.4716052367003,45300.0,28900.0,0.03546294934297352,105064.69510260332,1472.0034439417966,0.015290308544348449,0.0,0.0
BC,M6,2024-01-01T00:00:00,F,18,2008.178408244723,45300.0,29600.0,0.04433064918862523,105064.69510260332,1472.0034439417966,0.019113731841924546,0.0,0.0
BC,M6,2024-01-01T00:00:00,F,19,3910.2052386726136,45300.0,32600.0,0.08631799643868904,105064.69510260332,1472.0034439417966,0.03721711879384425,0.0,0.0
BC,M6,2024-01-01T00:00:00,F,20,2612.7970531726787,45300.0,34200.0,0.05767763914288474,105064.69510260332,1472.0034439417966,0.02486845891116033,0.0,0.0
BC,M6,2024-01-01T00:00:00,F,21,1314.3566887295747,45300.0,33600.0,0.029014496439946462,105064.69510260332,1472.0034439417966,0.012509974805961315,0.0,0.0
BC,M6,2024-01-01T00:00:00,F,22,715.1241622819362,45300.0,32600.0,0.01578640534838711,105064.69510260332,1472.0034439417966,0.006806512516726626,0.0,0.0
BC,M6,2024-01-01T00:00:00,F,23,817.0769160115742,45300.0,34700.0,0.018037018013500536,105064.69510260332,1472.0034439417966,0.007776893229582393,0.0,0.0
BC,M6,2024-01-01T00:00:00,F,24,1118.3748016972022,45300.0,36199.99999999999,0.02468818546792941,105064.69510260332,1472.0034439417966,0.010644629964471203,0.0,0.0
BC,M6,2024-01-01T00:00:00,F,25,1418.584201146754,45300.0,36900.0,0.03131532452862591,105064.69510260332,1472.0034439417966,0.013502006547122258,0.0,0.0
BC,M6,2024-01-01T00:00:00,F,26,1318.8459504586717,45300.0,37299.99999999999,0.029113597140368028,105064.69510260332,1472.0034439417966,0.012552703352641177,0.0,0.0
BC,M6,2024-01-01T00:00:00,F,27,1519.201536786255,45300.0,37500.0,0.033536457765700994,105064.69510260332,1472.0034439417966,0.014459676823909726,0.0,0.0
BC,M6,2024-01-01T00:00:00,F,28,1420.4806540189384,45300.0,39100.0,0.03135718883044014,105064.69510260332,1472.0034439417966,0.013520056881445624,0.0,0.0
BC,M6,2024-01-01T00:00:00,F,29,1521.3943127533785,45300.0,39500.0,0.03358486341618937,105064.69510260332,1472.0034439417966,0.014480547545182769,0.0,0.0
BC,M6,2024-01-01T00:00:00,F,30,1422.4946536585485,45300.0,40000.0,0.031401647983632416,105064.69510260332,1472.0034439417966,0.013539226019448103,0.0,0.0
BC,M6,2024-01-01T00:00:00,F,31,1424.1283745453475,45300.0,40800.0,0.031437712462369705,105064.69510260332,1472.0034439417966,0.013554775685158392,0.0,0.0
BC,M6,2024-01-01T00:00:00,F,32,1126.4673424646244,45300.0,41700.0,0.024866828751978463,105064.69510260332,1472.0034439417966,0.01072165432322006,0.0,0.0
BC,M6,2024-01-01T00:00:00,F,33,1028.348003494997,45300.0,42000.0,0.022700838929249383,105064.69510260332,1472.0034439417966,0.009787759841597984,0.0,0.0
BC,M6,2024-01-01T00:00:00,F,34,1130.6692003021162,45300.0,42500.0,0.024959584995631705,105064.69510260332,1472.0034439417966,0.01076164737543792,0.0,0.0
BC,M6,2024-01-01T00:00:00,F,35,932.3977580426508,45300.0,41899.99999999999,0.02058273196562143,105064.69510260332,1472.0034439417966,0.008874510672991498,0.0,0.0
BC,M6,2024-01-01T00:00:00,F,36,1034.8888595345416,45300.0,41599.99999999999,0.02284522868729672,105064.69510260332,1472.0034439417966,0.009850015350293428,0.0,0.0
BC,M6,2024-01-01T00:00:00,F,37,837.1389571804102,45300.0,40800.0,0.018479888679479254,105064.69510260332,1472.0034439417966,0.007967842636033761,0.0,0.0
BC,M6,2024-01-01T00:00:00,F,38,740.1041817802907,45300.0,40900.0,0.01633784065740156,105064.69510260332,1472.0034439417966,0.007044270970924391,0.0,0.0
BC,M6,2024-01-01T00:00:00,F,39,741.3566603021172,45300.0,40200.0,0.016365489189892213,105064.69510260332,1472.0034439417966,0.007056191992734843,0.0,0.0
BC,M6,2024-01-01T00:00:00,F,40,642.9785552272733,45300.0,39800.0,0.014193787091109786,105064.69510260332,1472.0034439417966,0.006119834589529413,0.0,0.0
BC,M6,2024-01-01T00:00:00,F,41,543.9594029102009,45300.0,39200.0,0.012007933839077282,105064.69510260332,1472.0034439417966,0.005177375733865548,0.0,0.0
BC,M6,2024-01-01T00:00:00,F,42,545.0182831152342,45300.0,38800.00000000001,0.012031308678040491,105064.69510260332,1472.0034439417966,0.005187454097525189,0.0,0.0
BC,M6,2024-01-01T00:00:00,F,43,544.9521265197764,45300.0,37500.00000000001,0.012029848267544732,105064.69510260332,1472.0034439417966,0.005186824422681577,0.0,0.0
BC,M6,2024-01-01T00:00:00,F,44,546.0208913223832,45300.0,36900.0,0.012053441309544884,105064.69510260332,1472.0034439417966,0.005196996867398265,0.0,0.0
BC,M6,2024-01-01T00:00:00,F,45,446.06043493517063,45300.0,35200.00000000001,0.009846808718215687,105064.69510260332,1472.0034439417966,0.004245578731271815,0.0,0.0
BC,M6,2024-01-01T00:00:00,F,46,447.0738997699664,45300.0,34200.0,0.009869181010374534,105064.69510260332,1472.0034439417966,0.00425522483393081,0.0,0.0
BC,M6,2024-01-01T00:00:00,F,47,449.1185718852721,45300.0,34000.0,0.009914317260160533,105064.69510260332,1472.0034439417966,0.004274685910873059,0.0,0.0
BC,M6,2024-01-01T00:00:00,F,48,352.7258740238831,45300.0,34300.00000000001,0.007786443135185057,105064.69510260332,1472.0034439417966,0.0033572255045276685,0.0,0.0
BC,M6,2024-01-01T00:00:00,F,49,355.4244637389711,45300.0,33900.0,0.007846014652074417,105064.69510260332,1472.0034439417966,0.003382910533284975,0.0,0.0
BC,M6,2024-01-01T00:00:00,F,50,259.40714743128046,45300.0,33800.0,0.005726427095613255,105064.69510260332,1472.0034439417966,0.002469022987959471,0.0,0.0
BC,M6,2024-01-01T00:00:00,F,51,264.4348981529911,45300.0,33999.99999999999,0.005837414970264704,105064.69510260332,1472.0034439417966,0.0025168768433083176,0.0,0.0
BC,M6,2024-01-01T00:00:00,F,52,270.47018176241545,45300.0,34500.0,0.005970644189015793,105064.69510260332,1472.0034439417966,0.0025743203413694927,0.0,0.0
BC,M6,2024-01-01T00:00:00,F,53,281.2012794182301,45300.0,36900.0,0.0062075337619918345,105064.69510260332,1472.0034439417966,0.002676458339726933,0.0,0.0
BC,M6,2024-01-01T00:00:00,F,54,188.44368701273925,45300.0,37100.0,0.004159904790568195,105064.69510260332,1472.0034439417966,0.0017935966675457467,0.0,0.0
BC,M6,2024-01-01T00:00:00,F,55,195.4945249295124,45300.0,37000.0,0.004315552426700053,105064.69510260332,1472.0034439417966,0.0018607061557509663,0.0,0.0
BC,M6,2024-01-01T00:00:00,F,56,200.14713830251276,45300.0,35800.0,0.004418259123675779,105064.69510260332,1472.0034439417966,0.001904989474409596,0.0,0.0
BC,M6,2024-01-01T00:00:00,F,57,205.87251441166882,45300.0,34900.0,0.004544647117255382,105064.69510260332,1472.0034439417966,0.001959483289896947,0.0,0.0
BC,M6,2024-01-01T00:00:00,F,58,219.75888523098547,45300.0,36400.0,0.004851189519447803,105064.69510260332,1472.0034439417966,0.00209165300500206,0.0,0.0
BC,M6,2024-01-01T00:00:00,F,59,235.53598726442578,45300.0,37900.0,0.005199469917536993,105064.69510260332,1472.0034439417966,0.0022418185960032316,0.0,0.0
BC,M6,2024-01-01T00:00:00,F,60,256.0723750547695,45300.0,40000.00000000001,0.0056528118113635655,105064.69510260332,1472.0034439417966,0.0024372828075567743,0.0,0.0
BC,M6,2024-01-01T00:00:00,F,61,270.2931131301666,45300.0,40100.00000000001,0.0059667353891869005,105064.69510260332,1472.0034439417966,0.0025726350118487062,0.0,0.0
BC,M6,2024-01-01T00:00:00,F,62,279.1197985901672,45300.0,38600.0,0.006161584957840335,105064.69510260332,1472.0034439417966,0.0026566469194774364,0.0,0.0
BC,M6,2024-01-01T00:00:00,F,63,396.87133898220054,45300.0,38899.99999999999,0.008760956710423854,105064.69510260332,1472.0034439417966,0.003777399616442296,0.0,0.0
BC,M6,2024-01-01T00:00:00,F,64,315.04696696767496,45300.0,38700.0,0.006954679182509381,105064.69510260332,1472.0034439417966,0.0029985997357153005,0.0,0.0
BC,M6,2024-01-01T00:00:00,F,65,331.3649016180134,45300.0,38000.0,0.007314898490463872,105064.69510260332,1472.0034439417966,0.0031539129418727335,0.0,0.0
BC,M6,2024-01-01T00:00:00,F,66,251.820179185117,45300.0,37600.00000000001,0.00555894435287234,105064.69510260332,1472.0034439417966,0.002396810640712337,0.0,0.0
BC,M6,2024-01-01T00:00:00,F,67,269.3481019514802,45300.0,36600.00000000001,0.005945874215264464,105064.69510260332,1472.0034439417966,0.0025636404473304967,0.0,0.0
BC,M6,2024-01-01T00:00:00,F,68,191.60630675928405,45300.0,35900.00000000001,0.004229719796010685,105064.69510260332,1472.0034439417966,0.0018236983086674981,0.0,0.0
BC,M6,2024-01-01T00:00:00,F,69,216.12346218265884,45300.0,35300.0,0.004770937355025581,105064.69510260332,1472.0034439417966,0.0020570512480105572,0.0,0.0
BC,M6,2024-01-01T00:00:00,F,70,233.8757305728068,45300.0,33800.0,0.005162819659443859,105064.69510260332,1472.0034439417966,0.0022260163639594645,0.0,0.0
BC,M6,2024-01-01T00:00:00,F,71,151.30584872452891,45300.0,32100.0,0.0033400849608063777,105064.69510260332,1472.0034439417966,0.0014401207615628423,0.0,0.0
BC,M6,2024-01-01T00:00:00,F,72,71.79842339537572,45300.0,30600.0,0.0015849541588383162,105064.69510260332,1472.0034439417966,0.0006833734521882859,0.0,0.0
BC,M6,2024-01-01T00:00:00,F,73,97.13391164810673,45300.0,29500.0,0.0021442364602231065,105064.69510260332,1472.0034439417966,0.0009245152384751928,0.0,0.0
BC,M6,2024-01-01T00:00:00,F,74,133.02783166557856,45300.0,29000.0,0.0029365967255094603,105064.69510260332,1472.0034439417966,0.0012661515986475496,0.0,0.0
BC,M6,2024-01-01T00:00:00,F,75,54.542812094296096,45300.0,27300.000000000007,0.001204035587070554,105064.69510260332,1472.0034439417966,0.0005191354911469649,0.0,0.0
BC,M6,2024-01-01T00:00:00,F,76,94.50592040701667,45300.0,26700.0,0.0020862234085434143,105064.69510260332,1472.0034439417966,0.0008995021621175863,0.0,0.0
BC,M6,2024-01-01T00:00:00,F,77,34.22635678345978,45300.0,25800.0,0.0007555487148666617,105064.69510260332,1472.0034439417966,0.00032576458485921697,0.0,0.0
BC,M6,2024-01-01T00:00:00,F,78,80.07546218147036,45300.0,20800.000000000004,0.0017676702468315752,105064.69510260332,1472.0034439417966,0.0007621538529500404,0.0,0.0
BC,M6,2024-01-01T00:00:00,F,79,-9.684652967938746,45300.0,18900.0,-0.00021378924874036967,105064.69510260332,1472.0034439417966,0.0,0.0065792325471771655,0.00051241550094914
BC,M6,2024-01-01T00:00:00,F,80,-74.56818523024049,45300.0,17999.999999999996,-0.0016460968041995692,105064.69510260332,1472.0034439417966,0.0,0.05065761601111372,0.004142676957235584
BC,M6,2024-01-01T00:00:00,F,81,40.69647399623864,45300.0,16600.000000000004,0.0008983769094092415,105064.69510260332,1472.0034439417966,0.0003873468052850253,0.0,0.0
BC,M6,2024-01-01T00:00:00,F,82,42.16284027772963,45300.0,14800.0,0.0009307470259984466,105064.69510260332,1472.0034439417966,0.0004013035990496574,0.0,0.0
BC,M6,2024-01-01T00:00:00,F,83,-31.490919895139086,45300.0,13700.000000000002,-0.0006951637945946818,105064.69510260332,1472.0034439417966,0.0,0.021393237919886447,0.0022986072916159916
BC,M6,2024-01-01T00:00:00,F,84,-28.223575163645364,45300.0,12200.0,-0.0006230369793299198,105064.69510260332,1472.0034439417966,0.0,0.01917357957265848,0.0023134078002988003
BC,M6,2024-01-01T00:00:00,F,85,-17.1303377379445,45300.0,11000.0,-0.00037815315094800225,105064.69510260332,1472.0034439417966,0.0,0.0116374304750756,0.0015573034307222273
BC,M6,2024-01-01T00:00:00,F,86,11.354558171929966,45300.0,10200.0,0.0002506524982765997,105064.69510260332,1472.0034439417966,0.00010807206132223022,0.0,0.0
BC,M6,2024-01-01T00:00:00,F,87,-67.90589335662844,45300.0,9200.000000000002,-0.0014990263434134312,105064.69510260332,1472.0034439417966,0.0,0.04613161309921056,0.007381075364850916
BC,M6,2024-01-01T00:00:00,F,88,-50.92681801576509,45300.0,8300.0,-0.00112421231822881,105064.69510260332,1472.0034439417966,0.0,0.03459694216434099,0.0061357612067186856
BC,M6,2024-01-01T00:00:00,F,89,-55.67474665203008,45300.0,7200.000000000001,-0.0012290231049013262,105064.69510260332,1472.0034439417966,0.0,0.03782242961534231,0.007732603701670843
BC,M6,2024-01-01T00:00:00,F,90,-53.483088555124596,45300.0,6299.999999999999,-0.001180642131459704,105064.69510260332,1472.0034439417966,0.0,0.036333534935152866,0.008489379135734065
BC,M6,2024-01-01T00:00:00,F,91,-40.22306903569006,45300.0,5600.0,-0.0008879264687790301,105064.69510260332,1472.0034439417966,0.0,0.027325390576518577,0.0071826908992303675
BC,M6,2024-01-01T00:00:00,F,92,-59.864890126203136,45300.0,4700.000000000001,-0.0013215207533378175,105064.69510260332,1472.0034439417966,0.0,0.04066898781560881,0.012737210665149601
BC,M6,2024-01-01T00:00:00,F,93,-59.12861758109284,45300.0,4100.0,-0.001305267496271365,105064.69510260332,1472.0034439417966,0.0,0.040168803832928264,0.014421614044168985
BC,M6,2024-01-01T00:00:00,F,94,-16.31973478168129,45300.0,3300.0,-0.0003602590459532294,105064.69510260332,1472.0034439417966,0.0,0.011086750407308542,0.004945374176267058
BC,M6,2024-01-01T00:00:00,F,95,-65.8062008770471,45300.0,2600.0000000000005,-0.001452675516049605,105064.69510260332,1472.0034439417966,0.0,0.044705194915052864,0.025310077260402727
BC,M6,2024-01-01T00:00:00,F,96,-21.03600490519102,45300.0,2100.0,-0.0004643709692095148,105064.69510260332,1472.0034439417966,0.0,0.014290730766811161,0.010017145192948105
BC,M6,2024-01-01T00:00:00,F,97,6.307138656838333,45300.0,1600.0,0.00013923043392579103,105064.69510260332,1472.0034439417966,6.003099947778798e-05,0.0,0.0
BC,M6,2024-01-01T00:00:00,F,98,34.69805632184125,45300.0,1200.0,0.0007659615082084161,105064.69510260332,1472.0034439417966,0.0003302541951695198,0.0,0.0
BC,M6,2024-01-01T00:00:00,F,99,-31.561917980585804,45300.0,800.0,-0.0006967310812491347,105064.69510260332,1472.0034439417966,0.0,0.021441470202045104,0.03945239747573225
BC,M6,2024-01-01T00:00:00,F,100,1112.57088490464,45300.0,1700.0,0.02456006368442914,105064.69510260332,1472.0034439417966,0.010589388603071027,0.0,0.0
BC,M6,2024-01-01T00:00:00,M,1,480.05043229485455,45300.0,23200.0,0.010597139785758379,105064.69510260332,1472.0034439417966,0.004569093660111518,0.0,0.0
BC,M6,2024-01-01T00:00:00,M,2,405.157025004115,45300.0,23200.0,0.008943863686625055,105064.69510260332,1472.0034439417966,0.0038562623211198556,0.0,0.0
BC,M6,2024-01-01T00:00:00,M,3,403.6032261008222,45300.0,23300.0,0.008909563490084376,105064.69510260332,1472.0034439417966,0.0038414733484609105,0.0,0.0
BC,M6,2024-01-01T00:00:00,M,4,502.5529386459748,45300.0,24099.999999999996,0.011093883855319531,105064.69510260332,1472.0034439417966,0.004783271280187843,0.0,0.0
BC,M6,2024-01-01T00:00:00,M,5,502.12417012547667,45300.0,24500.000000000004,0.011084418766566814,105064.69510260332,1472.0034439417966,0.0047791902849488675,0.0,0.0
BC,M6,2024-01-01T00:00:00,M,6,601.7003189483294,45300.0,25300.0,0.013282567747203738,105064.69510260332,1472.0034439417966,0.005726950602775987,0.0,0.0
BC,M6,2024-01-01T00:00:00,M,7,601.5164206959889,45300.0,26300.0,0.013278508183134414,105064.69510260332,1472.0034439417966,0.005725200269306111,0.0,0.0
BC,M6,2024-01-01T00:00:00,M,8,501.5341221048875,45300.0,26500.0,0.011071393423948951,105064.69510260332,1472.0034439417966,0.00477357424028217,0.0,0.0
BC,M6,2024-01-01T00:00:00,M,9,501.5813258619637,45300.0,27299.999999999996,0.011072435449491472,105064.69510260332,1472.0034439417966,0.004774023523050564,0.0,0.0
BC,M6,2024-01-01T00:00:00,M,10,501.5695249226992,45300.0,27100.0,0.011072174943105943,105064.69510260332,1472.0034439417966,0.004773911202358509,0.0,0.0
BC,M6,2024-01-01T00:00:00,M,11,501.5872263315978,45300.0,27399.999999999996,0.011072565702684278,105064.69510260332,1472.0034439417966,0.00477407968339661,0.0,0.0
BC,M6,2024-01-01T00:00:00,M,12,502.0927005912672,45300.0,27100.000000000004,0.011083724074862411,105064.69510260332,1472.0034439417966,0.00477889075964992,0.0,0.0
BC,M6,2024-01-01T00:00:00,M,13,502.32773642916436,45300.0,26800.0,0.011088912503955063,105064.69510260332,1472.0034439417966,0.0047811278178517035,0.0,0.0
BC,M6,2024-01-01T00:00:00,M,14,703.1744558229366,45300.0,27600.0,0.015522614918828621,105064.69510260332,1472.0034439417966,0.006692775866681339,0.0,0.0
BC,M6,2024-01-01T00:00:00,M,15,1004.2955490197528,45300.0,28300.000000000004,0.022169879669310215,105064.69510260332,1472.0034439417966,0.009558829900367436,0.0,0.0
BC,M6,2024-01-01T00:00:00,M,16,1606.4905359789518,45300.0,29100.000000000004,0.03546336724015346,105064.69510260332,1472.0034439417966,0.015290488726113913,0.0,0.0
BC,M6,2024-01-01T00:00:00,M,17,1509.295249673789,45300.0,29300.0,0.03331777593098872,105064.69510260332,1472.0034439417966,0.01436538932702229,0.0,0.0
BC,M6,2024-01-01T00:00:00,M,18,2112.3910664003197,45300.0,30100.0,0.04663114936866048,105064.69510260332,1472.0034439417966,0.020105622201039237,0.0,0.0
BC,M6,2024-01-01T00:00:00,M,19,4016.3119863127613,45300.0,33100.0,0.08866030874862607,105064.69510260332,1472.0034439417966,0.038227036992688555,0.0,0.0
BC,M6,2024-01-01T00:00:00,M,20,3021.849667413233,45300.0,35200.0,0.06670749817689256,105064.69510260332,1472.0034439417966,0.028761799236767183,0.0,0.0
BC,M6,2024-01-01T00:00:00,M,21,1526.9241779326403,45300.0,35300.0,0.033706935495201776,105064.69510260332,1472.0034439417966,0.014533180498372815,0.0,0.0
BC,M6,2024-01-01T00:00:00,M,22,830.5471721765571,45300.0,34200.0,0.01833437466173415,105064.69510260332,1472.0034439417966,0.007905102388251994,0.0,0.0
BC,M6,2024-01-01T00:00:00,M,23,736.2058702961076,45300.0,36100.0,0.016251785216249617,105064.69510260332,1472.0034439417966,0.0070071670562328195,0.0,0.0
BC,M6,2024-01-01T00:00:00,M,24,841.2282965747363,45300.0,37900.00000000001,0.018570161072289985,105064.69510260332,1472.0034439417966,0.00800676474388676,0.0,0.0
BC,M6,2024-01-01T00:00:00,M,25,944.2366501083379,45300.0,38700.0,0.020844076161331965,105064.69510260332,1472.0034439417966,0.00898719259772488,0.0,0.0
BC,M6,2024-01-01T00:00:00,M,26,1046.8359023265584,45300.0,39100.00000000001,0.02310896031625957,105064.69510260332,1472.0034439417966,0.009963726647702608,0.0,0.0
BC,M6,2024-01-01T00:00:00,M,27,1350.6270877008137,45300.0,40300.0,0.02981516749891421,105064.69510260332,1472.0034439417966,0.012855194472147167,0.0,0.0
BC,M6,2024-01-01T00:00:00,M,28,1354.4054972473969,45300.0,41100.0,0.029898576098176533,105064.69510260332,1472.0034439417966,0.012891157166779205,0.0,0.0
BC,M6,2024-01-01T00:00:00,M,29,1359.0926286044632,45300.0,41900.0,0.03000204478155548,105064.69510260332,1472.0034439417966,0.012935769025715159,0.0,0.0
BC,M6,2024-01-01T00:00:00,M,30,1263.707010245147,45300.0,42200.0,0.027896401992166604,105064.69510260332,1472.0034439417966,0.01202789394678246,0.0,0.0
BC,M6,2024-01-01T00:00:00,M,31,1269.047207375952,45300.0,42500.0,0.028014287138541986,105064.69510260332,1472.0034439417966,0.01207872164989995,0.0,0.0
BC,M6,2024-01-01T00:00:00,M,32,1074.9951918865772,45300.0,42900.0,0.02373057818734166,105064.69510260332,1472.0034439417966,0.010231745219807341,0.0,0.0
BC,M6,2024-01-01T00:00:00,M,33,1080.0974264329852,45300.0,43200.0,0.02384321029653389,105064.69510260332,1472.0034439417966,0.01028030800811054,0.0,0.0
BC,M6,2024-01-01T00:00:00,M,34,1085.2645868994223,45300.0,43500.0,0.02395727564899387,105064.69510260332,1472.0034439417966,0.010329488757756185,0.0,0.0
BC,M6,2024-01-01T00:00:00,M,35,987.7744522486901,45300.0,43000.00000000001,0.0218051755463287,105064.69510260332,1472.0034439417966,0.009401583008298424,0.0,0.0
BC,M6,2024-01-01T00:00:00,M,36,888.5190230726221,45300.0,41900.00000000001,0.019614106469594307,105064.69510260332,1472.0034439417966,0.008456875282462093,0.0,0.0
BC,M6,2024-01-01T00:00:00,M,37,790.2804653615676,45300.0,41500.0,0.017445484886568823,105064.69510260332,1472.0034439417966,0.007521846083404147,0.0,0.0
BC,M6,2024-01-01T00:00:00,M,38,693.9488486103146,45300.0,41600.0,0.015318959130470522,105064.69510260332,1472.0034439417966,0.0066049670437117155,0.0,0.0
BC,M6,2024-01-01T00:00:00,M,39,596.1499502289807,45300.0,40900.0,0.013160043051412378,105064.69510260332,1472.0034439417966,0.005674122498017026,0.0,0.0
BC,M6,2024-01-01T00:00:00,M,40,697.644956387594,45300.0,40000.0,0.015400550913633421,105064.69510260332,1472.0034439417966,0.0066401463946218365,0.0,0.0
BC,M6,2024-01-01T00:00:00,M,41,599.3209394045189,45300.0,38900.0,0.013230042812461784,105064.69510260332,1472.0034439417966,0.005704303798904459,0.0,0.0
BC,M6,2024-01-01T00:00:00,M,42,602.0590941580449,45300.0,38100.0,0.013290487729758165,105064.69510260332,1472.0034439417966,0.005730365405525523,0.0,0.0
BC,M6,2024-01-01T00:00:00,M,43,604.0990229709278,45300.0,37000.0,0.013335519270881408,105064.69510260332,1472.0034439417966,0.005749781335975716,0.0,0.0
BC,M6,2024-01-01T00:00:00,M,44,505.8842626281112,45300.0,35700.0,0.011167423016073093,105064.69510260332,1472.0034439417966,0.0048149786389621975,0.0,0.0
BC,M6,2024-01-01T00:00:00,M,45,406.37134022842656,45300.0,34099.99999999999,0.008970669762216922,105064.69510260332,1472.0034439417966,0.0038678201067597006,0.0,0.0
BC,M6,2024-01-01T00:00:00,M,46,508.3769266090203,45300.0,33100.0,0.0112224487110159,105064.69510260332,1472.0034439417966,0.004838703677886785,0.0,0.0
BC,M6,2024-01-01T00:00:00,M,47,413.81681477647,45300.0,32900.0,0.009135029023763135,105064.69510260332,1472.0034439417966,0.003938685724756044,0.0,0.0
BC,M6,2024-01-01T00:00:00,M,48,418.06970494279085,45300.0,32399.999999999996,0.00922891180889163,105064.69510260332,1472.0034439417966,0.003979164499878055,0.0,0.0
BC,M6,2024-01-01T00:00:00,M,49,324.69972175779185,45300.0,32300.0,0.007167764277213948,105064.69510260332,1472.0034439417966,0.0030904741258773838,0.0,0.0
BC,M6,2024-01-01T00:00:00,M,50,330.41517140384894,45300.0,31999.999999999996,0.0072939331435728245,105064.69510260332,1472.0034439417966,0.0031448734618339156,0.0,0.0
BC,M6,2024-01-01T00:00:00,M,51,338.3553455321089,45300.0,32100.0,0.007469212925653618,105064.69510260332,1472.0034439417966,0.0032204476032760606,0.0,0.0
BC,M6,2024-01-01T00:00:00,M,52,249.26871209143428,45300.0,32600.0,0.005502620575969851,105064.69510260332,1472.0034439417966,0.0023725259169886256,0.0,0.0
BC,M6,2024-01-01T00:00:00,M,53,167.46891365128977,45300.0,34399.99999999999,0.0036968855110659994,105064.69510260332,1472.0034439417966,0.0015939599261935152,0.0,0.0
BC,M6,2024-01-01T00:00:00,M,54,278.13576438170276,45300.0,34600.0,0.006139862348381959,105064.69510260332,1472.0034439417966,0.0026472809359041395,0.0,0.0
BC,M6,2024-01-01T00:00:00,M,55,286.92435809391463,45300.0,34100.0,0.006333871039600765,105064.69510260332,1472.0034439417966,0.0027309302883686297,0.0,0.0
BC,M6,2024-01-01T00:00:00,M,56,194.28211218775687,45300.0,33200.0,0.004288788348515604,105064.69510260332,1472.0034439417966,0.0018491664778356445,0.0,0.0
BC,M6,2024-01-01T00:00:00,M,57,204.5237177892377,45300.0,32800.0,0.004514872357378316,105064.69510260332,1472.0034439417966,0.0019466455176927455,0.0,0.0
BC,M6,2024-01-01T00:00:00,M,58,327.05272738727945,45300.0,34199.99999999999,0.00721970700634171,105064.69510260332,1472.0034439417966,0.0031128699042802977,0.0,0.0
BC,M6,2024-01-01T00:00:00,M,59,256.3469348592771,45300.0,36000.0,0.005658872734200377,105064.69510260332,1472.0034439417966,0.002439896052702915,0.0,0.0
BC,M6,2024-01-01T00:00:00,M,60,285.4461122541761,45300.0,37399.99999999999,0.006301238681107641,105064.69510260332,1472.0034439417966,0.002716860425620778,0.0,0.0
BC,M6,2024-01-01T00:00:00,M,61,212.5946445013251,45300.0,38099.99999999999,0.004693038509963027,105064.69510260332,1472.0034439417966,0.002023464155049524,0.0,0.0
BC,M6,2024-01-01T00:00:00,M,62,222.7029195942232,45300.0,36600.0,0.0049161792404905785,105064.69510260332,1472.0034439417966,0.002119674162445697,0.0,0.0
BC,M6,2024-01-01T00:00:00,M,63,346.30628136855375,45300.0,36600.0,0.007644730273036506,105064.69510260332,1472.0034439417966,0.003296124174065898,0.0,0.0
BC,M6,2024-01-01T00:00:00,M,64,267.8548625085459,45300.0,36000.0,0.005912910872153332,105064.69510260332,1472.0034439417966,0.002549427876290567,0.0,0.0
BC,M6,2024-01-01T00:00:00,M,65,185.97961869514984,45300.0,34900.0,0.004105510346471299,105064.69510260332,1472.0034439417966,0.0017701438005747526,0.0,0.0
BC,M6,2024-01-01T00:00:00,M,66,315.86935309567343,45300.0,34899.99999999999,0.006972833401670495,105064.69510260332,1472.0034439417966,0.003006427161733102,0.0,0.0
BC,M6,2024-01-01T00:00:00,M,67,232.29097195909708,45300.0,33399.99999999999,0.005127836025587132,105064.69510260332,1472.0034439417966,0.00221093271847644,0.0,0.0
BC,M6,2024-01-01T00:00:00,M,68,161.68024941758995,45300.0,32800.0,0.0035691004286443695,105064.69510260332,1472.0034439417966,0.0015388637378112354,0.0,0.0
BC,M6,2024-01-01T00:00:00,M,69,185.9476019680842,45300.0,31799.999999999996,0.004104803575454397,105064.69510260332,1472.0034439417966,0.0017698390671242402,0.0,0.0
BC,M6,2024-01-01T00:00:00,M,70,198.64792640376982,45300.0,30000.0,0.004385163938273064,105064.69510260332,1472.0034439417966,0.001890720057863164,0.0,0.0
BC,M6,2024-01-01T00:00:00,M,71,124.86024652387277,45300.0,28900.0,0.0027562968327565734,105064.69510260332,1472.0034439417966,0.0011884129716641509,0.0,0.0
BC,M6,2024-01-01T00:00:00,M,72,147.03521030736374,45300.0,27600.0,0.0032458103820610096,105064.69510260332,1472.0034439417966,0.0013994730595636637,0.0,0.0
BC,M6,2024-01-01T00:00:00,M,73,75.85635565341727,45300.0,26500.0,0.0016745332373822796,105064.69510260332,1472.0034439417966,0.0007219966286423619,0.0,0.0
BC,M6,2024-01-01T00:00:00,M,74,115.80219737750303,45300.0,25899.999999999996,0.0025563398979581244,105064.69510260332,1472.0034439417966,0.0011021989571702823,0.0,0.0
BC,M6,2024-01-01T00:00:00,M,75,136.19952339345764,45300.0,24399.999999999996,0.003006611995440566,105064.69510260332,1472.0034439417966,0.0012963395863895945,0.0,0.0
BC,M6,2024-01-01T00:00:00,M,76,89.31102803036993,45300.0,23999.999999999996,0.0019715458726350978,105064.69510260332,1472.0034439417966,0.0008500574616730312,0.0,0.0
BC,M6,2024-01-01T00:00:00,M,77,29.416205908855773,45300.0,23000.0,0.0006493643688489133,105064.69510260332,1472.0034439417966,0.0002799818329090348,0.0,0.0
BC,M6,2024-01-01T00:00:00,M,78,46.697110487257305,45300.0,18500.0,0.0010308412911094328,105064.69510260332,1472.0034439417966,0.00044446053397532043,0.0,0.0
BC,M6,2024-01-01T00:00:00,M,79,-54.6311497609604,45300.0,16600.0,-0.0012059856459373157,105064.69510260332,1472.0034439417966,0.0,0.03711346599479867,0.0032910331181301446
BC,M6,2024-01-01T00:00:00,M,80,79.21642861793407,45300.0,15900.0,0.0017487070335084783,105064.69510260332,1472.0034439417966,0.0007539776186527117,0.0,0.0
BC,M6,2024-01-01T00:00:00,M,81,91.41938873199433,45300.0,14599.999999999998,0.0020180880514789035,105064.69510260332,1472.0034439417966,0.0008701247230833977,0.0,0.0
BC,M6,2024-01-01T00:00:00,M,82,-25.3880827122357,45300.0,12700.0,-0.0005604433269809205,105064.69510260332,1472.0034439417966,0.0,0.017247298446700886,0.0019990616308847007
BC,M6,2024-01-01T00:00:00,M,83,-30.37566951768349,45300.0,11300.0,-0.0006705445809643155,105064.69510260332,1472.0034439417966,0.0,0.0206355967730226,0.002688112346697654
BC,M6,2024-01-01T00:00:00,M,84,-31.03881233841821,45300.0,10100.0,-0.0006851834953293203,105064.69510260332,1472.0034439417966,0.0,0.021086100352660245,0.0030731497364770506
BC,M6,2024-01-01T00:00:00,M,85,-32.06154657735169,45300.0,9000.0,-0.0007077604100960639,105064.69510260332,1472.0034439417966,0.0,0.0217808910089883,0.003562394064150188
BC,M6,2024-01-01T00:00:00,M,86,-48.41108713940412,45300.0,7799.999999999999,-0.0010686774202958967,105064.69510260332,1472.0034439417966,0.0,0.03288788986102284,0.006206549633256939
BC,M6,2024-01-01T00:00:00,M,87,-50.328177808609325,45300.0,6899.999999999999,-0.0011109973026183074,105064.69510260332,1472.0034439417966,0.0,0.03419025819249327,0.0072939388128419325
BC,M6,2024-01-01T00:00:00,M,88,-41.35507771441007,45300.0,6199.999999999999,-0.0009129156228346594,105064.69510260332,1472.0034439417966,0.0,0.028094416412279305,0.006670173824904852
BC,M6,2024-01-01T00:00:00,M,89,-80.82517813851518,45300.0,5100.0,-0.0017842202679583927,105064.69510260332,1472.0034439417966,0.0,0.05490828059619066,0.0158480741448069
BC,M6,2024-01-01T00:00:00,M,90,-90.15422120443782,45300.0,4400.0,-0.001990159408486486,105064.69510260332,1472.0034439417966,0.0,0.06124593089471232,0.020489595728281323
BC,M6,2024-01-01T00:00:00,M,91,-23.21871651442052,45300.0,3700.0,-0.0005125544484419541,105064.69510260332,1472.0034439417966,0.0,0.015773547684266555,0.006275328787681222
BC,M6,2024-01-01T00:00:00,M,92,-59.23639403548077,45300.0,2999.9999999999995,-0.0013076466674499067,105064.69510260332,1472.0034439417966,0.0,0.040242021361617815,0.019745464678493592
BC,M6,2024-01-01T00:00:00,M,93,-14.610452623118817,45300.0,2399.9999999999995,-0.0003225265479717178,105064.69510260332,1472.0034439417966,0.0,0.009925556005490242,0.006087688592966175
BC,M6,2024-01-01T00:00:00,M,94,-73.1697748908573,45300.0,1799.9999999999998,-0.0016152268187827217,105064.69510260332,1472.0034439417966,0.0,0.04970761120974011,0.04064987493936517
BC,M6,2024-01-01T00:00:00,M,95,-51.95415207928431,45300.0,1300.0,-0.001146890774377137,105064.69510260332,1472.0034439417966,0.0,0.03529485769419069,0.03996473236868024
BC,M6,2024-01-01T00:00:00,M,96,-33.234651193015,45300.0,900.0,-0.0007336567592277041,105064.69510260332,1472.0034439417966,0.0,0.022577835214853684,0.036927390214461106
BC,M6,2024-01-01T00:00:00,M,97,-6.409392361049299,45300.0,600.0,-0.0001414876900893885,105064.69510260332,1472.0034439417966,0.0,0.004354196579789204,0.010682320601748832
BC,M6,2024-01-01T00:00:00,M,98,-42.572254470596874,45300.0,400.0,-0.0009397848669005932,105064.69510260332,1472.0034439417966,0.0,0.028921300860951106,0.10643063617649219
BC,M6,2024-01-01T00:00:00,M,99,13.332368846409281,45300.0,300.0,0.00029431277806643005,105064.69510260332,1472.0034439417966,0.00012689675474134533,0.0,0.0
BC,M6,2024-01-01T00:00:00,M,100,191.40236887025884,45300.0,399.9999999999999,0.004225217855855603,105064.69510260332,1472.0034439417966,0.0018217572390358198,0.0,0.0
BC,M6,2025-01-01T00:00:00,F,1,373.0973427521203,46200.0,22400.0,0.008075700059569703,99725.45500598698,1416.07662109699,0.003741244827910001,0.0,0.0
BC,M6,2025-01-01T00:00:00,F,2,303.21950592474604,46200.0,22300.0,0.006563192768933897,99725.45500598698,1416.07662109699,0.003040542717067998,0.0,0.0
BC,M6,2025-01-01T00:00:00,F,3,402.56389556907743,46200.0,22300.0,0.008713504233096914,99725.45500598698,1416.07662109699,0.004036721572690841,0.0,0.0
BC,M6,2025-01-01T00:00:00,F,4,402.13657859842715,46200.0,22299.999999999996,0.008704254948017904,99725.45500598698,1416.07662109699,0.0040324366389131545,0.0,0.0
BC,M6,2025-01-01T00:00:00,F,5,501.94926164302524,46200.0,22700.0,0.010864702632965914,99725.45500598698,1416.07662109699,0.005033311320694309,0.0,0.0
BC,M6,2025-01-01T00:00:00,F,6,501.79511538948645,46200.0,23500.0,0.010861366133971569,99725.45500598698,1416.07662109699,0.005031765614499943,0.0,0.0
BC,M6,2025-01-01T00:00:00,F,7,501.63901799924497,46200.0,24500.000000000004,0.01085798740258106,99725.45500598698,1416.07662109699,0.005030200343223596,0.0,0.0
BC,M6,2025-01-01T00:00:00,F,8,501.4399940337498,46200.0,25100.0,0.01085367952454004,99725.45500598698,1416.07662109699,0.005028204624422582,0.0,0.0
BC,M6,2025-01-01T00:00:00,F,9,501.4517013023178,46200.0,25300.0,0.010853932928621598,99725.45500598698,1416.07662109699,0.005028322019410323,0.0,0.0
BC,M6,2025-01-01T00:00:00,F,10,401.4692622051589,46200.0,25499.999999999996,0.008689810870241534,99725.45500598698,1416.07662109699,0.004025745103705537,0.0,0.0
BC,M6,2025-01-01T00:00:00,F,11,401.4809694737378,46200.0,25700.000000000004,0.008690064274323329,99725.45500598698,1416.07662109699,0.004025862498693388,0.0,0.0
BC,M6,2025-01-01T00:00:00,F,12,401.7551151075131,46200.0,26099.999999999996,0.008695998162500284,99725.45500598698,1416.07662109699,0.004028611502282882,0.0,0.0
BC,M6,2025-01-01T00:00:00,F,13,402.00584632651226,46200.0,26100.0,0.008701425245162603,99725.45500598698,1416.07662109699,0.004031125717123858,0.0,0.0
BC,M6,2025-01-01T00:00:00,F,14,602.2390167521226,46200.0,26099.999999999996,0.013035476553076245,99725.45500598698,1416.07662109699,0.0060389698569534465,0.0,0.0
BC,M6,2025-01-01T00:00:00,F,15,1003.0673088543335,46200.0,27200.000000000004,0.02171141361156566,99725.45500598698,1416.07662109699,0.010058287613670098,0.0,0.0
BC,M6,2025-01-01T00:00:00,F,16,1804.4780422438853,46200.0,28800.000000000004,0.03905796628233518,99725.45500598698,1416.07662109699,0.01809445785066164,0.0,0.0
BC,M6,2025-01-01T00:00:00,F,17,1606.6731723867015,46200.0,30099.999999999996,0.034776475592785745,99725.45500598698,1416.07662109699,0.016110963567829754,0.0,0.0
BC,M6,2025-01-01T00:00:00,F,18,2108.4585510643556,46200.0,31000.0,0.04563763097541895,99725.45500598698,1416.07662109699,0.021142631547158897,0.0,0.0
BC,M6,2025-01-01T00:00:00,F,19,4010.3961305739795,46200.0,33600.0,0.08680511105138483,99725.45500598698,1416.07662109699,0.04021436783951717,0.0,0.0
BC,M6,2025-01-01T00:00:00,F,20,2613.040057314982,46200.0,35200.0,0.05655930859989138,99725.45500598698,1416.07662109699,0.02620233777983875,0.0,0.0
BC,M6,2025-01-01T00:00:00,F,21,1215.0147147924072,46200.0,35400.0,0.026299019800701453,99725.45500598698,1416.07662109699,0.01218359660248694,0.0,0.0
BC,M6,2025-01-01T00:00:00,F,22,515.7347301755726,46200.0,34100.0,0.011163089397739667,99725.45500598698,1416.07662109699,0.005171545521097003,0.0,0.0
BC,M6,2025-01-01T00:00:00,F,23,716.2205986708286,46200.0,33300.0,0.015502610360840446,99725.45500598698,1416.07662109699,0.0071819235984215924,0.0,0.0
BC,M6,2025-01-01T00:00:00,F,24,1017.9425704143068,46200.0,35700.0,0.022033388970006642,99725.45500598698,1416.07662109699,0.010207449746438309,0.0,0.0
BC,M6,2025-01-01T00:00:00,F,25,1218.7181858500917,46200.0,37400.0,0.026379181511906748,99725.45500598698,1416.07662109699,0.01222073326992518,0.0,0.0
BC,M6,2025-01-01T00:00:00,F,26,1119.080139720114,46200.0,38000.0,0.024222513846755712,99725.45500598698,1416.07662109699,0.011221609765058784,0.0,0.0
BC,M6,2025-01-01T00:00:00,F,27,1319.6508804008627,46200.0,38600.0,0.02856387187014854,99725.45500598698,1416.07662109699,0.013232838900776516,0.0,0.0
BC,M6,2025-01-01T00:00:00,F,28,1320.1221083876808,46200.0,38800.0,0.028574071610122962,99725.45500598698,1416.07662109699,0.01323756415358975,0.0,0.0
BC,M6,2025-01-01T00:00:00,F,29,1421.743595076361,46200.0,40500.0,0.030773670889098725,99725.45500598698,1416.07662109699,0.014256576668324123,0.0,0.0
BC,M6,2025-01-01T00:00:00,F,30,1222.7367851438612,46200.0,40700.0,0.026466164180603057,99725.45500598698,1416.07662109699,0.012261029895230407,0.0,0.0
BC,M6,2025-01-01T00:00:00,F,31,1224.1953522529875,46200.0,41200.0,0.02649773489725081,99725.45500598698,1416.07662109699,0.012275655720793586,0.0,0.0
BC,M6,2025-01-01T00:00:00,F,32,1026.2714952122042,46200.0,41800.0,0.022213668727536887,99725.45500598698,1416.07662109699,0.010290968290398798,0.0,0.0
BC,M6,2025-01-01T00:00:00,F,33,928.478375430248,46200.0,42600.0,0.02009693453312225,99725.45500598698,1416.07662109699,0.009310344839986011,0.0,0.0
BC,M6,2025-01-01T00:00:00,F,34,1030.732097304026,46200.0,42999.99999999999,0.022310218556364197,99725.45500598698,1416.07662109699,0.010335697112057762,0.0,0.0
BC,M6,2025-01-01T00:00:00,F,35,933.1711931081009,46200.0,43399.99999999999,0.020198510673335515,99725.45500598698,1416.07662109699,0.009357402210419379,0.0,0.0
BC,M6,2025-01-01T00:00:00,F,36,935.5644578631473,46200.0,42800.0,0.020250312940760764,99725.45500598698,1416.07662109699,0.009381400744744469,0.0,0.0
BC,M6,2025-01-01T00:00:00,F,37,738.1509048707812,46200.0,42300.0,0.015977292313220374,99725.45500598698,1416.07662109699,0.007401830403546082,0.0,0.0
BC,M6,2025-01-01T00:00:00,F,38,640.2036920185783,46200.0,41400.0,0.013857222770964898,99725.45500598698,1416.07662109699,0.006419661780235988,0.0,0.0
BC,M6,2025-01-01T00:00:00,F,39,642.2974419992242,46200.0,41500.0,0.013902542034615243,99725.45500598698,1416.07662109699,0.006440656921150815,0.0,0.0
BC,M6,2025-01-01T00:00:00,F,40,543.534593328659,46200.0,40700.0,0.011764818037416861,99725.45500598698,1416.07662109699,0.0054503094851362476,0.0,0.0
BC,M6,2025-01-01T00:00:00,F,41,544.6546609547368,46200.0,40300.0,0.011789061925427202,99725.45500598698,1416.07662109699,0.005461540996950464,0.0,0.0
BC,M6,2025-01-01T00:00:00,F,42,545.511309962334,46200.0,39700.0,0.011807604111738833,99725.45500598698,1416.07662109699,0.005470131070643744,0.0,0.0
BC,M6,2025-01-01T00:00:00,F,43,546.5611360870244,46200.0,39300.00000000001,0.011830327620931263,99725.45500598698,1416.07662109699,0.005480658233689801,0.0,0.0
BC,M6,2025-01-01T00:00:00,F,44,546.8304680748333,46200.0,38000.0,0.011836157317637085,99725.45500598698,1416.07662109699,0.005483358968299564,0.0,0.0
BC,M6,2025-01-01T00:00:00,F,45,448.24130654067267,46200.0,37300.00000000001,0.009702192782265643,99725.45500598698,1416.07662109699,0.004494753185270126,0.0,0.0
BC,M6,2025-01-01T00:00:00,F,46,448.42285756449564,46200.0,35600.0,0.009706122458105966,99725.45500598698,1416.07662109699,0.004496573693622904,0.0,0.0
BC,M6,2025-01-01T00:00:00,F,47,449.3829695390159,46200.0,34600.00000000001,0.009726904102576102,99725.45500598698,1416.07662109699,0.004506201245329363,0.0,0.0
BC,M6,2025-01-01T00:00:00,F,48,352.0797515013255,46200.0,34300.0,0.007620773842020033,99725.45500598698,1416.07662109699,0.0035304902993943577,0.0,0.0
BC,M6,2025-01-01T00:00:00,F,49,355.8858659371399,46200.0,34600.0,0.007703157271366665,99725.45500598698,1416.07662109699,0.003568656226394499,0.0,0.0
BC,M6,2025-01-01T00:00:00,F,50,259.2032289779381,46200.0,34100.0,0.005610459501686972,99725.45500598698,1416.07662109699,0.002599168175892273,0.0,0.0
BC,M6,2025-01-01T00:00:00,F,51,263.64556665610144,46200.0,33999.99999999999,0.005706613996885312,99725.45500598698,1416.07662109699,0.0026437138505938486,0.0,0.0
BC,M6,2025-01-01T00:00:00,F,52,268.9982362813171,46200.0,34199.99999999999,0.005822472646781755,99725.45500598698,1416.07662109699,0.0026973879062789723,0.0,0.0
BC,M6,2025-01-01T00:00:00,F,53,275.3988194873673,46200.0,34700.00000000001,0.005961013408817474,99725.45500598698,1416.07662109699,0.0027615699469191075,0.0,0.0
BC,M6,2025-01-01T00:00:00,F,54,287.1246551541117,46200.0,37099.99999999999,0.006214819375630123,99725.45500598698,1416.07662109699,0.0028791511168023676,0.0,0.0
BC,M6,2025-01-01T00:00:00,F,55,294.8367494555787,46200.0,37300.0,0.006381747823713825,99725.45500598698,1416.07662109699,0.0029564843744044915,0.0,0.0
BC,M6,2025-01-01T00:00:00,F,56,302.5236015885821,46200.0,37200.0,0.006548129904514764,99725.45500598698,1416.07662109699,0.0030335645154030153,0.0,0.0
BC,M6,2025-01-01T00:00:00,F,57,207.58211456997378,46200.0,35900.00000000001,0.004493119362986446,99725.45500598698,1416.07662109699,0.002081535898307124,0.0,0.0
BC,M6,2025-01-01T00:00:00,F,58,213.73155622753984,46200.0,34999.99999999999,0.004626224160769261,99725.45500598698,1416.07662109699,0.0021431996095150284,0.0,0.0
BC,M6,2025-01-01T00:00:00,F,59,228.9199621959924,46200.0,36500.0,0.004954977536709792,99725.45500598698,1416.07662109699,0.0022955018072592327,0.0,0.0
BC,M6,2025-01-01T00:00:00,F,60,246.4367404613222,46200.0,38000.0,0.0053341285814139,99725.45500598698,1416.07662109699,0.0024711518282521496,0.0,0.0
BC,M6,2025-01-01T00:00:00,F,61,268.2118656122984,46200.0,40100.0,0.005805451636629836,99725.45500598698,1416.07662109699,0.0026895025507398932,0.0,0.0
BC,M6,2025-01-01T00:00:00,F,62,284.2845320752458,46200.0,40200.00000000001,0.006153344850113545,99725.45500598698,1416.07662109699,0.0028506716971928472,0.0,0.0
BC,M6,2025-01-01T00:00:00,F,63,293.96474532010325,46200.0,38700.0,0.00636287327532691,99725.45500598698,1416.07662109699,0.0029477403267045028,0.0,0.0
BC,M6,2025-01-01T00:00:00,F,64,214.07313262001117,46200.0,38900.0,0.0046336175891777305,99725.45500598698,1416.07662109699,0.002146624777065789,0.0,0.0
BC,M6,2025-01-01T00:00:00,F,65,233.3665582673566,46200.0,38700.0,0.005051224204921138,99725.45500598698,1416.07662109699,0.0023400901831267303,0.0,0.0
BC,M6,2025-01-01T00:00:00,F,66,251.39626989847602,46200.0,38000.0,0.005441477703430217,99725.45500598698,1416.07662109699,0.002520883658875094,0.0,0.0
BC,M6,2025-01-01T00:00:00,F,67,273.33595084420085,46200.0,37600.0,0.005916362572385299,99725.45500598698,1416.07662109699,0.0027408844695448243,0.0,0.0
BC,M6,2025-01-01T00:00:00,F,68,292.8569428052506,46200.0,36600.0,0.006338894865914515,99725.45500598698,1416.07662109699,0.0029366318036620543,0.0,0.0
BC,M6,2025-01-01T00:00:00,F,69,316.6885541491938,46200.0,35900.0,0.006854730609289909,99725.45500598698,1416.07662109699,0.00317560400331271,0.0,0.0
BC,M6,2025-01-01T00:00:00,F,70,243.43868094513164,46200.0,35200.00000000001,0.005269235518292893,99725.45500598698,1416.07662109699,0.0024410886962663333,0.0,0.0
BC,M6,2025-01-01T00:00:00,F,71,263.15697054607153,46200.0,33700.0,0.005696038323508042,99725.45500598698,1416.07662109699,0.0026388144384026425,0.0,0.0
BC,M6,2025-01-01T00:00:00,F,72,181.55318712440567,46200.0,31900.0,0.003929722665030426,99725.45500598698,1416.07662109699,0.0018205300453480627,0.0,0.0
BC,M6,2025-01-01T00:00:00,F,73,202.856174823708,46200.0,30400.000000000004,0.004390826294885454,99725.45500598698,1416.07662109699,0.0020341463953363723,0.0,0.0
BC,M6,2025-01-01T00:00:00,F,74,130.71087563845867,46200.0,29200.000000000007,0.0028292397324341705,99725.45500598698,1416.07662109699,0.0013107072374912855,0.0,0.0
BC,M6,2025-01-01T00:00:00,F,75,70.12933089677608,46200.0,28600.000000000004,0.0015179508852116036,99725.45500598698,1416.07662109699,0.0007032239751883398,0.0,0.0
BC,M6,2025-01-01T00:00:00,F,76,92.15168273271047,46200.0,26900.000000000004,0.0019946251673746856,99725.45500598698,1416.07662109699,0.0009240537706965406,0.0,0.0
BC,M6,2025-01-01T00:00:00,F,77,35.82868269041137,46200.0,26200.000000000004,0.0007755126123465665,99725.45500598698,1416.07662109699,0.00035927319347162074,0.0,0.0
BC,M6,2025-01-01T00:00:00,F,78,-22.767304473287368,46200.0,25200.000000000004,-0.0004927987981231032,99725.45500598698,1416.07662109699,0.0,0.016077734872601918,0.000903464463225689
BC,M6,2025-01-01T00:00:00,F,79,19.408051395974326,46200.0,20300.0,0.00042008769255355685,99725.45500598698,1416.07662109699,0.00019461481920347387,0.0,0.0
BC,M6,2025-01-01T00:00:00,F,80,27.536694330185128,46200.0,18400.000000000004,0.0005960323448092019,99725.45500598698,1416.07662109699,0.00027612503075099507,0.0,0.0
BC,M6,2025-01-01T00:00:00,F,81,62.38710339071986,46200.0,17500.0,0.0013503702032623345,99725.45500598698,1416.07662109699,0.0006255885559707346,0.0,0.0
BC,M6,2025-01-01T00:00:00,F,82,-18.737677217452074,46200.0,16000.000000000004,-0.0004055774289491791,99725.45500598698,1416.07662109699,0.0,0.01323210689188314,0.0011711048260907542
BC,M6,2025-01-01T00:00:00,F,83,-18.550648359034312,46200.0,14200.0,-0.000401529185260483,99725.45500598698,1416.07662109699,0.0,0.013100031511475494,0.0013063836872559374
BC,M6,2025-01-01T00:00:00,F,84,4.800102766817872,46200.0,13100.0,0.00010389832828610113,99725.45500598698,1416.07662109699,4.813317489029957e-05,0.0,0.0
BC,M6,2025-01-01T00:00:00,F,85,5.8680519925055705,46200.0,11600.0,0.00012701411239189546,99725.45500598698,1416.07662109699,5.884206787678516e-05,0.0,0.0
BC,M6,2025-01-01T00:00:00,F,86,-84.53868082460394,46200.0,10300.000000000002,-0.0018298415762901287,99725.45500598698,1416.07662109699,0.0,0.05969922782788017,0.00820763891501009
BC,M6,2025-01-01T00:00:00,F,87,-56.23995052677674,46200.0,9500.0,-0.001217314946467029,99725.45500598698,1416.07662109699,0.0,0.039715330151563,0.005919994792292288
BC,M6,2025-01-01T00:00:00,F,88,-44.065594528266956,46200.0,8500.0,-0.0009538007473650856,99725.45500598698,1416.07662109699,0.0,0.031118086318048754,0.005184187591560818
BC,M6,2025-01-01T00:00:00,F,89,-130.68901732850827,46200.0,7499.999999999999,-0.00282876660884217,99725.45500598698,1416.07662109699,0.0,0.0922895098905507,0.01742520231046777
BC,M6,2025-01-01T00:00:00,F,90,-42.42731119945165,46200.0,6499.999999999999,-0.0009183400692522002,99725.45500598698,1416.07662109699,0.0,0.0299611691679399,0.006527278646069485
BC,M6,2025-01-01T00:00:00,F,91,-47.48192640173693,46200.0,5600.000000000001,-0.0010277473247129205,99725.45500598698,1416.07662109699,0.0,0.03353061952604949,0.008478915428881593
BC,M6,2025-01-01T00:00:00,F,92,-43.348285943582596,46200.0,4900.0,-0.0009382745875234328,99725.45500598698,1416.07662109699,0.0,0.030611539868515055,0.00884658896807808
BC,M6,2025-01-01T00:00:00,F,93,-79.16443174865344,46200.0,4000.0,-0.0017135158387154425,99725.45500598698,1416.07662109699,0.0,0.055904059546811276,0.01979110793716336
BC,M6,2025-01-01T00:00:00,F,94,-92.8030734723452,46200.0,3400.0000000000005,-0.002008724534033446,99725.45500598698,1416.07662109699,0.0,0.06553534751562637,0.027295021609513293
BC,M6,2025-01-01T00:00:00,F,95,-54.756669845402484,46200.0,2700.0,-0.0011852093040130409,99725.45500598698,1416.07662109699,0.0,0.03866787222501012,0.02028024809088981
BC,M6,2025-01-01T00:00:00,F,96,-25.842377292205583,46200.0,2100.0,-0.0005593588158486057,99725.45500598698,1416.07662109699,0.0,0.018249278963582003,0.012305893948669325
BC,M6,2025-01-01T00:00:00,F,97,-77.56023040137552,46200.0,1600.0,-0.0016787928658306389,99725.45500598698,1416.07662109699,0.0,0.054771210290366946,0.0484751440008597
BC,M6,2025-01-01T00:00:00,F,98,-46.40205929252761,46200.0,1200.0,-0.0010043735777603379,99725.45500598698,1416.07662109699,0.0,0.0327680427748192,0.03866838274377301
BC,M6,2025-01-01T00:00:00,F,99,-9.883629304067881,46200.0,900.0,-0.0002139313702179195,99725.45500598698,1416.07662109699,0.0,0.0069795865257710026,0.010981810337853202
BC,M6,2025-01-01T00:00:00,F,100,1110.6489232849717,46200.0,1700.0000000000002,0.0240400199845232,99725.45500598698,1416.07662109699,0.0111370654886287,0.0,0.0
BC,M6,2025-01-01T00:00:00,M,1,580.1082072473582,46200.0,23700.0,0.01255645470232377,99725.45500598698,1416.07662109699,0.005817052498908445,0.0,0.0
BC,M6,2025-01-01T00:00:00,M,2,505.16046576934605,46200.0,23700.0,0.010934209215786712,99725.45500598698,1416.07662109699,0.005065511766669993,0.0,0.0
BC,M6,2025-01-01T00:00:00,M,3,503.58988096240137,46200.0,23700.0,0.010900213873645051,99725.45500598698,1416.07662109699,0.005049762680272239,0.0,0.0
BC,M6,2025-01-01T00:00:00,M,4,502.4786772008483,46200.0,23800.000000000004,0.010876161844174207,99725.45500598698,1416.07662109699,0.005038620051126186,0.0,0.0
BC,M6,2025-01-01T00:00:00,M,5,502.0976384356909,46200.0,24600.0,0.010867914251854781,99725.45500598698,1416.07662109699,0.005034799173446214,0.0,0.0
BC,M6,2025-01-01T00:00:00,M,6,601.6585742507232,46200.0,25100.0,0.013022912862569765,99725.45500598698,1416.07662109699,0.0060331494523098725,0.0,0.0
BC,M6,2025-01-01T00:00:00,M,7,601.4680553260478,46200.0,25899.999999999996,0.013018789076321381,99725.45500598698,1416.07662109699,0.006031239018061525,0.0,0.0
BC,M6,2025-01-01T00:00:00,M,8,401.5260812282686,46200.0,26700.0,0.008691040719226594,99725.45500598698,1416.07662109699,0.004026314858168991,0.0,0.0
BC,M6,2025-01-01T00:00:00,M,9,501.53768640871203,46200.0,27000.0,0.01085579407811065,99725.45500598698,1416.07662109699,0.005029184237651284,0.0,0.0
BC,M6,2025-01-01T00:00:00,M,10,501.58410713048943,46200.0,27800.000000000004,0.010856798855638299,99725.45500598698,1416.07662109699,0.005029649722835329,0.0,0.0
BC,M6,2025-01-01T00:00:00,M,11,501.5725019500351,46200.0,27599.999999999996,0.01085654766125617,99725.45500598698,1416.07662109699,0.005029533351539217,0.0,0.0
BC,M6,2025-01-01T00:00:00,M,12,502.11988102264877,46200.0,27900.000000000004,0.010868395693130925,99725.45500598698,1416.07662109699,0.005035022211656033,0.0,0.0
BC,M6,2025-01-01T00:00:00,M,13,402.3587552534045,46200.0,27500.0,0.008709063966523907,99725.45500598698,1416.07662109699,0.004034664522004428,0.0,0.0
BC,M6,2025-01-01T00:00:00,M,14,603.1101944989496,46200.0,27400.000000000004,0.013054333214262978,99725.45500598698,1416.07662109699,0.006047705618016404,0.0,0.0
BC,M6,2025-01-01T00:00:00,M,15,1004.270720455268,46200.0,28599.999999999996,0.021737461481715757,99725.45500598698,1416.07662109699,0.010070354859699331,0.0,0.0
BC,M6,2025-01-01T00:00:00,M,16,1606.5685710341313,46200.0,29899.999999999996,0.03477421149424527,99725.45500598698,1416.07662109699,0.01610991467462025,0.0,0.0
BC,M6,2025-01-01T00:00:00,M,17,1409.568559430565,46200.0,30500.000000000004,0.03051014197901656,99725.45500598698,1416.07662109699,0.01413449113213815,0.0,0.0
BC,M6,2025-01-01T00:00:00,M,18,2112.751355642431,46200.0,31400.0,0.045730548823429244,99725.45500598698,1416.07662109699,0.02118567777420111,0.0,0.0
BC,M6,2025-01-01T00:00:00,M,19,4116.592785179371,46200.0,34200.0,0.08910373993894743,99725.45500598698,1416.07662109699,0.041279257988165945,0.0,0.0
BC,M6,2025-01-01T00:00:00,M,20,3022.0880175468337,46200.0,36100.0,0.06541316055296177,99725.45500598698,1416.07662109699,0.030304078505988305,0.0,0.0
BC,M6,2025-01-01T00:00:00,M,21,1527.5745892103441,46200.0,36700.0,0.03306438504784295,99725.45500598698,1416.07662109699,0.015317800145596094,0.0,0.0
BC,M6,2025-01-01T00:00:00,M,22,731.7497812707734,46200.0,36000.0,0.015838739854345744,99725.45500598698,1416.07662109699,0.007337642944089281,0.0,0.0
BC,M6,2025-01-01T00:00:00,M,23,534.3988640430325,46200.0,34700.0,0.011567074979286418,99725.45500598698,1416.07662109699,0.005358700684904873,0.0,0.0
BC,M6,2025-01-01T00:00:00,M,24,639.452232807067,46200.0,36700.0,0.013840957420066387,99725.45500598698,1416.07662109699,0.006412126500387266,0.0,0.0
BC,M6,2025-01-01T00:00:00,M,25,743.6187253880344,46200.0,38600.0,0.01609564340666741,99725.45500598698,1416.07662109699,0.007456659138265064,0.0,0.0
BC,M6,2025-01-01T00:00:00,M,26,946.7852155498986,46200.0,39600.0,0.02049318648376404,99725.45500598698,1416.07662109699,0.009493917229989662,0.0,0.0
BC,M6,2025-01-01T00:00:00,M,27,1249.9159505282805,46200.0,40300.0,0.027054457803642434,99725.45500598698,1416.07662109699,0.0125335697937226,0.0,0.0
BC,M6,2025-01-01T00:00:00,M,28,1154.1763202597213,46200.0,41400.0,0.0249821714341931,99725.45500598698,1416.07662109699,0.011573537771178189,0.0,0.0
BC,M6,2025-01-01T00:00:00,M,29,1158.829408359481,46200.0,42200.0,0.025082887626828594,99725.45500598698,1416.07662109699,0.011620196752072088,0.0,0.0
BC,M6,2025-01-01T00:00:00,M,30,1064.0270485232686,46200.0,42900.0,0.023030888496174646,99725.45500598698,1416.07662109699,0.010669563236982876,0.0,0.0
BC,M6,2025-01-01T00:00:00,M,31,1169.3833811421791,46200.0,43300.0,0.025311328596151064,99725.45500598698,1416.07662109699,0.011726027031633755,0.0,0.0
BC,M6,2025-01-01T00:00:00,M,32,974.8093911770266,46200.0,43400.0,0.02109977037179711,99725.45500598698,1416.07662109699,0.009774930494110098,0.0,0.0
BC,M6,2025-01-01T00:00:00,M,33,980.0777709267059,46200.0,43800.0,0.021213804565513115,99725.45500598698,1416.07662109699,0.009827759330532683,0.0,0.0
BC,M6,2025-01-01T00:00:00,M,34,985.2339980955148,46200.0,44100.00000000001,0.02132541121418863,99725.45500598698,1416.07662109699,0.009879463553576835,0.0,0.0
BC,M6,2025-01-01T00:00:00,M,35,989.1918572563955,46200.0,44400.00000000001,0.021411079161393842,99725.45500598698,1416.07662109699,0.009919151105372342,0.0,0.0
BC,M6,2025-01-01T00:00:00,M,36,891.0780367020125,46200.0,43800.0,0.01928740339181845,99725.45500598698,1416.07662109699,0.008935311818316766,0.0,0.0
BC,M6,2025-01-01T00:00:00,M,37,691.1797691693646,46200.0,42500.0,0.014960601064271961,99725.45500598698,1416.07662109699,0.006930825927320861,0.0,0.0
BC,M6,2025-01-01T00:00:00,M,38,593.5205620734196,46200.0,42000.0,0.01284676541284458,99725.45500598698,1416.07662109699,0.005951545290395394,0.0,0.0
BC,M6,2025-01-01T00:00:00,M,39,497.3672879445585,46200.0,42000.0,0.010765525713085682,99725.45500598698,1416.07662109699,0.004987365441598629,0.0,0.0
BC,M6,2025-01-01T00:00:00,M,40,499.68496361247526,46200.0,41300.0,0.01081569185308388,99725.45500598698,1416.07662109699,0.005010606004078666,0.0,0.0
BC,M6,2025-01-01T00:00:00,M,41,501.74735253754625,46200.0,40400.0,0.010860332306007494,99725.45500598698,1416.07662109699,0.005031286671065316,0.0,0.0
BC,M6,2025-01-01T00:00:00,M,42,503.84077461092966,46200.0,39299.99999999999,0.010905644472098044,99725.45500598698,1416.07662109699,0.005052278523880204,0.0,0.0
BC,M6,2025-01-01T00:00:00,M,43,506.86468503241485,46200.0,38500.0,0.010971097078623699,99725.45500598698,1416.07662109699,0.005082600876596506,0.0,0.0
BC,M6,2025-01-01T00:00:00,M,44,509.14778923706035,46200.0,37400.0,0.01102051491855109,99725.45500598698,1416.07662109699,0.005105494772688617,0.0,0.0
BC,M6,2025-01-01T00:00:00,M,45,410.49273363110115,46200.0,35999.99999999999,0.008885124104569288,99725.45500598698,1416.07662109699,0.004116228234872003,0.0,0.0
BC,M6,2025-01-01T00:00:00,M,46,511.1481486631965,46200.0,34500.0,0.01106381274162763,99725.45500598698,1416.07662109699,0.0051255534370087345,0.0,0.0
BC,M6,2025-01-01T00:00:00,M,47,413.65194505675026,46200.0,33399.99999999999,0.008953505304258664,99725.45500598698,1416.07662109699,0.0041479073224776645,0.0,0.0
BC,M6,2025-01-01T00:00:00,M,48,419.0119966657512,46200.0,33200.0,0.009069523737353922,99725.45500598698,1416.07662109699,0.004201655401227259,0.0,0.0
BC,M6,2025-01-01T00:00:00,M,49,323.7850933011687,46200.0,32600.0,0.007008335352839149,99725.45500598698,1416.07662109699,0.003246764763136256,0.0,0.0
BC,M6,2025-01-01T00:00:00,M,50,330.27706445263175,46200.0,32500.0,0.007148854208931423,99725.45500598698,1416.07662109699,0.003311863199148138,0.0,0.0
BC,M6,2025-01-01T00:00:00,M,51,236.49645884154233,46200.0,32100.0,0.005118970970596154,99725.45500598698,1416.07662109699,0.002371475355287618,0.0,0.0
BC,M6,2025-01-01T00:00:00,M,52,144.99680932049887,46200.0,32100.0,0.003138459076201274,99725.45500598698,1416.07662109699,0.001453959867235442,0.0,0.0
BC,M6,2025-01-01T00:00:00,M,53,156.08577799549312,46200.0,32599.999999999996,0.003378480043192492,99725.45500598698,1416.07662109699,0.0015651548342007823,0.0,0.0
BC,M6,2025-01-01T00:00:00,M,54,274.68779705226916,46200.0,34500.0,0.005945623312819679,99725.45500598698,1416.07662109699,0.0027544401480622815,0.0,0.0
BC,M6,2025-01-01T00:00:00,M,55,187.0844054893314,46200.0,34600.0,0.004049446006262584,99725.45500598698,1416.07662109699,0.001875994503891708,0.0,0.0
BC,M6,2025-01-01T00:00:00,M,56,196.2574589663709,46200.0,34100.0,0.004247996947324045,99725.45500598698,1416.07662109699,0.001967977573575259,0.0,0.0
BC,M6,2025-01-01T00:00:00,M,57,303.6046735360287,46200.0,33299.99999999999,0.006571529730217072,99725.45500598698,1416.07662109699,0.003044404996876694,0.0,0.0
BC,M6,2025-01-01T00:00:00,M,58,314.7974193640839,46200.0,32900.0,0.006813796955932552,99725.45500598698,1416.07662109699,0.003156640592366163,0.0,0.0
BC,M6,2025-01-01T00:00:00,M,59,239.5178788533376,46200.0,34200.0,0.005184369672150165,99725.45500598698,1416.07662109699,0.0024017727353458375,0.0,0.0
BC,M6,2025-01-01T00:00:00,M,60,270.2370673710393,46200.0,36000.0,0.005849287172533318,99725.45500598698,1416.07662109699,0.002709810322297509,0.0,0.0
BC,M6,2025-01-01T00:00:00,M,61,301.0118758187891,46200.0,37400.0,0.0065154085675062584,99725.45500598698,1416.07662109699,0.0030184056397708887,0.0,0.0
BC,M6,2025-01-01T00:00:00,M,62,329.50351994490484,46200.0,38099.99999999999,0.0071321108213182865,99725.45500598698,1416.07662109699,0.0033041064583272466,0.0,0.0
BC,M6,2025-01-01T00:00:00,M,63,340.6147426280295,46200.0,36600.0,0.007372613476797175,99725.45500598698,1416.07662109699,0.0034155245780285565,0.0,0.0
BC,M6,2025-01-01T00:00:00,M,64,166.8248111819048,46200.0,36400.0,0.0036109266489589785,99725.45500598698,1416.07662109699,0.0016728408125276494,0.0,0.0
BC,M6,2025-01-01T00:00:00,M,65,189.38022164197173,46200.0,35800.0,0.004099138996579475,99725.45500598698,1416.07662109699,0.0018990158694247358,0.0,0.0
BC,M6,2025-01-01T00:00:00,M,66,307.88225408395374,46200.0,34800.0,0.006664118053765233,99725.45500598698,1416.07662109699,0.003087298564498604,0.0,0.0
BC,M6,2025-01-01T00:00:00,M,67,141.6618793599264,46200.0,34600.0,0.0030662744450200515,99725.45500598698,1416.07662109699,0.0014205187567348956,0.0,0.0
BC,M6,2025-01-01T00:00:00,M,68,158.24229219444533,46200.0,33100.0,0.003425157839706609,99725.45500598698,1416.07662109699,0.00158677934520274,0.0,0.0
BC,M6,2025-01-01T00:00:00,M,69,288.42989053918427,46200.0,32600.0,0.006243071223791867,99725.45500598698,1416.07662109699,0.002892239403890095,0.0,0.0
BC,M6,2025-01-01T00:00:00,M,70,114.79223748174627,46200.0,31399.999999999996,0.002484680464972863,99725.45500598698,1416.07662109699,0.0011510826145125612,0.0,0.0
BC,M6,2025-01-01T00:00:00,M,71,128.64154462064835,46200.0,29600.0,0.0027844490177629513,99725.45500598698,1416.07662109699,0.0012899569584608605,0.0,0.0
BC,M6,2025-01-01T00:00:00,M,72,155.43183704562398,46200.0,28500.0,0.003364325477178008,99725.45500598698,1416.07662109699,0.0015585974216542073,0.0,0.0
BC,M6,2025-01-01T00:00:00,M,73,79.09267019474646,46200.0,27099.999999999996,0.0017119625583278456,99725.45500598698,1416.07662109699,0.0007931041296326816,0.0,0.0
BC,M6,2025-01-01T00:00:00,M,74,108.11562999111993,46200.0,25999.999999999996,0.0023401651513229424,99725.45500598698,1416.07662109699,0.0010841327320555143,0.0,0.0
BC,M6,2025-01-01T00:00:00,M,75,51.04764629715646,46200.0,25299.999999999996,0.0011049274090293606,99725.45500598698,1416.07662109699,0.0005118818088530339,0.0,0.0
BC,M6,2025-01-01T00:00:00,M,76,72.67729695287926,46200.0,23799.999999999996,0.0015731016656467373,99725.45500598698,1416.07662109699,0.00072877378146348,0.0,0.0
BC,M6,2025-01-01T00:00:00,M,77,26.76665994695577,46200.0,23300.0,0.0005793649339167915,99725.45500598698,1416.07662109699,0.0002684034878090939,0.0,0.0
BC,M6,2025-01-01T00:00:00,M,78,66.25671624242386,46200.0,22300.0,0.0014341280571953216,99725.45500598698,1416.07662109699,0.0006643912152463598,0.0,0.0
BC,M6,2025-01-01T00:00:00,M,79,-20.894305304835143,46200.0,17800.0,-0.00045225769058084724,99725.45500598698,1416.07662109699,0.0,0.014755066917670727,0.0011738373766761315
BC,M6,2025-01-01T00:00:00,M,80,72.45604466104123,46200.0,15999.999999999998,0.0015683126550008926,99725.45500598698,1416.07662109699,0.0007265551674513931,0.0,0.0
BC,M6,2025-01-01T00:00:00,M,81,11.799761193195081,46200.0,15200.0,0.000255406086432794,99725.45500598698,1416.07662109699,0.0001183224603235622,0.0,0.0
BC,M6,2025-01-01T00:00:00,M,82,-76.56448031981745,46200.0,13799.999999999998,-0.0016572398337622825,99725.45500598698,1416.07662109699,0.0,0.054068035005411894,0.005548150747812859
BC,M6,2025-01-01T00:00:00,M,83,-2.4251431333505025,46200.0,12000.0,-5.249227561364724e-05,99725.45500598698,1416.07662109699,0.0,0.0017125790350749667,0.00020209526111254186
BC,M6,2025-01-01T00:00:00,M,84,-10.971795948975341,46200.0,10600.0,-0.00023748476080033207,99725.45500598698,1416.07662109699,0.0,0.007748024213884582,0.0010350750895259755
BC,M6,2025-01-01T00:00:00,M,85,-15.2731186886067,46200.0,9400.0,-0.00033058698460187666,99725.45500598698,1416.07662109699,0.0,0.010785517154273118,0.0016247998604900745
BC,M6,2025-01-01T00:00:00,M,86,-20.66371719028939,46200.0,8299.999999999998,-0.0004472666058504197,99725.45500598698,1416.07662109699,0.0,0.014592231015212904,0.0024896044807577586
BC,M6,2025-01-01T00:00:00,M,87,-43.361635022427436,46200.0,7099.999999999999,-0.0009385635286239704,99725.45500598698,1416.07662109699,0.0,0.0306209666739901,0.0061072725383700625
BC,M6,2025-01-01T00:00:00,M,88,-51.25426171889285,46200.0,6200.0,-0.00110939960430504,99725.45500598698,1416.07662109699,0.0,0.03619455399185094,0.008266816406273041
BC,M6,2025-01-01T00:00:00,M,89,-47.948809174489725,46200.0,5500.0,-0.0010378530124348425,99725.45500598698,1416.07662109699,0.0,0.03386032115786594,0.008717965304452678
BC,M6,2025-01-01T00:00:00,M,90,0.9208768594417052,46200.0,4500.0,1.9932399555015262e-05,99725.45500598698,1416.07662109699,9.234120409743137e-06,0.0,0.0
BC,M6,2025-01-01T00:00:00,M,91,-18.30175434042758,46200.0,3799.999999999999,-0.0003961418688404238,99725.45500598698,1416.07662109699,0.0,0.012924268410172456,0.004816251142217785
BC,M6,2025-01-01T00:00:00,M,92,-52.06990389314706,46200.0,3100.0,-0.001127054196821365,99725.45500598698,1416.07662109699,0.0,0.03677054130927614,0.01679674319133776
BC,M6,2025-01-01T00:00:00,M,93,-4.827932649311606,46200.0,2500.0,-0.0001045007066950564,99725.45500598698,1416.07662109699,0.0,0.0034093724713649735,0.0019311730597246423
BC,M6,2025-01-01T00:00:00,M,94,-60.648046248132005,46200.0,1899.9999999999998,-0.001312728273769091,99725.45500598698,1416.07662109699,0.0,0.0428282236600657,0.031920024341122115
BC,M6,2025-01-01T00:00:00,M,95,-36.35930281057517,46200.0,1399.9999999999998,-0.000786997896332796,99725.45500598698,1416.07662109699,0.0,0.025676084379112736,0.02597093057898227
BC,M6,2025-01-01T00:00:00,M,96,-14.746480476226225,46200.0,1000.0,-0.00031918788909580573,99725.45500598698,1416.07662109699,0.0,0.010413617636595533,0.014746480476226224
BC,M6,2025-01-01T00:00:00,M,97,15.039706019123855,46200.0,699.9999999999999,0.0003255347623186982,99725.45500598698,1416.07662109699,0.00015081110452913905,0.0,0.0
BC,M6,2025-01-01T00:00:00,M,98,-44.50706601820741,46200.0,400.0,-0.0009633564073205067,99725.45500598698,1416.07662109699,0.0,0.03142984309968283,0.11126766504551852
BC,M6,2025-01-01T00:00:00,M,99,11.978586869776677,46200.0,300.0,0.00025927677207308826,99725.45500598698,1416.07662109699,0.00012011564017489363,0.0,0.0
BC,M6,2025-01-01T00:00:00,M,100,290.3426853224606,46200.0,499.9999999999999,0.006284473708278369,99725.45500598698,1416.07662109699,0.002911420011119829,0.0,0.0
BC,M6,2026-01-01T00:00:00,F,1,373.509981620733,47000.0,22800.000000000004,0.007947020885547511,96167.3424959382,910.1910686274203,0.0038839586488158273,0.0,0.0
BC,M6,2026-01-01T00:00:00,F,2,303.23781623187097,47000.0,22700.000000000004,0.00645186843046534,96167.3424959382,910.1910686274203,0.0031532306951778228,0.0,0.0
BC,M6,2026-01-01T00:00:00,F,3,402.5786865425216,47000.0,22700.000000000004,0.008565503968989821,96167.3424959382,910.1910686274203,0.004186230752498181,0.0,0.0
BC,M6,2026-01-01T00:00:00,F,4,402.1489038890031,47000.0,22700.000000000004,0.008556359657212832,96167.3424959382,910.1910686274203,0.0041817616401949404,0.0,0.0
BC,M6,2026-01-01T00:00:00,F,5,501.9340127967116,47000.0,22800.0,0.010679447080781099,96167.3424959382,910.1910686274203,0.005219381130532038,0.0,0.0
BC,M6,2026-01-01T00:00:00,F,6,601.7499581272787,47000.0,23299.999999999996,0.012803190598452738,96167.3424959382,910.1910686274203,0.006257321274659271,0.0,0.0
BC,M6,2026-01-01T00:00:00,F,7,501.58517625133754,47000.0,24000.000000000004,0.010672025026624203,96167.3424959382,910.1910686274203,0.0052157537396078394,0.0,0.0
BC,M6,2026-01-01T00:00:00,F,8,501.41653996472087,47000.0,25000.0,0.010668437020525976,96167.3424959382,910.1910686274203,0.005214000168361719,0.0,0.0
BC,M6,2026-01-01T00:00:00,F,9,501.45123073937066,47000.0,25600.0,0.01066917512211427,96167.3424959382,910.1910686274203,0.005214360901784828,0.0,0.0
BC,M6,2026-01-01T00:00:00,F,10,401.4627943309242,47000.0,25700.000000000004,0.008541761581509027,96167.3424959382,910.1910686274203,0.004174627102208639,0.0,0.0
BC,M6,2026-01-01T00:00:00,F,11,401.4743579224705,47000.0,25900.0,0.008542007615371713,96167.3424959382,910.1910686274203,0.004174747346682971,0.0,0.0
BC,M6,2026-01-01T00:00:00,F,12,401.7335757301771,47000.0,26100.0,0.00854752288787611,96167.3424959382,910.1910686274203,0.004177442833539308,0.0,0.0
BC,M6,2026-01-01T00:00:00,F,13,502.0120663930429,47000.0,26599.999999999996,0.010681107795596658,96167.3424959382,910.1910686274203,0.005220192774010016,0.0,0.0
BC,M6,2026-01-01T00:00:00,F,14,602.2635755154297,47000.0,26700.0,0.012814118627987866,96167.3424959382,910.1910686274203,0.006262662145840907,0.0,0.0
BC,M6,2026-01-01T00:00:00,F,15,1103.0181039802592,47000.0,27200.0,0.02346847029745232,96167.3424959382,910.1910686274203,0.011469778360848925,0.0,0.0
BC,M6,2026-01-01T00:00:00,F,16,1904.4558551031114,47000.0,29100.000000000004,0.040520337342619395,96167.3424959382,910.1910686274203,0.01980356122644805,0.0,0.0
BC,M6,2026-01-01T00:00:00,F,17,1606.6606723363147,47000.0,30400.000000000004,0.03418426962417691,96167.3424959382,910.1910686274203,0.01670692597545965,0.0,0.0
BC,M6,2026-01-01T00:00:00,F,18,2108.7016785947308,47000.0,32200.0,0.04486599316159002,96167.3424959382,910.1910686274203,0.021927419681830092,0.0,0.0
BC,M6,2026-01-01T00:00:00,F,19,4110.754257478617,47000.0,35100.0,0.08746285654209823,96167.3424959382,910.1910686274203,0.042745844387373416,0.0,0.0
BC,M6,2026-01-01T00:00:00,F,20,2613.2751720822052,47000.0,36199.99999999999,0.055601599406004364,96167.3424959382,910.1910686274203,0.027174247559066965,0.0,0.0
BC,M6,2026-01-01T00:00:00,F,21,1115.2641573531,47000.0,36300.0,0.023729024624534044,96167.3424959382,910.1910686274203,0.011597119442083005,0.0,0.0
BC,M6,2026-01-01T00:00:00,F,22,416.37429575390706,47000.0,35800.0,0.008859027569232064,96167.3424959382,910.1910686274203,0.004329684952784189,0.0,0.0
BC,M6,2026-01-01T00:00:00,F,23,616.758809331739,47000.0,34700.0,0.013122527858122107,96167.3424959382,910.1910686274203,0.006413391420874388,0.0,0.0
BC,M6,2026-01-01T00:00:00,F,24,817.0074429903107,47000.0,34100.0,0.017383137084900226,96167.3424959382,910.1910686274203,0.008495684936129106,0.0,0.0
BC,M6,2026-01-01T00:00:00,F,25,1118.233204647273,47000.0,36800.0,0.023792195843559,96167.3424959382,910.1910686274203,0.011627993200441236,0.0,0.0
BC,M6,2026-01-01T00:00:00,F,26,1019.1014524876227,47000.0,38400.0,0.02168300962739623,96167.3424959382,910.1910686274203,0.0105971676666709,0.0,0.0
BC,M6,2026-01-01T00:00:00,F,27,1219.7740867522516,47000.0,39200.0,0.025952640143664926,96167.3424959382,910.1910686274203,0.012683870169374504,0.0,0.0
BC,M6,2026-01-01T00:00:00,F,28,1220.4582853037937,47000.0,39800.0,0.025967197559655184,96167.3424959382,910.1910686274203,0.01269098483568205,0.0,0.0
BC,M6,2026-01-01T00:00:00,F,29,1321.3120945311675,47000.0,40099.99999999999,0.028113023287897183,96167.3424959382,910.1910686274203,0.01373971724951197,0.0,0.0
BC,M6,2026-01-01T00:00:00,F,30,1123.0264455261058,47000.0,41600.0,0.023894179692044805,96167.3424959382,910.1910686274203,0.011677835909560867,0.0,0.0
BC,M6,2026-01-01T00:00:00,F,31,1124.3168010208756,47000.0,41800.0,0.023921634064273948,96167.3424959382,910.1910686274203,0.01169125372335586,0.0,0.0
BC,M6,2026-01-01T00:00:00,F,32,1026.203670258983,47000.0,42200.00000000001,0.02183412064380815,96167.3424959382,910.1910686274203,0.010671020365383671,0.0,0.0
BC,M6,2026-01-01T00:00:00,F,33,928.1965470437426,47000.0,42700.0,0.019748862703058354,96167.3424959382,910.1910686274203,0.009651889331172343,0.0,0.0
BC,M6,2026-01-01T00:00:00,F,34,1030.788835144158,47000.0,43599.99999999999,0.02193167734349272,96167.3424959382,910.1910686274203,0.01071869938786855,0.0,0.0
BC,M6,2026-01-01T00:00:00,F,35,933.1498546174116,47000.0,43900.0,0.019854252225902376,96167.3424959382,910.1910686274203,0.009703396500291405,0.0,0.0
BC,M6,2026-01-01T00:00:00,F,36,836.3859127131072,47000.0,44199.99999999999,0.017795444951342707,96167.3424959382,910.1910686274203,0.008697192737216728,0.0,0.0
BC,M6,2026-01-01T00:00:00,F,37,738.7701087778623,47000.0,43500.0,0.015718512952720476,96167.3424959382,910.1910686274203,0.007682130852363583,0.0,0.0
BC,M6,2026-01-01T00:00:00,F,38,541.1706993034531,47000.0,42800.00000000001,0.01151427019794581,96167.3424959382,910.1910686274203,0.005627385401923844,0.0,0.0
BC,M6,2026-01-01T00:00:00,F,39,642.2895923474207,47000.0,41999.99999999999,0.01366573600739193,96167.3424959382,910.1910686274203,0.006678874300540737,0.0,0.0
BC,M6,2026-01-01T00:00:00,F,40,544.3914322792261,47000.0,42000.0,0.011582796431472897,96167.3424959382,910.1910686274203,0.005660876324020491,0.0,0.0
BC,M6,2026-01-01T00:00:00,F,41,545.1046132771007,47000.0,41200.0,0.011597970495257463,96167.3424959382,910.1910686274203,0.00566829236546829,0.0,0.0
BC,M6,2026-01-01T00:00:00,F,42,546.2148293103746,47000.0,40800.0,0.011621592112986695,96167.3424959382,910.1910686274203,0.0056798369917879865,0.0,0.0
BC,M6,2026-01-01T00:00:00,F,43,547.0571473033124,47000.0,40200.0,0.011639513772410902,96167.3424959382,910.1910686274203,0.005688595869501316,0.0,0.0
BC,M6,2026-01-01T00:00:00,F,44,548.4767267262505,47000.0,39800.00000000001,0.011669717589920223,96167.3424959382,910.1910686274203,0.005703357423539248,0.0,0.0
BC,M6,2026-01-01T00:00:00,F,45,449.07045785035734,47000.0,38400.00000000001,0.009554690592560795,96167.3424959382,910.1910686274203,0.004669677316593465,0.0,0.0
BC,M6,2026-01-01T00:00:00,F,46,350.68281933086837,47000.0,37599.99999999999,0.007461336581507837,96167.3424959382,910.1910686274203,0.0036465894786026774,0.0,0.0
BC,M6,2026-01-01T00:00:00,F,47,350.77449819719186,47000.0,35900.0,0.007463287195684933,96167.3424959382,910.1910686274203,0.003647542805001682,0.0,0.0
BC,M6,2026-01-01T00:00:00,F,48,252.34932659765764,47000.0,34800.0,0.005369134608460801,96167.3424959382,910.1910686274203,0.0026240646777601876,0.0,0.0
BC,M6,2026-01-01T00:00:00,F,49,255.20107292317698,47000.0,34500.0,0.005429810062195255,96167.3424959382,910.1910686274203,0.0026537186772521647,0.0,0.0
BC,M6,2026-01-01T00:00:00,F,50,259.68537861231744,47000.0,34800.00000000001,0.005525220821538669,96167.3424959382,910.1910686274203,0.0027003489113082823,0.0,0.0
BC,M6,2026-01-01T00:00:00,F,51,263.4238677413523,47000.0,34300.0,0.005604763143433027,96167.3424959382,910.1910686274203,0.0027392237417029433,0.0,0.0
BC,M6,2026-01-01T00:00:00,F,52,268.15310649745516,47000.0,34200.00000000001,0.0057053852446267055,96167.3424959382,910.1910686274203,0.002788400922161087,0.0,0.0
BC,M6,2026-01-01T00:00:00,F,53,273.82782193243474,47000.0,34400.00000000001,0.005826123870902867,96167.3424959382,910.1910686274203,0.0028474096801000856,0.0,0.0
BC,M6,2026-01-01T00:00:00,F,54,280.92703253385116,47000.0,34900.0,0.005977170904975557,96167.3424959382,910.1910686274203,0.002921231108634583,0.0,0.0
BC,M6,2026-01-01T00:00:00,F,55,293.675740589053,47000.0,37299.99999999999,0.006248420012533043,96167.3424959382,910.1910686274203,0.003053799064910803,0.0,0.0
BC,M6,2026-01-01T00:00:00,F,56,202.08985369738366,47000.0,37400.0,0.004299784121220929,96167.3424959382,910.1910686274203,0.0021014395162881755,0.0,0.0
BC,M6,2026-01-01T00:00:00,F,57,210.4213003471741,47000.0,37300.0,0.004477048943556896,96167.3424959382,910.1910686274203,0.0021880744012039394,0.0,0.0
BC,M6,2026-01-01T00:00:00,F,58,215.55911931453738,47000.0,36000.0,0.004586364240734838,96167.3424959382,910.1910686274203,0.0022415002195120648,0.0,0.0
BC,M6,2026-01-01T00:00:00,F,59,222.44542375128367,47000.0,35099.99999999999,0.004732881356410291,96167.3424959382,910.1910686274203,0.0023131077346832066,0.0,0.0
BC,M6,2026-01-01T00:00:00,F,60,239.3032191486709,47000.0,36600.0,0.005091557854227041,96167.3424959382,910.1910686274203,0.002488404201860713,0.0,0.0
BC,M6,2026-01-01T00:00:00,F,61,257.8481506716271,47000.0,38100.00000000001,0.0054861308653537675,96167.3424959382,910.1910686274203,0.0026812444222685866,0.0,0.0
BC,M6,2026-01-01T00:00:00,F,62,282.03304342505,47000.0,40200.00000000001,0.006000703051596808,96167.3424959382,910.1910686274203,0.0029327320076143536,0.0,0.0
BC,M6,2026-01-01T00:00:00,F,63,199.5378018376432,47000.0,40200.00000000001,0.00424548514548177,96167.3424959382,910.1910686274203,0.0020749019018183957,0.0,0.0
BC,M6,2026-01-01T00:00:00,F,64,310.372860191972,47000.0,38800.0,0.006603677876424936,96167.3424959382,910.1910686274203,0.003227424738341721,0.0,0.0
BC,M6,2026-01-01T00:00:00,F,65,331.7107858648378,47000.0,39000.0,0.0070576762949965495,96167.3424959382,910.1910686274203,0.0034493080213675266,0.0,0.0
BC,M6,2026-01-01T00:00:00,F,66,252.90552197832585,47000.0,38700.0,0.005380968552730337,96167.3424959382,910.1910686274203,0.0026298482979188885,0.0,0.0
BC,M6,2026-01-01T00:00:00,F,67,272.87773891017423,47000.0,38000.0,0.005805909338514346,96167.3424959382,910.1910686274203,0.0028375302033712716,0.0,0.0
BC,M6,2026-01-01T00:00:00,F,68,297.1951962847961,47000.0,37599.99999999999,0.006323302048612684,96167.3424959382,910.1910686274203,0.003090396267291557,0.0,0.0
BC,M6,2026-01-01T00:00:00,F,69,218.9355100696339,47000.0,36500.0,0.004658202341907104,96167.3424959382,910.1910686274203,0.0022766097553218864,0.0,0.0
BC,M6,2026-01-01T00:00:00,F,70,145.0306382188719,47000.0,35700.0,0.003085758259975998,96167.3424959382,910.1910686274203,0.0015081069566313277,0.0,0.0
BC,M6,2026-01-01T00:00:00,F,71,173.60654019593494,47000.0,35000.00000000001,0.0036937561743815945,96167.3424959382,910.1910686274203,0.0018052546289637518,0.0,0.0
BC,M6,2026-01-01T00:00:00,F,72,95.7128605482576,47000.0,33400.0,0.002036443841452289,96167.3424959382,910.1910686274203,0.0009952740510875634,0.0,0.0
BC,M6,2026-01-01T00:00:00,F,73,114.88363994837346,47000.0,31600.0,0.00244433276485901,96167.3424959382,910.1910686274203,0.0011946221759556867,0.0,0.0
BC,M6,2026-01-01T00:00:00,F,74,38.48231792500883,47000.0,30000.0,0.0008187727218086985,96167.3424959382,910.1910686274203,0.00040015993918761145,0.0,0.0
BC,M6,2026-01-01T00:00:00,F,75,67.65487768969251,47000.0,28800.0,0.0014394654827594151,96167.3424959382,910.1910686274203,0.0007035119816537515,0.0,0.0
BC,M6,2026-01-01T00:00:00,F,76,109.37228431777476,47000.0,28200.0,0.0023270698791015908,96167.3424959382,910.1910686274203,0.0011373121215488959,0.0,0.0
BC,M6,2026-01-01T00:00:00,F,77,33.348167868403834,47000.0,26400.000000000004,0.0007095354865617837,96167.3424959382,910.1910686274203,0.00034677227219637847,0.0,0.0
BC,M6,2026-01-01T00:00:00,F,78,-20.853244479894784,47000.0,25600.000000000004,-0.0004436860527637188,96167.3424959382,910.1910686274203,0.0,0.022910842787483884,0.0008145798624958899
BC,M6,2026-01-01T00:00:00,F,79,21.750088780660008,47000.0,24600.000000000004,0.0004627678463970214,96167.3424959382,910.1910686274203,0.0002261691777702879,0.0,0.0
BC,M6,2026-01-01T00:00:00,F,80,-40.148871037512436,47000.0,19700.0,-0.0008542312986704773,96167.3424959382,910.1910686274203,0.0,0.04411037684434483,0.002038013758249362
BC,M6,2026-01-01T00:00:00,F,81,-31.953240165756142,47000.0,17800.0,-0.0006798561737394924,96167.3424959382,910.1910686274203,0.0,0.03510607966516528,0.001795125852008772
BC,M6,2026-01-01T00:00:00,F,82,5.5160564410434745,47000.0,16900.0,0.00011736290300092499,96167.3424959382,910.1910686274203,5.735893597430391e-05,0.0,0.0
BC,M6,2026-01-01T00:00:00,F,83,21.178570794716506,47000.0,15400.000000000004,0.0004506078892492874,96167.3424959382,910.1910686274203,0.0002202262248809779,0.0,0.0
BC,M6,2026-01-01T00:00:00,F,84,19.51503787476031,47000.0,13600.0,0.0004152135718034108,96167.3424959382,910.1910686274203,0.00020292791053870042,0.0,0.0
BC,M6,2026-01-01T00:00:00,F,85,42.97065320644106,47000.0,12500.0,0.0009142692171583204,96167.3424959382,910.1910686274203,0.00044683207512213413,0.0,0.0
BC,M6,2026-01-01T00:00:00,F,86,-58.49322375055635,47000.0,10900.000000000002,-0.001244536675543752,96167.3424959382,910.1910686274203,0.0,0.06426477447066678,0.005366350802803334
BC,M6,2026-01-01T00:00:00,F,87,-57.409261711927684,47000.0,9600.0,-0.00122147365344527,96167.3424959382,910.1910686274203,0.0,0.06307385744676838,0.005980131428325801
BC,M6,2026-01-01T00:00:00,F,88,-30.403412272775313,47000.0,8800.000000000002,-0.0006468811121867088,96167.3424959382,910.1910686274203,0.0,0.03340332960926989,0.003454933212815376
BC,M6,2026-01-01T00:00:00,F,89,-22.30283065680942,47000.0,7800.0,-0.00047452831184700893,96167.3424959382,910.1910686274203,0.0,0.024503460235489202,0.0028593372636935154
BC,M6,2026-01-01T00:00:00,F,90,-22.676008498449846,47000.0,6799.999999999999,-0.0004824682659244648,96167.3424959382,910.1910686274203,0.0,0.024913459690002842,0.0033347071321249777
BC,M6,2026-01-01T00:00:00,F,91,-34.18339457787533,47000.0,5800.0,-0.0007273062676143688,96167.3424959382,910.1910686274203,0.0,0.037556284340851995,0.005893688720323333
BC,M6,2026-01-01T00:00:00,F,92,-50.47272315322152,47000.0,4900.0,-0.0010738877266642877,96167.3424959382,910.1910686274203,0.0,0.055452887742938446,0.010300555745555412
BC,M6,2026-01-01T00:00:00,F,93,-59.65162782077641,47000.0,4200.0,-0.0012691835706548174,96167.3424959382,910.1910686274203,0.0,0.06553747875238089,0.014202768528756288
BC,M6,2026-01-01T00:00:00,F,94,-13.817770221485262,47000.0,3400.000000000001,-0.0002939951110954311,96167.3424959382,910.1910686274203,0.0,0.015181175357304521,0.004064050065142723
BC,M6,2026-01-01T00:00:00,F,95,-44.00131864495506,47000.0,2800.0,-0.0009361982690415971,96167.3424959382,910.1910686274203,0.0,0.04834294705979659,0.01571475665891252
BC,M6,2026-01-01T00:00:00,F,96,-12.557776086795911,47000.0,2200.0000000000005,-0.00026718672525097683,96167.3424959382,910.1910686274203,0.0,0.013796857077199402,0.005708080039452686
BC,M6,2026-01-01T00:00:00,F,97,-81.71219854641527,47000.0,1600.0000000000002,-0.0017385574158811758,96167.3424959382,910.1910686274203,0.0,0.08977477516851302,0.05107012409150953
BC,M6,2026-01-01T00:00:00,F,98,50.20806090209339,47000.0,1300.0,0.0010682566149381573,96167.3424959382,910.1910686274203,0.0005220905517298039,0.0,0.0
BC,M6,2026-01-01T00:00:00,F,99,-12.591477004486705,47000.0,900.0,-0.0002679037660529086,96167.3424959382,910.1910686274203,0.0,0.013833883278458019,0.013990530004985229
BC,M6,2026-01-01T00:00:00,F,100,1034.8304346902664,47000.0,1700.0000000000002,0.022017668823197157,96167.3424959382,910.1910686274203,0.01076072612419309,0.0,0.0
BC,M6,2026-01-01T00:00:00,M,1,480.48170139556896,47000.0,24099.999999999996,0.010223014923309978,96167.3424959382,910.1910686274203,0.004996308402884929,0.0,0.0
BC,M6,2026-01-01T00:00:00,M,2,405.1842479225961,47000.0,24099.999999999996,0.00862094144516162,96167.3424959382,910.1910686274203,0.004213324787879106,0.0,0.0
BC,M6,2026-01-01T00:00:00,M,3,403.6064209806609,47000.0,24099.999999999996,0.008587370659162999,96167.3424959382,910.1910686274203,0.004196917690615273,0.0,0.0
BC,M6,2026-01-01T00:00:00,M,4,402.47940835616464,47000.0,24099.999999999996,0.00856339166715244,96167.3424959382,910.1910686274203,0.004185198404262487,0.0,0.0
BC,M6,2026-01-01T00:00:00,M,5,502.0371643651051,47000.0,24300.0,0.010681641795002236,96167.3424959382,910.1910686274203,0.00522045375628748,0.0,0.0
BC,M6,2026-01-01T00:00:00,M,6,601.6377187687176,47000.0,25200.000000000004,0.012800802526993992,96167.3424959382,910.1910686274203,0.006256154149150257,0.0,0.0
BC,M6,2026-01-01T00:00:00,M,7,601.4322899294093,47000.0,25699.999999999996,0.01279643170062573,96167.3424959382,910.1910686274203,0.006254017989057063,0.0,0.0
BC,M6,2026-01-01T00:00:00,M,8,401.4779406044581,47000.0,26300.0,0.008542083842648046,96167.3424959382,910.1910686274203,0.004174784601346505,0.0,0.0
BC,M6,2026-01-01T00:00:00,M,9,501.52359127949603,47000.0,27200.0,0.010670714708074383,96167.3424959382,910.1910686274203,0.005215113345787618,0.0,0.0
BC,M6,2026-01-01T00:00:00,M,10,501.54071028263206,47000.0,27499.999999999996,0.010671078942183661,96167.3424959382,910.1910686274203,0.005215291358434029,0.0,0.0
BC,M6,2026-01-01T00:00:00,M,11,501.5863609576736,47000.0,28300.0,0.010672050233141992,96167.3424959382,910.1910686274203,0.005215766058824585,0.0,0.0
BC,M6,2026-01-01T00:00:00,M,12,402.0999331076091,47000.0,28000.0,0.00855531772569381,96167.3424959382,910.1910686274203,0.004181252415544212,0.0,0.0
BC,M6,2026-01-01T00:00:00,M,13,402.3881044448135,47000.0,28300.000000000004,0.008561449030740713,96167.3424959382,910.1910686274203,0.004184248976847926,0.0,0.0
BC,M6,2026-01-01T00:00:00,M,14,703.1384931262946,47000.0,28200.0,0.014960393470772226,96167.3424959382,910.1910686274203,0.0073116140560501915,0.0,0.0
BC,M6,2026-01-01T00:00:00,M,15,1104.169448728695,47000.0,28500.0,0.02349296699422755,96167.3424959382,910.1910686274203,0.011481750665776499,0.0,0.0
BC,M6,2026-01-01T00:00:00,M,16,1606.5281040467053,47000.0,30199.999999999996,0.03418144902227033,96167.3424959382,910.1910686274203,0.01670554745873902,0.0,0.0
BC,M6,2026-01-01T00:00:00,M,17,1509.6685650611835,47000.0,31399.999999999996,0.032120607767259224,96167.3424959382,910.1910686274203,0.015698349625549307,0.0,0.0
BC,M6,2026-01-01T00:00:00,M,18,2213.0534890779454,47000.0,32700.0,0.04708624444846692,96167.3424959382,910.1910686274203,0.023012526203179815,0.0,0.0
BC,M6,2026-01-01T00:00:00,M,19,4217.022420387875,47000.0,35600.0,0.08972388128484841,96167.3424959382,910.1910686274203,0.04385087817692362,0.0,0.0
BC,M6,2026-01-01T00:00:00,M,20,3122.4437052077483,47000.0,37300.00000000001,0.06643497245122869,96167.3424959382,910.1910686274203,0.032468857141806015,0.0,0.0
BC,M6,2026-01-01T00:00:00,M,21,1427.8108415488023,47000.0,37500.0,0.03037895407550643,96167.3424959382,910.1910686274203,0.014847148777238058,0.0,0.0
BC,M6,2026-01-01T00:00:00,M,22,532.4618654796941,47000.0,37200.0,0.011328975861270088,96167.3424959382,910.1910686274203,0.00553682624121784,0.0,0.0
BC,M6,2026-01-01T00:00:00,M,23,435.60923464510415,47000.0,36400.0,0.009268281588193705,96167.3424959382,910.1910686274203,0.004529700242714962,0.0,0.0
BC,M6,2026-01-01T00:00:00,M,24,537.2937994370732,47000.0,35200.0,0.011431782966746238,96167.3424959382,910.1910686274203,0.0055870713018795,0.0,0.0
BC,M6,2026-01-01T00:00:00,M,25,641.5377543646755,47000.0,37300.0,0.013649739454567563,96167.3424959382,910.1910686274203,0.006671056282872453,0.0,0.0
BC,M6,2026-01-01T00:00:00,M,26,945.8911120011908,47000.0,39500.0,0.020125342808535975,96167.3424959382,910.1910686274203,0.009835886980459528,0.0,0.0
BC,M6,2026-01-01T00:00:00,M,27,1049.7166513185803,47000.0,40600.0,0.02233439683656554,96167.3424959382,910.1910686274203,0.010915521049808743,0.0,0.0
BC,M6,2026-01-01T00:00:00,M,28,1053.2787572642264,47000.0,41300.0,0.022410186324770775,96167.3424959382,910.1910686274203,0.010952561752537912,0.0,0.0
BC,M6,2026-01-01T00:00:00,M,29,958.2771372442367,47000.0,42300.00000000001,0.020388875260515672,96167.3424959382,910.1910686274203,0.009964683564846468,0.0,0.0
BC,M6,2026-01-01T00:00:00,M,30,963.4173100871631,47000.0,43100.0,0.020498240640152404,96167.3424959382,910.1910686274203,0.01001813386002483,0.0,0.0
BC,M6,2026-01-01T00:00:00,M,31,1069.3660626414494,47000.0,43900.0,0.022752469417903178,96167.3424959382,910.1910686274203,0.011119846248081733,0.0,0.0
BC,M6,2026-01-01T00:00:00,M,32,874.9553550452911,47000.0,44099.99999999999,0.018616071383942362,96167.3424959382,910.1910686274203,0.009098258643075703,0.0,0.0
BC,M6,2026-01-01T00:00:00,M,33,879.6696223202598,47000.0,44200.0,0.01871637494298425,96167.3424959382,910.1910686274203,0.00914728014198182,0.0,0.0
BC,M6,2026-01-01T00:00:00,M,34,884.9869681407508,47000.0,44600.00000000001,0.01882950996044151,96167.3424959382,910.1910686274203,0.00920257277753235,0.0,0.0
BC,M6,2026-01-01T00:00:00,M,35,788.925068736593,47000.0,44800.0,0.016785639760353042,96167.3424959382,910.1910686274203,0.008203669231786401,0.0,0.0
BC,M6,2026-01-01T00:00:00,M,36,792.4864973799922,47000.0,45100.00000000001,0.016861414837872176,96167.3424959382,910.1910686274203,0.008240702891560764,0.0,0.0
BC,M6,2026-01-01T00:00:00,M,37,593.736590229506,47000.0,44300.0,0.012632693409138425,96167.3424959382,910.1910686274203,0.006173993944509629,0.0,0.0
BC,M6,2026-01-01T00:00:00,M,38,494.1887589933467,47000.0,42899.99999999999,0.010514654446666952,96167.3424959382,910.1910686274203,0.0051388417956357655,0.0,0.0
BC,M6,2026-01-01T00:00:00,M,39,396.6764720214487,47000.0,42300.00000000001,0.008439924936626568,96167.3424959382,910.1910686274203,0.004124856336112263,0.0,0.0
BC,M6,2026-01-01T00:00:00,M,40,500.6718603770787,47000.0,42400.0,0.010652592773980398,96167.3424959382,910.1910686274203,0.005206256587554403,0.0,0.0
BC,M6,2026-01-01T00:00:00,M,41,503.31571886989695,47000.0,41700.0,0.010708845082338233,96167.3424959382,910.1910686274203,0.005233748857010948,0.0,0.0
BC,M6,2026-01-01T00:00:00,M,42,506.0605348109675,47000.0,40800.0,0.010767245421509947,96167.3424959382,910.1910686274203,0.005262290936575916,0.0,0.0
BC,M6,2026-01-01T00:00:00,M,43,508.40689119973104,47000.0,39699.99999999999,0.010817167897866617,96167.3424959382,910.1910686274203,0.005286689618372313,0.0,0.0
BC,M6,2026-01-01T00:00:00,M,44,511.6940657641899,47000.0,38900.0,0.010887107782216805,96167.3424959382,910.1910686274203,0.005320871436015841,0.0,0.0
BC,M6,2026-01-01T00:00:00,M,45,413.83984629634506,47000.0,37699.99999999999,0.008805103112688192,96167.3424959382,910.1910686274203,0.004303330377605312,0.0,0.0
BC,M6,2026-01-01T00:00:00,M,46,515.4007778525483,47000.0,36400.0,0.01096597399686273,96167.3424959382,910.1910686274203,0.005359415831567948,0.0,0.0
BC,M6,2026-01-01T00:00:00,M,47,316.50045181157475,47000.0,34700.0,0.006734052166203718,96167.3424959382,910.1910686274203,0.0032911427476010656,0.0,0.0
BC,M6,2026-01-01T00:00:00,M,48,318.82348073644243,47000.0,33599.99999999999,0.006783478313541328,96167.3424959382,910.1910686274203,0.0033152988578207675,0.0,0.0
BC,M6,2026-01-01T00:00:00,M,49,224.74520049925195,47000.0,33300.0,0.004781812776579829,96167.3424959382,910.1910686274203,0.00233702205620109,0.0,0.0
BC,M6,2026-01-01T00:00:00,M,50,329.31443262544053,47000.0,32799.99999999999,0.007006690055860437,96167.3424959382,910.1910686274203,0.0034243894452979165,0.0,0.0
BC,M6,2026-01-01T00:00:00,M,51,236.33909187235986,47000.0,32600.0,0.005028491316433188,96167.3424959382,910.1910686274203,0.0024575816045071855,0.0,0.0
BC,M6,2026-01-01T00:00:00,M,52,242.6020890001164,47000.0,32199.999999999996,0.0051617465744705614,96167.3424959382,910.1910686274203,0.002522707633418935,0.0,0.0
BC,M6,2026-01-01T00:00:00,M,53,251.15417925279326,47000.0,32199.999999999996,0.005343705941548793,96167.3424959382,910.1910686274203,0.002611636889762252,0.0,0.0
BC,M6,2026-01-01T00:00:00,M,54,262.81454895038405,47000.0,32699.999999999993,0.005591798913837959,96167.3424959382,910.1910686274203,0.0027328877156139,0.0,0.0
BC,M6,2026-01-01T00:00:00,M,55,183.46551290113712,47000.0,34500.0,0.003903521551088024,96167.3424959382,910.1910686274203,0.0019077735553406409,0.0,0.0
BC,M6,2026-01-01T00:00:00,M,56,195.85030659637414,47000.0,34600.0,0.004167027799922854,96167.3424959382,910.1910686274203,0.0020365573334278865,0.0,0.0
BC,M6,2026-01-01T00:00:00,M,57,205.67576485250902,47000.0,34100.0,0.004376080103244873,96167.3424959382,910.1910686274203,0.002138727758450808,0.0,0.0
BC,M6,2026-01-01T00:00:00,M,58,214.4773968780064,47000.0,33300.0,0.004563348869744817,96167.3424959382,910.1910686274203,0.0022302518850103948,0.0,0.0
BC,M6,2026-01-01T00:00:00,M,59,226.6173132707736,47000.0,32900.0,0.004821644963207949,96167.3424959382,910.1910686274203,0.0023564892965649456,0.0,0.0
BC,M6,2026-01-01T00:00:00,M,60,252.49774705943855,47000.0,34200.0,0.005372292490626352,96167.3424959382,910.1910686274203,0.002625608033934215,0.0,0.0
BC,M6,2026-01-01T00:00:00,M,61,284.9754289412522,47000.0,36000.0,0.006063306998750046,96167.3424959382,910.1910686274203,0.0029633285223961414,0.0,0.0
BC,M6,2026-01-01T00:00:00,M,62,318.1294650194832,47000.0,37399.99999999999,0.006768712021691131,96167.3424959382,910.1910686274203,0.00330808210732162,0.0,0.0
BC,M6,2026-01-01T00:00:00,M,63,248.74603886005207,47000.0,38000.0,0.005292468911916002,96167.3424959382,910.1910686274203,0.002586595744501917,0.0,0.0
BC,M6,2026-01-01T00:00:00,M,64,160.7994067551699,47000.0,36399.99999999999,0.0034212639735142535,96167.3424959382,910.1910686274203,0.0016720791339530005,0.0,0.0
BC,M6,2026-01-01T00:00:00,M,65,287.24480605737335,47000.0,36300.0,0.006111591618241986,96167.3424959382,910.1910686274203,0.002986926732112886,0.0,0.0
BC,M6,2026-01-01T00:00:00,M,66,311.5394926058143,47000.0,35700.0,0.0066284998426769,96167.3424959382,910.1910686274203,0.003239556012676265,0.0,0.0
BC,M6,2026-01-01T00:00:00,M,67,233.18141473807918,47000.0,34600.0,0.004961306696554877,96167.3424959382,910.1910686274203,0.002424746371128307,0.0,0.0
BC,M6,2026-01-01T00:00:00,M,68,266.93728720533545,47000.0,34400.0,0.00567951674904969,96167.3424959382,910.1910686274203,0.002775758176083633,0.0,0.0
BC,M6,2026-01-01T00:00:00,M,69,284.84015336160155,47000.0,32899.99999999999,0.006060428794927693,96167.3424959382,910.1910686274203,0.0029619218538105316,0.0,0.0
BC,M6,2026-01-01T00:00:00,M,70,119.12747507282256,47000.0,32200.0,0.0025346271292089905,96167.3424959382,910.1910686274203,0.0012387518671201103,0.0,0.0
BC,M6,2026-01-01T00:00:00,M,71,244.2915042027089,47000.0,31099.999999999996,0.00519769157878104,96167.3424959382,910.1910686274203,0.0025402750857238983,0.0,0.0
BC,M6,2026-01-01T00:00:00,M,72,159.62618156841927,47000.0,29199.999999999996,0.0033963017354982825,96167.3424959382,910.1910686274203,0.0016598793044027538,0.0,0.0
BC,M6,2026-01-01T00:00:00,M,73,188.26083479420777,47000.0,28099.999999999996,0.004005549676472505,96167.3424959382,910.1910686274203,0.0019576379039709796,0.0,0.0
BC,M6,2026-01-01T00:00:00,M,74,111.80052098814122,47000.0,26599.999999999996,0.0023787344891093875,96167.3424959382,910.1910686274203,0.001162562238764821,0.0,0.0
BC,M6,2026-01-01T00:00:00,M,75,142.98730074788546,47000.0,25500.0,0.003042282994635861,96167.3424959382,910.1910686274203,0.001486859229305674,0.0,0.0
BC,M6,2026-01-01T00:00:00,M,76,86.23210342421226,47000.0,24700.0,0.0018347256047704734,96167.3424959382,910.1910686274203,0.0008966880147265629,0.0,0.0
BC,M6,2026-01-01T00:00:00,M,77,109.11036709359905,47000.0,23199.999999999996,0.0023214971722042353,96167.3424959382,910.1910686274203,0.0011345885647012397,0.0,0.0
BC,M6,2026-01-01T00:00:00,M,78,63.79598281716244,47000.0,22599.999999999996,0.001357361336535371,96167.3424959382,910.1910686274203,0.0006633851072660865,0.0,0.0
BC,M6,2026-01-01T00:00:00,M,79,5.508182936748199,47000.0,21499.999999999996,0.0001171953816329404,96167.3424959382,910.1910686274203,5.7277063021480986e-05,0.0,0.0
BC,M6,2026-01-01T00:00:00,M,80,9.582127401954494,47000.0,17100.0,0.00020387505110541478,96167.3424959382,910.1910686274203,9.964013929530405e-05,0.0,0.0
BC,M6,2026-01-01T00:00:00,M,81,4.917426059095305,47000.0,15300.0,0.0001046260863637299,96167.3424959382,910.1910686274203,5.113405373870035e-05,0.0,0.0
BC,M6,2026-01-01T00:00:00,M,82,-58.71946129475873,47000.0,14399.999999999998,-0.0012493502403140156,96167.3424959382,910.1910686274203,0.0,0.06451333496746833,0.004077740367691579
BC,M6,2026-01-01T00:00:00,M,83,46.09992050914843,47000.0,13099.999999999998,0.000980849372535073,96167.3424959382,910.1910686274203,0.00047937188771848973,0.0,0.0
BC,M6,2026-01-01T00:00:00,M,84,20.30135703932683,47000.0,11300.0,0.0004319437667941879,96167.3424959382,910.1910686274203,0.00021110448217059026,0.0,0.0
BC,M6,2026-01-01T00:00:00,M,85,7.498429659483008,47000.0,9900.0,0.00015954105658474486,96167.3424959382,910.1910686274203,7.797272405442334e-05,0.0,0.0
BC,M6,2026-01-01T00:00:00,M,86,-1.3668093431260786,47000.0,8699.999999999998,-2.9081049853746353e-05,96167.3424959382,910.1910686274203,0.0,0.0015016729895924428,0.00015710452219839987
BC,M6,2026-01-01T00:00:00,M,87,-11.899956777579973,47000.0,7600.0,-0.00025319056973574413,96167.3424959382,910.1910686274203,0.0,0.013074130463096346,0.0015657837865236807
BC,M6,2026-01-01T00:00:00,M,88,57.50126571826877,47000.0,6499.999999999999,0.00122343118549508,96167.3424959382,910.1910686274203,0.0005979292369516964,0.0,0.0
BC,M6,2026-01-01T00:00:00,M,89,42.35478468233123,47000.0,5600.0,0.0009011656315389623,96167.3424959382,910.1910686274203,0.00044042794136814334,0.0,0.0
BC,M6,2026-01-01T00:00:00,M,90,38.54931446667524,47000.0,4900.0,0.0008201981801420264,96167.3424959382,910.1910686274203,0.00040085660543550365,0.0,0.0
BC,M6,2026-01-01T00:00:00,M,91,-13.664726221022192,47000.0,3900.0,-0.00029073885576642964,96167.3424959382,910.1910686274203,0.0,0.015013030441650864,0.0035037759541082544
BC,M6,2026-01-01T00:00:00,M,92,-45.23357121861227,47000.0,3200.0,-0.000962416408906644,96167.3424959382,910.1910686274203,0.0,0.04969678650750228,0.014135491005816334
BC,M6,2026-01-01T00:00:00,M,93,-95.42899572814576,47000.0,2500.0,-0.0020304041644286334,96167.3424959382,910.1910686274203,0.0,0.10484501443422632,0.0381715982912583
BC,M6,2026-01-01T00:00:00,M,94,-48.56300736629328,47000.0,1999.9999999999995,-0.0010332554758785803,96167.3424959382,910.1910686274203,0.0,0.05335473950488979,0.024281503683146643
BC,M6,2026-01-01T00:00:00,M,95,-21.25542055872188,47000.0,1500.0,-0.00045224299061110383,96167.3424959382,910.1910686274203,0.0,0.0233527017473104,0.014170280372481253
BC,M6,2026-01-01T00:00:00,M,96,3.2036096893164085,47000.0,1100.0,6.816190828332784e-05,96167.3424959382,910.1910686274203,3.3312864909953386e-05,0.0,0.0
BC,M6,2026-01-01T00:00:00,M,97,35.90432336212359,47000.0,800.0,0.000763921773662204,96167.3424959382,910.1910686274203,0.0003733525584700448,0.0,0.0
BC,M6,2026-01-01T00:00:00,M,98,-20.83074148946673,47000.0,500.0,-0.00044320726573333474,96167.3424959382,910.1910686274203,0.0,0.02288611941762926,0.04166148297893346
BC,M6,2026-01-01T00:00:00,M,99,10.634735108465918,47000.0,300.0,0.000226270959754594,96167.3424959382,910.1910686274203,0.00011058572309945131,0.0,0.0
BC,M6,2026-01-01T00:00:00,M,100,289.2900285113377,47000.0,499.9999999999999,0.00615510698960293,96167.3424959382,910.1910686274203,0.0030081940605102653,0.0,0.0
BC,M6,2027-01-01T00:00:00,F,1,273.9015492250619,47600.0,23100.000000000004,0.005754234227417267,92599.13437476747,1462.0577583856339,0.0029579277503451254,0.0,0.0
BC,M6,2027-01-01T00:00:00,F,2,303.2551922646526,47600.0,23100.000000000004,0.006370907400517912,92599.13437476747,1462.0577583856339,0.003274924698942836,0.0,0.0
BC,M6,2027-01-01T00:00:00,F,3,402.59272833565774,47600.0,23100.000000000004,0.0084578304272197,92599.13437476747,1462.0577583856339,0.004347694295999392,0.0,0.0
BC,M6,2027-01-01T00:00:00,F,4,402.16060486370407,47600.0,23100.000000000004,0.008448752203018993,92599.13437476747,1462.0577583856339,0.004343027692203672,0.0,0.0
BC,M6,2027-01-01T00:00:00,F,5,501.944543440135,47600.0,23200.000000000004,0.010545053433616282,92599.13437476747,1462.0577583856339,0.005420618095722835,0.0,0.0
BC,M6,2027-01-01T00:00:00,F,6,501.736096683966,47600.0,23299.999999999996,0.01054067430008332,92599.13437476747,1462.0577583856339,0.005418367029796827,0.0,0.0
BC,M6,2027-01-01T00:00:00,F,7,501.55239710901515,47600.0,23800.0,0.010536815065315444,92599.13437476747,1462.0577583856339,0.005416383214546379,0.0,0.0
BC,M6,2027-01-01T00:00:00,F,8,501.3706013240735,47600.0,24500.0,0.010532995826135998,92599.13437476747,1462.0577583856339,0.0054144199587754785,0.0,0.0
BC,M6,2027-01-01T00:00:00,F,9,401.4277097125778,47600.0,25400.0,0.00843335524606256,92599.13437476747,1462.0577583856339,0.004335112983755533,0.0,0.0
BC,M6,2027-01-01T00:00:00,F,10,401.46197474568544,47600.0,26000.000000000004,0.008434075099699274,92599.13437476747,1462.0577583856339,0.004335483019969576,0.0,0.0
BC,M6,2027-01-01T00:00:00,F,11,401.4676855845246,47600.0,26099.999999999996,0.008434195075305139,92599.13437476747,1462.0577583856339,0.004335544692671786,0.0,0.0
BC,M6,2027-01-01T00:00:00,F,12,401.7256259709611,47600.0,26300.0,0.008439613990986578,92599.13437476747,1462.0577583856339,0.004338330252042055,0.0,0.0
BC,M6,2027-01-01T00:00:00,F,13,501.9873738355964,47600.0,26600.0,0.010545953231840259,92599.13437476747,1462.0577583856339,0.005421080631315102,0.0,0.0
BC,M6,2027-01-01T00:00:00,F,14,602.2786279959328,47600.0,27200.0,0.01265291235285573,92599.13437476747,1462.0577583856339,0.006504149656069019,0.0,0.0
BC,M6,2027-01-01T00:00:00,F,15,1103.0495967648421,47600.0,27799.999999999996,0.023173310856404245,92599.13437476747,1462.0577583856339,0.011912094040756114,0.0,0.0
BC,M6,2027-01-01T00:00:00,F,16,1904.4011764739444,47600.0,29100.0,0.0400084280771837,92599.13437476747,1462.0577583856339,0.02056607968673278,0.0,0.0
BC,M6,2027-01-01T00:00:00,F,17,1606.6474740909616,47600.0,30700.0,0.03375309819518827,92599.13437476747,1462.0577583856339,0.017350566880987607,0.0,0.0
BC,M6,2027-01-01T00:00:00,F,18,2208.680575461909,47600.0,32600.0,0.04640085242567036,92599.13437476747,1462.0577583856339,0.023852065036838583,0.0,0.0
BC,M6,2027-01-01T00:00:00,F,19,4211.033500191359,47600.0,36400.0,0.0884670903401546,92599.13437476747,1462.0577583856339,0.04547594886954831,0.0,0.0
BC,M6,2027-01-01T00:00:00,F,20,2613.6976780451296,47600.0,37700.0,0.05490961508498171,92599.13437476747,1462.0577583856339,0.02822594072496364,0.0,0.0
BC,M6,2027-01-01T00:00:00,F,21,1115.5052189240523,47600.0,37300.0,0.023434983590841434,92599.13437476747,1462.0577583856339,0.012046605256690376,0.0,0.0
BC,M6,2027-01-01T00:00:00,F,22,316.5846117352339,47600.0,36600.0,0.006650937221328443,92599.13437476747,1462.0577583856339,0.003418872259150413,0.0,0.0
BC,M6,2027-01-01T00:00:00,F,23,517.3784595322795,47600.0,36300.0,0.0108692953683252,92599.13437476747,1462.0577583856339,0.005587292613755373,0.0,0.0
BC,M6,2027-01-01T00:00:00,F,24,817.505069413055,47600.0,35500.0,0.017174476248173424,92599.13437476747,1462.0577583856339,0.00882843100999677,0.0,0.0
BC,M6,2027-01-01T00:00:00,F,25,1117.202388097554,47600.0,35200.0,0.023470638405410797,92599.13437476747,1462.0577583856339,0.012064933388858792,0.0,0.0
BC,M6,2027-01-01T00:00:00,F,26,918.5644540173016,47600.0,37700.0,0.01929757256338869,92599.13437476747,1462.0577583856339,0.009919795257477085,0.0,0.0
BC,M6,2027-01-01T00:00:00,F,27,1119.7371156706504,47600.0,39500.0,0.02352388898467753,92599.13437476747,1462.0577583856339,0.012092306512702886,0.0,0.0
BC,M6,2027-01-01T00:00:00,F,28,1120.5214322412867,47600.0,40300.0,0.023540366223556444,92599.13437476747,1462.0577583856339,0.012100776533248241,0.0,0.0
BC,M6,2027-01-01T00:00:00,F,29,1121.593212457934,47600.0,40900.0,0.023562882614662477,92599.13437476747,1462.0577583856339,0.012112350941841625,0.0,0.0
BC,M6,2027-01-01T00:00:00,F,30,1022.5193646301923,47600.0,41100.0,0.021481499256936813,92599.13437476747,1462.0577583856339,0.011042428976623574,0.0,0.0
BC,M6,2027-01-01T00:00:00,F,31,1124.5496551995893,47600.0,42700.0,0.023624992756293893,92599.13437476747,1462.0577583856339,0.0121442782677461,0.0,0.0
BC,M6,2027-01-01T00:00:00,F,32,926.2591963932573,47600.0,42700.0,0.019459226814984396,92599.13437476747,1462.0577583856339,0.010002892604206197,0.0,0.0
BC,M6,2027-01-01T00:00:00,F,33,828.1172305688888,47600.0,42999.99999999999,0.01739742081027077,92599.13437476747,1462.0577583856339,0.008943034253617647,0.0,0.0
BC,M6,2027-01-01T00:00:00,F,34,830.4826160790399,47600.0,43500.0,0.017447113783173106,92599.13437476747,1462.0577583856339,0.008968578612386466,0.0,0.0
BC,M6,2027-01-01T00:00:00,F,35,733.2001939463371,47600.0,44300.00000000001,0.015403365419040695,92599.13437476747,1462.0577583856339,0.007918002677853631,0.0,0.0
BC,M6,2027-01-01T00:00:00,F,36,736.3537639198257,47600.0,44600.00000000001,0.015469616889071969,92599.13437476747,1462.0577583856339,0.007952058827457855,0.0,0.0
BC,M6,2027-01-01T00:00:00,F,37,639.5473327404543,47600.0,44800.0,0.013435868334883494,92599.13437476747,1462.0577583856339,0.0069066232320496275,0.0,0.0
BC,M6,2027-01-01T00:00:00,F,38,541.8195322554602,47600.0,44000.0,0.011382763282677736,92599.13437476747,1462.0577583856339,0.005851237551126631,0.0,0.0
BC,M6,2027-01-01T00:00:00,F,39,543.1836374567647,47600.0,43300.0,0.011411420954974048,92599.13437476747,1462.0577583856339,0.005865968846516322,0.0,0.0
BC,M6,2027-01-01T00:00:00,F,40,444.3754635422083,47600.0,42400.0,0.009335618981979167,92599.13437476747,1462.0577583856339,0.004798915956856904,0.0,0.0
BC,M6,2027-01-01T00:00:00,F,41,445.97466798257665,47600.0,42400.0,0.009369215713919677,92599.13437476747,1462.0577583856339,0.00481618614465257,0.0,0.0
BC,M6,2027-01-01T00:00:00,F,42,546.667709473375,47600.0,41699.99999999999,0.011484615745238971,92599.13437476747,1462.0577583856339,0.005903594166019954,0.0,0.0
BC,M6,2027-01-01T00:00:00,F,43,447.76814978082257,47600.0,41200.00000000001,0.009406893902958458,92599.13437476747,1462.0577583856339,0.00483555437968366,0.0,0.0
BC,M6,2027-01-01T00:00:00,F,44,448.9790339293031,47600.0,40600.0,0.009432332645573594,92599.13437476747,1462.0577583856339,0.004848631004607386,0.0,0.0
BC,M6,2027-01-01T00:00:00,F,45,350.764874684377,47600.0,40100.00000000001,0.007369009972360861,92599.13437476747,1462.0577583856339,0.0037879930201589187,0.0,0.0
BC,M6,2027-01-01T00:00:00,F,46,351.5379631111937,47600.0,38700.0,0.0073852513258654134,92599.13437476747,1462.0577583856339,0.003796341785317866,0.0,0.0
BC,M6,2027-01-01T00:00:00,F,47,352.9697519159163,47600.0,37900.0,0.007415330922603283,92599.13437476747,1462.0577583856339,0.003811804011983267,0.0,0.0
BC,M6,2027-01-01T00:00:00,F,48,253.65057285910007,47600.0,36100.0,0.005328793547460085,92599.13437476747,1462.0577583856339,0.002739232656673925,0.0,0.0
BC,M6,2027-01-01T00:00:00,F,49,255.31947768712416,47600.0,35000.0,0.005363854573258911,92599.13437476747,1462.0577583856339,0.0027572555554763014,0.0,0.0
BC,M6,2027-01-01T00:00:00,F,50,258.7837102409321,47600.0,34700.0,0.00543663256808681,92599.13437476747,1462.0577583856339,0.002794666623918772,0.0,0.0
BC,M6,2027-01-01T00:00:00,F,51,163.93289218933933,47600.0,34900.00000000001,0.003443968323305448,92599.13437476747,1462.0577583856339,0.0017703501581976962,0.0,0.0
BC,M6,2027-01-01T00:00:00,F,52,267.9122928770812,47600.0,34500.00000000001,0.005628409514224395,92599.13437476747,1462.0577583856339,0.002893248351467151,0.0,0.0
BC,M6,2027-01-01T00:00:00,F,53,272.92365239687933,47600.0,34400.0,0.005733690176405028,92599.13437476747,1462.0577583856339,0.0029473672107160525,0.0,0.0
BC,M6,2027-01-01T00:00:00,F,54,279.24499904217373,47600.0,34600.0,0.005866491576516255,92599.13437476747,1462.0577583856339,0.003015632931426903,0.0,0.0
BC,M6,2027-01-01T00:00:00,F,55,287.04201995633775,47600.0,35100.0,0.006030294536897852,92599.13437476747,1462.0577583856339,0.0030998348083322302,0.0,0.0
BC,M6,2027-01-01T00:00:00,F,56,200.84027470422006,47600.0,37400.0,0.004219333502189497,92599.13437476747,1462.0577583856339,0.0021689217297796624,0.0,0.0
BC,M6,2027-01-01T00:00:00,F,57,209.65645231944654,47600.0,37500.0,0.004404547317635432,92599.13437476747,1462.0577583856339,0.0022641297214607255,0.0,0.0
BC,M6,2027-01-01T00:00:00,F,58,218.5967025454156,47600.0,37400.0,0.004592367700533942,92599.13437476747,1462.0577583856339,0.0023606776026729413,0.0,0.0
BC,M6,2027-01-01T00:00:00,F,59,224.40347517207556,47600.0,36100.00000000001,0.004714358722102427,92599.13437476747,1462.0577583856339,0.0024233863165920018,0.0,0.0
BC,M6,2027-01-01T00:00:00,F,60,332.3221648778126,47600.0,35300.0,0.006981558085668332,92599.13437476747,1462.0577583856339,0.003588825825658774,0.0,0.0
BC,M6,2027-01-01T00:00:00,F,61,250.17442515766015,47600.0,36700.0,0.005255765234404625,92599.13437476747,1462.0577583856339,0.0027016929137280436,0.0,0.0
BC,M6,2027-01-01T00:00:00,F,62,270.84091148157313,47600.0,38200.0,0.005689935115159099,92599.13437476747,1462.0577583856339,0.002924875197919508,0.0,0.0
BC,M6,2027-01-01T00:00:00,F,63,297.100847262911,47600.0,40299.99999999999,0.006241614438296449,92599.13437476747,1462.0577583856339,0.003208462468563514,0.0,0.0
BC,M6,2027-01-01T00:00:00,F,64,315.8592307949875,47600.0,40300.0,0.006635698125945116,92599.13437476747,1462.0577583856339,0.003411038698446588,0.0,0.0
BC,M6,2027-01-01T00:00:00,F,65,228.295302269049,47600.0,38800.0,0.004796119795568256,92599.13437476747,1462.0577583856339,0.00246541507985476,0.0,0.0
BC,M6,2027-01-01T00:00:00,F,66,251.75820756165922,47600.0,39000.0,0.005289037973984437,92599.13437476747,1462.0577583856339,0.00271879655529762,0.0,0.0
BC,M6,2027-01-01T00:00:00,F,67,274.51785929792095,47600.0,38699.99999999999,0.005767181918023549,92599.13437476747,1462.0577583856339,0.0029645834289000104,0.0,0.0
BC,M6,2027-01-01T00:00:00,F,68,196.69929834865616,47600.0,37900.0,0.00413233820060202,92599.13437476747,1462.0577583856339,0.0021242023446199207,0.0,0.0
BC,M6,2027-01-01T00:00:00,F,69,223.6629106411565,47600.0,37500.0,0.004698800643721775,92599.13437476747,1462.0577583856339,0.002415388784693681,0.0,0.0
BC,M6,2027-01-01T00:00:00,F,70,246.53264847653918,47600.0,36400.0,0.005179257320935697,92599.13437476747,1462.0577583856339,0.0026623645041731338,0.0,0.0
BC,M6,2027-01-01T00:00:00,F,71,274.31174097174517,47600.0,35599.99999999999,0.005762851701087084,92599.13437476747,1462.0577583856339,0.002962357508241383,0.0,0.0
BC,M6,2027-01-01T00:00:00,F,72,205.99225686360296,47600.0,34800.0,0.004327568421504264,92599.13437476747,1462.0577583856339,0.0022245592062438784,0.0,0.0
BC,M6,2027-01-01T00:00:00,F,73,129.12940220687597,47600.0,33100.0,0.0027128025673713438,92599.13437476747,1462.0577583856339,0.0013944990207388234,0.0,0.0
BC,M6,2027-01-01T00:00:00,F,74,150.27654135639023,47600.0,31300.0,0.00315707019656282,92599.13437476747,1462.0577583856339,0.001622871988718497,0.0,0.0
BC,M6,2027-01-01T00:00:00,F,75,74.66378241559141,47600.0,29600.000000000004,0.0015685668574704078,92599.13437476747,1462.0577583856339,0.0008063118831479779,0.0,0.0
BC,M6,2027-01-01T00:00:00,F,76,106.74976617037828,47600.0,28400.000000000004,0.0022426421464365183,92599.13437476747,1462.0577583856339,0.0011528160267496707,0.0,0.0
BC,M6,2027-01-01T00:00:00,F,77,-47.604438739504985,47600.0,27599.999999999996,-0.0010000932508299368,92599.13437476747,1462.0577583856339,0.0,0.03255988928376439,0.0017247985050545286
BC,M6,2027-01-01T00:00:00,F,78,-23.438084952322242,47600.0,25800.0,-0.0004923967426958454,92599.13437476747,1462.0577583856339,0.0,0.0160308885322027,0.000908452905128769
BC,M6,2027-01-01T00:00:00,F,79,24.056138498421205,47600.0,25000.0,0.0005053810608912018,92599.13437476747,1462.0577583856339,0.0002597879414408037,0.0,0.0
BC,M6,2027-01-01T00:00:00,F,80,70.34056681494985,47600.0,24000.000000000004,0.0014777430003140724,92599.13437476747,1462.0577583856339,0.0007596244531862179,0.0,0.0
BC,M6,2027-01-01T00:00:00,F,81,0.9438910232129274,47600.0,19100.0,1.9829643344809398e-05,92599.13437476747,1462.0577583856339,1.0193302881135034e-05,0.0,0.0
BC,M6,2027-01-01T00:00:00,F,82,8.595777937229286,47600.0,17200.0,0.00018058357010985895,92599.13437476747,1462.0577583856339,9.282784331914412e-05,0.0,0.0
BC,M6,2027-01-01T00:00:00,F,83,48.37613756425708,47600.0,16300.000000000002,0.0010163054110138043,92599.13437476747,1462.0577583856339,0.0005224253756894642,0.0,0.0
BC,M6,2027-01-01T00:00:00,F,84,-36.02200745359369,47600.0,14700.000000000002,-0.0007567648624704557,92599.13437476747,1462.0577583856339,0.0,0.024637882632877823,0.00245047669752338
BC,M6,2027-01-01T00:00:00,F,85,-40.283560515670615,47600.0,12900.000000000002,-0.0008462932881443407,92599.13437476747,1462.0577583856339,0.0,0.02755264645642363,0.0031227566291217525
BC,M6,2027-01-01T00:00:00,F,86,-16.7415796128862,47600.0,11800.0,-0.0003517138574135756,92599.13437476747,1462.0577583856339,0.0,0.011450696470002537,0.0014187779332954405
BC,M6,2027-01-01T00:00:00,F,87,-27.808141734365563,47600.0,10200.0,-0.0005842046582849908,92599.13437476747,1462.0577583856339,0.0,0.019019865374587247,0.002726288405329957
BC,M6,2027-01-01T00:00:00,F,88,-31.080952149346558,47600.0,8900.000000000002,-0.000652961179608121,92599.13437476747,1462.0577583856339,0.0,0.021258361354797185,0.0034922418145333202
BC,M6,2027-01-01T00:00:00,F,89,-106.31637050993686,47600.0,8000.000000000002,-0.002233537195586909,92599.13437476747,1462.0577583856339,0.0,0.07271694288420495,0.013289546313742105
BC,M6,2027-01-01T00:00:00,F,90,-103.45643863808164,47600.0,7000.0,-0.002173454593237009,92599.13437476747,1462.0577583856339,0.0,0.07076084241180426,0.014779491234011663
BC,M6,2027-01-01T00:00:00,F,91,-11.13620691266533,47600.0,6100.0,-0.0002339539267366666,92599.13437476747,1462.0577583856339,0.0,0.007616803678783278,0.0018256076906008737
BC,M6,2027-01-01T00:00:00,F,92,-34.58454846480163,47600.0,5100.000000000001,-0.0007265661442185216,92599.13437476747,1462.0577583856339,0.0,0.02365470739199044,0.0067812840127062
BC,M6,2027-01-01T00:00:00,F,93,-66.4946551080684,47600.0,4200.0,-0.0013969465358837899,92599.13437476747,1462.0577583856339,0.0,0.04548018347885932,0.015832060740016286
BC,M6,2027-01-01T00:00:00,F,94,-90.96729673029904,47600.0,3500.0000000000005,-0.0019110776624012404,92599.13437476747,1462.0577583856339,0.0,0.062218675157363665,0.025990656208656863
BC,M6,2027-01-01T00:00:00,F,95,-49.720764955834966,47600.0,2800.0000000000005,-0.001044553885626785,92599.13437476747,1462.0577583856339,0.0,0.03400738764981169,0.017757416055655343
BC,M6,2027-01-01T00:00:00,F,96,0.40035495947995514,47600.0,2300.0000000000005,8.410818476469646e-06,92599.13437476747,1462.0577583856339,4.323528099729717e-06,0.0,0.0
BC,M6,2027-01-01T00:00:00,F,97,-66.1112163337882,47600.0,1699.9999999999998,-0.001388891099449332,92599.13437476747,1462.0577583856339,0.0,0.04521792381635216,0.0388889507845813
BC,M6,2027-01-01T00:00:00,F,98,46.84163586002592,47600.0,1300.0,0.0009840679802526453,92599.13437476747,1462.0577583856339,0.0005058539280772142,0.0,0.0
BC,M6,2027-01-01T00:00:00,F,99,-91.55545588527639,47600.0,900.0,-0.001923433947169672,92599.13437476747,1462.0577583856339,0.0,0.06262095690827532,0.10172828431697377
BC,M6,2027-01-01T00:00:00,F,100,1132.6934861066559,47600.0,1800.0000000000002,0.02379608164089613,92599.13437476747,1462.0577583856339,0.012232225427965836,0.0,0.0
BC,M6,2027-01-01T00:00:00,M,1,480.4869015808945,47600.0,24499.999999999996,0.010094262638254086,92599.13437476747,1462.0577583856339,0.005188891935385341,0.0,0.0
BC,M6,2027-01-01T00:00:00,M,2,405.18430963298306,47600.0,24499.999999999996,0.008512275412457627,92599.13437476747,1462.0577583856339,0.004375681396686928,0.0,0.0
BC,M6,2027-01-01T00:00:00,M,3,403.60645992635546,47600.0,24499.999999999996,0.008479127309377216,92599.13437476747,1462.0577583856339,0.0043586418237224365,0.0,0.0
BC,M6,2027-01-01T00:00:00,M,4,402.47943317528916,47600.0,24499.999999999996,0.008455450276791789,92599.13437476747,1462.0577583856339,0.004346470794709303,0.0,0.0
BC,M6,2027-01-01T00:00:00,M,5,502.0286245173702,47600.0,24599.999999999996,0.010546819842801895,92599.13437476747,1462.0577583856339,0.005421526107204831,0.0,0.0
BC,M6,2027-01-01T00:00:00,M,6,601.5909109438253,47600.0,24900.000000000004,0.012638464515626582,92599.13437476747,1462.0577583856339,0.006496722836620318,0.0,0.0
BC,M6,2027-01-01T00:00:00,M,7,601.4141421458698,47600.0,25800.0,0.012634750885417434,92599.13437476747,1462.0577583856339,0.00649481386847338,0.0,0.0
BC,M6,2027-01-01T00:00:00,M,8,401.4422005217857,47600.0,26100.0,0.008433659674827431,92599.13437476747,1462.0577583856339,0.004335269473438787,0.0,0.0
BC,M6,2027-01-01T00:00:00,M,9,501.47587057287456,47600.0,26800.0,0.010535207364976356,92599.13437476747,1462.0577583856339,0.005415556786344244,0.0,0.0
BC,M6,2027-01-01T00:00:00,M,10,501.52637564951146,47600.0,27699.999999999996,0.01053626839599814,92599.13437476747,1462.0577583856339,0.005416102202637581,0.0,0.0
BC,M6,2027-01-01T00:00:00,M,11,401.5432106750668,47600.0,27900.000000000004,0.00843578173687115,92599.13437476747,1462.0577583856339,0.00433636030602554,0.0,0.0
BC,M6,2027-01-01T00:00:00,M,12,402.11747484308216,47600.0,28700.0,0.008447846110148784,92599.13437476747,1462.0577583856339,0.00434256192088828,0.0,0.0
BC,M6,2027-01-01T00:00:00,M,13,402.3569081529604,47600.0,28400.0,0.008452876221700848,92599.13437476747,1462.0577583856339,0.004345147617952241,0.0,0.0
BC,M6,2027-01-01T00:00:00,M,14,703.1762204878214,47600.0,29000.0,0.014772609674113896,92599.13437476747,1462.0577583856339,0.007593766672179944,0.0,0.0
BC,M6,2027-01-01T00:00:00,M,15,1004.220007050757,47600.0,29200.000000000004,0.021097058971654557,92599.13437476747,1462.0577583856339,0.010844809876801602,0.0,0.0
BC,M6,2027-01-01T00:00:00,M,16,1606.3973842398846,47600.0,30100.0,0.033747844206720265,92599.13437476747,1462.0577583856339,0.017347866101409423,0.0,0.0
BC,M6,2027-01-01T00:00:00,M,17,1509.603620840444,47600.0,31700.0,0.03171436178236227,92599.13437476747,1462.0577583856339,0.01630256730835919,0.0,0.0
BC,M6,2027-01-01T00:00:00,M,18,2213.2158286559497,47600.0,33600.0,0.046496130854116594,92599.13437476747,1462.0577583856339,0.023901042311028704,0.0,0.0
BC,M6,2027-01-01T00:00:00,M,19,4417.433244417258,47600.0,37100.0,0.09280321942053063,92599.13437476747,1462.0577583856339,0.047704908628400454,0.0,0.0
BC,M6,2027-01-01T00:00:00,M,20,3122.97513504207,47600.0,38700.0,0.06560872132441324,92599.13437476747,1462.0577583856339,0.03372574869223676,0.0,0.0
BC,M6,2027-01-01T00:00:00,M,21,1328.2589621685038,47600.0,38600.0,0.027904600045556803,92599.13437476747,1462.0577583856339,0.014344183356971464,0.0,0.0
BC,M6,2027-01-01T00:00:00,M,22,532.6196988264128,47600.0,38000.0,0.011189489471143127,92599.13437476747,1462.0577583856339,0.005751886369377848,0.0,0.0
BC,M6,2027-01-01T00:00:00,M,23,436.18637688265153,47600.0,37600.0,0.009163579346274191,92599.13437476747,1462.0577583856339,0.004710480069039488,0.0,0.0
BC,M6,2027-01-01T00:00:00,M,24,438.4725683649449,47600.0,36800.0,0.009211608579095481,92599.13437476747,1462.0577583856339,0.004735169192730869,0.0,0.0
BC,M6,2027-01-01T00:00:00,M,25,639.1798405744848,47600.0,35800.0,0.013428147911228674,92599.13437476747,1462.0577583856339,0.0069026545970461714,0.0,0.0
BC,M6,2027-01-01T00:00:00,M,26,843.6107515641779,47600.0,38100.0,0.017722914948827266,92599.13437476747,1462.0577583856339,0.009110352459126822,0.0,0.0
BC,M6,2027-01-01T00:00:00,M,27,948.7694346307471,47600.0,40400.0,0.019932130979637544,92599.13437476747,1462.0577583856339,0.010245986002319254,0.0,0.0
BC,M6,2027-01-01T00:00:00,M,28,952.7860902328466,47600.0,41500.0,0.020016514500690055,92599.13437476747,1462.0577583856339,0.010289362818195775,0.0,0.0
BC,M6,2027-01-01T00:00:00,M,29,957.1732603781493,47600.0,42200.0,0.02010868194071742,92599.13437476747,1462.0577583856339,0.010336740908443864,0.0,0.0
BC,M6,2027-01-01T00:00:00,M,30,962.514600134331,47600.0,43200.0,0.020220894960805272,92599.13437476747,1462.0577583856339,0.010394423302477529,0.0,0.0
BC,M6,2027-01-01T00:00:00,M,31,968.5351816704278,47600.0,44000.0,0.02034737776618546,92599.13437476747,1462.0577583856339,0.010459440989486679,0.0,0.0
BC,M6,2027-01-01T00:00:00,M,32,774.7354508048084,47600.0,44600.0,0.01627595484884051,92599.13437476747,1462.0577583856339,0.00836655176137281,0.0,0.0
BC,M6,2027-01-01T00:00:00,M,33,779.6140543949441,47600.0,44800.00000000001,0.016378446520902187,92599.13437476747,1462.0577583856339,0.00841923695787142,0.0,0.0
BC,M6,2027-01-01T00:00:00,M,34,784.3430636108242,47600.0,44900.0,0.01647779545400891,92599.13437476747,1462.0577583856339,0.008470306649265518,0.0,0.0
BC,M6,2027-01-01T00:00:00,M,35,788.4443111677974,47600.0,45299.99999999999,0.016563956116970535,92599.13437476747,1462.0577583856339,0.008514596993712743,0.0,0.0
BC,M6,2027-01-01T00:00:00,M,36,791.7747649745579,47600.0,45499.99999999999,0.016633923633919283,92599.13437476747,1462.0577583856339,0.008550563353757552,0.0,0.0
BC,M6,2027-01-01T00:00:00,M,37,494.9209112766621,47600.0,45500.0,0.01039749813606433,92599.13437476747,1462.0577583856339,0.005344768227245158,0.0,0.0
BC,M6,2027-01-01T00:00:00,M,38,496.5527694551711,47600.0,44700.0,0.010431780870906956,92599.13437476747,1462.0577583856339,0.005362391050498608,0.0,0.0
BC,M6,2027-01-01T00:00:00,M,39,397.11364981009683,47600.0,43199.99999999999,0.008342723735506236,92599.13437476747,1462.0577583856339,0.004288524428348297,0.0,0.0
BC,M6,2027-01-01T00:00:00,M,40,499.7128978437904,47600.0,42700.0,0.010498170122768706,92599.13437476747,1462.0577583856339,0.005396518025982306,0.0,0.0
BC,M6,2027-01-01T00:00:00,M,41,504.31220536380715,47600.0,42800.0,0.010594794230332083,92599.13437476747,1462.0577583856339,0.005446187038020824,0.0,0.0
BC,M6,2027-01-01T00:00:00,M,42,507.6619679871219,47600.0,42100.00000000001,0.010665167394687435,92599.13437476747,1462.0577583856339,0.005482361918552186,0.0,0.0
BC,M6,2027-01-01T00:00:00,M,43,410.682580052453,47600.0,41100.0,0.008627785295219601,92599.13437476747,1462.0577583856339,0.0044350585221492175,0.0,0.0
BC,M6,2027-01-01T00:00:00,M,44,513.2702023907768,47600.0,40100.0,0.010782987445184387,92599.13437476747,1462.0577583856339,0.0055429265711434,0.0,0.0
BC,M6,2027-01-01T00:00:00,M,45,416.4472206542996,47600.0,39200.0,0.008748891190216377,92599.13437476747,1462.0577583856339,0.004497312242346168,0.0,0.0
BC,M6,2027-01-01T00:00:00,M,46,418.85174934622773,47600.0,38000.0,0.008799406498870331,92599.13437476747,1462.0577583856339,0.00452327931761273,0.0,0.0
BC,M6,2027-01-01T00:00:00,M,47,320.8840842409336,47600.0,36600.0,0.006741262273969193,92599.13437476747,1462.0577583856339,0.0034653032818022966,0.0,0.0
BC,M6,2027-01-01T00:00:00,M,48,321.4075813180243,47600.0,34900.0,0.0067522601117232,92599.13437476747,1462.0577583856339,0.003470956650817303,0.0,0.0
BC,M6,2027-01-01T00:00:00,M,49,224.16151629290835,47600.0,33700.0,0.004709275552372024,92599.13437476747,1462.0577583856339,0.002420773345306677,0.0,0.0
BC,M6,2027-01-01T00:00:00,M,50,329.90836259827483,47600.0,33500.0,0.00693084795374527,92599.13437476747,1462.0577583856339,0.003562758602721585,0.0,0.0
BC,M6,2027-01-01T00:00:00,M,51,235.32436618682914,47600.0,32900.0,0.0049437892056056545,92599.13437476747,1462.0577583856339,0.0025413236071346384,0.0,0.0
BC,M6,2027-01-01T00:00:00,M,52,242.43127426889987,47600.0,32699.999999999996,0.005093093997245795,92599.13437476747,1462.0577583856339,0.002618072791995348,0.0,0.0
BC,M6,2027-01-01T00:00:00,M,53,249.1213486720044,47600.0,32299.999999999996,0.005233641778823622,92599.13437476747,1462.0577583856339,0.002690320491158803,0.0,0.0
BC,M6,2027-01-01T00:00:00,M,54,158.16207823688092,47600.0,32200.0,0.003322732736068927,92599.13437476747,1462.0577583856339,0.0017080297705242785,0.0,0.0
BC,M6,2027-01-01T00:00:00,M,55,171.02370434814657,47600.0,32699.999999999996,0.0035929349652971967,92599.13437476747,1462.0577583856339,0.001846925519368021,0.0,0.0
BC,M6,2027-01-01T00:00:00,M,56,192.06265690556756,47600.0,34500.0,0.004034929766923688,92599.13437476747,1462.0577583856339,0.0020741301546972463,0.0,0.0
BC,M6,2027-01-01T00:00:00,M,57,305.2500139569602,47600.0,34700.0,0.006412815419263869,92599.13437476747,1462.0577583856339,0.0032964672512115663,0.0,0.0
BC,M6,2027-01-01T00:00:00,M,58,216.0095631082295,47600.0,34100.0,0.004538016031685493,92599.13437476747,1462.0577583856339,0.0023327384706858596,0.0,0.0
BC,M6,2027-01-01T00:00:00,M,59,225.59317055586143,47600.0,33299.99999999999,0.004739352322602131,92599.13437476747,1462.0577583856339,0.00243623411902362,0.0,0.0
BC,M6,2027-01-01T00:00:00,M,60,238.89958290721916,47600.0,32900.0,0.005018898800571831,92599.13437476747,1462.0577583856339,0.0025799332198975437,0.0,0.0
BC,M6,2027-01-01T00:00:00,M,61,266.27043890883215,47600.0,34200.0,0.0055939167837989945,92599.13437476747,1462.0577583856339,0.002875517581311092,0.0,0.0
BC,M6,2027-01-01T00:00:00,M,62,201.18336347371223,47600.0,35900.0,0.004226541249447736,92599.13437476747,1462.0577583856339,0.002172626826720457,0.0,0.0
BC,M6,2027-01-01T00:00:00,M,63,236.71057746413135,47600.0,37300.0,0.0049729112912632635,92599.13437476747,1462.0577583856339,0.0025562936312786212,0.0,0.0
BC,M6,2027-01-01T00:00:00,M,64,268.44634429096914,47600.0,37900.0,0.005639629081743049,92599.13437476747,1462.0577583856339,0.002899015699266824,0.0,0.0
BC,M6,2027-01-01T00:00:00,M,65,280.8878794564589,47600.0,36300.0,0.005901005870934011,92599.13437476747,1462.0577583856339,0.003033374786416995,0.0,0.0
BC,M6,2027-01-01T00:00:00,M,66,210.44298984607303,47600.0,36100.0,0.004421071215253635,92599.13437476747,1462.0577583856339,0.0022726237266362296,0.0,0.0
BC,M6,2027-01-01T00:00:00,M,67,237.10258580568916,47600.0,35500.0,0.004981146760623722,92599.13437476747,1462.0577583856339,0.002560527022273091,0.0,0.0
BC,M6,2027-01-01T00:00:00,M,68,159.29391635383217,47600.0,34300.0,0.0033465108477695833,92599.13437476747,1462.0577583856339,0.0017202527586179953,0.0,0.0
BC,M6,2027-01-01T00:00:00,M,69,195.64356349971786,47600.0,34100.0,0.004110158897052896,92599.13437476747,1462.0577583856339,0.0021128012137555056,0.0,0.0
BC,M6,2027-01-01T00:00:00,M,70,115.3496116656097,47600.0,32500.0,0.0024233111694455817,92599.13437476747,1462.0577583856339,0.0012456877965917742,0.0,0.0
BC,M6,2027-01-01T00:00:00,M,71,249.05718712562884,47600.0,31900.000000000004,0.005232293847177077,92599.13437476747,1462.0577583856339,0.0026896275954118956,0.0,0.0
BC,M6,2027-01-01T00:00:00,M,72,78.41271903582674,47600.0,30599.999999999996,0.0016473260301644273,92599.13437476747,1462.0577583856339,0.0008467975382844787,0.0,0.0
BC,M6,2027-01-01T00:00:00,M,73,192.91379991523354,47600.0,28799.999999999996,0.00405281092258894,92599.13437476747,1462.0577583856339,0.002083321849796914,0.0,0.0
BC,M6,2027-01-01T00:00:00,M,74,124.08601298139547,47600.0,27600.0,0.0026068490122141907,92599.13437476747,1462.0577583856339,0.0013400342651065638,0.0,0.0
BC,M6,2027-01-01T00:00:00,M,75,147.1780682313365,47600.0,26099.999999999996,0.003091976223347406,92599.13437476747,1462.0577583856339,0.0015894108430396015,0.0,0.0
BC,M6,2027-01-01T00:00:00,M,76,80.48890676708834,47600.0,24899.999999999996,0.0016909434194766458,92599.13437476747,1462.0577583856339,0.0008692187816932869,0.0,0.0
BC,M6,2027-01-01T00:00:00,M,77,124.07481346168424,47600.0,24100.0,0.0026066137281866436,92599.13437476747,1462.0577583856339,0.001339913318838687,0.0,0.0
BC,M6,2027-01-01T00:00:00,M,78,48.30831494455197,47600.0,22500.0,0.0010148805660620162,92599.13437476747,1462.0577583856339,0.000521692943143922,0.0,0.0
BC,M6,2027-01-01T00:00:00,M,79,3.283323591644148,47600.0,21800.0,6.897738637907874e-05,92599.13437476747,1462.0577583856339,3.545738968094315e-05,0.0,0.0
BC,M6,2027-01-01T00:00:00,M,80,43.418894714654016,47600.0,20699.999999999996,0.000912161653669202,92599.13437476747,1462.0577583856339,0.00046889093518875615,0.0,0.0
BC,M6,2027-01-01T00:00:00,M,81,41.424283755535726,47600.0,16400.0,0.0008702580620910867,92599.13437476747,1462.0577583856339,0.00044735065867768537,0.0,0.0
BC,M6,2027-01-01T00:00:00,M,82,34.37323702197864,47600.0,14600.0,0.0007221268281928286,92599.13437476747,1462.0577583856339,0.0003712047337598555,0.0,0.0
BC,M6,2027-01-01T00:00:00,M,83,-33.68911694418057,47600.0,13599.999999999998,-0.0007077545576508523,92599.13437476747,1462.0577583856339,0.0,0.023042261327199012,0.0024771409517779833
BC,M6,2027-01-01T00:00:00,M,84,-25.944935679694026,47600.0,12299.999999999998,-0.0005450616739431518,92599.13437476747,1462.0577583856339,0.0,0.017745492974464806,0.002109344364202767
BC,M6,2027-01-01T00:00:00,M,85,-57.46983943833038,47600.0,10499.999999999998,-0.001207349568032151,92599.13437476747,1462.0577583856339,0.0,0.03930750280466832,0.005473318041745751
BC,M6,2027-01-01T00:00:00,M,86,24.4814220019216,47600.0,9200.0,0.0005143155882756639,92599.13437476747,1462.0577583856339,0.00026438067879598447,0.0,0.0
BC,M6,2027-01-01T00:00:00,M,87,10.2730671769541,47600.0,7999.999999999999,0.00021582073901164076,92599.13437476747,1462.0577583856339,0.00011094128737075354,0.0,0.0
BC,M6,2027-01-01T00:00:00,M,88,-6.8065643511399685,47600.0,6899.999999999999,-0.00014299504939369682,92599.13437476747,1462.0577583856339,0.0,0.004655468850051177,0.0009864586016144882
BC,M6,2027-01-01T00:00:00,M,89,-36.595192618243345,47600.0,5799.999999999999,-0.0007688065676101543,92599.13437476747,1462.0577583856339,0.0,0.02502992266095616,0.0063095159686626465
BC,M6,2027-01-01T00:00:00,M,90,-59.392607954504456,47600.0,4900.0,-0.0012477438645904298,92599.13437476747,1462.0577583856339,0.0,0.040622613993091646,0.01212094039887846
BC,M6,2027-01-01T00:00:00,M,91,-70.7774960181805,47600.0,4200.0,-0.0014869221852558928,92599.13437476747,1462.0577583856339,0.0,0.04840950749875379,0.016851784766233453
BC,M6,2027-01-01T00:00:00,M,92,-38.72050828298552,47600.0,3299.9999999999995,-0.0008134560563652421,92599.13437476747,1462.0577583856339,0.0,0.026483569517622683,0.011733487358480463
BC,M6,2027-01-01T00:00:00,M,93,-86.406256349258,47600.0,2599.9999999999995,-0.0018152574863289496,92599.13437476747,1462.0577583856339,0.0,0.05909907173890691,0.03323317551894539
BC,M6,2027-01-01T00:00:00,M,94,-54.718167730711,47600.0,1999.9999999999998,-0.0011495413388804832,92599.13437476747,1462.0577583856339,0.0,0.03742544876690055,0.027359083865355505
BC,M6,2027-01-01T00:00:00,M,95,-6.634496213098146,47600.0,1599.9999999999998,-0.0001393801725440787,92599.13437476747,1462.0577583856339,0.0,0.004537779834651528,0.004146560133186342
BC,M6,2027-01-01T00:00:00,M,96,20.62371540478648,47600.0,1199.9999999999998,0.0004332713320333294,92599.13437476747,1462.0577583856339,0.00022272039089823585,0.0,0.0
BC,M6,2027-01-01T00:00:00,M,97,-43.80748900061076,47600.0,800.0,-0.0009203253991724949,92599.13437476747,1462.0577583856339,0.0,0.029962899036890204,0.054759361250763444
BC,M6,2027-01-01T00:00:00,M,98,-97.773369108255,47600.0,500.0,-0.0020540623762238443,92599.13437476747,1462.0577583856339,0.0,0.0668738075137427,0.19554673821651
BC,M6,2027-01-01T00:00:00,M,99,36.62611332266539,47600.0,400.0,0.0007694561622408696,92599.13437476747,1462.0577583856339,0.00039553407890868705,0.0,0.0
BC,M6,2027-01-01T00:00:00,M,100,288.2444745922551,47600.0,499.9999999999998,0.006055556188912922,92599.13437476747,1462.0577583856339,0.0031128204009518196,0.0,0.0
BC,M6,2028-01-01T00:00:00,F,1,373.9537322589895,48400.0,23500.0,0.007726316782210526,90861.44328027806,1802.4063347798192,0.004115648164485607,0.0,0.0
BC,M6,2028-01-01T00:00:00,F,2,403.25755223580927,48400.0,23500.0,0.008331767608177878,90861.44328027806,1802.4063347798192,0.004438159219988291,0.0,0.0
BC,M6,2028-01-01T00:00:00,F,3,402.60603710728174,48400.0,23500.0,0.008318306551803342,90861.44328027806,1802.4063347798192,0.004430988795383458,0.0,0.0
BC,M6,2028-01-01T00:00:00,F,4,402.17169498865405,48400.0,23500.000000000004,0.008309332541087894,90861.44328027806,1802.4063347798192,0.004426208526625368,0.0,0.0
BC,M6,2028-01-01T00:00:00,F,5,501.95452431944796,48400.0,23600.0,0.010370961246269586,90861.44328027806,1802.4063347798192,0.005524395235183324,0.0,0.0
BC,M6,2028-01-01T00:00:00,F,6,501.74487492292246,48400.0,23700.0,0.01036662964716782,90861.44328027806,1802.4063347798192,0.005522087882482808,0.0,0.0
BC,M6,2028-01-01T00:00:00,F,7,501.53334552544766,48400.0,23800.0,0.010362259205071233,90861.44328027806,1802.4063347798192,0.005519759838927278,0.0,0.0
BC,M6,2028-01-01T00:00:00,F,8,501.342499141163,48400.0,24300.0,0.010358316097957914,90861.44328027806,1802.4063347798192,0.005517659427824452,0.0,0.0
BC,M6,2028-01-01T00:00:00,F,9,501.38198441001805,48400.0,25000.0,0.010359131909297893,90861.44328027806,1802.4063347798192,0.005518093993548147,0.0,0.0
BC,M6,2028-01-01T00:00:00,F,10,401.43275118426027,48400.0,25799.999999999996,0.008294065107112815,90861.44328027806,1802.4063347798192,0.0044180758822636185,0.0,0.0
BC,M6,2028-01-01T00:00:00,F,11,401.4665957004254,48400.0,26400.0,0.008294764373975732,90861.44328027806,1802.4063347798192,0.004418448367169683,0.0,0.0
BC,M6,2028-01-01T00:00:00,F,12,401.7176102237863,48400.0,26500.000000000004,0.008299950624458395,90861.44328027806,1802.4063347798192,0.004421210974875425,0.0,0.0
BC,M6,2028-01-01T00:00:00,F,13,401.97802631348895,48400.0,26700.0,0.008305331122179524,90861.44328027806,1802.4063347798192,0.004424077054042794,0.0,0.0
BC,M6,2028-01-01T00:00:00,F,14,602.2506643678535,48400.0,27200.0,0.012443195544790361,90861.44328027806,1802.4063347798192,0.0066282313226095875,0.0,0.0
BC,M6,2028-01-01T00:00:00,F,15,1103.0685804899622,48400.0,28300.0,0.022790673150619053,90861.44328027806,1802.4063347798192,0.012140117311226871,0.0,0.0
BC,M6,2028-01-01T00:00:00,F,16,1904.4430621365973,48400.0,29700.0,0.03934799715158259,90861.44328027806,1802.4063347798192,0.02095985924702966,0.0,0.0
BC,M6,2028-01-01T00:00:00,F,17,1606.5659069035391,48400.0,30700.0,0.03319351047321362,90861.44328027806,1802.4063347798192,0.017681492268924286,0.0,0.0
BC,M6,2028-01-01T00:00:00,F,18,2208.658679816981,48400.0,32900.0,0.04563344379787151,90861.44328027806,1802.4063347798192,0.02430798587475642,0.0,0.0
BC,M6,2028-01-01T00:00:00,F,19,4311.033510469209,48400.0,36900.0,0.0890709402989506,90861.44328027806,1802.4063347798192,0.04744623632238672,0.0,0.0
BC,M6,2028-01-01T00:00:00,F,20,2614.0307262476053,48400.0,39000.0,0.05400889930263648,90861.44328027806,1802.4063347798192,0.02876941672810731,0.0,0.0
BC,M6,2028-01-01T00:00:00,F,21,1015.9496007048219,48400.0,38700.0,0.02099069422943847,90861.44328027806,1802.4063347798192,0.011181305997649047,0.0,0.0
BC,M6,2028-01-01T00:00:00,F,22,216.83242935450107,48400.0,37500.0,0.004480008870960766,90861.44328027806,1802.4063347798192,0.002386407496143809,0.0,0.0
BC,M6,2028-01-01T00:00:00,F,23,417.54885448766436,48400.0,37000.0,0.008627042448092238,90861.44328027806,1802.4063347798192,0.004595445982512754,0.0,0.0
BC,M6,2028-01-01T00:00:00,F,24,718.0875825470648,48400.0,37000.0,0.014836520300559191,90861.44328027806,1802.4063347798192,0.007903105614688485,0.0,0.0
BC,M6,2028-01-01T00:00:00,F,25,917.6889581383148,48400.0,36400.0,0.018960515664014767,90861.44328027806,1802.4063347798192,0.01009987212405973,0.0,0.0
BC,M6,2028-01-01T00:00:00,F,26,817.5394739850308,48400.0,36000.0,0.01689131144597171,90861.44328027806,1802.4063347798192,0.00899765009744768,0.0,0.0
BC,M6,2028-01-01T00:00:00,F,27,1019.1396239922542,48400.0,38700.0,0.021056603801492855,90861.44328027806,1802.4063347798192,0.011216414655097864,0.0,0.0
BC,M6,2028-01-01T00:00:00,F,28,1020.4248246496427,48400.0,40500.0,0.021083157534083526,90861.44328027806,1802.4063347798192,0.011230559275863177,0.0,0.0
BC,M6,2028-01-01T00:00:00,F,29,1121.5962811928694,48400.0,41400.0,0.023173476884150192,90861.44328027806,1802.4063347798192,0.012344028893896268,0.0,0.0
BC,M6,2028-01-01T00:00:00,F,30,1022.6868871874249,48400.0,41899.99999999999,0.021129894363376547,90861.44328027806,1802.4063347798192,0.01125545501222964,0.0,0.0
BC,M6,2028-01-01T00:00:00,F,31,1023.9570800142828,48400.0,42100.0,0.021156138016824026,90861.44328027806,1802.4063347798192,0.011269434460288151,0.0,0.0
BC,M6,2028-01-01T00:00:00,F,32,826.4955673067307,48400.0,43500.0,0.017076354696420055,90861.44328027806,1802.4063347798192,0.009096218786193612,0.0,0.0
BC,M6,2028-01-01T00:00:00,F,33,828.1014265735867,48400.0,43500.00000000001,0.017109533606892286,90861.44328027806,1802.4063347798192,0.00911389250134584,0.0,0.0
BC,M6,2028-01-01T00:00:00,F,34,830.3202984410018,48400.0,43800.0,0.017155378066962847,90861.44328027806,1802.4063347798192,0.00913831289119779,0.0,0.0
BC,M6,2028-01-01T00:00:00,F,35,832.717815345648,48400.0,44300.0,0.01720491354019934,90861.44328027806,1802.4063347798192,0.00916469940695289,0.0,0.0
BC,M6,2028-01-01T00:00:00,F,36,836.2351323804978,48400.0,45100.0,0.01727758537976235,90861.44328027806,1802.4063347798192,0.009203410183580112,0.0,0.0
BC,M6,2028-01-01T00:00:00,F,37,639.4158962561633,48400.0,45200.00000000001,0.013211072236697588,90861.44328027806,1802.4063347798192,0.007037263256800497,0.0,0.0
BC,M6,2028-01-01T00:00:00,F,38,542.5412162406064,48400.0,45300.0,0.011209529261169554,90861.44328027806,1802.4063347798192,0.005971082966039213,0.0,0.0
BC,M6,2028-01-01T00:00:00,F,39,543.8500766021898,48400.0,44500.0,0.011236571830623756,90861.44328027806,1802.4063347798192,0.005985487980028985,0.0,0.0
BC,M6,2028-01-01T00:00:00,F,40,545.1880905228536,48400.0,43800.00000000001,0.01126421674633995,90861.44328027806,1802.4063347798192,0.006000213851337638,0.0,0.0
BC,M6,2028-01-01T00:00:00,F,41,545.8435089692575,48400.0,42900.0,0.011277758449778049,90861.44328027806,1802.4063347798192,0.0060074272349549575,0.0,0.0
BC,M6,2028-01-01T00:00:00,F,42,547.4381794307919,48400.0,42900.0,0.011310706186586611,90861.44328027806,1802.4063347798192,0.0060249778087072955,0.0,0.0
BC,M6,2028-01-01T00:00:00,F,43,448.2233528083307,48400.0,42099.99999999999,0.009260813074552286,90861.44328027806,1802.4063347798192,0.004933042406400117,0.0,0.0
BC,M6,2028-01-01T00:00:00,F,44,449.582077715022,48400.0,41599.99999999999,0.009288885903202935,90861.44328027806,1802.4063347798192,0.004947996218024044,0.0,0.0
BC,M6,2028-01-01T00:00:00,F,45,451.1505053075307,48400.0,41000.00000000001,0.009321291431973775,90861.44328027806,1802.4063347798192,0.004965257968838089,0.0,0.0
BC,M6,2028-01-01T00:00:00,F,46,353.1599302206887,48400.0,40400.00000000001,0.007296692773154725,90861.44328027806,1802.4063347798192,0.0038867963953786748,0.0,0.0
BC,M6,2028-01-01T00:00:00,F,47,353.85120402086613,48400.0,39000.0,0.007310975289687317,90861.44328027806,1802.4063347798192,0.003894404394715039,0.0,0.0
BC,M6,2028-01-01T00:00:00,F,48,255.9453429453497,48400.0,38100.00000000001,0.0052881269203584646,90861.44328027806,1802.4063347798192,0.0028168751640433596,0.0,0.0
BC,M6,2028-01-01T00:00:00,F,49,356.68280738205794,48400.0,36399.99999999999,0.007369479491364833,90861.44328027806,1802.4063347798192,0.003925568365470569,0.0,0.0
BC,M6,2028-01-01T00:00:00,F,50,258.9049612965173,48400.0,35200.00000000001,0.005349276059845399,90861.44328027806,1802.4063347798192,0.0028494480381285547,0.0,0.0
BC,M6,2028-01-01T00:00:00,F,51,262.968192126973,48400.0,34900.0,0.005433227110061426,90861.44328027806,1802.4063347798192,0.002894167015549175,0.0,0.0
BC,M6,2028-01-01T00:00:00,F,52,268.2538421582358,48400.0,35099.99999999999,0.00554243475533545,90861.44328027806,1802.4063347798192,0.0029523396555650094,0.0,0.0
BC,M6,2028-01-01T00:00:00,F,53,272.66237963485764,48400.0,34700.00000000001,0.005633520240389621,90861.44328027806,1802.4063347798192,0.0030008589979556312,0.0,0.0
BC,M6,2028-01-01T00:00:00,F,54,278.2746245542585,48400.0,34600.0,0.00574947571393096,90861.44328027806,1802.4063347798192,0.003062626065666507,0.0,0.0
BC,M6,2028-01-01T00:00:00,F,55,285.23731806413707,48400.0,34800.0,0.005893333017854072,90861.44328027806,1802.4063347798192,0.0031392558577819692,0.0,0.0
BC,M6,2028-01-01T00:00:00,F,56,193.7310678470676,48400.0,35199.99999999999,0.004002708013369166,90861.44328027806,1802.4063347798192,0.002132159261981676,0.0,0.0
BC,M6,2028-01-01T00:00:00,F,57,208.31451745047525,48400.0,37499.99999999999,0.004304018955588331,90861.44328027806,1802.4063347798192,0.0022926613305920373,0.0,0.0
BC,M6,2028-01-01T00:00:00,F,58,217.7738433057748,48400.0,37600.0,0.004499459572433364,90861.44328027806,1802.4063347798192,0.0023967684800472863,0.0,0.0
BC,M6,2028-01-01T00:00:00,F,59,227.66060057092545,48400.0,37500.0,0.004703731416754658,90861.44328027806,1802.4063347798192,0.0025055798406004447,0.0,0.0
BC,M6,2028-01-01T00:00:00,F,60,234.42796594467654,48400.0,36200.0,0.004843553015385879,90861.44328027806,1802.4063347798192,0.002580059896490334,0.0,0.0
BC,M6,2028-01-01T00:00:00,F,61,243.0699149199645,48400.0,35400.00000000001,0.0050221056801645556,90861.44328027806,1802.4063347798192,0.002675171185319748,0.0,0.0
BC,M6,2028-01-01T00:00:00,F,62,262.5525247834521,48400.0,36800.00000000001,0.0054246389418068615,90861.44328027806,1802.4063347798192,0.0028895922770405787,0.0,0.0
BC,M6,2028-01-01T00:00:00,F,63,285.0072660488149,48400.0,38300.00000000001,0.005888579877041631,90861.44328027806,1802.4063347798192,0.003136723958584501,0.0,0.0
BC,M6,2028-01-01T00:00:00,F,64,213.75441318583762,48400.0,40300.0,0.004416413495575157,90861.44328027806,1802.4063347798192,0.002352531563101795,0.0,0.0
BC,M6,2028-01-01T00:00:00,F,65,234.22783735732082,48400.0,40300.00000000001,0.004839418127217373,90861.44328027806,1802.4063347798192,0.002577857327610392,0.0,0.0
BC,M6,2028-01-01T00:00:00,F,66,247.41271532059181,48400.0,38800.0,0.005111832961169252,90861.44328027806,1802.4063347798192,0.0027229670406775717,0.0,0.0
BC,M6,2028-01-01T00:00:00,F,67,273.27437297317374,48400.0,39000.0,0.005646164730850697,90861.44328027806,1802.4063347798192,0.0030075944548911796,0.0,0.0
BC,M6,2028-01-01T00:00:00,F,68,298.4848939351723,48400.0,38700.0,0.006167043263123394,90861.44328027806,1802.4063347798192,0.0032850556095003164,0.0,0.0
BC,M6,2028-01-01T00:00:00,F,69,322.2753101129492,48400.0,37900.0,0.0066585807874576285,90861.44328027806,1802.4063347798192,0.003546887419769841,0.0,0.0
BC,M6,2028-01-01T00:00:00,F,70,251.69809722140053,48400.0,37400.0,0.005200373909533069,90861.44328027806,1802.4063347798192,0.002770130961325296,0.0,0.0
BC,M6,2028-01-01T00:00:00,F,71,177.01563164799154,48400.0,36200.00000000001,0.0036573477613221395,90861.44328027806,1802.4063347798192,0.0019481930426964028,0.0,0.0
BC,M6,2028-01-01T00:00:00,F,72,107.94196859737713,48400.0,35300.0,0.0022302059627557257,90861.44328027806,1802.4063347798192,0.0011879843055586426,0.0,0.0
BC,M6,2028-01-01T00:00:00,F,73,141.69897045703692,48400.0,34500.0,0.002927664678864399,90861.44328027806,1802.4063347798192,0.0015595060494465356,0.0,0.0
BC,M6,2028-01-01T00:00:00,F,74,165.94326661651212,48400.0,32800.0,0.0034285798887709116,90861.44328027806,1802.4063347798192,0.001826333157669871,0.0,0.0
BC,M6,2028-01-01T00:00:00,F,75,89.24947810461526,48400.0,30900.000000000007,0.0018439974815003153,90861.44328027806,1802.4063347798192,0.0009822590846296551,0.0,0.0
BC,M6,2028-01-01T00:00:00,F,76,114.54507664380435,48400.0,29200.000000000007,0.0023666338149546354,90861.44328027806,1802.4063347798192,0.0012606565833482302,0.0,0.0
BC,M6,2028-01-01T00:00:00,F,77,-50.38233307602786,48400.0,27800.0,-0.0010409572949592533,90861.44328027806,1802.4063347798192,0.0,0.027952816245612307,0.0018123141394254627
BC,M6,2028-01-01T00:00:00,F,78,-4.468990570610913,48400.0,27000.000000000004,-9.233451592171308e-05,90861.44328027806,1802.4063347798192,0.0,0.0024794578693914998,0.00016551816928188565
BC,M6,2028-01-01T00:00:00,F,79,21.398504801087256,48400.0,25200.0,0.000442117867791059,90861.44328027806,1802.4063347798192,0.00023550698765679754,0.0,0.0
BC,M6,2028-01-01T00:00:00,F,80,-26.89545506129798,48400.0,24300.000000000004,-0.0005556912202747516,90861.44328027806,1802.4063347798192,0.0,0.01492197100194031,0.001106808850259176
BC,M6,2028-01-01T00:00:00,F,81,-76.60014723366112,48400.0,23199.999999999996,-0.0015826476701169654,90861.44328027806,1802.4063347798192,0.0,0.04249882268806969,0.0033017304842095315
BC,M6,2028-01-01T00:00:00,F,82,45.29965183751483,48400.0,18500.0,0.0009359432197833642,90861.44328027806,1802.4063347798192,0.0004985574761098622,0.0,0.0
BC,M6,2028-01-01T00:00:00,F,83,52.093929994247446,48400.0,16600.0,0.0010763208676497407,90861.44328027806,1802.4063347798192,0.0005733337278558803,0.0,0.0
BC,M6,2028-01-01T00:00:00,F,84,-5.475945545891591,48400.0,15599.999999999998,-0.00011313937078288411,90861.44328027806,1802.4063347798192,0.0,0.003038130437197187,0.00035102215037766614
BC,M6,2028-01-01T00:00:00,F,85,4.743726381329907,48400.0,14000.000000000002,9.801087564731212e-05,90861.44328027806,1802.4063347798192,5.220835384154146e-05,0.0,0.0
BC,M6,2028-01-01T00:00:00,F,86,-3.063856029362796,48400.0,12200.000000000002,-6.330281052402471e-05,90861.44328027806,1802.4063347798192,0.0,0.0016998697631281211,0.00025113574011170455
BC,M6,2028-01-01T00:00:00,F,87,-80.6927499257763,48400.0,11000.0,-0.0016672055769788492,90861.44328027806,1802.4063347798192,0.0,0.0447694553490535,0.007335704538706936
BC,M6,2028-01-01T00:00:00,F,88,-97.39552485513195,48400.0,9400.0,-0.0020123042325440486,90861.44328027806,1802.4063347798192,0.0,0.054036386233090844,0.010361226048418293
BC,M6,2028-01-01T00:00:00,F,89,-6.372986977741675,48400.0,8200.000000000002,-0.0001316732846640842,90861.44328027806,1802.4063347798192,0.0,0.0035358214486747213,0.0007771935338709359
BC,M6,2028-01-01T00:00:00,F,90,-93.5901213823081,48400.0,7200.000000000001,-0.0019336801938493408,90861.44328027806,1802.4063347798192,0.0,0.05192509567701947,0.012998627969765012
BC,M6,2028-01-01T00:00:00,F,91,1.2932142944928273,48400.0,6300.0,2.6719303605223704e-05,90861.44328027806,1802.4063347798192,1.4232816999215837e-05,0.0,0.0
BC,M6,2028-01-01T00:00:00,F,92,-107.78099784375809,48400.0,5300.0,-0.0022268801207388036,90861.44328027806,1802.4063347798192,0.0,0.059798390498291575,0.02033603732901096
BC,M6,2028-01-01T00:00:00,F,93,-47.694714833681246,48400.0,4400.0,-0.0009854279924314307,90861.44328027806,1802.4063347798192,0.0,0.026461688418060073,0.010839707916745737
BC,M6,2028-01-01T00:00:00,F,94,-97.36955535952302,48400.0,3500.0,-0.0020117676727174176,90861.44328027806,1802.4063347798192,0.0,0.054021977997218716,0.02781987295986372
BC,M6,2028-01-01T00:00:00,F,95,-39.37477950473476,48400.0,2900.0,-0.0008135285021639414,90861.44328027806,1802.4063347798192,0.0,0.02184567305659451,0.01357751017404647
BC,M6,2028-01-01T00:00:00,F,96,-4.654657977223451,48400.0,2300.0000000000005,-9.617061936412089e-05,90861.44328027806,1802.4063347798192,0.0,0.0025824687182937917,0.0020237643379232392
BC,M6,2028-01-01T00:00:00,F,97,-50.86910484537793,48400.0,1800.0000000000002,-0.0010510145629210317,90861.44328027806,1802.4063347798192,0.0,0.028222883965613708,0.028260613802987736
BC,M6,2028-01-01T00:00:00,F,98,-35.032655667069776,48400.0,1300.0,-0.0007238151997328466,90861.44328027806,1802.4063347798192,0.0,0.01943660260789604,0.02694819666697675
BC,M6,2028-01-01T00:00:00,F,99,-94.45129275416139,48400.0,900.0,-0.0019514729907884583,90861.44328027806,1802.4063347798192,0.0,0.052402885482367934,0.1049458808379571
BC,M6,2028-01-01T00:00:00,F,100,1230.5692430136046,48400.0,1900.0,0.02542498435978522,90861.44328027806,1802.4063347798192,0.013543360072079175,0.0,0.0
BC,M6,2028-01-01T00:00:00,M,1,580.1414050127532,48400.0,24900.0,0.011986392665552752,90861.44328027806,1802.4063347798192,0.006384901934951719,0.0,0.0
BC,M6,2028-01-01T00:00:00,M,2,405.18294285527736,48400.0,24900.0,0.008371548406100772,90861.44328027806,1802.4063347798192,0.004459349623199573,0.0,0.0
BC,M6,2028-01-01T00:00:00,M,3,403.60550521274854,48400.0,24900.0,0.008338956719271665,90861.44328027806,1802.4063347798192,0.004441988709861856,0.0,0.0
BC,M6,2028-01-01T00:00:00,M,4,502.47877488878294,48400.0,24999.999999999996,0.010381792869602953,90861.44328027806,1802.4063347798192,0.005530165015525881,0.0,0.0
BC,M6,2028-01-01T00:00:00,M,5,602.028085290669,48400.0,25100.0,0.01243859680352622,90861.44328027806,1802.4063347798192,0.006625781668838428,0.0,0.0
BC,M6,2028-01-01T00:00:00,M,6,601.5838354947628,48400.0,25200.0,0.012429418088734767,90861.44328027806,1802.4063347798192,0.006620892358478963,0.0,0.0
BC,M6,2028-01-01T00:00:00,M,7,501.37412795033015,48400.0,25400.0,0.010358969585750622,90861.44328027806,1802.4063347798192,0.005518007527172485,0.0,0.0
BC,M6,2028-01-01T00:00:00,M,8,401.42379522564806,48400.0,26200.0,0.008293880066645621,90861.44328027806,1802.4063347798192,0.004417977315057454,0.0,0.0
BC,M6,2028-01-01T00:00:00,M,9,501.44035098408494,48400.0,26600.0,0.01036033783024969,90861.44328027806,1802.4063347798192,0.005518736362543837,0.0,0.0
BC,M6,2028-01-01T00:00:00,M,10,501.4789810871116,48400.0,27300.000000000004,0.010361135972874207,90861.44328027806,1802.4063347798192,0.005519161516510493,0.0,0.0
BC,M6,2028-01-01T00:00:00,M,11,401.5286483624259,48400.0,28100.0,0.00829604645376913,90861.44328027806,1802.4063347798192,0.004419131304395423,0.0,0.0
BC,M6,2028-01-01T00:00:00,M,12,402.0529173408213,48400.0,28299.999999999996,0.008306878457454986,90861.44328027806,1802.4063347798192,0.0044249012873438355,0.0,0.0
BC,M6,2028-01-01T00:00:00,M,13,402.37575705477866,48400.0,29100.0,0.008313548699478897,90861.44328027806,1802.4063347798192,0.004428454386461594,0.0,0.0
BC,M6,2028-01-01T00:00:00,M,14,703.1345720220561,48400.0,29100.0,0.014527573802108597,90861.44328027806,1802.4063347798192,0.007738536244170304,0.0,0.0
BC,M6,2028-01-01T00:00:00,M,15,1004.2677408640666,48400.0,30000.0,0.020749333488926994,90861.44328027806,1802.4063347798192,0.011052738153918891,0.0,0.0
BC,M6,2028-01-01T00:00:00,M,16,1706.4458017169745,48400.0,30900.0,0.03525714466357385,90861.44328027806,1802.4063347798192,0.018780747257702513,0.0,0.0
BC,M6,2028-01-01T00:00:00,M,17,1509.4130799229933,48400.0,31600.0,0.03118622065956598,90861.44328027806,1802.4063347798192,0.016612250757088942,0.0,0.0
BC,M6,2028-01-01T00:00:00,M,18,2213.120849162893,48400.0,33900.0,0.045725637379398616,90861.44328027806,1802.4063347798192,0.024357095477078584,0.0,0.0
BC,M6,2028-01-01T00:00:00,M,19,4417.616047872871,48400.0,38000.0,0.09127305884034857,90861.44328027806,1802.4063347798192,0.04861925904309002,0.0,0.0
BC,M6,2028-01-01T00:00:00,M,20,3023.546238088973,48400.0,40100.0,0.06246996359687961,90861.44328027806,1802.4063347798192,0.03327644960208605,0.0,0.0
BC,M6,2028-01-01T00:00:00,M,21,1328.833588534646,48400.0,40000.0,0.027455239432534008,90861.44328027806,1802.4063347798192,0.014624834699528442,0.0,0.0
BC,M6,2028-01-01T00:00:00,M,22,433.02000601121836,48400.0,39000.0,0.00894669433907476,90861.44328027806,1802.4063347798192,0.004765717892852441,0.0,0.0
BC,M6,2028-01-01T00:00:00,M,23,236.3519459733434,48400.0,38200.0,0.004883304668870731,90861.44328027806,1802.4063347798192,0.002601234775065969,0.0,0.0
BC,M6,2028-01-01T00:00:00,M,24,339.08230352866667,48400.0,37900.0,0.0070058327175344355,90861.44328027806,1802.4063347798192,0.003731861296575576,0.0,0.0
BC,M6,2028-01-01T00:00:00,M,25,440.28197318606544,48400.0,37200.0,0.00909673498318317,90861.44328027806,1802.4063347798192,0.004845641421608707,0.0,0.0
BC,M6,2028-01-01T00:00:00,M,26,741.1633855379987,48400.0,36500.0,0.015313293089628073,90861.44328027806,1802.4063347798192,0.008157072557737722,0.0,0.0
BC,M6,2028-01-01T00:00:00,M,27,946.2614662470733,48400.0,39000.0,0.019550856740642008,90861.44328027806,1802.4063347798192,0.010414334530524282,0.0,0.0
BC,M6,2028-01-01T00:00:00,M,28,951.6557999655051,48400.0,41300.0,0.019662309916642667,90861.44328027806,1802.4063347798192,0.010473703318028483,0.0,0.0
BC,M6,2028-01-01T00:00:00,M,29,956.4983643526502,48400.0,42400.0,0.019762362899848146,90861.44328027806,1802.4063347798192,0.010526999460069804,0.0,0.0
BC,M6,2028-01-01T00:00:00,M,30,861.3336889046986,48400.0,43000.00000000001,0.01779615059720452,90861.44328027806,1802.4063347798192,0.009479639083519328,0.0,0.0
BC,M6,2028-01-01T00:00:00,M,31,867.556384464624,48400.0,44000.0,0.01792471868728562,90861.44328027806,1802.4063347798192,0.009548124629591169,0.0,0.0
BC,M6,2028-01-01T00:00:00,M,32,773.6651329871165,48400.0,44700.0,0.015984816797254473,90861.44328027806,1802.4063347798192,0.008514779262317139,0.0,0.0
BC,M6,2028-01-01T00:00:00,M,33,779.183357813672,48400.0,45299.99999999999,0.016098829706894052,90861.44328027806,1802.4063347798192,0.008575511566662487,0.0,0.0
BC,M6,2028-01-01T00:00:00,M,34,784.0724612799386,48400.0,45500.0,0.016199844241321044,90861.44328027806,1802.4063347798192,0.008629319907029536,0.0,0.0
BC,M6,2028-01-01T00:00:00,M,35,787.5650037636151,48400.0,45600.0,0.016272004209992048,90861.44328027806,1802.4063347798192,0.008667758020684667,0.0,0.0
BC,M6,2028-01-01T00:00:00,M,36,691.2626605295081,48400.0,45900.0,0.014282286374576614,90861.44328027806,1802.4063347798192,0.007607876735979058,0.0,0.0
BC,M6,2028-01-01T00:00:00,M,37,494.1774255937562,48400.0,45899.99999999999,0.010210277388300748,90861.44328027806,1802.4063347798192,0.005438802287889916,0.0,0.0
BC,M6,2028-01-01T00:00:00,M,38,497.52658243777114,48400.0,45900.0,0.010279474843755602,90861.44328027806,1802.4063347798192,0.005475662332404991,0.0,0.0
BC,M6,2028-01-01T00:00:00,M,39,299.51343423304206,48400.0,44900.0,0.00618829409572401,90861.44328027806,1802.4063347798192,0.0032963754857947866,0.0,0.0
BC,M6,2028-01-01T00:00:00,M,40,500.14899559460173,48400.0,43600.0,0.010333656933772762,90861.44328027806,1802.4063347798192,0.0055045240042226095,0.0,0.0
BC,M6,2028-01-01T00:00:00,M,41,403.31176187122765,48400.0,43000.0,0.008332887641967513,90861.44328027806,1802.4063347798192,0.0044387558386800195,0.0,0.0
BC,M6,2028-01-01T00:00:00,M,42,408.67346806461137,48400.0,43100.0,0.008443666695549822,90861.44328027806,1802.4063347798192,0.0044977655352005175,0.0,0.0
BC,M6,2028-01-01T00:00:00,M,43,412.3196261479243,48400.0,42400.00000000001,0.008519000540246369,90861.44328027806,1802.4063347798192,0.00453789430656579,0.0,0.0
BC,M6,2028-01-01T00:00:00,M,44,515.3247296437112,48400.0,41500.0,0.010647205157927917,90861.44328027806,1802.4063347798192,0.0056715446182612535,0.0,0.0
BC,M6,2028-01-01T00:00:00,M,45,318.0539066503916,48400.0,40300.0,0.006571361707652719,90861.44328027806,1802.4063347798192,0.0035004276309952343,0.0,0.0
BC,M6,2028-01-01T00:00:00,M,46,321.5368303889554,48400.0,39399.99999999999,0.006643322941920567,90861.44328027806,1802.4063347798192,0.0035387598829694864,0.0,0.0
BC,M6,2028-01-01T00:00:00,M,47,324.1109677830682,48400.0,38200.0,0.006696507598823723,90861.44328027806,1802.4063347798192,0.0035670902429239546,0.0,0.0
BC,M6,2028-01-01T00:00:00,M,48,325.9382119831862,48400.0,36800.0,0.006734260578165004,90861.44328027806,1802.4063347798192,0.003587200469375911,0.0,0.0
BC,M6,2028-01-01T00:00:00,M,49,326.833704810786,48400.0,35100.0,0.00675276249609062,90861.44328027806,1802.4063347798192,0.003597056056028189,0.0,0.0
BC,M6,2028-01-01T00:00:00,M,50,329.2962057898767,48400.0,33900.0,0.00680364061549332,90861.44328027806,1802.4063347798192,0.003624157771455432,0.0,0.0
BC,M6,2028-01-01T00:00:00,M,51,235.9288327917675,48400.0,33600.0,0.004874562660986932,90861.44328027806,1802.4063347798192,0.0025965780893882967,0.0,0.0
BC,M6,2028-01-01T00:00:00,M,52,141.36764829873573,48400.0,32900.0,0.002920819179725945,90861.44328027806,1802.4063347798192,0.0015558595945109788,0.0,0.0
BC,M6,2028-01-01T00:00:00,M,53,148.93609667692363,48400.0,32699.999999999996,0.0030771920801017276,90861.44328027806,1802.4063347798192,0.0016391561844060092,0.0,0.0
BC,M6,2028-01-01T00:00:00,M,54,156.03402100075618,48400.0,32300.0,0.0032238434091065326,90861.44328027806,1802.4063347798192,0.0017172742955385582,0.0,0.0
BC,M6,2028-01-01T00:00:00,M,55,265.62923946623414,48400.0,32300.0,0.005488207426988309,90861.44328027806,1802.4063347798192,0.002923453886230424,0.0,0.0
BC,M6,2028-01-01T00:00:00,M,56,279.0385687913804,48400.0,32800.0,0.005765259685772322,90861.44328027806,1802.4063347798192,0.003071033859000423,0.0,0.0
BC,M6,2028-01-01T00:00:00,M,57,201.28148571715428,48400.0,34500.0,0.0041587083825858325,90861.44328027806,1802.4063347798192,0.002215257412280655,0.0,0.0
BC,M6,2028-01-01T00:00:00,M,58,216.1865208697418,48400.0,34700.0,0.0044666636543335084,90861.44328027806,1802.4063347798192,0.0023792987769617148,0.0,0.0
BC,M6,2028-01-01T00:00:00,M,59,227.2060030700086,48400.0,34100.0,0.004694338906405136,90861.44328027806,1802.4063347798192,0.002500576645796301,0.0,0.0
BC,M6,2028-01-01T00:00:00,M,60,237.82140644972242,48400.0,33300.0,0.004913665422514926,90861.44328027806,1802.4063347798192,0.0026174073167220175,0.0,0.0
BC,M6,2028-01-01T00:00:00,M,61,251.9322352942727,48400.0,32900.0,0.005205211473022163,90861.44328027806,1802.4063347798192,0.0027727078307257735,0.0,0.0
BC,M6,2028-01-01T00:00:00,M,62,181.4166320963559,48400.0,34100.0,0.0037482775226519815,90861.44328027806,1802.4063347798192,0.0019966294342997,0.0,0.0
BC,M6,2028-01-01T00:00:00,M,63,317.8918334644477,48400.0,35900.0,0.0065680130881084235,90861.44328027806,1802.4063347798192,0.003498643891049084,0.0,0.0
BC,M6,2028-01-01T00:00:00,M,64,255.71669275998283,48400.0,37200.0,0.005283402742974852,90861.44328027806,1802.4063347798192,0.0028143586930616965,0.0,0.0
BC,M6,2028-01-01T00:00:00,M,65,190.07244460767106,48400.0,37699.99999999999,0.003927116624125435,90861.44328027806,1802.4063347798192,0.002091893301995647,0.0,0.0
BC,M6,2028-01-01T00:00:00,M,66,203.70972399810853,48400.0,36100.0,0.004208878595002242,90861.44328027806,1802.4063347798192,0.002241982040387914,0.0,0.0
BC,M6,2028-01-01T00:00:00,M,67,234.75589536382176,48400.0,35899.99999999999,0.004850328416607888,90861.44328027806,1802.4063347798192,0.0025836690117245443,0.0,0.0
BC,M6,2028-01-01T00:00:00,M,68,163.52535202190484,48400.0,35200.0,0.003378622975659191,90861.44328027806,1802.4063347798192,0.0017997221496634408,0.0,0.0
BC,M6,2028-01-01T00:00:00,M,69,286.12041984700045,48400.0,34100.0,0.005911578922458687,90861.44328027806,1802.4063347798192,0.003148975071465812,0.0,0.0
BC,M6,2028-01-01T00:00:00,M,70,225.42193649506953,48400.0,33800.0,0.004657478026757635,90861.44328027806,1802.4063347798192,0.0024809416222865404,0.0,0.0
BC,M6,2028-01-01T00:00:00,M,71,245.13345386492438,48400.0,32199.999999999996,0.005064740782333149,90861.44328027806,1802.4063347798192,0.0026978820170043658,0.0,0.0
BC,M6,2028-01-01T00:00:00,M,72,83.62923996328391,48400.0,31400.0,0.0017278768587455353,90861.44328027806,1802.4063347798192,0.0009204040453695507,0.0,0.0
BC,M6,2028-01-01T00:00:00,M,73,211.23941030259084,48400.0,30200.0,0.004364450626086588,90861.44328027806,1802.4063347798192,0.0023248520238775628,0.0,0.0
BC,M6,2028-01-01T00:00:00,M,74,129.2533779268706,48400.0,28299.999999999996,0.002670524337332037,90861.44328027806,1802.4063347798192,0.0014225327406275714,0.0,0.0
BC,M6,2028-01-01T00:00:00,M,75,60.63481792587481,48400.0,26999.999999999996,0.0012527854943362566,90861.44328027806,1802.4063347798192,0.0006673327622458745,0.0,0.0
BC,M6,2028-01-01T00:00:00,M,76,85.24926602198684,48400.0,25499.999999999996,0.0017613484715286538,90861.44328027806,1802.4063347798192,0.0009382336769516254,0.0,0.0
BC,M6,2028-01-01T00:00:00,M,77,18.17781709576957,48400.0,24200.0,0.0003755747333836688,90861.44328027806,1802.4063347798192,0.00020006084472703017,0.0,0.0
BC,M6,2028-01-01T00:00:00,M,78,-35.14876509173337,48400.0,23299.999999999996,-0.0007262141547878794,90861.44328027806,1802.4063347798192,0.0,0.019501021724952557,0.0015085306906323336
BC,M6,2028-01-01T00:00:00,M,79,-13.074023130608111,48400.0,21700.0,-0.000270124444847275,90861.44328027806,1802.4063347798192,0.0,0.007253649123578577,0.0006024895451893139
BC,M6,2028-01-01T00:00:00,M,80,41.5481689290973,48400.0,20999.999999999996,0.0008584332423367211,90861.44328027806,1802.4063347798192,0.0004572695241141469,0.0,0.0
BC,M6,2028-01-01T00:00:00,M,81,-16.740266484339372,48400.0,19800.0,-0.0003458732744698217,90861.44328027806,1802.4063347798192,0.0,0.009287731718044784,0.0008454680042595642
BC,M6,2028-01-01T00:00:00,M,82,-25.270478936010477,48400.0,15600.0,-0.0005221173333886462,90861.44328027806,1802.4063347798192,0.0,0.01402041173978536,0.0016199024958981074
BC,M6,2028-01-01T00:00:00,M,83,-35.25996326344284,48400.0,13799.999999999998,-0.0007285116376744389,90861.44328027806,1802.4063347798192,0.0,0.01956271601084346,0.002555069801698757
BC,M6,2028-01-01T00:00:00,M,84,-8.95664645652323,48400.0,12800.0,-0.00018505467885378577,90861.44328027806,1802.4063347798192,0.0,0.00496927151424896,0.0006997380044158774
BC,M6,2028-01-01T00:00:00,M,85,-4.3000227605753025,48400.0,11499.999999999998,-8.884344546643187e-05,90861.44328027806,1802.4063347798192,0.0,0.002385712187979294,0.000373915022658722
BC,M6,2028-01-01T00:00:00,M,86,-43.43923944961716,48400.0,9700.0,-0.0008975049473061397,90861.44328027806,1802.4063347798192,0.0,0.024100691731603167,0.004478272108207955
BC,M6,2028-01-01T00:00:00,M,87,-60.3650731377802,48400.0,8400.0,-0.001247212254912814,90861.44328027806,1802.4063347798192,0.0,0.03349137870465505,0.007186318230688119
BC,M6,2028-01-01T00:00:00,M,88,-81.34017616076926,48400.0,7199.999999999999,-0.0016805821520820094,90861.44328027806,1802.4063347798192,0.0,0.04512865639184836,0.011297246688995732
BC,M6,2028-01-01T00:00:00,M,89,-106.2784368597886,48400.0,6099.999999999999,-0.002195835472309682,90861.44328027806,1802.4063347798192,0.0,0.058964748852134666,0.017422694567178463
BC,M6,2028-01-01T00:00:00,M,90,-46.28001060580209,48400.0,5100.0,-0.0009561985662355804,90861.44328027806,1802.4063347798192,0.0,0.02567679091710229,0.009074511883490606
BC,M6,2028-01-01T00:00:00,M,91,-79.8949010225706,48400.0,4200.0,-0.0016507210955076569,90861.44328027806,1802.4063347798192,0.0,0.04432679772640197,0.019022595481564427
BC,M6,2028-01-01T00:00:00,M,92,-104.15009415450322,48400.0,3500.0,-0.002151861449473207,90861.44328027806,1802.4063347798192,0.0,0.05778391483917312,0.029757169758429493
BC,M6,2028-01-01T00:00:00,M,93,-77.7523896976777,48400.0,2699.9999999999995,-0.0016064543325966466,90861.44328027806,1802.4063347798192,0.0,0.04313810276702999,0.028797181369510264
BC,M6,2028-01-01T00:00:00,M,94,-43.239693196438566,48400.0,2100.0,-0.0008933820908355076,90861.44328027806,1802.4063347798192,0.0,0.023989980706387554,0.020590330093542174
BC,M6,2028-01-01T00:00:00,M,95,-11.893853698414887,48400.0,1599.9999999999998,-0.00024574077889286957,90861.44328027806,1802.4063347798192,0.0,0.006598874775852268,0.007433658561509305
BC,M6,2028-01-01T00:00:00,M,96,-62.47807241391638,48400.0,1199.9999999999998,-0.0012908692647503384,90861.44328027806,1802.4063347798192,0.0,0.03466369997059995,0.052065060344930324
BC,M6,2028-01-01T00:00:00,M,97,-24.087660880631347,48400.0,900.0,-0.0004976789438146973,90861.44328027806,1802.4063347798192,0.0,0.01336416789922894,0.026764067645145943
BC,M6,2028-01-01T00:00:00,M,98,-0.29069793533642496,48400.0,600.0,-6.0061556887691105e-06,90861.44328027806,1802.4063347798192,0.0,0.00016128324103562166,0.0004844965588940416
BC,M6,2028-01-01T00:00:00,M,99,34.971408363960734,48400.0,400.0,0.0007225497595859656,90861.44328027806,1802.4063347798192,0.00038488722060121025,0.0,0.0
BC,M6,2028-01-01T00:00:00,M,100,316.2747956297001,48400.0,600.0,0.006534603215489672,90861.44328027806,1802.4063347798192,0.003480847147167749,0.0,0.0
BC,M6,2029-01-01T00:00:00,F,1,374.30840776165496,49100.0,23899.999999999996,0.007623389160115172,89004.49685516734,1340.7867343226305,0.004205499957724032,0.0,0.0
BC,M6,2029-01-01T00:00:00,F,2,303.2732929286649,49100.0,23800.0,0.006176645477162217,89004.49685516734,1340.7867343226305,0.00340739292557506,0.0,0.0
BC,M6,2029-01-01T00:00:00,F,3,302.6186287324963,49100.0,23800.0,0.0061633121941445275,89004.49685516734,1340.7867343226305,0.003400037519732658,0.0,0.0
BC,M6,2029-01-01T00:00:00,F,4,402.1821874935158,49100.0,23900.0,0.008191083248340444,89004.49685516734,1340.7867343226305,0.0045186726705277284,0.0,0.0
BC,M6,2029-01-01T00:00:00,F,5,501.9639673415586,49100.0,24000.0,0.010223298723860665,89004.49685516734,1340.7867343226305,0.0056397596197682014,0.0,0.0
BC,M6,2029-01-01T00:00:00,F,6,501.75317621406793,49100.0,24099.999999999996,0.010219005625541098,89004.49685516734,1340.7867343226305,0.005637391299796305,0.0,0.0
BC,M6,2029-01-01T00:00:00,F,7,501.5405282108004,49100.0,24200.000000000004,0.010214674708977606,89004.49685516734,1340.7867343226305,0.005635002117105754,0.0,0.0
BC,M6,2029-01-01T00:00:00,F,8,501.3260233357105,49100.0,24300.0,0.010210305974250723,89004.49685516734,1340.7867343226305,0.005632592071740979,0.0,0.0
BC,M6,2029-01-01T00:00:00,F,9,401.35388096881434,49100.0,24700.0,0.008174213461686647,89004.49685516734,1340.7867343226305,0.004509366325860117,0.0,0.0
BC,M6,2029-01-01T00:00:00,F,10,401.3928816551561,49100.0,25400.0,0.008175007773017436,89004.49685516734,1340.7867343226305,0.004509804513678934,0.0,0.0
BC,M6,2029-01-01T00:00:00,F,11,401.4374538681295,49100.0,26200.000000000004,0.008175915557395714,89004.49685516734,1340.7867343226305,0.004510305299757708,0.0,0.0
BC,M6,2029-01-01T00:00:00,F,12,401.716031424683,49100.0,26800.0,0.008181589234718595,89004.49685516734,1340.7867343226305,0.004513435226518677,0.0,0.0
BC,M6,2029-01-01T00:00:00,F,13,401.9686088844428,49100.0,26900.0,0.00818673337850189,89004.49685516734,1340.7867343226305,0.004516273032120463,0.0,0.0
BC,M6,2029-01-01T00:00:00,F,14,602.2314011923299,49100.0,27300.0,0.012265405319599387,89004.49685516734,1340.7867343226305,0.006766303079857995,0.0,0.0
BC,M6,2029-01-01T00:00:00,F,15,1103.0309234690976,49100.0,28299.999999999996,0.02246498825802643,89004.49685516734,1340.7867343226305,0.012392979708250089,0.0,0.0
BC,M6,2029-01-01T00:00:00,F,16,1904.4674708576022,49100.0,30199.999999999996,0.03878752486471695,89004.49685516734,1340.7867343226305,0.021397429772078244,0.0,0.0
BC,M6,2029-01-01T00:00:00,F,17,1706.619058713124,49100.0,31400.0,0.034758025635705174,89004.49685516734,1340.7867343226305,0.019174526220739407,0.0,0.0
BC,M6,2029-01-01T00:00:00,F,18,2208.552439951174,49100.0,32900.0,0.0449807014246675,89004.49685516734,1340.7867343226305,0.024813942193786496,0.0,0.0
BC,M6,2029-01-01T00:00:00,F,19,4410.99842918996,49100.0,37300.0,0.08983703521771813,89004.49685516734,1340.7867343226305,0.0495592760483525,0.0,0.0
BC,M6,2029-01-01T00:00:00,F,20,2614.048955538514,49100.0,39500.0,0.05323928626351352,89004.49685516734,1340.7867343226305,0.029369852624325576,0.0,0.0
BC,M6,2029-01-01T00:00:00,F,21,1016.2971692812789,49100.0,40000.0,0.020698516685973094,89004.49685516734,1340.7867343226305,0.011418492381739425,0.0,0.0
BC,M6,2029-01-01T00:00:00,F,22,217.2499638290319,49100.0,38900.0,0.00442464284784179,89004.49685516734,1340.7867343226305,0.0024408875001288096,0.0,0.0
BC,M6,2029-01-01T00:00:00,F,23,417.75981185799174,49100.0,37900.0,0.008508346473686186,89004.49685516734,1340.7867343226305,0.004693693314595012,0.0,0.0
BC,M6,2029-01-01T00:00:00,F,24,618.2102174115716,49100.0,37600.0,0.012590839458484148,89004.49685516734,1340.7867343226305,0.006945831269823983,0.0,0.0
BC,M6,2029-01-01T00:00:00,F,25,918.2102174115716,49100.0,37900.0,0.01870081909188537,89004.49685516734,1340.7867343226305,0.010316447481364118,0.0,0.0
BC,M6,2029-01-01T00:00:00,F,26,817.9149165886847,49100.0,37200.0,0.01665814494070641,89004.49685516734,1340.7867343226305,0.009189590925047727,0.0,0.0
BC,M6,2029-01-01T00:00:00,F,27,1018.0523650845935,49100.0,37000.0,0.020734264054676037,89004.49685516734,1340.7867343226305,0.011438212686503023,0.0,0.0
BC,M6,2029-01-01T00:00:00,F,28,1019.7656823687939,49100.0,39700.0,0.02076915850038277,89004.49685516734,1340.7867343226305,0.011457462469881817,0.0,0.0
BC,M6,2029-01-01T00:00:00,F,29,1021.4372294686909,49100.0,41500.0,0.020803202229504908,89004.49685516734,1340.7867343226305,0.011476242949059369,0.0,0.0
BC,M6,2029-01-01T00:00:00,F,30,922.6825434239217,49100.0,42300.0,0.018791905161383335,89004.49685516734,1340.7867343226305,0.01036669579656585,0.0,0.0
BC,M6,2029-01-01T00:00:00,F,31,1024.1238178816202,49100.0,42899.99999999999,0.020857918897792673,89004.49685516734,1340.7867343226305,0.01150642781058722,0.0,0.0
BC,M6,2029-01-01T00:00:00,F,32,825.8028454297018,49100.0,42900.0,0.016818795222600852,89004.49685516734,1340.7867343226305,0.009278214861137751,0.0,0.0
BC,M6,2029-01-01T00:00:00,F,33,728.2767900347535,49100.0,44200.0,0.01483252118197054,89004.49685516734,1340.7867343226305,0.008182471849931837,0.0,0.0
BC,M6,2029-01-01T00:00:00,F,34,830.2966689405876,49100.0,44300.0,0.016910319123026225,89004.49685516734,1340.7867343226305,0.009328704709063057,0.0,0.0
BC,M6,2029-01-01T00:00:00,F,35,732.5394351157156,49100.0,44499.99999999999,0.014919336764067528,89004.49685516734,1340.7867343226305,0.008230364318644946,0.0,0.0
BC,M6,2029-01-01T00:00:00,F,36,735.7907716498667,49100.0,45000.0,0.014985555430750848,89004.49685516734,1340.7867343226305,0.008266894344082221,0.0,0.0
BC,M6,2029-01-01T00:00:00,F,37,639.3690241324948,49100.0,45700.0,0.013021772385590526,89004.49685516734,1340.7867343226305,0.0071835586596586095,0.0,0.0
BC,M6,2029-01-01T00:00:00,F,38,542.3947651828712,49100.0,45700.0,0.011046736561769271,89004.49685516734,1340.7867343226305,0.006094015295266301,0.0,0.0
BC,M6,2029-01-01T00:00:00,F,39,544.5921121581268,49100.0,45800.0,0.011091489045990364,89004.49685516734,1340.7867343226305,0.006118703339723553,0.0,0.0
BC,M6,2029-01-01T00:00:00,F,40,445.87103265107,49100.0,44900.0,0.009080876428738695,89004.49685516734,1340.7867343226305,0.005009533769699458,0.0,0.0
BC,M6,2029-01-01T00:00:00,F,41,446.7766072584418,49100.0,44200.00000000001,0.009099319903430587,89004.49685516734,1340.7867343226305,0.005019708251207346,0.0,0.0
BC,M6,2029-01-01T00:00:00,F,42,447.4091602022163,49100.0,43300.0,0.009112202855442288,89004.49685516734,1340.7867343226305,0.0050268152285638254,0.0,0.0
BC,M6,2029-01-01T00:00:00,F,43,449.00288541501504,49100.0,43300.0,0.009144661617413749,89004.49685516734,1340.7867343226305,0.005044721348693825,0.0,0.0
BC,M6,2029-01-01T00:00:00,F,44,450.0440980049898,49100.0,42500.0,0.009165867576476371,89004.49685516734,1340.7867343226305,0.005056419775478586,0.0,0.0
BC,M6,2029-01-01T00:00:00,F,45,351.7679289256048,49100.0,41900.0,0.007164316271397246,89004.49685516734,1340.7867343226305,0.0039522489464551384,0.0,0.0
BC,M6,2029-01-01T00:00:00,F,46,353.68683506073285,49100.0,41300.0,0.00720339786274405,89004.49685516734,1340.7867343226305,0.003973808600213426,0.0,0.0
BC,M6,2029-01-01T00:00:00,F,47,355.5277510999076,49100.0,40700.0,0.007240891061097915,89004.49685516734,1340.7867343226305,0.003994492005032516,0.0,0.0
BC,M6,2029-01-01T00:00:00,F,48,256.8635612695507,49100.0,39200.00000000001,0.005231437093066206,89004.49685516734,1340.7867343226305,0.0028859616125636012,0.0,0.0
BC,M6,2029-01-01T00:00:00,F,49,359.0900482569923,49100.0,38400.0,0.007313442938024283,89004.49685516734,1340.7867343226305,0.004034515793525826,0.0,0.0
BC,M6,2029-01-01T00:00:00,F,50,160.51054086081422,49100.0,36500.00000000001,0.0032690537853526315,89004.49685516734,1340.7867343226305,0.0018033981038284522,0.0,0.0
BC,M6,2029-01-01T00:00:00,F,51,263.09296474479197,49100.0,35400.00000000001,0.005358308854272749,89004.49685516734,1340.7867343226305,0.002955951373703177,0.0,0.0
BC,M6,2029-01-01T00:00:00,F,52,267.41776918651885,49100.0,35100.0,0.00544639041113073,89004.49685516734,1340.7867343226305,0.0030045422269132614,0.0,0.0
BC,M6,2029-01-01T00:00:00,F,53,273.0206532763623,49100.0,35300.0,0.005560502103388234,89004.49685516734,1340.7867343226305,0.00306749280006195,0.0,0.0
BC,M6,2029-01-01T00:00:00,F,54,277.9903741364542,49100.0,34900.0,0.005661718414184403,89004.49685516734,1340.7867343226305,0.0031233295390548,0.0,0.0
BC,M6,2029-01-01T00:00:00,F,55,284.19373136207287,49100.0,34800.0,0.0057880597018752115,89004.49685516734,1340.7867343226305,0.003193026660490283,0.0,0.0
BC,M6,2029-01-01T00:00:00,F,56,291.79241076849576,49100.0,34999.99999999999,0.005942818956588508,89004.49685516734,1340.7867343226305,0.0032784007671355668,0.0,0.0
BC,M6,2029-01-01T00:00:00,F,57,300.6954894728624,49100.0,35400.0,0.006124144388449336,89004.49685516734,1340.7867343226305,0.0033784303051807535,0.0,0.0
BC,M6,2029-01-01T00:00:00,F,58,216.33286873442557,49100.0,37600.0,0.004405964740008667,89004.49685516734,1340.7867343226305,0.0024305835814841296,0.0,0.0
BC,M6,2029-01-01T00:00:00,F,59,226.77340932887455,49100.0,37700.00000000001,0.004618603041321274,89004.49685516734,1340.7867343226305,0.0025478870994337715,0.0,0.0
BC,M6,2029-01-01T00:00:00,F,60,237.93370176318422,49100.0,37600.0,0.004845900239576054,89004.49685516734,1340.7867343226305,0.0026732773081158145,0.0,0.0
BC,M6,2029-01-01T00:00:00,F,61,244.9241084599562,49100.0,36300.0,0.004988271048064281,89004.49685516734,1340.7867343226305,0.0027518172352404757,0.0,0.0
BC,M6,2029-01-01T00:00:00,F,62,254.87858639389015,49100.0,35500.00000000001,0.005191009906189209,89004.49685516734,1340.7867343226305,0.0028636596509122635,0.0,0.0
BC,M6,2029-01-01T00:00:00,F,63,276.04995011830033,49100.0,36900.0,0.005622198576747461,89004.49685516734,1340.7867343226305,0.0031015281235452956,0.0,0.0
BC,M6,2029-01-01T00:00:00,F,64,300.6660676571846,49100.0,38400.0,0.006123545166134106,89004.49685516734,1340.7867343226305,0.0033780997396844316,0.0,0.0
BC,M6,2029-01-01T00:00:00,F,65,331.3696230018613,49100.0,40400.0,0.006748872158897379,89004.49685516734,1340.7867343226305,0.0037230660776733887,0.0,0.0
BC,M6,2029-01-01T00:00:00,F,66,353.84357512644783,49100.0,40400.00000000001,0.0072065901247749045,89004.49685516734,1340.7867343226305,0.003975569635568416,0.0,0.0
BC,M6,2029-01-01T00:00:00,F,67,268.5593178526178,49100.0,38800.0,0.0054696398747987336,89004.49685516734,1340.7867343226305,0.0030173679683806456,0.0,0.0
BC,M6,2029-01-01T00:00:00,F,68,297.13510255678557,49100.0,39000.00000000001,0.006051631416635144,89004.49685516734,1340.7867343226305,0.0033384279789851405,0.0,0.0
BC,M6,2029-01-01T00:00:00,F,69,225.0730501428261,49100.0,38600.0,0.004583972508000532,89004.49685516734,1340.7867343226305,0.002528782905307318,0.0,0.0
BC,M6,2029-01-01T00:00:00,F,70,251.1274667076068,49100.0,37800.0,0.0051146123565704036,89004.49685516734,1340.7867343226305,0.0028215143681588834,0.0,0.0
BC,M6,2029-01-01T00:00:00,F,71,182.66755061903677,49100.0,37200.0,0.0037203167132186716,89004.49685516734,1340.7867343226305,0.0020523406914628455,0.0,0.0
BC,M6,2029-01-01T00:00:00,F,72,209.78390114096692,49100.0,36000.00000000001,0.004272584544622544,89004.49685516734,1340.7867343226305,0.0023570033936862536,0.0,0.0
BC,M6,2029-01-01T00:00:00,F,73,142.61523316267994,49100.0,35000.00000000001,0.0029045872334558034,89004.49685516734,1340.7867343226305,0.001602337389702351,0.0,0.0
BC,M6,2029-01-01T00:00:00,F,74,79.77324953436619,49100.0,34100.00000000001,0.0016247097664840364,89004.49685516734,1340.7867343226305,0.000896283360425904,0.0,0.0
BC,M6,2029-01-01T00:00:00,F,75,106.50070097599746,49100.0,32400.000000000004,0.002169057046354327,89004.49685516734,1340.7867343226305,0.0011965766308336177,0.0,0.0
BC,M6,2029-01-01T00:00:00,F,76,30.66410342675954,49100.0,30399.999999999996,0.0006245234913800314,89004.49685516734,1340.7867343226305,0.00034452308040859705,0.0,0.0
BC,M6,2029-01-01T00:00:00,F,77,58.29689313467679,49100.0,28700.0,0.0011873094324781424,89004.49685516734,1340.7867343226305,0.000654988176940548,0.0,0.0
BC,M6,2029-01-01T00:00:00,F,78,92.64137636938904,49100.0,27299.999999999996,0.0018867897427574142,89004.49685516734,1340.7867343226305,0.0010408617501668463,0.0,0.0
BC,M6,2029-01-01T00:00:00,F,79,42.50943452338106,49100.0,26400.0,0.0008657725972175368,89004.49685516734,1340.7867343226305,0.0004776099638263737,0.0,0.0
BC,M6,2029-01-01T00:00:00,F,80,-29.616310852808965,49100.0,24500.0,-0.0006031835204238079,89004.49685516734,1340.7867343226305,0.0,0.0220887558734471,0.001208829014400366
BC,M6,2029-01-01T00:00:00,F,81,23.720688394980243,49100.0,23600.0,0.00048310974327862003,89004.49685516734,1340.7867343226305,0.0002665111228433745,0.0,0.0
BC,M6,2029-01-01T00:00:00,F,82,74.52067823233301,49100.0,22500.000000000004,0.0015177327542226682,89004.49685516734,1340.7867343226305,0.000837268687149559,0.0,0.0
BC,M6,2029-01-01T00:00:00,F,83,-6.905558855567506,49100.0,17800.0,-0.00014064274654923637,89004.49685516734,1340.7867343226305,0.0,0.005150378265829289,0.0003879527446948037
BC,M6,2029-01-01T00:00:00,F,84,-1.0086569468985545,49100.0,15900.0,-2.0542911342129417e-05,89004.49685516734,1340.7867343226305,0.0,0.0007522873855163334,6.343754383009776e-05
BC,M6,2029-01-01T00:00:00,F,85,-60.85278516721337,49100.0,14800.000000000002,-0.0012393642600247122,89004.49685516734,1340.7867343226305,0.0,0.045385879506002404,0.004111674673460362
BC,M6,2029-01-01T00:00:00,F,86,-52.422491239456576,49100.0,13200.0,-0.0010676678460174456,89004.49685516734,1340.7867343226305,0.0,0.03909830691004008,0.003971400851473983
BC,M6,2029-01-01T00:00:00,F,87,-64.88692003953838,49100.0,11400.0,-0.0013215258663857104,89004.49685516734,1340.7867343226305,0.0,0.04839466141669387,0.005691835091187578
BC,M6,2029-01-01T00:00:00,F,88,-50.955555744920275,49100.0,10200.000000000002,-0.0010377913593670118,89004.49685516734,1340.7867343226305,0.0,0.038004221283307354,0.0049956427200902225
BC,M6,2029-01-01T00:00:00,F,89,-75.70363784551046,49100.0,8600.0,-0.0015418256180348361,89004.49685516734,1340.7867343226305,0.0,0.05646210236690338,0.008802748586687262
BC,M6,2029-01-01T00:00:00,F,90,-84.04060074787594,49100.0,7400.0,-0.0017116211964944184,89004.49685516734,1340.7867343226305,0.0,0.06268006581250485,0.011356837938902154
BC,M6,2029-01-01T00:00:00,F,91,13.354283272728026,49100.0,6500.0,0.00027198132938346286,89004.49685516734,1340.7867343226305,0.00015004054564185445,0.0,0.0
BC,M6,2029-01-01T00:00:00,F,92,-92.8747216096881,49100.0,5500.000000000001,-0.001891542191643342,89004.49685516734,1340.7867343226305,0.0,0.06926882496089781,0.016886313019943287
BC,M6,2029-01-01T00:00:00,F,93,-29.38120478934343,49100.0,4600.000000000001,-0.0005983952095589293,89004.49685516734,1340.7867343226305,0.0,0.021913406537533278,0.0063872184324659615
BC,M6,2029-01-01T00:00:00,F,94,-75.32119678789877,49100.0,3700.0,-0.0015340365944582234,89004.49685516734,1340.7867343226305,0.0,0.056176866059128534,0.020357080212945612
BC,M6,2029-01-01T00:00:00,F,95,-45.16467874995442,49100.0,2900.0,-0.0009198508910377683,89004.49685516734,1340.7867343226305,0.0,0.03368520704582578,0.015574027155156695
BC,M6,2029-01-01T00:00:00,F,96,7.842309910417043,49100.0,2400.0000000000005,0.000159721179438229,89004.49685516734,1340.7867343226305,8.811138973324517e-05,0.0,0.0
BC,M6,2029-01-01T00:00:00,F,97,-55.31561953657274,49100.0,1800.0000000000002,-0.0011265910292581006,89004.49685516734,1340.7867343226305,0.0,0.04125609101026671,0.030730899742540407
BC,M6,2029-01-01T00:00:00,F,98,-17.29840888161425,49100.0,1400.0,-0.0003523097531896996,89004.49685516734,1340.7867343226305,0.0,0.012901685584138374,0.012356006344010179
BC,M6,2029-01-01T00:00:00,F,99,2.671758986616169,49100.0,1000.0,5.4414643311938263e-05,89004.49685516734,1340.7867343226305,3.001824717872167e-05,0.0,0.0
BC,M6,2029-01-01T00:00:00,F,100,1228.4577529603775,49100.0,1900.0,0.025019506170272456,89004.49685516734,1340.7867343226305,0.013802198724401383,0.0,0.0
BC,M6,2029-01-01T00:00:00,M,1,480.10827275572956,49100.0,25200.000000000004,0.009778172561216488,89004.49685516734,1340.7867343226305,0.0053942024248166505,0.0,0.0
BC,M6,2029-01-01T00:00:00,M,2,405.18019495306,49100.0,25300.0,0.008252142463402444,89004.49685516734,1340.7867343226305,0.004552356445679254,0.0,0.0
BC,M6,2029-01-01T00:00:00,M,3,403.60358979029115,49100.0,25300.0,0.008220032378621001,89004.49685516734,1340.7867343226305,0.004534642675943166,0.0,0.0
BC,M6,2029-01-01T00:00:00,M,4,502.4774561509985,49100.0,25400.0,0.010233756744419521,89004.49685516734,1340.7867343226305,0.005645528865453343,0.0,0.0
BC,M6,2029-01-01T00:00:00,M,5,502.03514629170604,49100.0,25500.0,0.010224748396979757,89004.49685516734,1340.7867343226305,0.005640559342845825,0.0,0.0
BC,M6,2029-01-01T00:00:00,M,6,501.5892200910748,49100.0,25600.000000000004,0.0102156663969669,89004.49685516734,1340.7867343226305,0.0056355491892424985,0.0,0.0
BC,M6,2029-01-01T00:00:00,M,7,501.36761438984104,49100.0,25699.999999999996,0.010211153042562954,89004.49685516734,1340.7867343226305,0.0056330593633453375,0.0,0.0
BC,M6,2029-01-01T00:00:00,M,8,501.3784684723032,49100.0,25900.0,0.010211374103305564,89004.49685516734,1340.7867343226305,0.005633181313166365,0.0,0.0
BC,M6,2029-01-01T00:00:00,M,9,401.421884802141,49100.0,26600.0,0.008175598468475377,89004.49685516734,1340.7867343226305,0.00451013037527031,0.0,0.0
BC,M6,2029-01-01T00:00:00,M,10,501.44359296705807,49100.0,27100.0,0.010212700467760856,89004.49685516734,1340.7867343226305,0.00563391301209233,0.0,0.0
BC,M6,2029-01-01T00:00:00,M,11,401.4815822556593,49100.0,27699.999999999996,0.008176814302559253,89004.49685516734,1340.7867343226305,0.004510801099285699,0.0,0.0
BC,M6,2029-01-01T00:00:00,M,12,402.0333353309579,49100.0,28500.0,0.008188051636068389,89004.49685516734,1340.7867343226305,0.0045170002588202605,0.0,0.0
BC,M6,2029-01-01T00:00:00,M,13,402.3037856022129,49100.0,28700.0,0.008193559788232442,89004.49685516734,1340.7867343226305,0.004520038872382618,0.0,0.0
BC,M6,2029-01-01T00:00:00,M,14,703.1585560939056,49100.0,29800.0,0.014320948189285247,89004.49685516734,1340.7867343226305,0.007900258761510907,0.0,0.0
BC,M6,2029-01-01T00:00:00,M,15,1104.2114242127536,49100.0,30200.000000000004,0.022489031043029604,89004.49685516734,1340.7867343226305,0.012406243091397762,0.0,0.0
BC,M6,2029-01-01T00:00:00,M,16,1706.5125614250464,49100.0,31700.000000000004,0.03475585664816795,89004.49685516734,1340.7867343226305,0.019173329682453808,0.0,0.0
BC,M6,2029-01-01T00:00:00,M,17,1509.503003300204,49100.0,32400.0,0.030743442022407412,89004.49685516734,1340.7867343226305,0.016959850980973967,0.0,0.0
BC,M6,2029-01-01T00:00:00,M,18,2312.862566774591,49100.0,33900.0,0.047105143926162746,89004.49685516734,1340.7867343226305,0.025985906875449216,0.0,0.0
BC,M6,2029-01-01T00:00:00,M,19,4517.478637566615,49100.0,38400.0,0.09200567489952373,89004.49685516734,1340.7867343226305,0.05075562243689426,0.0,0.0
BC,M6,2029-01-01T00:00:00,M,20,3123.71759712528,49100.0,41100.0,0.06361950299644155,89004.49685516734,1340.7867343226305,0.03509617724381222,0.0,0.0
BC,M6,2029-01-01T00:00:00,M,21,1329.381392113195,49100.0,41400.0,0.02707497743611395,89004.49685516734,1340.7867343226305,0.014936114905255093,0.0,0.0
BC,M6,2029-01-01T00:00:00,M,22,333.65045143751195,49100.0,40300.0,0.006795324876527739,89004.49685516734,1340.7867343226305,0.003748692068676541,0.0,0.0
BC,M6,2029-01-01T00:00:00,M,23,236.69023250952887,49100.0,39200.0,0.004820575000194071,89004.49685516734,1340.7867343226305,0.002659306449366073,0.0,0.0
BC,M6,2029-01-01T00:00:00,M,24,239.04793368448736,49100.0,38400.0,0.004868593354062879,89004.49685516734,1340.7867343226305,0.002685796135373681,0.0,0.0
BC,M6,2029-01-01T00:00:00,M,25,440.7985671403585,49100.0,38300.0,0.008977567558866771,89004.49685516734,1340.7867343226305,0.004952542654756517,0.0,0.0
BC,M6,2029-01-01T00:00:00,M,26,642.0643498748686,49100.0,37800.0,0.01307666700356148,89004.49685516734,1340.7867343226305,0.007213841688467365,0.0,0.0
BC,M6,2029-01-01T00:00:00,M,27,843.5843855196581,49100.0,37300.0,0.017180944715267987,89004.49685516734,1340.7867343226305,0.00947799735211561,0.0,0.0
BC,M6,2029-01-01T00:00:00,M,28,749.0395461924345,49100.0,39700.0,0.015255387906159563,89004.49685516734,1340.7867343226305,0.008415749458269619,0.0,0.0
BC,M6,2029-01-01T00:00:00,M,29,755.2945764269825,49100.0,42000.0,0.015382781597290887,89004.49685516734,1340.7867343226305,0.00848602714597709,0.0,0.0
BC,M6,2029-01-01T00:00:00,M,30,760.6035214436197,49100.0,43100.0,0.01549090675037922,89004.49685516734,1340.7867343226305,0.008545675199774597,0.0,0.0
BC,M6,2029-01-01T00:00:00,M,31,766.1298094402227,49100.0,43700.00000000001,0.015603458440737733,89004.49685516734,1340.7867343226305,0.008607765186144565,0.0,0.0
BC,M6,2029-01-01T00:00:00,M,32,672.4450867015985,49100.0,44600.0,0.013695419281091619,89004.49685516734,1340.7867343226305,0.007555181035356399,0.0,0.0
BC,M6,2029-01-01T00:00:00,M,33,678.0466501133997,49100.0,45300.0,0.01380950407562932,89004.49685516734,1340.7867343226305,0.007618116770175689,0.0,0.0
BC,M6,2029-01-01T00:00:00,M,34,783.6030973381494,49100.0,46000.0,0.01595932988468736,89004.49685516734,1340.7867343226305,0.008804084344336762,0.0,0.0
BC,M6,2029-01-01T00:00:00,M,35,687.2659004490197,49100.0,46100.00000000001,0.013997268848248874,89004.49685516734,1340.7867343226305,0.007721698618973981,0.0,0.0
BC,M6,2029-01-01T00:00:00,M,36,690.3460517469648,49100.0,46200.0,0.014060001053909671,89004.49685516734,1340.7867343226305,0.007756305311970148,0.0,0.0
BC,M6,2029-01-01T00:00:00,M,37,493.4324878676125,49100.0,46300.0,0.010049541504432026,89004.49685516734,1340.7867343226305,0.005543905143023852,0.0,0.0
BC,M6,2029-01-01T00:00:00,M,38,496.7552712367615,49100.0,46300.0,0.010117215300137709,89004.49685516734,1340.7867343226305,0.005581237901328817,0.0,0.0
BC,M6,2029-01-01T00:00:00,M,39,400.49346322855126,49100.0,46200.0,0.008156689678789231,89004.49685516734,1340.7867343226305,0.004499699199246693,0.0,0.0
BC,M6,2029-01-01T00:00:00,M,40,502.3671923437578,49100.0,45300.0,0.010231511045697715,89004.49685516734,1340.7867343226305,0.005644290008865904,0.0,0.0
BC,M6,2029-01-01T00:00:00,M,41,403.7434559222893,49100.0,43900.0,0.008222880976014039,89004.49685516734,1340.7867343226305,0.004536214126116361,0.0,0.0
BC,M6,2029-01-01T00:00:00,M,42,507.37456172015663,49100.0,43400.0,0.010333494128720094,89004.49685516734,1340.7867343226305,0.0057005497435234365,0.0,0.0
BC,M6,2029-01-01T00:00:00,M,43,413.0849844229524,49100.0,43400.0,0.008413136138960334,89004.49685516734,1340.7867343226305,0.004641169817466025,0.0,0.0
BC,M6,2029-01-01T00:00:00,M,44,517.0042382099127,49100.0,42800.0,0.010529617886148935,89004.49685516734,1340.7867343226305,0.005808742889150965,0.0,0.0
BC,M6,2029-01-01T00:00:00,M,45,320.15454285929445,49100.0,41700.0,0.006520459121370559,89004.49685516734,1340.7867343226305,0.003597060307865863,0.0,0.0
BC,M6,2029-01-01T00:00:00,M,46,422.8808255166223,49100.0,40600.0,0.008612644104208193,89004.49685516734,1340.7867343226305,0.0047512298867860075,0.0,0.0
BC,M6,2029-01-01T00:00:00,M,47,326.5555559591958,49100.0,39600.0,0.006650825986948997,89004.49685516734,1340.7867343226305,0.0036689781696152236,0.0,0.0
BC,M6,2029-01-01T00:00:00,M,48,229.27051801818743,49100.0,38300.0,0.004669460652101577,89004.49685516734,1340.7867343226305,0.002575943082867691,0.0,0.0
BC,M6,2029-01-01T00:00:00,M,49,231.52798025734228,49100.0,36900.0,0.0047154374797829385,89004.49685516734,1340.7867343226305,0.0026013065456018075,0.0,0.0
BC,M6,2029-01-01T00:00:00,M,50,232.44194077665452,49100.0,35200.0,0.004734051746978707,89004.49685516734,1340.7867343226305,0.0026115752460788124,0.0,0.0
BC,M6,2029-01-01T00:00:00,M,51,235.2790704319632,49100.0,34000.0,0.0047918344283495555,89004.49685516734,1340.7867343226305,0.002643451496780228,0.0,0.0
BC,M6,2029-01-01T00:00:00,M,52,141.9904935124796,49100.0,33600.0,0.002891863411659462,89004.49685516734,1340.7867343226305,0.001595318197725827,0.0,0.0
BC,M6,2029-01-01T00:00:00,M,53,247.37228787176355,49100.0,33000.0,0.005038132135881132,89004.49685516734,1340.7867343226305,0.002779323479287798,0.0,0.0
BC,M6,2029-01-01T00:00:00,M,54,255.35821878417482,49100.0,32800.0,0.005200778386643071,89004.49685516734,1340.7867343226305,0.0028690485066131745,0.0,0.0
BC,M6,2029-01-01T00:00:00,M,55,163.40134088135164,49100.0,32300.0,0.0033279295495183634,89004.49685516734,1340.7867343226305,0.0018358773618735989,0.0,0.0
BC,M6,2029-01-01T00:00:00,M,56,173.93048697638005,49100.0,32300.0,0.003542372443510795,89004.49685516734,1340.7867343226305,0.001954176396945523,0.0,0.0
BC,M6,2029-01-01T00:00:00,M,57,188.20688680998137,49100.0,32800.0,0.0038331341509161175,89004.49685516734,1340.7867343226305,0.0021145772793507416,0.0,0.0
BC,M6,2029-01-01T00:00:00,M,58,311.3966098482779,49100.0,34600.0,0.006342089813610547,89004.49685516734,1340.7867343226305,0.003498661537910813,0.0,0.0
BC,M6,2029-01-01T00:00:00,M,59,227.39337183318275,49100.0,34700.0,0.004631229568903925,89004.49685516734,1340.7867343226305,0.0025548526183256657,0.0,0.0
BC,M6,2029-01-01T00:00:00,M,60,239.52312155471736,49100.0,34100.0,0.004878271314760028,89004.49685516734,1340.7867343226305,0.002691135055170096,0.0,0.0
BC,M6,2029-01-01T00:00:00,M,61,250.79688956081372,49100.0,33299.99999999999,0.005107879624456491,89004.49685516734,1340.7867343226305,0.0028178002058583985,0.0,0.0
BC,M6,2029-01-01T00:00:00,M,62,266.2647886054765,49100.0,32900.0,0.005422908118237811,89004.49685516734,1340.7867343226305,0.002991588043453087,0.0,0.0
BC,M6,2029-01-01T00:00:00,M,63,296.98738347036124,49100.0,34100.0,0.0060486228812700864,89004.49685516734,1340.7867343226305,0.0033367682978269544,0.0,0.0
BC,M6,2029-01-01T00:00:00,M,64,236.7390431095555,49100.0,35800.0,0.004821569106100926,89004.49685516734,1340.7867343226305,0.0026598548553652224,0.0,0.0
BC,M6,2029-01-01T00:00:00,M,65,176.5806987251708,49100.0,37000.0,0.0035963482428751693,89004.49685516734,1340.7867343226305,0.001983952552560484,0.0,0.0
BC,M6,2029-01-01T00:00:00,M,66,212.40029419486382,49100.0,37500.0,0.004325871572196819,89004.49685516734,1340.7867343226305,0.0023863995831636736,0.0,0.0
BC,M6,2029-01-01T00:00:00,M,67,227.6290025042763,49100.0,35899.99999999999,0.004636028564241879,89004.49685516734,1340.7867343226305,0.002557500020192079,0.0,0.0
BC,M6,2029-01-01T00:00:00,M,68,261.0718065214169,49100.0,35700.0,0.005317144735670405,89004.49685516734,1340.7867343226305,0.0029332428781238575,0.0,0.0
BC,M6,2029-01-01T00:00:00,M,69,190.7151042181431,49100.0,34900.0,0.0038842180085161527,89004.49685516734,1340.7867343226305,0.0021427580735441315,0.0,0.0
BC,M6,2029-01-01T00:00:00,M,70,116.83762660728826,49100.0,33700.0,0.0023795850632848934,89004.49685516734,1340.7867343226305,0.0013127159945346628,0.0,0.0
BC,M6,2029-01-01T00:00:00,M,71,157.68881485949532,49100.0,33400.0,0.003211584824022308,89004.49685516734,1340.7867343226305,0.001771694919146553,0.0,0.0
BC,M6,2029-01-01T00:00:00,M,72,79.52071093969789,49100.0,31699.999999999996,0.0016195664142504662,89004.49685516734,1340.7867343226305,0.0008934459914884756,0.0,0.0
BC,M6,2029-01-01T00:00:00,M,73,117.01881152987698,49100.0,30899.999999999996,0.0023832751839078813,89004.49685516734,1340.7867343226305,0.0013147516773258769,0.0,0.0
BC,M6,2029-01-01T00:00:00,M,74,149.13100287576526,49100.0,29699.999999999996,0.0030372913009320828,89004.49685516734,1340.7867343226305,0.0016755445864543098,0.0,0.0
BC,M6,2029-01-01T00:00:00,M,75,66.41719611181543,49100.0,27699.999999999996,0.001352692385169357,89004.49685516734,1340.7867343226305,0.000746222926465085,0.0,0.0
BC,M6,2029-01-01T00:00:00,M,76,97.42246262999834,49100.0,26400.0,0.0019841642083502716,89004.49685516734,1340.7867343226305,0.0010945791063627845,0.0,0.0
BC,M6,2029-01-01T00:00:00,M,77,23.62834039689551,49100.0,24800.0,0.00048122892865367636,89004.49685516734,1340.7867343226305,0.00026547355731188226,0.0,0.0
BC,M6,2029-01-01T00:00:00,M,78,55.681698626263824,49100.0,23500.0,0.0011340468151988558,89004.49685516734,1340.7867343226305,0.000625605453585923,0.0,0.0
BC,M6,2029-01-01T00:00:00,M,79,101.85203304487004,49100.0,22599.999999999996,0.0020743794917488807,89004.49685516734,1340.7867343226305,0.001144347045864535,0.0,0.0
BC,M6,2029-01-01T00:00:00,M,80,24.319035091342812,49100.0,20900.0,0.0004952960303735807,89004.49685516734,1340.7867343226305,0.00027323377975964504,0.0,0.0
BC,M6,2029-01-01T00:00:00,M,81,-18.180278525735048,49100.0,20100.0,-0.0003702704384060091,89004.49685516734,1340.7867343226305,0.0,0.013559411098230905,0.0009044914689420422
BC,M6,2029-01-01T00:00:00,M,82,20.54881577213746,49100.0,18899.999999999996,0.0004185094861942456,89004.49685516734,1340.7867343226305,0.00023087390523172713,0.0,0.0
BC,M6,2029-01-01T00:00:00,M,83,4.262849181965066,49100.0,14800.0,8.681973894022538e-05,89004.49685516734,1340.7867343226305,4.789476186694019e-05,0.0,0.0
BC,M6,2029-01-01T00:00:00,M,84,-9.877147931159925,49100.0,12999.999999999998,-0.0002011639089849272,89004.49685516734,1340.7867343226305,0.0,0.007366680828737383,0.0007597806100892251
BC,M6,2029-01-01T00:00:00,M,85,15.183590934793756,49100.0,11999.999999999998,0.0003092381045782842,89004.49685516734,1340.7867343226305,0.00017059352584736557,0.0,0.0
BC,M6,2029-01-01T00:00:00,M,86,-84.15682894488964,49100.0,10600.0,-0.0017139883695496871,89004.49685516734,1340.7867343226305,0.0,0.06276675237796556,0.007939323485366948
BC,M6,2029-01-01T00:00:00,M,87,-32.0802768676549,49100.0,8900.0,-0.0006533661276508127,89004.49685516734,1340.7867343226305,0.0,0.02392645753902238,0.003604525490747742
BC,M6,2029-01-01T00:00:00,M,88,-56.8178688078724,49100.0,7599.999999999999,-0.0011571867374312098,89004.49685516734,1340.7867343226305,0.0,0.04237651473824952,0.007476035369456895
BC,M6,2029-01-01T00:00:00,M,89,13.063907417814335,49100.0,6500.0,0.00026606736085161577,89004.49685516734,1340.7867343226305,0.00014677806042848142,0.0,0.0
BC,M6,2029-01-01T00:00:00,M,90,-22.606063651413933,49100.0,5400.0,-0.00046040862833836933,89004.49685516734,1340.7867343226305,0.0,0.01686029781823176,0.004186308083595173
BC,M6,2029-01-01T00:00:00,M,91,-63.956204912011344,49100.0,4400.0,-0.0013025703648067483,89004.49685516734,1340.7867343226305,0.0,0.047700505438191265,0.014535501116366215
BC,M6,2029-01-01T00:00:00,M,92,-12.65253764306999,49100.0,3600.0,-0.00025768915769999983,89004.49685516734,1340.7867343226305,0.0,0.009436651869517556,0.0035145937897416643
BC,M6,2029-01-01T00:00:00,M,93,-53.8560196972071,49100.0,2899.9999999999995,-0.0010968639449533014,89004.49685516734,1340.7867343226305,0.0,0.04016747654086489,0.018571041274899003
BC,M6,2029-01-01T00:00:00,M,94,-32.17738433050681,49100.0,2200.0,-0.0006553438763850675,89004.49685516734,1340.7867343226305,0.0,0.023998883272635392,0.014626083786594005
BC,M6,2029-01-01T00:00:00,M,95,2.0453660672542355,49100.0,1700.0,4.165715004591111e-05,89004.49685516734,1340.7867343226305,2.298048008273739e-05,0.0,0.0
BC,M6,2029-01-01T00:00:00,M,96,-66.91169100749289,49100.0,1200.0,-0.0013627635643073909,89004.49685516734,1340.7867343226305,0.0,0.04990479790307358,0.055759742506244075
BC,M6,2029-01-01T00:00:00,M,97,-27.62594530095089,49100.0,900.0,-0.0005626465438075538,89004.49685516734,1340.7867343226305,0.0,0.020604280004983492,0.03069549477883432
BC,M6,2029-01-01T00:00:00,M,98,-78.13540762603384,49100.0,600.0,-0.001591352497475231,89004.49685516734,1340.7867343226305,0.0,0.05827579109030198,0.13022567937672305
BC,M6,2029-01-01T00:00:00,M,99,-40.00473128177009,49100.0,400.0,-0.00081476031123768,89004.49685516734,1340.7867343226305,0.0,0.029836759461959177,0.10001182820442522
BC,M6,2029-01-01T00:00:00,M,100,314.89995341806576,49100.0,600.0,0.006413441006477918,89004.49685516734,1340.7867343226305,0.003538022960013886,0.0,0.0
BC,M6,2030-01-01T00:00:00,F,1,374.3322855458937,49800.0,24200.000000000004,0.007516712561162524,85807.43108168968,2136.164656837087,0.0043624693202797896,0.0,0.0
BC,M6,2030-01-01T00:00:00,F,2,303.2881566781398,49800.0,24200.000000000004,0.0060901236280750965,85807.43108168968,2136.164656837087,0.003534520878377141,0.0,0.0
BC,M6,2030-01-01T00:00:00,F,3,402.6195124523583,49800.0,24200.000000000004,0.008084729165710007,85807.43108168968,2136.164656837087,0.004692128727977649,0.0,0.0
BC,M6,2030-01-01T00:00:00,F,4,402.182923428114,49800.0,24200.0,0.008075962317833614,85807.43108168968,2136.164656837087,0.004687040718480794,0.0,0.0
BC,M6,2030-01-01T00:00:00,F,5,401.972884203944,49800.0,24300.0,0.008071744662729799,85807.43108168968,2136.164656837087,0.0046845929208772265,0.0,0.0
BC,M6,2030-01-01T00:00:00,F,6,501.7610109412599,49800.0,24500.0,0.010075522308057427,85807.43108168968,2136.164656837087,0.005847523980336593,0.0,0.0
BC,M6,2030-01-01T00:00:00,F,7,501.5473036446201,49800.0,24600.0,0.010071230996879923,85807.43108168968,2136.164656837087,0.005845033435007992,0.0,0.0
BC,M6,2030-01-01T00:00:00,F,8,501.33176231856487,49800.0,24699.999999999996,0.010066902857802507,85807.43108168968,2136.164656837087,0.005842521515896347,0.0,0.0
BC,M6,2030-01-01T00:00:00,F,9,401.33726546864636,49800.0,24699.999999999996,0.008058981234310168,85807.43108168968,2136.164656837087,0.0046771854186680945,0.0,0.0
BC,M6,2030-01-01T00:00:00,F,10,401.35927806895415,49800.0,25099.999999999996,0.00805942325439667,85807.43108168968,2136.164656837087,0.00467744195356292,0.0,0.0
BC,M6,2030-01-01T00:00:00,F,11,401.3978001194919,49800.0,25800.0,0.00806019678954803,85807.43108168968,2136.164656837087,0.004677890889628854,0.0,0.0
BC,M6,2030-01-01T00:00:00,F,12,401.6821309331499,49800.0,26600.0,0.008065906243637549,85807.43108168968,2136.164656837087,0.004681204481587892,0.0,0.0
BC,M6,2030-01-01T00:00:00,F,13,401.9664622177406,49800.0,27200.0,0.008071615707183547,85807.43108168968,2136.164656837087,0.0046845180790351815,0.0,0.0
BC,M6,2030-01-01T00:00:00,F,14,602.220526572637,49800.0,27499.999999999996,0.012092781658085082,85807.43108168968,2136.164656837087,0.007018279407517935,0.0,0.0
BC,M6,2030-01-01T00:00:00,F,15,1203.004734871818,49800.0,28500.0,0.024156721583771447,85807.43108168968,2136.164656837087,0.014019819958559807,0.0,0.0
BC,M6,2030-01-01T00:00:00,F,16,2004.4126493667318,49800.0,30300.0,0.04024924998728377,85807.43108168968,2136.164656837087,0.023359429644951236,0.0,0.0
BC,M6,2030-01-01T00:00:00,F,17,1706.6479043889813,49800.0,31900.0,0.034270038240742595,85807.43108168968,2136.164656837087,0.01988927861928686,0.0,0.0
BC,M6,2030-01-01T00:00:00,F,18,2208.6401173444574,49800.0,33600.0,0.04435020315952726,85807.43108168968,2136.164656837087,0.025739497028431094,0.0,0.0
BC,M6,2030-01-01T00:00:00,F,19,4410.863488143848,49800.0,37300.0,0.08857155598682427,85807.43108168968,2136.164656837087,0.05140421327780638,0.0,0.0
BC,M6,2030-01-01T00:00:00,F,20,2514.027018922192,49800.0,39800.0,0.050482470259481764,85807.43108168968,2136.164656837087,0.02929847668471521,0.0,0.0
BC,M6,2030-01-01T00:00:00,F,21,916.3036086629872,49800.0,40400.0,0.018399670856686492,85807.43108168968,2136.164656837087,0.010678604371580074,0.0,0.0
BC,M6,2030-01-01T00:00:00,F,22,117.61069277332717,49800.0,40100.0,0.002361660497456369,85807.43108168968,2136.164656837087,0.001370635285204616,0.0,0.0
BC,M6,2030-01-01T00:00:00,F,23,318.19684385197615,49800.0,39200.0,0.006389494856465385,85807.43108168968,2136.164656837087,0.003708266753132943,0.0,0.0
BC,M6,2030-01-01T00:00:00,F,24,518.4243463822058,49800.0,38400.0,0.010410127437393692,85807.43108168968,2136.164656837087,0.006041718530049685,0.0,0.0
BC,M6,2030-01-01T00:00:00,F,25,918.2785072287807,49800.0,38500.0,0.018439327454393185,85807.43108168968,2136.164656837087,0.010701619844026898,0.0,0.0
BC,M6,2030-01-01T00:00:00,F,26,718.4243463822058,49800.0,38600.0,0.014426191694421804,85807.43108168968,2136.164656837087,0.008372518991953709,0.0,0.0
BC,M6,2030-01-01T00:00:00,F,27,918.425278868759,49800.0,38100.0,0.0184422746760795,85807.43108168968,2136.164656837087,0.010703330321058179,0.0,0.0
BC,M6,2030-01-01T00:00:00,F,28,918.6656080995526,49800.0,37900.0,0.018447100564248045,85807.43108168968,2136.164656837087,0.010706131118468892,0.0,0.0
BC,M6,2030-01-01T00:00:00,F,29,920.756007139782,49800.0,40599.99999999999,0.01848907644859,85807.43108168968,2136.164656837087,0.010730492633711543,0.0,0.0
BC,M6,2030-01-01T00:00:00,F,30,922.4584239951728,49800.0,42400.0,0.018523261526007487,85807.43108168968,2136.164656837087,0.010750332603676034,0.0,0.0
BC,M6,2030-01-01T00:00:00,F,31,924.0553845645409,49800.0,43200.0,0.0185553290073201,85807.43108168968,2136.164656837087,0.010768943585839661,0.0,0.0
BC,M6,2030-01-01T00:00:00,F,32,625.9706556414167,49800.0,43500.0,0.012569691880349732,85807.43108168968,2136.164656837087,0.007295063466536893,0.0,0.0
BC,M6,2030-01-01T00:00:00,F,33,627.5447260185028,49800.0,43500.0,0.012601299719247045,85807.43108168968,2136.164656837087,0.007313407686346803,0.0,0.0
BC,M6,2030-01-01T00:00:00,F,34,730.4066416450805,49800.0,44900.0,0.014666800033033745,85807.43108168968,2136.164656837087,0.008512160688620603,0.0,0.0
BC,M6,2030-01-01T00:00:00,F,35,732.5072652248055,49800.0,45000.0,0.014708981229413763,85807.43108168968,2136.164656837087,0.00853664136067015,0.0,0.0
BC,M6,2030-01-01T00:00:00,F,36,735.5114579349174,49800.0,45200.0,0.014769306384235289,85807.43108168968,2136.164656837087,0.008571652229452038,0.0,0.0
BC,M6,2030-01-01T00:00:00,F,37,638.8000356205957,49800.0,45600.0,0.012827309952220797,85807.43108168968,2136.164656837087,0.007444577090443958,0.0,0.0
BC,M6,2030-01-01T00:00:00,F,38,442.3381472018955,49800.0,46100.00000000001,0.008882292112487861,85807.43108168968,2136.164656837087,0.005155009789079741,0.0,0.0
BC,M6,2030-01-01T00:00:00,F,39,444.434279085086,49800.0,46100.0,0.008924383114158354,85807.43108168968,2136.164656837087,0.005179438114887502,0.0,0.0
BC,M6,2030-01-01T00:00:00,F,40,446.6322454583715,49800.0,46200.0,0.008968518985107862,85807.43108168968,2136.164656837087,0.005205053220078019,0.0,0.0
BC,M6,2030-01-01T00:00:00,F,41,447.3634677025475,49800.0,45300.0,0.008983202162701757,85807.43108168968,2136.164656837087,0.005213574885800418,0.0,0.0
BC,M6,2030-01-01T00:00:00,F,42,448.24696285946266,49800.0,44600.00000000001,0.009000943029306478,85807.43108168968,2136.164656837087,0.005223871140399557,0.0,0.0
BC,M6,2030-01-01T00:00:00,F,43,448.85344514217286,49800.0,43700.0,0.009013121388397046,85807.43108168968,2136.164656837087,0.005230939086322945,0.0,0.0
BC,M6,2030-01-01T00:00:00,F,44,450.8395680763206,49800.0,43700.0,0.009053003375026517,85807.43108168968,2136.164656837087,0.005254085367584494,0.0,0.0
BC,M6,2030-01-01T00:00:00,F,45,352.23960359586636,49800.0,42800.0,0.0070730844095555495,85807.43108168968,2136.164656837087,0.004105001153810678,0.0,0.0
BC,M6,2030-01-01T00:00:00,F,46,454.1928258770058,49800.0,42300.00000000001,0.009120337869016181,85807.43108168968,2136.164656837087,0.005293164241738095,0.0,0.0
BC,M6,2030-01-01T00:00:00,F,47,256.0690176440403,49800.0,41500.0,0.005141948145462656,85807.43108168968,2136.164656837087,0.002984228923020194,0.0,0.0
BC,M6,2030-01-01T00:00:00,F,48,258.6149608131964,49800.0,40900.00000000001,0.00519307150227302,85807.43108168968,2136.164656837087,0.0030138993505934458,0.0,0.0
BC,M6,2030-01-01T00:00:00,F,49,260.0510426732362,49800.0,39400.0,0.005221908487414382,85807.43108168968,2136.164656837087,0.0030306354519070103,0.0,0.0
BC,M6,2030-01-01T00:00:00,F,50,163.05312071002845,49800.0,38499.99999999999,0.0032741590504021777,85807.43108168968,2136.164656837087,0.0019002214453291344,0.0,0.0
BC,M6,2030-01-01T00:00:00,F,51,264.6215752115022,49800.0,36700.0,0.005313686249226952,85807.43108168968,2136.164656837087,0.0030839004486636987,0.0,0.0
BC,M6,2030-01-01T00:00:00,F,52,267.54595702162624,49800.0,35600.0,0.005372408775534664,85807.43108168968,2136.164656837087,0.003117981201032803,0.0,0.0
BC,M6,2030-01-01T00:00:00,F,53,272.12629978082987,49800.0,35300.0,0.00546438352973554,85807.43108168968,2136.164656837087,0.0031713605261269556,0.0,0.0
BC,M6,2030-01-01T00:00:00,F,54,278.36733247085795,49800.0,35500.0,0.005589705471302368,85807.43108168968,2136.164656837087,0.0032440935355103335,0.0,0.0
BC,M6,2030-01-01T00:00:00,F,55,283.8839563544825,49800.0,35100.0,0.00570048105129483,85807.43108168968,2136.164656837087,0.003308384282990848,0.0,0.0
BC,M6,2030-01-01T00:00:00,F,56,190.66876191212214,49800.0,34899.99999999999,0.0038286899982353842,85807.43108168968,2136.164656837087,0.0022220541916772134,0.0,0.0
BC,M6,2030-01-01T00:00:00,F,57,198.89799705221958,49800.0,35099.99999999999,0.003993935683779509,85807.43108168968,2136.164656837087,0.002317957717005493,0.0,0.0
BC,M6,2030-01-01T00:00:00,F,58,208.47454009013018,49800.0,35500.0,0.00418623574478173,85807.43108168968,2136.164656837087,0.002429562771686522,0.0,0.0
BC,M6,2030-01-01T00:00:00,F,59,225.22267920980084,49800.0,37699.99999999999,0.004522543759232949,85807.43108168968,2136.164656837087,0.0026247456236673282,0.0,0.0
BC,M6,2030-01-01T00:00:00,F,60,236.97361882968107,49800.0,37800.00000000001,0.004758506402202431,85807.43108168968,2136.164656837087,0.002761691101136444,0.0,0.0
BC,M6,2030-01-01T00:00:00,F,61,248.68874677404528,49800.0,37700.00000000001,0.004993749935221793,85807.43108168968,2136.164656837087,0.002898219229256388,0.0,0.0
BC,M6,2030-01-01T00:00:00,F,62,256.875422881385,49800.0,36400.00000000001,0.005158141021714559,85807.43108168968,2136.164656837087,0.0029936267715186186,0.0,0.0
BC,M6,2030-01-01T00:00:00,F,63,267.7562813646,49800.0,35600.00000000001,0.0053766321559156624,85807.43108168968,2136.164656837087,0.0031204323214115673,0.0,0.0
BC,M6,2030-01-01T00:00:00,F,64,290.9705106825204,49800.0,37000.0,0.005842781339006434,85807.43108168968,2136.164656837087,0.0033909710034963412,0.0,0.0
BC,M6,2030-01-01T00:00:00,F,65,317.77096193305624,49800.0,38500.00000000001,0.00638094301070394,85807.43108168968,2136.164656837087,0.0037033035242662674,0.0,0.0
BC,M6,2030-01-01T00:00:00,F,66,251.3696958726723,49800.0,40400.00000000001,0.005047584254471332,85807.43108168968,2136.164656837087,0.0029294630162434933,0.0,0.0
BC,M6,2030-01-01T00:00:00,F,67,276.2253989224919,49800.0,40399.99999999999,0.0055466947574797565,85807.43108168968,2136.164656837087,0.003219131436990837,0.0,0.0
BC,M6,2030-01-01T00:00:00,F,68,292.01054909850063,49800.0,38800.0,0.005863665644548205,85807.43108168968,2136.164656837087,0.003403091613598165,0.0,0.0
BC,M6,2030-01-01T00:00:00,F,69,223.60575224351487,49800.0,38900.0,0.004490075346255318,85807.43108168968,2136.164656837087,0.002605901953067906,0.0,0.0
BC,M6,2030-01-01T00:00:00,F,70,253.26379673156043,49800.0,38500.0,0.005085618408264265,85807.43108168968,2136.164656837087,0.0029515368720274397,0.0,0.0
BC,M6,2030-01-01T00:00:00,F,71,182.06145420824032,49800.0,37600.0,0.0036558524941413717,85807.43108168968,2136.164656837087,0.002121744607817424,0.0,0.0
BC,M6,2030-01-01T00:00:00,F,72,215.99341256346088,49800.0,37000.00000000001,0.0043372171197482105,85807.43108168968,2136.164656837087,0.002517187728855705,0.0,0.0
BC,M6,2030-01-01T00:00:00,F,73,145.92091263635666,49800.0,35700.0,0.002930138807958969,85807.43108168968,2136.164656837087,0.0017005626528713842,0.0,0.0
BC,M6,2030-01-01T00:00:00,F,74,80.83487417556898,49800.0,34600.00000000001,0.001623190244489337,85807.43108168968,2136.164656837087,0.0009420498103318493,0.0,0.0
BC,M6,2030-01-01T00:00:00,F,75,120.21126515599462,49800.0,33700.0,0.002413880826425595,85807.43108168968,2136.164656837087,0.0014009423617582968,0.0,0.0
BC,M6,2030-01-01T00:00:00,F,76,49.71126811706927,49800.0,31900.0,0.0009982182352825154,85807.43108168968,2136.164656837087,0.0005793352334454991,0.0,0.0
BC,M6,2030-01-01T00:00:00,F,77,-25.75831345853294,49800.0,29800.000000000004,-0.0005172352100107015,85807.43108168968,2136.164656837087,0.0,0.012058205988985883,0.0008643729348500986
BC,M6,2030-01-01T00:00:00,F,78,4.476697479221912,49800.0,28100.0,8.989352367915485e-05,85807.43108168968,2136.164656837087,5.2171442761875055e-05,0.0,0.0
BC,M6,2030-01-01T00:00:00,F,79,-58.13735632351381,49800.0,26600.000000000004,-0.0011674167936448557,85807.43108168968,2136.164656837087,0.0,0.027215765478301148,0.002185614899380218
BC,M6,2030-01-01T00:00:00,F,80,-6.0862484994322585,49800.0,25699.999999999996,-0.00012221382528980438,85807.43108168968,2136.164656837087,0.0,0.002849147644097747,0.0002368190077600101
BC,M6,2030-01-01T00:00:00,F,81,20.985323583452555,49800.0,23800.0,0.00042139203982836454,85807.43108168968,2136.164656837087,0.00024456300950758314,0.0,0.0
BC,M6,2030-01-01T00:00:00,F,82,-21.476248808441596,49800.0,22800.000000000004,-0.00043124997607312443,85807.43108168968,2136.164656837087,0.0,0.010053648598530982,0.0009419407372123506
BC,M6,2030-01-01T00:00:00,F,83,-67.00998878517566,49800.0,21600.0,-0.0013455821041199933,85807.43108168968,2136.164656837087,0.0,0.03136929944548096,0.0031023142956099845
BC,M6,2030-01-01T00:00:00,F,84,40.704633671961346,49800.0,17100.0,0.0008173621219269347,85807.43108168968,2136.164656837087,0.000474371894821208,0.0,0.0
BC,M6,2030-01-01T00:00:00,F,85,-55.451583957561525,49800.0,15100.0,-0.0011134856216377816,85807.43108168968,2136.164656837087,0.0,0.025958478331752726,0.0036722903283153327
BC,M6,2030-01-01T00:00:00,F,86,-18.89130487932016,49800.0,14000.000000000002,-0.0003793434714722924,85807.43108168968,2136.164656837087,0.0,0.008843562137804292,0.0013493789199514397
BC,M6,2030-01-01T00:00:00,F,87,-13.812037869049163,49800.0,12400.0,-0.00027735015801303543,85807.43108168968,2136.164656837087,0.0,0.0064658114367925,0.001113874021697513
BC,M6,2030-01-01T00:00:00,F,88,-32.60367939208663,49800.0,10600.0,-0.0006546923572708159,85807.43108168968,2136.164656837087,0.0,0.015262718296426307,0.0030758188105742107
BC,M6,2030-01-01T00:00:00,F,89,-122.97253312563771,49800.0,9300.0,-0.0024693279744103956,85807.43108168968,2136.164656837087,0.0,0.05756697300090951,0.01322285302426212
BC,M6,2030-01-01T00:00:00,F,90,-57.535861719195964,49800.0,7799.999999999999,-0.0011553385887388748,85807.43108168968,2136.164656837087,0.0,0.026934188586560767,0.007376392528102047
BC,M6,2030-01-01T00:00:00,F,91,-74.9469814513086,49800.0,6600.0,-0.0015049594668937471,85807.43108168968,2136.164656837087,0.0,0.03508483356441206,0.011355603250198272
BC,M6,2030-01-01T00:00:00,F,92,-78.38641302024462,49800.0,5700.0,-0.0015740243578362372,85807.43108168968,2136.164656837087,0.0,0.036694930219614945,0.013752002284253441
BC,M6,2030-01-01T00:00:00,F,93,-111.54691342328806,49800.0,4700.0,-0.002239897859905383,85807.43108168968,2136.164656837087,0.0,0.05221831241625823,0.02373338583474214
BC,M6,2030-01-01T00:00:00,F,94,-53.81604208315275,49800.0,3900.0,-0.0010806434153243524,85807.43108168968,2136.164656837087,0.0,0.02519283422787993,0.013798985149526346
BC,M6,2030-01-01T00:00:00,F,95,-119.52914986956785,49800.0,3000.0,-0.0024001837323206396,85807.43108168968,2136.164656837087,0.0,0.05595502644751586,0.039843049956522616
BC,M6,2030-01-01T00:00:00,F,96,2.689881846897606,49800.0,2400.0,5.4013691704771205e-05,85807.43108168968,2136.164656837087,3.1347889256080945e-05,0.0,0.0
BC,M6,2030-01-01T00:00:00,F,97,-40.5863486409296,49800.0,1900.0,-0.0008149869205005943,85807.43108168968,2136.164656837087,0.0,0.01899963493498848,0.02136123612680505
BC,M6,2030-01-01T00:00:00,F,98,-21.006416671435773,49800.0,1400.0000000000002,-0.0004218155958119633,85807.43108168968,2136.164656837087,0.0,0.009833706687451206,0.015004583336739836
BC,M6,2030-01-01T00:00:00,F,99,-77.12367285281357,49800.0,1000.0,-0.0015486681295745696,85807.43108168968,2136.164656837087,0.0,0.03610380529701618,0.07712367285281357
BC,M6,2030-01-01T00:00:00,F,100,1251.5100677710627,49800.0,2000.0000000000002,0.02513072425243098,85807.43108168968,2136.164656837087,0.014585101220191648,0.0,0.0
BC,M6,2030-01-01T00:00:00,M,1,480.05425085840034,49800.0,25599.999999999996,0.009639643591534143,85807.43108168968,2136.164656837087,0.005594553348198749,0.0,0.0
BC,M6,2030-01-01T00:00:00,M,2,405.15565317108485,49800.0,25599.999999999996,0.008135655686166362,85807.43108168968,2136.164656837087,0.004721684917770956,0.0,0.0
BC,M6,2030-01-01T00:00:00,M,3,403.6007457899577,49800.0,25699.999999999996,0.008104432646384694,85807.43108168968,2136.164656837087,0.0047035640235602106,0.0,0.0
BC,M6,2030-01-01T00:00:00,M,4,502.47549905280175,49800.0,25800.0,0.010089869458891601,85807.43108168968,2136.164656837087,0.005855850626438627,0.0,0.0
BC,M6,2030-01-01T00:00:00,M,5,502.0334093883648,49800.0,25900.0,0.010080992156392868,85807.43108168968,2136.164656837087,0.005850698512468264,0.0,0.0
BC,M6,2030-01-01T00:00:00,M,6,501.587763664229,49800.0,26000.0,0.010072043447072871,85807.43108168968,2136.164656837087,0.005845504956169957,0.0,0.0
BC,M6,2030-01-01T00:00:00,M,7,601.3662757945494,49800.0,26200.0,0.012075628028003,85807.43108168968,2136.164656837087,0.007008323966977192,0.0,0.0
BC,M6,2030-01-01T00:00:00,M,8,501.3716128093838,49800.0,26200.000000000004,0.010067703068461522,85807.43108168968,2136.164656837087,0.005842985933608386,0.0,0.0
BC,M6,2030-01-01T00:00:00,M,9,401.38228683902344,49800.0,26300.000000000004,0.008059885277892037,85807.43108168968,2136.164656837087,0.004677710097822446,0.0,0.0
BC,M6,2030-01-01T00:00:00,M,10,501.41964594278033,49800.0,27100.000000000004,0.010068667589212456,85807.43108168968,2136.164656837087,0.005843545711855923,0.0,0.0
BC,M6,2030-01-01T00:00:00,M,11,401.4463310168903,49800.0,27500.0,0.008061171305560047,85807.43108168968,2136.164656837087,0.004678456468819219,0.0,0.0
BC,M6,2030-01-01T00:00:00,M,12,401.9711418308216,49800.0,28100.0,0.008071709675317703,85807.43108168968,2136.164656837087,0.004684572615256835,0.0,0.0
BC,M6,2030-01-01T00:00:00,M,13,502.2815814003334,49800.0,29000.0,0.010085975530127177,85807.43108168968,2136.164656837087,0.005853590709668903,0.0,0.0
BC,M6,2030-01-01T00:00:00,M,14,703.0634668196508,49800.0,29400.000000000004,0.014117740297583349,85807.43108168968,2136.164656837087,0.008193503266055432,0.0,0.0
BC,M6,2030-01-01T00:00:00,M,15,1004.2411946458851,49800.0,30800.0,0.020165485836262754,85807.43108168968,2136.164656837087,0.01170342920171839,0.0,0.0
BC,M6,2030-01-01T00:00:00,M,16,1706.447242146005,49800.0,31900.0,0.03426600887843383,85807.43108168968,2136.164656837087,0.019886940101043783,0.0,0.0
BC,M6,2030-01-01T00:00:00,M,17,1509.587354269992,49800.0,33200.0,0.030312999081726747,85807.43108168968,2136.164656837087,0.017592734513084855,0.0,0.0
BC,M6,2030-01-01T00:00:00,M,18,2312.969504960445,49800.0,34700.0,0.04644517078233826,85807.43108168968,2136.164656837087,0.026955351952658635,0.0,0.0
BC,M6,2030-01-01T00:00:00,M,19,4517.188824948447,49800.0,38400.0,0.09070660291061139,85807.43108168968,2136.164656837087,0.052643328998487685,0.0,0.0
BC,M6,2030-01-01T00:00:00,M,20,3123.5698983362527,49800.0,41500.0,0.06272228711518579,85807.43108168968,2136.164656837087,0.03640209080915822,0.0,0.0
BC,M6,2030-01-01T00:00:00,M,21,1129.6148811681269,49800.0,42200.0,0.022683029742331867,85807.43108168968,2136.164656837087,0.013164534434001646,0.0,0.0
BC,M6,2030-01-01T00:00:00,M,22,234.25091695161973,49800.0,41600.0,0.004703833673727304,85807.43108168968,2136.164656837087,0.002729960727161382,0.0,0.0
BC,M6,2030-01-01T00:00:00,M,23,137.28486526992492,49800.0,40400.0,0.0027567242022073276,85807.43108168968,2136.164656837087,0.0015999181369178636,0.0,0.0
BC,M6,2030-01-01T00:00:00,M,24,139.4060607803258,49800.0,39300.0,0.002799318489564775,85807.43108168968,2136.164656837087,0.001624638554295019,0.0,0.0
BC,M6,2030-01-01T00:00:00,M,25,340.651781063636,49800.0,38700.0,0.006840397210113173,85807.43108168968,2136.164656837087,0.003969956643257756,0.0,0.0
BC,M6,2030-01-01T00:00:00,M,26,542.5905314236879,49800.0,38800.0,0.01089539219726281,85807.43108168968,2136.164656837087,0.006323351306335408,0.0,0.0
BC,M6,2030-01-01T00:00:00,M,27,744.3887957483239,49800.0,38500.0,0.014947566179685219,85807.43108168968,2136.164656837087,0.008675108744831867,0.0,0.0
BC,M6,2030-01-01T00:00:00,M,28,746.1248135718197,49800.0,38000.0,0.014982425975337745,85807.43108168968,2136.164656837087,0.008695340300556256,0.0,0.0
BC,M6,2030-01-01T00:00:00,M,29,852.2718094298616,49800.0,40500.0,0.017113891755619712,85807.43108168968,2136.164656837087,0.0099323776354345,0.0,0.0
BC,M6,2030-01-01T00:00:00,M,30,759.0373002147098,49800.0,42700.0,0.015241712855717064,85807.43108168968,2136.164656837087,0.008845822449714144,0.0,0.0
BC,M6,2030-01-01T00:00:00,M,31,765.1856593969278,49800.0,43800.0,0.015365173883472446,85807.43108168968,2136.164656837087,0.008917475441823473,0.0,0.0
BC,M6,2030-01-01T00:00:00,M,32,670.7594512978103,49800.0,44300.0,0.013469065287104625,85807.43108168968,2136.164656837087,0.007817032194557129,0.0,0.0
BC,M6,2030-01-01T00:00:00,M,33,676.5824188518891,49800.0,45200.0,0.013585992346423475,85807.43108168968,2136.164656837087,0.007884893071880625,0.0,0.0
BC,M6,2030-01-01T00:00:00,M,34,682.218691600363,49800.0,45900.0,0.013699170514063512,85807.43108168968,2136.164656837087,0.007950578207508423,0.0,0.0
BC,M6,2030-01-01T00:00:00,M,35,686.7640317545447,49800.0,46600.0,0.013790442404709733,85807.43108168968,2136.164656837087,0.008003549612162812,0.0,0.0
BC,M6,2030-01-01T00:00:00,M,36,689.8244222312496,49800.0,46700.0,0.013851896028739952,85807.43108168968,2136.164656837087,0.008039215409846366,0.0,0.0
BC,M6,2030-01-01T00:00:00,M,37,492.48616383100307,49800.0,46600.0,0.009889280398212913,85807.43108168968,2136.164656837087,0.0057394348906932135,0.0,0.0
BC,M6,2030-01-01T00:00:00,M,38,395.9827137358225,49800.0,46599.99999999999,0.007951460115177158,85807.43108168968,2136.164656837087,0.00461478346040732,0.0,0.0
BC,M6,2030-01-01T00:00:00,M,39,299.6911922474901,49800.0,46500.0,0.006017895426656428,85807.43108168968,2136.164656837087,0.003492601846595088,0.0,0.0
BC,M6,2030-01-01T00:00:00,M,40,403.5875948910907,49800.0,46500.0,0.008104168572110255,85807.43108168968,2136.164656837087,0.004703410762954442,0.0,0.0
BC,M6,2030-01-01T00:00:00,M,41,406.00453965477936,49800.0,45600.0,0.00815270159949356,85807.43108168968,2136.164656837087,0.004731577842812452,0.0,0.0
BC,M6,2030-01-01T00:00:00,M,42,407.8078430057067,49800.0,44200.0,0.008188912510154753,85807.43108168968,2136.164656837087,0.004752593544228924,0.0,0.0
BC,M6,2030-01-01T00:00:00,M,43,411.98792629998934,49800.0,43700.0,0.008272849925702597,85807.43108168968,2136.164656837087,0.004801308244594481,0.0,0.0
BC,M6,2030-01-01T00:00:00,M,44,517.7823581755147,49800.0,43800.0,0.010397236107942062,85807.43108168968,2136.164656837087,0.006034236798006222,0.0,0.0
BC,M6,2030-01-01T00:00:00,M,45,321.86854466827936,49800.0,43000.0,0.006463223788519666,85807.43108168968,2136.164656837087,0.0037510567629260075,0.0,0.0
BC,M6,2030-01-01T00:00:00,M,46,425.04663081662875,49800.0,42000.0,0.008535072907964432,85807.43108168968,2136.164656837087,0.004953494417190737,0.0,0.0
BC,M6,2030-01-01T00:00:00,M,47,328.253453225283,49800.0,40800.0,0.0065914348037205426,85807.43108168968,2136.164656837087,0.0038254665019954027,0.0,0.0
BC,M6,2030-01-01T00:00:00,M,48,231.79246798444365,49800.0,39699.99999999999,0.004654467228603286,85807.43108168968,2136.164656837087,0.0027013099572200747,0.0,0.0
BC,M6,2030-01-01T00:00:00,M,49,234.62625183585624,49800.0,38400.0,0.004711370518792294,85807.43108168968,2136.164656837087,0.002734334880769118,0.0,0.0
BC,M6,2030-01-01T00:00:00,M,50,236.93260459773592,49800.0,37000.0,0.004757682823247709,85807.43108168968,2136.164656837087,0.002761213121182632,0.0,0.0
BC,M6,2030-01-01T00:00:00,M,51,138.1456531484655,49800.0,35200.0,0.002774009099366777,85807.43108168968,2136.164656837087,0.0016099497608423824,0.0,0.0
BC,M6,2030-01-01T00:00:00,M,52,141.30718754957343,49800.0,34000.0,0.002837493725895049,85807.43108168968,2136.164656837087,0.0016467942900545215,0.0,0.0
BC,M6,2030-01-01T00:00:00,M,53,148.02203685728455,49800.0,33600.0,0.002972330057375192,85807.43108168968,2136.164656837087,0.0017250491593946665,0.0,0.0
BC,M6,2030-01-01T00:00:00,M,54,154.19473623797967,49800.0,33000.0,0.003096279844136138,85807.43108168968,2136.164656837087,0.0017969858122332608,0.0,0.0
BC,M6,2030-01-01T00:00:00,M,55,163.19178149482468,49800.0,32800.0,0.003276943403510536,85807.43108168968,2136.164656837087,0.0019018373984353897,0.0,0.0
BC,M6,2030-01-01T00:00:00,M,56,271.06037025386104,49800.0,32400.0,0.005442979322366688,85807.43108168968,2136.164656837087,0.0031589381809578754,0.0,0.0
BC,M6,2030-01-01T00:00:00,M,57,182.28059145122097,49800.0,32300.0,0.003660252840385963,85807.43108168968,2136.164656837087,0.0021242984337532227,0.0,0.0
BC,M6,2030-01-01T00:00:00,M,58,197.6659264764785,49800.0,32800.0,0.00396919531077266,85807.43108168968,2136.164656837087,0.0023035991636703146,0.0,0.0
BC,M6,2030-01-01T00:00:00,M,59,223.0008601608206,49800.0,34600.0,0.00447792891889198,85807.43108168968,2136.164656837087,0.0025988525393391766,0.0,0.0
BC,M6,2030-01-01T00:00:00,M,60,239.72208442655392,49800.0,34700.0,0.004813696474428793,85807.43108168968,2136.164656837087,0.0027937217255500366,0.0,0.0
BC,M6,2030-01-01T00:00:00,M,61,252.5930828489436,49800.0,34099.99999999999,0.005072150258010916,85807.43108168968,2136.164656837087,0.0029437203708903956,0.0,0.0
BC,M6,2030-01-01T00:00:00,M,62,165.06676835350663,49800.0,33199.99999999999,0.0033145937420382856,85807.43108168968,2136.164656837087,0.001923688499616789,0.0,0.0
BC,M6,2030-01-01T00:00:00,M,63,181.82347677212965,49800.0,32799.99999999999,0.003651073830765656,85807.43108168968,2136.164656837087,0.002118971218227377,0.0,0.0
BC,M6,2030-01-01T00:00:00,M,64,214.59794787069404,49800.0,34000.0,0.004309195740375383,85807.43108168968,2136.164656837087,0.002500924980103347,0.0,0.0
BC,M6,2030-01-01T00:00:00,M,65,156.45604218234075,49800.0,35599.99999999999,0.0031416875940229066,85807.43108168968,2136.164656837087,0.0018233390769313764,0.0,0.0
BC,M6,2030-01-01T00:00:00,M,66,298.10080555142486,49800.0,36899.99999999999,0.005985959950831825,85807.43108168968,2136.164656837087,0.0034740674763661136,0.0,0.0
BC,M6,2030-01-01T00:00:00,M,67,236.92960038660385,49800.0,37300.0,0.004757622497722969,85807.43108168968,2136.164656837087,0.0027611781100991602,0.0,0.0
BC,M6,2030-01-01T00:00:00,M,68,253.51954163079063,49800.0,35700.0,0.005090753848007844,85807.43108168968,2136.164656837087,0.002954517323673716,0.0,0.0
BC,M6,2030-01-01T00:00:00,M,69,189.54241473552975,49800.0,35399.99999999999,0.003806072585050798,85807.43108168968,2136.164656837087,0.002208927739079884,0.0,0.0
BC,M6,2030-01-01T00:00:00,M,70,220.31851491307316,49800.0,34600.0,0.004424066564519541,85807.43108168968,2136.164656837087,0.0025675924816269974,0.0,0.0
BC,M6,2030-01-01T00:00:00,M,71,246.9642266096489,49800.0,33400.0,0.00495912101625801,85807.43108168968,2136.164656837087,0.0028781216672776984,0.0,0.0
BC,M6,2030-01-01T00:00:00,M,72,91.32213909523125,49800.0,32899.99999999999,0.0018337778934785392,85807.43108168968,2136.164656837087,0.0010642684199261426,0.0,0.0
BC,M6,2030-01-01T00:00:00,M,73,212.77990222988228,49800.0,31300.0,0.004272688799796833,85807.43108168968,2136.164656837087,0.0024797374720065134,0.0,0.0
BC,M6,2030-01-01T00:00:00,M,74,153.39178979940698,49800.0,30400.0,0.003080156421674839,85807.43108168968,2136.164656837087,0.0017876282725837137,0.0,0.0
BC,M6,2030-01-01T00:00:00,M,75,88.05126372031373,49800.0,29099.999999999996,0.0017680976650665406,85807.43108168968,2136.164656837087,0.0010261496307527012,0.0,0.0
BC,M6,2030-01-01T00:00:00,M,76,103.93567073829763,49800.0,27099.999999999996,0.002087061661411599,85807.43108168968,2136.164656837087,0.0012112665468256433,0.0,0.0
BC,M6,2030-01-01T00:00:00,M,77,37.086929632037936,49800.0,25699.999999999996,0.0007447174624907216,85807.43108168968,2136.164656837087,0.00043221116358478027,0.0,0.0
BC,M6,2030-01-01T00:00:00,M,78,61.96522540428123,49800.0,24100.0,0.0012442816346241211,85807.43108168968,2136.164656837087,0.0007221428799714282,0.0,0.0
BC,M6,2030-01-01T00:00:00,M,79,95.77279367311712,49800.0,22800.0,0.0019231484673316692,85807.43108168968,2136.164656837087,0.0011161363586557008,0.0,0.0
BC,M6,2030-01-01T00:00:00,M,80,-55.20234138691376,49800.0,21700.0,-0.0011084807507412402,85807.43108168968,2136.164656837087,0.0,0.025841800729279513,0.0025438866998577767
BC,M6,2030-01-01T00:00:00,M,81,-36.33695794347295,49800.0,20000.0,-0.0007296577900295773,85807.43108168968,2136.164656837087,0.0,0.017010373159752245,0.0018168478971736476
BC,M6,2030-01-01T00:00:00,M,82,19.703161441932025,49800.0,19199.999999999996,0.00039564581208698845,85807.43108168968,2136.164656837087,0.0002296206889491236,0.0,0.0
BC,M6,2030-01-01T00:00:00,M,83,-40.94898566192569,49800.0,17900.0,-0.0008222687883920821,85807.43108168968,2136.164656837087,0.0,0.01916939573495089,0.0022876528302751783
BC,M6,2030-01-01T00:00:00,M,84,-65.88707601016722,49800.0,13900.0,-0.0013230336548226349,85807.43108168968,2136.164656837087,0.0,0.030843631739382368,0.004740077410803397
BC,M6,2030-01-01T00:00:00,M,85,-84.9527439280173,49800.0,12099.999999999998,-0.0017058783921288614,85807.43108168968,2136.164656837087,0.0,0.03976881822106476,0.007020887927935315
BC,M6,2030-01-01T00:00:00,M,86,-61.821712177035806,49800.0,11099.999999999998,-0.0012413998429123656,85807.43108168968,2136.164656837087,0.0,0.02894051822230415,0.005569523619552776
BC,M6,2030-01-01T00:00:00,M,87,-73.66604798949083,49800.0,9699.999999999998,-0.001479237911435559,85807.43108168968,2136.164656837087,0.0,0.03448519183842527,0.007594437937060912
BC,M6,2030-01-01T00:00:00,M,88,-24.505411416423158,49800.0,8099.999999999999,-0.0004920765344663284,85807.43108168968,2136.164656837087,0.0,0.011471686575278847,0.003025359434126316
BC,M6,2030-01-01T00:00:00,M,89,-58.5897923479215,49800.0,6800.0,-0.0011765018543759339,85807.43108168968,2136.164656837087,0.0,0.027427563769673306,0.008616145933517868
BC,M6,2030-01-01T00:00:00,M,90,-88.85112529869548,49800.0,5700.0,-0.001784159142544086,85807.43108168968,2136.164656837087,0.0,0.04159376245380491,0.015587916719069382
BC,M6,2030-01-01T00:00:00,M,91,-36.34104518716413,49800.0,4700.0,-0.0007297398631960668,85807.43108168968,2136.164656837087,0.0,0.017012286515858992,0.007732137273864708
BC,M6,2030-01-01T00:00:00,M,92,-93.48424703790306,49800.0,3699.9999999999995,-0.0018771937156205434,85807.43108168968,2136.164656837087,0.0,0.04376265974567735,0.025266012712946775
BC,M6,2030-01-01T00:00:00,M,93,-146.13721185501845,49800.0,2900.0,-0.0029344821657634225,85807.43108168968,2136.164656837087,0.0,0.0684110241161824,0.05039214201897188
BC,M6,2030-01-01T00:00:00,M,94,-4.435169202357429,49800.0,2399.9999999999995,-8.905962253729777e-05,85807.43108168968,2136.164656837087,0.0,0.002076230026633042,0.001847987167648929
BC,M6,2030-01-01T00:00:00,M,95,-84.47718452975914,49800.0,1700.0,-0.0016963290066216695,85807.43108168968,2136.164656837087,0.0,0.03954619521457691,0.049692461488093614
BC,M6,2030-01-01T00:00:00,M,96,-50.758623183743566,49800.0,1299.9999999999998,-0.0010192494615209552,85807.43108168968,2136.164656837087,0.0,0.023761568669944826,0.03904509475672583
BC,M6,2030-01-01T00:00:00,M,97,-31.132056974224156,49800.0,899.9999999999999,-0.000625141706309722,85807.43108168968,2136.164656837087,0.0,0.014573809595895031,0.03459117441580462
BC,M6,2030-01-01T00:00:00,M,98,19.07993609608843,49800.0,700.0,0.00038313124690940627,85807.43108168968,2136.164656837087,0.00022235761932931088,0.0,0.0
BC,M6,2030-01-01T00:00:00,M,99,-41.9598298761652,49800.0,400.0,-0.0008425668649832369,85807.43108168968,2136.164656837087,0.0,0.019642600930535496,0.104899574690413
BC,M6,2030-01-01T00:00:00,M,100,413.53486238532776,49800.0,699.9999999999998,0.00830391289930377,85807.43108168968,2136.164656837087,0.004819336241305695,0.0,0.0
BC,M6,2031-01-01T00:00:00,F,1,274.6516286207843,50500.0,24500.000000000004,0.00543864611130266,82207.70725092929,2284.8775447795956,0.003340947434313461,0.0,0.0
BC,M6,2031-01-01T00:00:00,F,2,303.2885734882002,50500.0,24500.0,0.006005714326499014,82207.70725092929,2284.8775447795956,0.0036892960968057135,0.0,0.0
BC,M6,2031-01-01T00:00:00,F,3,402.6308513659569,50500.0,24600.0,0.007972888145860533,82207.70725092929,2284.8775447795956,0.004897726318251085,0.0,0.0
BC,M6,2031-01-01T00:00:00,F,4,402.1923720135346,50500.0,24600.0,0.007964205386406626,82207.70725092929,2284.8775447795956,0.004892392519668381,0.0,0.0
BC,M6,2031-01-01T00:00:00,F,5,501.97313295604545,50500.0,24699.999999999996,0.009940062038733573,82207.70725092929,2284.8775447795956,0.006106156584854409,0.0,0.0
BC,M6,2031-01-01T00:00:00,F,6,601.761141808187,50500.0,24900.0,0.011916062214023504,82207.70725092929,2284.8775447795956,0.007320008815856916,0.0,0.0
BC,M6,2031-01-01T00:00:00,F,7,501.55368074063153,50500.0,25000.0,0.009931756054269932,82207.70725092929,2284.8775447795956,0.006101054238256497,0.0,0.0
BC,M6,2031-01-01T00:00:00,F,8,501.33716070899027,50500.0,25099.999999999996,0.009927468528890896,82207.70725092929,2284.8775447795956,0.006098420421563612,0.0,0.0
BC,M6,2031-01-01T00:00:00,F,9,401.3425963216323,50500.0,25099.999999999996,0.007947378144982817,82207.70725092929,2284.8775447795956,0.0048820555850874366,0.0,0.0
BC,M6,2031-01-01T00:00:00,F,10,401.3425963216323,50500.0,25099.999999999996,0.007947378144982817,82207.70725092929,2284.8775447795956,0.0048820555850874366,0.0,0.0
BC,M6,2031-01-01T00:00:00,F,11,401.3643387721859,50500.0,25500.0,0.007947808688558137,82207.70725092929,2284.8775447795956,0.00488232006698677,0.0,0.0
BC,M6,2031-01-01T00:00:00,F,12,301.63612094318887,50500.0,26099.999999999996,0.005972992493924532,82207.70725092929,2284.8775447795956,0.0036691951524992703,0.0,0.0
BC,M6,2031-01-01T00:00:00,F,13,401.92783424270965,50500.0,27000.0,0.007958967014707122,82207.70725092929,2284.8775447795956,0.004889174600331238,0.0,0.0
BC,M6,2031-01-01T00:00:00,F,14,602.2177362150614,50500.0,27800.0,0.01192510368742696,82207.70725092929,2284.8775447795956,0.007325562971569844,0.0,0.0
BC,M6,2031-01-01T00:00:00,F,15,1202.9896038249572,50500.0,28699.999999999996,0.023821576313365487,82207.70725092929,2284.8775447795956,0.014633537949829616,0.0,0.0
BC,M6,2031-01-01T00:00:00,F,16,1904.3893026246114,50500.0,30400.0,0.0377106792598933,82207.70725092929,2284.8775447795956,0.023165581017990062,0.0,0.0
BC,M6,2031-01-01T00:00:00,F,17,1606.5880740709363,50500.0,31900.0,0.03181362522912745,82207.70725092929,2284.8775447795956,0.019543034683682594,0.0,0.0
BC,M6,2031-01-01T00:00:00,F,18,2208.6699978991237,50500.0,34100.0,0.043736039562358886,82207.70725092929,2284.8775447795956,0.02686694559133513,0.0,0.0
BC,M6,2031-01-01T00:00:00,F,19,4310.958504339185,50500.0,37900.0,0.08536551493740961,82207.70725092929,2284.8775447795956,0.05243983378809599,0.0,0.0
BC,M6,2031-01-01T00:00:00,F,20,2513.854926846805,50500.0,39800.0,0.04977930548211495,82207.70725092929,2284.8775447795956,0.030579309543003804,0.0,0.0
BC,M6,2031-01-01T00:00:00,F,21,916.2258990106784,50500.0,40700.0,0.018143087109122345,82207.70725092929,2284.8775447795956,0.01114525547116899,0.0,0.0
BC,M6,2031-01-01T00:00:00,F,22,-82.43140582729393,50500.0,40300.0,-0.0016323050658870084,82207.70725092929,2284.8775447795956,0.0,0.03607694688742956,0.0020454443133323557
BC,M6,2031-01-01T00:00:00,F,23,218.52806999992754,50500.0,40300.0,0.00432728851485005,82207.70725092929,2284.8775447795956,0.0026582430931067873,0.0,0.0
BC,M6,2031-01-01T00:00:00,F,24,418.822546896321,50500.0,39600.0,0.008293515780125169,82207.70725092929,2284.8775447795956,0.005094687115137693,0.0,0.0
BC,M6,2031-01-01T00:00:00,F,25,818.438413286196,50500.0,39200.00000000001,0.016206701253192,82207.70725092929,2284.8775447795956,0.009955738222792294,0.0,0.0
BC,M6,2031-01-01T00:00:00,F,26,518.4864299874534,50500.0,39000.0,0.010267058019553533,82207.70725092929,2284.8775447795956,0.006307029441957736,0.0,0.0
BC,M6,2031-01-01T00:00:00,F,27,818.8841709951812,50500.0,39400.0,0.01621552813851844,82207.70725092929,2284.8775447795956,0.009961160557557386,0.0,0.0
BC,M6,2031-01-01T00:00:00,F,28,818.984752229604,50500.0,38900.0,0.016217519846130773,82207.70725092929,2284.8775447795956,0.00996238405882979,0.0,0.0
BC,M6,2031-01-01T00:00:00,F,29,919.5718622795976,50500.0,38800.00000000001,0.018209343807516782,82207.70725092929,2284.8775447795956,0.011185956804180336,0.0,0.0
BC,M6,2031-01-01T00:00:00,F,30,921.7018595166228,50500.0,41500.0,0.018251521970626194,82207.70725092929,2284.8775447795956,0.011211866749953711,0.0,0.0
BC,M6,2031-01-01T00:00:00,F,31,923.8164854748611,50500.0,43300.0,0.018293395751977446,82207.70725092929,2284.8775447795956,0.011237589714733445,0.0,0.0
BC,M6,2031-01-01T00:00:00,F,32,625.831489240707,50500.0,43800.00000000001,0.012392702757241723,82207.70725092929,2284.8775447795956,0.007612807973471763,0.0,0.0
BC,M6,2031-01-01T00:00:00,F,33,727.5873950359601,50500.0,44200.0,0.014407671188830892,82207.70725092929,2284.8775447795956,0.008850598312091174,0.0,0.0
BC,M6,2031-01-01T00:00:00,F,34,829.558062287826,50500.0,44300.0,0.01642689232253121,82207.70725092929,2284.8775447795956,0.01009100107555242,0.0,0.0
BC,M6,2031-01-01T00:00:00,F,35,732.5434664080894,50500.0,45600.0,0.01450581121600177,82207.70725092929,2284.8775447795956,0.008910885498510343,0.0,0.0
BC,M6,2031-01-01T00:00:00,F,36,635.4700751726632,50500.0,45600.00000000001,0.012583565845003232,82207.70725092929,2284.8775447795956,0.0077300547165604075,0.0,0.0
BC,M6,2031-01-01T00:00:00,F,37,638.4945716109651,50500.0,45800.0,0.012643456863583466,82207.70725092929,2284.8775447795956,0.007766845627527793,0.0,0.0
BC,M6,2031-01-01T00:00:00,F,38,441.72749165863206,50500.0,46000.0,0.008747079042745189,82207.70725092929,2284.8775447795956,0.005373309953898984,0.0,0.0
BC,M6,2031-01-01T00:00:00,F,39,444.2736060233583,50500.0,46500.0,0.008797497148977393,82207.70725092929,2284.8775447795956,0.0054042816772308915,0.0,0.0
BC,M6,2031-01-01T00:00:00,F,40,446.36220175158087,50500.0,46500.0,0.008838855480229325,82207.70725092929,2284.8775447795956,0.005429688002234549,0.0,0.0
BC,M6,2031-01-01T00:00:00,F,41,448.13728574096604,50500.0,46600.0,0.008874005658236952,82207.70725092929,2284.8775447795956,0.005451280673393311,0.0,0.0
BC,M6,2031-01-01T00:00:00,F,42,448.84145356155204,50500.0,45700.00000000001,0.008887949575476279,82207.70725092929,2284.8775447795956,0.005459846388751807,0.0,0.0
BC,M6,2031-01-01T00:00:00,F,43,449.7032767998171,50500.0,45000.0,0.008905015382174596,82207.70725092929,2284.8775447795956,0.0054703298734162615,0.0,0.0
BC,M6,2031-01-01T00:00:00,F,44,450.6802211033355,50500.0,44100.0,0.008924360813927435,82207.70725092929,2284.8775447795956,0.005482213726356429,0.0,0.0
BC,M6,2031-01-01T00:00:00,F,45,353.05615596213465,50500.0,44000.0,0.006991211009151181,82207.70725092929,2284.8775447795956,0.0042946843765448,0.0,0.0
BC,M6,2031-01-01T00:00:00,F,46,354.67833577778947,50500.0,43100.0,0.007023333381738405,82207.70725092929,2284.8775447795956,0.004314417073999836,0.0,0.0
BC,M6,2031-01-01T00:00:00,F,47,256.7227592753625,50500.0,42500.00000000001,0.005083618995551732,82207.70725092929,2284.8775447795956,0.003122855117364442,0.0,0.0
BC,M6,2031-01-01T00:00:00,F,48,259.0346092040272,50500.0,41700.00000000001,0.005129398202059945,82207.70725092929,2284.8775447795956,0.003150977175574971,0.0,0.0
BC,M6,2031-01-01T00:00:00,F,49,261.88748138408846,50500.0,41100.0,0.0051858907204769995,82207.70725092929,2284.8775447795956,0.00318568039593548,0.0,0.0
BC,M6,2031-01-01T00:00:00,F,50,263.9024023898746,50500.0,39600.0,0.005225790146334151,82207.70725092929,2284.8775447795956,0.0032101905188079726,0.0,0.0
BC,M6,2031-01-01T00:00:00,F,51,267.3273764917758,50500.0,38700.0,0.005293611415678729,82207.70725092929,2284.8775447795956,0.0032518529640510547,0.0,0.0
BC,M6,2031-01-01T00:00:00,F,52,269.16863127337274,50500.0,36900.0,0.005330071906403421,82207.70725092929,2284.8775447795956,0.0032742505572107413,0.0,0.0
BC,M6,2031-01-01T00:00:00,F,53,272.2577338166957,50500.0,35800.0,0.005391242253795954,82207.70725092929,2284.8775447795956,0.003311827356839684,0.0,0.0
BC,M6,2031-01-01T00:00:00,F,54,277.407625804306,50500.0,35500.00000000001,0.005493220312956555,82207.70725092929,2284.8775447795956,0.003374472237226518,0.0,0.0
BC,M6,2031-01-01T00:00:00,F,55,284.28135185800056,50500.0,35700.0,0.005629333700158427,82207.70725092929,2284.8775447795956,0.0034580863688396684,0.0,0.0
BC,M6,2031-01-01T00:00:00,F,56,190.33089126892446,50500.0,35199.99999999999,0.0037689285399787023,82207.70725092929,2284.8775447795956,0.0023152438820360473,0.0,0.0
BC,M6,2031-01-01T00:00:00,F,57,197.40848525695037,50500.0,35000.00000000001,0.003909078915979215,82207.70725092929,2284.8775447795956,0.0024013379263137014,0.0,0.0
BC,M6,2031-01-01T00:00:00,F,58,206.23921547605278,50500.0,35200.0,0.004083944860911936,82207.70725092929,2284.8775447795956,0.0025087576624236944,0.0,0.0
BC,M6,2031-01-01T00:00:00,F,59,216.7825896071081,50500.0,35600.00000000001,0.0042927245466754076,82207.70725092929,2284.8775447795956,0.0026370105292610204,0.0,0.0
BC,M6,2031-01-01T00:00:00,F,60,235.29855115641112,50500.0,37800.00000000001,0.0046593772506220025,82207.70725092929,2284.8775447795956,0.0028622444175238964,0.0,0.0
BC,M6,2031-01-01T00:00:00,F,61,247.65222108161834,50500.0,37900.0,0.004904004377853828,82207.70725092929,2284.8775447795956,0.0030125182828136692,0.0,0.0
BC,M6,2031-01-01T00:00:00,F,62,160.9346352868888,50500.0,37700.00000000001,0.003186824461126511,82207.70725092929,2284.8775447795956,0.0019576587240859897,0.0,0.0
BC,M6,2031-01-01T00:00:00,F,63,269.90801242816815,50500.0,36500.0,0.005344713117389468,82207.70725092929,2284.8775447795956,0.003283244618467535,0.0,0.0
BC,M6,2031-01-01T00:00:00,F,64,181.99287151903263,50500.0,35600.0,0.0036038192380006464,82207.70725092929,2284.8775447795956,0.0022138176286016706,0.0,0.0
BC,M6,2031-01-01T00:00:00,F,65,207.27052528284548,50500.0,37000.00000000001,0.004104366837284069,82207.70725092929,2284.8775447795956,0.002521302834175593,0.0,0.0
BC,M6,2031-01-01T00:00:00,F,66,236.6259113135893,50500.0,38500.0,0.004685661610170085,82207.70725092929,2284.8775447795956,0.002878390837386046,0.0,0.0
BC,M6,2031-01-01T00:00:00,F,67,272.8581338329168,50500.0,40400.00000000001,0.005403131363028055,82207.70725092929,2284.8775447795956,0.0033191308085025366,0.0,0.0
BC,M6,2031-01-01T00:00:00,F,68,200.34827858986682,50500.0,40300.0,0.003967292645343897,82207.70725092929,2284.8775447795956,0.0024370984824856803,0.0,0.0
BC,M6,2031-01-01T00:00:00,F,69,318.02732106262556,50500.0,38800.0,0.006297570714111397,82207.70725092929,2284.8775447795956,0.0038685827849678964,0.0,0.0
BC,M6,2031-01-01T00:00:00,F,70,251.67950758503866,50500.0,38800.0,0.00498375262544631,82207.70725092929,2284.8775447795956,0.0030615074425663857,0.0,0.0
BC,M6,2031-01-01T00:00:00,F,71,284.4084109429168,50500.0,38400.0,0.005631849721641917,82207.70725092929,2284.8775447795956,0.0034596319548822084,0.0,0.0
BC,M6,2031-01-01T00:00:00,F,72,115.36300963996473,50500.0,37300.0,0.002284416032474549,82207.70725092929,2284.8775447795956,0.0014033113621309593,0.0,0.0
BC,M6,2031-01-01T00:00:00,F,73,52.75154549690342,50500.0,36600.0,0.001044585059344622,82207.70725092929,2284.8775447795956,0.0006416861296944528,0.0,0.0
BC,M6,2031-01-01T00:00:00,F,74,84.51386909891153,50500.0,35300.00000000001,0.0016735419623546838,82207.70725092929,2284.8775447795956,0.0010280528666362504,0.0,0.0
BC,M6,2031-01-01T00:00:00,F,75,121.45837146905978,50500.0,34200.0,0.002405116266714055,82207.70725092929,2284.8775447795956,0.0014774572303582496,0.0,0.0
BC,M6,2031-01-01T00:00:00,F,76,64.8678055532364,50500.0,33200.0,0.001284511001054186,82207.70725092929,2284.8775447795956,0.0007890720678443823,0.0,0.0
BC,M6,2031-01-01T00:00:00,F,77,-4.6815232965418545,50500.0,31300.000000000004,-9.270343161469019e-05,82207.70725092929,2284.8775447795956,0.0,0.002048916497620639,0.00014956943439430842
BC,M6,2031-01-01T00:00:00,F,78,20.10189522224391,50500.0,29200.0,0.0003980573311335428,82207.70725092929,2284.8775447795956,0.00024452567641723976,0.0,0.0
BC,M6,2031-01-01T00:00:00,F,79,-47.24837551793098,50500.0,27400.000000000004,-0.0009356113963946729,82207.70725092929,2284.8775447795956,0.0,0.020678734239339143,0.0017243932670777727
BC,M6,2031-01-01T00:00:00,F,80,-9.187515333655028,50500.0,25900.0,-0.00018193099670604017,82207.70725092929,2284.8775447795956,0.0,0.004021009946308206,0.0003547303217627424
BC,M6,2031-01-01T00:00:00,F,81,-52.71339531855847,50500.0,24900.0,-0.0010438296102684844,82207.70725092929,2284.8775447795956,0.0,0.02307055598624797,0.002117003828054557
BC,M6,2031-01-01T00:00:00,F,82,-24.2004215781526,50500.0,23000.000000000004,-0.0004792162688743089,82207.70725092929,2284.8775447795956,0.0,0.010591561737496539,0.0010521922425283737
BC,M6,2031-01-01T00:00:00,F,83,34.11580334263272,50500.0,21999.999999999996,0.0006755604622303509,82207.70725092929,2284.8775447795956,0.0004149951930723267,0.0,0.0
BC,M6,2031-01-01T00:00:00,F,84,88.25471024800936,50500.0,20800.000000000004,0.0017476180247130567,82207.70725092929,2284.8775447795956,0.00107355761642424,0.0,0.0
BC,M6,2031-01-01T00:00:00,F,85,-108.63206881560473,50500.0,16200.0,-0.002151130075556529,82207.70725092929,2284.8775447795956,0.0,0.04754393471273911,0.006705683260222514
BC,M6,2031-01-01T00:00:00,F,86,-12.328813818217895,50500.0,14300.0,-0.00024413492709342367,82207.70725092929,2284.8775447795956,0.0,0.005395831319882467,0.0008621548124627899
BC,M6,2031-01-01T00:00:00,F,87,-75.79560993594896,50500.0,13100.0,-0.0015009031670484942,82207.70725092929,2284.8775447795956,0.0,0.03317272302365787,0.005785924422591524
BC,M6,2031-01-01T00:00:00,F,88,-74.85105749813192,50500.0,11500.000000000002,-0.00148219915837885,82207.70725092929,2284.8775447795956,0.0,0.03275932999960933,0.006508787608533209
BC,M6,2031-01-01T00:00:00,F,89,-101.66503258290868,50500.0,9700.0,-0.0020131689620377954,82207.70725092929,2284.8775447795956,0.0,0.04449474012959216,0.010480931194114296
BC,M6,2031-01-01T00:00:00,F,90,-6.115646573020058,50500.0,8500.0,-0.00012110191233703085,82207.70725092929,2284.8775447795956,0.0,0.0026765752007116804,0.0007194878321200068
BC,M6,2031-01-01T00:00:00,F,91,-44.22579899052289,50500.0,7000.0,-0.0008757583958519384,82207.70725092929,2284.8775447795956,0.0,0.019355872743188524,0.006317971284360413
BC,M6,2031-01-01T00:00:00,F,92,-75.28996321661998,50500.0,5800.0,-0.0014908903607251482,82207.70725092929,2284.8775447795956,0.0,0.03295142157120837,0.012981028140796548
BC,M6,2031-01-01T00:00:00,F,93,-94.18468859126278,50500.0,4900.0,-0.0018650433384408472,82207.70725092929,2284.8775447795956,0.0,0.04122089116173972,0.019221365018625057
BC,M6,2031-01-01T00:00:00,F,94,-46.74544167412478,50500.0,4000.0,-0.0009256523103787084,82207.70725092929,2284.8775447795956,0.0,0.020458620104577177,0.011686360418531194
BC,M6,2031-01-01T00:00:00,F,95,-94.49578200131828,50500.0,3200.0,-0.0018712036039865005,82207.70725092929,2284.8775447795956,0.0,0.041357044370810496,0.02952993187541196
BC,M6,2031-01-01T00:00:00,F,96,14.736747021786414,50500.0,2500.0,0.00029181677270864184,82207.70725092929,2284.8775447795956,0.0001792623528205724,0.0,0.0
BC,M6,2031-01-01T00:00:00,F,97,-45.15622001769475,50500.0,1900.0,-0.0008941825746078168,82207.70725092929,2284.8775447795956,0.0,0.01976308101100036,0.023766431588260396
BC,M6,2031-01-01T00:00:00,F,98,-103.83734517223502,50500.0,1400.0000000000002,-0.002056185052915545,82207.70725092929,2284.8775447795956,0.0,0.0454454749268637,0.07416953226588215
BC,M6,2031-01-01T00:00:00,F,99,-80.1811385577845,50500.0,1000.0000000000001,-0.0015877453179759305,82207.70725092929,2284.8775447795956,0.0,0.035092094427983424,0.08018113855778448
BC,M6,2031-01-01T00:00:00,F,100,1249.1924551968016,50500.0,2000.0000000000002,0.024736484261322803,82207.70725092929,2284.8775447795956,0.015195563736910818,0.0,0.0
BC,M6,2031-01-01T00:00:00,M,1,479.66761621193655,50500.0,25899.999999999996,0.00949836863786013,82207.70725092929,2284.8775447795956,0.005834825374071167,0.0,0.0
BC,M6,2031-01-01T00:00:00,M,2,405.15061975864955,50500.0,26000.0,0.008022784549676228,82207.70725092929,2284.8775447795956,0.004928377561023266,0.0,0.0
BC,M6,2031-01-01T00:00:00,M,3,503.5830084147601,50500.0,26100.0,0.00997194076068832,82207.70725092929,2284.8775447795956,0.006125739608302572,0.0,0.0
BC,M6,2031-01-01T00:00:00,M,4,402.4729251340068,50500.0,26100.0,0.00796976089374271,82207.70725092929,2284.8775447795956,0.004895805254676497,0.0,0.0
BC,M6,2031-01-01T00:00:00,M,5,502.03117006574394,50500.0,26300.000000000004,0.009941211288430573,82207.70725092929,2284.8775447795956,0.006106862566223301,0.0,0.0
BC,M6,2031-01-01T00:00:00,M,6,501.5859182186505,50500.0,26400.0,0.009932394420171296,82207.70725092929,2284.8775447795956,0.00610144638491886,0.0,0.0
BC,M6,2031-01-01T00:00:00,M,7,601.364605252129,50500.0,26600.0,0.011908210004992653,82207.70725092929,2284.8775447795956,0.007315185222433399,0.0,0.0
BC,M6,2031-01-01T00:00:00,M,8,401.37510221561024,50500.0,26600.000000000004,0.007948021826051688,82207.70725092929,2284.8775447795956,0.004882450996844618,0.0,0.0
BC,M6,2031-01-01T00:00:00,M,9,401.3751022156066,50500.0,26600.000000000004,0.007948021826051616,82207.70725092929,2284.8775447795956,0.004882450996844574,0.0,0.0
BC,M6,2031-01-01T00:00:00,M,10,501.3803506973454,50500.0,26800.000000000004,0.009928323776185058,82207.70725092929,2284.8775447795956,0.006098945797952268,0.0,0.0
BC,M6,2031-01-01T00:00:00,M,11,401.4223385512523,50500.0,27500.0,0.0079489571990347,82207.70725092929,2284.8775447795956,0.004883025594254298,0.0,0.0
BC,M6,2031-01-01T00:00:00,M,12,401.92444812543545,50500.0,27900.000000000004,0.00795889996287991,82207.70725092929,2284.8775447795956,0.004889133410552476,0.0,0.0
BC,M6,2031-01-01T00:00:00,M,13,402.21224336617524,50500.0,28500.0,0.007964598878538124,82207.70725092929,2284.8775447795956,0.004892634240953467,0.0,0.0
BC,M6,2031-01-01T00:00:00,M,14,603.04414228725,50500.0,29600.0,0.01194146816410396,82207.70725092929,2284.8775447795956,0.007335615630862069,0.0,0.0
BC,M6,2031-01-01T00:00:00,M,15,1104.1148612263205,50500.0,30500.000000000004,0.02186366061834298,82207.70725092929,2284.8775447795956,0.013430794972254129,0.0,0.0
BC,M6,2031-01-01T00:00:00,M,16,1706.466275296858,50500.0,32500.0,0.03379141139201699,82207.70725092929,2284.8775447795956,0.020757984042640572,0.0,0.0
BC,M6,2031-01-01T00:00:00,M,17,1509.4878382566567,50500.0,33400.0,0.029890848282310034,82207.70725092929,2284.8775447795956,0.018361877355965225,0.0,0.0
BC,M6,2031-01-01T00:00:00,M,18,2213.069357989283,50500.0,35400.0,0.04382315560374818,82207.70725092929,2284.8775447795956,0.026920460769379578,0.0,0.0
BC,M6,2031-01-01T00:00:00,M,19,4417.302725400485,50500.0,39100.0,0.0874713410970393,82207.70725092929,2284.8775447795956,0.053733437814014094,0.0,0.0
BC,M6,2031-01-01T00:00:00,M,20,3023.1791245201894,50500.0,41400.0,0.05986493315881563,82207.70725092929,2284.8775447795956,0.036774886754745426,0.0,0.0
BC,M6,2031-01-01T00:00:00,M,21,1029.4073816312957,50500.0,42500.0,0.020384304586758332,82207.70725092929,2284.8775447795956,0.012522030063302356,0.0,0.0
BC,M6,2031-01-01T00:00:00,M,22,234.3340606666752,50500.0,42400.0,0.004640278429043074,82207.70725092929,2284.8775447795956,0.0028505120566299003,0.0,0.0
BC,M6,2031-01-01T00:00:00,M,23,37.8496985786187,50500.0,41600.0,0.0007494989817548258,82207.70725092929,2284.8775447795956,0.00046041545062298087,0.0,0.0
BC,M6,2031-01-01T00:00:00,M,24,39.939301074329705,50500.0,40400.0,0.0007908772489966278,82207.70725092929,2284.8775447795956,0.00048583402225803134,0.0,0.0
BC,M6,2031-01-01T00:00:00,M,25,240.91508221635013,50500.0,39499.99999999999,0.004770595687452478,82207.70725092929,2284.8775447795956,0.002930565640043766,0.0,0.0
BC,M6,2031-01-01T00:00:00,M,26,442.32219256912504,50500.0,39100.0,0.008758855298398515,82207.70725092929,2284.8775447795956,0.005380544079875491,0.0,0.0
BC,M6,2031-01-01T00:00:00,M,27,644.8081121120922,50500.0,39400.0,0.012768477467566182,82207.70725092929,2284.8775447795956,0.007843645488663146,0.0,0.0
BC,M6,2031-01-01T00:00:00,M,28,746.8198834074501,50500.0,39200.0,0.014788512542721784,82207.70725092929,2284.8775447795956,0.009084548254433989,0.0,0.0
BC,M6,2031-01-01T00:00:00,M,29,749.2045208409763,50500.0,38700.0,0.014835733085959927,82207.70725092929,2284.8775447795956,0.009113555722386445,0.0,0.0
BC,M6,2031-01-01T00:00:00,M,30,655.9857172053744,50500.0,41100.0,0.012989816182284642,82207.70725092929,2284.8775447795956,0.00797961333726357,0.0,0.0
BC,M6,2031-01-01T00:00:00,M,31,763.5109284514328,50500.0,43400.0,0.015119028286166987,82207.70725092929,2284.8775447795956,0.00928758329338764,0.0,0.0
BC,M6,2031-01-01T00:00:00,M,32,569.7467046435122,50500.0,44299.99999999999,0.011282112963237865,82207.70725092929,2284.8775447795956,0.006930575291492169,0.0,0.0
BC,M6,2031-01-01T00:00:00,M,33,574.807512738902,50500.0,44800.0,0.011382326984928753,82207.70725092929,2284.8775447795956,0.006992136527836376,0.0,0.0
BC,M6,2031-01-01T00:00:00,M,34,680.6786769595201,50500.0,45800.0,0.013478785682366734,82207.70725092929,2284.8775447795956,0.008279986143900462,0.0,0.0
BC,M6,2031-01-01T00:00:00,M,35,685.1418465679235,50500.0,46500.0,0.013567165278572742,82207.70725092929,2284.8775447795956,0.008334277520678312,0.0,0.0
BC,M6,2031-01-01T00:00:00,M,36,589.2952503163542,50500.0,47099.99999999999,0.011669212877551568,82207.70725092929,2284.8775447795956,0.007168369852690335,0.0,0.0
BC,M6,2031-01-01T00:00:00,M,37,391.9392572879442,50500.0,47000.0,0.007761173411642459,82207.70725092929,2284.8775447795956,0.0047676704580945925,0.0,0.0
BC,M6,2031-01-01T00:00:00,M,38,395.0052889855142,50500.0,46900.0,0.007821886910604241,82207.70725092929,2284.8775447795956,0.004804966616813766,0.0,0.0
BC,M6,2031-01-01T00:00:00,M,39,298.6761339149889,50500.0,46800.0,0.005914378889405721,82207.70725092929,2284.8775447795956,0.0036331889539665103,0.0,0.0
BC,M6,2031-01-01T00:00:00,M,40,402.5344434252329,50500.0,46800.0,0.007970979077727385,82207.70725092929,2284.8775447795956,0.0048965535822151586,0.0,0.0
BC,M6,2031-01-01T00:00:00,M,41,307.0116281887749,50500.0,46700.0,0.006079438181955939,82207.70725092929,2284.8775447795956,0.003734584486727726,0.0,0.0
BC,M6,2031-01-01T00:00:00,M,42,310.12939910563,50500.0,45799.99999999999,0.006141176219913465,82207.70725092929,2284.8775447795956,0.0037725100173271677,0.0,0.0
BC,M6,2031-01-01T00:00:00,M,43,412.164966447046,50500.0,44500.0,0.008161682503901901,82207.70725092929,2284.8775447795956,0.005013702245568792,0.0,0.0
BC,M6,2031-01-01T00:00:00,M,44,416.63433104386786,50500.0,43999.99999999999,0.008250184773145899,82207.70725092929,2284.8775447795956,0.005068068980103543,0.0,0.0
BC,M6,2031-01-01T00:00:00,M,45,322.6527749852612,50500.0,44000.0,0.006389163861094282,82207.70725092929,2284.8775447795956,0.003924848238382343,0.0,0.0
BC,M6,2031-01-01T00:00:00,M,46,326.8121593655378,50500.0,43200.0,0.006471527908228471,82207.70725092929,2284.8775447795956,0.003975444277602614,0.0,0.0
BC,M6,2031-01-01T00:00:00,M,47,230.48181255759846,50500.0,42099.99999999999,0.004563996288269276,82207.70725092929,2284.8775447795956,0.002803652118092529,0.0,0.0
BC,M6,2031-01-01T00:00:00,M,48,233.54094446633098,50500.0,40899.99999999999,0.004624573157749129,82207.70725092929,2284.8775447795956,0.002840864345644319,0.0,0.0
BC,M6,2031-01-01T00:00:00,M,49,237.24031618951267,50500.0,39800.0,0.0046978280433566865,82207.70725092929,2284.8775447795956,0.0028858646484977947,0.0,0.0
BC,M6,2031-01-01T00:00:00,M,50,240.14362951846852,50500.0,38500.0,0.0047553193964053175,82207.70725092929,2284.8775447795956,0.0029211814506085,0.0,0.0
BC,M6,2031-01-01T00:00:00,M,51,142.81027584416734,50500.0,36999.99999999999,0.0028279262543399472,82207.70725092929,2284.8775447795956,0.0017371884050756442,0.0,0.0
BC,M6,2031-01-01T00:00:00,M,52,243.87748591977288,50500.0,35300.0,0.004829257146926196,82207.70725092929,2284.8775447795956,0.0029666012357620645,0.0,0.0
BC,M6,2031-01-01T00:00:00,M,53,147.31014379600674,50500.0,34000.0,0.002917032550415975,82207.70725092929,2284.8775447795956,0.0017919261918637381,0.0,0.0
BC,M6,2031-01-01T00:00:00,M,54,254.40574265404575,50500.0,33700.0,0.005037737478297936,82207.70725092929,2284.8775447795956,0.0030946702099050438,0.0,0.0
BC,M6,2031-01-01T00:00:00,M,55,161.47642431261193,50500.0,33000.0,0.0031975529566853848,82207.70725092929,2284.8775447795956,0.0019642492135162493,0.0,0.0
BC,M6,2031-01-01T00:00:00,M,56,170.84166039113188,50500.0,32800.0,0.0033830031760620173,82207.70725092929,2284.8775447795956,0.0020781708443669148,0.0,0.0
BC,M6,2031-01-01T00:00:00,M,57,179.8284804274299,50500.0,32400.0,0.0035609600084639584,82207.70725092929,2284.8775447795956,0.002187489305333924,0.0,0.0
BC,M6,2031-01-01T00:00:00,M,58,291.44269899618666,50500.0,32399.999999999996,0.005771142554379934,82207.70725092929,2284.8775447795956,0.0035451992123632925,0.0,0.0
BC,M6,2031-01-01T00:00:00,M,59,207.91490184687427,50500.0,32799.99999999999,0.004117126769245035,82207.70725092929,2284.8775447795956,0.0025291412301797767,0.0,0.0
BC,M6,2031-01-01T00:00:00,M,60,235.09280732546904,50500.0,34599.99999999999,0.0046553031153558225,82207.70725092929,2284.8775447795956,0.0028597416858723,0.0,0.0
BC,M6,2031-01-01T00:00:00,M,61,252.80451007445663,50500.0,34699.99999999999,0.005006029902464488,82207.70725092929,2284.8775447795956,0.0030751923211141357,0.0,0.0
BC,M6,2031-01-01T00:00:00,M,62,266.9670598100929,50500.0,34099.99999999999,0.005286476431883028,82207.70725092929,2284.8775447795956,0.0032474699603920053,0.0,0.0
BC,M6,2031-01-01T00:00:00,M,63,279.71513829787,50500.0,33200.0,0.005538913629660792,82207.70725092929,2284.8775447795956,0.0034025415335337435,0.0,0.0
BC,M6,2031-01-01T00:00:00,M,64,197.630011198562,50500.0,32700.0,0.003913465568288356,82207.70725092929,2284.8775447795956,0.002404032636445142,0.0,0.0
BC,M6,2031-01-01T00:00:00,M,65,232.9726097903258,50500.0,33900.0,0.004613319005749026,82207.70725092929,2284.8775447795956,0.0028339509467063045,0.0,0.0
BC,M6,2031-01-01T00:00:00,M,66,276.75042661429325,50500.0,35500.0,0.005480206467609767,82207.70725092929,2284.8775447795956,0.003366477862830371,0.0,0.0
BC,M6,2031-01-01T00:00:00,M,67,222.8880529906237,50500.0,36699.99999999999,0.004413624811695519,82207.70725092929,2284.8775447795956,0.0027112792759234157,0.0,0.0
BC,M6,2031-01-01T00:00:00,M,68,263.4856691602836,50500.0,37100.0,0.005217538003173932,82207.70725092929,2284.8775447795956,0.003205121246795325,0.0,0.0
BC,M6,2031-01-01T00:00:00,M,69,181.5307537968256,50500.0,35400.0,0.0035946683920163483,82207.70725092929,2284.8775447795956,0.002208196285571187,0.0,0.0
BC,M6,2031-01-01T00:00:00,M,70,219.14591222286253,50500.0,35100.0,0.0043395230143141094,82207.70725092929,2284.8775447795956,0.002665758717171683,0.0,0.0
BC,M6,2031-01-01T00:00:00,M,71,152.40419530904182,50500.0,34199.99999999999,0.0030179048576047885,82207.70725092929,2284.8775447795956,0.0018538918114313304,0.0,0.0
BC,M6,2031-01-01T00:00:00,M,72,81.68331732446677,50500.0,32900.0,0.0016174914321676588,82207.70725092929,2284.8775447795956,0.000993621158599377,0.0,0.0
BC,M6,2031-01-01T00:00:00,M,73,125.62679189284245,50500.0,32399.999999999996,0.0024876592454028206,82207.70725092929,2284.8775447795956,0.0015281631868090122,0.0,0.0
BC,M6,2031-01-01T00:00:00,M,74,51.09865821714993,50500.0,30699.999999999996,0.001011854618161385,82207.70725092929,2284.8775447795956,0.0006215798971400252,0.0,0.0
BC,M6,2031-01-01T00:00:00,M,75,92.85087345065767,50500.0,29800.0,0.0018386311574387659,82207.70725092929,2284.8775447795956,0.001129466768453247,0.0,0.0
BC,M6,2031-01-01T00:00:00,M,76,27.5523027850395,50500.0,28400.0,0.0005455901541591981,82207.70725092929,2284.8775447795956,0.00033515474043010785,0.0,0.0
BC,M6,2031-01-01T00:00:00,M,77,44.42366704676533,50500.0,26400.0,0.000879676575183472,82207.70725092929,2284.8775447795956,0.0005403832381697174,0.0,0.0
BC,M6,2031-01-01T00:00:00,M,78,76.91392697791889,50500.0,25000.0,0.001523048058968691,82207.70725092929,2284.8775447795956,0.0009356048179661334,0.0,0.0
BC,M6,2031-01-01T00:00:00,M,79,3.0030642023775727,50500.0,23299.999999999996,5.946661786886283e-05,82207.70725092929,2284.8775447795956,3.653020261483604e-05,0.0,0.0
BC,M6,2031-01-01T00:00:00,M,80,-61.3448780611252,50500.0,21900.0,-0.0012147500606163406,82207.70725092929,2284.8775447795956,0.0,0.026848212588584334,0.002801135984526265
BC,M6,2031-01-01T00:00:00,M,81,-17.549191294830962,50500.0,20800.0,-0.0003475087385115042,82207.70725092929,2284.8775447795956,0.0,0.0076805828543970375,0.0008437111199437962
BC,M6,2031-01-01T00:00:00,M,82,0.6297725302138133,50500.0,19099.999999999996,1.2470743172550759e-05,82207.70725092929,2284.8775447795956,7.660748015894753e-06,0.0,0.0
BC,M6,2031-01-01T00:00:00,M,83,-41.08132987321369,50500.0,18200.0,-0.0008134916806576968,82207.70725092929,2284.8775447795956,0.0,0.017979663709801343,0.0022572159270996535
BC,M6,2031-01-01T00:00:00,M,84,-106.9815882365292,50500.0,16799.999999999996,-0.0021184472918124595,82207.70725092929,2284.8775447795956,0.0,0.04682158502583949,0.006367951680745787
BC,M6,2031-01-01T00:00:00,M,85,-42.09129708182263,50500.0,13000.0,-0.0008334910313232204,82207.70725092929,2284.8775447795956,0.0,0.018421686176570504,0.0032377920832171257
BC,M6,2031-01-01T00:00:00,M,86,-67.89342600812233,50500.0,11200.0,-0.001344424277388561,82207.70725092929,2284.8775447795956,0.0,0.02971425149817886,0.006061913036439494
BC,M6,2031-01-01T00:00:00,M,87,-47.94109639814087,50500.0,10200.0,-0.0009493286415473439,82207.70725092929,2284.8775447795956,0.0,0.020981910609465672,0.004700107490013811
BC,M6,2031-01-01T00:00:00,M,88,-67.61619090760723,50500.0,8800.0,-0.001338934473417965,82207.70725092929,2284.8775447795956,0.0,0.029592916724178162,0.00768365805768264
BC,M6,2031-01-01T00:00:00,M,89,-121.66188451985636,50500.0,7200.0,-0.0024091462281159676,82207.70725092929,2284.8775447795956,0.0,0.053246566669546455,0.01689748396109116
BC,M6,2031-01-01T00:00:00,M,90,-67.0405612739005,50500.0,5999.999999999999,-0.0013275358668099109,82207.70725092929,2284.8775447795956,0.0,0.029340986534299094,0.011173426878983417
BC,M6,2031-01-01T00:00:00,M,91,-109.68500308126386,50500.0,4900.0,-0.002171980259034928,82207.70725092929,2284.8775447795956,0.0,0.048004762150981845,0.02238469450638038
BC,M6,2031-01-01T00:00:00,M,92,-161.41836359269428,50500.0,3900.0,-0.0031964032394592927,82207.70725092929,2284.8775447795956,0.0,0.07064639589176104,0.04138932399812674
BC,M6,2031-01-01T00:00:00,M,93,-38.76316166809693,50500.0,3100.0,-0.0007675873597642956,82207.70725092929,2284.8775447795956,0.0,0.016965093712204216,0.012504245699386105
BC,M6,2031-01-01T00:00:00,M,94,-11.270797554372166,50500.0,2400.0,-0.00022318410998756763,82207.70725092929,2284.8775447795956,0.0,0.004932779693215188,0.004696165647655069
BC,M6,2031-01-01T00:00:00,M,95,-52.82116036196612,50500.0,1899.9999999999998,-0.0010459635715240815,82207.70725092929,2284.8775447795956,0.0,0.023117720458433307,0.027800610716824277
BC,M6,2031-01-01T00:00:00,M,96,-55.37782697390571,50500.0,1299.9999999999998,-0.0010965906331466477,82207.70725092929,2284.8775447795956,0.0,0.024236671720298947,0.04259832844146594
BC,M6,2031-01-01T00:00:00,M,97,-12.48977790854019,50500.0,1000.0000000000001,-0.00024732233482257804,82207.70725092929,2284.8775447795956,0.0,0.0054662788984365385,0.01248977790854019
BC,M6,2031-01-01T00:00:00,M,98,16.31908152248002,50500.0,700.0,0.0003231501291580202,82207.70725092929,2284.8775447795956,0.0001985103595295263,0.0,0.0
BC,M6,2031-01-01T00:00:00,M,99,-17.882765666079422,50500.0,500.0,-0.0003541141716055331,82207.70725092929,2284.8775447795956,0.0,0.00782657508580156,0.035765531332158845
BC,M6,2031-01-01T00:00:00,M,100,412.17960812027485,50500.0,699.9999999999998,0.008161972438025245,82207.70725092929,2284.8775447795956,0.0050138803514145625,0.0,0.0
BC,M6,2032-01-01T00:00:00,F,1,374.6485446560182,51100.0,24900.0,0.0073316740637185554,80519.20003402015,2599.785991004924,0.004652909424059423,0.0,0.0
BC,M6,2032-01-01T00:00:00,F,2,403.2884848374233,51100.0,24900.0,0.007892142560419244,80519.20003402015,2599.785991004924,0.005008600242762347,0.0,0.0
BC,M6,2032-01-01T00:00:00,F,3,402.63077956799316,51100.0,24900.0,0.007879271615811999,80519.20003402015,2599.785991004924,0.00500043193918814,0.0,0.0
BC,M6,2032-01-01T00:00:00,F,4,302.2012599054942,51100.0,24900.000000000004,0.005913918980538047,80519.20003402015,2599.785991004924,0.003753157753403055,0.0,0.0
BC,M6,2032-01-01T00:00:00,F,5,501.98113183100213,51100.0,25100.0,0.0098235055152838,80519.20003402015,2599.785991004924,0.006234303515421293,0.0,0.0
BC,M6,2032-01-01T00:00:00,F,6,501.7681627733582,51100.0,25200.000000000004,0.00981933782335339,80519.20003402015,2599.785991004924,0.0062316585679112095,0.0,0.0
BC,M6,2032-01-01T00:00:00,F,7,501.5596682551186,51100.0,25400.0,0.009815257695794884,80519.20003402015,2599.785991004924,0.006229069191487306,0.0,0.0
BC,M6,2032-01-01T00:00:00,F,8,501.3422260021762,51100.0,25500.000000000004,0.009811002465796012,80519.20003402015,2599.785991004924,0.006226368689584027,0.0,0.0
BC,M6,2032-01-01T00:00:00,F,9,401.3475949061867,51100.0,25500.000000000004,0.007854160369984084,80519.20003402015,2599.785991004924,0.004984495558036014,0.0,0.0
BC,M6,2032-01-01T00:00:00,F,10,401.3475949061831,51100.0,25500.0,0.007854160369984013,80519.20003402015,2599.785991004924,0.004984495558035969,0.0,0.0
BC,M6,2032-01-01T00:00:00,F,11,401.3475949061831,51100.0,25500.0,0.007854160369984013,80519.20003402015,2599.785991004924,0.004984495558035969,0.0,0.0
BC,M6,2032-01-01T00:00:00,F,12,401.59725062271536,51100.0,25900.000000000004,0.007859046000444528,80519.20003402015,2599.785991004924,0.004987596131767785,0.0,0.0
BC,M6,2032-01-01T00:00:00,F,13,401.86838252569214,51100.0,26500.000000000004,0.007864351908526265,80519.20003402015,2599.785991004924,0.0049909634268087465,0.0,0.0
BC,M6,2032-01-01T00:00:00,F,14,602.174412985245,51100.0,27600.0,0.011784235087773876,80519.20003402015,2599.785991004924,0.007478643761125551,0.0,0.0
BC,M6,2032-01-01T00:00:00,F,15,1102.985129468987,51100.0,28900.0,0.02158483619313086,80519.20003402015,2599.785991004924,0.01369841142240565,0.0,0.0
BC,M6,2032-01-01T00:00:00,F,16,1904.3658642928822,51100.0,30600.0,0.03726743374350063,80519.20003402015,2599.785991004924,0.023651077798689864,0.0,0.0
BC,M6,2032-01-01T00:00:00,F,17,1606.5287108892699,51100.0,32000.0,0.03143891802131644,80519.20003402015,2599.785991004924,0.01995211962128903,0.0,0.0
BC,M6,2032-01-01T00:00:00,F,18,2208.5636180854162,51100.0,34100.0,0.04322042305450913,80519.20003402015,2599.785991004924,0.027429030804482366,0.0,0.0
BC,M6,2032-01-01T00:00:00,F,19,4210.985124255945,51100.0,38299.99999999999,0.08240675389933357,80519.20003402015,2599.785991004924,0.05229790065570402,0.0,0.0
BC,M6,2032-01-01T00:00:00,F,20,2513.905078496493,51100.0,40400.0,0.04919579409973567,80519.20003402015,2599.785991004924,0.031221187958081344,0.0,0.0
BC,M6,2032-01-01T00:00:00,F,21,716.0268359460315,51100.0,40499.99999999999,0.014012266848258934,80519.20003402015,2599.785991004924,0.008892622326643871,0.0,0.0
BC,M6,2032-01-01T00:00:00,F,22,-182.51807620735053,51100.0,40500.0,-0.003571782313255392,80519.20003402015,2599.785991004924,0.0,0.07020503873736153,0.004506619165613593
BC,M6,2032-01-01T00:00:00,F,23,118.3920512702025,51100.0,40400.0,0.0023168698878708906,80519.20003402015,2599.785991004924,0.0014703580167237218,0.0,0.0
BC,M6,2032-01-01T00:00:00,F,24,319.11334839493793,51100.0,40600.0,0.006244879616339294,80519.20003402015,2599.785991004924,0.0039631957130735205,0.0,0.0
BC,M6,2032-01-01T00:00:00,F,25,718.7813547503611,51100.0,40300.0,0.014066171325838768,80519.20003402015,2599.785991004924,0.008926831792251648,0.0,0.0
BC,M6,2032-01-01T00:00:00,F,26,418.59164409631194,51100.0,39600.0,0.00819161730129769,80519.20003402015,2599.785991004924,0.005198656269802145,0.0,0.0
BC,M6,2032-01-01T00:00:00,F,27,718.8458046084997,51100.0,39700.0,0.014067432575508802,80519.20003402015,2599.785991004924,0.008927632220697429,0.0,0.0
BC,M6,2032-01-01T00:00:00,F,28,719.3916911428314,51100.0,40100.0,0.014078115286552473,80519.20003402015,2599.785991004924,0.008934411802885291,0.0,0.0
BC,M6,2032-01-01T00:00:00,F,29,819.8418492074197,51100.0,39700.0,0.016043871804450483,80519.20003402015,2599.785991004924,0.010181942305202096,0.0,0.0
BC,M6,2032-01-01T00:00:00,F,30,820.4853004865145,51100.0,39600.00000000001,0.016056463805998327,80519.20003402015,2599.785991004924,0.010189933582795798,0.0,0.0
BC,M6,2032-01-01T00:00:00,F,31,823.0250063309286,51100.0,42300.0,0.01610616450745457,80519.20003402015,2599.785991004924,0.010221475200737122,0.0,0.0
BC,M6,2032-01-01T00:00:00,F,32,625.5737038363877,51100.0,43900.0,0.012242146846113263,80519.20003402015,2599.785991004924,0.007769248869487982,0.0,0.0
BC,M6,2032-01-01T00:00:00,F,33,627.4369465655182,51100.0,44400.0,0.012278609521830101,80519.20003402015,2599.785991004924,0.0077923892226999265,0.0,0.0
BC,M6,2032-01-01T00:00:00,F,34,729.665347770584,51100.0,44900.0,0.014279165318406733,80519.20003402015,2599.785991004924,0.009062004434498769,0.0,0.0
BC,M6,2032-01-01T00:00:00,F,35,631.7147950192593,51100.0,44900.0,0.0123623247557585,80519.20003402015,2599.785991004924,0.007845517525662869,0.0,0.0
BC,M6,2032-01-01T00:00:00,F,36,635.5022182034154,51100.0,46200.0,0.01243644262628993,80519.20003402015,2599.785991004924,0.007892555041964022,0.0,0.0
BC,M6,2032-01-01T00:00:00,F,37,638.3590009887703,51100.0,46200.0,0.012492348355944623,80519.20003402015,2599.785991004924,0.00792803456466355,0.0,0.0
BC,M6,2032-01-01T00:00:00,F,38,341.39659701463825,51100.0,46099.99999999999,0.006680951017898987,80519.20003402015,2599.785991004924,0.004239940248666092,0.0,0.0
BC,M6,2032-01-01T00:00:00,F,39,443.63588325778255,51100.0,46400.0,0.008681719828919424,80519.20003402015,2599.785991004924,0.005509690646086176,0.0,0.0
BC,M6,2032-01-01T00:00:00,F,40,446.1910984687638,51100.0,46900.0,0.008731724040484615,80519.20003402015,2599.785991004924,0.0055414248810251926,0.0,0.0
BC,M6,2032-01-01T00:00:00,F,41,447.8558439362605,51100.0,46900.0,0.008764302229672416,80519.20003402015,2599.785991004924,0.005562100017722941,0.0,0.0
BC,M6,2032-01-01T00:00:00,F,42,349.6270993357757,51100.0,46900.0,0.006842017599525943,80519.20003402015,2599.785991004924,0.004342158133563856,0.0,0.0
BC,M6,2032-01-01T00:00:00,F,43,350.3047682686083,51100.0,46000.0,0.0068552792224776575,80519.20003402015,2599.785991004924,0.004350574373821413,0.0,0.0
BC,M6,2032-01-01T00:00:00,F,44,351.5480936786262,51100.0,45300.00000000001,0.0068796104438087315,80519.20003402015,2599.785991004924,0.004366015727057567,0.0,0.0
BC,M6,2032-01-01T00:00:00,F,45,252.88545617926866,51100.0,44300.0,0.004948834758889797,80519.20003402015,2599.785991004924,0.0031406851542541666,0.0,0.0
BC,M6,2032-01-01T00:00:00,F,46,355.52235190790816,51100.0,44300.0,0.006957384577454172,80519.20003402015,2599.785991004924,0.004415373622163366,0.0,0.0
BC,M6,2032-01-01T00:00:00,F,47,257.08713516194985,51100.0,43300.0,0.005031059396515653,80519.20003402015,2599.785991004924,0.003192867478232869,0.0,0.0
BC,M6,2032-01-01T00:00:00,F,48,259.716171702501,51100.0,42700.0,0.005082508252495128,80519.20003402015,2599.785991004924,0.0032255185296521625,0.0,0.0
BC,M6,2032-01-01T00:00:00,F,49,262.32473933636356,51100.0,41899.99999999999,0.005133556542785979,80519.20003402015,2599.785991004924,0.003257915369570597,0.0,0.0
BC,M6,2032-01-01T00:00:00,F,50,165.84279837270878,51100.0,41200.0,0.003245455936843616,80519.20003402015,2599.785991004924,0.0020596677351816532,0.0,0.0
BC,M6,2032-01-01T00:00:00,F,51,168.4025542766176,51100.0,39700.0,0.0032955490073702074,80519.20003402015,2599.785991004924,0.0020914583627937916,0.0,0.0
BC,M6,2032-01-01T00:00:00,F,52,272.04452432581456,51100.0,38900.0,0.005323767599331009,80519.20003402015,2599.785991004924,0.0033786292488111294,0.0,0.0
BC,M6,2032-01-01T00:00:00,F,53,273.978985890506,51100.0,37100.00000000001,0.005361623990029472,80519.20003402015,2599.785991004924,0.0034026540970941987,0.0,0.0
BC,M6,2032-01-01T00:00:00,F,54,277.54264426609006,51100.0,36000.0,0.005431362901489043,80519.20003402015,2599.785991004924,0.003446912589156693,0.0,0.0
BC,M6,2032-01-01T00:00:00,F,55,283.2493780150835,51100.0,35700.0,0.005543040665657212,80519.20003402015,2599.785991004924,0.003517786787442099,0.0,0.0
BC,M6,2032-01-01T00:00:00,F,56,290.75027762082027,51100.0,35900.0,0.005689829307648146,80519.20003402015,2599.785991004924,0.0036109434457616994,0.0,0.0
BC,M6,2032-01-01T00:00:00,F,57,297.04334399544314,51100.0,35400.00000000001,0.0058129812914959516,80519.20003402015,2599.785991004924,0.0036890995423444276,0.0,0.0
BC,M6,2032-01-01T00:00:00,F,58,304.64024939821684,51100.0,35200.0,0.005961648716207766,80519.20003402015,2599.785991004924,0.0037834485348774375,0.0,0.0
BC,M6,2032-01-01T00:00:00,F,59,214.37913195193687,51100.0,35300.00000000001,0.004195286339568236,80519.20003402015,2599.785991004924,0.0026624597842671016,0.0,0.0
BC,M6,2032-01-01T00:00:00,F,60,226.19954030985537,51100.0,35700.0,0.0044266054855157605,80519.20003402015,2599.785991004924,0.0028092621413809853,0.0,0.0
BC,M6,2032-01-01T00:00:00,F,61,245.8470519317343,51100.0,37900.0,0.00481109690668756,80519.20003402015,2599.785991004924,0.0030532724099079666,0.0,0.0
BC,M6,2032-01-01T00:00:00,F,62,259.81111582413723,51100.0,38000.0,0.005084366258789379,80519.20003402015,2599.785991004924,0.0032266976784961162,0.0,0.0
BC,M6,2032-01-01T00:00:00,F,63,273.8263283173219,51100.0,37800.0,0.005358636561982816,80519.20003402015,2599.785991004924,0.003400758181919686,0.0,0.0
BC,M6,2032-01-01T00:00:00,F,64,284.31528121956944,51100.0,36600.0,0.0055638998281716135,80519.20003402015,2599.785991004924,0.0035310246636757873,0.0,0.0
BC,M6,2032-01-01T00:00:00,F,65,296.9937882291342,51100.0,35700.0,0.00581201151133335,80519.20003402015,2599.785991004924,0.0036884840895544347,0.0,0.0
BC,M6,2032-01-01T00:00:00,F,66,324.6326626757873,51100.0,37100.00000000001,0.006352889680543782,80519.20003402015,2599.785991004924,0.00403174227437216,0.0,0.0
BC,M6,2032-01-01T00:00:00,F,67,256.8556478966566,51100.0,38500.00000000001,0.005026529313046117,80519.20003402015,2599.785991004924,0.00318999254572987,0.0,0.0
BC,M6,2032-01-01T00:00:00,F,68,296.6891232473281,51100.0,40400.00000000001,0.005806049378616988,80519.20003402015,2599.785991004924,0.0036847003338579373,0.0,0.0
BC,M6,2032-01-01T00:00:00,F,69,326.3009157376073,51100.0,40299.99999999999,0.006385536511499164,80519.20003402015,2599.785991004924,0.004052460973280186,0.0,0.0
BC,M6,2032-01-01T00:00:00,F,70,246.50876714160404,51100.0,38700.0,0.004824046323710451,80519.20003402015,2599.785991004924,0.0030614905145288536,0.0,0.0
BC,M6,2032-01-01T00:00:00,F,71,182.69602427427162,51100.0,38599.99999999999,0.003575264662901597,80519.20003402015,2599.785991004924,0.002268974656939969,0.0,0.0
BC,M6,2032-01-01T00:00:00,F,72,119.05104944299819,51100.0,38100.0,0.0023297661339138588,80519.20003402015,2599.785991004924,0.0014785423773795313,0.0,0.0
BC,M6,2032-01-01T00:00:00,F,73,150.88846676878165,51100.0,37000.0,0.0029528075688606977,80519.20003402015,2599.785991004924,0.0018739439376574756,0.0,0.0
BC,M6,2032-01-01T00:00:00,F,74,190.71380769606913,51100.0,36300.00000000001,0.003732168448063975,80519.20003402015,2599.785991004924,0.002368550701143214,0.0,0.0
BC,M6,2032-01-01T00:00:00,F,75,125.57589563748479,51100.0,34900.0,0.0024574539263695653,80519.20003402015,2599.785991004924,0.001559577039816935,0.0,0.0
BC,M6,2032-01-01T00:00:00,F,76,66.32955877712084,51100.0,33700.0,0.0012980344183389596,80519.20003402015,2599.785991004924,0.0008237731963195852,0.0,0.0
BC,M6,2032-01-01T00:00:00,F,77,12.115103287866077,51100.0,32600.0,0.00023708617001694867,80519.20003402015,2599.785991004924,0.00015046229076726207,0.0,0.0
BC,M6,2032-01-01T00:00:00,F,78,43.48571532535425,51100.0,30700.000000000004,0.0008509924721204354,80519.20003402015,2599.785991004924,0.000540066410334195,0.0,0.0
BC,M6,2032-01-01T00:00:00,F,79,70.17030112832435,51100.0,28600.000000000004,0.001373195716796954,80519.20003402015,2599.785991004924,0.0008714729045827171,0.0,0.0
BC,M6,2032-01-01T00:00:00,F,80,3.0794468760832387,51100.0,26700.000000000004,6.026314825994596e-05,80519.20003402015,2599.785991004924,3.824487668509054e-05,0.0,0.0
BC,M6,2032-01-01T00:00:00,F,81,44.124669440145226,51100.0,25200.0,0.0008634964665390455,80519.20003402015,2599.785991004924,0.0005480018358540835,0.0,0.0
BC,M6,2032-01-01T00:00:00,F,82,102.01512644986724,51100.0,24200.0,0.0019963821223065994,80519.20003402015,2599.785991004924,0.0012669664677091284,0.0,0.0
BC,M6,2032-01-01T00:00:00,F,83,31.47889687679708,51100.0,22200.0,0.0006160253791936807,80519.20003402015,2599.785991004924,0.0003909489520946177,0.0,0.0
BC,M6,2032-01-01T00:00:00,F,84,-5.948479685077473,51100.0,21099.999999999996,-0.00011640860440464722,80519.20003402015,2599.785991004924,0.0,0.002288065135229897,0.00028191846848708407
BC,M6,2032-01-01T00:00:00,F,85,-48.67422028992951,51100.0,19800.0,-0.000952528772797055,80519.20003402015,2599.785991004924,0.0,0.01872239501956656,0.0024582939540368437
BC,M6,2032-01-01T00:00:00,F,86,35.21446279197335,51100.0,15400.000000000002,0.0006891284303712984,80519.20003402015,2599.785991004924,0.0004373424323278782,0.0,0.0
BC,M6,2032-01-01T00:00:00,F,87,-67.86519959661382,51100.0,13400.0,-0.0013280860977810923,80519.20003402015,2599.785991004924,0.0,0.026104148507385846,0.005064567134075658
BC,M6,2032-01-01T00:00:00,F,88,-38.26517373041679,51100.0,12200.000000000002,-0.0007488292315150057,80519.20003402015,2599.785991004924,0.0,0.014718586015468807,0.003136489650034163
BC,M6,2032-01-01T00:00:00,F,89,-143.72039060294082,51100.0,10500.0,-0.0028125321057326973,80519.20003402015,2599.785991004924,0.0,0.05528162360294394,0.013687656247899126
BC,M6,2032-01-01T00:00:00,F,90,-81.27487010385084,51100.0,8800.0,-0.0015905062642632259,80519.20003402015,2599.785991004924,0.0,0.03126213864720256,0.009235780693619414
BC,M6,2032-01-01T00:00:00,F,91,-185.53954005949527,51100.0,7500.000000000001,-0.0036309107643736844,80519.20003402015,2599.785991004924,0.0,0.07136723588074133,0.024738605341266033
BC,M6,2032-01-01T00:00:00,F,92,-139.7771797021269,51100.0,6100.0,-0.0027353655519007218,80519.20003402015,2599.785991004924,0.0,0.053764879180727206,0.02291429175444703
BC,M6,2032-01-01T00:00:00,F,93,-89.53680348211037,51100.0,5000.0,-0.0017521879350706532,80519.20003402015,2599.785991004924,0.0,0.03444006691008467,0.017907360696422073
BC,M6,2032-01-01T00:00:00,F,94,-126.15657430164629,51100.0,4100.0,-0.0024688175010106907,80519.20003402015,2599.785991004924,0.0,0.0485257535574617,0.03076989617113324
BC,M6,2032-01-01T00:00:00,F,95,-85.42095912533432,51100.0,3300.0000000000005,-0.0016716430357208282,80519.20003402015,2599.785991004924,0.0,0.03285691953910237,0.025885139128889186
BC,M6,2032-01-01T00:00:00,F,96,-56.54166208020524,51100.0,2600.0,-0.0011064904516674215,80519.20003402015,2599.785991004924,0.0,0.021748583258712602,0.021746793107771247
BC,M6,2032-01-01T00:00:00,F,97,-130.92831492467576,51100.0,1900.0,-0.0025621979437314237,80519.20003402015,2599.785991004924,0.0,0.05036118948931892,0.06890963943403987
BC,M6,2032-01-01T00:00:00,F,98,-107.69559579262636,51100.0,1400.0000000000002,-0.002107545905922238,80519.20003402015,2599.785991004924,0.0,0.04142479271957212,0.07692542556616168
BC,M6,2032-01-01T00:00:00,F,99,16.781833356429843,51100.0,1100.0,0.0003284116116718169,80519.20003402015,2599.785991004924,0.0002084202693188625,0.0,0.0
BC,M6,2032-01-01T00:00:00,F,100,1346.8891545636566,51100.0,2100.0000000000005,0.026357909091265296,80519.20003402015,2599.785991004924,0.0167275526085031,0.0,0.0
BC,M6,2032-01-01T00:00:00,M,1,479.57906144557273,51100.0,26300.0,0.009385108834551325,80519.20003402015,2599.785991004924,0.005956083285017063,0.0,0.0
BC,M6,2032-01-01T00:00:00,M,2,505.12454882003294,51100.0,26400.0,0.009885020524853873,80519.20003402015,2599.785991004924,0.006273342862405648,0.0,0.0
BC,M6,2032-01-01T00:00:00,M,3,403.5786326188936,51100.0,26400.0,0.00789782059919557,80519.20003402015,2599.785991004924,0.005012203703568561,0.0,0.0
BC,M6,2032-01-01T00:00:00,M,4,402.4697553955739,51100.0,26499.999999999996,0.007876120457839019,80519.20003402015,2599.785991004924,0.004998432115886974,0.0,0.0
BC,M6,2032-01-01T00:00:00,M,5,602.0207033112165,51100.0,26700.0,0.011781227070669599,80519.20003402015,2599.785991004924,0.007476734779491809,0.0,0.0
BC,M6,2032-01-01T00:00:00,M,6,501.583697061109,51100.0,26799.999999999996,0.009815727926831878,80519.20003402015,2599.785991004924,0.006229367614794794,0.0,0.0
BC,M6,2032-01-01T00:00:00,M,7,601.3626141436798,51100.0,27000.0,0.011768348613379253,80519.20003402015,2599.785991004924,0.007468561708134187,0.0,0.0
BC,M6,2032-01-01T00:00:00,M,8,401.37293697809946,51100.0,26999.999999999996,0.00785465630094128,80519.20003402015,2599.785991004924,0.004984810291315804,0.0,0.0
BC,M6,2032-01-01T00:00:00,M,9,401.3729369780958,51100.0,26999.999999999996,0.00785465630094121,80519.20003402015,2599.785991004924,0.004984810291315759,0.0,0.0
BC,M6,2032-01-01T00:00:00,M,10,501.37293697809946,51100.0,27100.0,0.009811603463367895,80519.20003402015,2599.785991004924,0.00622675010142009,0.0,0.0
BC,M6,2032-01-01T00:00:00,M,11,401.3832598125191,51100.0,27200.0,0.007854858313356538,80519.20003402015,2599.785991004924,0.004984938494705993,0.0,0.0
BC,M6,2032-01-01T00:00:00,M,12,401.89252493444656,51100.0,27899.999999999996,0.007864824362709326,80519.20003402015,2599.785991004924,0.004991263260994186,0.0,0.0
BC,M6,2032-01-01T00:00:00,M,13,402.16006216025926,51100.0,28299.999999999996,0.007870059924858303,80519.20003402015,2599.785991004924,0.004994585912308403,0.0,0.0
BC,M6,2032-01-01T00:00:00,M,14,702.942032483079,51100.0,29200.0,0.013756204158181583,80519.20003402015,2599.785991004924,0.008730116943363559,0.0,0.0
BC,M6,2032-01-01T00:00:00,M,15,1104.074135596893,51100.0,30700.0,0.02160614746764957,80519.20003402015,2599.785991004924,0.01371193622304259,0.0,0.0
BC,M6,2032-01-01T00:00:00,M,16,1706.2970874256898,51100.0,32200.0,0.033391332434945006,80519.20003402015,2599.785991004924,0.021191182807389575,0.0,0.0
BC,M6,2032-01-01T00:00:00,M,17,1509.505982058221,51100.0,34000.0,0.029540234482548357,80519.20003402015,2599.785991004924,0.01874715572708671,0.0,0.0
BC,M6,2032-01-01T00:00:00,M,18,2112.930054945522,51100.0,35500.0,0.0413489247543155,80519.20003402015,2599.785991004924,0.026241319512026802,0.0,0.0
BC,M6,2032-01-01T00:00:00,M,19,4417.359083501986,51100.0,39800.00000000001,0.08644538323878642,80519.20003402015,2599.785991004924,0.05486094101326899,0.0,0.0
BC,M6,2032-01-01T00:00:00,M,20,2923.2103563110577,51100.0,42000.0,0.05720568211959017,80519.20003402015,2599.785991004924,0.03630451314811837,0.0,0.0
BC,M6,2032-01-01T00:00:00,M,21,928.8501851318506,51100.0,42300.00000000001,0.018177107341132107,80519.20003402015,2599.785991004924,0.011535760225379815,0.0,0.0
BC,M6,2032-01-01T00:00:00,M,22,134.00497094258026,51100.0,42600.0,0.0026224064763714335,80519.20003402015,2599.785991004924,0.0016642610816545848,0.0,0.0
BC,M6,2032-01-01T00:00:00,M,23,-162.06182779741357,51100.0,42200.0,-0.0031714643404581913,80519.20003402015,2599.785991004924,0.0,0.062336603227394885,0.0038403276729244923
BC,M6,2032-01-01T00:00:00,M,24,-59.55596796764439,51100.0,41500.0,-0.0011654788251985204,80519.20003402015,2599.785991004924,0.0,0.022908027112117625,0.001435083565485407
BC,M6,2032-01-01T00:00:00,M,25,241.3632486563729,51100.0,40600.0,0.004723351245721583,80519.20003402015,2599.785991004924,0.002997586272024493,0.0,0.0
BC,M6,2032-01-01T00:00:00,M,26,342.4812283207648,51100.0,39800.0,0.0067021766794670215,80519.20003402015,2599.785991004924,0.004253410716649733,0.0,0.0
BC,M6,2032-01-01T00:00:00,M,27,644.406331378399,51100.0,39700.0,0.012610691416407027,80519.20003402015,2599.785991004924,0.008003138768220884,0.0,0.0
BC,M6,2032-01-01T00:00:00,M,28,647.1204553803618,51100.0,40000.0,0.012663805389048176,80519.20003402015,2599.785991004924,0.008036846554696856,0.0,0.0
BC,M6,2032-01-01T00:00:00,M,29,549.9173709098832,51100.0,39700.0,0.010761592385712,80519.20003402015,2599.785991004924,0.006829642752008685,0.0,0.0
BC,M6,2032-01-01T00:00:00,M,30,652.611180237378,51100.0,39299.99999999999,0.012771255973334207,80519.20003402015,2599.785991004924,0.008105038052559431,0.0,0.0
BC,M6,2032-01-01T00:00:00,M,31,660.1184841637296,51100.0,41700.0,0.012918169944495687,80519.20003402015,2599.785991004924,0.008198274248686315,0.0,0.0
BC,M6,2032-01-01T00:00:00,M,32,567.965056448229,51100.0,43900.0,0.011114776055738337,80519.20003402015,2599.785991004924,0.007053784143511836,0.0,0.0
BC,M6,2032-01-01T00:00:00,M,33,573.5685639280418,51100.0,44800.0,0.011224433736360897,80519.20003402015,2599.785991004924,0.007123376333665803,0.0,0.0
BC,M6,2032-01-01T00:00:00,M,34,678.6404706223548,51100.0,45400.0,0.013280635432922794,80519.20003402015,2599.785991004924,0.008428306172138106,0.0,0.0
BC,M6,2032-01-01T00:00:00,M,35,583.5495507324376,51100.0,46300.0,0.011419756374411696,80519.20003402015,2599.785991004924,0.00724733418223085,0.0,0.0
BC,M6,2032-01-01T00:00:00,M,36,587.6282418325936,51100.0,47000.0,0.011499574204160345,80519.20003402015,2599.785991004924,0.007297989070734868,0.0,0.0
BC,M6,2032-01-01T00:00:00,M,37,391.19144528801553,51100.0,47400.0,0.007655409888219482,80519.20003402015,2599.785991004924,0.004858362292754192,0.0,0.0
BC,M6,2032-01-01T00:00:00,M,38,394.23436541004776,51100.0,47300.00000000001,0.0077149582272025,80519.20003402015,2599.785991004924,0.004896153529139384,0.0,0.0
BC,M6,2032-01-01T00:00:00,M,39,197.66730520137935,51100.0,47000.0,0.003868244720183549,80519.20003402015,2599.785991004924,0.00245490895485627,0.0,0.0
BC,M6,2032-01-01T00:00:00,M,40,401.4877121894169,51100.0,47100.0,0.007856902391182327,80519.20003402015,2599.785991004924,0.004986235730357287,0.0,0.0
BC,M6,2032-01-01T00:00:00,M,41,305.9193604362663,51100.0,47000.0,0.00598668024337116,80519.20003402015,2599.785991004924,0.0037993343240744115,0.0,0.0
BC,M6,2032-01-01T00:00:00,M,42,410.919423840307,51100.0,47000.0,0.008041476004702681,80519.20003402015,2599.785991004924,0.005103371912123934,0.0,0.0
BC,M6,2032-01-01T00:00:00,M,43,414.30194482595107,51100.0,46100.0,0.008107670153149728,80519.20003402015,2599.785991004924,0.005145380786829781,0.0,0.0
BC,M6,2032-01-01T00:00:00,M,44,316.8043732390579,51100.0,44699.99999999999,0.006199694192545164,80519.20003402015,2599.785991004924,0.003934519631407229,0.0,0.0
BC,M6,2032-01-01T00:00:00,M,45,221.17443881840154,51100.0,44100.0,0.004328266904469698,80519.20003402015,2599.785991004924,0.0027468534054604764,0.0,0.0
BC,M6,2032-01-01T00:00:00,M,46,327.61486450345546,51100.0,44200.0,0.0064112497945881695,80519.20003402015,2599.785991004924,0.0040687794260876285,0.0,0.0
BC,M6,2032-01-01T00:00:00,M,47,231.9902093849887,51100.0,43300.0,0.004539925819667098,80519.20003402015,2599.785991004924,0.002881178765896464,0.0,0.0
BC,M6,2032-01-01T00:00:00,M,48,235.51733584015892,51100.0,42199.99999999999,0.00460894982074675,80519.20003402015,2599.785991004924,0.002924983553495943,0.0,0.0
BC,M6,2032-01-01T00:00:00,M,49,239.0510635667015,51100.0,41000.0,0.004678103005219207,80519.20003402015,2599.785991004924,0.0029688703249125684,0.0,0.0
BC,M6,2032-01-01T00:00:00,M,50,242.85202477066923,51100.0,39900.0,0.00475248580764519,80519.20003402015,2599.785991004924,0.003016075975271263,0.0,0.0
BC,M6,2032-01-01T00:00:00,M,51,146.1440604302261,51100.0,38499.99999999999,0.002859962043644346,80519.20003402015,2599.785991004924,0.0018150212665858428,0.0,0.0
BC,M6,2032-01-01T00:00:00,M,52,248.73605135284743,51100.0,37100.0,0.0048676330988815545,80519.20003402015,2599.785991004924,0.0030891520438324524,0.0,0.0
BC,M6,2032-01-01T00:00:00,M,53,150.41618007539364,51100.0,35299.99999999999,0.0029435651678159226,80519.20003402015,2599.785991004924,0.0018680784211944645,0.0,0.0
BC,M6,2032-01-01T00:00:00,M,54,153.66363233382435,51100.0,34000.0,0.0030071160926384414,80519.20003402015,2599.785991004924,0.0019084098236060464,0.0,0.0
BC,M6,2032-01-01T00:00:00,M,55,162.1792312514881,51100.0,33700.0,0.0031737618640212935,80519.20003402015,2599.785991004924,0.002014168436633322,0.0,0.0
BC,M6,2032-01-01T00:00:00,M,56,269.04654717765516,51100.0,33100.0,0.005265098770599905,80519.20003402015,2599.785991004924,0.0033413961771103086,0.0,0.0
BC,M6,2032-01-01T00:00:00,M,57,279.04499884729375,51100.0,32900.0,0.0054607631868354945,80519.20003402015,2599.785991004924,0.003465570928789587,0.0,0.0
BC,M6,2032-01-01T00:00:00,M,58,188.8682244947595,51100.0,32399.999999999996,0.003696051359975724,80519.20003402015,2599.785991004924,0.0023456296686375526,0.0,0.0
BC,M6,2032-01-01T00:00:00,M,59,201.99348072087014,51100.0,32399.999999999996,0.0039529056892538186,80519.20003402015,2599.785991004924,0.002508637450887812,0.0,0.0
BC,M6,2032-01-01T00:00:00,M,60,319.1901024082108,51100.0,32899.99999999999,0.0062463816518240865,80519.20003402015,2599.785991004924,0.003964148951720209,0.0,0.0
BC,M6,2032-01-01T00:00:00,M,61,247.9241488429834,51100.0,34600.0,0.0048517445957531,80519.20003402015,2599.785991004924,0.0030790687033432156,0.0,0.0
BC,M6,2032-01-01T00:00:00,M,62,167.19238710087666,51100.0,34600.0,0.003271866675163927,80519.20003402015,2599.785991004924,0.00207642881486945,0.0,0.0
BC,M6,2032-01-01T00:00:00,M,63,182.5711819706994,51100.0,34000.0,0.0035728215649843327,80519.20003402015,2599.785991004924,0.0022674241906720546,0.0,0.0
BC,M6,2032-01-01T00:00:00,M,64,196.30654083671834,51100.0,33100.0,0.003841615280562003,80519.20003402015,2599.785991004924,0.0024380090804898323,0.0,0.0
BC,M6,2032-01-01T00:00:00,M,65,214.97987480613665,51100.0,32600.0,0.00420704255980698,80519.20003402015,2599.785991004924,0.002669920648929765,0.0,0.0
BC,M6,2032-01-01T00:00:00,M,66,252.86989065272792,51100.0,33800.0,0.004948530149759842,80519.20003402015,2599.785991004924,0.0031404918397834047,0.0,0.0
BC,M6,2032-01-01T00:00:00,M,67,200.170321446225,51100.0,35299.99999999999,0.003917227425562133,80519.20003402015,2599.785991004924,0.0024859949100543856,0.0,0.0
BC,M6,2032-01-01T00:00:00,M,68,148.55734610657964,51100.0,36400.0,0.002907188769208995,80519.20003402015,2599.785991004924,0.0018449928221320221,0.0,0.0
BC,M6,2032-01-01T00:00:00,M,69,192.2228936457832,51100.0,36800.0,0.003761700462735483,80519.20003402015,2599.785991004924,0.002387292640321403,0.0,0.0
BC,M6,2032-01-01T00:00:00,M,70,210.65784259342036,51100.0,35099.99999999999,0.004122462673061064,80519.20003402015,2599.785991004924,0.0026162436102745105,0.0,0.0
BC,M6,2032-01-01T00:00:00,M,71,151.2364458811062,51100.0,34700.0,0.00295961733622517,80519.20003402015,2599.785991004924,0.0018782656287842814,0.0,0.0
BC,M6,2032-01-01T00:00:00,M,72,185.90423478304,51100.0,33800.0,0.0036380476474176127,80519.20003402015,2599.785991004924,0.002308818700440313,0.0,0.0
BC,M6,2032-01-01T00:00:00,M,73,215.4421852691048,51100.0,32500.0,0.004216089731293636,80519.20003402015,2599.785991004924,0.002675662266615644,0.0,0.0
BC,M6,2032-01-01T00:00:00,M,74,163.02860660893566,51100.0,31899.999999999993,0.0031903836909772144,80519.20003402015,2599.785991004924,0.0020247171673346788,0.0,0.0
BC,M6,2032-01-01T00:00:00,M,75,188.3410841280638,51100.0,30199.999999999996,0.0036857355015276674,80519.20003402015,2599.785991004924,0.002339082902568429,0.0,0.0
BC,M6,2032-01-01T00:00:00,M,76,132.99761051630412,51100.0,29200.0,0.002602692965094014,80519.20003402015,2599.785991004924,0.0016517502714894253,0.0,0.0
BC,M6,2032-01-01T00:00:00,M,77,67.54186326976924,51100.0,27700.0,0.001321758576707813,80519.20003402015,2599.785991004924,0.0008388292884334685,0.0,0.0
BC,M6,2032-01-01T00:00:00,M,78,85.22923400587752,51100.0,25699.999999999996,0.0016678910764359592,80519.20003402015,2599.785991004924,0.0010584957869659327,0.0,0.0
BC,M6,2032-01-01T00:00:00,M,79,19.624985596874467,51100.0,24200.0,0.0003840505987646667,80519.20003402015,2599.785991004924,0.00024373050885481622,0.0,0.0
BC,M6,2032-01-01T00:00:00,M,80,43.34343008291398,51100.0,22500.0,0.0008482080251059488,80519.20003402015,2599.785991004924,0.0005382993132644259,0.0,0.0
BC,M6,2032-01-01T00:00:00,M,81,76.40100538942352,51100.0,21100.0,0.0014951273070337283,80519.20003402015,2599.785991004924,0.0009488545012511717,0.0,0.0
BC,M6,2032-01-01T00:00:00,M,82,21.805073834988434,51100.0,19900.0,0.00042671377367883433,80519.20003402015,2599.785991004924,0.0002708058925793547,0.0,0.0
BC,M6,2032-01-01T00:00:00,M,83,-61.12281214402174,51100.0,18100.0,-0.0011961411378477835,80519.20003402015,2599.785991004924,0.0,0.02351070909509565,0.0033769509471835214
BC,M6,2032-01-01T00:00:00,M,84,-106.17383922831505,51100.0,17100.0,-0.002077765934017907,80519.20003402015,2599.785991004924,0.0,0.040839453553357476,0.006208996446100295
BC,M6,2032-01-01T00:00:00,M,85,20.740513913240648,51100.0,15799.999999999998,0.00040588089849786005,80519.20003402015,2599.785991004924,0.0002575846991087539,0.0,0.0
BC,M6,2032-01-01T00:00:00,M,86,-19.827948408008524,51100.0,12100.0,-0.0003880224737379359,80519.20003402015,2599.785991004924,0.0,0.007626761770627207,0.0016386734221494647
BC,M6,2032-01-01T00:00:00,M,87,-53.44932976763266,51100.0,10300.0,-0.0010459751422237313,80519.20003402015,2599.785991004924,0.0,0.02055912677142025,0.0051892553172458895
BC,M6,2032-01-01T00:00:00,M,88,-38.003203223184755,51100.0,9300.0,-0.0007437026071073338,80519.20003402015,2599.785991004924,0.0,0.014617819833891387,0.004086365937976856
BC,M6,2032-01-01T00:00:00,M,89,-67.09838085080719,51100.0,7899.999999999999,-0.001313079860094074,80519.20003402015,2599.785991004924,0.0,0.02580919394248713,0.008493465930481923
BC,M6,2032-01-01T00:00:00,M,90,-35.432741277471905,51100.0,6399.999999999999,-0.0006934000249994502,80519.20003402015,2599.785991004924,0.0,0.01362909924127089,0.0055363658246049855
BC,M6,2032-01-01T00:00:00,M,91,-83.96867768346328,51100.0,5200.0,-0.0016432226552536846,80519.20003402015,2599.785991004924,0.0,0.03229830377346019,0.016147822631435247
BC,M6,2032-01-01T00:00:00,M,92,-43.81010668055842,51100.0,4200.0,-0.0008573406395412606,80519.20003402015,2599.785991004924,0.0,0.016851428091442255,0.010430977781085338
BC,M6,2032-01-01T00:00:00,M,93,-16.772259992565978,51100.0,3299.9999999999995,-0.0003282242659993342,80519.20003402015,2599.785991004924,0.0,0.006451400250096282,0.005082503028050297
BC,M6,2032-01-01T00:00:00,M,94,-84.79179917322153,51100.0,2500.0,-0.0016593307078908324,80519.20003402015,2599.785991004924,0.0,0.03261491502246538,0.033916719669288616
BC,M6,2032-01-01T00:00:00,M,95,-58.87605984084212,51100.0,1899.9999999999995,-0.0011521733824039553,80519.20003402015,2599.785991004924,0.0,0.022646502460029066,0.0309873999162327
BC,M6,2032-01-01T00:00:00,M,96,-119.94558836951774,51100.0,1400.0,-0.0023472717880531845,80519.20003402015,2599.785991004924,0.0,0.04613671616991591,0.08567542026394125
BC,M6,2032-01-01T00:00:00,M,97,-16.218215595229708,51100.0,1000.0000000000001,-0.00031738190988707843,80519.20003402015,2599.785991004924,0.0,0.006238288709664406,0.016218215595229707
BC,M6,2032-01-01T00:00:00,M,98,-62.68654874738354,51100.0,700.0,-0.0012267426369350987,80519.20003402015,2599.785991004924,0.0,0.024112195759295022,0.0895522124962622
BC,M6,2032-01-01T00:00:00,M,99,-20.12764457324181,51100.0,500.0,-0.00039388736933937006,80519.20003402015,2599.785991004924,0.0,0.007742039015088948,0.04025528914648362
BC,M6,2032-01-01T00:00:00,M,100,438.542840312552,51100.0,799.9999999999998,0.008582051669521565,80519.20003402015,2599.785991004924,0.0054464381182036505,0.0,0.0
BC,M6,2033-01-01T00:00:00,F,1,374.63432503757576,51700.0,25200.0,0.007246311896278061,78043.02478814557,3019.5248697846714,0.004800356291347657,0.0,0.0
BC,M6,2033-01-01T00:00:00,F,2,303.3011607414155,51700.0,25200.0,0.0058665601690796034,78043.02478814557,3019.5248697846714,0.0038863327192244575,0.0,0.0
BC,M6,2033-01-01T00:00:00,F,3,302.6409193890686,51700.0,25200.000000000004,0.00585378954330887,78043.02478814557,3019.5248697846714,0.0038778727530181345,0.0,0.0
BC,M6,2033-01-01T00:00:00,F,4,402.20076104421605,51700.0,25300.0,0.007779511819037061,78043.02478814557,3019.5248697846714,0.005153577300931431,0.0,0.0
BC,M6,2033-01-01T00:00:00,F,5,501.98068263879395,51700.0,25400.0,0.009709490960131411,78043.02478814557,3019.5248697846714,0.00643210183102799,0.0,0.0
BC,M6,2033-01-01T00:00:00,F,6,501.77474614829043,51700.0,25600.0,0.009705507662442756,78043.02478814557,3019.5248697846714,0.006429463075148621,0.0,0.0
BC,M6,2033-01-01T00:00:00,F,7,501.5590879325973,51700.0,25700.0,0.009701336323647917,78043.02478814557,3019.5248697846714,0.006426699750478946,0.0,0.0
BC,M6,2033-01-01T00:00:00,F,8,401.3469655606532,51700.0,25800.0,0.007762997399625787,78043.02478814557,3019.5248697846714,0.005142637239524527,0.0,0.0
BC,M6,2033-01-01T00:00:00,F,9,301.3522685746684,51700.0,25800.0,0.005828863995641555,78043.02478814557,3019.5248697846714,0.003861360696778665,0.0,0.0
BC,M6,2033-01-01T00:00:00,F,10,401.3522685746648,51700.0,25899.999999999996,0.007763099972430653,78043.02478814557,3019.5248697846714,0.005142705189402508,0.0,0.0
BC,M6,2033-01-01T00:00:00,F,11,301.35226857467205,51700.0,25800.0,0.005828863995641626,78043.02478814557,3019.5248697846714,0.0038613606967787114,0.0,0.0
BC,M6,2033-01-01T00:00:00,F,12,301.57764850322565,51700.0,25800.0,0.005833223375304171,78043.02478814557,3019.5248697846714,0.003864248590080713,0.0,0.0
BC,M6,2033-01-01T00:00:00,F,13,401.8313117625694,51700.0,26299.999999999996,0.007772365798115462,78043.02478814557,3019.5248697846714,0.005148843382908014,0.0,0.0
BC,M6,2033-01-01T00:00:00,F,14,602.1079554187927,51700.0,27099.999999999996,0.011646188692819975,78043.02478814557,3019.5248697846714,0.007715077126409003,0.0,0.0
BC,M6,2033-01-01T00:00:00,F,15,1102.9272841421007,51700.0,28700.000000000004,0.021333216327700206,78043.02478814557,3019.5248697846714,0.014132298013001041,0.0,0.0
BC,M6,2033-01-01T00:00:00,F,16,1904.3423401354194,51700.0,30800.0,0.036834474664128036,78043.02478814557,3019.5248697846714,0.02440118569603009,0.0,0.0
BC,M6,2033-01-01T00:00:00,F,17,1606.4910248911765,51700.0,32200.000000000004,0.031073327367334168,78043.02478814557,3019.5248697846714,0.020584684271940164,0.0,0.0
BC,M6,2033-01-01T00:00:00,F,18,2208.485059002196,51700.0,34200.0,0.042717312553233966,78043.02478814557,3019.5248697846714,0.02829830167394609,0.0,0.0
BC,M6,2033-01-01T00:00:00,F,19,4210.850344831088,51700.0,38300.0,0.08144778229847364,78043.02478814557,3019.5248697846714,0.05395549898612719,0.0,0.0
BC,M6,2033-01-01T00:00:00,F,20,2413.879435858871,51700.0,40700.0,0.0466901244846977,78043.02478814557,3019.5248697846714,0.030930111209958252,0.0,0.0
BC,M6,2033-01-01T00:00:00,F,21,716.0688605042742,51700.0,41099.99999999999,0.013850461518457915,78043.02478814557,3019.5248697846714,0.009175308907466158,0.0,0.0
BC,M6,2033-01-01T00:00:00,F,22,-182.81739620794542,51700.0,40300.0,-0.003536119849283277,78043.02478814557,3019.5248697846714,0.0,0.060545087088811594,0.004536411816574328
BC,M6,2033-01-01T00:00:00,F,23,118.25658015887166,51700.0,40600.0,0.002287361318353417,78043.02478814557,3019.5248697846714,0.001515274177031057,0.0,0.0
BC,M6,2033-01-01T00:00:00,F,24,418.9257227141861,51700.0,40800.0,0.00810301204476182,78043.02478814557,3019.5248697846714,0.005367881676183049,0.0,0.0
BC,M6,2033-01-01T00:00:00,F,25,719.0194144107954,51700.0,41300.0,0.013907532193632407,78043.02478814557,3019.5248697846714,0.009213115667449267,0.0,0.0
BC,M6,2033-01-01T00:00:00,F,26,418.8788768658851,51700.0,40700.0,0.00810210593551035,78043.02478814557,3019.5248697846714,0.005367281419485821,0.0,0.0
BC,M6,2033-01-01T00:00:00,F,27,718.9009959228715,51700.0,40300.0,0.013905241700635812,78043.02478814557,3019.5248697846714,0.009211598318676005,0.0,0.0
BC,M6,2033-01-01T00:00:00,F,28,719.2996504604453,51700.0,40400.00000000001,0.013912952620124666,78043.02478814557,3019.5248697846714,0.0092167064566378,0.0,0.0
BC,M6,2033-01-01T00:00:00,F,29,820.2030288789902,51700.0,40900.0,0.01586466206729188,78043.02478814557,3019.5248697846714,0.010509626338875267,0.0,0.0
BC,M6,2033-01-01T00:00:00,F,30,820.7033576139438,51700.0,40500.00000000001,0.015874339605685565,78043.02478814557,3019.5248697846714,0.010516037273565612,0.0,0.0
BC,M6,2033-01-01T00:00:00,F,31,821.7013451641251,51700.0,40400.0,0.01589364303992505,78043.02478814557,3019.5248697846714,0.010528824932076932,0.0,0.0
BC,M6,2033-01-01T00:00:00,F,32,624.6766442579683,51700.0,42900.0,0.01208272039183691,78043.02478814557,3019.5248697846714,0.008004259777907202,0.0,0.0
BC,M6,2033-01-01T00:00:00,F,33,627.1622896367626,51700.0,44500.00000000001,0.012130798639008948,78043.02478814557,3019.5248697846714,0.008036109458074541,0.0,0.0
BC,M6,2033-01-01T00:00:00,F,34,729.4340871850582,51700.0,45100.0,0.014108976541297063,78043.02478814557,3019.5248697846714,0.009346563503467081,0.0,0.0
BC,M6,2033-01-01T00:00:00,F,35,631.7501067102421,51700.0,45500.0,0.012219537847393465,78043.02478814557,3019.5248697846714,0.008094895199477231,0.0,0.0
BC,M6,2033-01-01T00:00:00,F,36,634.5285218571589,51700.0,45500.0,0.012273278952749688,78043.02478814557,3019.5248697846714,0.008130496268944477,0.0,0.0
BC,M6,2033-01-01T00:00:00,F,37,538.3871398105039,51700.0,46700.0,0.010413677752620965,78043.02478814557,3019.5248697846714,0.00689859396495717,0.0,0.0
BC,M6,2033-01-01T00:00:00,F,38,341.24609205204615,51700.0,46500.0,0.00660050468185776,78043.02478814557,3019.5248697846714,0.004372538006803141,0.0,0.0
BC,M6,2033-01-01T00:00:00,F,39,443.19453180150595,51700.0,46500.0,0.00857242808126704,78043.02478814557,3019.5248697846714,0.005678848724848828,0.0,0.0
BC,M6,2033-01-01T00:00:00,F,40,345.5266256649629,51700.0,46700.0,0.006683300302997348,78043.02478814557,3019.5248697846714,0.004427386388507164,0.0,0.0
BC,M6,2033-01-01T00:00:00,F,41,347.67571386553755,51700.0,47200.00000000001,0.006724868740145794,78043.02478814557,3019.5248697846714,0.004454923611806857,0.0,0.0
BC,M6,2033-01-01T00:00:00,F,42,349.3342288431013,51700.0,47200.00000000001,0.006756948333522269,78043.02478814557,3019.5248697846714,0.004476174902131213,0.0,0.0
BC,M6,2033-01-01T00:00:00,F,43,450.99275923650566,51700.0,47300.0,0.008723264201866648,78043.02478814557,3019.5248697846714,0.005778770882609482,0.0,0.0
BC,M6,2033-01-01T00:00:00,F,44,452.0476208897089,51700.0,46400.0,0.008743667715468258,78043.02478814557,3019.5248697846714,0.005792287294307604,0.0,0.0
BC,M6,2033-01-01T00:00:00,F,45,353.6585718135466,51700.0,45600.00000000001,0.006840591331016375,78043.02478814557,3019.5248697846714,0.004531584632625181,0.0,0.0
BC,M6,2033-01-01T00:00:00,F,46,355.2156869832834,51700.0,44600.00000000001,0.006870709612829466,78043.02478814557,3019.5248697846714,0.004551536642096415,0.0,0.0
BC,M6,2033-01-01T00:00:00,F,47,257.9573626842903,51700.0,44500.00000000001,0.0049895041138160595,78043.02478814557,3019.5248697846714,0.003305322460072985,0.0,0.0
BC,M6,2033-01-01T00:00:00,F,48,260.09457437321544,51700.0,43500.0,0.005030842831203393,78043.02478814557,3019.5248697846714,0.0033327075043447416,0.0,0.0
BC,M6,2033-01-01T00:00:00,F,49,263.0372279900839,51700.0,42900.0,0.005087760696133151,78043.02478814557,3019.5248697846714,0.0033704130344014835,0.0,0.0
BC,M6,2033-01-01T00:00:00,F,50,266.3018841753874,51700.0,42099.99999999999,0.005150906850587764,78043.02478814557,3019.5248697846714,0.003412244526634975,0.0,0.0
BC,M6,2033-01-01T00:00:00,F,51,270.2943478809684,51700.0,41400.0,0.005228130519941362,78043.02478814557,3019.5248697846714,0.0034634017404464447,0.0,0.0
BC,M6,2033-01-01T00:00:00,F,52,273.0007450576668,51700.0,39900.00000000001,0.005280478627807868,78043.02478814557,3019.5248697846714,0.0034980800116185978,0.0,0.0
BC,M6,2033-01-01T00:00:00,F,53,277.0334138934559,51700.0,39100.0,0.005358479959254466,78043.02478814557,3019.5248697846714,0.003549752391651741,0.0,0.0
BC,M6,2033-01-01T00:00:00,F,54,279.37429569462256,51700.0,37300.0,0.005403758137226742,78043.02478814557,3019.5248697846714,0.0035797471516898255,0.0,0.0
BC,M6,2033-01-01T00:00:00,F,55,283.3881798901057,51700.0,36200.0,0.005481396129402431,78043.02478814557,3019.5248697846714,0.003631178835768949,0.0,0.0
BC,M6,2033-01-01T00:00:00,F,56,189.63928044439672,51700.0,35800.0,0.003668071188479627,78043.02478814557,3019.5248697846714,0.0024299324758258497,0.0,0.0
BC,M6,2033-01-01T00:00:00,F,57,197.7617761526344,51700.0,36000.0,0.0038251794226815167,78043.02478814557,3019.5248697846714,0.002534009627246965,0.0,0.0
BC,M6,2033-01-01T00:00:00,F,58,204.54102875372337,51700.0,35500.00000000001,0.003956306165449195,78043.02478814557,3019.5248697846714,0.00262087520709208,0.0,0.0
BC,M6,2033-01-01T00:00:00,F,59,212.97984283876576,51700.0,35300.00000000001,0.004119532743496437,78043.02478814557,3019.5248697846714,0.00272900548661354,0.0,0.0
BC,M6,2033-01-01T00:00:00,F,60,223.605622359908,51700.0,35399.99999999999,0.004325060393808666,78043.02478814557,3019.5248697846714,0.002865158327306053,0.0,0.0
BC,M6,2033-01-01T00:00:00,F,61,236.0603197861783,51700.0,35800.0,0.00456596363222782,78043.02478814557,3019.5248697846714,0.0030247459068505366,0.0,0.0
BC,M6,2033-01-01T00:00:00,F,62,257.85789585649036,51700.0,38000.0,0.004987580190647782,78043.02478814557,3019.5248697846714,0.003304047947352983,0.0,0.0
BC,M6,2033-01-01T00:00:00,F,63,273.06897831413517,51700.0,38100.0,0.005281798420002614,78043.02478814557,3019.5248697846714,0.0034989543146924933,0.0,0.0
BC,M6,2033-01-01T00:00:00,F,64,288.5489182687015,51700.0,37900.0,0.005581216987789198,78043.02478814557,3019.5248697846714,0.0036973056727618143,0.0,0.0
BC,M6,2033-01-01T00:00:00,F,65,200.05525541948737,51700.0,36600.00000000001,0.0038695407237811868,78043.02478814557,3019.5248697846714,0.002563396997522256,0.0,0.0
BC,M6,2033-01-01T00:00:00,F,66,214.09602710266336,51700.0,35700.0,0.004141122381096003,78043.02478814557,3019.5248697846714,0.002743307652206526,0.0,0.0
BC,M6,2033-01-01T00:00:00,F,67,244.49766262101184,51700.0,37100.0,0.0047291617528242135,78043.02478814557,3019.5248697846714,0.0031328573345884726,0.0,0.0
BC,M6,2033-01-01T00:00:00,F,68,279.2910281308141,51700.0,38500.0,0.005402147546050563,78043.02478814557,3019.5248697846714,0.0035786802073468236,0.0,0.0
BC,M6,2033-01-01T00:00:00,F,69,223.12802101062698,51700.0,40300.00000000001,0.004315822456685241,78043.02478814557,3019.5248697846714,0.002859038608720343,0.0,0.0
BC,M6,2033-01-01T00:00:00,F,70,255.52652017696528,51700.0,40200.00000000001,0.004942485883500295,78043.02478814557,3019.5248697846714,0.0032741749934810157,0.0,0.0
BC,M6,2033-01-01T00:00:00,F,71,177.07055130520894,51700.0,38500.0,0.0034249623076442735,78043.02478814557,3019.5248697846714,0.002268883757208053,0.0,0.0
BC,M6,2033-01-01T00:00:00,F,72,216.11946706064919,51700.0,38400.00000000001,0.004180260484732093,78043.02478814557,3019.5248697846714,0.0027692348886697287,0.0,0.0
BC,M6,2033-01-01T00:00:00,F,73,154.9739768875952,51700.0,37800.00000000001,0.002997562415620797,78043.02478814557,3019.5248697846714,0.00198575051784942,0.0,0.0
BC,M6,2033-01-01T00:00:00,F,74,190.06900601521193,51700.0,36700.00000000001,0.0036763830950717973,78043.02478814557,3019.5248697846714,0.002435438740760887,0.0,0.0
BC,M6,2033-01-01T00:00:00,F,75,33.92908095980238,51700.0,35800.00000000001,0.0006562684905184212,78043.02478814557,3019.5248697846714,0.00043474841027632837,0.0,0.0
BC,M6,2033-01-01T00:00:00,F,76,70.94421038114524,51700.0,34400.0,0.0013722284406411072,78043.02478814557,3019.5248697846714,0.00090903973255431,0.0,0.0
BC,M6,2033-01-01T00:00:00,F,77,13.846871633737464,51700.0,33100.00000000001,0.0002678311727995641,78043.02478814557,3019.5248697846714,0.00017742612707959455,0.0,0.0
BC,M6,2033-01-01T00:00:00,F,78,-37.846593405822205,51700.0,31900.000000000007,-0.0007320424256445301,78043.02478814557,3019.5248697846714,0.0,0.012533956512343986,0.0011864135863894104
BC,M6,2033-01-01T00:00:00,F,79,-3.8546894065693778,51700.0,29999.999999999996,-7.45587892953458e-05,78043.02478814557,3019.5248697846714,0.0,0.0012765880636195137,0.00012848964688564593
BC,M6,2033-01-01T00:00:00,F,80,-74.90732922841926,51700.0,27800.0,-0.0014488845111879933,78043.02478814557,3019.5248697846714,0.0,0.024807654335948906,0.002694508245626592
BC,M6,2033-01-01T00:00:00,F,81,-42.03837859943815,51700.0,25900.000000000004,-0.0008131214429291711,78043.02478814557,3019.5248697846714,0.0,0.013922183261380453,0.0016231034208277274
BC,M6,2033-01-01T00:00:00,F,82,2.0331491056640516,51700.0,24399.999999999996,3.932590146352131e-05,78043.02478814557,3019.5248697846714,2.6051644092258185e-05,0.0,0.0
BC,M6,2033-01-01T00:00:00,F,83,-35.49333457954344,51700.0,23300.0,-0.0006865248467996797,78043.02478814557,3019.5248697846714,0.0,0.011754609122353262,0.0015233190806671006
BC,M6,2033-01-01T00:00:00,F,84,-8.448664885570906,51700.0,21300.0,-0.0001634171157750659,78043.02478814557,3019.5248697846714,0.0,0.0027980113593743636,0.00039665093359487824
BC,M6,2033-01-01T00:00:00,F,85,-46.26199416030431,51700.0,20100.000000000004,-0.0008948161346287101,78043.02478814557,3019.5248697846714,0.0,0.015320951525596592,0.002301591749268871
BC,M6,2033-01-01T00:00:00,F,86,-91.07258452562382,51700.0,18700.000000000004,-0.0017615586948863408,78043.02478814557,3019.5248697846714,0.0,0.030161230144833483,0.004870191685862235
BC,M6,2033-01-01T00:00:00,F,87,-114.2207588081601,51700.0,14400.0,-0.0022092990098290153,78043.02478814557,3019.5248697846714,0.0,0.03782739461798353,0.007931997139455563
BC,M6,2033-01-01T00:00:00,F,88,-128.6457284727967,51700.0,12400.0,-0.0024883119627233403,78043.02478814557,3019.5248697846714,0.0,0.04260462623113639,0.010374655521999733
BC,M6,2033-01-01T00:00:00,F,89,-101.92728175420598,51700.0,11200.0,-0.0019715141538531136,78043.02478814557,3019.5248697846714,0.0,0.033756066318299485,0.009100650156625534
BC,M6,2033-01-01T00:00:00,F,90,-23.720483817165587,51700.0,9600.000000000002,-0.0004588101318600694,78043.02478814557,3019.5248697846714,0.0,0.007855700760913801,0.0024708837309547482
BC,M6,2033-01-01T00:00:00,F,91,-66.16209620245809,51700.0,7900.000000000001,-0.0012797310677458045,78043.02478814557,3019.5248697846714,0.0,0.02191142615333923,0.0083749488863871
BC,M6,2033-01-01T00:00:00,F,92,-94.39855728425027,51700.0,6600.0,-0.0018258908565619008,78043.02478814557,3019.5248697846714,0.0,0.03126271892272311,0.01430281170973489
BC,M6,2033-01-01T00:00:00,F,93,-60.84812977015463,51700.0,5300.0,-0.001176946417217691,78043.02478814557,3019.5248697846714,0.0,0.02015155774308752,0.011480779201915968
BC,M6,2033-01-01T00:00:00,F,94,-119.69542893514608,51700.0,4200.0,-0.0023151920490357076,78043.02478814557,3019.5248697846714,0.0,0.03964048454539863,0.02849891165122526
BC,M6,2033-01-01T00:00:00,F,95,-76.61236105765283,51700.0,3400.000000000001,-0.0014818638502447357,78043.02478814557,3019.5248697846714,0.0,0.02537232325002053,0.022533047369897887
BC,M6,2033-01-01T00:00:00,F,96,-45.28074745528784,51700.0,2700.0,-0.0008758365078392232,78043.02478814557,3019.5248697846714,0.0,0.01499598427169666,0.01677064720566216
BC,M6,2033-01-01T00:00:00,F,97,-17.040566570717147,51700.0,2100.0,-0.00032960476925951925,78043.02478814557,3019.5248697846714,0.0,0.005643459585723613,0.008114555509865309
BC,M6,2033-01-01T00:00:00,F,98,-11.525977320357697,51700.0,1500.0000000000002,-0.0002229396000069187,78043.02478814557,3019.5248697846714,0.0,0.003817149325608846,0.007683984880238463
BC,M6,2033-01-01T00:00:00,F,99,13.765267900256276,51700.0,1100.0,0.0002662527640281678,78043.02478814557,3019.5248697846714,0.00017638050213485788,0.0,0.0
BC,M6,2033-01-01T00:00:00,F,100,1369.0602284774486,51700.0,2200.0,0.026480855483122796,78043.02478814557,3019.5248697846714,0.017542377838299823,0.0,0.0
BC,M6,2033-01-01T00:00:00,M,1,479.1694037823436,51700.0,26600.0,0.009268266997724248,78043.02478814557,3019.5248697846714,0.006139810765703786,0.0,0.0
BC,M6,2033-01-01T00:00:00,M,2,405.1173832327331,51700.0,26700.0,0.007835926174714373,78043.02478814557,3019.5248697846714,0.005190949278714641,0.0,0.0
BC,M6,2033-01-01T00:00:00,M,3,403.5734160501961,51700.0,26799.999999999996,0.0078060622059999245,78043.02478814557,3019.5248697846714,0.005171165740253282,0.0,0.0
BC,M6,2033-01-01T00:00:00,M,4,502.4567046123011,51700.0,26900.0,0.009718698348400409,78043.02478814557,3019.5248697846714,0.006438201312369204,0.0,0.0
BC,M6,2033-01-01T00:00:00,M,5,502.0176385842824,51700.0,27000.0,0.009710205775324611,78043.02478814557,3019.5248697846714,0.0064325753640002035,0.0,0.0
BC,M6,2033-01-01T00:00:00,M,6,501.5811131640148,51700.0,27200.0,0.009701762343597965,78043.02478814557,3019.5248697846714,0.006426981969568701,0.0,0.0
BC,M6,2033-01-01T00:00:00,M,7,501.36031356409876,51700.0,27300.0,0.009697491558299782,78043.02478814557,3019.5248697846714,0.006424152766055441,0.0,0.0
BC,M6,2033-01-01T00:00:00,M,8,401.3704651578555,51700.0,27400.0,0.007763451937289275,78043.02478814557,3019.5248697846714,0.005142938350319068,0.0,0.0
BC,M6,2033-01-01T00:00:00,M,9,401.37046515785914,51700.0,27400.0,0.007763451937289345,78043.02478814557,3019.5248697846714,0.0051429383503191145,0.0,0.0
BC,M6,2033-01-01T00:00:00,M,10,501.3704651578628,51700.0,27500.000000000004,0.009697687914078584,78043.02478814557,3019.5248697846714,0.00642428284294305,0.0,0.0
BC,M6,2033-01-01T00:00:00,M,11,401.3755409547375,51700.0,27500.0,0.007763550115178676,78043.02478814557,3019.5248697846714,0.005143003388762872,0.0,0.0
BC,M6,2033-01-01T00:00:00,M,12,301.8408280068288,51700.0,27500.0,0.005838313887946399,78043.02478814557,3019.5248697846714,0.003867620826155847,0.0,0.0
BC,M6,2033-01-01T00:00:00,M,13,402.1242308113797,51700.0,28300.000000000004,0.007778031543740419,78043.02478814557,3019.5248697846714,0.00515259668500779,0.0,0.0
BC,M6,2033-01-01T00:00:00,M,14,602.872927587905,51700.0,28900.000000000004,0.01166098505972737,78043.02478814557,3019.5248697846714,0.007724879055168029,0.0,0.0
BC,M6,2033-01-01T00:00:00,M,15,1003.9524147221855,51700.0,30199.999999999996,0.019418808795400106,78043.02478814557,3019.5248697846714,0.012864088974607273,0.0,0.0
BC,M6,2033-01-01T00:00:00,M,16,1606.2332514038899,51700.0,32300.0,0.031068341419804447,78043.02478814557,3019.5248697846714,0.020581381305557374,0.0,0.0
BC,M6,2033-01-01T00:00:00,M,17,1409.2620368662392,51700.0,33600.0,0.02725845332429863,78043.02478814557,3019.5248697846714,0.0180575014960248,0.0,0.0
BC,M6,2033-01-01T00:00:00,M,18,2112.9440596842032,51700.0,36100.0,0.040869324171841456,78043.02478814557,3019.5248697846714,0.027074092340987163,0.0,0.0
BC,M6,2033-01-01T00:00:00,M,19,4517.1194699204425,51700.0,40000.0,0.08737174990174937,78043.02478814557,3019.5248697846714,0.05787986155306701,0.0,0.0
BC,M6,2033-01-01T00:00:00,M,20,2923.234177134793,51700.0,42700.0,0.05654224713993797,78043.02478814557,3019.5248697846714,0.03745670013521594,0.0,0.0
BC,M6,2033-01-01T00:00:00,M,21,1028.7830936926475,51700.0,43000.00000000001,0.019899092721327807,78043.02478814557,3019.5248697846714,0.013182255512076406,0.0,0.0
BC,M6,2033-01-01T00:00:00,M,22,133.28392287786846,51700.0,42400.0,0.002578025587579661,78043.02478814557,3019.5248697846714,0.0017078262053486395,0.0,0.0
BC,M6,2033-01-01T00:00:00,M,23,-162.51465695992374,51700.0,42400.0,-0.003143416962474347,78043.02478814557,3019.5248697846714,0.0,0.05382126790414977,0.00383289285282839
BC,M6,2033-01-01T00:00:00,M,24,-59.65260801871045,51700.0,42100.0,-0.001153822205390918,78043.02478814557,3019.5248697846714,0.0,0.019755627322574233,0.0014169265562639062
BC,M6,2033-01-01T00:00:00,M,25,141.7853116757833,51700.0,41600.0,0.002742462508235654,78043.02478814557,3019.5248697846714,0.0018167582825072655,0.0,0.0
BC,M6,2033-01-01T00:00:00,M,26,342.9406534577065,51700.0,40900.0,0.006633281498214826,78043.02478814557,3019.5248697846714,0.0043942511760487,0.0,0.0
BC,M6,2033-01-01T00:00:00,M,27,644.4523054287565,51700.0,40400.0,0.012465228344850223,78043.02478814557,3019.5248697846714,0.008257654123199057,0.0,0.0
BC,M6,2033-01-01T00:00:00,M,28,546.6925161177132,51700.0,40200.0,0.010574323329162732,78043.02478814557,3019.5248697846714,0.007005014446861287,0.0,0.0
BC,M6,2033-01-01T00:00:00,M,29,650.0921531095446,51700.0,40600.0,0.012574316307728135,78043.02478814557,3019.5248697846714,0.00832992000084921,0.0,0.0
BC,M6,2033-01-01T00:00:00,M,30,653.0765001497275,51700.0,40299.99999999999,0.012632040621851595,78043.02478814557,3019.5248697846714,0.00836815976728938,0.0,0.0
BC,M6,2033-01-01T00:00:00,M,31,656.5332803102865,51700.0,39899.99999999999,0.012698902907355638,78043.02478814557,3019.5248697846714,0.008412453029498817,0.0,0.0
BC,M6,2033-01-01T00:00:00,M,32,564.2211661231122,51700.0,42199.99999999999,0.010913368783812615,78043.02478814557,3019.5248697846714,0.007229616838336783,0.0,0.0
BC,M6,2033-01-01T00:00:00,M,33,471.6968267522316,51700.0,44300.0,0.009123729724414538,78043.02478814557,3019.5248697846714,0.006044061311471368,0.0,0.0
BC,M6,2033-01-01T00:00:00,M,34,577.3381266314755,51700.0,45300.0,0.011167081753026605,78043.02478814557,3019.5248697846714,0.0073976902894103466,0.0,0.0
BC,M6,2033-01-01T00:00:00,M,35,581.4483956194454,51700.0,45900.0,0.011246584054534726,78043.02478814557,3019.5248697846714,0.007450356994719727,0.0,0.0
BC,M6,2033-01-01T00:00:00,M,36,585.8065835417219,51700.0,46800.0,0.01133088169326348,78043.02478814557,3019.5248697846714,0.007506200395640017,0.0,0.0
BC,M6,2033-01-01T00:00:00,M,37,389.49111024478043,51700.0,47300.0,0.007533677180750105,78043.02478814557,3019.5248697846714,0.004990722890381135,0.0,0.0
BC,M6,2033-01-01T00:00:00,M,38,293.46287508279784,51700.0,47600.0,0.0056762645083713315,78043.02478814557,3019.5248697846714,0.003760270387769154,0.0,0.0
BC,M6,2033-01-01T00:00:00,M,39,196.8695770938357,51700.0,47400.0,0.0038079221875016575,78043.02478814557,3019.5248697846714,0.0025225774837438052,0.0,0.0
BC,M6,2033-01-01T00:00:00,M,40,400.23421378594503,51700.0,47300.0,0.0077414741544670216,78043.02478814557,3019.5248697846714,0.005128379055942729,0.0,0.0
BC,M6,2033-01-01T00:00:00,M,41,304.8338672646787,51700.0,47299.99999999999,0.005896206330071155,78043.02478814557,3019.5248697846714,0.0039059719698483772,0.0,0.0
BC,M6,2033-01-01T00:00:00,M,42,409.784389689783,51700.0,47299.99999999999,0.007926197092645706,78043.02478814557,3019.5248697846714,0.005250749708922451,0.0,0.0
BC,M6,2033-01-01T00:00:00,M,43,415.3556518788173,51700.0,47300.0,0.00803395845026726,78043.02478814557,3019.5248697846714,0.0053221367701512794,0.0,0.0
BC,M6,2033-01-01T00:00:00,M,44,419.0018810146721,51700.0,46400.0,0.008104485126009132,78043.02478814557,3019.5248697846714,0.005368857526372003,0.0,0.0
BC,M6,2033-01-01T00:00:00,M,45,321.0655564850822,51700.0,44899.99999999999,0.006210165502612808,78043.02478814557,3019.5248697846714,0.004113955825733843,0.0,0.0
BC,M6,2033-01-01T00:00:00,M,46,325.789088516176,51700.0,44300.0,0.006301529758533385,78043.02478814557,3019.5248697846714,0.004174480543271589,0.0,0.0
BC,M6,2033-01-01T00:00:00,M,47,232.81194918406982,51700.0,44300.0,0.004503132479382395,78043.02478814557,3019.5248697846714,0.0029831230890404064,0.0,0.0
BC,M6,2033-01-01T00:00:00,M,48,237.07515471997613,51700.0,43400.0,0.0045855929346223625,78043.02478814557,3019.5248697846714,0.0030377494383839786,0.0,0.0
BC,M6,2033-01-01T00:00:00,M,49,241.09864722408383,51700.0,42300.0,0.004663416774160229,78043.02478814557,3019.5248697846714,0.0030893042379964977,0.0,0.0
BC,M6,2033-01-01T00:00:00,M,50,144.7264609233971,51700.0,41000.0,0.0027993512751140637,78043.02478814557,3019.5248697846714,0.0018544445364114138,0.0,0.0
BC,M6,2033-01-01T00:00:00,M,51,148.95517022191052,51700.0,39900.0,0.002881144491719739,78043.02478814557,3019.5248697846714,0.0019086288701169898,0.0,0.0
BC,M6,2033-01-01T00:00:00,M,52,252.20857256199088,51700.0,38599.99999999999,0.004878308947040442,78043.02478814557,3019.5248697846714,0.0032316606544483956,0.0,0.0
BC,M6,2033-01-01T00:00:00,M,53,155.47456747599063,51700.0,37100.0,0.0030072450188779617,78043.02478814557,3019.5248697846714,0.0019921648077844186,0.0,0.0
BC,M6,2033-01-01T00:00:00,M,54,156.90411844041955,51700.0,35300.0,0.0030348959079384828,78043.02478814557,3019.5248697846714,0.00201048228033638,0.0,0.0
BC,M6,2033-01-01T00:00:00,M,55,260.9214081059399,51700.0,34100.0,0.0050468357467299794,78043.02478814557,3019.5248697846714,0.0033433020928421635,0.0,0.0
BC,M6,2033-01-01T00:00:00,M,56,169.78294834852568,51700.0,33700.0,0.0032840028694105547,78043.02478814557,3019.5248697846714,0.002175504458078296,0.0,0.0
BC,M6,2033-01-01T00:00:00,M,57,177.70128633728018,51700.0,33100.0,0.003437162211552808,78043.02478814557,3019.5248697846714,0.002276965645804547,0.0,0.0
BC,M6,2033-01-01T00:00:00,M,58,188.61954044039157,51700.0,32900.0,0.003648347010452448,78043.02478814557,3019.5248697846714,0.002416866093445447,0.0,0.0
BC,M6,2033-01-01T00:00:00,M,59,298.66308207267866,51700.0,32499.999999999996,0.005776848782837111,78043.02478814557,3019.5248697846714,0.003826902953639034,0.0,0.0
BC,M6,2033-01-01T00:00:00,M,60,212.9487778245566,51700.0,32400.0,0.004118931872815408,78043.02478814557,3019.5248697846714,0.002728607436764838,0.0,0.0
BC,M6,2033-01-01T00:00:00,M,61,231.85963870838168,51700.0,32900.0,0.004484712547550903,78043.02478814557,3019.5248697846714,0.002970920711207496,0.0,0.0
BC,M6,2033-01-01T00:00:00,M,62,162.03607224884036,51700.0,34500.0,0.00313416000481316,78043.02478814557,3019.5248697846714,0.002076240287824582,0.0,0.0
BC,M6,2033-01-01T00:00:00,M,63,281.9968070637915,51700.0,34600.0,0.005454483695624594,78043.02478814557,3019.5248697846714,0.003613350556687107,0.0,0.0
BC,M6,2033-01-01T00:00:00,M,64,198.45665999271296,51700.0,33899.99999999999,0.00383862011591321,78043.02478814557,3019.5248697846714,0.002542913483061945,0.0,0.0
BC,M6,2033-01-01T00:00:00,M,65,213.59371360652585,51700.0,33000.0,0.004131406452737444,78043.02478814557,3019.5248697846714,0.0027368712858880616,0.0,0.0
BC,M6,2033-01-01T00:00:00,M,66,233.76623725009267,51700.0,32499.999999999996,0.004521590662477614,78043.02478814557,3019.5248697846714,0.002995350806618157,0.0,0.0
BC,M6,2033-01-01T00:00:00,M,67,174.75664470780612,51700.0,33600.0,0.00338020589376801,78043.02478814557,3019.5248697846714,0.002239234642457771,0.0,0.0
BC,M6,2033-01-01T00:00:00,M,68,224.37479139168136,51700.0,35099.99999999999,0.004339937937943547,78043.02478814557,3019.5248697846714,0.0028750140323336496,0.0,0.0
BC,M6,2033-01-01T00:00:00,M,69,275.0286224910524,51700.0,36199.99999999999,0.0053197025626896014,78043.02478814557,3019.5248697846714,0.0035240641074284467,0.0,0.0
BC,M6,2033-01-01T00:00:00,M,70,122.17178591604898,51700.0,36400.0,0.0023630906366740615,78043.02478814557,3019.5248697846714,0.0015654414503755419,0.0,0.0
BC,M6,2033-01-01T00:00:00,M,71,142.23304775258293,51700.0,34700.0,0.0027511227805141767,78043.02478814557,3019.5248697846714,0.001822495324068828,0.0,0.0
BC,M6,2033-01-01T00:00:00,M,72,184.77439542783395,51700.0,34300.0,0.0035739728322598443,78043.02478814557,3019.5248697846714,0.0023675965395936376,0.0,0.0
BC,M6,2033-01-01T00:00:00,M,73,121.98191279378807,51700.0,33299.99999999999,0.0023594180424330383,78043.02478814557,3019.5248697846714,0.0015630085215804787,0.0,0.0
BC,M6,2033-01-01T00:00:00,M,74,54.263925066967204,51700.0,31900.0,0.0010495923610631954,78043.02478814557,3019.5248697846714,0.0006953078153271384,0.0,0.0
BC,M6,2033-01-01T00:00:00,M,75,103.64315296069253,51700.0,31299.999999999996,0.002004703152044343,78043.02478814557,3019.5248697846714,0.0013280258324435872,0.0,0.0
BC,M6,2033-01-01T00:00:00,M,76,30.811522277781478,51700.0,29500.0,0.0005959675488932587,78043.02478814557,3019.5248697846714,0.00039480174379993567,0.0,0.0
BC,M6,2033-01-01T00:00:00,M,77,76.4191500589186,51700.0,28499.999999999996,0.0014781266935961046,78043.02478814557,3019.5248697846714,0.000979192570589939,0.0,0.0
BC,M6,2033-01-01T00:00:00,M,78,110.6278951164968,51700.0,26999.999999999996,0.0021398045477078686,78043.02478814557,3019.5248697846714,0.0014175244413809642,0.0,0.0
BC,M6,2033-01-01T00:00:00,M,79,29.04760721117782,51700.0,24900.0,0.0005618492690750062,78043.02478814557,3019.5248697846714,0.0003721999152394467,0.0,0.0
BC,M6,2033-01-01T00:00:00,M,80,61.90551460517963,51700.0,23400.0,0.0011973987351098574,78043.02478814557,3019.5248697846714,0.0007932229020239466,0.0,0.0
BC,M6,2033-01-01T00:00:00,M,81,-13.937040366159636,51700.0,21599.999999999996,-0.0002695752488618885,78043.02478814557,3019.5248697846714,0.0,0.004615640197443883,0.0006452333502851684
BC,M6,2033-01-01T00:00:00,M,82,-79.73581053760427,51700.0,20100.0,-0.0015422787338027905,78043.02478814557,3019.5248697846714,0.0,0.026406740787430702,0.003966955748139516
BC,M6,2033-01-01T00:00:00,M,83,-37.240772712943,51700.0,18900.0,-0.000720324423848027,78043.02478814557,3019.5248697846714,0.0,0.012333322068514282,0.0019704112546530686
BC,M6,2033-01-01T00:00:00,M,84,-27.14950546266482,51700.0,17100.0,-0.0005251355021792035,78043.02478814557,3019.5248697846714,0.0,0.008991317055984674,0.0015876903779336153
BC,M6,2033-01-01T00:00:00,M,85,22.763081928369502,51700.0,16099.999999999998,0.00044029172008451647,78043.02478814557,3019.5248697846714,0.0002916734966406264,0.0,0.0
BC,M6,2033-01-01T00:00:00,M,86,-146.8159427829196,51700.0,14599.999999999998,-0.002839766784969431,78043.02478814557,3019.5248697846714,0.0,0.04862220021833744,0.010055886491980795
BC,M6,2033-01-01T00:00:00,M,87,-99.46601201221165,51700.0,11099.999999999998,-0.0019239073890176335,78043.02478814557,3019.5248697846714,0.0,0.03294094809668012,0.008960901983082132
BC,M6,2033-01-01T00:00:00,M,88,-42.79066395739392,51700.0,9400.0,-0.0008276724169708689,78043.02478814557,3019.5248697846714,0.0,0.014171323570004378,0.004552198293339778
BC,M6,2033-01-01T00:00:00,M,89,-133.01552047104997,51700.0,8300.0,-0.0025728340516644093,78043.02478814557,3019.5248697846714,0.0,0.044051804905496796,0.01602596632181325
BC,M6,2033-01-01T00:00:00,M,90,-73.56076653302898,51700.0,6999.999999999999,-0.0014228388110837328,78043.02478814557,3019.5248697846714,0.0,0.024361702488072155,0.010508680933289856
BC,M6,2033-01-01T00:00:00,M,91,-147.41373369374196,51700.0,5499.999999999999,-0.002851329471832533,78043.02478814557,3019.5248697846714,0.0,0.04882017537555647,0.026802497035225817
BC,M6,2033-01-01T00:00:00,M,92,-113.6627121413776,51700.0,4400.0,-0.0021985050704328357,78043.02478814557,3019.5248697846714,0.0,0.037642581877288236,0.025832434577585817
BC,M6,2033-01-01T00:00:00,M,93,-80.79205773737431,51700.0,3500.0,-0.0015627090471445708,78043.02478814557,3019.5248697846714,0.0,0.026756546550032474,0.023083445067821232
BC,M6,2033-01-01T00:00:00,M,94,-159.15981420564412,51700.0,2599.9999999999995,-0.003078526386956366,78043.02478814557,3019.5248697846714,0.0,0.05271021802082198,0.061215313156016984
BC,M6,2033-01-01T00:00:00,M,95,-46.73671113879777,51700.0,1999.9999999999995,-0.0009039982812146571,78043.02478814557,3019.5248697846714,0.0,0.01547816731250525,0.023368355569398893
BC,M6,2033-01-01T00:00:00,M,96,-125.00609189459146,51700.0,1399.9999999999998,-0.0024179128026033166,78043.02478814557,3019.5248697846714,0.0,0.04139925891834297,0.08929006563899392
BC,M6,2033-01-01T00:00:00,M,97,1.633577349053894,51700.0,1100.0,3.159724079407919e-05,78043.02478814557,3019.5248697846714,2.09317533948534e-05,0.0,0.0
BC,M6,2033-01-01T00:00:00,M,98,-65.70102285944392,51700.0,700.0,-0.00127081282126584,78043.02478814557,3019.5248697846714,0.0,0.021758728837404543,0.09385860408491989
BC,M6,2033-01-01T00:00:00,M,99,-22.354343851500403,51700.0,500.0,-0.0004323857611508782,78043.02478814557,3019.5248697846714,0.0,0.007403265353166154,0.04470868770300081
BC,M6,2033-01-01T00:00:00,M,100,436.8736655704894,51700.0,799.9999999999998,0.008450167612581999,78043.02478814557,3019.5248697846714,0.005597856653511574,0.0,0.0
BC,M6,2034-01-01T00:00:00,F,1,374.6092423492737,52400.0,25499.999999999996,0.007149031342543391,78318.02023735014,3280.0783143005474,0.004783180693459629,0.0,0.0
BC,M6,2034-01-01T00:00:00,F,2,303.2999352756815,52400.0,25500.000000000004,0.00578816670373438,78318.02023735014,3280.0783143005474,0.003872671121620573,0.0,0.0
BC,M6,2034-01-01T00:00:00,F,3,302.6399381607698,52400.0,25500.0,0.005775571338945989,78318.02023735014,3280.0783143005474,0.0038642439791454247,0.0,0.0
BC,M6,2034-01-01T00:00:00,F,4,402.19994287857844,52400.0,25600.0,0.007675571428980505,78318.02023735014,3280.0783143005474,0.005135471270336937,0.0,0.0
BC,M6,2034-01-01T00:00:00,F,5,501.9878030046784,52400.0,25800.0,0.009579919904669436,78318.02023735014,3280.0783143005474,0.006409607922715067,0.0,0.0
BC,M6,2034-01-01T00:00:00,F,6,501.77391768771486,52400.0,25900.0,0.009575838123811352,78318.02023735014,3280.0783143005474,0.006406876937990027,0.0,0.0
BC,M6,2034-01-01T00:00:00,F,7,501.5643978634944,52400.0,26099.999999999996,0.00957183965388348,78318.02023735014,3280.0783143005474,0.006404201693856104,0.0,0.0
BC,M6,2034-01-01T00:00:00,F,8,501.34614868384233,52400.0,26200.000000000004,0.009567674593203098,78318.02023735014,3280.0783143005474,0.006401414989353225,0.0,0.0
BC,M6,2034-01-01T00:00:00,F,9,401.35138661646124,52400.0,26200.0,0.007659377607184375,78318.02023735014,3280.0783143005474,0.005124636519157763,0.0,0.0
BC,M6,2034-01-01T00:00:00,F,10,401.35138661646124,52400.0,26200.0,0.007659377607184375,78318.02023735014,3280.0783143005474,0.005124636519157763,0.0,0.0
BC,M6,2034-01-01T00:00:00,F,11,301.3566245490838,52400.0,26200.0,0.005751080621165721,78318.02023735014,3280.0783143005474,0.003847858048962348,0.0,0.0
BC,M6,2034-01-01T00:00:00,F,12,401.5766197218072,52400.0,26200.0,0.0076636759488894505,78318.02023735014,3280.0783143005474,0.005127512397591147,0.0,0.0
BC,M6,2034-01-01T00:00:00,F,13,401.8018533993345,52400.0,26200.0,0.007667974301514017,78318.02023735014,3280.0783143005474,0.005130388283330403,0.0,0.0
BC,M6,2034-01-01T00:00:00,F,14,602.0663722934078,52400.0,26900.000000000004,0.011489816265141369,78318.02023735014,3280.0783143005474,0.007687456481519693,0.0,0.0
BC,M6,2034-01-01T00:00:00,F,15,1102.8389811173438,52400.0,28200.000000000004,0.021046545441170683,78318.02023735014,3280.0783143005474,0.01408154825383847,0.0,0.0
BC,M6,2034-01-01T00:00:00,F,16,1904.2593717226591,52400.0,30600.000000000004,0.0363408277046309,78318.02023735014,3280.0783143005474,0.024314447249197842,0.0,0.0
BC,M6,2034-01-01T00:00:00,F,17,1606.4532805341187,52400.0,32400.000000000004,0.030657505353704553,78318.02023735014,3280.0783143005474,0.02051192402036735,0.0,0.0
BC,M6,2034-01-01T00:00:00,F,18,2208.4333286073233,52400.0,34400.0,0.042145674210063426,78318.02023735014,3280.0783143005474,0.02819827827509503,0.0,0.0
BC,M6,2034-01-01T00:00:00,F,19,4210.748647324464,52400.0,38400.0,0.0803577986130623,78318.02023735014,3280.0783143005474,0.05376474832437533,0.0,0.0
BC,M6,2034-01-01T00:00:00,F,20,2413.7091521226394,52400.0,40700.0,0.046063151758065635,78318.02023735014,3280.0783143005474,0.030819333083339777,0.0,0.0
BC,M6,2034-01-01T00:00:00,F,21,715.98958140998,52400.0,41400.0,0.013663923309350763,78318.02023735014,3280.0783143005474,0.009142079680258848,0.0,0.0
BC,M6,2034-01-01T00:00:00,F,22,-182.77675871502288,52400.0,40899.99999999999,-0.003488106082347765,78318.02023735014,3280.0783143005474,0.0,0.05572329109282218,0.004468869406235279
BC,M6,2034-01-01T00:00:00,F,23,117.94356382332626,52400.0,40400.0,0.0022508313706741654,78318.02023735014,3280.0783143005474,0.0015059569108857346,0.0,0.0
BC,M6,2034-01-01T00:00:00,F,24,418.78609386819153,52400.0,41000.0,0.007992101028018922,78318.02023735014,3280.0783143005474,0.00534725076807382,0.0,0.0
BC,M6,2034-01-01T00:00:00,F,25,618.878636202513,52400.0,41400.0,0.011810660996231164,78318.02023735014,3280.0783143005474,0.007902123091555979,0.0,0.0
BC,M6,2034-01-01T00:00:00,F,26,419.1099920383276,52400.0,41700.0,0.00799828229080778,78318.02023735014,3280.0783143005474,0.00535138644679954,0.0,0.0
BC,M6,2034-01-01T00:00:00,F,27,719.1877170510052,52400.0,41400.0,0.01372495643227109,78318.02023735014,3280.0783143005474,0.009182914926493788,0.0,0.0
BC,M6,2034-01-01T00:00:00,F,28,719.3510004857089,52400.0,41000.0,0.013728072528353223,78318.02023735014,3280.0783143005474,0.009184999803437932,0.0,0.0
BC,M6,2034-01-01T00:00:00,F,29,820.104487763936,52400.0,41200.0,0.01565084900312855,78318.02023735014,3280.0783143005474,0.01047146602121111,0.0,0.0
BC,M6,2034-01-01T00:00:00,F,30,821.0675102812529,52400.0,41700.0,0.015669227295443757,78318.02023735014,3280.0783143005474,0.010483762329447687,0.0,0.0
BC,M6,2034-01-01T00:00:00,F,31,721.9223073687244,52400.0,41200.00000000001,0.013777143270395505,78318.02023735014,3280.0783143005474,0.009217831415820662,0.0,0.0
BC,M6,2034-01-01T00:00:00,F,32,623.2791467061688,52400.0,41000.00000000001,0.011894640204316199,78318.02023735014,3280.0783143005474,0.007958310805319934,0.0,0.0
BC,M6,2034-01-01T00:00:00,F,33,526.2179840868484,52400.0,43400.00000000001,0.010042327940588711,78318.02023735014,3280.0783143005474,0.006718989863279169,0.0,0.0
BC,M6,2034-01-01T00:00:00,F,34,629.1385540000047,52400.0,45099.99999999999,0.012006460954198562,78318.02023735014,3280.0783143005474,0.008033126374917815,0.0,0.0
BC,M6,2034-01-01T00:00:00,F,35,631.5003956798537,52400.0,45700.00000000001,0.012051534268699498,78318.02023735014,3280.0783143005474,0.008063283440593011,0.0,0.0
BC,M6,2034-01-01T00:00:00,F,36,634.5608162721037,52400.0,46099.99999999999,0.01210993924183404,78318.02023735014,3280.0783143005474,0.008102360278630734,0.0,0.0
BC,M6,2034-01-01T00:00:00,F,37,537.3419036573032,52400.0,46000.0,0.010254616482009603,78318.02023735014,3280.0783143005474,0.006861025113107277,0.0,0.0
BC,M6,2034-01-01T00:00:00,F,38,441.1812305827625,52400.0,47100.0,0.008419489133258826,78318.02023735014,3280.0783143005474,0.005633202029950722,0.0,0.0
BC,M6,2034-01-01T00:00:00,F,39,443.0350827559596,52400.0,46900.0,0.008454867991525946,78318.02023735014,3280.0783143005474,0.0056568728552292315,0.0,0.0
BC,M6,2034-01-01T00:00:00,F,40,445.0653257333761,52400.0,46899.99999999999,0.008493613086514811,78318.02023735014,3280.0783143005474,0.005682795918290116,0.0,0.0
BC,M6,2034-01-01T00:00:00,F,41,446.8903539053499,52400.0,47100.0,0.008528441868422708,78318.02023735014,3280.0783143005474,0.00570609870564918,0.0,0.0
BC,M6,2034-01-01T00:00:00,F,42,449.0410721803928,52400.0,47600.0,0.00856948611031284,78318.02023735014,3280.0783143005474,0.005733560051946302,0.0,0.0
BC,M6,2034-01-01T00:00:00,F,43,450.6897691606355,52400.0,47600.0,0.008600949793141898,78318.02023735014,3280.0783143005474,0.0057546113626822755,0.0,0.0
BC,M6,2034-01-01T00:00:00,F,44,352.8624238300981,52400.0,47600.0,0.006734015721948437,78318.02023735014,3280.0783143005474,0.004505507452317044,0.0,0.0
BC,M6,2034-01-01T00:00:00,F,45,254.28777611439,52400.0,46600.0,0.004852820154854771,78318.02023735014,3280.0783143005474,0.003246861646192625,0.0,0.0
BC,M6,2034-01-01T00:00:00,F,46,256.1393124904571,52400.0,45800.0,0.004888154818520173,78318.02023735014,3280.0783143005474,0.0032705029023231535,0.0,0.0
BC,M6,2034-01-01T00:00:00,F,47,257.63463812487316,52400.0,44800.0,0.0049166915672685715,78318.02023735014,3280.0783143005474,0.0032895958981609486,0.0,0.0
BC,M6,2034-01-01T00:00:00,F,48,261.0030607319932,52400.0,44700.00000000001,0.004980974441450251,78318.02023735014,3280.0783143005474,0.003332605445604968,0.0,0.0
BC,M6,2034-01-01T00:00:00,F,49,263.43124093105143,52400.0,43700.0,0.005027313758226172,78318.02023735014,3280.0783143005474,0.0033636095515782736,0.0,0.0
BC,M6,2034-01-01T00:00:00,F,50,167.05241493465292,52400.0,43000.00000000001,0.003188023185775819,78318.02023735014,3280.0783143005474,0.002133000992982009,0.0,0.0
BC,M6,2034-01-01T00:00:00,F,51,170.9498089262197,52400.0,42200.0,0.0032624009337064827,78318.02023735014,3280.0783143005474,0.002182764686953784,0.0,0.0
BC,M6,2034-01-01T00:00:00,F,52,275.1941021482926,52400.0,41600.00000000001,0.005251795842524667,78318.02023735014,3280.0783143005474,0.003513803098115746,0.0,0.0
BC,M6,2034-01-01T00:00:00,F,53,278.04585531914927,52400.0,40100.00000000001,0.005306218612960864,78318.02023735014,3280.0783143005474,0.0035502155758854108,0.0,0.0
BC,M6,2034-01-01T00:00:00,F,54,282.62871257919323,52400.0,39300.0,0.00539367772097697,78318.02023735014,3280.0783143005474,0.0036087315757300847,0.0,0.0
BC,M6,2034-01-01T00:00:00,F,55,285.34145089949016,52400.0,37499.99999999999,0.005445447536249812,78318.02023735014,3280.0783143005474,0.0036433690488438804,0.0,0.0
BC,M6,2034-01-01T00:00:00,F,56,289.7819326135286,52400.0,36400.00000000001,0.005530189553693294,78318.02023735014,3280.0783143005474,0.0037000671331491423,0.0,0.0
BC,M6,2034-01-01T00:00:00,F,57,296.2961726870344,52400.0,36000.00000000001,0.005654507112347985,78318.02023735014,3280.0783143005474,0.0037832439046477546,0.0,0.0
BC,M6,2034-01-01T00:00:00,F,58,205.0119200019617,52400.0,36100.0,0.003912441221411483,78318.02023735014,3280.0783143005474,0.002617685168504691,0.0,0.0
BC,M6,2034-01-01T00:00:00,F,59,212.54873393235903,52400.0,35600.00000000001,0.004056273548327462,78318.02023735014,3280.0783143005474,0.0027139186267503964,0.0,0.0
BC,M6,2034-01-01T00:00:00,F,60,222.0938362790912,52400.0,35399.99999999999,0.004238431990058992,78318.02023735014,3280.0783143005474,0.0028357948222645936,0.0,0.0
BC,M6,2034-01-01T00:00:00,F,61,233.26733036163205,52400.0,35500.0,0.00445166660995481,78318.02023735014,3280.0783143005474,0.0029784630619453024,0.0,0.0
BC,M6,2034-01-01T00:00:00,F,62,247.28861467645766,52400.0,35900.0,0.0047192483716881235,78318.02023735014,3280.0783143005474,0.0031574931787987774,0.0,0.0
BC,M6,2034-01-01T00:00:00,F,63,270.9544288267789,52400.0,38100.0,0.005170886046312574,78318.02023735014,3280.0783143005474,0.0034596690264338393,0.0,0.0
BC,M6,2034-01-01T00:00:00,F,64,287.7243714213473,52400.0,38200.0,0.005490923118728002,78318.02023735014,3280.0783143005474,0.0036737952587331947,0.0,0.0
BC,M6,2034-01-01T00:00:00,F,65,204.63224773857655,52400.0,37900.0,0.003905195567530087,78318.02023735014,3280.0783143005474,0.0026128373408625402,0.0,0.0
BC,M6,2034-01-01T00:00:00,F,66,316.81548385022325,52400.0,36700.00000000001,0.006046097020042428,78318.02023735014,3280.0783143005474,0.004045243775188444,0.0,0.0
BC,M6,2034-01-01T00:00:00,F,67,332.40260749352456,52400.0,35800.0,0.006343561211708484,78318.02023735014,3280.0783143005474,0.004244267238703777,0.0,0.0
BC,M6,2034-01-01T00:00:00,F,68,265.85552062205534,52400.0,37100.0,0.005073578637825484,78318.02023735014,3280.0783143005474,0.0033945638540958407,0.0,0.0
BC,M6,2034-01-01T00:00:00,F,69,304.1819704852023,52400.0,38500.0,0.005804999436740502,78318.02023735014,3280.0783143005474,0.003883933347183065,0.0,0.0
BC,M6,2034-01-01T00:00:00,F,70,251.20110780341201,52400.0,40200.0,0.004793914271057481,78318.02023735014,3280.0783143005474,0.0032074496653787137,0.0,0.0
BC,M6,2034-01-01T00:00:00,F,71,186.9247324691969,52400.0,40000.0,0.0035672658868167346,78318.02023735014,3280.0783143005474,0.0023867397554573505,0.0,0.0
BC,M6,2034-01-01T00:00:00,F,72,210.00180892569188,52400.0,38300.00000000001,0.004007668109268929,78318.02023735014,3280.0783143005474,0.002681398333222183,0.0,0.0
BC,M6,2034-01-01T00:00:00,F,73,152.99489815883135,52400.0,38100.0,0.002919749964863194,78318.02023735014,3280.0783143005474,0.0019535082436349374,0.0,0.0
BC,M6,2034-01-01T00:00:00,F,74,94.60074566530238,52400.0,37400.0,0.0018053577417042439,78318.02023735014,3280.0783143005474,0.001207905222560605,0.0,0.0
BC,M6,2034-01-01T00:00:00,F,75,33.28365415754524,52400.0,36200.00000000001,0.00063518423964781,78318.02023735014,3280.0783143005474,0.00042498079058530836,0.0,0.0
BC,M6,2034-01-01T00:00:00,F,76,78.59587109164568,52400.0,35300.00000000001,0.0014999212040390396,78318.02023735014,3280.0783143005474,0.001003547725714382,0.0,0.0
BC,M6,2034-01-01T00:00:00,F,77,19.04545371721906,52400.0,33800.0,0.00036346285719883703,78318.02023735014,3280.0783143005474,0.00024318099026890644,0.0,0.0
BC,M6,2034-01-01T00:00:00,F,78,64.22334932857484,52400.0,32500.000000000004,0.001225636437568222,78318.02023735014,3280.0783143005474,0.0008200328498337921,0.0,0.0
BC,M6,2034-01-01T00:00:00,F,79,14.6772238421363,52400.0,31200.0,0.0002800996916438225,78318.02023735014,3280.0783143005474,0.00018740545020999754,0.0,0.0
BC,M6,2034-01-01T00:00:00,F,80,-48.51426174464723,52400.0,29200.0,-0.000925844689783344,78318.02023735014,3280.0783143005474,0.0,0.01479058031423635,0.0016614473200221654
BC,M6,2034-01-01T00:00:00,F,81,79.77434061702661,52400.0,27100.0,0.001522411080477607,78318.02023735014,3280.0783143005474,0.0010185949590562039,0.0,0.0
BC,M6,2034-01-01T00:00:00,F,82,14.513087050789181,52400.0,25100.0,0.00027696731012956453,78318.02023735014,3280.0783143005474,0.00018530967722123087,0.0,0.0
BC,M6,2034-01-01T00:00:00,F,83,-38.66893701657682,52400.0,23500.000000000004,-0.0007379568132934507,78318.02023735014,3280.0783143005474,0.0,0.011789028587514894,0.0016454866815564602
BC,M6,2034-01-01T00:00:00,F,84,24.698734614685236,52400.0,22400.0,0.0004713498972268175,78318.02023735014,3280.0783143005474,0.0003153646445586009,0.0,0.0
BC,M6,2034-01-01T00:00:00,F,85,-48.510319682038244,52400.0,20300.0,-0.0009257694595808825,78318.02023735014,3280.0783143005474,0.0,0.014789378494574972,0.00238967092029745
BC,M6,2034-01-01T00:00:00,F,86,-87.72309414324263,52400.0,19000.000000000004,-0.0016741048500618823,78318.02023735014,3280.0783143005474,0.0,0.02674420722236595,0.0046170049549075064
BC,M6,2034-01-01T00:00:00,F,87,-36.86131019149616,52400.0,17600.0,-0.0007034601181583237,78318.02023735014,3280.0783143005474,0.0,0.011237936006218974,0.002094392624516827
BC,M6,2034-01-01T00:00:00,F,88,-74.37292712452472,52400.0,13399.999999999998,-0.0014193306703153574,78318.02023735014,3280.0783143005474,0.0,0.022674131529199237,0.005550218442128711
BC,M6,2034-01-01T00:00:00,F,89,-97.59238293720955,52400.0,11400.0,-0.0018624500560536173,78318.02023735014,3280.0783143005474,0.0,0.029753064892299806,0.008560735345369259
BC,M6,2034-01-01T00:00:00,F,90,-175.82696754863537,52400.0,10100.0,-0.0033554764799357895,78318.02023735014,3280.0783143005474,0.0,0.053604502911427945,0.01740861064837974
BC,M6,2034-01-01T00:00:00,F,91,-100.4767476125453,52400.0,8600.0,-0.0019174951834455209,78318.02023735014,3280.0783143005474,0.0,0.0306324233706509,0.011683342745644802
BC,M6,2034-01-01T00:00:00,F,92,-160.74135568292058,52400.0,6900.0,-0.0030675831237198586,78318.02023735014,3280.0783143005474,0.0,0.04900534081217433,0.023295848649698636
BC,M6,2034-01-01T00:00:00,F,93,-108.90073510088041,52400.0,5700.0,-0.0020782583034519163,78318.02023735014,3280.0783143005474,0.0,0.03320065091924572,0.019105392122961477
BC,M6,2034-01-01T00:00:00,F,94,-86.53620718202092,52400.0,4500.0,-0.0016514543355347503,78318.02023735014,3280.0783143005474,0.0,0.026382360081080605,0.019230268262671314
BC,M6,2034-01-01T00:00:00,F,95,-68.06609519077483,52400.0,3500.0,-0.0012989712822666952,78318.02023735014,3280.0783143005474,0.0,0.02075136282387496,0.01944745576879281
BC,M6,2034-01-01T00:00:00,F,96,-34.31849984034079,52400.0,2800.0,-0.0006549332030599388,78318.02023735014,3280.0783143005474,0.0,0.010462707457537935,0.012256607085835997
BC,M6,2034-01-01T00:00:00,F,97,-103.48868709020508,52400.0,2100.0,-0.0019749749444695625,78318.02023735014,3280.0783143005474,0.0,0.031550675677166955,0.04928032718581194
BC,M6,2034-01-01T00:00:00,F,98,-74.83676506228744,52400.0,1600.0000000000002,-0.0014281825393566306,78318.02023735014,3280.0783143005474,0.0,0.02281554215825052,0.04677297816392964
BC,M6,2034-01-01T00:00:00,F,99,-67.03301430482611,52400.0,1100.0,-0.0012792559981837045,78318.02023735014,3280.0783143005474,0.0,0.020436406659125883,0.06093910391347828
BC,M6,2034-01-01T00:00:00,F,100,1366.55821914292,52400.0,2200.0,0.02607935532715496,78318.02023735014,3280.0783143005474,0.017448835082927744,0.0,0.0
BC,M6,2034-01-01T00:00:00,M,1,478.751461999771,52400.0,26900.000000000004,0.009136478282438378,78318.02023735014,3280.0783143005474,0.006112915782968844,0.0,0.0
BC,M6,2034-01-01T00:00:00,M,2,405.0899103006159,52400.0,26999.999999999996,0.007730723479019387,78318.02023735014,3280.0783143005474,0.00517237168499603,0.0,0.0
BC,M6,2034-01-01T00:00:00,M,3,403.55407665441817,52400.0,27100.0,0.0077014136766110335,78318.02023735014,3280.0783143005474,0.005152761464493223,0.0,0.0
BC,M6,2034-01-01T00:00:00,M,4,402.45255850320973,52400.0,27200.0,0.007680392337847514,78318.02023735014,3280.0783143005474,0.005138696781194664,0.0,0.0
BC,M6,2034-01-01T00:00:00,M,5,502.0141194628559,52400.0,27400.0,0.009580422127153739,78318.02023735014,3280.0783143005474,0.006409943943187721,0.0,0.0
BC,M6,2034-01-01T00:00:00,M,6,601.5723556333869,52400.0,27600.0,0.01148038846628601,78318.02023735014,3280.0783143005474,0.007681148652765548,0.0,0.0
BC,M6,2034-01-01T00:00:00,M,7,501.35771432840556,52400.0,27700.000000000004,0.009567895311610793,78318.02023735014,3280.0783143005474,0.006401562664748084,0.0,0.0
BC,M6,2034-01-01T00:00:00,M,8,401.36270592519577,52400.0,27699.999999999996,0.007659593624526637,78318.02023735014,3280.0783143005474,0.005124781049225048,0.0,0.0
BC,M6,2034-01-01T00:00:00,M,9,401.36769752199325,52400.0,27800.0,0.007659688884007505,78318.02023735014,3280.0783143005474,0.005124844784196672,0.0,0.0
BC,M6,2034-01-01T00:00:00,M,10,501.36769752199325,52400.0,27900.0,0.00956808583057239,78318.02023735014,3280.0783143005474,0.00640169013469124,0.0,0.0
BC,M6,2034-01-01T00:00:00,M,11,401.3726891187871,52400.0,27900.0,0.007659784143488303,78318.02023735014,3280.0783143005474,0.005124908519168249,0.0,0.0
BC,M6,2034-01-01T00:00:00,M,12,301.8302583108816,52400.0,27800.0,0.005760119433413771,78318.02023735014,3280.0783143005474,0.0038539056196282362,0.0,0.0
BC,M6,2034-01-01T00:00:00,M,13,402.05904406054105,52400.0,27900.0,0.007672882520239333,78318.02023735014,3280.0783143005474,0.005133672210329925,0.0,0.0
BC,M6,2034-01-01T00:00:00,M,14,602.8252722781472,52400.0,28899.999999999996,0.011504299089277617,78318.02023735014,3280.0783143005474,0.007697146460689742,0.0,0.0
BC,M6,2034-01-01T00:00:00,M,15,1103.8469219218168,52400.0,29999.999999999996,0.021065780952706427,78318.02023735014,3280.0783143005474,0.014094418099136122,0.0,0.0
BC,M6,2034-01-01T00:00:00,M,16,1706.0300313611187,52400.0,31899.999999999996,0.03255782502597555,78318.02023735014,3280.0783143005474,0.021783365133475462,0.0,0.0
BC,M6,2034-01-01T00:00:00,M,17,1509.136715990382,52400.0,33800.0,0.02880031900745004,78318.02023735014,3280.0783143005474,0.019269341990729605,0.0,0.0
BC,M6,2034-01-01T00:00:00,M,18,2212.5796485226456,52400.0,35800.0,0.04222480245272225,78318.02023735014,3280.0783143005474,0.02825122036815045,0.0,0.0
BC,M6,2034-01-01T00:00:00,M,19,4517.120148739654,52400.0,40600.0,0.08620458299121476,78318.02023735014,3280.0783143005474,0.05767663859543558,0.0,0.0
BC,M6,2034-01-01T00:00:00,M,20,2822.963776863995,52400.0,42800.0,0.05387335452030525,78318.02023735014,3280.0783143005474,0.03604488173103377,0.0,0.0
BC,M6,2034-01-01T00:00:00,M,21,1028.7776873849143,52400.0,43700.0,0.01963316197299455,78318.02023735014,3280.0783143005474,0.01313590006829982,0.0,0.0
BC,M6,2034-01-01T00:00:00,M,22,33.27385818705807,52400.0,43000.00000000001,0.0006349972936461463,78318.02023735014,3280.0783143005474,0.00042485571119160704,0.0,0.0
BC,M6,2034-01-01T00:00:00,M,23,-163.30904770619236,52400.0,42200.0,-0.003116584879889167,78318.02023735014,3280.0783143005474,0.0,0.04978815505538221,0.0038698826470661696
BC,M6,2034-01-01T00:00:00,M,24,-60.13326598063577,52400.0,42300.0,-0.0011475814118441941,78318.02023735014,3280.0783143005474,0.0,0.018332875077544834,0.0014215902123081742
BC,M6,2034-01-01T00:00:00,M,25,241.6869187957418,52400.0,42300.0,0.004612345778544691,78318.02023735014,3280.0783143005474,0.0030859681853970112,0.0,0.0
BC,M6,2034-01-01T00:00:00,M,26,343.26915991176065,52400.0,41900.0,0.006550938166254974,78318.02023735014,3280.0783143005474,0.004383016308015079,0.0,0.0
BC,M6,2034-01-01T00:00:00,M,27,544.923901833019,52400.0,41400.0,0.01039931110368357,78318.02023735014,3280.0783143005474,0.006957835504288488,0.0,0.0
BC,M6,2034-01-01T00:00:00,M,28,546.7284640868311,52400.0,40900.0,0.01043374931463418,78318.02023735014,3280.0783143005474,0.006980876973523066,0.0,0.0
BC,M6,2034-01-01T00:00:00,M,29,649.5084900038564,52400.0,40800.0,0.01239520019091329,78318.02023735014,3280.0783143005474,0.008293218955681716,0.0,0.0
BC,M6,2034-01-01T00:00:00,M,30,553.3804627131176,52400.0,41100.0,0.010560695853303772,78318.02023735014,3280.0783143005474,0.007065812708697768,0.0,0.0
BC,M6,2034-01-01T00:00:00,M,31,657.0114310933423,52400.0,40900.0,0.0125383860895676,78318.02023735014,3280.0783143005474,0.008389019910133163,0.0,0.0
BC,M6,2034-01-01T00:00:00,M,32,460.43117252622324,52400.0,40300.0,0.008786854437523344,78318.02023735014,3280.0783143005474,0.005878994018628704,0.0,0.0
BC,M6,2034-01-01T00:00:00,M,33,467.77890198457317,52400.0,42600.0,0.008927078282148343,78318.02023735014,3280.0783143005474,0.005972813160584564,0.0,0.0
BC,M6,2034-01-01T00:00:00,M,34,675.2084597861613,52400.0,44900.0,0.012885657629506895,78318.02023735014,3280.0783143005474,0.008621367824925584,0.0,0.0
BC,M6,2034-01-01T00:00:00,M,35,579.9231708457228,52400.0,45799.99999999999,0.011067236084842037,78318.02023735014,3280.0783143005474,0.007404722043384281,0.0,0.0
BC,M6,2034-01-01T00:00:00,M,36,483.6566663879639,52400.0,46300.00000000001,0.009230089053205418,78318.02023735014,3280.0783143005474,0.006175547657131741,0.0,0.0
BC,M6,2034-01-01T00:00:00,M,37,287.6347811840824,52400.0,47000.0,0.005489213381375618,78318.02023735014,3280.0783143005474,0.00367265132995418,0.0,0.0
BC,M6,2034-01-01T00:00:00,M,38,291.72147686820244,52400.0,47500.0,0.005567203757026764,78318.02023735014,3280.0783143005474,0.0037248321137857295,0.0,0.0
BC,M6,2034-01-01T00:00:00,M,39,295.8700310490967,52400.0,47800.0,0.00564637463834154,78318.02023735014,3280.0783143005474,0.003777802734957226,0.0,0.0
BC,M6,2034-01-01T00:00:00,M,40,399.41381364846166,52400.0,47700.00000000001,0.007622401023825604,78318.02023735014,3280.0783143005474,0.005099896708803421,0.0,0.0
BC,M6,2034-01-01T00:00:00,M,41,303.53633170728426,52400.0,47500.0,0.005792678086016875,78318.02023735014,3280.0783143005474,0.003875689538466228,0.0,0.0
BC,M6,2034-01-01T00:00:00,M,42,308.656472327908,52400.0,47499.99999999999,0.005890390693280687,78318.02023735014,3280.0783143005474,0.003941065815919445,0.0,0.0
BC,M6,2034-01-01T00:00:00,M,43,314.17072026884125,52400.0,47499.99999999999,0.005995624432611474,78318.02023735014,3280.0783143005474,0.004011474234367995,0.0,0.0
BC,M6,2034-01-01T00:00:00,M,44,320.07913118364377,52400.0,47499.99999999999,0.006108380366100072,78318.02023735014,3280.0783143005474,0.004086915504421764,0.0,0.0
BC,M6,2034-01-01T00:00:00,M,45,223.5906085454044,52400.0,46500.0,0.004266996346286344,78318.02023735014,3280.0783143005474,0.002854906289354506,0.0,0.0
BC,M6,2034-01-01T00:00:00,M,46,325.9523194416688,52400.0,45100.0,0.006220464111482229,78318.02023735014,3280.0783143005474,0.0041619070356201495,0.0,0.0
BC,M6,2034-01-01T00:00:00,M,47,230.91070254979422,52400.0,44400.0,0.0044066927967517985,78318.02023735014,3280.0783143005474,0.0029483725693013893,0.0,0.0
BC,M6,2034-01-01T00:00:00,M,48,237.92159792309394,52400.0,44400.0,0.0045404885099827085,78318.02023735014,3280.0783143005474,0.0030378908609034055,0.0,0.0
BC,M6,2034-01-01T00:00:00,M,49,242.71154753363226,52400.0,43500.0,0.004631899762092218,78318.02023735014,3280.0783143005474,0.0030990511097965965,0.0,0.0
BC,M6,2034-01-01T00:00:00,M,50,146.84689988774335,52400.0,42300.0,0.002802421753582888,78318.02023735014,3280.0783143005474,0.0018750078135620638,0.0,0.0
BC,M6,2034-01-01T00:00:00,M,51,250.53182870330784,52400.0,41100.0,0.004781141769147096,78318.02023735014,3280.0783143005474,0.0031989040063072015,0.0,0.0
BC,M6,2034-01-01T00:00:00,M,52,155.13673986100184,52400.0,39899.99999999999,0.0029606248065076686,78318.02023735014,3280.0783143005474,0.001980856249824055,0.0,0.0
BC,M6,2034-01-01T00:00:00,M,53,159.0881541797571,52400.0,38599.99999999999,0.003036033476712922,78318.02023735014,3280.0783143005474,0.0020313096998318585,0.0,0.0
BC,M6,2034-01-01T00:00:00,M,54,162.181185048692,52400.0,37100.0,0.0030950607833719846,78318.02023735014,3280.0783143005474,0.002070802920671215,0.0,0.0
BC,M6,2034-01-01T00:00:00,M,55,164.31552940682013,52400.0,35300.0,0.003135792545931682,78318.02023735014,3280.0783143005474,0.0020980551973715173,0.0,0.0
BC,M6,2034-01-01T00:00:00,M,56,168.96227376979368,52400.0,34100.0,0.003224470873469345,78318.02023735014,3280.0783143005474,0.0021573869367195134,0.0,0.0
BC,M6,2034-01-01T00:00:00,M,57,277.93691495050734,52400.0,33799.99999999999,0.005304139598292125,78318.02023735014,3280.0783143005474,0.0035488245758535947,0.0,0.0
BC,M6,2034-01-01T00:00:00,M,58,286.6358127948042,52400.0,33200.0,0.005470149099137485,78318.02023735014,3280.0783143005474,0.0036598960485227715,0.0,0.0
BC,M6,2034-01-01T00:00:00,M,59,198.40249617641894,52400.0,32900.0,0.0037863071789392927,78318.02023735014,3280.0783143005474,0.002533293047693768,0.0,0.0
BC,M6,2034-01-01T00:00:00,M,60,210.0853433964876,52400.0,32500.0,0.004009262278558924,78318.02023735014,3280.0783143005474,0.0026824649392285984,0.0,0.0
BC,M6,2034-01-01T00:00:00,M,61,224.5742413790431,52400.0,32399.999999999996,0.004285767965248914,78318.02023735014,3280.0783143005474,0.0028674657594567597,0.0,0.0
BC,M6,2034-01-01T00:00:00,M,62,245.05882325439597,52400.0,32900.0,0.004676695100274733,78318.02023735014,3280.0783143005474,0.003129022190700456,0.0,0.0
BC,M6,2034-01-01T00:00:00,M,63,276.5545498117717,52400.0,34500.0,0.005277758584194117,78318.02023735014,3280.0783143005474,0.003531173910852791,0.0,0.0
BC,M6,2034-01-01T00:00:00,M,64,198.72846102246694,52400.0,34500.0,0.0037925278821081478,78318.02023735014,3280.0783143005474,0.002537455114674779,0.0,0.0
BC,M6,2034-01-01T00:00:00,M,65,215.8946079424568,52400.0,33800.0,0.004120126105772076,78318.02023735014,3280.0783143005474,0.0027566402634817354,0.0,0.0
BC,M6,2034-01-01T00:00:00,M,66,232.3130595083967,52400.0,32899.99999999999,0.004433455334129708,78318.02023735014,3280.0783143005474,0.0029662784989246418,0.0,0.0
BC,M6,2034-01-01T00:00:00,M,67,254.43025618079992,52400.0,32400.0,0.004855539240091602,78318.02023735014,3280.0783143005474,0.003248680896295962,0.0,0.0
BC,M6,2034-01-01T00:00:00,M,68,197.3156482114573,52400.0,33400.0,0.0037655658055621623,78318.02023735014,3280.0783143005474,0.0025194156799862107,0.0,0.0
BC,M6,2034-01-01T00:00:00,M,69,150.56187579927064,52400.0,34800.0,0.002873318240444096,78318.02023735014,3280.0783143005474,0.0019224423107603932,0.0,0.0
BC,M6,2034-01-01T00:00:00,M,70,105.25578357071936,52400.0,35800.0,0.0020086981597465525,78318.02023735014,3280.0783143005474,0.0013439535786493554,0.0,0.0
BC,M6,2034-01-01T00:00:00,M,71,253.12904136040015,52400.0,36100.0,0.004830706896190843,78318.02023735014,3280.0783143005474,0.003232066395361741,0.0,0.0
BC,M6,2034-01-01T00:00:00,M,72,175.2341723553982,52400.0,34300.0,0.0033441635945686676,78318.02023735014,3280.0783143005474,0.0022374693821975394,0.0,0.0
BC,M6,2034-01-01T00:00:00,M,73,120.90144679106743,52400.0,33800.0,0.0023072795189135005,78318.02023735014,3280.0783143005474,0.0015437245020324085,0.0,0.0
BC,M6,2034-01-01T00:00:00,M,74,159.46812224986934,52400.0,32800.0,0.003043284775760865,78318.02023735014,3280.0783143005474,0.0020361613044684503,0.0,0.0
BC,M6,2034-01-01T00:00:00,M,75,192.22345581167247,52400.0,31399.999999999996,0.003668386561291459,78318.02023735014,3280.0783143005474,0.00245439625809132,0.0,0.0
BC,M6,2034-01-01T00:00:00,M,76,145.1643321836782,52400.0,30699.999999999996,0.002770311682894622,78318.02023735014,3280.0783143005474,0.0018535240260637847,0.0,0.0
BC,M6,2034-01-01T00:00:00,M,77,71.72383253724183,52400.0,28799.999999999996,0.001368775430100035,78318.02023735014,3280.0783143005474,0.0009158024209482825,0.0,0.0
BC,M6,2034-01-01T00:00:00,M,78,20.601724173095135,52400.0,27700.0,0.00039316267505906747,78318.02023735014,3280.0783143005474,0.0002630521572258807,0.0,0.0
BC,M6,2034-01-01T00:00:00,M,79,56.993411974461196,52400.0,26200.0,0.0010876605338637634,78318.02023735014,3280.0783143005474,0.0007277177308841221,0.0,0.0
BC,M6,2034-01-01T00:00:00,M,80,-27.359802584796853,52400.0,23999.999999999996,-0.0005221336371144437,78318.02023735014,3280.0783143005474,0.0,0.008341204069888536,0.0011399917743665357
BC,M6,2034-01-01T00:00:00,M,81,-93.18930162966717,52400.0,22400.0,-0.0017784217868257093,78318.02023735014,3280.0783143005474,0.0,0.02841069410549702,0.004160236679895856
BC,M6,2034-01-01T00:00:00,M,82,-72.88617613658425,52400.0,20600.0,-0.0013909575598584781,78318.02023735014,3280.0783143005474,0.0,0.022220864611315446,0.003538163890125449
BC,M6,2034-01-01T00:00:00,M,83,-42.92875366068256,52400.0,19099.999999999996,-0.0008192510240588275,78318.02023735014,3280.0783143005474,0.0,0.013087722166120537,0.002247578725690187
BC,M6,2034-01-01T00:00:00,M,84,-100.11133645463997,52400.0,17800.0,-0.0019105216880656482,78318.02023735014,3280.0783143005474,0.0,0.030521020189723115,0.005624232385092133
BC,M6,2034-01-01T00:00:00,M,85,-93.20495215571464,52400.0,15999.999999999998,-0.0017787204609869206,78318.02023735014,3280.0783143005474,0.0,0.02841546549341762,0.005825309509732165
BC,M6,2034-01-01T00:00:00,M,86,-143.4538506117242,52400.0,14899.999999999998,-0.0027376689048038967,78318.02023735014,3280.0783143005474,0.0,0.04373488583680804,0.00962777520884055
BC,M6,2034-01-01T00:00:00,M,87,-30.110254148910826,52400.0,13500.0,-0.0005746231707807409,78318.02023735014,3280.0783143005474,0.0,0.009179736354963103,0.002230389196215617
BC,M6,2034-01-01T00:00:00,M,88,-90.28038058093261,52400.0,10100.0,-0.001722908026353676,78318.02023735014,3280.0783143005474,0.0,0.027523849106689466,0.008938651542666596
BC,M6,2034-01-01T00:00:00,M,89,-136.8956720187125,52400.0,8400.0,-0.0026125128247845896,78318.02023735014,3280.0783143005474,0.0,0.041735488882040456,0.01629710381175149
BC,M6,2034-01-01T00:00:00,M,90,-44.63558560772344,52400.0,7400.0,-0.0008518241528191496,78318.02023735014,3280.0783143005474,0.0,0.013608085335377626,0.006031835892935601
BC,M6,2034-01-01T00:00:00,M,91,-88.93196021584936,52400.0,6099.999999999999,-0.001697174813279568,78318.02023735014,3280.0783143005474,0.0,0.027112755152254177,0.014579009871450716
BC,M6,2034-01-01T00:00:00,M,92,-84.54255106286928,52400.0,4700.0,-0.0016134074630318564,78318.02023735014,3280.0783143005474,0.0,0.025774552605734767,0.01798777682188708
BC,M6,2034-01-01T00:00:00,M,93,-60.5033251421014,52400.0,3699.9999999999995,-0.0011546436095820878,78318.02023735014,3280.0783143005474,0.0,0.018445695298895108,0.016352250038405788
BC,M6,2034-01-01T00:00:00,M,94,-134.3597002469255,52400.0,2800.0,-0.0025641164169260596,78318.02023735014,3280.0783143005474,0.0,0.040962345216314366,0.04798560723104483
BC,M6,2034-01-01T00:00:00,M,95,-35.0277913478817,52400.0,2100.0,-0.0006684693005320936,78318.02023735014,3280.0783143005474,0.0,0.010678949705306388,0.01667990064184843
BC,M6,2034-01-01T00:00:00,M,96,-110.54275344378266,52400.0,1500.0,-0.002109594531369898,78318.02023735014,3280.0783143005474,0.0,0.03370125431512908,0.07369516896252178
BC,M6,2034-01-01T00:00:00,M,97,-2.306311039199045,52400.0,1100.0,-4.401356945036345e-05,78318.02023735014,3280.0783143005474,0.0,0.0007031268214371427,0.002096646399271859
BC,M6,2034-01-01T00:00:00,M,98,-45.55770067776689,52400.0,800.0,-0.0008694217686596735,78318.02023735014,3280.0783143005474,0.0,0.013889211266433355,0.05694712584720861
BC,M6,2034-01-01T00:00:00,M,99,-24.56277567705945,52400.0,500.0,-0.0004687552610125849,78318.02023735014,3280.0783143005474,0.0,0.007488472323959521,0.0491255513541189
BC,M6,2034-01-01T00:00:00,M,100,535.2170781184477,52400.0,900.0000000000001,0.010214066376306254,78318.02023735014,3280.0783143005474,0.006833894377008279,0.0,0.0
BC,M6,2035-01-01T00:00:00,F,1,374.57356420088036,53100.0,25799.999999999996,0.007054116086645581,77964.66969634214,2801.0802579801584,0.0048044013481975175,0.0,0.0
BC,M6,2035-01-01T00:00:00,F,2,303.2982426947128,53100.0,25799.999999999996,0.005711831312518133,77964.66969634214,2801.0802579801584,0.003890201085645626,0.0,0.0
BC,M6,2035-01-01T00:00:00,F,3,302.63858325301044,53100.0,25800.0,0.005699408347514321,77964.66969634214,2801.0802579801584,0.0038817400808819087,0.0,0.0
BC,M6,2035-01-01T00:00:00,F,4,402.19881332046134,53100.0,25899.999999999996,0.007574365599255392,77964.66969634214,2801.0802579801584,0.005158731703564586,0.0,0.0
BC,M6,2035-01-01T00:00:00,F,5,501.98668976966655,53100.0,26099.999999999996,0.009453609976829879,77964.66969634214,2801.0802579801584,0.006438643192163978,0.0,0.0
BC,M6,2035-01-01T00:00:00,F,6,501.77974046735835,53100.0,26300.0,0.009449712626503924,77964.66969634214,2801.0802579801584,0.006435988793663808,0.0,0.0
BC,M6,2035-01-01T00:00:00,F,7,501.56330669724775,53100.0,26400.0,0.009445636660965118,77964.66969634214,2801.0802579801584,0.006433212744320516,0.0,0.0
BC,M6,2035-01-01T00:00:00,F,8,401.35032262327513,53100.0,26500.000000000004,0.007558386490080511,77964.66969634214,2801.0802579801584,0.005147848688213005,0.0,0.0
BC,M6,2035-01-01T00:00:00,F,9,401.3554962731614,53100.0,26600.0,0.007558483922281759,77964.66969634214,2801.0802579801584,0.005147915047115139,0.0,0.0
BC,M6,2035-01-01T00:00:00,F,10,401.35549627316504,53100.0,26600.0,0.007558483922281828,77964.66969634214,2801.0802579801584,0.005147915047115185,0.0,0.0
BC,M6,2035-01-01T00:00:00,F,11,401.35549627316504,53100.0,26600.0,0.007558483922281828,77964.66969634214,2801.0802579801584,0.005147915047115185,0.0,0.0
BC,M6,2035-01-01T00:00:00,F,12,401.5814144968281,53100.0,26600.0,0.007562738502765124,77964.66969634214,2801.0802579801584,0.005150812747118827,0.0,0.0
BC,M6,2035-01-01T00:00:00,F,13,401.80733334282195,53100.0,26600.0,0.007566993094968398,77964.66969634214,2801.0802579801584,0.005153710455104685,0.0,0.0
BC,M6,2035-01-01T00:00:00,F,14,602.0332528111467,53100.0,26800.0,0.01133772604164118,77964.66969634214,2801.0802579801584,0.007721872678431833,0.0,0.0
BC,M6,2035-01-01T00:00:00,F,15,1002.7834466472959,53100.0,27900.000000000004,0.018884810671323842,77964.66969634214,2801.0802579801584,0.012862023921257546,0.0,0.0
BC,M6,2035-01-01T00:00:00,F,16,1904.1338088981029,53100.0,30100.0,0.03585939376455938,77964.66969634214,2801.0802579801584,0.024423034386143738,0.0,0.0
BC,M6,2035-01-01T00:00:00,F,17,1606.3327044749894,53100.0,32199.999999999996,0.030251086713276636,77964.66969634214,2801.0802579801584,0.02060334136899901,0.0,0.0
BC,M6,2035-01-01T00:00:00,F,18,2208.3815898958164,53100.0,34600.0,0.04158910715434683,77964.66969634214,2801.0802579801584,0.028325414556324695,0.0,0.0
BC,M6,2035-01-01T00:00:00,F,19,4210.678854638725,53100.0,38600.0,0.07929715357135075,77964.66969634214,2801.0802579801584,0.054007525088460386,0.0,0.0
BC,M6,2035-01-01T00:00:00,F,20,2513.576311799756,53100.0,40900.0,0.04733665370621009,77964.66969634214,2801.0802579801584,0.032239940495992186,0.0,0.0
BC,M6,2035-01-01T00:00:00,F,21,715.7934146711268,53100.0,41400.0,0.01348010197120766,77964.66969634214,2801.0802579801584,0.009180997206285985,0.0,0.0
BC,M6,2035-01-01T00:00:00,F,22,-82.86388024931512,53100.0,41300.0,-0.0015605250517761792,77964.66969634214,2801.0802579801584,0.0,0.029582829700519807,0.002006389352283659
BC,M6,2035-01-01T00:00:00,F,23,117.98730872193846,53100.0,40999.99999999999,0.0022219832151024192,77964.66969634214,2801.0802579801584,0.0015133432769160319,0.0,0.0
BC,M6,2035-01-01T00:00:00,F,24,418.46422720966075,53100.0,40800.0,0.007880682245003027,77964.66969634214,2801.0802579801584,0.005367357148301929,0.0,0.0
BC,M6,2035-01-01T00:00:00,F,25,618.7384484058421,53100.0,41600.0,0.011652324828735256,77964.66969634214,2801.0802579801584,0.00793613890516965,0.0,0.0
BC,M6,2035-01-01T00:00:00,F,26,418.9212625366272,53100.0,41799.99999999999,0.00788928931330748,77964.66969634214,2801.0802579801584,0.00537321923081631,0.0,0.0
BC,M6,2035-01-01T00:00:00,F,27,719.4179918274313,53100.0,42400.0,0.013548361428011888,77964.66969634214,2801.0802579801584,0.009227487201952246,0.0,0.0
BC,M6,2035-01-01T00:00:00,F,28,719.6353265359357,53100.0,42100.0,0.013552454360375438,77964.66969634214,2801.0802579801584,0.009230274807021965,0.0,0.0
BC,M6,2035-01-01T00:00:00,F,29,820.1527819625844,53100.0,41800.00000000001,0.015445438455039255,77964.66969634214,2801.0802579801584,0.010519544110902113,0.0,0.0
BC,M6,2035-01-01T00:00:00,F,30,720.9617104614226,53100.0,41899.99999999999,0.013577433342023024,77964.66969634214,2801.0802579801584,0.00924728743505788,0.0,0.0
BC,M6,2035-01-01T00:00:00,F,31,722.2949770344858,53100.0,42399.99999999999,0.013602541940385796,77964.66969634214,2801.0802579801584,0.009264388342151517,0.0,0.0
BC,M6,2035-01-01T00:00:00,F,32,623.4489191538014,53100.0,41800.0,0.011741034259016975,77964.66969634214,2801.0802579801584,0.007996556922283116,0.0,0.0
BC,M6,2035-01-01T00:00:00,F,33,624.7494736588924,53100.0,41600.0,0.011765526810901927,77964.66969634214,2801.0802579801584,0.008013238253842096,0.0,0.0
BC,M6,2035-01-01T00:00:00,F,34,728.0697183271404,53100.0,44100.0,0.013711294130454622,77964.66969634214,2801.0802579801584,0.009338457036537656,0.0,0.0
BC,M6,2035-01-01T00:00:00,F,35,731.1140526101808,53100.0,45800.00000000001,0.01376862622618043,77964.66969634214,2801.0802579801584,0.009377504649961756,0.0,0.0
BC,M6,2035-01-01T00:00:00,F,36,634.2870162415857,53100.0,46300.0,0.011945141548805757,77964.66969634214,2801.0802579801584,0.00813556985121614,0.0,0.0
BC,M6,2035-01-01T00:00:00,F,37,537.3703535947934,53100.0,46600.0,0.01011996899425223,77964.66969634214,2801.0802579801584,0.006892485476918594,0.0,0.0
BC,M6,2035-01-01T00:00:00,F,38,440.0665382779698,53100.0,46399.99999999999,0.00828750542896365,77964.66969634214,2801.0802579801584,0.005644435357604245,0.0,0.0
BC,M6,2035-01-01T00:00:00,F,39,443.0558710242112,53100.0,47500.0,0.0083438017142036,77964.66969634214,2801.0802579801584,0.005682777503577342,0.0,0.0
BC,M6,2035-01-01T00:00:00,F,40,444.8956661451957,53100.0,47300.00000000001,0.008378449456595024,77964.66969634214,2801.0802579801584,0.0057063753092007116,0.0,0.0
BC,M6,2035-01-01T00:00:00,F,41,346.51378428517637,53100.0,47200.0,0.006525683319871495,77964.66969634214,2801.0802579801584,0.004444497560687206,0.0,0.0
BC,M6,2035-01-01T00:00:00,F,42,348.3371736487097,53100.0,47400.0,0.006560022102612236,77964.66969634214,2801.0802579801584,0.004467884940774046,0.0,0.0
BC,M6,2035-01-01T00:00:00,F,43,350.49261248108814,53100.0,47900.0,0.006600614171018609,77964.66969634214,2801.0802579801584,0.004495531294446466,0.0,0.0
BC,M6,2035-01-01T00:00:00,F,44,352.54551962555706,53100.0,47900.0,0.006639275322515199,77964.66969634214,2801.0802579801584,0.0045218625436195155,0.0,0.0
BC,M6,2035-01-01T00:00:00,F,45,355.0090455289901,53100.0,47900.0,0.006685669407325614,77964.66969634214,2801.0802579801584,0.004553460521434698,0.0,0.0
BC,M6,2035-01-01T00:00:00,F,46,356.6671767193184,53100.0,46900.0,0.006716895983414658,77964.66969634214,2801.0802579801584,0.004574728246890169,0.0,0.0
BC,M6,2035-01-01T00:00:00,F,47,258.45988110016333,53100.0,46000.0,0.004867417723166918,77964.66969634214,2801.0802579801584,0.0033150897978124756,0.0,0.0
BC,M6,2035-01-01T00:00:00,F,48,260.66158943026676,53100.0,45000.0,0.004908881156878847,77964.66969634214,2801.0802579801584,0.0033433296189863313,0.0,0.0
BC,M6,2035-01-01T00:00:00,F,49,164.38224200049444,53100.0,44800.0,0.0030957107721373716,77964.66969634214,2801.0802579801584,0.0021084196552198916,0.0,0.0
BC,M6,2035-01-01T00:00:00,F,50,167.4658116473729,53100.0,43800.0,0.0031537817636040095,77964.66969634214,2801.0802579801584,0.002147970514075427,0.0,0.0
BC,M6,2035-01-01T00:00:00,F,51,271.5786367155815,53100.0,43200.00000000001,0.0051144752677133995,77964.66969634214,2801.0802579801584,0.0034833551886172247,0.0,0.0
BC,M6,2035-01-01T00:00:00,F,52,275.70811250578845,53100.0,42400.00000000001,0.005192243173367014,77964.66969634214,2801.0802579801584,0.003536321177010307,0.0,0.0
BC,M6,2035-01-01T00:00:00,F,53,280.3743650999968,53100.0,41800.0,0.005280119870056436,77964.66969634214,2801.0802579801584,0.003596172037821781,0.0,0.0
BC,M6,2035-01-01T00:00:00,F,54,283.7040969558002,53100.0,40300.0,0.005342826684666671,77964.66969634214,2801.0802579801584,0.0036388802525653577,0.0,0.0
BC,M6,2035-01-01T00:00:00,F,55,188.81632227899536,53100.0,39399.99999999999,0.003555862943107257,77964.66969634214,2801.0802579801584,0.002421819049761895,0.0,0.0
BC,M6,2035-01-01T00:00:00,F,56,291.86746159738686,53100.0,37699.99999999999,0.005496562365299188,77964.66969634214,2801.0802579801584,0.0037435862004438192,0.0,0.0
BC,M6,2035-01-01T00:00:00,F,57,196.7116005126736,53100.0,36500.00000000001,0.0037045499154929116,77964.66969634214,2801.0802579801584,0.0025230864349047926,0.0,0.0
BC,M6,2035-01-01T00:00:00,F,58,203.7268041040952,53100.0,36100.0,0.0038366629774782527,77964.66969634214,2801.0802579801584,0.002613065698829651,0.0,0.0
BC,M6,2035-01-01T00:00:00,F,59,313.0506884951028,53100.0,36300.0,0.00589549319199817,77964.66969634214,2801.0802579801584,0.004015289101004043,0.0,0.0
BC,M6,2035-01-01T00:00:00,F,60,221.62541027429688,53100.0,35700.0,0.004173736540005591,77964.66969634214,2801.0802579801584,0.0028426389945277334,0.0,0.0
BC,M6,2035-01-01T00:00:00,F,61,231.63779959647218,53100.0,35500.0,0.00436229377771134,77964.66969634214,2801.0802579801584,0.00297106112933792,0.0,0.0
BC,M6,2035-01-01T00:00:00,F,62,344.2690870654624,53100.0,35700.00000000001,0.006483410302551081,77964.66969634214,2801.0802579801584,0.004415706350149706,0.0,0.0
BC,M6,2035-01-01T00:00:00,F,63,259.5335531950259,53100.0,36000.0,0.004887637536629489,77964.66969634214,2801.0802579801584,0.0033288610623999396,0.0,0.0
BC,M6,2035-01-01T00:00:00,F,64,285.4316112137749,53100.0,38200.0,0.005375359909863934,77964.66969634214,2801.0802579801584,0.003661037907625054,0.0,0.0
BC,M6,2035-01-01T00:00:00,F,65,203.73416203504166,53100.0,38200.0,0.003836801544916039,77964.66969634214,2801.0802579801584,0.002613160074025174,0.0,0.0
BC,M6,2035-01-01T00:00:00,F,66,321.7771739414093,53100.0,38000.0,0.006059833784207331,77964.66969634214,2801.0802579801584,0.004127217817951021,0.0,0.0
BC,M6,2035-01-01T00:00:00,F,67,235.99912591997418,53100.0,36700.00000000001,0.004444427983427009,77964.66969634214,2801.0802579801584,0.0030270009074513725,0.0,0.0
BC,M6,2035-01-01T00:00:00,F,68,253.41355832346017,53100.0,35800.00000000001,0.004772383395922037,77964.66969634214,2801.0802579801584,0.0032503640342537044,0.0,0.0
BC,M6,2035-01-01T00:00:00,F,69,189.55136299158767,53100.0,37000.00000000001,0.0035697055177323477,77964.66969634214,2801.0802579801584,0.00243124691901928,0.0,0.0
BC,M6,2035-01-01T00:00:00,F,70,231.432325005444,53100.0,38400.0,0.004358424199725876,77964.66969634214,2801.0802579801584,0.0029684256459602764,0.0,0.0
BC,M6,2035-01-01T00:00:00,F,71,182.22108998006297,53100.0,40000.0,0.003431658945010602,77964.66969634214,2801.0802579801584,0.002337226473090698,0.0,0.0
BC,M6,2035-01-01T00:00:00,F,72,220.8028293630705,53100.0,39800.00000000001,0.004158245374069124,77964.66969634214,2801.0802579801584,0.0028320883064477326,0.0,0.0
BC,M6,2035-01-01T00:00:00,F,73,146.33463966077397,53100.0,38000.0,0.0027558312553818075,77964.66969634214,2801.0802579801584,0.0018769352865948142,0.0,0.0
BC,M6,2035-01-01T00:00:00,F,74,92.48673970789241,53100.0,37700.00000000001,0.0017417465105064485,77964.66969634214,2801.0802579801584,0.0011862647538700673,0.0,0.0
BC,M6,2035-01-01T00:00:00,F,75,136.88110410061927,53100.0,37000.0,0.002577798570633131,77964.66969634214,2801.0802579801584,0.0017556811903872056,0.0,0.0
BC,M6,2035-01-01T00:00:00,F,76,77.99472916163359,53100.0,35700.0,0.0014688272911795401,77964.66969634214,2801.0802579801584,0.0010003855523971117,0.0,0.0
BC,M6,2035-01-01T00:00:00,F,77,27.58359233199735,53100.0,34700.00000000001,0.0005194650156685,77964.66969634214,2801.0802579801584,0.0003537960519736735,0.0,0.0
BC,M6,2035-01-01T00:00:00,F,78,-29.8891202294908,53100.0,33100.00000000001,-0.0005628836201410697,77964.66969634214,2801.0802579801584,0.0,0.01067056902219705,0.0009029945688667913
BC,M6,2035-01-01T00:00:00,F,79,19.38089734255118,53100.0,31800.0,0.0003649886505188546,77964.66969634214,2801.0802579801584,0.00024858564036808165,0.0,0.0
BC,M6,2035-01-01T00:00:00,F,80,-27.809470782300195,53100.0,30399.999999999996,-0.0005237188471242974,77964.66969634214,2801.0802579801584,0.0,0.009928123517015336,0.0009147852231019802
BC,M6,2035-01-01T00:00:00,F,81,9.269884935805749,53100.0,28400.000000000007,0.0001745741042524623,77964.66969634214,2801.0802579801584,0.00011889853406562515,0.0,0.0
BC,M6,2035-01-01T00:00:00,F,82,-57.88364728845045,53100.0,26200.0,-0.0010900875195565057,77964.66969634214,2801.0802579801584,0.0,0.020664758577888798,0.002209299514826353
BC,M6,2035-01-01T00:00:00,F,83,75.54617082668847,53100.0,24300.0,0.001422715081481892,77964.66969634214,2801.0802579801584,0.000968979553442947,0.0,0.0
BC,M6,2035-01-01T00:00:00,F,84,21.63857221505168,53100.0,22600.0,0.00040750606808006933,77964.66969634214,2801.0802579801584,0.0002775433064659914,0.0,0.0
BC,M6,2035-01-01T00:00:00,F,85,-11.111068908401649,53100.0,21400.000000000004,-0.0002092480020414623,77964.66969634214,2801.0802579801584,0.0,0.003966708514240778,0.0005192088274954041
BC,M6,2035-01-01T00:00:00,F,86,10.426389985179412,53100.0,19300.0,0.0001963538603611942,77964.66969634214,2801.0802579801584,0.0001337322408443242,0.0,0.0
BC,M6,2035-01-01T00:00:00,F,87,-32.318037114309845,53100.0,17900.0,-0.0006086259343561177,77964.66969634214,2801.0802579801584,0.0,0.011537704791655695,0.0018054769337603265
BC,M6,2035-01-01T00:00:00,F,88,-181.68067250320564,53100.0,16300.000000000002,-0.0034214815913974697,77964.66969634214,2801.0802579801584,0.0,0.0648609307018623,0.011146053527804026
BC,M6,2035-01-01T00:00:00,F,89,-135.9250668735367,53100.0,12300.0,-0.002559794103079787,77964.66969634214,2801.0802579801584,0.0,0.04852594511931316,0.011050818445002985
BC,M6,2035-01-01T00:00:00,F,90,-69.92704856586352,53100.0,10400.000000000002,-0.0013168935699785973,77964.66969634214,2801.0802579801584,0.0,0.024964314523528673,0.006723754669794567
BC,M6,2035-01-01T00:00:00,F,91,-64.16537220232385,53100.0,9100.0,-0.0012083874237725771,77964.66969634214,2801.0802579801584,0.0,0.02290736654885894,0.00705113980245317
BC,M6,2035-01-01T00:00:00,F,92,-196.4115842467063,53100.0,7500.000000000001,-0.0036988998916517193,77964.66969634214,2801.0802579801584,0.0,0.07011994165006093,0.02618821123289417
BC,M6,2035-01-01T00:00:00,F,93,-81.88877892234814,53100.0,6000.0,-0.0015421615616261419,77964.66969634214,2801.0802579801584,0.0,0.029234713532056245,0.013648129820391356
BC,M6,2035-01-01T00:00:00,F,94,-40.85297791396715,53100.0,4900.0,-0.0007693592827489106,77964.66969634214,2801.0802579801584,0.0,0.014584722375440246,0.008337342431421868
BC,M6,2035-01-01T00:00:00,F,95,-130.00054189267712,53100.0,3700.0,-0.0024482211279223563,77964.66969634214,2801.0802579801584,0.0,0.046410859354104946,0.03513528159261544
BC,M6,2035-01-01T00:00:00,F,96,-23.650823322630913,53100.0,2900.0,-0.000445401569164424,77964.66969634214,2801.0802579801584,0.0,0.008443465072180894,0.008155456318148591
BC,M6,2035-01-01T00:00:00,F,97,-90.2684038381417,53100.0,2200.0000000000005,-0.0016999699404546458,77964.66969634214,2801.0802579801584,0.0,0.032226282549730895,0.04103109265370076
BC,M6,2035-01-01T00:00:00,F,98,-79.00878343426302,53100.0,1600.0000000000002,-0.0014879243584606972,77964.66969634214,2801.0802579801584,0.0,0.02820654039068333,0.04938048964641438
BC,M6,2035-01-01T00:00:00,F,99,-48.23587681970912,53100.0,1200.0000000000002,-0.0009083969269248421,77964.66969634214,2801.0802579801584,0.0,0.01722045510202257,0.04019656401642426
BC,M6,2035-01-01T00:00:00,F,100,1464.0720821317277,53100.0,2300.0,0.027571978947866813,77964.66969634214,2801.0802579801584,0.018778660742539095,0.0,0.0
BC,M6,2035-01-01T00:00:00,M,1,478.6178819382658,53100.0,27300.000000000004,0.009013519433865646,77964.66969634214,2801.0802579801584,0.006138907325618043,0.0,0.0
BC,M6,2035-01-01T00:00:00,M,2,405.06194063822113,53100.0,27300.000000000004,0.007628285134429777,77964.66969634214,2801.0802579801584,0.005195455098006083,0.0,0.0
BC,M6,2035-01-01T00:00:00,M,3,403.5343955301105,53100.0,27400.0,0.007599517806593418,77964.66969634214,2801.0802579801584,0.005175862311759952,0.0,0.0
BC,M6,2035-01-01T00:00:00,M,4,402.43887436583464,53100.0,27500.000000000004,0.007578886522897074,77964.66969634214,2801.0802579801584,0.005161810803961064,0.0,0.0
BC,M6,2035-01-01T00:00:00,M,5,502.0027986346213,53100.0,27700.000000000004,0.00945391334528477,77964.66969634214,2801.0802579801584,0.0064388498096615895,0.0,0.0
BC,M6,2035-01-01T00:00:00,M,6,501.5691804770868,53100.0,27900.0,0.009445747278287887,77964.66969634214,2801.0802579801584,0.006433288083315241,0.0,0.0
BC,M6,2035-01-01T00:00:00,M,7,501.35482697801126,53100.0,28100.0,0.009441710489228084,77964.66969634214,2801.0802579801584,0.006430538716199208,0.0,0.0
BC,M6,2035-01-01T00:00:00,M,8,401.3597357714025,53100.0,28099.999999999996,0.007558563762173304,77964.66969634214,2801.0802579801584,0.005147969424286973,0.0,0.0
BC,M6,2035-01-01T00:00:00,M,9,401.3597357714134,53100.0,28100.0,0.00755856376217351,77964.66969634214,2801.0802579801584,0.005147969424287113,0.0,0.0
BC,M6,2035-01-01T00:00:00,M,10,401.36464456480826,53100.0,28200.0,0.007558656206493564,77964.66969634214,2801.0802579801584,0.005148032386054462,0.0,0.0
BC,M6,2035-01-01T00:00:00,M,11,301.36955335820676,53100.0,28200.0,0.005675509479438922,77964.66969634214,2801.0802579801584,0.003865463094142321,0.0,0.0
BC,M6,2035-01-01T00:00:00,M,12,301.826077786769,53100.0,28200.0,0.005684106926304501,77964.66969634214,2801.0802579801584,0.003871318623708987,0.0,0.0
BC,M6,2035-01-01T00:00:00,M,13,402.0469780162639,53100.0,28200.0,0.00757150617733077,77964.66969634214,2801.0802579801584,0.005156784214980477,0.0,0.0
BC,M6,2035-01-01T00:00:00,M,14,702.7391366078446,53100.0,28600.0,0.013234258693179747,77964.66969634214,2801.0802579801584,0.009013558825361315,0.0,0.0
BC,M6,2035-01-01T00:00:00,M,15,1103.7831122525931,53100.0,29999.999999999996,0.02078687593696032,77964.66969634214,2801.0802579801584,0.014157478208419566,0.0,0.0
BC,M6,2035-01-01T00:00:00,M,16,1605.8907449304752,53100.0,31600.0,0.030242763558012715,77964.66969634214,2801.0802579801584,0.020597672653332854,0.0,0.0
BC,M6,2035-01-01T00:00:00,M,17,1408.8739141134065,53100.0,33300.0,0.02653246542586453,77964.66969634214,2801.0802579801584,0.018070671236095886,0.0,0.0
BC,M6,2035-01-01T00:00:00,M,18,2212.444673999569,53100.0,36000.0,0.0416656247457546,77964.66969634214,2801.0802579801584,0.028377528983533552,0.0,0.0
BC,M6,2035-01-01T00:00:00,M,19,4416.696355071217,53100.0,40200.0,0.08317695583938262,77964.66969634214,2801.0802579801584,0.0566499719972319,0.0,0.0
BC,M6,2035-01-01T00:00:00,M,20,2822.9217828376786,53100.0,43400.0,0.05316236879167003,77964.66969634214,2801.0802579801584,0.036207705282821474,0.0,0.0
BC,M6,2035-01-01T00:00:00,M,21,1028.3668777547573,53100.0,43800.0,0.01936660786732123,77964.66969634214,2801.0802579801584,0.01319016526023973,0.0,0.0
BC,M6,2035-01-01T00:00:00,M,22,33.25497416793951,53100.0,43700.0,0.000626270699961196,77964.66969634214,2801.0802579801584,0.0004265390246307903,0.0,0.0
BC,M6,2035-01-01T00:00:00,M,23,-63.40660408848635,53100.0,42900.00000000001,-0.0011940980054328879,77964.66969634214,2801.0802579801584,0.0,0.022636482445600632,0.0014780094193120358
BC,M6,2035-01-01T00:00:00,M,24,-60.978952439101704,53100.0,42100.0,-0.0011483795186271507,77964.66969634214,2801.0802579801584,0.0,0.021769798371672953,0.0014484311743254562
BC,M6,2035-01-01T00:00:00,M,25,241.19078786797763,53100.0,42500.0,0.0045421993948771685,77964.66969634214,2801.0802579801584,0.003093590838098472,0.0,0.0
BC,M6,2035-01-01T00:00:00,M,26,343.26810658493923,53100.0,42600.00000000001,0.006464559446044053,77964.66969634214,2801.0802579801584,0.00440286745165348,0.0,0.0
BC,M6,2035-01-01T00:00:00,M,27,645.2596295679032,53100.0,42500.0,0.012151782101090455,77964.66969634214,2801.0802579801584,0.008276308128811026,0.0,0.0
BC,M6,2035-01-01T00:00:00,M,28,547.091628887043,53100.0,41900.0,0.010303043858513052,77964.66969634214,2801.0802579801584,0.0070171736892859675,0.0,0.0
BC,M6,2035-01-01T00:00:00,M,29,549.5359738771876,53100.0,41399.99999999999,0.010349076720850992,77964.66969634214,2801.0802579801584,0.007048525646520762,0.0,0.0
BC,M6,2035-01-01T00:00:00,M,30,552.754660595434,53100.0,41300.0,0.010409692289932843,77964.66969634214,2801.0802579801584,0.007089809560513889,0.0,0.0
BC,M6,2035-01-01T00:00:00,M,31,657.1799548226627,53100.0,41700.0,0.012376270335643366,77964.66969634214,2801.0802579801584,0.00842920206527208,0.0,0.0
BC,M6,2035-01-01T00:00:00,M,32,460.91962793479615,53100.0,41300.0,0.008680218981822902,77964.66969634214,2801.0802579801584,0.005911903811431411,0.0,0.0
BC,M6,2035-01-01T00:00:00,M,33,563.6551569128642,53100.0,40799.99999999999,0.010614974706456953,77964.66969634214,2801.0802579801584,0.007229622842092399,0.0,0.0
BC,M6,2035-01-01T00:00:00,M,34,671.1245769525849,53100.0,43200.0,0.012638880921894254,77964.66969634214,2801.0802579801584,0.008608060286364197,0.0,0.0
BC,M6,2035-01-01T00:00:00,M,35,577.9055598865161,53100.0,45399.99999999999,0.01088334387733552,77964.66969634214,2801.0802579801584,0.0074124031069117665,0.0,0.0
BC,M6,2035-01-01T00:00:00,M,36,582.0921018548252,53100.0,46300.0,0.01096218647560876,77964.66969634214,2801.0802579801584,0.0074661010445111285,0.0,0.0
BC,M6,2035-01-01T00:00:00,M,37,385.2628868108004,53100.0,46600.0,0.0072554215971902146,77964.66969634214,2801.0802579801584,0.004941506047692212,0.0,0.0
BC,M6,2035-01-01T00:00:00,M,38,389.63066617599543,53100.0,47300.00000000001,0.007337677329114792,77964.66969634214,2801.0802579801584,0.004997528594599762,0.0,0.0
BC,M6,2035-01-01T00:00:00,M,39,194.0846845103879,53100.0,47600.0,0.003655078804338755,77964.66969634214,2801.0802579801584,0.002489392762982407,0.0,0.0
BC,M6,2035-01-01T00:00:00,M,40,298.5930489250386,53100.0,47999.99999999999,0.005623221260358542,77964.66969634214,2801.0802579801584,0.003829850752757664,0.0,0.0
BC,M6,2035-01-01T00:00:00,M,41,302.6835039405123,53100.0,47900.0,0.005700254311497407,77964.66969634214,2801.0802579801584,0.003882316248108382,0.0,0.0
BC,M6,2035-01-01T00:00:00,M,42,307.3098326600157,53100.0,47700.0,0.005787379146139655,77964.66969634214,2801.0802579801584,0.003941655032425972,0.0,0.0
BC,M6,2035-01-01T00:00:00,M,43,412.7559575585983,53100.0,47800.0,0.0077731818749265215,77964.66969634214,2801.0802579801584,0.005294141040630401,0.0,0.0
BC,M6,2035-01-01T00:00:00,M,44,418.5913993190261,53100.0,47800.0,0.007883077199981658,77964.66969634214,2801.0802579801584,0.005368988298794333,0.0,0.0
BC,M6,2035-01-01T00:00:00,M,45,324.4271596641411,53100.0,47700.0,0.0061097393533736544,77964.66969634214,2801.0802579801584,0.004161207389548682,0.0,0.0
BC,M6,2035-01-01T00:00:00,M,46,328.2826401012062,53100.0,46699.99999999999,0.006182347271209156,77964.66969634214,2801.0802579801584,0.004210659025168783,0.0,0.0
BC,M6,2035-01-01T00:00:00,M,47,231.0702588910426,53100.0,45200.0,0.004351605628833194,77964.66969634214,2801.0802579801584,0.00296378166919732,0.0,0.0
BC,M6,2035-01-01T00:00:00,M,48,235.9467571047644,53100.0,44500.0,0.004443441753385393,77964.66969634214,2801.0802579801584,0.003026329208136622,0.0,0.0
BC,M6,2035-01-01T00:00:00,M,49,143.5856190240811,53100.0,44400.0,0.0027040606219224314,77964.66969634214,2801.0802579801584,0.0018416754612482849,0.0,0.0
BC,M6,2035-01-01T00:00:00,M,50,148.5161153934023,53100.0,43499.99999999999,0.0027969136608926985,77964.66969634214,2801.0802579801584,0.001904915597947697,0.0,0.0
BC,M6,2035-01-01T00:00:00,M,51,252.73768297613424,53100.0,42400.0,0.00475965504663153,77964.66969634214,2801.0802579801584,0.003241695039054233,0.0,0.0
BC,M6,2035-01-01T00:00:00,M,52,157.16162026840175,53100.0,41100.0,0.002959729195261803,77964.66969634214,2801.0802579801584,0.0020158056319678768,0.0,0.0
BC,M6,2035-01-01T00:00:00,M,53,161.72904636795283,53100.0,39900.0,0.003045744752692144,77964.66969634214,2801.0802579801584,0.0020743889122836964,0.0,0.0
BC,M6,2035-01-01T00:00:00,M,54,165.9511466799231,53100.0,38600.0,0.003125256999621904,77964.66969634214,2801.0802579801584,0.0021285429326677314,0.0,0.0
BC,M6,2035-01-01T00:00:00,M,55,169.84245137605467,53100.0,37100.0,0.0031985395739369993,77964.66969634214,2801.0802579801584,0.0021784540617892614,0.0,0.0
BC,M6,2035-01-01T00:00:00,M,56,272.0206833889679,53100.0,35400.0,0.00512280006382237,77964.66969634214,2801.0802579801584,0.003489025021826396,0.0,0.0
BC,M6,2035-01-01T00:00:00,M,57,177.07753763092478,53100.0,34100.0,0.003334793552371465,77964.66969634214,2801.0802579801584,0.00227125361167576,0.0,0.0
BC,M6,2035-01-01T00:00:00,M,58,187.43867764661263,53100.0,33800.0,0.0035299185997478837,77964.66969634214,2801.0802579801584,0.0024041489353658694,0.0,0.0
BC,M6,2035-01-01T00:00:00,M,59,196.90995112874953,53100.0,33200.0,0.0037082853319915167,77964.66969634214,2801.0802579801584,0.0025256305438819543,0.0,0.0
BC,M6,2035-01-01T00:00:00,M,60,309.16536057990015,53100.0,33000.0,0.005822323174762715,77964.66969634214,2801.0802579801584,0.003965454632002439,0.0,0.0
BC,M6,2035-01-01T00:00:00,M,61,221.55580307720447,53100.0,32499.999999999996,0.004172425670003851,77964.66969634214,2801.0802579801584,0.002841746190166944,0.0,0.0
BC,M6,2035-01-01T00:00:00,M,62,237.360266564614,53100.0,32399.999999999996,0.004470061517224369,77964.66969634214,2801.0802579801584,0.0030444593363774643,0.0,0.0
BC,M6,2035-01-01T00:00:00,M,63,159.38822943494233,53100.0,32800.0,0.0030016615712795164,77964.66969634214,2801.0802579801584,0.0020443648393013115,0.0,0.0
BC,M6,2035-01-01T00:00:00,M,64,192.96565007179743,53100.0,34400.0,0.0036340047094500457,77964.66969634214,2801.0802579801584,0.0024750396663432636,0.0,0.0
BC,M6,2035-01-01T00:00:00,M,65,216.20129788140912,53100.0,34400.0,0.004071587530723336,77964.66969634214,2801.0802579801584,0.002773067579500726,0.0,0.0
BC,M6,2035-01-01T00:00:00,M,66,234.77855005240417,53100.0,33700.0,0.004421441620572584,77964.66969634214,2801.0802579801584,0.0030113454076932905,0.0,0.0
BC,M6,2035-01-01T00:00:00,M,67,152.90417854697444,53100.0,32700.0,0.002879551385065432,77964.66969634214,2801.0802579801584,0.0019611983112672406,0.0,0.0
BC,M6,2035-01-01T00:00:00,M,68,176.8439111233056,53100.0,32199.999999999996,0.0033303938064652653,77964.66969634214,2801.0802579801584,0.0022682570427358913,0.0,0.0
BC,M6,2035-01-01T00:00:00,M,69,221.71707085445814,53100.0,33199.99999999999,0.004175462727955897,77964.66969634214,2801.0802579801584,0.0028438146626927918,0.0,0.0
BC,M6,2035-01-01T00:00:00,M,70,177.7684130940761,53100.0,34500.0,0.003347804389718947,77964.66969634214,2801.0802579801584,0.002280115003198897,0.0,0.0
BC,M6,2035-01-01T00:00:00,M,71,235.12161805896176,53100.0,35500.0,0.00442790241165653,77964.66969634214,2801.0802579801584,0.0030157457085974535,0.0,0.0
BC,M6,2035-01-01T00:00:00,M,72,88.67657280310232,53100.0,35599.99999999999,0.001669991954860684,77964.66969634214,2801.0802579801584,0.0011373943242302064,0.0,0.0
BC,M6,2035-01-01T00:00:00,M,73,110.7845009360899,53100.0,33799.99999999999,0.0020863371174404876,77964.66969634214,2801.0802579801584,0.0014209577410841973,0.0,0.0
BC,M6,2035-01-01T00:00:00,M,74,158.48194986321323,53100.0,33299.99999999999,0.002984594159382547,77964.66969634214,2801.0802579801584,0.002032740605205805,0.0,0.0
BC,M6,2035-01-01T00:00:00,M,75,100.19779197126991,53100.0,32200.0,0.0018869640672555539,77964.66969634214,2801.0802579801584,0.0012851691972982332,0.0,0.0
BC,M6,2035-01-01T00:00:00,M,76,35.43420191865516,53100.0,30700.0,0.0006673107705961424,77964.66969634214,2801.0802579801584,0.00045449050264260434,0.0,0.0
BC,M6,2035-01-01T00:00:00,M,77,90.13570083750892,53100.0,29999.999999999996,0.0016974708255651397,77964.66969634214,2801.0802579801584,0.0011561095710219858,0.0,0.0
BC,M6,2035-01-01T00:00:00,M,78,115.87277988487767,53100.0,28100.0,0.0021821615797528752,77964.66969634214,2801.0802579801584,0.0014862216480385354,0.0,0.0
BC,M6,2035-01-01T00:00:00,M,79,65.08170077973045,53100.0,26899.999999999996,0.0012256440824807994,77964.66969634214,2801.0802579801584,0.0008347588854440293,0.0,0.0
BC,M6,2035-01-01T00:00:00,M,80,3.4926474338608386,53100.0,25300.0,6.577490459248284e-05,77964.66969634214,2801.0802579801584,4.479782249400978e-05,0.0,0.0
BC,M6,2035-01-01T00:00:00,M,81,15.221483665878623,53100.0,23099.999999999996,0.00028665694286023773,77964.66969634214,2801.0802579801584,0.00019523565898712153,0.0,0.0
BC,M6,2035-01-01T00:00:00,M,82,46.175219494016346,53100.0,21499.999999999996,0.0008695898209795922,77964.66969634214,2801.0802579801584,0.0005922582584375746,0.0,0.0
BC,M6,2035-01-01T00:00:00,M,83,-34.630622839340504,53100.0,19599.999999999996,-0.000652177454601516,77964.66969634214,2801.0802579801584,0.0,0.01236330974118979,0.0017668685122112504
BC,M6,2035-01-01T00:00:00,M,84,-5.420670109528146,53100.0,18100.0,-0.0001020841828536374,77964.66969634214,2801.0802579801584,0.0,0.001935206995260092,0.0002994845364380191
BC,M6,2035-01-01T00:00:00,M,85,-68.36930456780829,53100.0,16699.999999999996,-0.0012875575248174817,77964.66969634214,2801.0802579801584,0.0,0.024408191937031098,0.004093970333401695
BC,M6,2035-01-01T00:00:00,M,86,-66.30948299161173,53100.0,14899.999999999998,-0.0012487661580341193,77964.66969634214,2801.0802579801584,0.0,0.02367282508335805,0.004450300871920251
BC,M6,2035-01-01T00:00:00,M,87,-24.93279157788129,53100.0,13800.0,-0.0004695440975118887,77964.66969634214,2801.0802579801584,0.0,0.008901134305898171,0.0018067240273827022
BC,M6,2035-01-01T00:00:00,M,88,-110.45763704220917,53100.0,12299.999999999998,-0.002080181488553845,77964.66969634214,2801.0802579801584,0.0,0.03943394221837095,0.008980295694488551
BC,M6,2035-01-01T00:00:00,M,89,-86.61527126159126,53100.0,9100.0,-0.001631172716790796,77964.66969634214,2801.0802579801584,0.0,0.030922095507555716,0.009518161677097941
BC,M6,2035-01-01T00:00:00,M,90,-47.23299388491705,53100.0,7499.999999999999,-0.0008895102426538051,77964.66969634214,2801.0802579801584,0.0,0.016862420757260438,0.006297732517988941
BC,M6,2035-01-01T00:00:00,M,91,-155.18532107656574,53100.0,6400.0,-0.0029225107547375846,77964.66969634214,2801.0802579801584,0.0,0.05540195452609734,0.0242477064182134
BC,M6,2035-01-01T00:00:00,M,92,-117.96881515025598,53100.0,5200.0,-0.0022216349369163085,77964.66969634214,2801.0802579801584,0.0,0.04211547127725735,0.022686310605818456
BC,M6,2035-01-01T00:00:00,M,93,-126.60984633598991,53100.0,3900.0,-0.0023843662210167593,77964.66969634214,2801.0802579801584,0.0,0.0452003636722953,0.03246406316307434
BC,M6,2035-01-01T00:00:00,M,94,-110.37642145508153,53100.0,3000.0,-0.0020786520048037952,77964.66969634214,2801.0802579801584,0.0,0.03940494783775788,0.03679214048502717
BC,M6,2035-01-01T00:00:00,M,95,-106.10236968731851,53100.0,2200.0,-0.0019981613877084465,77964.66969634214,2801.0802579801584,0.0,0.03787908946380147,0.048228349857872055
BC,M6,2035-01-01T00:00:00,M,96,-96.55047152092993,53100.0,1599.9999999999998,-0.001818276299829189,77964.66969634214,2801.0802579801584,0.0,0.03446901289095939,0.06034404470058122
BC,M6,2035-01-01T00:00:00,M,97,-85.22339540133521,53100.0,1100.0,-0.0016049603653735445,77964.66969634214,2801.0802579801584,0.0,0.030425188695874524,0.07747581400121382
BC,M6,2035-01-01T00:00:00,M,98,-48.81486432166389,53100.0,800.0,-0.0009193006463590187,77964.66969634214,2801.0802579801584,0.0,0.01742715660595316,0.061018580402079865
BC,M6,2035-01-01T00:00:00,M,99,-2.003267120901228,53100.0,600.0,-3.7726311128083384e-05,77964.66969634214,2801.0802579801584,0.0,0.0007151766234451887,0.0033387785348353797
BC,M6,2035-01-01T00:00:00,M,100,533.573165269958,53100.0,900.0,0.01004845885630806,77964.66969634214,2801.0802579801584,0.006843781514731302,0.0,0.0
BC,M6,2036-01-01T00:00:00,F,1,274.8164197936094,53800.0,26100.0,0.005108111892074524,76892.96722090284,3666.7724679521816,0.0035740124191605185,0.0,0.0
BC,M6,2036-01-01T00:00:00,F,2,303.296094646852,53800.0,26099.999999999996,0.005637473878194275,76892.96722090284,3666.7724679521816,0.0039443931689555475,0.0,0.0
BC,M6,2036-01-01T00:00:00,F,3,302.63686398463324,53800.0,26099.999999999996,0.005625220520160469,76892.96722090284,3666.7724679521816,0.003935819814511768,0.0,0.0
BC,M6,2036-01-01T00:00:00,F,4,402.19738013566166,53800.0,26200.0,0.0074757877348636,76892.96722090284,3666.7724679521816,0.005230613340491912,0.0,0.0
BC,M6,2036-01-01T00:00:00,F,5,501.9853044570991,53800.0,26400.000000000004,0.009330581867232325,76892.96722090284,3666.7724679521816,0.006528364330315995,0.0,0.0
BC,M6,2036-01-01T00:00:00,F,6,501.77833957881376,53800.0,26599.999999999996,0.009326734936409177,76892.96722090284,3666.7724679521816,0.006525672733336901,0.0,0.0
BC,M6,2036-01-01T00:00:00,F,7,401.5679685387113,53800.0,26700.0,0.007464088634548537,76892.96722090284,3666.7724679521816,0.0052224277856915335,0.0,0.0
BC,M6,2036-01-01T00:00:00,F,8,501.3490811958982,53800.0,26900.0,0.009318756156057586,76892.96722090284,3666.7724679521816,0.006520090189205363,0.0,0.0
BC,M6,2036-01-01T00:00:00,F,9,401.3541913519366,53800.0,26900.0,0.007460115080891015,76892.96722090284,3666.7724679521816,0.005219647594023802,0.0,0.0
BC,M6,2036-01-01T00:00:00,F,10,301.3593015079896,53800.0,26900.000000000004,0.005601474005724714,76892.96722090284,3666.7724679521816,0.003919204998842431,0.0,0.0
BC,M6,2036-01-01T00:00:00,F,11,301.3593015079896,53800.0,26900.000000000004,0.005601474005724714,76892.96722090284,3666.7724679521816,0.003919204998842431,0.0,0.0
BC,M6,2036-01-01T00:00:00,F,12,301.5858541113994,53800.0,26900.000000000004,0.005605685020657981,76892.96722090284,3666.7724679521816,0.003922151335960089,0.0,0.0
BC,M6,2036-01-01T00:00:00,F,13,401.81240738683846,53800.0,27000.0,0.007468632107562053,76892.96722090284,3666.7724679521816,0.005225606735041023,0.0,0.0
BC,M6,2036-01-01T00:00:00,F,14,602.0389613343177,53800.0,27200.000000000004,0.011190315266437132,76892.96722090284,3666.7724679521816,0.007829571196085374,0.0,0.0
BC,M6,2036-01-01T00:00:00,F,15,1102.7390680150456,53800.0,27900.0,0.020497008699164418,76892.96722090284,3666.7724679521816,0.014341221412967835,0.0,0.0
BC,M6,2036-01-01T00:00:00,F,16,2004.0396442595447,53800.0,29900.0,0.03724980751411793,76892.96722090284,3666.7724679521816,0.02606271700378289,0.0,0.0
BC,M6,2036-01-01T00:00:00,F,17,1606.1527921388515,53800.0,31699.999999999996,0.02985414111782252,76892.96722090284,3666.7724679521816,0.020888162470367375,0.0,0.0
BC,M6,2036-01-01T00:00:00,F,18,2208.2276441029026,53800.0,34400.0,0.04104512349633648,76892.96722090284,3666.7724679521816,0.028718200427341693,0.0,0.0
BC,M6,2036-01-01T00:00:00,F,19,4210.6091560025525,53800.0,38800.00000000001,0.07826411070636714,76892.96722090284,3666.7724679521816,0.05475935326966972,0.0,0.0
BC,M6,2036-01-01T00:00:00,F,20,2513.479587996095,53800.0,41100.0,0.04671895144974154,76892.96722090284,3666.7724679521816,0.0326880295928133,0.0,0.0
BC,M6,2036-01-01T00:00:00,F,21,715.6763104381971,53800.0,41600.0,0.013302533651267604,76892.96722090284,3666.7724679521816,0.009307435209024491,0.0,0.0
BC,M6,2036-01-01T00:00:00,F,22,-83.07410881735268,53800.0,41300.0,-0.0015441284166794178,76892.96722090284,3666.7724679521816,0.0,0.022655921397748437,0.0020114796323814207
BC,M6,2036-01-01T00:00:00,F,23,17.940400179788412,53800.0,41300.0,0.00033346468735666194,76892.96722090284,3666.7724679521816,0.00023331652852266879,0.0,0.0
BC,M6,2036-01-01T00:00:00,F,24,318.50857201700273,53800.0,41300.0,0.005920233680613434,76892.96722090284,3666.7724679521816,0.00414223281437393,0.0,0.0
BC,M6,2036-01-01T00:00:00,F,25,618.418286299835,53800.0,41400.0,0.011494763685870539,76892.96722090284,3666.7724679521816,0.00804258580011882,0.0,0.0
BC,M6,2036-01-01T00:00:00,F,26,418.77942916846223,53800.0,42000.0,0.007784004259636845,76892.96722090284,3666.7724679521816,0.005446264389373439,0.0,0.0
BC,M6,2036-01-01T00:00:00,F,27,719.2257757588886,53800.0,42500.0,0.01336850884310202,76892.96722090284,3666.7724679521816,0.009353596326861112,0.0,0.0
BC,M6,2036-01-01T00:00:00,F,28,719.862916698301,53800.0,43100.0,0.013380351611492583,76892.96722090284,3666.7724679521816,0.009361882402459963,0.0,0.0
BC,M6,2036-01-01T00:00:00,F,29,720.4396151807814,53800.0,42800.0,0.013391070914140919,76892.96722090284,3666.7724679521816,0.009369382418434423,0.0,0.0
BC,M6,2036-01-01T00:00:00,F,30,721.0060959693292,53800.0,42500.00000000001,0.01340160029682768,76892.96722090284,3666.7724679521816,0.009376749552374258,0.0,0.0
BC,M6,2036-01-01T00:00:00,F,31,822.1271101030725,53800.0,42700.0,0.015281173050242984,76892.96722090284,3666.7724679521816,0.010691837495894979,0.0,0.0
BC,M6,2036-01-01T00:00:00,F,32,623.8358889436277,53800.0,43000.00000000001,0.011595462619770031,76892.96722090284,3666.7724679521816,0.008113042212969017,0.0,0.0
BC,M6,2036-01-01T00:00:00,F,33,624.9228933868726,53800.0,42399.99999999999,0.01161566716332477,76892.96722090284,3666.7724679521816,0.008127178804162359,0.0,0.0
BC,M6,2036-01-01T00:00:00,F,34,626.5755311262255,53800.0,42200.0,0.01164638533691869,76892.96722090284,3666.7724679521816,0.008148671507579633,0.0,0.0
BC,M6,2036-01-01T00:00:00,F,35,630.0510157643512,53800.0,44700.0,0.011710985423129204,76892.96722090284,3666.7724679521816,0.008193870499941847,0.0,0.0
BC,M6,2036-01-01T00:00:00,F,36,533.940623790877,53800.0,46300.00000000001,0.009924546910611096,76892.96722090284,3666.7724679521816,0.006943946151238248,0.0,0.0
BC,M6,2036-01-01T00:00:00,F,37,537.0722071661803,53800.0,46800.0,0.009982754780040527,76892.96722090284,3666.7724679521816,0.006984672676543308,0.0,0.0
BC,M6,2036-01-01T00:00:00,F,38,340.09141629996884,53800.0,46900.0,0.006321401789962246,76892.96722090284,3666.7724679521816,0.0044229196582170295,0.0,0.0
BC,M6,2036-01-01T00:00:00,F,39,341.89586632347346,53800.0,46700.0,0.006354941753224414,76892.96722090284,3666.7724679521816,0.0044463866941336005,0.0,0.0
BC,M6,2036-01-01T00:00:00,F,40,344.9124905596036,53800.0,47800.0,0.006411012835680364,76892.96722090284,3666.7724679521816,0.004485618165426207,0.0,0.0
BC,M6,2036-01-01T00:00:00,F,41,346.335313795782,53800.0,47600.0,0.006437459364233866,76892.96722090284,3666.7724679521816,0.004504122110424074,0.0,0.0
BC,M6,2036-01-01T00:00:00,F,42,347.84589296729973,53800.0,47500.0,0.006465537044001854,76892.96722090284,3666.7724679521816,0.00452376732930577,0.0,0.0
BC,M6,2036-01-01T00:00:00,F,43,449.6640044837404,53800.0,47800.0,0.008358066997839041,76892.96722090284,3666.7724679521816,0.005847921087398254,0.0,0.0
BC,M6,2036-01-01T00:00:00,F,44,352.22843175422895,53800.0,48200.0,0.006546996872755185,76892.96722090284,3666.7724679521816,0.004580762642990815,0.0,0.0
BC,M6,2036-01-01T00:00:00,F,45,354.67712615106575,53800.0,48200.0,0.006592511638495646,76892.96722090284,3666.7724679521816,0.004612608135307453,0.0,0.0
BC,M6,2036-01-01T00:00:00,F,46,357.5339913742064,53800.0,48200.0,0.006645613222568892,76892.96722090284,3666.7724679521816,0.00464976192617279,0.0,0.0
BC,M6,2036-01-01T00:00:00,F,47,259.130145243078,53800.0,47100.0,0.004816545450614833,76892.96722090284,3666.7724679521816,0.003370010998517368,0.0,0.0
BC,M6,2036-01-01T00:00:00,F,48,261.52302347159275,53800.0,46200.00000000001,0.004861022741107672,76892.96722090284,3666.7724679521816,0.0034011305965118157,0.0,0.0
BC,M6,2036-01-01T00:00:00,F,49,264.01999174204684,53800.0,45200.00000000001,0.004907434790744365,76892.96722090284,3666.7724679521816,0.0034336038949251886,0.0,0.0
BC,M6,2036-01-01T00:00:00,F,50,268.31646804993215,53800.0,45000.0,0.004987294945166025,76892.96722090284,3666.7724679521816,0.003489479958278839,0.0,0.0
BC,M6,2036-01-01T00:00:00,F,51,272.0169625199924,53800.0,44000.0,0.005056077370260081,76892.96722090284,3666.7724679521816,0.003537605223876006,0.0,0.0
BC,M6,2036-01-01T00:00:00,F,52,176.55263200558693,53800.0,43300.00000000001,0.0032816474350480843,76892.96722090284,3666.7724679521816,0.0022960829629369833,0.0,0.0
BC,M6,2036-01-01T00:00:00,F,53,280.916526112087,53800.0,42600.00000000001,0.0052214967678826585,76892.96722090284,3666.7724679521816,0.003653344854088577,0.0,0.0
BC,M6,2036-01-01T00:00:00,F,54,286.18399081170355,53800.0,42000.00000000001,0.005319405033674787,76892.96722090284,3666.7724679521816,0.003721848709382441,0.0,0.0
BC,M6,2036-01-01T00:00:00,F,55,289.9609799383761,53800.0,40500.0,0.005389609292534872,76892.96722090284,3666.7724679521816,0.0037709687949140838,0.0,0.0
BC,M6,2036-01-01T00:00:00,F,56,295.34031410273747,53800.0,39600.0,0.00548959691640776,76892.96722090284,3666.7724679521816,0.0038409275227247464,0.0,0.0
BC,M6,2036-01-01T00:00:00,F,57,198.93946302426048,53800.0,37800.0,0.0036977595357669236,76892.96722090284,3666.7724679521816,0.002587225727064674,0.0,0.0
BC,M6,2036-01-01T00:00:00,F,58,203.88038935170334,53800.0,36600.0,0.0037895983150874227,76892.96722090284,3666.7724679521816,0.0026514829212661707,0.0,0.0
BC,M6,2036-01-01T00:00:00,F,59,211.6674898010897,53800.0,36200.0,0.003934339959128061,76892.96722090284,3666.7724679521816,0.0027527548675940457,0.0,0.0
BC,M6,2036-01-01T00:00:00,F,60,222.49997659052315,53800.0,36400.00000000001,0.00413568729722162,76892.96722090284,3666.7724679521816,0.0028936323389798647,0.0,0.0
BC,M6,2036-01-01T00:00:00,F,61,231.13005373439228,53800.0,35800.0,0.004296097653055619,76892.96722090284,3666.7724679521816,0.0030058672735360525,0.0,0.0
BC,M6,2036-01-01T00:00:00,F,62,242.50555545573297,53800.0,35600.00000000001,0.004507538205496896,76892.96722090284,3666.7724679521816,0.003153806703271681,0.0,0.0
BC,M6,2036-01-01T00:00:00,F,63,256.7062588016852,53800.0,35800.0,0.004771491799287829,76892.96722090284,3666.7724679521816,0.003338488135907198,0.0,0.0
BC,M6,2036-01-01T00:00:00,F,64,273.0709148388705,53800.0,36100.0,0.00507566756206079,76892.96722090284,3666.7724679521816,0.003551311969199675,0.0,0.0
BC,M6,2036-01-01T00:00:00,F,65,201.2468705868232,53800.0,38200.0,0.0037406481521714352,76892.96722090284,3666.7724679521816,0.0026172337713105654,0.0,0.0
BC,M6,2036-01-01T00:00:00,F,66,220.80506894816062,53800.0,38200.0,0.004104183437698153,76892.96722090284,3666.7724679521816,0.0028715899116471635,0.0,0.0
BC,M6,2036-01-01T00:00:00,F,67,241.37876091634098,53800.0,38000.0,0.00448659406907697,76892.96722090284,3666.7724679521816,0.00313915263827566,0.0,0.0
BC,M6,2036-01-01T00:00:00,F,68,256.61820700647513,53800.0,36700.0,0.004769855148819241,76892.96722090284,3666.7724679521816,0.0033373430143389653,0.0,0.0
BC,M6,2036-01-01T00:00:00,F,69,176.00260579682072,53800.0,35700.0,0.003271423899569158,76892.96722090284,3666.7724679521816,0.002288929822296877,0.0,0.0
BC,M6,2036-01-01T00:00:00,F,70,214.64337775213062,53800.0,36899.99999999999,0.003989653861563766,76892.96722090284,3666.7724679521816,0.0027914565598111197,0.0,0.0
BC,M6,2036-01-01T00:00:00,F,71,160.66778263841843,53800.0,38200.0,0.0029863900118665136,76892.96722090284,3666.7724679521816,0.0020894990588260455,0.0,0.0
BC,M6,2036-01-01T00:00:00,F,72,215.6919155890937,53800.0,39800.0,0.004009143412436686,76892.96722090284,3666.7724679521816,0.002805092889307298,0.0,0.0
BC,M6,2036-01-01T00:00:00,F,73,158.18815914267907,53800.0,39500.0,0.0029403003558118785,76892.96722090284,3666.7724679521816,0.0020572513307780984,0.0,0.0
BC,M6,2036-01-01T00:00:00,F,74,85.24259472781705,53800.0,37600.00000000001,0.0015844348462419526,76892.96722090284,3666.7724679521816,0.0011085876616378568,0.0,0.0
BC,M6,2036-01-01T00:00:00,F,75,134.6397421242218,53800.0,37300.00000000001,0.0025025974372531934,76892.96722090284,3666.7724679521816,0.0017510020355622445,0.0,0.0
BC,M6,2036-01-01T00:00:00,F,76,83.63186440316349,53800.0,36500.00000000001,0.0015544956208766447,76892.96722090284,3666.7724679521816,0.0010876399679427215,0.0,0.0
BC,M6,2036-01-01T00:00:00,F,77,27.042119965270103,53800.0,35100.0,0.0005026416350421952,76892.96722090284,3666.7724679521816,0.00035168521833189035,0.0,0.0
BC,M6,2036-01-01T00:00:00,F,78,79.67607216849137,53800.0,34100.0,0.0014809678841727022,76892.96722090284,3666.7724679521816,0.0010361945318040993,0.0,0.0
BC,M6,2036-01-01T00:00:00,F,79,23.86633969351169,53800.0,32400.0,0.00044361226196118383,76892.96722090284,3666.7724679521816,0.00031038390838718715,0.0,0.0
BC,M6,2036-01-01T00:00:00,F,80,-22.382927951446618,53800.0,31000.000000000007,-0.0004160395530008665,76892.96722090284,3666.7724679521816,0.0,0.006104258758097153,0.0007220299339176327
BC,M6,2036-01-01T00:00:00,F,81,32.47022823754378,53800.0,29600.0,0.0006035358408465387,76892.96722090284,3666.7724679521816,0.0004222782578315818,0.0,0.0
BC,M6,2036-01-01T00:00:00,F,82,72.01441311527742,53800.0,27600.000000000004,0.0013385578645962347,76892.96722090284,3666.7724679521816,0.0009365539621899359,0.0,0.0
BC,M6,2036-01-01T00:00:00,F,83,103.08668913782458,53800.0,25400.000000000004,0.001916109463528338,76892.96722090284,3666.7724679521816,0.0013406517249057487,0.0,0.0
BC,M6,2036-01-01T00:00:00,F,84,-58.229687433737126,53800.0,23300.0,-0.0010823361976531065,76892.96722090284,3666.7724679521816,0.0,0.015880365619265497,0.00249912821604022
BC,M6,2036-01-01T00:00:00,F,85,-13.992632036512077,53800.0,21600.000000000004,-0.00026008609733293823,76892.96722090284,3666.7724679521816,0.0,0.0038160622615143283,0.0006478070387274108
BC,M6,2036-01-01T00:00:00,F,86,-147.25144401724538,53800.0,20200.000000000004,-0.002737015688052888,76892.96722090284,3666.7724679521816,0.0,0.040158325967654694,0.0072896754463982845
BC,M6,2036-01-01T00:00:00,F,87,-128.03133740356134,53800.0,18100.000000000004,-0.002379764635753928,76892.96722090284,3666.7724679521816,0.0,0.03491662995797071,0.0070735545526829455
BC,M6,2036-01-01T00:00:00,F,88,-175.70090913437525,53800.0,16600.0,-0.003265816154914038,76892.96722090284,3666.7724679521816,0.0,0.0479170471225068,0.01058439211652863
BC,M6,2036-01-01T00:00:00,F,89,-140.65124479797305,53800.0,15000.000000000002,-0.0026143354051667853,76892.96722090284,3666.7724679521816,0.0,0.038358323574007834,0.009376749653198202
BC,M6,2036-01-01T00:00:00,F,90,-107.82288436046474,53800.0,11200.000000000002,-0.0020041428319788985,76892.96722090284,3666.7724679521816,0.0,0.029405392699668013,0.009627043246470065
BC,M6,2036-01-01T00:00:00,F,91,-147.11150290492333,53800.0,9300.0,-0.0027344145521361212,76892.96722090284,3666.7724679521816,0.0,0.04012016131098588,0.0158184411725724
BC,M6,2036-01-01T00:00:00,F,92,-154.3926496106733,53800.0,8000.000000000001,-0.0028697518514995035,76892.96722090284,3666.7724679521816,0.0,0.042105871296917,0.01929908120133416
BC,M6,2036-01-01T00:00:00,F,93,-120.38259601247864,53800.0,6500.0,-0.002237594721421536,76892.96722090284,3666.7724679521816,0.0,0.032830669768748946,0.018520399386535175
BC,M6,2036-01-01T00:00:00,F,94,-109.41310714755218,53800.0,5100.0,-0.0020337008763485535,76892.96722090284,3666.7724679521816,0.0,0.029839077309494796,0.021453550421088662
BC,M6,2036-01-01T00:00:00,F,95,-78.07979651836467,53800.0,4100.0,-0.0014512973330551055,76892.96722090284,3666.7724679521816,0.0,0.02129387552698918,0.019043852809357237
BC,M6,2036-01-01T00:00:00,F,96,-96.9756900591733,53800.0,3000.0,-0.0018025221200589833,76892.96722090284,3666.7724679521816,0.0,0.026447152340852025,0.032325230019724434
BC,M6,2036-01-01T00:00:00,F,97,-77.37546019113279,53800.0,2300.0000000000005,-0.0014382055797608326,76892.96722090284,3666.7724679521816,0.0,0.021101789344007325,0.03364150443092729
BC,M6,2036-01-01T00:00:00,F,98,-63.30005462881127,53800.0,1699.9999999999998,-0.0011765809410559714,76892.96722090284,3666.7724679521816,0.0,0.01726315313591385,0.03723532625224193
BC,M6,2036-01-01T00:00:00,F,99,-51.61309013763366,53800.0,1200.0000000000002,-0.0009593511177998822,76892.96722090284,3666.7724679521816,0.0,0.014075891151887733,0.043010908448028046
BC,M6,2036-01-01T00:00:00,F,100,1485.3838414328116,53800.0,2400.0,0.027609365082394265,76892.96722090284,3666.7724679521816,0.01931755133295233,0.0,0.0
BC,M6,2036-01-01T00:00:00,M,1,478.1796851601757,53800.0,27600.0,0.008888098237177988,76892.96722090284,3666.7724679521816,0.006218770096183592,0.0,0.0
BC,M6,2036-01-01T00:00:00,M,2,405.05200378955124,53800.0,27700.000000000004,0.007528847654080878,76892.96722090284,3666.7724679521816,0.005267737979546204,0.0,0.0
BC,M6,2036-01-01T00:00:00,M,3,403.5143893348213,53800.0,27700.000000000004,0.007500267459755043,76892.96722090284,3666.7724679521816,0.005247741164358769,0.0,0.0
BC,M6,2036-01-01T00:00:00,M,4,502.4249693085185,53800.0,27900.0,0.009338754076366515,76892.96722090284,3666.7724679521816,0.006534082211512545,0.0,0.0
BC,M6,2036-01-01T00:00:00,M,5,501.99129912981516,53800.0,27999.999999999996,0.009330693292375746,76892.96722090284,3666.7724679521816,0.006528442291577378,0.0,0.0
BC,M6,2036-01-01T00:00:00,M,6,601.5600460280621,53800.0,28300.000000000004,0.011181413494945391,76892.96722090284,3666.7724679521816,0.007823342859170248,0.0,0.0
BC,M6,2036-01-01T00:00:00,M,7,501.3468344232788,53800.0,28400.0,0.009318714394484735,76892.96722090284,3666.7724679521816,0.006520060969724043,0.0,0.0
BC,M6,2036-01-01T00:00:00,M,8,401.3564891503265,53800.0,28500.0,0.007460157790898263,76892.96722090284,3666.7724679521816,0.005219677477099888,0.0,0.0
BC,M6,2036-01-01T00:00:00,M,9,401.35648915033016,53800.0,28500.0,0.007460157790898331,76892.96722090284,3666.7724679521816,0.005219677477099936,0.0,0.0
BC,M6,2036-01-01T00:00:00,M,10,501.3564891503229,53800.0,28599.999999999996,0.009318893850377749,76892.96722090284,3666.7724679521816,0.0065201865303233155,0.0,0.0
BC,M6,2036-01-01T00:00:00,M,11,401.3613165138486,53800.0,28599.999999999996,0.007460247518844769,76892.96722090284,3666.7724679521816,0.005219740257399525,0.0,0.0
BC,M6,2036-01-01T00:00:00,M,12,401.81509578038094,53800.0,28599.999999999996,0.007468682077702248,76892.96722090284,3666.7724679521816,0.005225641697842429,0.0,0.0
BC,M6,2036-01-01T00:00:00,M,13,402.04198674403597,53800.0,28600.0,0.007472899381859404,76892.96722090284,3666.7724679521816,0.0052285924353657086,0.0,0.0
BC,M6,2036-01-01T00:00:00,M,14,602.7226649565746,53800.0,28799.999999999996,0.011203023512203989,76892.96722090284,3666.7724679521816,0.007838462823590043,0.0,0.0
BC,M6,2036-01-01T00:00:00,M,15,1003.6817412079072,53800.0,29600.0,0.01865579444624363,76892.96722090284,3666.7724679521816,0.013052971909959837,0.0,0.0
BC,M6,2036-01-01T00:00:00,M,16,1605.7930400352816,53800.0,31600.0,0.02984745427574873,76892.96722090284,3666.7724679521816,0.02088348386169129,0.0,0.0
BC,M6,2036-01-01T00:00:00,M,17,1508.644672041908,53800.0,33100.0,0.02804172252866,76892.96722090284,3666.7724679521816,0.019620060540878607,0.0,0.0
BC,M6,2036-01-01T00:00:00,M,18,2212.057259477908,53800.0,35500.0,0.04111630593825107,76892.96722090284,3666.7724679521816,0.028768004921997273,0.0,0.0
BC,M6,2036-01-01T00:00:00,M,19,4416.511229093725,53800.0,40399.99999999999,0.08209128678612872,76892.96722090284,3666.7724679521816,0.05743712837099524,0.0,0.0
BC,M6,2036-01-01T00:00:00,M,20,2922.3196498854304,53800.0,43100.0,0.05431820910567715,76892.96722090284,3666.7724679521816,0.038005031610888564,0.0,0.0
BC,M6,2036-01-01T00:00:00,M,21,1028.2876695317536,53800.0,44400.0,0.019113153708768656,76892.96722090284,3666.7724679521816,0.013372974235441138,0.0,0.0
BC,M6,2036-01-01T00:00:00,M,22,32.7785447118149,53800.0,43800.0,0.000609266630331132,76892.96722090284,3666.7724679521816,0.00042628794149205724,0.0,0.0
BC,M6,2036-01-01T00:00:00,M,23,-163.42732521713333,53800.0,43500.0,-0.0030376826248537793,76892.96722090284,3666.7724679521816,0.0,0.04456980263855973,0.0037569500049915707
BC,M6,2036-01-01T00:00:00,M,24,-60.98915796201618,53800.0,42800.0,-0.00113362747141294,76892.96722090284,3666.7724679521816,0.0,0.016632926775540395,0.0014249803262153314
BC,M6,2036-01-01T00:00:00,M,25,140.31658517968754,53800.0,42200.0,0.002608114966165196,76892.96722090284,3666.7724679521816,0.0018248298934358644,0.0,0.0
BC,M6,2036-01-01T00:00:00,M,26,242.75222481021774,53800.0,42700.0,0.004512123137736389,76892.96722090284,3666.7724679521816,0.003157014660558283,0.0,0.0
BC,M6,2036-01-01T00:00:00,M,27,545.253195383295,53800.0,43100.0,0.01013481775805381,76892.96722090284,3666.7724679521816,0.0070910671689500306,0.0,0.0
BC,M6,2036-01-01T00:00:00,M,28,547.5417751847854,53800.0,43000.0,0.010177356416074078,76892.96722090284,3666.7724679521816,0.007120830356458657,0.0,0.0
BC,M6,2036-01-01T00:00:00,M,29,649.9062621595658,53800.0,42499.99999999999,0.012080042047575573,76892.96722090284,3666.7724679521816,0.00845208977685144,0.0,0.0
BC,M6,2036-01-01T00:00:00,M,30,552.6435567914305,53800.0,41899.99999999999,0.010272185070472685,76892.96722090284,3666.7724679521816,0.007187179488128767,0.0,0.0
BC,M6,2036-01-01T00:00:00,M,31,656.5063113657088,53800.0,41899.99999999999,0.012202719542113548,76892.96722090284,3666.7724679521816,0.008537924014294535,0.0,0.0
BC,M6,2036-01-01T00:00:00,M,32,461.0823331752181,53800.0,42099.99999999999,0.008570303590617437,76892.96722090284,3666.7724679521816,0.005996417485757735,0.0,0.0
BC,M6,2036-01-01T00:00:00,M,33,464.15416779935185,53800.0,41700.0,0.008627400888463789,76892.96722090284,3666.7724679521816,0.006036366973144648,0.0,0.0
BC,M6,2036-01-01T00:00:00,M,34,566.9911119175231,53800.0,41300.0,0.010538868251255076,76892.96722090284,3666.7724679521816,0.007373770741459829,0.0,0.0
BC,M6,2036-01-01T00:00:00,M,35,573.7145564785678,53800.0,43700.0,0.010663839339750332,76892.96722090284,3666.7724679521816,0.007461209746664678,0.0,0.0
BC,M6,2036-01-01T00:00:00,M,36,580.0275573076287,53800.0,45899.99999999999,0.01078118136259533,76892.96722090284,3666.7724679521816,0.007543310893976688,0.0,0.0
BC,M6,2036-01-01T00:00:00,M,37,383.85099060046196,53800.0,46600.0,0.00713477677696026,76892.96722090284,3666.7724679521816,0.004992016883646995,0.0,0.0
BC,M6,2036-01-01T00:00:00,M,38,287.3963549547334,53800.0,46800.0,0.0053419396831734835,76892.96722090284,3666.7724679521816,0.003737615614820579,0.0,0.0
BC,M6,2036-01-01T00:00:00,M,39,192.13733189303457,53800.0,47400.0,0.003571325871617743,76892.96722090284,3666.7724679521816,0.0024987633958909487,0.0,0.0
BC,M6,2036-01-01T00:00:00,M,40,396.5550762048442,53800.0,47900.0,0.007370912197116063,76892.96722090284,3666.7724679521816,0.0051572346670612475,0.0,0.0
BC,M6,2036-01-01T00:00:00,M,41,301.61877261872723,53800.0,48200.0,0.005606296888823926,76892.96722090284,3666.7724679521816,0.0039225794441280736,0.0,0.0
BC,M6,2036-01-01T00:00:00,M,42,306.4222888598597,53800.0,48100.0,0.005695581577320812,76892.96722090284,3666.7724679521816,0.003985049607717062,0.0,0.0
BC,M6,2036-01-01T00:00:00,M,43,411.35667805508274,53800.0,48000.0,0.00764603490808704,76892.96722090284,3666.7724679521816,0.005349730839145693,0.0,0.0
BC,M6,2036-01-01T00:00:00,M,44,317.36547629052075,53800.0,48000.0,0.005898986548150943,76892.96722090284,3666.7724679521816,0.004127366750964021,0.0,0.0
BC,M6,2036-01-01T00:00:00,M,45,223.14116121806,53800.0,47900.0,0.004147605227101487,76892.96722090284,3666.7724679521816,0.002901971003108859,0.0,0.0
BC,M6,2036-01-01T00:00:00,M,46,229.41603469400434,53800.0,47800.0,0.0042642385630855826,76892.96722090284,3666.7724679521816,0.0029835763007418333,0.0,0.0
BC,M6,2036-01-01T00:00:00,M,47,233.47512362804991,53800.0,46800.0,0.004339686312789032,76892.96722090284,3666.7724679521816,0.0030363651198074882,0.0,0.0
BC,M6,2036-01-01T00:00:00,M,48,236.10725470613397,53800.0,45299.99999999999,0.004388610682270148,76892.96722090284,3666.7724679521816,0.00307059622277068,0.0,0.0
BC,M6,2036-01-01T00:00:00,M,49,241.5292426284068,53800.0,44599.99999999999,0.004489391126922059,76892.96722090284,3666.7724679521816,0.0031411096665645215,0.0,0.0
BC,M6,2036-01-01T00:00:00,M,50,249.08254226253484,53800.0,44500.0,0.004629787030902135,76892.96722090284,3666.7724679521816,0.0032393410121234526,0.0,0.0
BC,M6,2036-01-01T00:00:00,M,51,154.47421618336375,53800.0,43500.0,0.002871267958798583,76892.96722090284,3666.7724679521816,0.002008951166360647,0.0,0.0
BC,M6,2036-01-01T00:00:00,M,52,159.45310477804014,53800.0,42399.99999999999,0.0029638123564691477,76892.96722090284,3666.7724679521816,0.0020737020632843246,0.0,0.0
BC,M6,2036-01-01T00:00:00,M,53,63.8404201764788,53800.0,41000.0,0.001186624910343472,76892.96722090284,3666.7724679521816,0.0008302504440110124,0.0,0.0
BC,M6,2036-01-01T00:00:00,M,54,168.7064634299386,53800.0,39899.99999999999,0.0031358078704449553,76892.96722090284,3666.7724679521816,0.0021940428302795016,0.0,0.0
BC,M6,2036-01-01T00:00:00,M,55,173.79109738603438,53800.0,38600.0,0.0032303177952794494,76892.96722090284,3666.7724679521816,0.002260168955201802,0.0,0.0
BC,M6,2036-01-01T00:00:00,M,56,177.80742004601052,53800.0,37099.99999999999,0.0033049706328254743,76892.96722090284,3666.7724679521816,0.0023124015950014578,0.0,0.0
BC,M6,2036-01-01T00:00:00,M,57,180.79427287476574,53800.0,35399.99999999999,0.003360488343397133,76892.96722090284,3666.7724679521816,0.0023512458864458807,0.0,0.0
BC,M6,2036-01-01T00:00:00,M,58,285.9823551297377,53800.0,34200.0,0.00531565715854531,76892.96722090284,3666.7724679521816,0.003719226419083946,0.0,0.0
BC,M6,2036-01-01T00:00:00,M,59,197.16231606289512,53800.0,33800.0,0.00366472706436608,76892.96722090284,3666.7724679521816,0.0025641137699430314,0.0,0.0
BC,M6,2036-01-01T00:00:00,M,60,207.5929752320444,53800.0,33199.99999999999,0.0038586054875844687,76892.96722090284,3666.7724679521816,0.0026997654367487025,0.0,0.0
BC,M6,2036-01-01T00:00:00,M,61,221.25735859549604,53800.0,33000.0,0.0041125903084664696,76892.96722090284,3666.7724679521816,0.002877471979457553,0.0,0.0
BC,M6,2036-01-01T00:00:00,M,62,234.17150816656795,53800.0,32499.999999999996,0.004352630263319107,76892.96722090284,3666.7724679521816,0.003045421663776164,0.0,0.0
BC,M6,2036-01-01T00:00:00,M,63,251.24132802111126,53800.0,32400.0,0.004669913160243704,76892.96722090284,3666.7724679521816,0.0032674162163534378,0.0,0.0
BC,M6,2036-01-01T00:00:00,M,64,273.947620836494,53800.0,32800.0,0.005091963212574238,76892.96722090284,3666.7724679521816,0.003562713610068922,0.0,0.0
BC,M6,2036-01-01T00:00:00,M,65,210.10154529127612,53800.0,34300.0,0.003905233183852716,76892.96722090284,3666.7724679521816,0.0027323896174754644,0.0,0.0
BC,M6,2036-01-01T00:00:00,M,66,235.124075805943,53800.0,34300.0,0.004370335981523104,76892.96722090284,3666.7724679521816,0.0030578098921643137,0.0,0.0
BC,M6,2036-01-01T00:00:00,M,67,155.55188781795005,53800.0,33500.0,0.002891299030073421,76892.96722090284,3666.7724679521816,0.0020229663835324633,0.0,0.0
BC,M6,2036-01-01T00:00:00,M,68,174.09589919496648,53800.0,32499.999999999996,0.003235983256412016,76892.96722090284,3666.7724679521816,0.002264132930321353,0.0,0.0
BC,M6,2036-01-01T00:00:00,M,69,199.90465627512458,53800.0,32000.0,0.0037156999307643972,76892.96722090284,3666.7724679521816,0.0025997781526732634,0.0,0.0
BC,M6,2036-01-01T00:00:00,M,70,148.34269134316128,53800.0,32900.0,0.002757299095597793,76892.96722090284,3666.7724679521816,0.0019292101307131677,0.0,0.0
BC,M6,2036-01-01T00:00:00,M,71,207.2606419909498,53800.0,34200.0,0.003852428289794606,76892.96722090284,3666.7724679521816,0.002695443412861396,0.0,0.0
BC,M6,2036-01-01T00:00:00,M,72,169.4430571529956,53800.0,35100.0,0.003149499203587279,76892.96722090284,3666.7724679521816,0.002203622298333334,0.0,0.0
BC,M6,2036-01-01T00:00:00,M,73,123.60142144237034,53800.0,35099.99999999999,0.002297424190378631,76892.96722090284,3666.7724679521816,0.001607447675770927,0.0,0.0
BC,M6,2036-01-01T00:00:00,M,74,147.76749869393097,53800.0,33300.0,0.002746607782415074,76892.96722090284,3666.7724679521816,0.0019217296982364516,0.0,0.0
BC,M6,2036-01-01T00:00:00,M,75,99.32628606780054,53800.0,32699.999999999996,0.0018462134956840248,76892.96722090284,3666.7724679521816,0.0012917473425423927,0.0,0.0
BC,M6,2036-01-01T00:00:00,M,76,141.94843084094464,53800.0,31599.999999999996,0.0026384466699060343,76892.96722090284,3666.7724679521816,0.0018460521939951476,0.0,0.0
BC,M6,2036-01-01T00:00:00,M,77,77.35975103505916,53800.0,30000.0,0.001437913588012252,76892.96722090284,3666.7724679521816,0.001006070565762085,0.0,0.0
BC,M6,2036-01-01T00:00:00,M,78,36.16167197679533,53800.0,29199.999999999996,0.0006721500367434076,76892.96722090284,3666.7724679521816,0.00047028581785519945,0.0,0.0
BC,M6,2036-01-01T00:00:00,M,79,-36.53719121571703,53800.0,27200.0,-0.0006791299482475285,76892.96722090284,3666.7724679521816,0.0,0.009964400991622562,0.001343279088813126
BC,M6,2036-01-01T00:00:00,M,80,12.765104993955902,53800.0,25999.999999999996,0.00023726960955308368,76892.96722090284,3666.7724679521816,0.00016601134609987834,0.0,0.0
BC,M6,2036-01-01T00:00:00,M,81,-50.60877316469123,53800.0,24299.999999999996,-0.0009406835160723277,76892.96722090284,3666.7724679521816,0.0,0.013801994426164983,0.0020826655623329728
BC,M6,2036-01-01T00:00:00,M,82,-39.770907163619995,53800.0,22100.0,-0.0007392361926323419,76892.96722090284,3666.7724679521816,0.0,0.010846298075820136,0.0017995885594398189
BC,M6,2036-01-01T00:00:00,M,83,-108.39795029470042,53800.0,20399.999999999996,-0.00201483178986432,76892.96722090284,3666.7724679521816,0.0,0.029562224338189842,0.0053136250144461
BC,M6,2036-01-01T00:00:00,M,84,4.551845175421477,53800.0,18600.0,8.460678764723934e-05,76892.96722090284,3666.7724679521816,5.9197158595072245e-05,0.0,0.0
BC,M6,2036-01-01T00:00:00,M,85,-167.39199876615749,53800.0,16899.999999999996,-0.003111375441750139,76892.96722090284,3666.7724679521816,0.0,0.04565104604367299,0.009904851997997486
BC,M6,2036-01-01T00:00:00,M,86,-37.84565537610615,53800.0,15599.999999999998,-0.0007034508434220475,76892.96722090284,3666.7724679521816,0.0,0.010321244556862888,0.0024260035497503944
BC,M6,2036-01-01T00:00:00,M,87,-41.50050201835438,53800.0,13799.999999999998,-0.000771384795880193,76892.96722090284,3666.7724679521816,0.0,0.01131799215279141,0.0030072827549532163
BC,M6,2036-01-01T00:00:00,M,88,-103.25366487724386,53800.0,12600.0,-0.0019192131018075068,76892.96722090284,3666.7724679521816,0.0,0.02815927788803022,0.008194735307717768
BC,M6,2036-01-01T00:00:00,M,89,-104.46963759122809,53800.0,11099.999999999998,-0.0019418148251157637,76892.96722090284,3666.7724679521816,0.0,0.028490897241183956,0.009411679062272802
BC,M6,2036-01-01T00:00:00,M,90,-89.96221138953479,53800.0,8099.999999999999,-0.0016721600630025053,76892.96722090284,3666.7724679521816,0.0,0.02453444062204843,0.011106445850559851
BC,M6,2036-01-01T00:00:00,M,91,-156.37549335743734,53800.0,6500.0,-0.002906607683223742,76892.96722090284,3666.7724679521816,0.0,0.04264663126064375,0.024057768208836514
BC,M6,2036-01-01T00:00:00,M,92,-191.3999877849419,53800.0,5399.999999999999,-0.003557620590798177,76892.96722090284,3666.7724679521816,0.0,0.05219849048660359,0.03544444218239666
BC,M6,2036-01-01T00:00:00,M,93,-165.586554597151,53800.0,4299.999999999999,-0.0030778169999470446,76892.96722090284,3666.7724679521816,0.0,0.04515866638696231,0.038508501069104896
BC,M6,2036-01-01T00:00:00,M,94,-87.19505260082724,53800.0,3200.0,-0.0016207258847737405,76892.96722090284,3666.7724679521816,0.0,0.023779782727976005,0.027248453937758512
BC,M6,2036-01-01T00:00:00,M,95,-78.07539323744186,53800.0,2399.9999999999995,-0.001451215487684793,76892.96722090284,3666.7724679521816,0.0,0.021292674666842742,0.03253141384893411
BC,M6,2036-01-01T00:00:00,M,96,-83.02131143190218,53800.0,1700.0,-0.001543147052637587,76892.96722090284,3666.7724679521816,0.0,0.022641522526285332,0.04883606554817775
BC,M6,2036-01-01T00:00:00,M,97,-68.65485365439713,53800.0,1199.9999999999998,-0.0012761125214571958,76892.96722090284,3666.7724679521816,0.0,0.018723510731697916,0.057212378045330956
BC,M6,2036-01-01T00:00:00,M,98,-52.0425595100437,53800.0,800.0,-0.0009673338198892881,76892.96722090284,3666.7724679521816,0.0,0.014193015782925963,0.06505319938755463
BC,M6,2036-01-01T00:00:00,M,99,-4.4851635781249115,53800.0,600.0,-8.336735275325115e-05,76892.96722090284,3666.7724679521816,0.0,0.0012231911353446441,0.007475272630208186
BC,M6,2036-01-01T00:00:00,M,100,558.3304113858396,53800.0,999.9999999999999,0.010377888687469137,76892.96722090284,3666.7724679521816,0.007261137546972713,0.0,0.0
BC,M6,2037-01-01T00:00:00,F,1,374.75679886374564,54700.0,26500.0,0.006851129778130633,76093.51642166867,4467.702689611211,0.004924950462100455,0.0,0.0
BC,M6,2037-01-01T00:00:00,F,2,403.29350256494945,54700.0,26500.0,0.007372824544148985,76093.51642166867,4467.702689611211,0.005299971949385508,0.0,0.0
BC,M6,2037-01-01T00:00:00,F,3,402.6347895020772,54700.0,26500.000000000004,0.0073607822578076266,76093.51642166867,4467.702689611211,0.005291315324040162,0.0,0.0
BC,M6,2037-01-01T00:00:00,F,4,402.19565094628706,54700.0,26499.999999999996,0.007352754130645102,76093.51642166867,4467.702689611211,0.005285544286290288,0.0,0.0
BC,M6,2037-01-01T00:00:00,F,5,501.9836539123644,54700.0,26700.0,0.009177032064211416,76093.51642166867,4467.702689611211,0.0065969306915801525,0.0,0.0
BC,M6,2037-01-01T00:00:00,F,6,501.7767050090297,54700.0,26900.000000000004,0.009173248720457581,76093.51642166867,4467.702689611211,0.006594211026185956,0.0,0.0
BC,M6,2037-01-01T00:00:00,F,7,501.5663917965758,54700.0,27100.0,0.00916940387196665,76093.51642166867,4467.702689611211,0.006591447147969468,0.0,0.0
BC,M6,2037-01-01T00:00:00,F,8,501.34766684963324,54700.0,27200.000000000004,0.009165405244051796,76093.51642166867,4467.702689611211,0.006588572725058973,0.0,0.0
BC,M6,2037-01-01T00:00:00,F,9,301.35776173240083,54700.0,27200.0,0.005509282664212081,76093.51642166867,4467.702689611211,0.00396036056557619,0.0,0.0
BC,M6,2037-01-01T00:00:00,F,10,401.35776173240083,54700.0,27300.0,0.007337436229111533,76093.51642166867,4467.702689611211,0.00527453297739975,0.0,0.0
BC,M6,2037-01-01T00:00:00,F,11,401.3577617323972,54700.0,27300.0,0.007337436229111466,76093.51642166867,4467.702689611211,0.005274532977399702,0.0,0.0
BC,M6,2037-01-01T00:00:00,F,12,401.5840578694588,54700.0,27300.0,0.007341573270008387,76093.51642166867,4467.702689611211,0.005277506898801988,0.0,0.0
BC,M6,2037-01-01T00:00:00,F,13,401.81035472510484,54700.0,27300.0,0.007345710324042136,76093.51642166867,4467.702689611211,0.005280480829647713,0.0,0.0
BC,M6,2037-01-01T00:00:00,F,14,502.04422349747256,54700.0,27500.0,0.009178139369240815,76093.51642166867,4467.702689611211,0.0065977266803576,0.0,0.0
BC,M6,2037-01-01T00:00:00,F,15,1002.7458342703467,54700.0,28199.999999999996,0.01833173371609409,76093.51642166867,4467.702689611211,0.013177809114690894,0.0,0.0
BC,M6,2037-01-01T00:00:00,F,16,1903.9900720994629,54700.0,29800.000000000004,0.034807862378417966,76093.51642166867,4467.702689611211,0.025021712251390653,0.0,0.0
BC,M6,2037-01-01T00:00:00,F,17,1506.0369124214667,54700.0,31400.0,0.027532667503134673,76093.51642166867,4467.702689611211,0.01979192161492227,0.0,0.0
BC,M6,2037-01-01T00:00:00,F,18,2208.0004994503324,54700.0,33900.0,0.040365639843698946,76093.51642166867,4467.702689611211,0.029016933416702688,0.0,0.0
BC,M6,2037-01-01T00:00:00,F,19,4210.4184152547095,54700.0,38600.0,0.07697291435566196,76093.51642166867,4467.702689611211,0.05533215723561614,0.0,0.0
BC,M6,2037-01-01T00:00:00,F,20,2413.383193284528,54700.0,41200.00000000001,0.04412035088271531,76093.51642166867,4467.702689611211,0.031716016117731734,0.0,0.0
BC,M6,2037-01-01T00:00:00,F,21,715.5597015244712,54700.0,41799.99999999999,0.013081530192403495,76093.51642166867,4467.702689611211,0.009403688187561612,0.0,0.0
BC,M6,2037-01-01T00:00:00,F,22,-183.20099486295658,54700.0,41400.0,-0.003349195518518402,76093.51642166867,4467.702689611211,0.0,0.041005637033313676,0.004425144803453057
BC,M6,2037-01-01T00:00:00,F,23,17.72030902832921,54700.0,41300.0,0.00032395446121259985,76093.51642166867,4467.702689611211,0.0002328754125401821,0.0,0.0
BC,M6,2037-01-01T00:00:00,F,24,318.41528158767323,54700.0,41600.0,0.005821120321529675,76093.51642166867,4467.702689611211,0.004184525785655506,0.0,0.0
BC,M6,2037-01-01T00:00:00,F,25,618.4152815876732,54700.0,41900.0,0.01130558101622803,76093.51642166867,4467.702689611211,0.008127043021126186,0.0,0.0
BC,M6,2037-01-01T00:00:00,F,26,418.45987064720975,54700.0,41800.0,0.007650089042910599,76093.51642166867,4467.702689611211,0.005499284174598187,0.0,0.0
BC,M6,2037-01-01T00:00:00,F,27,719.0807825653392,54700.0,42700.0,0.013145900960975123,76093.51642166867,4467.702689611211,0.009449961263198648,0.0,0.0
BC,M6,2037-01-01T00:00:00,F,28,719.6655203109258,54700.0,43199.99999999999,0.013156590864916376,76093.51642166867,4467.702689611211,0.009457645725332668,0.0,0.0
BC,M6,2037-01-01T00:00:00,F,29,720.6684223189004,54700.0,43800.0,0.013174925453727613,76093.51642166867,4467.702689611211,0.009470825586839093,0.0,0.0
BC,M6,2037-01-01T00:00:00,F,30,721.2447860068642,54700.0,43500.0,0.013185462267035907,76093.51642166867,4467.702689611211,0.009478399999418083,0.0,0.0
BC,M6,2037-01-01T00:00:00,F,31,722.1686511123844,54700.0,43200.0,0.013202351939897338,76093.51642166867,4467.702689611211,0.009490541179757294,0.0,0.0
BC,M6,2037-01-01T00:00:00,F,32,523.7100908431094,54700.0,43200.0,0.00957422469548646,76093.51642166867,4467.702689611211,0.006882453531796249,0.0,0.0
BC,M6,2037-01-01T00:00:00,F,33,525.323904166391,54700.0,43500.0,0.009603727681286856,76093.51642166867,4467.702689611211,0.006903661821269149,0.0,0.0
BC,M6,2037-01-01T00:00:00,F,34,626.754370300303,54700.0,43000.00000000001,0.011458032363808098,76093.51642166867,4467.702689611211,0.00823663302438506,0.0,0.0
BC,M6,2037-01-01T00:00:00,F,35,628.4036073088282,54700.0,42800.00000000001,0.011488182948973094,76093.51642166867,4467.702689611211,0.008258306842156683,0.0,0.0
BC,M6,2037-01-01T00:00:00,F,36,632.719199124309,54700.0,45300.00000000001,0.011567078594594313,76093.51642166867,4467.702689611211,0.008315021159202645,0.0,0.0
BC,M6,2037-01-01T00:00:00,F,37,536.6175734186545,54700.0,46800.000000000015,0.009810193298330064,76093.51642166867,4467.702689611211,0.007052080106864996,0.0,0.0
BC,M6,2037-01-01T00:00:00,F,38,339.7697417293748,54700.0,47100.0,0.006211512645875225,76093.51642166867,4467.702689611211,0.004465160209531607,0.0,0.0
BC,M6,2037-01-01T00:00:00,F,39,441.82805784184166,54700.0,47300.0,0.008077295390161639,76093.51642166867,4467.702689611211,0.005806382443853325,0.0,0.0
BC,M6,2037-01-01T00:00:00,F,40,443.61464073948446,54700.0,47100.0,0.00810995686909478,76093.51642166867,4467.702689611211,0.005829861223408505,0.0,0.0
BC,M6,2037-01-01T00:00:00,F,41,346.2509796099257,54700.0,48100.0,0.00632999962723813,76093.51642166867,4467.702689611211,0.004550334849702464,0.0,0.0
BC,M6,2037-01-01T00:00:00,F,42,347.65976223429607,54700.0,47900.0,0.006355754337007241,76093.51642166867,4467.702689611211,0.004568848682294503,0.0,0.0
BC,M6,2037-01-01T00:00:00,F,43,449.15859218427795,54700.0,47900.00000000001,0.008211308815069067,76093.51642166867,4467.702689611211,0.005902718303820874,0.0,0.0
BC,M6,2037-01-01T00:00:00,F,44,351.4804139580956,54700.0,48100.0,0.0064256017176982745,76093.51642166867,4467.702689611211,0.0046190586332005385,0.0,0.0
BC,M6,2037-01-01T00:00:00,F,45,354.3450682825569,54700.0,48500.0,0.00647797199785296,76093.51642166867,4467.702689611211,0.004656705130026719,0.0,0.0
BC,M6,2037-01-01T00:00:00,F,46,257.1846254305856,54700.0,48400.00000000001,0.004701729898182552,76093.51642166867,4467.702689611211,0.003379849394860516,0.0,0.0
BC,M6,2037-01-01T00:00:00,F,47,260.02424570966105,54700.0,48400.0,0.004753642517544078,76093.51642166867,4467.702689611211,0.003417166901168673,0.0,0.0
BC,M6,2037-01-01T00:00:00,F,48,162.2221085719866,54700.0,47200.0,0.002965669260913832,76093.51642166867,4467.702689611211,0.0021318781967315107,0.0,0.0
BC,M6,2037-01-01T00:00:00,F,49,164.92164393932762,54700.0,46300.0,0.0030150209129675984,76093.51642166867,4467.702689611211,0.0021673547457765263,0.0,0.0
BC,M6,2037-01-01T00:00:00,F,50,168.08176466627629,54700.0,45300.0,0.0030727927726924365,76093.51642166867,4467.702689611211,0.0022088841805504036,0.0,0.0
BC,M6,2037-01-01T00:00:00,F,51,173.0834124005487,54700.0,45100.0,0.0031642305740502506,76093.51642166867,4467.702689611211,0.00227461445521081,0.0,0.0
BC,M6,2037-01-01T00:00:00,F,52,277.01500570527423,54700.0,44200.00000000001,0.00506425970210739,76093.51642166867,4467.702689611211,0.0036404547815901754,0.0,0.0
BC,M6,2037-01-01T00:00:00,F,53,281.62182316486724,54700.0,43500.0,0.00514847939972335,76093.51642166867,4467.702689611211,0.0037009963057072176,0.0,0.0
BC,M6,2037-01-01T00:00:00,F,54,286.75764556913055,54700.0,42799.99999999999,0.005242370120093794,76093.51642166867,4467.702689611211,0.0037684898668642994,0.0,0.0
BC,M6,2037-01-01T00:00:00,F,55,192.60771533963998,54700.0,42100.0,0.003521164814253016,76093.51642166867,4467.702689611211,0.0025311974580372043,0.0,0.0
BC,M6,2037-01-01T00:00:00,F,56,196.80217775239726,54700.0,40600.00000000001,0.0035978460283802058,76093.51642166867,4467.702689611211,0.002586319925889969,0.0,0.0
BC,M6,2037-01-01T00:00:00,F,57,202.65360915022757,54700.0,39699.99999999999,0.0037048191800772862,76093.51642166867,4467.702689611211,0.0026632178230170367,0.0,0.0
BC,M6,2037-01-01T00:00:00,F,58,206.2635997920006,54700.0,37900.0,0.003770815352687397,76093.51642166867,4467.702689611211,0.0027106593241006303,0.0,0.0
BC,M6,2037-01-01T00:00:00,F,59,211.8288798975991,54700.0,36700.0,0.0038725572193345358,76093.51642166867,4467.702689611211,0.002783796699889111,0.0,0.0
BC,M6,2037-01-01T00:00:00,F,60,220.6681873277994,54700.0,36300.00000000001,0.0040341533332321645,76093.51642166867,4467.702689611211,0.002899960439533073,0.0,0.0
BC,M6,2037-01-01T00:00:00,F,61,232.0662466339636,54700.0,36500.0,0.0042425273607671595,76093.51642166867,4467.702689611211,0.003049750590417971,0.0,0.0
BC,M6,2037-01-01T00:00:00,F,62,341.95304592607135,54700.0,36000.0,0.006251426799379733,76093.51642166867,4467.702689611211,0.004493852590950778,0.0,0.0
BC,M6,2037-01-01T00:00:00,F,63,254.35772589322733,54700.0,35700.0,0.004650049833514211,76093.51642166867,4467.702689611211,0.0033426990610305857,0.0,0.0
BC,M6,2037-01-01T00:00:00,F,64,270.0071123220696,54700.0,35900.0,0.0049361446493979815,76093.51642166867,4467.702689611211,0.0035483589800980914,0.0,0.0
BC,M6,2037-01-01T00:00:00,F,65,287.86155207077536,54700.0,36200.0,0.005262551226156771,76093.51642166867,4467.702689611211,0.0037829971015612422,0.0,0.0
BC,M6,2037-01-01T00:00:00,F,66,318.1105634288906,54700.0,38300.00000000001,0.005815549605646995,76093.51642166867,4467.702689611211,0.004180521263678968,0.0,0.0
BC,M6,2037-01-01T00:00:00,F,67,339.689786511095,54700.0,38300.00000000001,0.0062100509417019195,76093.51642166867,4467.702689611211,0.00446410946011116,0.0,0.0
BC,M6,2037-01-01T00:00:00,F,68,262.46966698599135,54700.0,38000.0,0.00479834857378412,76093.51642166867,4467.702689611211,0.0034493039529350693,0.0,0.0
BC,M6,2037-01-01T00:00:00,F,69,179.49507849467773,54700.0,36600.0,0.0032814456763195195,76093.51642166867,4467.702689611211,0.002358874802158099,0.0,0.0
BC,M6,2037-01-01T00:00:00,F,70,299.8936478643809,54700.0,35700.00000000001,0.005482516414339687,76093.51642166867,4467.702689611211,0.00394111958504499,0.0,0.0
BC,M6,2037-01-01T00:00:00,F,71,242.36503705898213,54700.0,36800.0,0.004430805065063659,76093.51642166867,4467.702689611211,0.0031850944529350908,0.0,0.0
BC,M6,2037-01-01T00:00:00,F,72,192.1635235327194,54700.0,38000.0,0.0035130443058998062,76093.51642166867,4467.702689611211,0.0025253600118550733,0.0,0.0
BC,M6,2037-01-01T00:00:00,F,73,152.62868967738177,54700.0,39500.0,0.002790286831396376,76093.51642166867,4467.702689611211,0.002005804132267945,0.0,0.0
BC,M6,2037-01-01T00:00:00,F,74,98.28444998224586,54700.0,39100.0,0.0017967906760922461,76093.51642166867,4467.702689611211,0.0012916271267792011,0.0,0.0
BC,M6,2037-01-01T00:00:00,F,75,126.76896364074491,54700.0,37200.0,0.002317531327984368,76093.51642166867,4467.702689611211,0.0016659627469213095,0.0,0.0
BC,M6,2037-01-01T00:00:00,F,76,81.25544978839753,54700.0,36800.00000000001,0.0014854744019816733,76093.51642166867,4467.702689611211,0.0010678367042222657,0.0,0.0
BC,M6,2037-01-01T00:00:00,F,77,33.36176597724261,54700.0,35899.99999999999,0.0006099043140263731,76093.51642166867,4467.702689611211,0.00043843112457006117,0.0,0.0
BC,M6,2037-01-01T00:00:00,F,78,79.23630082467571,54700.0,34500.00000000001,0.0014485612582207626,76093.51642166867,4467.702689611211,0.0010413016055874124,0.0,0.0
BC,M6,2037-01-01T00:00:00,F,79,-63.21937185447314,54700.0,33300.0,-0.001155747200264591,76093.51642166867,4467.702689611211,0.0,0.014150308614196219,0.0018984796352694636
BC,M6,2037-01-01T00:00:00,F,80,-17.199874094465486,54700.0,31600.0,-0.00031444011141618805,76093.51642166867,4467.702689611211,0.0,0.0038498251314843545,0.0005442998131159963
BC,M6,2037-01-01T00:00:00,F,81,38.76375647009627,54700.0,30200.0,0.0007086609957970068,76093.51642166867,4467.702689611211,0.0005094225933164755,0.0,0.0
BC,M6,2037-01-01T00:00:00,F,82,-1.95608120005636,54700.0,28700.000000000004,-3.576016819115832e-05,76093.51642166867,4467.702689611211,0.0,0.0004378270748867988,6.815613937478606e-05
BC,M6,2037-01-01T00:00:00,F,83,-59.93508141130951,54700.0,26600.0,-0.0010957053274462433,76093.51642166867,4467.702689611211,0.0,0.013415190216367149,0.00225319854929735
BC,M6,2037-01-01T00:00:00,F,84,-27.21713089214245,54700.0,24400.0,-0.0004975709486680521,76093.51642166867,4467.702689611211,0.0,0.006091974507486966,0.0011154561841041988
BC,M6,2037-01-01T00:00:00,F,85,4.609087286105932,54700.0,22300.0,8.426119353027298e-05,76093.51642166867,4467.702689611211,6.057135355087141e-05,0.0,0.0
BC,M6,2037-01-01T00:00:00,F,86,-49.81992831162279,54700.0,20500.0,-0.0009107847954592832,76093.51642166867,4467.702689611211,0.0,0.011151128840213452,0.002430240405445014
BC,M6,2037-01-01T00:00:00,F,87,-91.05718518400681,54700.0,18999.999999999996,-0.0016646651770385159,76093.51642166867,4467.702689611211,0.0,0.020381209652948235,0.004792483430737201
BC,M6,2037-01-01T00:00:00,F,88,-176.22550727775888,54700.0,16800.000000000004,-0.0032216728935604913,76093.51642166867,4467.702689611211,0.0,0.039444322847967846,0.010489613528438026
BC,M6,2037-01-01T00:00:00,F,89,-132.78540037420498,54700.0,15300.0,-0.002427521030607038,76093.51642166867,4467.702689611211,0.0,0.02972118101837261,0.008678784338183332
BC,M6,2037-01-01T00:00:00,F,90,-103.69374505448286,54700.0,13700.000000000002,-0.0018956808967912772,76093.51642166867,4467.702689611211,0.0,0.023209634180806803,0.007568886500327215
BC,M6,2037-01-01T00:00:00,F,91,-185.26588066150543,54700.0,10000.0,-0.0033869448018556754,76093.51642166867,4467.702689611211,0.0,0.04146781769796496,0.018526588066150543
BC,M6,2037-01-01T00:00:00,F,92,-144.25183601700883,54700.0,8200.0,-0.0026371450825778578,76093.51642166867,4467.702689611211,0.0,0.032287698183775505,0.01759168731914742
BC,M6,2037-01-01T00:00:00,F,93,-171.9209436393876,54700.0,6900.000000000001,-0.003142978859952241,76093.51642166867,4467.702689611211,0.0,0.03848083804662224,0.024916078788317038
BC,M6,2037-01-01T00:00:00,F,94,-152.67218784279612,54700.0,5500.0,-0.0027910820446580644,76093.51642166867,4467.702689611211,0.0,0.03417241442627911,0.027758579607781112
BC,M6,2037-01-01T00:00:00,F,95,-156.4911362887733,54700.0,4200.0,-0.0028608982868148685,76093.51642166867,4467.702689611211,0.0,0.03502720461965017,0.037259794354469834
BC,M6,2037-01-01T00:00:00,F,96,-138.66214626150577,54700.0,3300.0,-0.0025349569700458094,76093.51642166867,4467.702689611211,0.0,0.03103656529874696,0.042018832200456296
BC,M6,2037-01-01T00:00:00,F,97,-64.80561632761055,54700.0,2400.0,-0.0011847461851482734,76093.51642166867,4467.702689611211,0.0,0.01450535562232098,0.027002340136504398
BC,M6,2037-01-01T00:00:00,F,98,-147.95208311130818,54700.0,1700.0000000000002,-0.00270479128174238,76093.51642166867,4467.702689611211,0.0,0.03311591961017068,0.08703063712429893
BC,M6,2037-01-01T00:00:00,F,99,-33.40226967859985,54700.0,1300.0,-0.0006106447838866517,76093.51642166867,4467.702689611211,0.0,0.00747638596370131,0.02569405359892296
BC,M6,2037-01-01T00:00:00,F,100,1582.7064410970756,54700.0,2500.0,0.028934304224809426,76093.51642166867,4467.702689611211,0.020799491409052275,0.0,0.0
BC,M6,2037-01-01T00:00:00,M,1,478.0170816345635,54700.0,28000.0,0.008738886318730594,76093.51642166867,4467.702689611211,0.00628196861064554,0.0,0.0
BC,M6,2037-01-01T00:00:00,M,2,405.0228051740887,54700.0,28000.0,0.007404438851445863,76093.51642166867,4467.702689611211,0.005322697967191761,0.0,0.0
BC,M6,2037-01-01T00:00:00,M,3,403.5067339570378,54700.0,28099.999999999996,0.007376722741444932,76093.51642166867,4467.702689611211,0.0053027741775136805,0.0,0.0
BC,M6,2037-01-01T00:00:00,M,4,502.4108544258088,54700.0,28200.000000000004,0.009184841945627218,76093.51642166867,4467.702689611211,0.0066025448428710075,0.0,0.0
BC,M6,2037-01-01T00:00:00,M,5,501.98675096264196,54700.0,28400.0,0.009177088683046472,76093.51642166867,4467.702689611211,0.006596971392160481,0.0,0.0
BC,M6,2037-01-01T00:00:00,M,6,601.5507828058071,54700.0,28599.999999999996,0.01099727208054492,76093.51642166867,4467.702689611211,0.007905414430742582,0.0,0.0
BC,M6,2037-01-01T00:00:00,M,7,401.34348148270874,54700.0,28700.0,0.00733717516421771,76093.51642166867,4467.702689611211,0.005274345310297957,0.0,0.0
BC,M6,2037-01-01T00:00:00,M,8,401.34822876710314,54700.0,28799.999999999996,0.007337261951866602,76093.51642166867,4467.702689611211,0.005274407697799779,0.0,0.0
BC,M6,2037-01-01T00:00:00,M,9,401.35297605149754,54700.0,28900.0,0.0073373487395154945,76093.51642166867,4467.702689611211,0.005274470085301602,0.0,0.0
BC,M6,2037-01-01T00:00:00,M,10,501.35297605149754,54700.0,29000.0,0.009165502304414945,76093.51642166867,4467.702689611211,0.006588642497125162,0.0,0.0
BC,M6,2037-01-01T00:00:00,M,11,401.35772333589193,54700.0,29000.0,0.007337435527164387,76093.51642166867,4467.702689611211,0.005274532472803423,0.0,0.0
BC,M6,2037-01-01T00:00:00,M,12,401.8103053409686,54700.0,29000.0,0.00734570942122429,76093.51642166867,4467.702689611211,0.005280480180655019,0.0,0.0
BC,M6,2037-01-01T00:00:00,M,13,402.03659776099084,54700.0,29000.0,0.007349846394168023,76093.51642166867,4467.702689611211,0.005283454053208999,0.0,0.0
BC,M6,2037-01-01T00:00:00,M,14,602.7154806910694,54700.0,29200.0,0.01101856454645465,76093.51642166867,4467.702689611211,0.007920720569031791,0.0,0.0
BC,M6,2037-01-01T00:00:00,M,15,1103.6459905401862,54700.0,29900.000000000004,0.02017634351993028,76093.51642166867,4467.702689611211,0.014503811131875986,0.0,0.0
BC,M6,2037-01-01T00:00:00,M,16,1605.620995977155,54700.0,31199.999999999996,0.029353217476730437,76093.51642166867,4467.702689611211,0.021100628167578447,0.0,0.0
BC,M6,2037-01-01T00:00:00,M,17,1508.5013009329414,54700.0,33100.0,0.027577720309560173,76093.51642166867,4467.702689611211,0.019824307928860217,0.0,0.0
BC,M6,2037-01-01T00:00:00,M,18,2111.786093259281,54700.0,35200.0,0.03860669274697041,76093.51642166867,4467.702689611211,0.027752510234340035,0.0,0.0
BC,M6,2037-01-01T00:00:00,M,19,4416.011921674348,54700.0,39900.0,0.08073147937247437,76093.51642166867,4467.702689611211,0.05803401037748373,0.0,0.0
BC,M6,2037-01-01T00:00:00,M,20,2822.058784961053,54700.0,43199.99999999999,0.05159156828082363,76093.51642166867,4467.702689611211,0.037086717997401326,0.0,0.0
BC,M6,2037-01-01T00:00:00,M,21,1027.6264004927798,54700.0,44100.00000000001,0.018786588674456667,76093.51642166867,4467.702689611211,0.013504782651891603,0.0,0.0
BC,M6,2037-01-01T00:00:00,M,22,32.67674706382968,54700.0,44400.0,0.0005973811163405791,76093.51642166867,4467.702689611211,0.0004294287949942149,0.0,0.0
BC,M6,2037-01-01T00:00:00,M,23,-163.95124051480525,54700.0,43600.0,-0.002997280448168286,76093.51642166867,4467.702689611211,0.0,0.03669698990849202,0.0037603495530918636
BC,M6,2037-01-01T00:00:00,M,24,-61.09918162368558,54700.0,43400.0,-0.0011169868669777985,76093.51642166867,4467.702689611211,0.0,0.013675749231424924,0.001407815244785382
BC,M6,2037-01-01T00:00:00,M,25,140.30762504119775,54700.0,42900.0,0.0025650388490164122,76093.51642166867,4467.702689611211,0.001843884099976266,0.0,0.0
BC,M6,2037-01-01T00:00:00,M,26,341.7469148025193,54700.0,42500.0,0.006247658405896148,76093.51642166867,4467.702689611211,0.004491143672592876,0.0,0.0
BC,M6,2037-01-01T00:00:00,M,27,644.6077252419345,54700.0,43300.0,0.011784419108627688,76093.51642166867,4467.702689611211,0.00847125688961292,0.0,0.0
BC,M6,2037-01-01T00:00:00,M,28,547.4140103956743,54700.0,43600.00000000001,0.010007568745807573,76093.51642166867,4467.702689611211,0.007193963903076907,0.0,0.0
BC,M6,2037-01-01T00:00:00,M,29,550.3677968498669,54700.0,43499.99999999999,0.010061568498169412,76093.51642166867,4467.702689611211,0.007232781749762088,0.0,0.0
BC,M6,2037-01-01T00:00:00,M,30,453.1468919021863,54700.0,42900.0,0.008284221058540884,76093.51642166867,4467.702689611211,0.005955131438414463,0.0,0.0
BC,M6,2037-01-01T00:00:00,M,31,656.3774831766132,54700.0,42500.0,0.01199958835789055,76093.51642166867,4467.702689611211,0.00862593180132888,0.0,0.0
BC,M6,2037-01-01T00:00:00,M,32,460.35858307594026,54700.0,42299.99999999999,0.008416061847823406,76093.51642166867,4467.702689611211,0.006049905494245852,0.0,0.0
BC,M6,2037-01-01T00:00:00,M,33,464.31362789698323,54700.0,42500.0,0.008488366140712673,76093.51642166867,4467.702689611211,0.006101881602159256,0.0,0.0
BC,M6,2037-01-01T00:00:00,M,34,667.334835730886,54700.0,42300.0,0.01219990558923009,76093.51642166867,4467.702689611211,0.008769930305663379,0.0,0.0
BC,M6,2037-01-01T00:00:00,M,35,569.3053486444624,54700.0,41800.0,0.01040777602640699,76093.51642166867,4467.702689611211,0.007481653830921459,0.0,0.0
BC,M6,2037-01-01T00:00:00,M,36,575.7552511274916,54700.0,44199.99999999999,0.010525690148583029,76093.51642166867,4467.702689611211,0.007566416669942953,0.0,0.0
BC,M6,2037-01-01T00:00:00,M,37,281.75001430118573,54700.0,46099.99999999999,0.0051508229305518415,76093.51642166867,4467.702689611211,0.0037026809582551183,0.0,0.0
BC,M6,2037-01-01T00:00:00,M,38,285.9491783194535,54700.0,46800.0,0.005227590097247779,76093.51642166867,4467.702689611211,0.003757865213310415,0.0,0.0
BC,M6,2037-01-01T00:00:00,M,39,289.6539184254725,54700.0,47000.0,0.005295318435566225,76093.51642166867,4467.702689611211,0.00380655188571348,0.0,0.0
BC,M6,2037-01-01T00:00:00,M,40,294.5575065769517,54700.0,47600.0,0.005384963557165479,76093.51642166867,4467.702689611211,0.003870993488389668,0.0,0.0
BC,M6,2037-01-01T00:00:00,M,41,299.7282896940087,54700.0,48100.0,0.005479493413053176,76093.51642166867,4467.702689611211,0.003938946493589262,0.0,0.0
BC,M6,2037-01-01T00:00:00,M,42,305.3161621245454,54700.0,48400.0,0.005581648302094066,76093.51642166867,4467.702689611211,0.00401238077147927,0.0,0.0
BC,M6,2037-01-01T00:00:00,M,43,310.43193472690473,54700.0,48299.99999999999,0.005675172481296248,76093.51642166867,4467.702689611211,0.004079610843671104,0.0,0.0
BC,M6,2037-01-01T00:00:00,M,44,315.90610018221196,54700.0,48200.0,0.00577524863221594,76093.51642166867,4467.702689611211,0.004151550815862327,0.0,0.0
BC,M6,2037-01-01T00:00:00,M,45,321.6102113743036,54700.0,48200.0,0.005879528544319993,76093.51642166867,4467.702689611211,0.004226512671488536,0.0,0.0
BC,M6,2037-01-01T00:00:00,M,46,327.80847941571847,54700.0,48099.99999999999,0.005992842402481142,76093.51642166867,4467.702689611211,0.004307968600099687,0.0,0.0
BC,M6,2037-01-01T00:00:00,M,47,234.35902303588955,54700.0,47900.0,0.004284442834294142,76093.51642166867,4467.702689611211,0.0030798816253568826,0.0,0.0
BC,M6,2037-01-01T00:00:00,M,48,238.59427309854073,54700.0,46900.0,0.004361869709296905,76093.51642166867,4467.702689611211,0.0031355401132519846,0.0,0.0
BC,M6,2037-01-01T00:00:00,M,49,141.6909738529066,54700.0,45300.0,0.002590328589632662,76093.51642166867,4467.702689611211,0.0018620636884190329,0.0,0.0
BC,M6,2037-01-01T00:00:00,M,50,147.27796257870068,54700.0,44600.0,0.002692467323193797,76093.51642166867,4467.702689611211,0.0019354863529051113,0.0,0.0
BC,M6,2037-01-01T00:00:00,M,51,155.4129616713617,54700.0,44500.0,0.002841187599110817,76093.51642166867,4467.702689611211,0.0020423942666829595,0.0,0.0
BC,M6,2037-01-01T00:00:00,M,52,160.8860438930351,54700.0,43500.0,0.0029412439468562176,76093.51642166867,4467.702689611211,0.002114320003316611,0.0,0.0
BC,M6,2037-01-01T00:00:00,M,53,66.22973263163294,54700.0,42300.0,0.001210781218128573,76093.51642166867,4467.702689611211,0.0008703728746694261,0.0,0.0
BC,M6,2037-01-01T00:00:00,M,54,170.49358529928577,54700.0,41000.0,0.00311688455757378,76093.51642166867,4467.702689611211,0.002240579661932083,0.0,0.0
BC,M6,2037-01-01T00:00:00,M,55,176.6771775916277,54700.0,39900.0,0.0032299301205050766,76093.51642166867,4467.702689611211,0.0023218427258976885,0.0,0.0
BC,M6,2037-01-01T00:00:00,M,56,181.94189066709805,54700.0,38599.99999999999,0.0033261771602760156,76093.51642166867,4467.702689611211,0.0023910301326971876,0.0,0.0
BC,M6,2037-01-01T00:00:00,M,57,186.34897603739955,54700.0,37100.0,0.0034067454485813445,76093.51642166867,4467.702689611211,0.002448946832799202,0.0,0.0
BC,M6,2037-01-01T00:00:00,M,58,289.88681902779354,54700.0,35499.99999999999,0.005299576216230229,76093.51642166867,4467.702689611211,0.0038096126011761535,0.0,0.0
BC,M6,2037-01-01T00:00:00,M,59,196.20507760425244,54700.0,34200.0,0.0035869301207358765,76093.51642166867,4467.702689611211,0.0025784730004720924,0.0,0.0
BC,M6,2037-01-01T00:00:00,M,60,207.86014149465336,54700.0,33799.99999999999,0.0038000025867395495,76093.51642166867,4467.702689611211,0.002731640634700151,0.0,0.0
BC,M6,2037-01-01T00:00:00,M,61,218.92989693282288,54700.0,33200.0,0.004002374715408097,76093.51642166867,4467.702689611211,0.002877116306724913,0.0,0.0
BC,M6,2037-01-01T00:00:00,M,62,233.85757594514143,54700.0,33000.0,0.004275275611428545,76093.51642166867,4467.702689611211,0.003073291746030379,0.0,0.0
BC,M6,2037-01-01T00:00:00,M,63,247.86784979829463,54700.0,32499.999999999996,0.004531404932327141,76093.51642166867,4467.702689611211,0.003257410899829448,0.0,0.0
BC,M6,2037-01-01T00:00:00,M,64,166.15447623083674,54700.0,32300.0,0.0030375589804540535,76093.51642166867,4467.702689611211,0.0021835562876355913,0.0,0.0
BC,M6,2037-01-01T00:00:00,M,65,190.81659184355885,54700.0,32700.0,0.003488420326207657,76093.51642166867,4467.702689611211,0.002507659007190016,0.0,0.0
BC,M6,2037-01-01T00:00:00,M,66,228.65965667802084,54700.0,34199.99999999999,0.004180249665046085,76093.51642166867,4467.702689611211,0.003004982125033019,0.0,0.0
BC,M6,2037-01-01T00:00:00,M,67,155.94108884625166,54700.0,34099.99999999999,0.0028508425748857706,76093.51642166867,4467.702689611211,0.0020493347683147064,0.0,0.0
BC,M6,2037-01-01T00:00:00,M,68,176.9617890673544,54700.0,33300.0,0.0032351332553446875,76093.51642166867,4467.702689611211,0.0023255830113925726,0.0,0.0
BC,M6,2037-01-01T00:00:00,M,69,197.01629675905133,54700.0,32299.999999999996,0.0036017604526334796,76093.51642166867,4467.702689611211,0.0025891338188038875,0.0,0.0
BC,M6,2037-01-01T00:00:00,M,70,125.06386916339034,54700.0,31699.999999999996,0.0022863595825117064,76093.51642166867,4467.702689611211,0.0016435548657043886,0.0,0.0
BC,M6,2037-01-01T00:00:00,M,71,175.82670409044295,54700.0,32600.0,0.0032143821588746426,76093.51642166867,4467.702689611211,0.0023106660377752485,0.0,0.0
BC,M6,2037-01-01T00:00:00,M,72,139.63304374404106,54700.0,33799.99999999999,0.0025527064669842972,76093.51642166867,4467.702689611211,0.0018350189386737114,0.0,0.0
BC,M6,2037-01-01T00:00:00,M,73,104.81887188901601,54700.0,34600.0,0.0019162499431264353,76093.51642166867,4467.702689611211,0.0013775006967501294,0.0,0.0
BC,M6,2037-01-01T00:00:00,M,74,161.7326517411493,54700.0,34600.0,0.002956721238412236,76093.51642166867,4467.702689611211,0.002125445890092861,0.0,0.0
BC,M6,2037-01-01T00:00:00,M,75,87.96458128783343,54700.0,32700.0,0.0016081276286624027,76093.51642166867,4467.702689611211,0.0011560062594608168,0.0,0.0
BC,M6,2037-01-01T00:00:00,M,76,41.25312890953137,54700.0,31999.999999999996,0.0007541705467921639,76093.51642166867,4467.702689611211,0.0005421372391430707,0.0,0.0
BC,M6,2037-01-01T00:00:00,M,77,-12.794492578708741,54700.0,30800.000000000004,-0.00023390297218845962,76093.51642166867,4467.702689611211,0.0,0.002863774397624956,0.0004154056032048292
BC,M6,2037-01-01T00:00:00,M,78,22.670660391460842,54700.0,29199.999999999996,0.00041445448613273934,76093.51642166867,4467.702689611211,0.0002979315644427895,0.0,0.0
BC,M6,2037-01-01T00:00:00,M,79,-17.171168299355486,54700.0,28300.0,-0.0003139153253995518,76093.51642166867,4467.702689611211,0.0,0.0038433999512285716,0.0006067550635814659
BC,M6,2037-01-01T00:00:00,M,80,8.144769562964939,54700.0,26300.0,0.000148898895118189,76093.51642166867,4467.702689611211,0.00010703631460308758,0.0,0.0
BC,M6,2037-01-01T00:00:00,M,81,-39.928937092932756,54700.0,25000.0,-0.0007299622868909096,76093.51642166867,4467.702689611211,0.0,0.008937241322207915,0.0015971574837173102
BC,M6,2037-01-01T00:00:00,M,82,-5.960504023183603,54700.0,23300.0,-0.00010896716678580626,76093.51642166867,4467.702689611211,0.0,0.0013341317534498471,0.00025581562331260097
BC,M6,2037-01-01T00:00:00,M,83,-96.86694665335017,54700.0,21000.0,-0.0017708765384524712,76093.51642166867,4467.702689611211,0.0,0.021681600899405358,0.004612711745397627
BC,M6,2037-01-01T00:00:00,M,84,-70.91614572658,54700.0,19300.0,-0.0012964560461897624,76093.51642166867,4467.702689611211,0.0,0.015873067357745612,0.00367441169567772
BC,M6,2037-01-01T00:00:00,M,85,-155.48188894529085,54700.0,17400.0,-0.002842447695526341,76093.51642166867,4467.702689611211,0.0,0.034801306117981906,0.008935740743982233
BC,M6,2037-01-01T00:00:00,M,86,-41.840258825264755,54700.0,15799.999999999998,-0.000764904183277235,76093.51642166867,4467.702689611211,0.0,0.009365049944472868,0.0026481176471686557
BC,M6,2037-01-01T00:00:00,M,87,-108.87123050965965,54700.0,14400.0,-0.0019903332817122425,76093.51642166867,4467.702689611211,0.0,0.02436850392100148,0.007560502118726365
BC,M6,2037-01-01T00:00:00,M,88,-120.0241264745946,54700.0,12599.999999999998,-0.0021942253468847277,76093.51642166867,4467.702689611211,0.0,0.02686484191387394,0.009525724323380525
BC,M6,2037-01-01T00:00:00,M,89,-194.7337061734106,54700.0,11300.0,-0.0035600311914700295,76093.51642166867,4467.702689611211,0.0,0.04358698859398738,0.0172330713427797
BC,M6,2037-01-01T00:00:00,M,90,-206.55484276465904,54700.0,9799.999999999998,-0.003776139721474571,76093.51642166867,4467.702689611211,0.0,0.04623289800482088,0.02107702477190399
BC,M6,2037-01-01T00:00:00,M,91,-202.32526550363582,54700.0,7000.0,-0.0036988165539969986,76093.51642166867,4467.702689611211,0.0,0.045286197305408116,0.02890360935766226
BC,M6,2037-01-01T00:00:00,M,92,-190.69309844660984,54700.0,5499.999999999999,-0.0034861626772689186,76093.51642166867,4467.702689611211,0.0,0.042682584696163914,0.03467147244483816
BC,M6,2037-01-01T00:00:00,M,93,-148.230561512024,54700.0,4499.999999999999,-0.002709882294552541,76093.51642166867,4467.702689611211,0.0,0.03317825106328267,0.03294012478044978
BC,M6,2037-01-01T00:00:00,M,94,-133.8154552760907,54700.0,3500.0,-0.002446352016016283,76093.51642166867,4467.702689611211,0.0,0.029951736848392568,0.0382329872217402
BC,M6,2037-01-01T00:00:00,M,95,-150.9313626416979,54700.0,2500.0,-0.0027592570866855188,76093.51642166867,4467.702689611211,0.0,0.03378276781771086,0.060372545056679154
BC,M6,2037-01-01T00:00:00,M,96,-151.2494316551929,54700.0,1799.9999999999998,-0.0027650718766945685,76093.51642166867,4467.702689611211,0.0,0.03385396078546018,0.08402746203066273
BC,M6,2037-01-01T00:00:00,M,97,-52.59262095181953,54700.0,1299.9999999999998,-0.0009614738748047445,76093.51642166867,4467.702689611211,0.0,0.011771736976615212,0.04045586227063041
BC,M6,2037-01-01T00:00:00,M,98,-32.98989694480906,54700.0,899.9999999999999,-0.0006031059770531821,76093.51642166867,4467.702689611211,0.0,0.007384085118627245,0.03665544104978785
BC,M6,2037-01-01T00:00:00,M,99,-6.9459261278747135,54700.0,600.0,-0.00012698219612202401,76093.51642166867,4467.702689611211,0.0,0.0015546974833455542,0.011576543546457856
BC,M6,2037-01-01T00:00:00,M,100,556.3884261034663,54700.0,1000.0,0.010171634846498469,76093.51642166867,4467.702689611211,0.00731190319843107,0.0,0.0
BC,M6,2038-01-01T00:00:00,F,1,275.25107787913294,55600.0,26900.0,0.004950558954660665,74570.54430530226,4121.29816774835,0.0036911501779069286,0.0,0.0
BC,M6,2038-01-01T00:00:00,F,2,303.3029416004574,55600.0,26800.000000000004,0.005455088877706069,74570.54430530226,4121.29816774835,0.004067329056345528,0.0,0.0
BC,M6,2038-01-01T00:00:00,F,3,302.64233987604166,55600.0,26800.000000000004,0.005443207551727368,74570.54430530226,4121.29816774835,0.004058470307484702,0.0,0.0
BC,M6,2038-01-01T00:00:00,F,4,302.20194244990853,55600.0,26800.0,0.005435286734710585,74570.54430530226,4121.29816774835,0.004052564524843099,0.0,0.0
BC,M6,2038-01-01T00:00:00,F,5,501.98174485389245,55600.0,27000.0,0.009028448648451303,74570.54430530226,4121.29816774835,0.006731635789041701,0.0,0.0
BC,M6,2038-01-01T00:00:00,F,6,501.77484270444984,55600.0,27200.0,0.009024727386770681,74570.54430530226,4121.29816774835,0.006728861206244027,0.0,0.0
BC,M6,2038-01-01T00:00:00,F,7,501.5646175848706,55600.0,27400.0,0.009020946359440118,74570.54430530226,4121.29816774835,0.00672604206201573,0.0,0.0
BC,M6,2038-01-01T00:00:00,F,8,401.35106951202397,55600.0,27500.0,0.007218544415683884,74570.54430530226,4121.29816774835,0.005382166286313218,0.0,0.0
BC,M6,2038-01-01T00:00:00,F,9,301.3560550083748,55600.0,27500.0,0.005420072931805303,74570.54430530226,4121.29816774835,0.004041221072151236,0.0,0.0
BC,M6,2038-01-01T00:00:00,F,10,401.3560550083821,55600.0,27600.000000000004,0.0072186340828845705,74570.54430530226,4121.29816774835,0.005382233142421144,0.0,0.0
BC,M6,2038-01-01T00:00:00,F,11,301.36104050473296,55600.0,27600.000000000004,0.005420162599005988,74570.54430530226,4121.29816774835,0.004041287928259161,0.0,0.0
BC,M6,2038-01-01T00:00:00,F,12,301.58788327387447,55600.0,27600.000000000004,0.0054242425049258,74570.54430530226,4121.29816774835,0.004044329917173883,0.0,0.0
BC,M6,2038-01-01T00:00:00,F,13,301.8147268101711,55600.0,27600.000000000004,0.005428322424643366,74570.54430530226,4121.29816774835,0.0040473719163762484,0.0,0.0
BC,M6,2038-01-01T00:00:00,F,14,502.04157111362656,55600.0,27800.0,0.009029524660317024,74570.54430530226,4121.29816774835,0.006732438066405925,0.0,0.0
BC,M6,2038-01-01T00:00:00,F,15,1102.7420508147552,55600.0,28600.0,0.019833490122567538,74570.54430530226,4121.29816774835,0.014787904005366713,0.0,0.0
BC,M6,2038-01-01T00:00:00,F,16,1903.9834856813395,55600.0,30100.0,0.03424430729642697,74570.54430530226,4121.29816774835,0.02553264835893063,0.0,0.0
BC,M6,2038-01-01T00:00:00,F,17,1605.9428925377943,55600.0,31400.0,0.028883864973701337,74570.54430530226,4121.29816774835,0.02153588803057195,0.0,0.0
BC,M6,2038-01-01T00:00:00,F,18,2207.8275469383516,55600.0,33600.0,0.03970912854205668,74570.54430530226,4121.29816774835,0.029607233895185155,0.0,0.0
BC,M6,2038-01-01T00:00:00,F,19,4210.141014020359,55600.0,38100.0,0.07572196068381941,74570.54430530226,4121.29816774835,0.0564584991733928,0.0,0.0
BC,M6,2038-01-01T00:00:00,F,20,2413.150855856795,55600.0,41000.00000000001,0.043401993810374004,74570.54430530226,4121.29816774835,0.03236064425085885,0.0,0.0
BC,M6,2038-01-01T00:00:00,F,21,715.4061997228127,55600.0,41900.0,0.012867017980626129,74570.54430530226,4121.29816774835,0.009593683489741465,0.0,0.0
BC,M6,2038-01-01T00:00:00,F,22,-183.3273161051693,55600.0,41600.0,-0.0032972538867836205,74570.54430530226,4121.29816774835,0.0,0.04448290529906727,0.004406906637143493
BC,M6,2038-01-01T00:00:00,F,23,117.54529673355137,55600.0,41500.0,0.0021141240419703484,74570.54430530226,4121.29816774835,0.0015762966172313889,0.0,0.0
BC,M6,2038-01-01T00:00:00,F,24,318.1893672024453,55600.0,41600.00000000001,0.005722830345367721,74570.54430530226,4121.29816774835,0.004266957820499921,0.0,0.0
BC,M6,2038-01-01T00:00:00,F,25,618.3214933564523,55600.0,42200.0,0.011120890168281515,74570.54430530226,4121.29816774835,0.008291765858982569,0.0,0.0
BC,M6,2038-01-01T00:00:00,F,26,418.4536195104665,55600.0,42300.0,0.0075261442357997576,74570.54430530226,4121.29816774835,0.005611513546116262,0.0,0.0
BC,M6,2038-01-01T00:00:00,F,27,618.7569596966496,55600.0,42400.0,0.01112872229670233,74570.54430530226,4121.29816774835,0.008297605515166576,0.0,0.0
BC,M6,2038-01-01T00:00:00,F,28,619.5156806401428,55600.0,43300.0,0.011142368356837101,74570.54430530226,4121.29816774835,0.008307780054598486,0.0,0.0
BC,M6,2038-01-01T00:00:00,F,29,720.4622416606508,55600.0,43900.0,0.012957953986702351,74570.54430530226,4121.29816774835,0.009661485622405777,0.0,0.0
BC,M6,2038-01-01T00:00:00,F,30,621.4744573360804,55600.0,44400.0,0.011177598153526626,74570.54430530226,4121.29816774835,0.00833404748652064,0.0,0.0
BC,M6,2038-01-01T00:00:00,F,31,722.411928358466,55600.0,44200.00000000001,0.012993020294217013,74570.54430530226,4121.29816774835,0.009687631156355923,0.0,0.0
BC,M6,2038-01-01T00:00:00,F,32,523.6934825324352,55600.0,43699.99999999999,0.009418947527561783,74570.54430530226,4121.29816774835,0.007022792811976276,0.0,0.0
BC,M6,2038-01-01T00:00:00,F,33,525.1296211588415,55600.0,43700.00000000001,0.009444777358971968,74570.54430530226,4121.29816774835,0.007042051604302192,0.0,0.0
BC,M6,2038-01-01T00:00:00,F,34,627.1117996937319,55600.0,44100.00000000001,0.011278989203124675,74570.54430530226,4121.29816774835,0.00840964492797918,0.0,0.0
BC,M6,2038-01-01T00:00:00,F,35,628.587089523251,55600.0,43600.0,0.011305523192864228,74570.54430530226,4121.29816774835,0.008429428742664495,0.0,0.0
BC,M6,2038-01-01T00:00:00,F,36,630.9442286886915,55600.0,43400.0,0.011347917782170711,74570.54430530226,4121.29816774835,0.008461038263386109,0.0,0.0
BC,M6,2038-01-01T00:00:00,F,37,435.38733336082805,55600.0,45700.00000000001,0.007830707434547267,74570.54430530226,4121.29816774835,0.005838596692794561,0.0,0.0
BC,M6,2038-01-01T00:00:00,F,38,339.2820505237323,55600.0,47100.0,0.006102195153304538,74570.54430530226,4121.29816774835,0.004549813249782167,0.0,0.0
BC,M6,2038-01-01T00:00:00,F,39,341.49133110310504,55600.0,47399.99999999999,0.006141930415523472,74570.54430530226,4121.29816774835,0.0045794399690176815,0.0,0.0
BC,M6,2038-01-01T00:00:00,F,40,343.63333289406,55600.0,47600.0,0.0061804556275910074,74570.54430530226,4121.29816774835,0.004608164471579784,0.0,0.0
BC,M6,2038-01-01T00:00:00,F,41,345.01486514348653,55600.0,47400.0,0.006205303329918823,74570.54430530226,4121.29816774835,0.004626690985799263,0.0,0.0
BC,M6,2038-01-01T00:00:00,F,42,347.56989378439175,55600.0,48400.0,0.006251257082453089,74570.54430530226,4121.29816774835,0.004660954228272653,0.0,0.0
BC,M6,2038-01-01T00:00:00,F,43,448.9647686451499,55600.0,48300.0,0.00807490591088399,74570.54430530226,4121.29816774835,0.006020671738790389,0.0,0.0
BC,M6,2038-01-01T00:00:00,F,44,350.9556372950392,55600.0,48199.99999999999,0.006312151749910777,74570.54430530226,4121.29816774835,0.004706357457418812,0.0,0.0
BC,M6,2038-01-01T00:00:00,F,45,253.5674578339822,55600.0,48300.0,0.004560565788380975,74570.54430530226,4121.29816774835,0.003400370215830013,0.0,0.0
BC,M6,2038-01-01T00:00:00,F,46,256.8351688612747,55600.0,48700.0,0.004619337569447387,74570.54430530226,4121.29816774835,0.0034441906151275433,0.0,0.0
BC,M6,2038-01-01T00:00:00,F,47,259.5344741793233,55600.0,48600.00000000001,0.004667886226246822,74570.54430530226,4121.29816774835,0.00348038862525601,0.0,0.0
BC,M6,2038-01-01T00:00:00,F,48,163.15577519033104,55600.0,48500.0,0.0029344563883153063,74570.54430530226,4121.29816774835,0.002187938638644616,0.0,0.0
BC,M6,2038-01-01T00:00:00,F,49,265.5139630571648,55600.0,47399.99999999999,0.004775430990236777,74570.54430530226,4121.29816774835,0.003560574292848305,0.0,0.0
BC,M6,2038-01-01T00:00:00,F,50,268.88398104807857,55600.0,46500.0,0.00483604282460573,74570.54430530226,4121.29816774835,0.003605766640876723,0.0,0.0
BC,M6,2038-01-01T00:00:00,F,51,172.6691385405211,55600.0,45400.0,0.0031055600456928252,74570.54430530226,4121.29816774835,0.0023155139894592888,0.0,0.0
BC,M6,2038-01-01T00:00:00,F,52,277.9732069804086,55600.0,45299.99999999999,0.004999518111158428,74570.54430530226,4121.29816774835,0.003727654257723362,0.0,0.0
BC,M6,2038-01-01T00:00:00,F,53,282.29767416400136,55600.0,44400.0,0.005077296297913694,74570.54430530226,4121.29816774835,0.0037856458846301983,0.0,0.0
BC,M6,2038-01-01T00:00:00,F,54,287.5054536419484,55600.0,43700.00000000001,0.005170961396437921,74570.54430530226,4121.29816774835,0.003855482836022502,0.0,0.0
BC,M6,2038-01-01T00:00:00,F,55,293.2159546009498,55600.0,43000.0,0.005273668248218521,74570.54430530226,4121.29816774835,0.0039320613431555835,0.0,0.0
BC,M6,2038-01-01T00:00:00,F,56,299.3943711459651,55600.0,42300.0,0.005384790847949013,74570.54430530226,4121.29816774835,0.004014914654775786,0.0,0.0
BC,M6,2038-01-01T00:00:00,F,57,203.95747870932246,55600.0,40700.0,0.003668299976786375,74570.54430530226,4121.29816774835,0.002735094407709993,0.0,0.0
BC,M6,2038-01-01T00:00:00,F,58,210.23894927313086,55600.0,39800.00000000001,0.0037812760660635046,74570.54430530226,4121.29816774835,0.0028193296861611086,0.0,0.0
BC,M6,2038-01-01T00:00:00,F,59,214.38398836865963,55600.0,38000.00000000001,0.003855827128932727,74570.54430530226,4121.29816774835,0.0028749151607495517,0.0,0.0
BC,M6,2038-01-01T00:00:00,F,60,320.8383816120622,55600.0,36900.0,0.005770474489425579,74570.54430530226,4121.29816774835,0.00430248142347607,0.0,0.0
BC,M6,2038-01-01T00:00:00,F,61,330.09280136186135,55600.0,36500.00000000001,0.0059369208878032615,74570.54430530226,4121.29816774835,0.004426584309354309,0.0,0.0
BC,M6,2038-01-01T00:00:00,F,62,242.95934143600607,55600.0,36600.00000000001,0.004369772327985721,74570.54430530226,4121.29816774835,0.003258114094504882,0.0,0.0
BC,M6,2038-01-01T00:00:00,F,63,254.1845422730039,55600.0,36100.0,0.004571664429370573,74570.54430530226,4121.29816774835,0.003408645392641051,0.0,0.0
BC,M6,2038-01-01T00:00:00,F,64,267.4612939257204,55600.0,35800.0,0.00481045492672159,74570.54430530226,4121.29816774835,0.0035866882348437254,0.0,0.0
BC,M6,2038-01-01T00:00:00,F,65,184.53967064439348,55600.0,35900.0,0.003319058824539451,74570.54430530226,4121.29816774835,0.0024746992577774703,0.0,0.0
BC,M6,2038-01-01T00:00:00,F,66,204.1687132826264,55600.0,36200.0,0.0036720991597594677,74570.54430530226,4121.29816774835,0.002737927088834582,0.0,0.0
BC,M6,2038-01-01T00:00:00,F,67,237.38607260490244,55600.0,38300.0,0.004269533679944288,74570.54430530226,4121.29816774835,0.0031833758867711973,0.0,0.0
BC,M6,2038-01-01T00:00:00,F,68,161.31718123398605,55600.0,38200.0,0.0029013881516903968,74570.54430530226,4121.29816774835,0.0021632828717667784,0.0,0.0
BC,M6,2038-01-01T00:00:00,F,69,185.87036872675526,55600.0,37900.00000000001,0.003342992243286965,74570.54430530226,4121.29816774835,0.002492544079680791,0.0,0.0
BC,M6,2038-01-01T00:00:00,F,70,203.7118685620153,55600.0,36500.0,0.0036638825280938003,74570.54430530226,4121.29816774835,0.0027318007459887963,0.0,0.0
BC,M6,2038-01-01T00:00:00,F,71,127.2032164366683,55600.0,35500.0,0.002287827633753027,74570.54430530226,4121.29816774835,0.0017058104861871531,0.0,0.0
BC,M6,2038-01-01T00:00:00,F,72,173.20136612060014,55600.0,36600.00000000001,0.003115132484183456,74570.54430530226,4121.29816774835,0.002322651225549454,0.0,0.0
BC,M6,2038-01-01T00:00:00,F,73,126.9136828120827,55600.0,37700.0,0.002282620194461919,74570.54430530226,4121.29816774835,0.0017019278053339705,0.0,0.0
BC,M6,2038-01-01T00:00:00,F,74,92.24513015265256,55600.0,39100.00000000001,0.0016590850746879958,74570.54430530226,4121.29816774835,0.0012370183295831673,0.0,0.0
BC,M6,2038-01-01T00:00:00,F,75,141.15368792507797,55600.0,38699.99999999999,0.002538735394335935,74570.54430530226,4121.29816774835,0.0018928879927062755,0.0,0.0
BC,M6,2038-01-01T00:00:00,F,76,72.69193218067812,55600.0,36700.00000000001,0.0013074088521704697,74570.54430530226,4121.29816774835,0.0009748075846552381,0.0,0.0
BC,M6,2038-01-01T00:00:00,F,77,30.864584759292484,55600.0,36200.0,0.0005551184309225267,74570.54430530226,4121.29816774835,0.0004138978070607685,0.0,0.0
BC,M6,2038-01-01T00:00:00,F,78,-13.645905508717988,55600.0,35200.0,-0.0002454299551927696,74570.54430530226,4121.29816774835,0.0,0.0033110697050520266,0.00038766777013403376
BC,M6,2038-01-01T00:00:00,F,79,-63.53019449848216,55600.0,33700.0,-0.001142629397454715,74570.54430530226,4121.29816774835,0.0,0.015415092990758189,0.0018851689762160878
BC,M6,2038-01-01T00:00:00,F,80,-5.094030189502519,55600.0,32500.000000000004,-9.161924801263523e-05,74570.54430530226,4121.29816774835,0.0,0.0012360256361372696,0.00015673939044623131
BC,M6,2038-01-01T00:00:00,F,81,44.7848881575992,55600.0,30800.000000000004,0.0008054835999568201,74570.54430530226,4121.29816774835,0.0006005707558502402,0.0,0.0
BC,M6,2038-01-01T00:00:00,F,82,5.339359957048146,55600.0,29300.0,9.603165390374363e-05,74570.54430530226,4121.29816774835,7.160146149916859e-05,0.0,0.0
BC,M6,2038-01-01T00:00:00,F,83,65.93765334750424,55600.0,27800.000000000004,0.0011859290170414432,74570.54430530226,4121.29816774835,0.0008842318902426975,0.0,0.0
BC,M6,2038-01-01T00:00:00,F,84,6.71112861274014,55600.0,25600.0,0.00012070375202770035,74570.54430530226,4121.29816774835,8.999704474817615e-05,0.0,0.0
BC,M6,2038-01-01T00:00:00,F,85,-60.32467866584193,55600.0,23300.0,-0.001084976234997157,74570.54430530226,4121.29816774835,0.0,0.014637300241443099,0.002589042002825834
BC,M6,2038-01-01T00:00:00,F,86,-28.453648756127222,55600.0,21200.000000000004,-0.0005117562725922162,74570.54430530226,4121.29816774835,0.0,0.006904050034232958,0.001342153243213548
BC,M6,2038-01-01T00:00:00,F,87,-87.65064348723172,55600.0,19299.999999999996,-0.0015764504224322251,74570.54430530226,4121.29816774835,0.0,0.02126772679859734,0.004541484118509416
BC,M6,2038-01-01T00:00:00,F,88,-133.93675437264392,55600.0,17700.0,-0.0024089344311626604,74570.54430530226,4121.29816774835,0.0,0.03249868097891582,0.0075670482696409
BC,M6,2038-01-01T00:00:00,F,89,-132.2128213914766,55600.0,15500.000000000002,-0.0023779284422927446,74570.54430530226,4121.29816774835,0.0,0.03208038244505624,0.008529859444611394
BC,M6,2038-01-01T00:00:00,F,90,-193.56284364152998,55600.0,13900.0,-0.003481346108660611,74570.54430530226,4121.29816774835,0.0,0.04696647409699115,0.013925384434642444
BC,M6,2038-01-01T00:00:00,F,91,-272.63185779839296,55600.0,12199.999999999998,-0.004903450679827211,74570.54430530226,4121.29816774835,0.0,0.06615193725411621,0.022346873590032214
BC,M6,2038-01-01T00:00:00,F,92,-83.64484638852082,55600.0,8900.000000000002,-0.0015044037120237558,74570.54430530226,4121.29816774835,0.0,0.02029575220814944,0.00939829734702481
BC,M6,2038-01-01T00:00:00,F,93,-159.05447640711373,55600.0,7100.000000000001,-0.0028606920217106786,74570.54430530226,4121.29816774835,0.0,0.03859329510585067,0.022402038930579394
BC,M6,2038-01-01T00:00:00,F,94,-110.14461478821886,55600.0,5899.999999999999,-0.00198101825158667,74570.54430530226,4121.29816774835,0.0,0.02672570881916942,0.018668578777664216
BC,M6,2038-01-01T00:00:00,F,95,-106.59803073294916,55600.0,4600.0,-0.0019172307685782221,74570.54430530226,4121.29816774835,0.0,0.02586515859666335,0.023173484941945467
BC,M6,2038-01-01T00:00:00,F,96,-129.51929543333063,55600.0,3400.000000000001,-0.002329483730815299,74570.54430530226,4121.29816774835,0.0,0.031426819939138935,0.038093910421567824
BC,M6,2038-01-01T00:00:00,F,97,-117.23559514779436,55600.0,2600.0,-0.002108553869564647,74570.54430530226,4121.29816774835,0.0,0.02844627842392811,0.04509061351838244
BC,M6,2038-01-01T00:00:00,F,98,-32.96051491871731,55600.0,1900.0,-0.0005928150165236926,74570.54430530226,4121.29816774835,0.0,0.007997605020828937,0.017347639430903845
BC,M6,2038-01-01T00:00:00,F,99,-36.940693327169356,55600.0,1300.0,-0.000664400959121751,74570.54430530226,4121.29816774835,0.0,0.008963363441221655,0.028415917943976427
BC,M6,2038-01-01T00:00:00,F,100,1603.38367406328,55600.0,2599.9999999999995,0.02883783586444748,74570.54430530226,4121.29816774835,0.02150156860192414,0.0,0.0
BC,M6,2038-01-01T00:00:00,M,1,477.83840228434565,55600.0,28400.0,0.008594215868423483,74570.54430530226,4121.29816774835,0.006407870651017489,0.0,0.0
BC,M6,2038-01-01T00:00:00,M,2,405.0110817798377,55600.0,28399.999999999996,0.0072843719744575125,74570.54430530226,4121.29816774835,0.005431247492597956,0.0,0.0
BC,M6,2038-01-01T00:00:00,M,3,403.4859157790779,55600.0,28399.999999999996,0.00725694093127838,74570.54430530226,4121.29816774835,0.005410794832436116,0.0,0.0
BC,M6,2038-01-01T00:00:00,M,4,402.40509957822724,55600.0,28500.0,0.00723750179097531,74570.54430530226,4121.29816774835,0.005396300956725277,0.0,0.0
BC,M6,2038-01-01T00:00:00,M,5,501.9748028586764,55600.0,28700.0,0.009028323792422238,74570.54430530226,4121.29816774835,0.0067315426960479355,0.0,0.0
BC,M6,2038-01-01T00:00:00,M,6,501.5468442308629,55600.0,28900.0,0.009020626694799692,74570.54430530226,4121.29816774835,0.006725803719193195,0.0,0.0
BC,M6,2038-01-01T00:00:00,M,7,501.33520060836963,55600.0,29100.0,0.009016820154826792,74570.54430530226,4121.29816774835,0.0067229655526696045,0.0,0.0
BC,M6,2038-01-01T00:00:00,M,8,401.33986914196066,55600.0,29100.0,0.007218342970179149,74570.54430530226,4121.29816774835,0.005382016087998754,0.0,0.0
BC,M6,2038-01-01T00:00:00,M,9,401.3445376755626,55600.0,29200.0,0.007218426936610838,74570.54430530226,4121.29816774835,0.005382078693597861,0.0,0.0
BC,M6,2038-01-01T00:00:00,M,10,401.34920620915,55600.0,29299.999999999996,0.007218510903042266,74570.54430530226,4121.29816774835,0.005382141299196772,0.0,0.0
BC,M6,2038-01-01T00:00:00,M,11,301.35387474274467,55600.0,29299.999999999996,0.005420033718394688,74570.54430530226,4121.29816774835,0.004041191834525971,0.0,0.0
BC,M6,2038-01-01T00:00:00,M,12,301.8051743359065,55600.0,29299.999999999996,0.005428150617552275,74570.54430530226,4121.29816774835,0.00404724381654335,0.0,0.0
BC,M6,2038-01-01T00:00:00,M,13,302.03082563481075,55600.0,29299.999999999996,0.005432209094151272,74570.54430530226,4121.29816774835,0.004050269827698376,0.0,0.0
BC,M6,2038-01-01T00:00:00,M,14,602.7077855409152,55600.0,29600.0,0.010840068085268259,74570.54430530226,4121.29816774835,0.008082384152559555,0.0,0.0
BC,M6,2038-01-01T00:00:00,M,15,1103.635312169612,55600.0,30300.0,0.019849555974273597,74570.54430530226,4121.29816774835,0.014799882747954398,0.0,0.0
BC,M6,2038-01-01T00:00:00,M,16,1605.5837892326454,55600.0,31500.0,0.028877406281162685,74570.54430530226,4121.29816774835,0.021531072411905165,0.0,0.0
BC,M6,2038-01-01T00:00:00,M,17,1508.2544803208984,55600.0,32700.0,0.0271268791424622,74570.54430530226,4121.29816774835,0.02022587463148845,0.0,0.0
BC,M6,2038-01-01T00:00:00,M,18,2111.590637826892,55600.0,35200.0,0.03797824888177863,74570.54430530226,4121.29816774835,0.028316685327945897,0.0,0.0
BC,M6,2038-01-01T00:00:00,M,19,4415.613343484591,55600.0,39600.0,0.0794175061777804,74570.54430530226,4121.29816774835,0.0592139079125727,0.0,0.0
BC,M6,2038-01-01T00:00:00,M,20,2921.4245618223576,55600.0,42799.99999999999,0.05254360722702082,74570.54430530226,4121.29816774835,0.03917665599786473,0.0,0.0
BC,M6,2038-01-01T00:00:00,M,21,1027.2314204171635,55600.0,44200.0,0.0184753852593015,74570.54430530226,4121.29816774835,0.013775297337398183,0.0,0.0
BC,M6,2038-01-01T00:00:00,M,22,31.91792392132629,55600.0,44100.0,0.0005740633798799693,74570.54430530226,4121.29816774835,0.00042802321236452075,0.0,0.0
BC,M6,2038-01-01T00:00:00,M,23,-164.0631496895585,55600.0,44200.0,-0.00295077607355321,74570.54430530226,4121.29816774835,0.0,0.03980860957196735,0.003711835965827115
BC,M6,2038-01-01T00:00:00,M,24,-61.6560093388689,55600.0,43499.99999999999,-0.0011089210312746204,74570.54430530226,4121.29816774835,0.0,0.014960336968910535,0.0014173795250314691
BC,M6,2038-01-01T00:00:00,M,25,140.19526096236223,55600.0,43500.0,0.0025214974993230618,74570.54430530226,4121.29816774835,0.001880035371451537,0.0,0.0
BC,M6,2038-01-01T00:00:00,M,26,241.73604108316067,55600.0,43100.0,0.0043477705230784295,74570.54430530226,4121.29816774835,0.003241709489117572,0.0,0.0
BC,M6,2038-01-01T00:00:00,M,27,543.6629983734383,55600.0,43000.0,0.00977811148153666,74570.54430530226,4121.29816774835,0.00729058642977857,0.0,0.0
BC,M6,2038-01-01T00:00:00,M,28,446.84466523188894,55600.0,43700.0,0.008036774554530376,74570.54430530226,4121.29816774835,0.005992240896116358,0.0,0.0
BC,M6,2038-01-01T00:00:00,M,29,450.22434997488017,55600.0,44000.0,0.008097560251346766,74570.54430530226,4121.29816774835,0.006037562876456937,0.0,0.0
BC,M6,2038-01-01T00:00:00,M,30,553.4960979130992,55600.0,44000.0,0.009954965789803942,74570.54430530226,4121.29816774835,0.007422449481487068,0.0,0.0
BC,M6,2038-01-01T00:00:00,M,31,656.7666864309722,55600.0,43500.0,0.011812350475377197,74570.54430530226,4121.29816774835,0.008807320538550413,0.0,0.0
BC,M6,2038-01-01T00:00:00,M,32,460.20869566631154,55600.0,42900.0,0.008277134814142294,74570.54430530226,4121.29816774835,0.006171454157316496,0.0,0.0
BC,M6,2038-01-01T00:00:00,M,33,463.5487750220709,55600.0,42699.99999999999,0.008337208183850196,74570.54430530226,4121.29816774835,0.006216245024633819,0.0,0.0
BC,M6,2038-01-01T00:00:00,M,34,567.4899662424577,55600.0,43000.0,0.010206654069108952,74570.54430530226,4121.29816774835,0.00761010894488143,0.0,0.0
BC,M6,2038-01-01T00:00:00,M,35,469.80781675779144,55600.0,42700.0,0.008449780876938696,74570.54430530226,4121.29816774835,0.006300179529793056,0.0,0.0
BC,M6,2038-01-01T00:00:00,M,36,571.2615023056205,55600.0,42300.0,0.010274487451539938,74570.54430530226,4121.29816774835,0.007660685698723022,0.0,0.0
BC,M6,2038-01-01T00:00:00,M,37,277.4185708886216,55600.0,44400.0,0.004989542641881684,74570.54430530226,4121.29816774835,0.0037202165207864263,0.0,0.0
BC,M6,2038-01-01T00:00:00,M,38,283.6189911199763,55600.0,46300.0,0.0051010609913664795,74570.54430530226,4121.29816774835,0.0038033649044963433,0.0,0.0
BC,M6,2038-01-01T00:00:00,M,39,188.16941813926678,55600.0,46900.0,0.0033843420528645103,74570.54430530226,4121.29816774835,0.0025233746098040377,0.0,0.0
BC,M6,2038-01-01T00:00:00,M,40,292.20719221838954,55600.0,47200.0,0.005255525039899092,74570.54430530226,4121.29816774835,0.00391853371784511,0.0,0.0
BC,M6,2038-01-01T00:00:00,M,41,297.46298488689354,55600.0,47800.0,0.005350053685016071,74570.54430530226,4121.29816774835,0.003989014531918104,0.0,0.0
BC,M6,2038-01-01T00:00:00,M,42,303.3579059647236,55600.0,48299.99999999999,0.005456077445408698,74570.54430530226,4121.29816774835,0.004068066135104685,0.0,0.0
BC,M6,2038-01-01T00:00:00,M,43,409.2814388747938,55600.0,48700.0,0.007361176958179745,74570.54430530226,4121.29816774835,0.005488513496684941,0.0,0.0
BC,M6,2038-01-01T00:00:00,M,44,414.7002809273181,55600.0,48600.00000000001,0.007458638146174786,74570.54430530226,4121.29816774835,0.005561180822678148,0.0,0.0
BC,M6,2038-01-01T00:00:00,M,45,220.09612505786208,55600.0,48300.0,0.0039585634003212605,74570.54430530226,4121.29816774835,0.002951515603222067,0.0,0.0
BC,M6,2038-01-01T00:00:00,M,46,226.48100679634808,55600.0,48300.0,0.004073399402812016,74570.54430530226,4121.29816774835,0.0030371376380076173,0.0,0.0
BC,M6,2038-01-01T00:00:00,M,47,232.96555965467996,55600.0,48199.99999999999,0.004190028051343165,74570.54430530226,4121.29816774835,0.003124096274540874,0.0,0.0
BC,M6,2038-01-01T00:00:00,M,48,239.50545147535013,55600.0,47999.99999999999,0.00430765200495234,74570.54430530226,4121.29816774835,0.0032117970132386486,0.0,0.0
BC,M6,2038-01-01T00:00:00,M,49,144.26941095235816,55600.0,46900.0,0.0025947735782798228,74570.54430530226,4121.29816774835,0.0019346702145782786,0.0,0.0
BC,M6,2038-01-01T00:00:00,M,50,147.1159632852723,55600.0,45300.0,0.0026459705626847535,74570.54430530226,4121.29816774835,0.0019728428249492043,0.0,0.0
BC,M6,2038-01-01T00:00:00,M,51,153.1870821768316,55600.0,44600.0,0.0027551633485041658,74570.54430530226,4121.29816774835,0.0020542572620854452,0.0,0.0
BC,M6,2038-01-01T00:00:00,M,52,161.86415011463396,55600.0,44500.0,0.0029112257214862223,74570.54430530226,4121.29816774835,0.0021706177904768863,0.0,0.0
BC,M6,2038-01-01T00:00:00,M,53,167.72401523260487,55600.0,43500.0,0.0030166189790036845,74570.54430530226,4121.29816774835,0.0022491992890104067,0.0,0.0
BC,M6,2038-01-01T00:00:00,M,54,172.99335129796964,55600.0,42299.99999999999,0.0031113912103951373,74570.54430530226,4121.29816774835,0.0023198617216700283,0.0,0.0
BC,M6,2038-01-01T00:00:00,M,55,178.54932566824573,55600.0,41000.0,0.003211318806982837,74570.54430530226,4121.29816774835,0.002394368008596528,0.0,0.0
BC,M6,2038-01-01T00:00:00,M,56,184.96397586258536,55600.0,39900.0,0.003326690213355852,74570.54430530226,4121.29816774835,0.002480389241968208,0.0,0.0
BC,M6,2038-01-01T00:00:00,M,57,190.68278770970937,55600.0,38600.0,0.0034295465415415355,74570.54430530226,4121.29816774835,0.0025570791991141612,0.0,0.0
BC,M6,2038-01-01T00:00:00,M,58,295.72171461091057,55600.0,37200.0,0.005318735874296952,74570.54430530226,4121.29816774835,0.003965663887341152,0.0,0.0
BC,M6,2038-01-01T00:00:00,M,59,200.30358461110882,55600.0,35499.99999999999,0.0036025824570343314,74570.54430530226,4121.29816774835,0.0026860952468180715,0.0,0.0
BC,M6,2038-01-01T00:00:00,M,60,206.85205045930343,55600.0,34200.0,0.0037203606197716444,74570.54430530226,4121.29816774835,0.002773910964259858,0.0,0.0
BC,M6,2038-01-01T00:00:00,M,61,319.21289542470913,55600.0,33900.0,0.005741239126343689,74570.54430530226,4121.29816774835,0.004280683457503097,0.0,0.0
BC,M6,2038-01-01T00:00:00,M,62,231.39903533367033,55600.0,33199.99999999999,0.004161853153483279,74570.54430530226,4121.29816774835,0.0031030889943124223,0.0,0.0
BC,M6,2038-01-01T00:00:00,M,63,247.53728693773155,55600.0,32999.99999999999,0.00445210947729733,74570.54430530226,4121.29816774835,0.0033195048962533944,0.0,0.0
BC,M6,2038-01-01T00:00:00,M,64,162.58276083772216,55600.0,32400.0,0.0029241503747791755,74570.54430530226,4121.29816774835,0.0021802544470117522,0.0,0.0
BC,M6,2038-01-01T00:00:00,M,65,281.6739214723566,55600.0,32300.0,0.0050660777243229605,74570.54430530226,4121.29816774835,0.003777281285746609,0.0,0.0
BC,M6,2038-01-01T00:00:00,M,66,208.17965661825292,55600.0,32600.0,0.0037442384283858437,74570.54430530226,4121.29816774835,0.0027917143230970155,0.0,0.0
BC,M6,2038-01-01T00:00:00,M,67,149.07582982387248,55600.0,34000.0,0.002681219960861016,74570.54430530226,4121.29816774835,0.0019991248717930116,0.0,0.0
BC,M6,2038-01-01T00:00:00,M,68,177.41823361530987,55600.0,33900.0,0.003190975424735789,74570.54430530226,4121.29816774835,0.0023791999276407956,0.0,0.0
BC,M6,2038-01-01T00:00:00,M,69,200.12171721838968,55600.0,33099.99999999999,0.0035993114607624044,74570.54430530226,4121.29816774835,0.002683656383129823,0.0,0.0
BC,M6,2038-01-01T00:00:00,M,70,222.02418913720976,55600.0,32099.999999999996,0.00399324081182032,74570.54430530226,4121.29816774835,0.002977371175248656,0.0,0.0
BC,M6,2038-01-01T00:00:00,M,71,150.97377265655814,55600.0,31400.0,0.002715355623319391,74570.54430530226,4121.29816774835,0.002024576514266147,0.0,0.0
BC,M6,2038-01-01T00:00:00,M,72,105.9861412861137,55600.0,32200.0,0.0019062255626998868,74570.54430530226,4121.29816774835,0.0014212869474599997,0.0,0.0
BC,M6,2038-01-01T00:00:00,M,73,172.9199934799617,55600.0,33400.0,0.0031100718251791675,74570.54430530226,4121.29816774835,0.0023188779844760554,0.0,0.0
BC,M6,2038-01-01T00:00:00,M,74,141.68559964093583,55600.0,34100.0,0.002548302151815393,74570.54430530226,4121.29816774835,0.0019000209930191087,0.0,0.0
BC,M6,2038-01-01T00:00:00,M,75,103.2046167401495,55600.0,34000.0,0.0018561981428084444,74570.54430530226,4121.29816774835,0.001383986367561102,0.0,0.0
BC,M6,2038-01-01T00:00:00,M,76,129.23043326142943,55600.0,32099.999999999996,0.0023242883680113205,74570.54430530226,4121.29816774835,0.0017329957084977403,0.0,0.0
BC,M6,2038-01-01T00:00:00,M,77,84.26969427878066,55600.0,31299.999999999996,0.001515641983431307,74570.54430530226,4121.29816774835,0.0011300667718579164,0.0,0.0
BC,M6,2038-01-01T00:00:00,M,78,130.97504526160992,55600.0,30100.0,0.0023556662816836315,74570.54430530226,4121.29816774835,0.0017563911659995363,0.0,0.0
BC,M6,2038-01-01T00:00:00,M,79,68.6189200307017,55600.0,28400.0,0.0012341532379622608,74570.54430530226,4121.29816774835,0.0009201880001004984,0.0,0.0
BC,M6,2038-01-01T00:00:00,M,80,29.711340407378884,55600.0,27400.0,0.0005343766260319943,74570.54430530226,4121.29816774835,0.0003984326611019023,0.0,0.0
BC,M6,2038-01-01T00:00:00,M,81,-44.376551955116156,55600.0,25299.999999999996,-0.0007981394236531682,74570.54430530226,4121.29816774835,0.0,0.010767614996262465,0.0017540139112694135
BC,M6,2038-01-01T00:00:00,M,82,-93.6081896078831,55600.0,23900.0,-0.0016836005325158831,74570.54430530226,4121.29816774835,0.0,0.02271327766101074,0.003916660653049502
BC,M6,2038-01-01T00:00:00,M,83,-59.1593794791188,55600.0,22200.0,-0.0010640176165309136,74570.54430530226,4121.29816774835,0.0,0.014354549724666054,0.00266483691347382
BC,M6,2038-01-01T00:00:00,M,84,-57.35039576361669,55600.0,19899.999999999996,-0.0010314819381945447,74570.54430530226,4121.29816774835,0.0,0.013915614311145505,0.002881929435357623
BC,M6,2038-01-01T00:00:00,M,85,-33.15821568638421,55600.0,18199.999999999996,-0.0005963707857263347,74570.54430530226,4121.29816774835,0.0,0.008045575529057153,0.0018218799827683636
BC,M6,2038-01-01T00:00:00,M,86,-27.493295702748583,55600.0,16299.999999999996,-0.0004944837356609458,74570.54430530226,4121.29816774835,0.0,0.006671028055650096,0.0016867052578373367
BC,M6,2038-01-01T00:00:00,M,87,-111.9531153254884,55600.0,14600.0,-0.0020135452396670573,74570.54430530226,4121.29816774835,0.0,0.027164526993360784,0.007668021597636192
BC,M6,2038-01-01T00:00:00,M,88,-190.32307833416417,55600.0,13100.0,-0.00342307694845619,74570.54430530226,4121.29816774835,0.0,0.04618037098687916,0.014528479262149936
BC,M6,2038-01-01T00:00:00,M,89,-211.48536126095132,55600.0,11300.0,-0.0038036935478588368,74570.54430530226,4121.29816774835,0.0,0.051315229486658384,0.01871551869565941
BC,M6,2038-01-01T00:00:00,M,90,-203.52768695813756,55600.0,9999.999999999998,-0.003660569909319021,74570.54430530226,4121.29816774835,0.0,0.04938436353643732,0.02035276869581376
BC,M6,2038-01-01T00:00:00,M,91,-229.9744653594098,55600.0,8500.0,-0.004136231391356292,74570.54430530226,4121.29816774835,0.0,0.055801462548645236,0.027055819454048214
BC,M6,2038-01-01T00:00:00,M,92,-141.12334790129898,55600.0,5999.999999999999,-0.002538189710455018,74570.54430530226,4121.29816774835,0.0,0.034242450353549884,0.023520557983549833
BC,M6,2038-01-01T00:00:00,M,93,-145.26817568038678,55600.0,4599.999999999999,-0.002612736972668827,74570.54430530226,4121.29816774835,0.0,0.03524815962533312,0.03158003819138844
BC,M6,2038-01-01T00:00:00,M,94,-112.62910221472839,55600.0,3700.0,-0.002025703277243316,74570.54430530226,4121.29816774835,0.0,0.027328549799215986,0.030440297895872537
BC,M6,2038-01-01T00:00:00,M,95,-107.73295297152208,55600.0,2800.0,-0.0019376430390561526,74570.54430530226,4121.29816774835,0.0,0.026140538390208592,0.038476054632686454
BC,M6,2038-01-01T00:00:00,M,96,-38.875821285153734,55600.0,1999.9999999999995,-0.000699205418797729,74570.54430530226,4121.29816774835,0.0,0.009432906745107777,0.019437910642576873
BC,M6,2038-01-01T00:00:00,M,97,-37.0286486716293,55600.0,1400.0,-0.0006659828897775053,74570.54430530226,4121.29816774835,0.0,0.008984705101271454,0.0264490347654495
BC,M6,2038-01-01T00:00:00,M,98,-14.483793887995944,55600.0,1000.0000000000001,-0.0002604998900718695,74570.54430530226,4121.29816774835,0.0,0.0035143766110737598,0.014483793887995942
BC,M6,2038-01-01T00:00:00,M,99,-85.55866911525857,55600.0,600.0,-0.0015388249840873843,74570.54430530226,4121.29816774835,0.0,0.0207601259682706,0.1425977818587643
BC,M6,2038-01-01T00:00:00,M,100,654.4619299162615,55600.0,1100.0,0.011770898020076645,74570.54430530226,4121.29816774835,0.008776413475497813,0.0,0.0
BC,M6,2039-01-01T00:00:00,F,1,275.4436387916503,56600.0,27300.000000000004,0.004866495385011489,75472.92555414325,4728.493128837347,0.003649568858889017,0.0,0.0
BC,M6,2039-01-01T00:00:00,F,2,303.3116529289364,56600.0,27200.0,0.005358863125952939,75472.92555414325,4728.493128837347,0.004018814040954922,0.0,0.0
BC,M6,2039-01-01T00:00:00,F,3,402.6394593639452,56600.0,27200.000000000004,0.007113771366854155,75472.92555414325,4728.493128837347,0.005334886072159707,0.0,0.0
BC,M6,2039-01-01T00:00:00,F,4,402.1995415826532,56600.0,27200.0,0.007105998967891399,75472.92555414325,4728.493128837347,0.005329057256355072,0.0,0.0
BC,M6,2039-01-01T00:00:00,F,5,501.979583875127,56600.0,27300.0,0.008868897241610017,75472.92555414325,4728.493128837347,0.006651121315219372,0.0,0.0
BC,M6,2039-01-01T00:00:00,F,6,501.7727585007815,56600.0,27500.0,0.008865243083052676,75472.92555414325,4728.493128837347,0.006648380923577907,0.0,0.0
BC,M6,2039-01-01T00:00:00,F,7,401.562650987853,56600.0,27599.999999999996,0.007094746483884328,75472.92555414325,4728.493128837347,0.005320618593216946,0.0,0.0
BC,M6,2039-01-01T00:00:00,F,8,401.34926135400383,56600.0,27800.0,0.007090976349010668,75472.92555414325,4728.493128837347,0.0053177912265515844,0.0,0.0
BC,M6,2039-01-01T00:00:00,F,9,401.35418566551743,56600.0,27900.0,0.007091063350980874,75472.92555414325,4728.493128837347,0.005317856472618004,0.0,0.0
BC,M6,2039-01-01T00:00:00,F,10,401.35418566551743,56600.0,27900.0,0.007091063350980874,75472.92555414325,4728.493128837347,0.005317856472618004,0.0,0.0
BC,M6,2039-01-01T00:00:00,F,11,301.35910997702376,56600.0,27900.0,0.0053243659006541304,75472.92555414325,4728.493128837347,0.003992943267593792,0.0,0.0
BC,M6,2039-01-01T00:00:00,F,12,301.585631149439,56600.0,27900.0,0.005328368041509523,75472.92555414325,4728.493128837347,0.003995944624315451,0.0,0.0
BC,M6,2039-01-01T00:00:00,F,13,401.8121531341312,56600.0,28000.0,0.007099154649012919,75472.92555414325,4728.493128837347,0.005323924442890141,0.0,0.0
BC,M6,2039-01-01T00:00:00,F,14,602.0386759310932,56600.0,28199.999999999996,0.01063672572316419,75472.92555414325,4728.493128837347,0.007976882723317764,0.0,0.0
BC,M6,2039-01-01T00:00:00,F,15,1102.7379466536477,56600.0,28900.000000000004,0.019483002591053844,75472.92555414325,4728.493128837347,0.014611040165159074,0.0,0.0
BC,M6,2039-01-01T00:00:00,F,16,1903.9904124605237,56600.0,30500.000000000004,0.03363940658057462,75472.92555414325,4728.493128837347,0.02522746267593174,0.0,0.0
BC,M6,2039-01-01T00:00:00,F,17,1605.929062405412,56600.0,31700.0,0.02837330498949491,75472.92555414325,4728.493128837347,0.021278214016671983,0.0,0.0
BC,M6,2039-01-01T00:00:00,F,18,2107.7315017596775,56600.0,33500.0,0.03723907246925225,75472.92555414325,4728.493128837347,0.02792698820516265,0.0,0.0
BC,M6,2039-01-01T00:00:00,F,19,4209.92794600701,56600.0,37800.0,0.07438035240295071,75472.92555414325,4728.493128837347,0.055780638091031266,0.0,0.0
BC,M6,2039-01-01T00:00:00,F,20,2412.8212495811895,56600.0,40500.0,0.042629350699314304,75472.92555414325,4728.493128837347,0.031969361620284145,0.0,0.0
BC,M6,2039-01-01T00:00:00,F,21,715.1433167767027,56600.0,41700.0,0.012635040932450577,75472.92555414325,4728.493128837347,0.009475494841705435,0.0,0.0
BC,M6,2039-01-01T00:00:00,F,22,-183.49246475306427,56600.0,41699.99999999999,-0.0032419163383933616,75472.92555414325,4728.493128837347,0.0,0.038805695546856346,0.00440029891494159
BC,M6,2039-01-01T00:00:00,F,23,117.41377047151764,56600.0,41700.0,0.002074448241546248,75472.92555414325,4728.493128837347,0.0015557071573605106,0.0,0.0
BC,M6,2039-01-01T00:00:00,F,24,318.05322657765646,56600.0,41799.99999999999,0.005619314957202411,75472.92555414325,4728.493128837347,0.004214136715152103,0.0,0.0
BC,M6,2039-01-01T00:00:00,F,25,618.0967283284481,56600.0,42200.0,0.010920436896262334,75472.92555414325,4728.493128837347,0.008189648457247544,0.0,0.0
BC,M6,2039-01-01T00:00:00,F,26,418.3577388331978,56600.0,42600.00000000001,0.0073914794846854735,75472.92555414325,4728.493128837347,0.005543149888009491,0.0,0.0
BC,M6,2039-01-01T00:00:00,F,27,618.7484674199077,56600.0,42900.0,0.010931951721199783,75472.92555414325,4728.493128837347,0.008198283859766719,0.0,0.0
BC,M6,2039-01-01T00:00:00,F,28,619.1408389892385,56600.0,43000.0,0.010938884081081953,75472.92555414325,4728.493128837347,0.008203482698508558,0.0,0.0
BC,M6,2039-01-01T00:00:00,F,29,720.2580077724997,56600.0,44000.0,0.012725406497747345,75472.92555414325,4728.493128837347,0.009543263395239613,0.0,0.0
BC,M6,2039-01-01T00:00:00,F,30,621.2594522505533,56600.0,44500.0,0.01097631541078716,75472.92555414325,4728.493128837347,0.008231553867682925,0.0,0.0
BC,M6,2039-01-01T00:00:00,F,31,722.5950098330213,56600.0,45100.0,0.012766696286802498,75472.92555414325,4728.493128837347,0.009574228168943067,0.0,0.0
BC,M6,2039-01-01T00:00:00,F,32,523.9445784116106,56600.0,44700.00000000001,0.009256971350028455,75472.92555414325,4728.493128837347,0.006942152759610992,0.0,0.0
BC,M6,2039-01-01T00:00:00,F,33,525.1086626635588,56600.0,44200.0,0.009277538209603512,75472.92555414325,4728.493128837347,0.006957576625101845,0.0,0.0
BC,M6,2039-01-01T00:00:00,F,34,626.9023797650589,56600.0,44299.99999999999,0.011076013776767825,75472.92555414325,4728.493128837347,0.008306321441260782,0.0,0.0
BC,M6,2039-01-01T00:00:00,F,35,628.9587938274199,56600.0,44700.0,0.011112346180696463,75472.92555414325,4728.493128837347,0.00833356848445226,0.0,0.0
BC,M6,2039-01-01T00:00:00,F,36,531.1360191523927,56600.0,44100.0,0.009384028606932732,75472.92555414325,4728.493128837347,0.007037437799749301,0.0,0.0
BC,M6,2039-01-01T00:00:00,F,37,533.4873189327118,56600.0,43900.000000000015,0.0094255710058783,75472.92555414325,4728.493128837347,0.007068592015159069,0.0,0.0
BC,M6,2039-01-01T00:00:00,F,38,337.88836116752645,56600.0,45999.99999999999,0.0059697590312283826,75472.92555414325,4728.493128837347,0.004476947974212686,0.0,0.0
BC,M6,2039-01-01T00:00:00,F,39,340.9825439320921,56600.0,47400.0,0.006024426571238376,75472.92555414325,4728.493128837347,0.004517945229080537,0.0,0.0
BC,M6,2039-01-01T00:00:00,F,40,343.18941834055295,56600.0,47700.0,0.00606341728516878,75472.92555414325,4728.493128837347,0.004547185839435276,0.0,0.0
BC,M6,2039-01-01T00:00:00,F,41,344.9349169137058,56600.0,47900.00000000001,0.006094256482574308,75472.92555414325,4728.493128837347,0.004570313319393644,0.0,0.0
BC,M6,2039-01-01T00:00:00,F,42,346.3028334758419,56600.0,47700.00000000001,0.006118424619714521,75472.92555414325,4728.493128837347,0.004588437919070845,0.0,0.0
BC,M6,2039-01-01T00:00:00,F,43,448.86927020864096,56600.0,48800.0,0.00793055247718447,75472.92555414325,4728.493128837347,0.00594742110383184,0.0,0.0
BC,M6,2039-01-01T00:00:00,F,44,250.75120694786892,56600.0,48500.0,0.004430233338301571,75472.92555414325,4728.493128837347,0.0033223994579086964,0.0,0.0
BC,M6,2039-01-01T00:00:00,F,45,253.02073991906946,56600.0,48400.00000000001,0.0044703310939764925,75472.92555414325,4728.493128837347,0.003352470280717498,0.0,0.0
BC,M6,2039-01-01T00:00:00,F,46,255.90692976633727,56600.0,48500.0,0.004521323847461789,75472.92555414325,4728.493128837347,0.0033907116742513594,0.0,0.0
BC,M6,2039-01-01T00:00:00,F,47,259.16917691386334,56600.0,48900.0,0.004578960722859776,75472.92555414325,4728.493128837347,0.0034339357459773957,0.0,0.0
BC,M6,2039-01-01T00:00:00,F,48,262.6394279312299,56600.0,48800.0,0.00464027257829028,75472.92555414325,4728.493128837347,0.003479915824156252,0.0,0.0
BC,M6,2039-01-01T00:00:00,F,49,266.4932957863348,56600.0,48700.0,0.004708362116366339,75472.92555414325,4728.493128837347,0.0035309787427698974,0.0,0.0
BC,M6,2039-01-01T00:00:00,F,50,169.65629474973684,56600.0,47499.99999999999,0.002997461037981216,75472.92555414325,4728.493128837347,0.0022479093463526564,0.0,0.0
BC,M6,2039-01-01T00:00:00,F,51,173.6800926187425,56600.0,46600.00000000001,0.003068552873122659,75472.92555414325,4728.493128837347,0.002301223801032421,0.0,0.0
BC,M6,2039-01-01T00:00:00,F,52,277.53017655259464,56600.0,45600.00000000001,0.004903360009763156,75472.92555414325,4728.493128837347,0.003677215034595396,0.0,0.0
BC,M6,2039-01-01T00:00:00,F,53,183.31251954961044,56600.0,45400.000000000015,0.0032387370945160857,75472.92555414325,4728.493128837347,0.002428851382183463,0.0,0.0
BC,M6,2039-01-01T00:00:00,F,54,188.2218998291355,56600.0,44499.99999999999,0.0033254752619988606,75472.92555414325,4728.493128837347,0.0024938996129692586,0.0,0.0
BC,M6,2039-01-01T00:00:00,F,55,294.01050337874767,56600.0,43900.00000000001,0.00519453186181533,75472.92555414325,4728.493128837347,0.0038955758137112165,0.0,0.0
BC,M6,2039-01-01T00:00:00,F,56,200.27613447814656,56600.0,43100.0,0.003538447605620964,75472.92555414325,4728.493128837347,0.002653615624512544,0.0,0.0
BC,M6,2039-01-01T00:00:00,F,57,206.98442819019692,56600.0,42400.00000000001,0.0036569686959398748,75472.92555414325,4728.493128837347,0.0027424990706330725,0.0,0.0
BC,M6,2039-01-01T00:00:00,F,58,211.63249167843605,56600.0,40800.00000000001,0.003739089958982969,75472.92555414325,4728.493128837347,0.0028040849102452478,0.0,0.0
BC,M6,2039-01-01T00:00:00,F,59,218.64844054244895,56600.0,39900.00000000001,0.003863046652693444,75472.92555414325,4728.493128837347,0.00289704472083295,0.0,0.0
BC,M6,2039-01-01T00:00:00,F,60,323.58815040814807,56600.0,38200.00000000001,0.005717105130886008,75472.92555414325,4728.493128837347,0.004287473263190391,0.0,0.0
BC,M6,2039-01-01T00:00:00,F,61,230.62579884425213,56600.0,37000.0,0.004074660756965586,75472.92555414325,4728.493128837347,0.0030557421373417454,0.0,0.0
BC,M6,2039-01-01T00:00:00,F,62,241.21156486427208,56600.0,36600.00000000001,0.004261688425163818,75472.92555414325,4728.493128837347,0.003196001255989874,0.0,0.0
BC,M6,2039-01-01T00:00:00,F,63,254.83855133885663,56600.0,36700.0,0.004502447903513368,75472.92555414325,4728.493128837347,0.003376555890311141,0.0,0.0
BC,M6,2039-01-01T00:00:00,F,64,267.2689310691203,56600.0,36200.00000000001,0.004722065919949122,75472.92555414325,4728.493128837347,0.0035412557431258604,0.0,0.0
BC,M6,2039-01-01T00:00:00,F,65,281.77852242843073,56600.0,35900.0,0.004978419124177221,75472.92555414325,4728.493128837347,0.003733504701978018,0.0,0.0
BC,M6,2039-01-01T00:00:00,F,66,300.0055203963202,56600.0,36000.0,0.00530045089039435,75472.92555414325,4728.493128837347,0.0039750084973332635,0.0,0.0
BC,M6,2039-01-01T00:00:00,F,67,321.63325245512533,56600.0,36300.0,0.005682566297793734,75472.92555414325,4728.493128837347,0.0042615712865720305,0.0,0.0
BC,M6,2039-01-01T00:00:00,F,68,258.1316060036406,56600.0,38299.99999999999,0.004560629081336406,75472.92555414325,4728.493128837347,0.0034201881550021606,0.0,0.0
BC,M6,2039-01-01T00:00:00,F,69,283.874157377526,56600.0,38200.00000000001,0.005015444476634735,75472.92555414325,4728.493128837347,0.0037612714134670523,0.0,0.0
BC,M6,2039-01-01T00:00:00,F,70,210.67118277532427,56600.0,37800.0,0.003722105702744245,75472.92555414325,4728.493128837347,0.002791347774430602,0.0,0.0
BC,M6,2039-01-01T00:00:00,F,71,230.46686305929325,56600.0,36400.0,0.004071852704227796,75472.92555414325,4728.493128837347,0.003053636272439969,0.0,0.0
BC,M6,2039-01-01T00:00:00,F,72,155.6433295073657,56600.0,35300.0,0.002749882146773246,75472.92555414325,4728.493128837347,0.002062240576532432,0.0,0.0
BC,M6,2039-01-01T00:00:00,F,73,206.19474376158178,56600.0,36400.0,0.0036430166742328937,75472.92555414325,4728.493128837347,0.002732035922122304,0.0,0.0
BC,M6,2039-01-01T00:00:00,F,74,164.1185874460498,56600.0,37400.00000000001,0.002899621686325968,75472.92555414325,4728.493128837347,0.002174535917894336,0.0,0.0
BC,M6,2039-01-01T00:00:00,F,75,134.60282503734197,56600.0,38700.00000000001,0.002378141785112049,75472.92555414325,4728.493128837347,0.0017834584263038769,0.0,0.0
BC,M6,2039-01-01T00:00:00,F,76,-11.416605471305957,56600.0,38100.0,-0.00020170681044710172,75472.92555414325,4728.493128837347,0.0,0.0024144278441857645,0.0002996484375670855
BC,M6,2039-01-01T00:00:00,F,77,21.559384884298197,56600.0,36100.0,0.00038090786014661126,75472.92555414325,4728.493128837347,0.00028565720390462125,0.0,0.0
BC,M6,2039-01-01T00:00:00,F,78,83.75594814441865,56600.0,35600.0,0.0014797870696893756,75472.92555414325,4728.493128837347,0.0011097482644201102,0.0,0.0
BC,M6,2039-01-01T00:00:00,F,79,42.38495484071609,56600.0,34500.00000000001,0.0007488507922388002,75472.92555414325,4728.493128837347,0.0005615915181439429,0.0,0.0
BC,M6,2039-01-01T00:00:00,F,80,94.8140418867988,56600.0,33000.00000000001,0.0016751597506501556,75472.92555414325,4728.493128837347,0.0012562656236080382,0.0,0.0
BC,M6,2039-01-01T00:00:00,F,81,58.46339818366687,56600.0,31700.0,0.0010329222293934076,75472.92555414325,4728.493128837347,0.0007746274277088414,0.0,0.0
BC,M6,2039-01-01T00:00:00,F,82,12.32976303540272,56600.0,29899.999999999996,0.0002178403363145357,75472.92555414325,4728.493128837347,0.00016336670328961233,0.0,0.0
BC,M6,2039-01-01T00:00:00,F,83,-25.56898114248179,56600.0,28300.0,-0.000451748783436074,75472.92555414325,4728.493128837347,0.0,0.005407426942538192,0.000903497566872148
BC,M6,2039-01-01T00:00:00,F,84,39.69666904467522,56600.0,26800.0,0.0007013545767610462,75472.92555414325,4728.493128837347,0.0005259723106426737,0.0,0.0
BC,M6,2039-01-01T00:00:00,F,85,-22.01702946122532,56600.0,24500.000000000007,-0.0003889934533785392,75472.92555414325,4728.493128837347,0.0,0.004656246474580141,0.0008986542637234822
BC,M6,2039-01-01T00:00:00,F,86,-93.49070288153234,56600.0,22100.0,-0.0016517792028539282,75472.92555414325,4728.493128837347,0.0,0.019771775137277202,0.004230348546675672
BC,M6,2039-01-01T00:00:00,F,87,-163.02903546726884,56600.0,19900.0,-0.0028803716513651737,75472.92555414325,4728.493128837347,0.0,0.0344780104412153,0.008192413842576324
BC,M6,2039-01-01T00:00:00,F,88,-129.18060085645993,56600.0,17999.999999999996,-0.0022823427713155463,75472.92555414325,4728.493128837347,0.0,0.027319612683506883,0.007176700047581109
BC,M6,2039-01-01T00:00:00,F,89,-183.71541797226018,56600.0,16300.0,-0.0032458554412060103,75472.92555414325,4728.493128837347,0.0,0.03885284655524762,0.011270884538175471
BC,M6,2039-01-01T00:00:00,F,90,-191.62336249003056,56600.0,14100.000000000002,-0.003385571775442236,75472.92555414325,4728.493128837347,0.0,0.04052524922186941,0.013590309396456066
BC,M6,2039-01-01T00:00:00,F,91,-168.64375789669248,56600.0,12500.0,-0.0029795716942878528,75472.92555414325,4728.493128837347,0.0,0.03566543363850864,0.013491500631735398
BC,M6,2039-01-01T00:00:00,F,92,-173.7352424563578,56600.0,10800.0,-0.0030695272518791133,75472.92555414325,4728.493128837347,0.0,0.03674220046906915,0.016086596523736833
BC,M6,2039-01-01T00:00:00,F,93,-189.841436543893,56600.0,7700.0,-0.0033540889848744345,75472.92555414325,4728.493128837347,0.0,0.04014840063658327,0.0246547320186874
BC,M6,2039-01-01T00:00:00,F,94,-94.15584059912089,56600.0,6100.0,-0.0016635307526346448,75472.92555414325,4728.493128837347,0.0,0.01991244103219669,0.015435383704773917
BC,M6,2039-01-01T00:00:00,F,95,-157.85081872732098,56600.0,4900.0,-0.002788883723097544,75472.92555414325,4728.493128837347,0.0,0.033382901153994844,0.03221445280149408
BC,M6,2039-01-01T00:00:00,F,96,-73.25273009266857,56600.0,3800.0000000000005,-0.001294217846160222,75472.92555414325,4728.493128837347,0.0,0.015491770442876824,0.01927703423491278
BC,M6,2039-01-01T00:00:00,F,97,-105.65700453576437,56600.0,2700.0,-0.0018667315289004306,75472.92555414325,4728.493128837347,0.0,0.02234475162740557,0.03913222390213495
BC,M6,2039-01-01T00:00:00,F,98,-99.05384719673452,56600.0,2000.0000000000002,-0.0017500679716737548,75472.92555414325,4728.493128837347,0.0,0.020948290395652984,0.04952692359836726
BC,M6,2039-01-01T00:00:00,F,99,-98.15466407197937,56600.0,1400.0000000000002,-0.001734181344027904,75472.92555414325,4728.493128837347,0.0,0.020758127673564764,0.07011047433712811
BC,M6,2039-01-01T00:00:00,F,100,1700.5209506810147,56600.0,2700.0,0.03004453976468224,75472.92555414325,4728.493128837347,0.022531536152803355,0.0,0.0
BC,M6,2039-01-01T00:00:00,M,1,477.91761806402064,56600.0,28899.999999999996,0.008443774170742414,75472.92555414325,4728.493128837347,0.0063323054533134405,0.0,0.0
BC,M6,2039-01-01T00:00:00,M,2,504.9983652152878,56600.0,28900.0,0.008922232600976816,75472.92555414325,4728.493128837347,0.006691119517462044,0.0,0.0
BC,M6,2039-01-01T00:00:00,M,3,403.47706646875304,56600.0,28799.999999999996,0.007128570078953234,75472.92555414325,4728.493128837347,0.005345984185803213,0.0,0.0
BC,M6,2039-01-01T00:00:00,M,4,502.39045512877783,56600.0,28900.0,0.008876156451038477,75472.92555414325,4728.493128837347,0.006656565270791971,0.0,0.0
BC,M6,2039-01-01T00:00:00,M,5,501.96270441981324,56600.0,29000.0,0.008868599018017901,75472.92555414325,4728.493128837347,0.006650897666073803,0.0,0.0
BC,M6,2039-01-01T00:00:00,M,6,501.5372532788024,56600.0,29200.0,0.008861082213406403,75472.92555414325,4728.493128837347,0.00664526053013549,0.0,0.0
BC,M6,2039-01-01T00:00:00,M,7,501.32682475149704,56600.0,29400.000000000004,0.008857364394902775,75472.92555414325,4728.493128837347,0.006642472397493748,0.0,0.0
BC,M6,2039-01-01T00:00:00,M,8,401.33600692970504,56600.0,29500.0,0.007090742171902916,75472.92555414325,4728.493128837347,0.005317615608285809,0.0,0.0
BC,M6,2039-01-01T00:00:00,M,9,401.33600692970504,56600.0,29500.0,0.007090742171902916,75472.92555414325,4728.493128837347,0.005317615608285809,0.0,0.0
BC,M6,2039-01-01T00:00:00,M,10,401.3405980188072,56600.0,29600.0,0.007090823286551364,75472.92555414325,4728.493128837347,0.005317676439227083,0.0,0.0
BC,M6,2039-01-01T00:00:00,M,11,401.34518910791667,56600.0,29700.0,0.007090904401199941,75472.92555414325,4728.493128837347,0.005317737270168454,0.0,0.0
BC,M6,2039-01-01T00:00:00,M,12,401.79359390110767,56600.0,29700.0,0.007098826747369394,75472.92555414325,4728.493128837347,0.005323678537051892,0.0,0.0
BC,M6,2039-01-01T00:00:00,M,13,402.01779787721534,56600.0,29700.0,0.007102787948360695,75472.92555414325,4728.493128837347,0.0053266491914218065,0.0,0.0
BC,M6,2039-01-01T00:00:00,M,14,602.690416123678,56600.0,29900.000000000004,0.010648240567556148,75472.92555414325,4728.493128837347,0.00798551814042661,0.0,0.0
BC,M6,2039-01-01T00:00:00,M,15,1003.6239847702454,56600.0,30599.999999999996,0.017731872522442498,75472.92555414325,4728.493128837347,0.013297801528181908,0.0,0.0
BC,M6,2039-01-01T00:00:00,M,16,1605.5646352122421,56600.0,31899.999999999996,0.028366866346506044,75472.92555414325,4728.493128837347,0.02127338543489257,0.0,0.0
BC,M6,2039-01-01T00:00:00,M,17,1408.1956329417735,56600.0,32900.0,0.02487978150073805,75472.92555414325,4728.493128837347,0.01865828868567647,0.0,0.0
BC,M6,2039-01-01T00:00:00,M,18,2111.2606773370535,56600.0,34800.0,0.03730142539464759,75472.92555414325,4728.493128837347,0.027973749021064035,0.0,0.0
BC,M6,2039-01-01T00:00:00,M,19,4415.35444088748,56600.0,39600.0,0.07800979577539718,75472.92555414325,4728.493128837347,0.0585024948810281,0.0,0.0
BC,M6,2039-01-01T00:00:00,M,20,2920.9109134415557,56600.0,42500.0,0.05160619988412642,75472.92555414325,4728.493128837347,0.03870144017865233,0.0,0.0
BC,M6,2039-01-01T00:00:00,M,21,1026.5319857825016,56600.0,43800.0,0.01813660752265904,75472.92555414325,4728.493128837347,0.013601327605169904,0.0,0.0
BC,M6,2039-01-01T00:00:00,M,22,31.4599788720152,56600.0,44200.00000000001,0.000555830015406629,75472.92555414325,4728.493128837347,0.0004168379407718366,0.0,0.0
BC,M6,2039-01-01T00:00:00,M,23,-164.8976365627459,56600.0,43900.0,-0.0029133858049955105,75472.92555414325,4728.493128837347,0.0,0.03487318942203715,0.003756210400062549
BC,M6,2039-01-01T00:00:00,M,24,-61.772638500980975,56600.0,44100.00000000001,-0.0010913893728088512,75472.92555414325,4728.493128837347,0.0,0.013063916308612629,0.0014007401020630604
BC,M6,2039-01-01T00:00:00,M,25,139.62013488875527,56600.0,43600.0,0.002466786835490376,75472.92555414325,4728.493128837347,0.0018499367006595457,0.0,0.0
BC,M6,2039-01-01T00:00:00,M,26,241.61837530533376,56600.0,43699.99999999999,0.004268875888786815,75472.92555414325,4728.493128837347,0.0032013914066707275,0.0,0.0
BC,M6,2039-01-01T00:00:00,M,27,543.5455915617786,56600.0,43600.0,0.009603279002858279,75472.92555414325,4728.493128837347,0.007201861960046141,0.0,0.0
BC,M6,2039-01-01T00:00:00,M,28,545.7491880274029,56600.0,43500.0,0.00964221180260429,75472.92555414325,4728.493128837347,0.007231059138364655,0.0,0.0
BC,M6,2039-01-01T00:00:00,M,29,549.5053880095365,56600.0,44200.0,0.009708575759885804,75472.92555414325,4728.493128837347,0.007280827978707793,0.0,0.0
BC,M6,2039-01-01T00:00:00,M,30,553.2144137485666,56600.0,44500.0,0.009774106249974674,75472.92555414325,4728.493128837347,0.007329971770495342,0.0,0.0
BC,M6,2039-01-01T00:00:00,M,31,557.2576288836499,56600.0,44500.0,0.009845541146354239,75472.92555414325,4728.493128837347,0.007383543499766427,0.0,0.0
BC,M6,2039-01-01T00:00:00,M,32,460.6044688970578,56600.0,43899.99999999999,0.008137888143057558,75472.92555414325,4728.493128837347,0.0061029099576460225,0.0,0.0
BC,M6,2039-01-01T00:00:00,M,33,463.38256773645116,56600.0,43300.0,0.008186971161421398,75472.92555414325,4728.493128837347,0.006139719168617981,0.0,0.0
BC,M6,2039-01-01T00:00:00,M,34,566.6844377963716,56600.0,43200.0,0.010012092540571936,75472.92555414325,4728.493128837347,0.007508446686485473,0.0,0.0
BC,M6,2039-01-01T00:00:00,M,35,569.7877073023119,56600.0,43500.0,0.010066920623715758,75472.92555414325,4728.493128837347,0.007549564338718445,0.0,0.0
BC,M6,2039-01-01T00:00:00,M,36,571.5902282120878,56600.0,43200.0,0.010098767282899079,75472.92555414325,4728.493128837347,0.007573447352349377,0.0,0.0
BC,M6,2039-01-01T00:00:00,M,37,372.8636234833175,56600.0,42599.99999999999,0.0065876965279738076,75472.92555414325,4728.493128837347,0.0049403626631093055,0.0,0.0
BC,M6,2039-01-01T00:00:00,M,38,379.2017784444324,56600.0,44700.0,0.006699678064389265,75472.92555414325,4728.493128837347,0.0050243418505408035,0.0,0.0
BC,M6,2039-01-01T00:00:00,M,39,285.7830697144018,56600.0,46500.0,0.005049170843010632,75472.92555414325,4728.493128837347,0.0037865640905808654,0.0,0.0
BC,M6,2039-01-01T00:00:00,M,40,290.48754678184196,56600.0,47099.99999999999,0.005132288812400035,75472.92555414325,4728.493128837347,0.0038488973979609437,0.0,0.0
BC,M6,2039-01-01T00:00:00,M,41,295.04393375435757,56600.0,47399.99999999999,0.005212790349016918,75472.92555414325,4728.493128837347,0.0039092685434950715,0.0,0.0
BC,M6,2039-01-01T00:00:00,M,42,301.01291428270633,56600.0,47999.99999999999,0.005318249368952409,75472.92555414325,4728.493128837347,0.003988356249245483,0.0,0.0
BC,M6,2039-01-01T00:00:00,M,43,307.2505031569308,56600.0,48500.0,0.005428454119380402,75472.92555414325,4728.493128837347,0.004071002957696578,0.0,0.0
BC,M6,2039-01-01T00:00:00,M,44,313.736096445391,56600.0,48900.0,0.005543040573240124,75472.92555414325,4728.493128837347,0.00415693567119405,0.0,0.0
BC,M6,2039-01-01T00:00:00,M,45,219.08884266409586,56600.0,48699.99999999999,0.0038708276089062872,75472.92555414325,4728.493128837347,0.0029028799540429173,0.0,0.0
BC,M6,2039-01-01T00:00:00,M,46,324.6462478055473,56600.0,48500.0,0.005735799431193416,75472.92555414325,4728.493128837347,0.004301492825697481,0.0,0.0
BC,M6,2039-01-01T00:00:00,M,47,231.30946564389887,56600.0,48400.0,0.0040867396756872594,75472.92555414325,4728.493128837347,0.003064800575114325,0.0,0.0
BC,M6,2039-01-01T00:00:00,M,48,138.05704848594905,56600.0,48199.99999999999,0.00243917046794963,75472.92555414325,4728.493128837347,0.001829226142650437,0.0,0.0
BC,M6,2039-01-01T00:00:00,M,49,145.21106585496454,56600.0,48000.0,0.0025655665345400095,75472.92555414325,4728.493128837347,0.0019240153311771663,0.0,0.0
BC,M6,2039-01-01T00:00:00,M,50,149.79341983622726,56600.0,46900.0,0.0026465268522301638,75472.92555414325,4728.493128837347,0.0019847305339815865,0.0,0.0
BC,M6,2039-01-01T00:00:00,M,51,153.01891945768875,56600.0,45300.0,0.002703514478051038,75472.92555414325,4728.493128837347,0.002027467708905958,0.0,0.0
BC,M6,2039-01-01T00:00:00,M,52,159.54625813999155,56600.0,44599.99999999999,0.00281883848303872,75472.92555414325,4728.493128837347,0.0021139535398761672,0.0,0.0
BC,M6,2039-01-01T00:00:00,M,53,68.74413295203703,56600.0,44399.99999999999,0.0012145606528628451,75472.92555414325,4728.493128837347,0.0009108449480035185,0.0,0.0
BC,M6,2039-01-01T00:00:00,M,54,174.9615689232669,56600.0,43500.0,0.0030911937972308637,75472.92555414325,4728.493128837347,0.002318203085923201,0.0,0.0
BC,M6,2039-01-01T00:00:00,M,55,181.16779497286916,56600.0,42299.99999999999,0.0032008444341496316,75472.92555414325,4728.493128837347,0.0024004342437063983,0.0,0.0
BC,M6,2039-01-01T00:00:00,M,56,186.92457853481028,56600.0,41000.0,0.0033025543910743865,75472.92555414325,4728.493128837347,0.0024767103853780403,0.0,0.0
BC,M6,2039-01-01T00:00:00,M,57,193.85078894820617,56600.0,39900.0,0.0034249255997916284,75472.92555414325,4728.493128837347,0.0025684811808327247,0.0,0.0
BC,M6,2039-01-01T00:00:00,M,58,200.27434213866945,56600.0,38600.0,0.00353841593884575,75472.92555414325,4728.493128837347,0.002653591876400702,0.0,0.0
BC,M6,2039-01-01T00:00:00,M,59,206.4328737968608,56600.0,37199.99999999999,0.0036472239186724526,75472.92555414325,4728.493128837347,0.0027351910937753257,0.0,0.0
BC,M6,2039-01-01T00:00:00,M,60,211.17405166677054,56600.0,35500.0,0.003730990312133755,75472.92555414325,4728.493128837347,0.002798010678879503,0.0,0.0
BC,M6,2039-01-01T00:00:00,M,61,318.1509608775159,56600.0,34300.0,0.005621041711616889,75472.92555414325,4728.493128837347,0.004215431673564565,0.0,0.0
BC,M6,2039-01-01T00:00:00,M,62,132.38509752969549,56600.0,33799.99999999999,0.0023389593203126413,75472.92555414325,4728.493128837347,0.0017540740147236537,0.0,0.0
BC,M6,2039-01-01T00:00:00,M,63,244.93661636717297,56600.0,33200.0,0.00432750205595712,75472.92555414325,4728.493128837347,0.003245357385695335,0.0,0.0
BC,M6,2039-01-01T00:00:00,M,64,162.23454372038395,56600.0,32900.0,0.0028663346947064303,75472.92555414325,4728.493128837347,0.0021495727445201406,0.0,0.0
BC,M6,2039-01-01T00:00:00,M,65,177.89891954352788,56600.0,32300.0,0.003143090451299079,75472.92555414325,4728.493128837347,0.002357122348674633,0.0,0.0
BC,M6,2039-01-01T00:00:00,M,66,199.4067168604488,56600.0,32199.999999999996,0.0035230868703259506,75472.92555414325,4728.493128837347,0.0026420960284280638,0.0,0.0
BC,M6,2039-01-01T00:00:00,M,67,227.28018629579674,56600.0,32499.999999999996,0.004015550994625384,75472.92555414325,4728.493128837347,0.0030114134920177305,0.0,0.0
BC,M6,2039-01-01T00:00:00,M,68,270.13662557718635,56600.0,33900.0,0.004772731900657003,75472.92555414325,4728.493128837347,0.0035792520774008425,0.0,0.0
BC,M6,2039-01-01T00:00:00,M,69,200.65361286517145,56600.0,33699.99999999999,0.003545116835073701,75472.92555414325,4728.493128837347,0.0026586171317981478,0.0,0.0
BC,M6,2039-01-01T00:00:00,M,70,225.39448707190604,56600.0,32900.0,0.003982234753920602,75472.92555414325,4728.493128837347,0.0029864283836487974,0.0,0.0
BC,M6,2039-01-01T00:00:00,M,71,149.19453142835118,56600.0,31800.0,0.002635945784953201,75472.92555414325,4728.493128837347,0.0019767953916311493,0.0,0.0
BC,M6,2039-01-01T00:00:00,M,72,179.39931084458294,56600.0,31100.0,0.003169599131529734,75472.92555414325,4728.493128837347,0.0023770022100956497,0.0,0.0
BC,M6,2039-01-01T00:00:00,M,73,136.89602086489322,56600.0,31800.0,0.0024186576124539437,75472.92555414325,4728.493128837347,0.001813842776860238,0.0,0.0
BC,M6,2039-01-01T00:00:00,M,74,109.34211466491251,56600.0,32900.0,0.0019318394817122353,75472.92555414325,4728.493128837347,0.0014487594572767948,0.0,0.0
BC,M6,2039-01-01T00:00:00,M,75,81.77542351003649,56600.0,33500.0,0.001444795468375203,75472.92555414325,4728.493128837347,0.001083506739796007,0.0,0.0
BC,M6,2039-01-01T00:00:00,M,76,145.9187856010103,56600.0,33400.0,0.002578070416978981,75472.92555414325,4728.493128837347,0.0019333924653063854,0.0,0.0
BC,M6,2039-01-01T00:00:00,M,77,73.98402252234155,56600.0,31400.0,0.0013071382071085079,75472.92555414325,4728.493128837347,0.0009802723556709939,0.0,0.0
BC,M6,2039-01-01T00:00:00,M,78,30.827615442733077,56600.0,30499.999999999996,0.0005446575166560614,75472.92555414325,4728.493128837347,0.00040845926160127137,0.0,0.0
BC,M6,2039-01-01T00:00:00,M,79,-19.027812392047053,56600.0,29199.999999999996,-0.0003361804309548949,75472.92555414325,4728.493128837347,0.0,0.004024075297054657,0.000651637410686543
BC,M6,2039-01-01T00:00:00,M,80,18.019026550082344,56600.0,27499.999999999996,0.0003183573595420909,75472.92555414325,4728.493128837347,0.00023874821888487336,0.0,0.0
BC,M6,2039-01-01T00:00:00,M,81,-20.333239208262967,56600.0,26400.0,-0.00035924450897991105,75472.92555414325,4728.493128837347,0.0,0.00430015200492901,0.0007701984548584457
BC,M6,2039-01-01T00:00:00,M,82,2.2420715909975115,56600.0,24300.0,3.961257227910798e-05,75472.92555414325,4728.493128837347,2.970696543873975e-05,0.0,0.0
BC,M6,2039-01-01T00:00:00,M,83,-49.28950286081454,56600.0,22800.0,-0.0008708392731592674,75472.92555414325,4728.493128837347,0.0,0.010423934542743842,0.0021618203009129183
BC,M6,2039-01-01T00:00:00,M,84,-115.16217644404969,56600.0,21000.0,-0.0020346674283401004,75472.92555414325,4728.493128837347,0.0,0.024354942115008642,0.005483913164002366
BC,M6,2039-01-01T00:00:00,M,85,-117.24769903173365,56600.0,18699.999999999996,-0.002071514117168439,75472.92555414325,4728.493128837347,0.0,0.024795996491288712,0.0062699304295044745
BC,M6,2039-01-01T00:00:00,M,86,-195.66366016065876,56600.0,16900.0,-0.003456955126513406,75472.92555414325,4728.493128837347,0.0,0.04137970698685756,0.011577731370453181
BC,M6,2039-01-01T00:00:00,M,87,-194.8799748762558,56600.0,14999.999999999998,-0.003443109096753636,75472.92555414325,4728.493128837347,0.0,0.04121397019438481,0.012991998325083721
BC,M6,2039-01-01T00:00:00,M,88,-192.15916695488158,56600.0,13300.0,-0.003395038285421936,75472.92555414325,4728.493128837347,0.0,0.040638563220695666,0.01444805766578057
BC,M6,2039-01-01T00:00:00,M,89,-85.46738985415504,56600.0,11900.0,-0.001510024555727121,75472.92555414325,4728.493128837347,0.0,0.018074973892405755,0.0071821336011894995
BC,M6,2039-01-01T00:00:00,M,90,-119.97894837490821,56600.0,10099.999999999998,-0.0021197694059171064,75472.92555414325,4728.493128837347,0.0,0.02537361165721074,0.011879103799495866
BC,M6,2039-01-01T00:00:00,M,91,-224.3020828297722,56600.0,8700.0,-0.003962934325614349,75472.92555414325,4728.493128837347,0.0,0.04743627128520838,0.02578184860112324
BC,M6,2039-01-01T00:00:00,M,92,-172.28789977866109,56600.0,7299.999999999999,-0.003043955826478111,75472.92555414325,4728.493128837347,0.0,0.03643611084637943,0.023601082161460427
BC,M6,2039-01-01T00:00:00,M,93,-188.4675284240302,56600.0,5000.0,-0.003329814989823855,75472.92555414325,4728.493128837347,0.0,0.03985784123796983,0.03769350568480604
BC,M6,2039-01-01T00:00:00,M,94,-107.25522353622591,56600.0,3799.9999999999995,-0.0018949686137142386,75472.92555414325,4728.493128837347,0.0,0.022682749157890408,0.028225058825322613
BC,M6,2039-01-01T00:00:00,M,95,-182.5425576434809,56600.0,2900.0,-0.0032251335272699805,75472.92555414325,4728.493128837347,0.0,0.0386048055204354,0.0629457095322348
BC,M6,2039-01-01T00:00:00,M,96,-90.54978326299761,56600.0,2199.9999999999995,-0.0015998194922791098,75472.92555414325,4728.493128837347,0.0,0.019149818091257795,0.04115899239227165
BC,M6,2039-01-01T00:00:00,M,97,-102.05779767130298,56600.0,1499.9999999999998,-0.001803141301613127,75472.92555414325,4728.493128837347,0.0,0.021583577450687168,0.06803853178086866
BC,M6,2039-01-01T00:00:00,M,98,-96.51615265433861,56600.0,1000.0,-0.0017052323790519189,75472.92555414325,4728.493128837347,0.0,0.02041160894698608,0.0965161526543386
BC,M6,2039-01-01T00:00:00,M,99,-64.75471519888208,56600.0,700.0,-0.0011440762402629343,75472.92555414325,4728.493128837347,0.0,0.013694577412826677,0.09250673599840298
BC,M6,2039-01-01T00:00:00,M,100,652.5510045748903,56600.0,1100.0,0.01152916969213587,75472.92555414325,4728.493128837347,0.008646160192992108,0.0,0.0
BC,M6,2040-01-01T00:00:00,F,1,275.8951645578054,57600.0,27800.0,0.004789846606906344,73884.25240807429,5021.030064567615,0.003734153836111019,0.0,0.0
BC,M6,2040-01-01T00:00:00,F,2,403.3196529880297,57600.0,27699.999999999996,0.00700207730881996,73884.25240807429,5021.030064567615,0.005458804005492701,0.0,0.0
BC,M6,2040-01-01T00:00:00,F,3,402.6459794376424,57600.0,27600.0,0.006990381587459069,73884.25240807429,5021.030064567615,0.005449686046950379,0.0,0.0
BC,M6,2040-01-01T00:00:00,F,4,302.204974513701,57600.0,27500.0,0.005246614140862865,73884.25240807429,5021.030064567615,0.004090248796787922,0.0,0.0
BC,M6,2040-01-01T00:00:00,F,5,401.9844733044083,57600.0,27600.000000000004,0.006978897105979311,73884.25240807429,5021.030064567615,0.005440732770552853,0.0,0.0
BC,M6,2040-01-01T00:00:00,F,6,501.77045812481083,57600.0,27800.0,0.008711292675777966,73884.25240807429,5021.030064567615,0.00679130453067934,0.0,0.0
BC,M6,2040-01-01T00:00:00,F,7,401.5604969947053,57600.0,27900.0,0.006971536406158078,73884.25240807429,5021.030064567615,0.005434994385228721,0.0,0.0
BC,M6,2040-01-01T00:00:00,F,8,501.34243019724454,57600.0,28100.0,0.008703861635368829,73884.25240807429,5021.030064567615,0.006785511307988228,0.0,0.0
BC,M6,2040-01-01T00:00:00,F,9,401.35215795229306,57600.0,28200.0,0.006967919408893976,73884.25240807429,5021.030064567615,0.005432174582149959,0.0,0.0
BC,M6,2040-01-01T00:00:00,F,10,301.35702182982277,57600.0,28200.000000000004,0.00523189274010109,73884.25240807429,5021.030064567615,0.004078772025267046,0.0,0.0
BC,M6,2040-01-01T00:00:00,F,11,301.35702182982277,57600.0,28200.000000000004,0.00523189274010109,73884.25240807429,5021.030064567615,0.004078772025267046,0.0,0.0
BC,M6,2040-01-01T00:00:00,F,12,401.58319513281094,57600.0,28300.0,0.006971930471055746,73884.25240807429,5021.030064567615,0.005435301597352628,0.0,0.0
BC,M6,2040-01-01T00:00:00,F,13,401.8093692923867,57600.0,28300.0,0.006975857105770603,73884.25240807429,5021.030064567615,0.005438362793104147,0.0,0.0
BC,M6,2040-01-01T00:00:00,F,14,502.0428401663012,57600.0,28500.000000000004,0.00871602153066495,73884.25240807429,5021.030064567615,0.006794991135505303,0.0,0.0
BC,M6,2040-01-01T00:00:00,F,15,1102.74325809344,57600.0,29300.0,0.01914484823078889,73884.25240807429,5021.030064567615,0.01492528139829874,0.0,0.0
BC,M6,2040-01-01T00:00:00,F,16,1903.9827880098528,57600.0,30800.000000000004,0.033055256736282165,73884.25240807429,5021.030064567615,0.025769805147297938,0.0,0.0
BC,M6,2040-01-01T00:00:00,F,17,1505.9341328511873,57600.0,32000.0,0.026144689806444223,73884.25240807429,5021.030064567615,0.020382342431154037,0.0,0.0
BC,M6,2040-01-01T00:00:00,F,18,2107.7095962619314,57600.0,33800.0,0.03659218049065853,73884.25240807429,5021.030064567615,0.028527183094723914,0.0,0.0
BC,M6,2040-01-01T00:00:00,F,19,4209.776949251645,57600.0,37700.0,0.07308640536895218,73884.25240807429,5021.030064567615,0.05697800021038839,0.0,0.0
BC,M6,2040-01-01T00:00:00,F,20,2412.564228379524,57600.0,40200.0,0.041884795631588964,73884.25240807429,5021.030064567615,0.03265329416956883,0.0,0.0
BC,M6,2040-01-01T00:00:00,F,21,714.7751191638235,57600.0,41199.99999999999,0.012409290263260826,73884.25240807429,5021.030064567615,0.009674255282654939,0.0,0.0
BC,M6,2040-01-01T00:00:00,F,22,-183.77281397008483,57600.0,41500.0,-0.003190500242536195,73884.25240807429,5021.030064567615,0.0,0.03660062011317799,0.004428260577592405
BC,M6,2040-01-01T00:00:00,F,23,117.24148311264435,57600.0,41800.00000000001,0.0020354424151500755,73884.25240807429,5021.030064567615,0.0015868264114672404,0.0,0.0
BC,M6,2040-01-01T00:00:00,F,24,317.9176875707635,57600.0,42000.0,0.0055194042981035335,73884.25240807429,5021.030064567615,0.004302915400901052,0.0,0.0
BC,M6,2040-01-01T00:00:00,F,25,517.9606556464787,57600.0,42300.0,0.008992372493862477,73884.25240807429,5021.030064567615,0.007010433736078169,0.0,0.0
BC,M6,2040-01-01T00:00:00,F,26,418.1325279493103,57600.0,42600.0,0.007259245276897749,73884.25240807429,5021.030064567615,0.005659291585436893,0.0,0.0
BC,M6,2040-01-01T00:00:00,F,27,518.6498016139885,57600.0,43100.0,0.009004336833576189,73884.25240807429,5021.030064567615,0.007019761108895094,0.0,0.0
BC,M6,2040-01-01T00:00:00,F,28,619.1289733283702,57600.0,43500.0,0.010748766898061982,73884.25240807429,5021.030064567615,0.008379714934500846,0.0,0.0
BC,M6,2040-01-01T00:00:00,F,29,719.8708587467918,57600.0,43699.99999999999,0.012497757964354024,73884.25240807429,5021.030064567615,0.009743224507041532,0.0,0.0
BC,M6,2040-01-01T00:00:00,F,30,621.0464890629664,57600.0,44600.0,0.010782057101787612,73884.25240807429,5021.030064567615,0.008405667903802146,0.0,0.0
BC,M6,2040-01-01T00:00:00,F,31,722.3681021714656,57600.0,45200.00000000001,0.012541112884921277,73884.25240807429,5021.030064567615,0.009777023907364096,0.0,0.0
BC,M6,2040-01-01T00:00:00,F,32,524.1324383127285,57600.0,45600.00000000001,0.009099521498484869,73884.25240807429,5021.030064567615,0.0070939668634374614,0.0,0.0
BC,M6,2040-01-01T00:00:00,F,33,525.3681957640365,57600.0,45200.00000000001,0.009120975620903412,73884.25240807429,5021.030064567615,0.007110692449892377,0.0,0.0
BC,M6,2040-01-01T00:00:00,F,34,626.8764350591737,57600.0,44800.0,0.010883271441999543,73884.25240807429,5021.030064567615,0.008484574379894068,0.0,0.0
BC,M6,2040-01-01T00:00:00,F,35,628.7333296616198,57600.0,44900.0,0.010915509195514232,73884.25240807429,5021.030064567615,0.008509706861335311,0.0,0.0
BC,M6,2040-01-01T00:00:00,F,36,531.5300584475699,57600.0,45200.000000000015,0.009227952403603645,73884.25240807429,5021.030064567615,0.007194091313421515,0.0,0.0
BC,M6,2040-01-01T00:00:00,F,37,533.6101306644559,57600.0,44600.0,0.009264064768480138,73884.25240807429,5021.030064567615,0.007222244433323134,0.0,0.0
BC,M6,2040-01-01T00:00:00,F,38,335.94971151255595,57600.0,44200.0,0.0058324602693152075,73884.25240807429,5021.030064567615,0.0045469731446567685,0.0,0.0
BC,M6,2040-01-01T00:00:00,F,39,439.5345978365949,57600.0,46400.0,0.007630808990218662,73884.25240807429,5021.030064567615,0.005948961835723484,0.0,0.0
BC,M6,2040-01-01T00:00:00,F,40,442.6598242238906,57600.0,47800.000000000015,0.007685066392775879,73884.25240807429,5021.030064567615,0.005991260786926707,0.0,0.0
BC,M6,2040-01-01T00:00:00,F,41,344.4771807280704,57600.0,47999.99999999999,0.005980506609862333,73884.25240807429,5021.030064567615,0.004662389744779023,0.0,0.0
BC,M6,2040-01-01T00:00:00,F,42,346.21753689288744,57600.0,48200.0,0.006010721126612629,73884.25240807429,5021.030064567615,0.004685944915307173,0.0,0.0
BC,M6,2040-01-01T00:00:00,F,43,347.5719663007985,57600.0,48000.0,0.00603423552605553,73884.25240807429,5021.030064567615,0.004704276689180046,0.0,0.0
BC,M6,2040-01-01T00:00:00,F,44,250.64790858805645,57600.0,49000.0,0.004351526190764869,73884.25240807429,5021.030064567615,0.0033924402077412765,0.0,0.0
BC,M6,2040-01-01T00:00:00,F,45,352.696673077975,57600.0,48800.0,0.006123206129825955,73884.25240807429,5021.030064567615,0.004773637975383118,0.0,0.0
BC,M6,2040-01-01T00:00:00,F,46,255.33588921033515,57600.0,48600.0,0.004432914743234985,73884.25240807429,5021.030064567615,0.0034558905434959953,0.0,0.0
BC,M6,2040-01-01T00:00:00,F,47,258.2038390611415,57600.0,48700.0,0.004482705539255928,73884.25240807429,5021.030064567615,0.003494707338108279,0.0,0.0
BC,M6,2040-01-01T00:00:00,F,48,162.25354574753874,57600.0,49000.00000000001,0.0028169018358947698,73884.25240807429,5021.030064567615,0.002196050449984755,0.0,0.0
BC,M6,2040-01-01T00:00:00,F,49,166.08457486769476,57600.0,48900.0,0.002883412758119701,73884.25240807429,5021.030064567615,0.0022479022180583712,0.0,0.0
BC,M6,2040-01-01T00:00:00,F,50,170.6896239689013,57600.0,48800.00000000001,0.0029633615272378695,73884.25240807429,5021.030064567615,0.0023102301018917506,0.0,0.0
BC,M6,2040-01-01T00:00:00,F,51,174.3423209334287,57600.0,47600.00000000001,0.0030267764050942486,73884.25240807429,5021.030064567615,0.0023596682006134244,0.0,0.0
BC,M6,2040-01-01T00:00:00,F,52,178.60438769905886,57600.0,46700.0,0.0031007706197753275,73884.25240807429,5021.030064567615,0.002417353926958601,0.0,0.0
BC,M6,2040-01-01T00:00:00,F,53,282.83684737720614,57600.0,45800.00000000001,0.004910361933632051,73884.25240807429,5021.030064567615,0.003828107318661817,0.0,0.0
BC,M6,2040-01-01T00:00:00,F,54,289.10390335718694,57600.0,45600.00000000001,0.005019164988840051,73884.25240807429,5021.030064567615,0.003912929940204589,0.0,0.0
BC,M6,2040-01-01T00:00:00,F,55,294.5590866478524,57600.0,44700.0,0.005113873032080771,73884.25240807429,5021.030064567615,0.003986764121547261,0.0,0.0
BC,M6,2040-01-01T00:00:00,F,56,201.12136623649712,57600.0,44000.0,0.003491690386050297,73884.25240807429,5021.030064567615,0.002722114113379294,0.0,0.0
BC,M6,2040-01-01T00:00:00,F,57,207.67324543368886,57600.0,43200.0,0.0036054382887793206,73884.25240807429,5021.030064567615,0.002810791727128496,0.0,0.0
BC,M6,2040-01-01T00:00:00,F,58,214.87182886846858,57600.0,42500.0,0.003730413695633135,73884.25240807429,5021.030064567615,0.00290822227829684,0.0,0.0
BC,M6,2040-01-01T00:00:00,F,59,320.14117230688134,57600.0,41000.0,0.0055580064636611345,73884.25240807429,5021.030064567615,0.004333009563914805,0.0,0.0
BC,M6,2040-01-01T00:00:00,F,60,328.18001478281076,57600.0,40100.0,0.005697569701090465,73884.25240807429,5021.030064567615,0.004441812755581814,0.0,0.0
BC,M6,2040-01-01T00:00:00,F,61,233.57392113217793,57600.0,38300.0,0.004055102797433645,73884.25240807429,5021.030064567615,0.003161349184967219,0.0,0.0
BC,M6,2040-01-01T00:00:00,F,62,241.39582852821331,57600.0,37099.99999999999,0.004190899800837037,73884.25240807429,5021.030064567615,0.003267216228905537,0.0,0.0
BC,M6,2040-01-01T00:00:00,F,63,252.94613243026106,57600.0,36700.0,0.004391425910247588,73884.25240807429,5021.030064567615,0.0034235459409293336,0.0,0.0
BC,M6,2040-01-01T00:00:00,F,64,267.97153524903115,57600.0,36800.0,0.004652283598073457,73884.25240807429,5021.030064567615,0.003626910018240185,0.0,0.0
BC,M6,2040-01-01T00:00:00,F,65,181.56495569548133,57600.0,36199.99999999999,0.0031521693697132177,73884.25240807429,5021.030064567615,0.002457424278893284,0.0,0.0
BC,M6,2040-01-01T00:00:00,F,66,297.56432683561434,57600.0,36000.0,0.005166047340896082,73884.25240807429,5021.030064567615,0.004027439097469918,0.0,0.0
BC,M6,2040-01-01T00:00:00,F,67,217.7200045704376,57600.0,36000.00000000001,0.003779861190458986,73884.25240807429,5021.030064567615,0.0029467714360556286,0.0,0.0
BC,M6,2040-01-01T00:00:00,F,68,241.66948114229308,57600.0,36300.0,0.004195650714275922,73884.25240807429,5021.030064567615,0.0032709200305298444,0.0,0.0
BC,M6,2040-01-01T00:00:00,F,69,181.14976875061257,57600.0,38200.0,0.003144961263031468,73884.25240807429,5021.030064567615,0.0024518048548436825,0.0,0.0
BC,M6,2040-01-01T00:00:00,F,70,209.31833789703524,57600.0,38100.0,0.0036339989218235284,73884.25240807429,5021.030064567615,0.00283305753357207,0.0,0.0
BC,M6,2040-01-01T00:00:00,F,71,238.07414980502654,57600.0,37700.00000000001,0.004133231767448378,73884.25240807429,5021.030064567615,0.0032222583574386832,0.0,0.0
BC,M6,2040-01-01T00:00:00,F,72,160.22840020836156,57600.0,36200.00000000001,0.0027817430591729436,73884.25240807429,5021.030064567615,0.0021686407453024637,0.0,0.0
BC,M6,2040-01-01T00:00:00,F,73,187.01155187551922,57600.0,35100.0,0.0032467283311722085,73884.25240807429,5021.030064567615,0.002531142236408175,0.0,0.0
BC,M6,2040-01-01T00:00:00,F,74,42.68159782195289,57600.0,36000.0,0.0007409999621866821,73884.25240807429,5021.030064567615,0.0005776819339825725,0.0,0.0
BC,M6,2040-01-01T00:00:00,F,75,105.16799498644832,57600.0,37000.0,0.0018258332462925055,73884.25240807429,5021.030064567615,0.0014234155663589722,0.0,0.0
BC,M6,2040-01-01T00:00:00,F,76,81.46814653160254,57600.0,38200.00000000001,0.001414377543951433,73884.25240807429,5021.030064567615,0.0011026456095358619,0.0,0.0
BC,M6,2040-01-01T00:00:00,F,77,37.48309393535601,57600.0,37500.0,0.0006507481585999308,73884.25240807429,5021.030064567615,0.0005073218272322905,0.0,0.0
BC,M6,2040-01-01T00:00:00,F,78,73.65461288695951,57600.0,35499.99999999999,0.0012787259181763805,73884.25240807429,5021.030064567615,0.0009968919016755228,0.0,0.0
BC,M6,2040-01-01T00:00:00,F,79,-58.20179757657752,57600.0,34799.99999999999,-0.0010104478745933598,73884.25240807429,5021.030064567615,0.0,0.011591605074682928,0.0016724654476028026
BC,M6,2040-01-01T00:00:00,F,80,3.9282783096423373,57600.0,33700.0,6.819927620906836e-05,73884.25240807429,5021.030064567615,5.316800511082986e-05,0.0,0.0
BC,M6,2040-01-01T00:00:00,F,81,-38.74842895848633,57600.0,32100.000000000004,-0.0006727157805292766,73884.25240807429,5021.030064567615,0.0,0.007717227035130916,0.001207116166931038
BC,M6,2040-01-01T00:00:00,F,82,27.801676271566976,57600.0,30800.000000000004,0.00048266799082581554,73884.25240807429,5021.030064567615,0.00037628689964965694,0.0,0.0
BC,M6,2040-01-01T00:00:00,F,83,-17.41796401463216,57600.0,28900.000000000004,-0.0003023952085873639,73884.25240807429,5021.030064567615,0.0,0.003469002135148957,0.0006026977167692788
BC,M6,2040-01-01T00:00:00,F,84,45.88643826241969,57600.0,27300.000000000004,0.0007966395531670084,73884.25240807429,5021.030064567615,0.0006210584362278136,0.0,0.0
BC,M6,2040-01-01T00:00:00,F,85,-84.7606535369523,57600.0,25600.000000000004,-0.001471539123905422,73884.25240807429,5021.030064567615,0.0,0.016881128463079906,0.003310963028787199
BC,M6,2040-01-01T00:00:00,F,86,-50.112687128206744,57600.0,23300.000000000004,-0.0008700119293091449,73884.25240807429,5021.030064567615,0.0,0.009980559065328399,0.0021507591042148814
BC,M6,2040-01-01T00:00:00,F,87,-128.53695877981227,57600.0,20800.0,-0.0022315444232606295,73884.25240807429,5021.030064567615,0.0,0.02559971900723546,0.006179661479798666
BC,M6,2040-01-01T00:00:00,F,88,-106.71000913634998,57600.0,18600.000000000004,-0.0018526043252838538,73884.25240807429,5021.030064567615,0.0,0.02125261306228392,0.005737097265395159
BC,M6,2040-01-01T00:00:00,F,89,-177.2498745753328,57600.0,16600.000000000004,-0.003077254766932861,73884.25240807429,5021.030064567615,0.0,0.035301496365486636,0.010677703287670648
BC,M6,2040-01-01T00:00:00,F,90,-143.6495084036451,57600.0,14900.000000000002,-0.0024939150764521716,73884.25240807429,5021.030064567615,0.0,0.028609569462121003,0.009640906604271481
BC,M6,2040-01-01T00:00:00,F,91,-164.91366125973764,57600.0,12700.000000000002,-0.002863084396870445,73884.25240807429,5021.030064567615,0.0,0.03284458749281342,0.012985327658247055
BC,M6,2040-01-01T00:00:00,F,92,-257.46862470931774,57600.0,11000.0,-0.004469941401203433,73884.25240807429,5021.030064567615,0.0,0.05127804880640355,0.023406238609937974
BC,M6,2040-01-01T00:00:00,F,93,-187.5452207274593,57600.0,9400.0,-0.0032559934154072798,73884.25240807429,5021.030064567615,0.0,0.037351941397628284,0.01995161922632546
BC,M6,2040-01-01T00:00:00,F,94,-228.14093355698606,57600.0,6500.0,-0.003960780096475452,73884.25240807429,5021.030064567615,0.0,0.04543707777552062,0.03509860516261324
BC,M6,2040-01-01T00:00:00,F,95,-238.48035595648616,57600.0,5000.0,-0.004140283957577885,73884.25240807429,5021.030064567615,0.0,0.047496301135377256,0.047696071191297235
BC,M6,2040-01-01T00:00:00,F,96,-133.87183147277437,57600.0,4000.0000000000005,-0.0023241637408467773,73884.25240807429,5021.030064567615,0.0,0.02666222463344336,0.03346795786819359
BC,M6,2040-01-01T00:00:00,F,97,-142.4762732139211,57600.0,3000.0,-0.002473546409963908,73884.25240807429,5021.030064567615,0.0,0.0283759052190002,0.04749209107130704
BC,M6,2040-01-01T00:00:00,F,98,-84.95342879148075,57600.0,2100.0,-0.001474885916518763,73884.25240807429,5021.030064567615,0.0,0.016919522030146714,0.04045401371022893
BC,M6,2040-01-01T00:00:00,F,99,-81.10906683644043,57600.0,1500.0000000000002,-0.0014081435214659797,73884.25240807429,5021.030064567615,0.0,0.01615386998154235,0.054072711224293614
BC,M6,2040-01-01T00:00:00,F,100,1720.5754155385002,57600.0,2800.0,0.029871100964210074,73884.25240807429,5021.030064567615,0.02328744433976936,0.0,0.0
BC,M6,2040-01-01T00:00:00,M,1,477.9728485304331,57600.0,29400.0,0.00829813973143113,73884.25240807429,5021.030064567615,0.006469211407736986,0.0,0.0
BC,M6,2040-01-01T00:00:00,M,2,405.0019996068986,57600.0,29300.000000000004,0.0070312847153975455,73884.25240807429,5021.030064567615,0.005481574035154463,0.0,0.0
BC,M6,2040-01-01T00:00:00,M,3,303.4795916074945,57600.0,29200.0,0.005268742909852336,73884.25240807429,5021.030064567615,0.00410750033621954,0.0,0.0
BC,M6,2040-01-01T00:00:00,M,4,402.3839121501478,57600.0,29200.0,0.0069858318081622885,73884.25240807429,5021.030064567615,0.00544613904905904,0.0,0.0
BC,M6,2040-01-01T00:00:00,M,5,401.95723636560433,57600.0,29299.999999999996,0.006978424242458409,73884.25240807429,5021.030064567615,0.005440364127196302,0.0,0.0
BC,M6,2040-01-01T00:00:00,M,6,501.5275548453392,57600.0,29500.0,0.008707075604953806,73884.25240807429,5021.030064567615,0.006788016911578452,0.0,0.0
BC,M6,2040-01-01T00:00:00,M,7,501.31835934213814,57600.0,29700.0,0.008703443738578787,73884.25240807429,5021.030064567615,0.006785185516573659,0.0,0.0
BC,M6,2040-01-01T00:00:00,M,8,401.32738920064,57600.0,29800.0,0.006967489395844445,73884.25240807429,5021.030064567615,0.005431839344926251,0.0,0.0
BC,M6,2040-01-01T00:00:00,M,9,301.33190412990007,57600.0,29800.0,0.005231456668921876,73884.25240807429,5021.030064567615,0.004078432065138818,0.0,0.0
BC,M6,2040-01-01T00:00:00,M,10,501.33190412989643,57600.0,29999.999999999996,0.008703678891144035,73884.25240807429,5021.030064567615,0.00678536884099418,0.0,0.0
BC,M6,2040-01-01T00:00:00,M,11,401.3364190591492,57600.0,29999.999999999996,0.00696764616422134,73884.25240807429,5021.030064567615,0.005431961561206647,0.0,0.0
BC,M6,2040-01-01T00:00:00,M,12,301.7879208357008,57600.0,30000.0,0.005239373625619805,73884.25240807429,5021.030064567615,0.0040846041070954995,0.0,0.0
BC,M6,2040-01-01T00:00:00,M,13,302.01141591897976,57600.0,30000.0,0.005243253748593399,73884.25240807429,5021.030064567615,0.004087629042396253,0.0,0.0
BC,M6,2040-01-01T00:00:00,M,14,602.6819078074295,57600.0,30299.999999999996,0.010463227566101208,73884.25240807429,5021.030064567615,0.008157109101933157,0.0,0.0
BC,M6,2040-01-01T00:00:00,M,15,1103.5999927011762,57600.0,31000.0,0.01915972209550653,73884.25240807429,5021.030064567615,0.014936877030382885,0.0,0.0
BC,M6,2040-01-01T00:00:00,M,16,1605.5265196397158,57600.0,32199.999999999996,0.02787372429930062,73884.25240807429,5021.030064567615,0.02173029390311946,0.0,0.0
BC,M6,2040-01-01T00:00:00,M,17,1408.162052805772,57600.0,33300.0,0.024447257861211318,73884.25240807429,5021.030064567615,0.019059028235519967,0.0,0.0
BC,M6,2040-01-01T00:00:00,M,18,2211.14166349882,57600.0,35100.0,0.03838787610241007,73884.25240807429,5021.030064567615,0.02992710342775533,0.0,0.0
BC,M6,2040-01-01T00:00:00,M,19,4414.9282406333805,57600.0,39200.0,0.07664805973321841,73884.25240807429,5021.030064567615,0.05975465808666563,0.0,0.0
BC,M6,2040-01-01T00:00:00,M,20,2920.564194639439,57600.0,42500.0,0.05070423949026804,73884.25240807429,5021.030064567615,0.03952891312358019,0.0,0.0
BC,M6,2040-01-01T00:00:00,M,21,1025.9092165102484,57600.0,43500.00000000001,0.01781092389774737,73884.25240807429,5021.030064567615,0.013885356934303013,0.0,0.0
BC,M6,2040-01-01T00:00:00,M,22,30.658456947552622,57600.0,43800.0,0.0005322648775616775,73884.25240807429,5021.030064567615,0.0004149525230115501,0.0,0.0
BC,M6,2040-01-01T00:00:00,M,23,-165.40122917429835,57600.0,43999.99999999999,-0.0028715491176093465,73884.25240807429,5021.030064567615,0.0,0.03294169265017971,0.0037591188448704176
BC,M6,2040-01-01T00:00:00,M,24,-62.66142816530191,57600.0,43800.0,-0.0010878720167587137,73884.25240807429,5021.030064567615,0.0,0.012479795452230177,0.0014306262138196785
BC,M6,2040-01-01T00:00:00,M,25,39.50087731624808,57600.0,44100.0,0.0006857791200737514,73884.25240807429,5021.030064567615,0.0005346318874295236,0.0,0.0
BC,M6,2040-01-01T00:00:00,M,26,241.02269089817128,57600.0,43800.0,0.00418442171698214,73884.25240807429,5021.030064567615,0.003262165929039455,0.0,0.0
BC,M6,2040-01-01T00:00:00,M,27,543.420071853936,57600.0,44200.0,0.009434376247464165,73884.25240807429,5021.030064567615,0.007355018886197046,0.0,0.0
BC,M6,2040-01-01T00:00:00,M,28,445.6188136066048,57600.0,44000.0,0.007736437736225778,73884.25240807429,5021.030064567615,0.006031309772823881,0.0,0.0
BC,M6,2040-01-01T00:00:00,M,29,448.46222477662377,57600.0,43900.00000000001,0.007785802513483052,73884.25240807429,5021.030064567615,0.006069794444148893,0.0,0.0
BC,M6,2040-01-01T00:00:00,M,30,552.5705457307122,57600.0,44700.0,0.009593238641158198,73884.25240807429,5021.030064567615,0.0074788676574647946,0.0,0.0
BC,M6,2040-01-01T00:00:00,M,31,556.948851036439,57600.0,44999.99999999999,0.009669250886049289,73884.25240807429,5021.030064567615,0.007538126635704769,0.0,0.0
BC,M6,2040-01-01T00:00:00,M,32,460.97058168980584,57600.0,44899.99999999999,0.00800296148767024,73884.25240807429,5021.030064567615,0.006239091100817982,0.0,0.0
BC,M6,2040-01-01T00:00:00,M,33,363.785593227527,57600.0,44200.0,0.006315722104644566,73884.25240807429,5021.030064567615,0.00492372300416985,0.0,0.0
BC,M6,2040-01-01T00:00:00,M,34,566.5013809856537,57600.0,43799.99999999999,0.00983509341988982,73884.25240807429,5021.030064567615,0.007667417108814716,0.0,0.0
BC,M6,2040-01-01T00:00:00,M,35,568.9510386027396,57600.0,43700.0,0.00987762219796423,73884.25240807429,5021.030064567615,0.007700572450274437,0.0,0.0
BC,M6,2040-01-01T00:00:00,M,36,571.7236041899305,57600.0,43999.99999999999,0.009925757017186293,73884.25240807429,5021.030064567615,0.007738098249031628,0.0,0.0
BC,M6,2040-01-01T00:00:00,M,37,273.1815243987585,57600.0,43399.99999999999,0.004742734798589557,73884.25240807429,5021.030064567615,0.003697425574396208,0.0,0.0
BC,M6,2040-01-01T00:00:00,M,38,274.7324657344361,57600.0,42800.0,0.004769660863445072,73884.25240807429,5021.030064567615,0.0037184170750899086,0.0,0.0
BC,M6,2040-01-01T00:00:00,M,39,181.4472379712388,57600.0,44799.99999999999,0.0031501256592228956,73884.25240807429,5021.030064567615,0.002455831006708673,0.0,0.0
BC,M6,2040-01-01T00:00:00,M,40,288.2302931251688,57600.0,46699.99999999999,0.0050039981445341815,73884.25240807429,5021.030064567615,0.0039011059018805227,0.0,0.0
BC,M6,2040-01-01T00:00:00,M,41,293.27230648008845,57600.0,47300.0,0.005091533098612646,73884.25240807429,5021.030064567615,0.003969347958754453,0.0,0.0
BC,M6,2040-01-01T00:00:00,M,42,298.509353413574,57600.0,47600.0,0.005182454052318993,73884.25240807429,5021.030064567615,0.004040229733460117,0.0,0.0
BC,M6,2040-01-01T00:00:00,M,43,304.82004463089834,57600.0,48200.0,0.0052920146637308735,73884.25240807429,5021.030064567615,0.004125642944146332,0.0,0.0
BC,M6,2040-01-01T00:00:00,M,44,411.3942617260327,57600.0,48800.0,0.007142261488299179,73884.25240807429,5021.030064567615,0.005568091282210421,0.0,0.0
BC,M6,2040-01-01T00:00:00,M,45,217.84094489015843,57600.0,49000.0,0.0037819608487874726,73884.25240807429,5021.030064567615,0.002948408325051309,0.0,0.0
BC,M6,2040-01-01T00:00:00,M,46,223.59887856105343,57600.0,48800.0,0.0038819249750182885,73884.25240807429,5021.030064567615,0.003026340137084718,0.0,0.0
BC,M6,2040-01-01T00:00:00,M,47,229.6716765911624,57600.0,48600.0,0.003987355496374347,73884.25240807429,5021.030064567615,0.0031085335386849392,0.0,0.0
BC,M6,2040-01-01T00:00:00,M,48,136.33659437435563,57600.0,48399.99999999999,0.0023669547634436743,73884.25240807429,5021.030064567615,0.001845272706034126,0.0,0.0
BC,M6,2040-01-01T00:00:00,M,49,243.40431105607422,57600.0,48299.99999999999,0.004225769289167955,73884.25240807429,5021.030064567615,0.003294400404997186,0.0,0.0
BC,M6,2040-01-01T00:00:00,M,50,150.77142488217214,57600.0,47999.99999999999,0.002617559459759933,73884.25240807429,5021.030064567615,0.0020406435738083667,0.0,0.0
BC,M6,2040-01-01T00:00:00,M,51,155.8041444695773,57600.0,46900.0,0.002704933063707939,73884.25240807429,5021.030064567615,0.002108759842476941,0.0,0.0
BC,M6,2040-01-01T00:00:00,M,52,159.37149156035593,57600.0,45300.0,0.002766866172922846,73884.25240807429,5021.030064567615,0.0021570427576382886,0.0,0.0
BC,M6,2040-01-01T00:00:00,M,53,166.3281463639505,57600.0,44599.99999999999,0.0028876414299296963,73884.25240807429,5021.030064567615,0.0022511988812621954,0.0,0.0
BC,M6,2040-01-01T00:00:00,M,54,175.63062773117417,57600.0,44399.99999999999,0.003049142842555107,73884.25240807429,5021.030064567615,0.0023771050258604327,0.0,0.0
BC,M6,2040-01-01T00:00:00,M,55,183.2296041114314,57600.0,43500.0,0.003181069515823462,73884.25240807429,5021.030064567615,0.0024799547689733073,0.0,0.0
BC,M6,2040-01-01T00:00:00,M,56,189.66651574608113,57600.0,42300.0,0.0032928214539250196,73884.25240807429,5021.030064567615,0.002567076333107132,0.0,0.0
BC,M6,2040-01-01T00:00:00,M,57,295.9063150064103,57600.0,41100.0,0.005137262413305734,73884.25240807429,5021.030064567615,0.00400499843149354,0.0,0.0
BC,M6,2040-01-01T00:00:00,M,58,303.602536696053,57600.0,40000.0,0.005270877373195365,73884.25240807429,5021.030064567615,0.004109164359127689,0.0,0.0
BC,M6,2040-01-01T00:00:00,M,59,310.6677722992172,57600.0,38700.0,0.005393537713528076,73884.25240807429,5021.030064567615,0.004204790089549129,0.0,0.0
BC,M6,2040-01-01T00:00:00,M,60,217.63708278164268,57600.0,37200.0,0.003778421576070185,73884.25240807429,5021.030064567615,0.002945649115857585,0.0,0.0
BC,M6,2040-01-01T00:00:00,M,61,222.71026414485823,57600.0,35500.0,0.0038664976414037886,73884.25240807429,5021.030064567615,0.0030143130218709476,0.0,0.0
BC,M6,2040-01-01T00:00:00,M,62,231.25279147506808,57600.0,34300.0,0.004014805407553265,73884.25240807429,5021.030064567615,0.0031299334288154225,0.0,0.0
BC,M6,2040-01-01T00:00:00,M,63,245.25641976223415,57600.0,33800.0,0.004257923954205454,73884.25240807429,5021.030064567615,0.003319468110845117,0.0,0.0
BC,M6,2040-01-01T00:00:00,M,64,259.4813785667284,57600.0,33200.0,0.004504885044561257,73884.25240807429,5021.030064567615,0.0035119984314596854,0.0,0.0
BC,M6,2040-01-01T00:00:00,M,65,177.5456614008399,57600.0,32800.0,0.0030823899548756925,73884.25240807429,5021.030064567615,0.00240302440119753,0.0,0.0
BC,M6,2040-01-01T00:00:00,M,66,294.4850318862191,57600.0,32299.999999999996,0.005112587359135748,73884.25240807429,5021.030064567615,0.003985761813758799,0.0,0.0
BC,M6,2040-01-01T00:00:00,M,67,117.95467725025446,57600.0,31999.999999999996,0.0020478242578169177,73884.25240807429,5021.030064567615,0.001596479268664347,0.0,0.0
BC,M6,2040-01-01T00:00:00,M,68,148.00047930002256,57600.0,32300.0,0.0025694527656253915,73884.25240807429,5021.030064567615,0.0020031397013072928,0.0,0.0
BC,M6,2040-01-01T00:00:00,M,69,94.08428658275807,57600.0,33600.0,0.0016334077531728831,73884.25240807429,5021.030064567615,0.001273401076904938,0.0,0.0
BC,M6,2040-01-01T00:00:00,M,70,126.01144257788837,57600.0,33400.0,0.0021876986558661176,73884.25240807429,5021.030064567615,0.001705525040463392,0.0,0.0
BC,M6,2040-01-01T00:00:00,M,71,152.85696748521877,57600.0,32599.999999999996,0.0026537667966183816,73884.25240807429,5021.030064567615,0.0020688707336573675,0.0,0.0
BC,M6,2040-01-01T00:00:00,M,72,77.57302193134092,57600.0,31399.999999999996,0.0013467538529746688,73884.25240807429,5021.030064567615,0.0010499263294009254,0.0,0.0
BC,M6,2040-01-01T00:00:00,M,73,110.09344828752,57600.0,30699.999999999996,0.001911344588325,73884.25240807429,5021.030064567615,0.001490080019751119,0.0,0.0
BC,M6,2040-01-01T00:00:00,M,74,170.70043810594507,57600.0,31400.0,0.0029635492726726572,73884.25240807429,5021.030064567615,0.0023103764678180654,0.0,0.0
BC,M6,2040-01-01T00:00:00,M,75,147.085737678055,57600.0,32399.999999999996,0.002553571834688455,73884.25240807429,5021.030064567615,0.001990758962622745,0.0,0.0
BC,M6,2040-01-01T00:00:00,M,76,123.02018571969529,57600.0,32899.99999999999,0.0021357671131891545,73884.25240807429,5021.030064567615,0.0016650393244860293,0.0,0.0
BC,M6,2040-01-01T00:00:00,M,77,-7.7138240122149,57600.0,32599.999999999996,-0.0001339205557676198,73884.25240807429,5021.030064567615,0.0,0.0015363030917997847,0.00023662036847284972
BC,M6,2040-01-01T00:00:00,M,78,20.01616550214385,57600.0,30600.0,0.0003475028733011085,73884.25240807429,5021.030064567615,0.0002709124725468079,0.0,0.0
BC,M6,2040-01-01T00:00:00,M,79,78.29691548863048,57600.0,29700.0,0.0013593214494553901,73884.25240807429,5021.030064567615,0.0010597239998610848,0.0,0.0
BC,M6,2040-01-01T00:00:00,M,80,28.71838184716762,57600.0,28300.0,0.0004985830181799935,73884.25240807429,5021.030064567615,0.0003886942198257824,0.0,0.0
BC,M6,2040-01-01T00:00:00,M,81,-32.495318125060294,57600.0,26500.0,-0.0005641548285600746,73884.25240807429,5021.030064567615,0.0,0.0064718429699063395,0.001226238419813596
BC,M6,2040-01-01T00:00:00,M,82,-70.8553183346412,57600.0,25299.999999999996,-0.001230127054420854,73884.25240807429,5021.030064567615,0.0,0.01411170963397585,0.0028006054677723797
BC,M6,2040-01-01T00:00:00,M,83,-48.65998640539328,57600.0,23199.999999999996,-0.000844791430649189,73884.25240807429,5021.030064567615,0.0,0.009691235818079815,0.002097413207129021
BC,M6,2040-01-01T00:00:00,M,84,-103.43646768494364,57600.0,21599.999999999996,-0.0017957720084191603,73884.25240807429,5021.030064567615,0.0,0.02060064694989056,0.004788725355784429
BC,M6,2040-01-01T00:00:00,M,85,-75.33698989913682,57600.0,19799.999999999996,-0.0013079338524155698,73884.25240807429,5021.030064567615,0.0,0.015004289743408348,0.0038048984797543857
BC,M6,2040-01-01T00:00:00,M,86,-83.02394492675012,57600.0,17499.999999999996,-0.0014413879327560785,73884.25240807429,5021.030064567615,0.0,0.01653524154587983,0.004744225424385722
BC,M6,2040-01-01T00:00:00,M,87,-71.940028886449,57600.0,15700.0,-0.001248958834834184,73884.25240807429,5021.030064567615,0.0,0.014327743104769499,0.004582167444996752
BC,M6,2040-01-01T00:00:00,M,88,-79.27850875794502,57600.0,13799.999999999998,-0.0013763629992698788,73884.25240807429,5021.030064567615,0.0,0.015789291786439855,0.005744819475213408
BC,M6,2040-01-01T00:00:00,M,89,-85.65050529107975,57600.0,12099.999999999998,-0.0014869879390812457,73884.25240807429,5021.030064567615,0.0,0.01705835340351732,0.007078554156287584
BC,M6,2040-01-01T00:00:00,M,90,-279.7246402453293,57600.0,10499.999999999998,-0.004856330559814745,73884.25240807429,5021.030064567615,0.0,0.05571060851025151,0.026640441928126604
BC,M6,2040-01-01T00:00:00,M,91,-229.65866873978302,57600.0,8799.999999999998,-0.003987129665621233,73884.25240807429,5021.030064567615,0.0,0.045739353436745456,0.02609757599315717
BC,M6,2040-01-01T00:00:00,M,92,-163.47766134144786,57600.0,7499.999999999999,-0.0028381538427334698,73884.25240807429,5021.030064567615,0.0,0.03255859041655145,0.02179702151219305
BC,M6,2040-01-01T00:00:00,M,93,-226.83165359133363,57600.0,6100.0,-0.0039380495415162085,73884.25240807429,5021.030064567615,0.0,0.045176318539105816,0.03718551698218584
BC,M6,2040-01-01T00:00:00,M,94,-157.65346295584277,57600.0,4100.0,-0.002737039287427826,73884.25240807429,5021.030064567615,0.0,0.03139862954981511,0.03845206413557141
BC,M6,2040-01-01T00:00:00,M,95,-174.64333160537444,57600.0,3000.0,-0.0030320022848155286,73884.25240807429,5021.030064567615,0.0,0.03478237121856664,0.05821444386845815
BC,M6,2040-01-01T00:00:00,M,96,-79.5374773817166,57600.0,2299.9999999999995,-0.0013808589823214687,73884.25240807429,5021.030064567615,0.0,0.015840868578540557,0.03458151190509418
BC,M6,2040-01-01T00:00:00,M,97,-168.099731363229,57600.0,1599.9999999999998,-0.002918398113944948,73884.25240807429,5021.030064567615,0.0,0.03347913260856065,0.10506233210201815
BC,M6,2040-01-01T00:00:00,M,98,-79.07887678492034,57600.0,1100.0,-0.001372897166404867,73884.25240807429,5021.030064567615,0.0,0.0157495326194049,0.07188988798629121
BC,M6,2040-01-01T00:00:00,M,99,-67.75091829074029,57600.0,700.0,-0.0011762312203253522,73884.25240807429,5021.030064567615,0.0,0.013493430116828953,0.09678702612962899
BC,M6,2040-01-01T00:00:00,M,100,675.7650138908006,57600.0,1200.0,0.011732031491159731,73884.25240807429,5021.030064567615,0.009146265839687254,0.0,0.0
BC,M6,2041-01-01T00:00:00,F,1,276.3243038550245,58700.0,28300.000000000004,0.00470739870281132,74449.24711769824,5754.631541078149,0.003711579559940722,0.0,0.0
BC,M6,2041-01-01T00:00:00,F,2,303.33896860003733,58700.0,28100.0,0.005167614456559409,74449.24711769824,5754.631541078149,0.004074439706831192,0.0,0.0
BC,M6,2041-01-01T00:00:00,F,3,302.66155042245737,58700.0,28000.0,0.0051560741128186946,74449.24711769824,5754.631541078149,0.004065340646682081,0.0,0.0
BC,M6,2041-01-01T00:00:00,F,4,302.20994280473315,58700.0,27900.0,0.0051483806269971575,74449.24711769824,5754.631541078149,0.004059274667035433,0.0,0.0
BC,M6,2041-01-01T00:00:00,F,5,501.9817382391084,58700.0,28000.0,0.008551648010887706,74449.24711769824,5754.631541078149,0.006742603285772869,0.0,0.0
BC,M6,2041-01-01T00:00:00,F,6,501.7679471961819,58700.0,28100.0,0.00854800591475608,74449.24711769824,5754.631541078149,0.006739731651052527,0.0,0.0
BC,M6,2041-01-01T00:00:00,F,7,401.5581605011321,58700.0,28200.000000000004,0.006840854523017582,74449.24711769824,5754.631541078149,0.005393716874883921,0.0,0.0
BC,M6,2041-01-01T00:00:00,F,8,501.3403676670423,58700.0,28400.000000000004,0.00854072176604842,74449.24711769824,5754.631541078149,0.006733988415953539,0.0,0.0
BC,M6,2041-01-01T00:00:00,F,9,301.3499760374143,58700.0,28400.000000000004,0.00513373042653176,74449.24711769824,5754.631541078149,0.004047723619837342,0.0,0.0
BC,M6,2041-01-01T00:00:00,F,10,301.35478022260213,58700.0,28500.000000000004,0.0051338122695502916,74449.24711769824,5754.631541078149,0.004047788149505187,0.0,0.0
BC,M6,2041-01-01T00:00:00,F,11,301.3547802225985,58700.0,28500.000000000004,0.00513381226955023,74449.24711769824,5754.631541078149,0.004047788149505138,0.0,0.0
BC,M6,2041-01-01T00:00:00,F,12,401.58058007668296,58700.0,28600.0,0.006841236457865127,74449.24711769824,5754.631541078149,0.005394018013933929,0.0,0.0
BC,M6,2041-01-01T00:00:00,F,13,301.81278643666883,58700.0,28600.0,0.005141614760420253,74449.24711769824,5754.631541078149,0.0040539400749013245,0.0,0.0
BC,M6,2041-01-01T00:00:00,F,14,502.0393888060644,58700.0,28800.0,0.008552630132982358,74449.24711769824,5754.631541078149,0.006743377646417038,0.0,0.0
BC,M6,2041-01-01T00:00:00,F,15,1102.7384183046815,58700.0,29599.999999999996,0.018786003718989464,74449.24711769824,5754.631541078149,0.014811948555521875,0.0,0.0
BC,M6,2041-01-01T00:00:00,F,16,1903.988361845517,58700.0,31200.0,0.03243591757828819,74449.24711769824,5754.631541078149,0.025574313180568038,0.0,0.0
BC,M6,2041-01-01T00:00:00,F,17,1605.9189685022284,58700.0,32400.000000000004,0.027358074420821606,74449.24711769824,5754.631541078149,0.0215706542466897,0.0,0.0
BC,M6,2041-01-01T00:00:00,F,18,2207.68706401268,58700.0,34200.0,0.037609660375003066,74449.24711769824,5754.631541078149,0.02965358481762086,0.0,0.0
BC,M6,2041-01-01T00:00:00,F,19,4309.743470162495,58700.0,38100.0,0.07341982061605613,74449.24711769824,5754.631541078149,0.057888341884091046,0.0,0.0
BC,M6,2041-01-01T00:00:00,F,20,2412.377245175223,58700.0,40100.0,0.04109671627215031,74449.24711769824,5754.631541078149,0.03240297704235275,0.0,0.0
BC,M6,2041-01-01T00:00:00,F,21,714.4857443522924,58700.0,40900.0,0.012171818472781813,74449.24711769824,5754.631541078149,0.009596950567179656,0.0,0.0
BC,M6,2041-01-01T00:00:00,F,22,-184.16407996777707,58700.0,41000.0,-0.0031373778529433915,74449.24711769824,5754.631541078149,0.0,0.03200275789217138,0.004491806828482368
BC,M6,2041-01-01T00:00:00,F,23,16.948283362246002,58700.0,41500.0,0.00028872714416092,74449.24711769824,5754.631541078149,0.00022764882142397138,0.0,0.0
BC,M6,2041-01-01T00:00:00,F,24,317.74031497699616,58700.0,42100.0,0.005412952554974381,74449.24711769824,5754.631541078149,0.004267878148917671,0.0,0.0
BC,M6,2041-01-01T00:00:00,F,25,517.8251968668483,58700.0,42500.0,0.008821553609315984,74449.24711769824,5754.631541078149,0.006955412135306198,0.0,0.0
BC,M6,2041-01-01T00:00:00,F,26,417.9525197016046,58700.0,42699.99999999999,0.007120145139720692,74449.24711769824,5754.631541078149,0.0056139254039850196,0.0,0.0
BC,M6,2041-01-01T00:00:00,F,27,518.4210083600046,58700.0,43100.0,0.008831703719931935,74449.24711769824,5754.631541078149,0.0069634150569773115,0.0,0.0
BC,M6,2041-01-01T00:00:00,F,28,618.9823888717219,58700.0,43700.0,0.010544844784867495,74449.24711769824,5754.631541078149,0.008314152430489469,0.0,0.0
BC,M6,2041-01-01T00:00:00,F,29,619.8553135829861,58700.0,44100.0,0.010559715733952063,74449.24711769824,5754.631541078149,0.00832587752839253,0.0,0.0
BC,M6,2041-01-01T00:00:00,F,30,620.6465654779167,58700.0,44299.99999999999,0.010573195323303522,74449.24711769824,5754.631541078149,0.008336505599535811,0.0,0.0
BC,M6,2041-01-01T00:00:00,F,31,722.14335968456,58700.0,45300.0,0.012302271885597274,74449.24711769824,5754.631541078149,0.009699807421059742,0.0,0.0
BC,M6,2041-01-01T00:00:00,F,32,523.8892656325042,58700.0,45700.0,0.008924859721167022,74449.24711769824,5754.631541078149,0.0070368645206616755,0.0,0.0
BC,M6,2041-01-01T00:00:00,F,33,525.561525852012,58700.0,46100.00000000001,0.008953347970221669,74449.24711769824,5754.631541078149,0.0070593262685536865,0.0,0.0
BC,M6,2041-01-01T00:00:00,F,34,627.1473798002626,58700.0,45800.0,0.010683941734246381,74449.24711769824,5754.631541078149,0.008423824337790728,0.0,0.0
BC,M6,2041-01-01T00:00:00,F,35,628.7012327357297,58700.0,45400.0,0.010710412823436622,74449.24711769824,5754.631541078149,0.0084446956426813,0.0,0.0
BC,M6,2041-01-01T00:00:00,F,36,531.2826980821701,58700.0,45400.0,0.009050812573801876,74449.24711769824,5754.631541078149,0.007136172878179079,0.0,0.0
BC,M6,2041-01-01T00:00:00,F,37,534.0260047495613,58700.0,45700.0,0.009097546929294058,74449.24711769824,5754.631541078149,0.007173020889053577,0.0,0.0
BC,M6,2041-01-01T00:00:00,F,38,336.075051749649,58700.0,44900.0,0.005725299007660119,74449.24711769824,5754.631541078149,0.004514149769954578,0.0,0.0
BC,M6,2041-01-01T00:00:00,F,39,337.52175935440755,58700.0,44500.00000000001,0.005749944793090418,74449.24711769824,5754.631541078149,0.004533581902054872,0.0,0.0
BC,M6,2041-01-01T00:00:00,F,40,341.2477579779588,58700.0,46700.00000000001,0.005813420067767612,74449.24711769824,5754.631541078149,0.004583629401093523,0.0,0.0
BC,M6,2041-01-01T00:00:00,F,41,244.02390759769332,58700.0,48000.00000000001,0.0041571364156336174,74449.24711769824,5754.631541078149,0.003277721629768952,0.0,0.0
BC,M6,2041-01-01T00:00:00,F,42,345.74614616524923,58700.0,48300.00000000001,0.0058900535973637,74449.24711769824,5754.631541078149,0.004644051613022393,0.0,0.0
BC,M6,2041-01-01T00:00:00,F,43,347.48122634926403,58700.0,48500.0,0.005919612033207224,74449.24711769824,5754.631541078149,0.004667357156747661,0.0,0.0
BC,M6,2041-01-01T00:00:00,F,44,349.20682161785226,58700.0,48300.0,0.005949008886164434,74449.24711769824,5754.631541078149,0.004690535299380322,0.0,0.0
BC,M6,2041-01-01T00:00:00,F,45,352.58721607136977,58700.0,49299.99999999999,0.006006596525917713,74449.24711769824,5754.631541078149,0.0047359406538249865,0.0,0.0
BC,M6,2041-01-01T00:00:00,F,46,255.10922420462157,58700.0,49000.00000000001,0.004345983376569362,74449.24711769824,5754.631541078149,0.0034266192618619034,0.0,0.0
BC,M6,2041-01-01T00:00:00,F,47,257.6088768539703,58700.0,48800.00000000001,0.004388566897001197,74449.24711769824,5754.631541078149,0.0034601945194517748,0.0,0.0
BC,M6,2041-01-01T00:00:00,F,48,261.238963300726,58700.0,48900.00000000001,0.004450408233402488,74449.24711769824,5754.631541078149,0.003508953729078393,0.0,0.0
BC,M6,2041-01-01T00:00:00,F,49,265.542111185001,58700.0,49200.00000000001,0.004523715693100528,74449.24711769824,5754.631541078149,0.003566753479255477,0.0,0.0
BC,M6,2041-01-01T00:00:00,F,50,170.1100305106811,58700.0,49000.0,0.00289795622675777,74449.24711769824,5754.631541078149,0.0022849127035730918,0.0,0.0
BC,M6,2041-01-01T00:00:00,F,51,175.44101449025038,58700.0,48900.00000000001,0.002988773671043448,74449.24711769824,5754.631541078149,0.0023565183166042274,0.0,0.0
BC,M6,2041-01-01T00:00:00,F,52,279.307391514536,58700.0,47800.0,0.004758217913365179,74449.24711769824,5754.631541078149,0.003751648301734652,0.0,0.0
BC,M6,2041-01-01T00:00:00,F,53,283.7957770537978,58700.0,46900.00000000001,0.00483468104009877,74449.24711769824,5754.631541078149,0.0038119361584025104,0.0,0.0
BC,M6,2041-01-01T00:00:00,F,54,288.7878757783328,58700.0,46000.0,0.004919725311385567,74449.24711769824,5754.631541078149,0.0038789898750995096,0.0,0.0
BC,M6,2041-01-01T00:00:00,F,55,295.70977085963386,58700.0,45800.00000000001,0.005037645159448618,74449.24711769824,5754.631541078149,0.003971964557171957,0.0,0.0
BC,M6,2041-01-01T00:00:00,F,56,201.70330337750056,58700.0,44800.00000000001,0.0034361721188671305,74449.24711769824,5754.631541078149,0.0027092725740882773,0.0,0.0
BC,M6,2041-01-01T00:00:00,F,57,308.5758844483207,58700.0,44200.00000000001,0.0052568293773138115,74449.24711769824,5754.631541078149,0.0041447817996129255,0.0,0.0
BC,M6,2041-01-01T00:00:00,F,58,215.6066233481979,58700.0,43300.0,0.0036730259514173406,74449.24711769824,5754.631541078149,0.002896021540786588,0.0,0.0
BC,M6,2041-01-01T00:00:00,F,59,223.6155705773417,58700.0,42600.00000000001,0.003809464575423198,74449.24711769824,5754.631541078149,0.003003597473911638,0.0,0.0
BC,M6,2041-01-01T00:00:00,F,60,230.10238314698654,58700.0,41100.0,0.003919972455655648,74449.24711769824,5754.631541078149,0.003090728141054446,0.0,0.0
BC,M6,2041-01-01T00:00:00,F,61,238.5026787191382,58700.0,40200.0,0.004063078002029611,74449.24711769824,5754.631541078149,0.0032035606530994836,0.0,0.0
BC,M6,2041-01-01T00:00:00,F,62,244.57422286258225,58700.0,38400.0,0.004166511462735643,74449.24711769824,5754.631541078149,0.003285113447499747,0.0,0.0
BC,M6,2041-01-01T00:00:00,F,63,253.14063655096834,58700.0,37200.0,0.0043124469599824244,74449.24711769824,5754.631541078149,0.0034001772529784415,0.0,0.0
BC,M6,2041-01-01T00:00:00,F,64,265.91931179306994,58700.0,36800.00000000001,0.004530141597837648,74449.24711769824,5754.631541078149,0.003571820026234423,0.0,0.0
BC,M6,2041-01-01T00:00:00,F,65,282.32023031006975,58700.0,36900.0,0.004809543957582108,74449.24711769824,5754.631541078149,0.0037921166598735958,0.0,0.0
BC,M6,2041-01-01T00:00:00,F,66,296.78356976638315,58700.0,36300.00000000001,0.005055938156156442,74449.24711769824,5754.631541078149,0.003986387791097368,0.0,0.0
BC,M6,2041-01-01T00:00:00,F,67,215.06385261629475,58700.0,36000.0,0.0036637794312827047,74449.24711769824,5754.631541078149,0.0028887310609910697,0.0,0.0
BC,M6,2041-01-01T00:00:00,F,68,236.75001901011274,58700.0,36000.0,0.004033220085351154,74449.24711769824,5754.631541078149,0.0031800189817343632,0.0,0.0
BC,M6,2041-01-01T00:00:00,F,69,263.22162174559344,58700.0,36300.0,0.004484184356824419,74449.24711769824,5754.631541078149,0.0035355847363971503,0.0,0.0
BC,M6,2041-01-01T00:00:00,F,70,205.552386404539,58700.0,38100.0,0.003501744231763867,74449.24711769824,5754.631541078149,0.002760973339053077,0.0,0.0
BC,M6,2041-01-01T00:00:00,F,71,236.61205448446708,58700.0,38000.00000000001,0.004030869752716645,74449.24711769824,5754.631541078149,0.0031781658464645392,0.0,0.0
BC,M6,2041-01-01T00:00:00,F,72,168.5594221380452,58700.0,37500.00000000001,0.00287154041121031,74449.24711769824,5754.631541078149,0.0022640849795507855,0.0,0.0
BC,M6,2041-01-01T00:00:00,F,73,192.06049563327542,58700.0,36000.00000000001,0.0032718994145362083,74449.24711769824,5754.631541078149,0.0025797506767213283,0.0,0.0
BC,M6,2041-01-01T00:00:00,F,74,121.69541549121641,58700.0,34800.00000000001,0.0020731757323886953,74449.24711769824,5754.631541078149,0.0016346090820613108,0.0,0.0
BC,M6,2041-01-01T00:00:00,F,75,180.3696689117569,58700.0,35700.00000000001,0.0030727371194507135,74449.24711769824,5754.631541078149,0.0024227198513721306,0.0,0.0
BC,M6,2041-01-01T00:00:00,F,76,49.203922898515884,58700.0,36500.0,0.0008382269659031667,74449.24711769824,5754.631541078149,0.0006609055806934953,0.0,0.0
BC,M6,2041-01-01T00:00:00,F,77,31.441470940939325,58700.0,37600.0,0.0005356298286361043,74449.24711769824,5754.631541078149,0.0004223208717105346,0.0,0.0
BC,M6,2041-01-01T00:00:00,F,78,91.34954312376067,58700.0,36900.0,0.001556210274680761,74449.24711769824,5754.631541078149,0.0012270042567300169,0.0,0.0
BC,M6,2041-01-01T00:00:00,F,79,30.82275400866638,58700.0,34800.0,0.0005250895061101598,74449.24711769824,5754.631541078149,0.00041401028488492433,0.0,0.0
BC,M6,2041-01-01T00:00:00,F,80,1.1955469038221054,58700.0,34000.00000000001,2.0367068208213037e-05,74449.24711769824,5754.631541078149,1.6058549281660867e-05,0.0,0.0
BC,M6,2041-01-01T00:00:00,F,81,-30.995611184611334,58700.0,32800.0,-0.0005280342620887791,74449.24711769824,5754.631541078149,0.0,0.005386202568028223,0.0009449881458722968
BC,M6,2041-01-01T00:00:00,F,82,28.311659697072173,58700.0,31200.0,0.0004823110680932227,74449.24711769824,5754.631541078149,0.00038028134323929067,0.0,0.0
BC,M6,2041-01-01T00:00:00,F,83,0.13907365888735512,58700.0,29800.000000000004,2.3692275790009393e-06,74449.24711769824,5754.631541078149,1.8680331134509784e-06,0.0,0.0
BC,M6,2041-01-01T00:00:00,F,84,55.43093928957751,58700.0,27900.0,0.00094430901685822,74449.24711769824,5754.631541078149,0.0007445466735472244,0.0,0.0
BC,M6,2041-01-01T00:00:00,F,85,-77.32345543898191,58700.0,26100.0,-0.0013172649989605094,74449.24711769824,5754.631541078149,0.0,0.013436734374221136,0.0029625844995778508
BC,M6,2041-01-01T00:00:00,F,86,-112.54748338228455,58700.0,24300.0,-0.0019173336180968409,74449.24711769824,5754.631541078149,0.0,0.019557721911279555,0.004631583678283315
BC,M6,2041-01-01T00:00:00,F,87,-79.2922019268517,58700.0,22000.000000000004,-0.001350804121411443,74449.24711769824,5754.631541078149,0.0,0.013778849499023886,0.003604190996675077
BC,M6,2041-01-01T00:00:00,F,88,-167.1426067127104,58700.0,19400.0,-0.002847403862226753,74449.24711769824,5754.631541078149,0.0,0.0290448841979891,0.00861559828416033
BC,M6,2041-01-01T00:00:00,F,89,-250.9574381570892,58700.0,17100.000000000004,-0.004275254483084995,74449.24711769824,5754.631541078149,0.0,0.04360964492091035,0.014675873576437962
BC,M6,2041-01-01T00:00:00,F,90,-235.03306403625538,58700.0,15100.000000000002,-0.004003970426512017,74449.24711769824,5754.631541078149,0.0,0.040842417513358494,0.015565103578559957
BC,M6,2041-01-01T00:00:00,F,91,-209.46891504503037,58700.0,13400.0,-0.0035684653329647424,74449.24711769824,5754.631541078149,0.0,0.036400056815068596,0.015632008585450028
BC,M6,2041-01-01T00:00:00,F,92,-251.5588429426025,58700.0,11200.000000000002,-0.004285499879771763,74449.24711769824,5754.631541078149,0.0,0.04371415287788732,0.022460610977018076
BC,M6,2041-01-01T00:00:00,F,93,-178.5656484289466,58700.0,9600.0,-0.003042004232179669,74449.24711769824,5754.631541078149,0.0,0.031029901246377927,0.01860058837801527
BC,M6,2041-01-01T00:00:00,F,94,-226.31774000705263,58700.0,8000.0,-0.003855498126184883,74449.24711769824,5754.631541078149,0.0,0.039327928885026626,0.028289717500881578
BC,M6,2041-01-01T00:00:00,F,95,-91.67973474940663,58700.0,5500.0,-0.0015618353449643378,74449.24711769824,5754.631541078149,0.0,0.015931469129686474,0.016669042681710298
BC,M6,2041-01-01T00:00:00,F,96,-126.34668319918183,58700.0,4100.0,-0.0021524136831206444,74449.24711769824,5754.631541078149,0.0,0.021955651251914968,0.030816264194922397
BC,M6,2041-01-01T00:00:00,F,97,-114.90949681598613,58700.0,3200.0000000000005,-0.001957572347802149,74449.24711769824,5754.631541078149,0.0,0.01996817624129893,0.03590921775499566
BC,M6,2041-01-01T00:00:00,F,98,-133.42317619368941,58700.0,2300.0000000000005,-0.0022729672264683036,74449.24711769824,5754.631541078149,0.0,0.02318535517717823,0.05801007660595191
BC,M6,2041-01-01T00:00:00,F,99,-64.44307150539794,58700.0,1600.0000000000002,-0.001097837674708653,74449.24711769824,5754.631541078149,0.0,0.011198470492052444,0.04027691969087371
BC,M6,2041-01-01T00:00:00,F,100,1840.2142661445014,58700.0,3000.0,0.03134947642494892,74449.24711769824,5754.631541078149,0.024717701486427008,0.0,0.0
BC,M6,2041-01-01T00:00:00,M,1,478.00486456888757,58700.0,29899.999999999996,0.008143183382774916,74449.24711769824,5754.631541078149,0.006420546655269738,0.0,0.0
BC,M6,2041-01-01T00:00:00,M,2,405.00413808199664,58700.0,29800.0,0.006899559422180522,74449.24711769824,5754.631541078149,0.005440003139880217,0.0,0.0
BC,M6,2041-01-01T00:00:00,M,3,403.4692357792919,58700.0,29700.0,0.00687341117170855,74449.24711769824,5754.631541078149,0.005419386379306694,0.0,0.0
BC,M6,2041-01-01T00:00:00,M,4,502.37692842451725,58700.0,29700.0,0.008558380382019034,74449.24711769824,5754.631541078149,0.006747911468201954,0.0,0.0
BC,M6,2041-01-01T00:00:00,M,5,501.944749506838,58700.0,29700.0,0.008551017879162487,74449.24711769824,5754.631541078149,0.006742106454257408,0.0,0.0
BC,M6,2041-01-01T00:00:00,M,6,601.5177551356646,58700.0,29900.0,0.010247321211851186,74449.24711769824,5754.631541078149,0.008079568006708164,0.0,0.0
BC,M6,2041-01-01T00:00:00,M,7,501.3098096563299,58700.0,29999.999999999996,0.008540201186649572,74449.24711769824,5754.631541078149,0.006733577961692476,0.0,0.0
BC,M6,2041-01-01T00:00:00,M,8,401.31868972179655,58700.0,30099.999999999996,0.006836774952671151,74449.24711769824,5754.631541078149,0.0053905003107330846,0.0,0.0
BC,M6,2041-01-01T00:00:00,M,9,301.32312975452805,58700.0,30099.999999999996,0.0051332730792934935,74449.24711769824,5754.631541078149,0.004047363021390405,0.0,0.0
BC,M6,2041-01-01T00:00:00,M,10,501.32312975452805,58700.0,30299.999999999996,0.008540428104847156,74449.24711769824,5754.631541078149,0.006733756876842243,0.0,0.0
BC,M6,2041-01-01T00:00:00,M,11,301.33200981999835,58700.0,30299.999999999996,0.005133424358091965,74449.24711769824,5754.631541078149,0.004047482298156982,0.0,0.0
BC,M6,2041-01-01T00:00:00,M,12,301.77602232901336,58700.0,30300.0,0.005140988455349461,74449.24711769824,5754.631541078149,0.0040534462605367905,0.0,0.0
BC,M6,2041-01-01T00:00:00,M,13,401.99803031524425,58700.0,30400.0,0.00684834804625629,74449.24711769824,5754.631541078149,0.005399625192713069,0.0,0.0
BC,M6,2041-01-01T00:00:00,M,14,602.664061200976,58700.0,30600.0,0.010266849424207428,74449.24711769824,5754.631541078149,0.008094965154559762,0.0,0.0
BC,M6,2041-01-01T00:00:00,M,15,1003.587639730813,58700.0,31300.000000000004,0.01709689335146189,74449.24711769824,5754.631541078149,0.013480158343901344,0.0,0.0
BC,M6,2041-01-01T00:00:00,M,16,1605.5058982754235,58700.0,32600.0,0.027351037449325783,74449.24711769824,5754.631541078149,0.021565105900093907,0.0,0.0
BC,M6,2041-01-01T00:00:00,M,17,1408.1021695883792,58700.0,33600.0,0.02398811191803031,74449.24711769824,5754.631541078149,0.01891358508115312,0.0,0.0
BC,M6,2041-01-01T00:00:00,M,18,2111.090106332158,58700.0,35400.0,0.035964056325931144,74449.24711769824,5754.631541078149,0.028356097449779384,0.0,0.0
BC,M6,2041-01-01T00:00:00,M,19,4414.807252667604,58700.0,39500.0,0.07520966358888594,74449.24711769824,5754.631541078149,0.05929955538285231,0.0,0.0
BC,M6,2041-01-01T00:00:00,M,20,2920.018946793287,58700.0,42100.0,0.049744786146393306,74449.24711769824,5754.631541078149,0.03922160478234216,0.0,0.0
BC,M6,2041-01-01T00:00:00,M,21,925.4796565343786,58700.0,43400.0,0.01576626331404393,74449.24711769824,5754.631541078149,0.01243101431329816,0.0,0.0
BC,M6,2041-01-01T00:00:00,M,22,29.943694232402777,58700.0,43500.0,0.0005101140414378667,74449.24711769824,5754.631541078149,0.0004022027809772773,0.0,0.0
BC,M6,2041-01-01T00:00:00,M,23,-166.28267998018418,58700.0,43600.0,-0.0028327543437850797,74449.24711769824,5754.631541078149,0.0,0.02889545208815065,0.003813822935325325
BC,M6,2041-01-01T00:00:00,M,24,-63.19668966934114,58700.0,43900.0,-0.0010766045940262545,74449.24711769824,5754.631541078149,0.0,0.010981882891758702,0.0014395601291421671
BC,M6,2041-01-01T00:00:00,M,25,38.58190015901346,58700.0,43800.0,0.0006572725751109618,74449.24711769824,5754.631541078149,0.0005182308975941502,0.0,0.0
BC,M6,2041-01-01T00:00:00,M,26,240.80542642904766,58700.0,44300.00000000001,0.004102307094191612,74449.24711769824,5754.631541078149,0.0032344910895922663,0.0,0.0
BC,M6,2041-01-01T00:00:00,M,27,542.7981766481316,58700.0,44300.0,0.009246987677140233,74449.24711769824,5754.631541078149,0.007290848432490011,0.0,0.0
BC,M6,2041-01-01T00:00:00,M,28,445.4801828392883,58700.0,44600.0,0.007589100218727229,74449.24711769824,5754.631541078149,0.005983676129525127,0.0,0.0
BC,M6,2041-01-01T00:00:00,M,29,548.2069539676304,58700.0,44500.0,0.009339130391271386,74449.24711769824,5754.631541078149,0.007363498963273055,0.0,0.0
BC,M6,2041-01-01T00:00:00,M,30,551.3485521478506,58700.0,44400.00000000001,0.009392649951411423,74449.24711769824,5754.631541078149,0.007405696813511265,0.0,0.0
BC,M6,2041-01-01T00:00:00,M,31,556.2570034899327,58700.0,45200.0,0.009476269224700727,74449.24711769824,5754.631541078149,0.007471626981137034,0.0,0.0
BC,M6,2041-01-01T00:00:00,M,32,460.6341940998391,58700.0,45400.0,0.00784726054684564,74449.24711769824,5754.631541078149,0.006187224343204085,0.0,0.0
BC,M6,2041-01-01T00:00:00,M,33,464.1578475246715,58700.0,45299.99999999999,0.007907288714219276,74449.24711769824,5754.631541078149,0.0062345539477501434,0.0,0.0
BC,M6,2041-01-01T00:00:00,M,34,566.7591808838188,58700.0,44699.99999999999,0.009655181957134903,74449.24711769824,5754.631541078149,0.007612691905236038,0.0,0.0
BC,M6,2041-01-01T00:00:00,M,35,468.75077093076834,58700.0,44200.0,0.007985532724544605,74449.24711769824,5754.631541078149,0.00629624595383364,0.0,0.0
BC,M6,2041-01-01T00:00:00,M,36,470.85998590439704,58700.0,44099.99999999999,0.008021464836531466,74449.24711769824,5754.631541078149,0.006324576864558556,0.0,0.0
BC,M6,2041-01-01T00:00:00,M,37,273.30228004683886,58700.0,44200.0,0.004655916184784308,74449.24711769824,5754.631541078149,0.0036709878289940268,0.0,0.0
BC,M6,2041-01-01T00:00:00,M,38,374.8750246405252,58700.0,43700.0,0.006386286620792593,74449.24711769824,5754.631541078149,0.005035309813783317,0.0,0.0
BC,M6,2041-01-01T00:00:00,M,39,176.69386625714833,58700.0,42899.99999999999,0.0030101169720127482,74449.24711769824,5754.631541078149,0.0023733465830461605,0.0,0.0
BC,M6,2041-01-01T00:00:00,M,40,283.59712671893067,58700.0,44999.99999999999,0.004831296877664918,74449.24711769824,5754.631541078149,0.003809267893207658,0.0,0.0
BC,M6,2041-01-01T00:00:00,M,41,290.94898453951464,58700.0,46899.99999999999,0.004956541474267711,74449.24711769824,5754.631541078149,0.00390801782158452,0.0,0.0
BC,M6,2041-01-01T00:00:00,M,42,296.67410007813305,58700.0,47499.99999999999,0.005054073255164106,74449.24711769824,5754.631541078149,0.003984917397608001,0.0,0.0
BC,M6,2041-01-01T00:00:00,M,43,302.2258395901299,58700.0,47800.0,0.005148651441058431,74449.24711769824,5754.631541078149,0.0040594881921684894,0.0,0.0
BC,M6,2041-01-01T00:00:00,M,44,408.8728430718984,58700.0,48500.0,0.006965465810424163,74449.24711769824,5754.631541078149,0.005491967466447357,0.0,0.0
BC,M6,2041-01-01T00:00:00,M,45,215.65367528420757,58700.0,48900.0,0.0036738275176185276,74449.24711769824,5754.631541078149,0.0028966535409455053,0.0,0.0
BC,M6,2041-01-01T00:00:00,M,46,322.3023583923932,58700.0,49199.99999999999,0.005490670500722201,74449.24711769824,5754.631541078149,0.0043291553759148066,0.0,0.0
BC,M6,2041-01-01T00:00:00,M,47,228.31498267881398,58700.0,48899.99999999999,0.0038895227032165925,74449.24711769824,5754.631541078149,0.003066719832879793,0.0,0.0
BC,M6,2041-01-01T00:00:00,M,48,134.6351755859796,58700.0,48599.99999999999,0.0022936145755703507,74449.24711769824,5754.631541078149,0.0018084155421092744,0.0,0.0
BC,M6,2041-01-01T00:00:00,M,49,241.61748050165625,58700.0,48499.99999999999,0.004116141064764161,74449.24711769824,5754.631541078149,0.003245398574947018,0.0,0.0
BC,M6,2041-01-01T00:00:00,M,50,149.20468515667017,58700.0,48300.0,0.002541817464338504,74449.24711769824,5754.631541078149,0.002004112747047524,0.0,0.0
BC,M6,2041-01-01T00:00:00,M,51,156.82172712602187,58700.0,48000.0,0.002671579678467153,74449.24711769824,5754.631541078149,0.0021064246207634497,0.0,0.0
BC,M6,2041-01-01T00:00:00,M,52,162.27272256663127,58700.0,46900.0,0.002764441611015865,74449.24711769824,5754.631541078149,0.0021796422240521955,0.0,0.0
BC,M6,2041-01-01T00:00:00,M,53,166.14637006373232,58700.0,45300.0,0.002830432198700721,74449.24711769824,5754.631541078149,0.0022316729382241885,0.0,0.0
BC,M6,2041-01-01T00:00:00,M,54,73.50641611177707,58700.0,44500.0,0.0012522387753284,74449.24711769824,5754.631541078149,0.0009873359228948196,0.0,0.0
BC,M6,2041-01-01T00:00:00,M,55,183.9308601566372,58700.0,44399.99999999999,0.0031334047726854723,74449.24711769824,5754.631541078149,0.0024705536627638073,0.0,0.0
BC,M6,2041-01-01T00:00:00,M,56,191.82568535104656,58700.0,43499.99999999999,0.0032678992393704695,74449.24711769824,5754.631541078149,0.0025765967122244457,0.0,0.0
BC,M6,2041-01-01T00:00:00,M,57,198.7807249138641,58700.0,42300.0,0.0033863837293673614,74449.24711769824,5754.631541078149,0.002670016589954333,0.0,0.0
BC,M6,2041-01-01T00:00:00,M,58,206.26416048734973,58700.0,41099.99999999999,0.0035138698549804044,74449.24711769824,5754.631541078149,0.0027705338666657404,0.0,0.0
BC,M6,2041-01-01T00:00:00,M,59,214.7064094935704,58700.0,39999.99999999999,0.003657690110623005,74449.24711769824,5754.631541078149,0.002883929895948268,0.0,0.0
BC,M6,2041-01-01T00:00:00,M,60,222.67833779592183,58700.0,38700.0,0.003793498088516556,74449.24711769824,5754.631541078149,0.0029910085919859658,0.0,0.0
BC,M6,2041-01-01T00:00:00,M,61,229.5276012265531,58700.0,37200.0,0.003910180600111637,74449.24711769824,5754.631541078149,0.00308300768795806,0.0,0.0
BC,M6,2041-01-01T00:00:00,M,62,235.39904194425617,58700.0,35500.0,0.004010205143854449,74449.24711769824,5754.631541078149,0.0031618726992914963,0.0,0.0
BC,M6,2041-01-01T00:00:00,M,63,244.78510173752147,58700.0,34300.0,0.004170103947828304,74449.24711769824,5754.631541078149,0.0032879459660691535,0.0,0.0
BC,M6,2041-01-01T00:00:00,M,64,259.82206099006726,58700.0,33800.0,0.004426270204260089,74449.24711769824,5754.631541078149,0.003489921940772747,0.0,0.0
BC,M6,2041-01-01T00:00:00,M,65,175.46873124339618,58700.0,33100.0,0.0029892458474173114,74449.24711769824,5754.631541078149,0.0023568906071809474,0.0,0.0
BC,M6,2041-01-01T00:00:00,M,66,294.1271637008249,58700.0,32799.99999999999,0.0050106842197755515,74449.24711769824,5754.631541078149,0.003950707026436864,0.0,0.0
BC,M6,2041-01-01T00:00:00,M,67,113.7024518613689,58700.0,32100.0,0.0019370094013861823,74449.24711769824,5754.631541078149,0.001527247840150949,0.0,0.0
BC,M6,2041-01-01T00:00:00,M,68,237.0221996900691,58700.0,31900.0,0.0040378568942090135,74449.24711769824,5754.631541078149,0.003183674904265401,0.0,0.0
BC,M6,2041-01-01T00:00:00,M,69,169.32661138684853,58700.0,32100.0,0.002884610074733365,74449.24711769824,5754.631541078149,0.0022743898419705557,0.0,0.0
BC,M6,2041-01-01T00:00:00,M,70,217.78863688595447,58700.0,33400.0,0.003710198243372308,74449.24711769824,5754.631541078149,0.002925330279588298,0.0,0.0
BC,M6,2041-01-01T00:00:00,M,71,152.21576762019686,58700.0,33099.99999999999,0.002593113588078311,74449.24711769824,5754.631541078149,0.0020445575141889083,0.0,0.0
BC,M6,2041-01-01T00:00:00,M,72,81.58547086395265,58700.0,32200.0,0.001389871735331391,74449.24711769824,5754.631541078149,0.0010958535381153367,0.0,0.0
BC,M6,2041-01-01T00:00:00,M,73,206.60805016917584,58700.0,31099.999999999996,0.0035197282822687537,74449.24711769824,5754.631541078149,0.0027751529823067953,0.0,0.0
BC,M6,2041-01-01T00:00:00,M,74,141.98051933335228,58700.0,30299.999999999996,0.002418748199886751,74449.24711769824,5754.631541078149,0.0019070779736548922,0.0,0.0
BC,M6,2041-01-01T00:00:00,M,75,107.5362572225531,58700.0,30899.999999999996,0.001831963496125266,74449.24711769824,5754.631541078149,0.001444423703204775,0.0,0.0
BC,M6,2041-01-01T00:00:00,M,76,87.92492734182088,58700.0,31800.0,0.0014978692903206282,74449.24711769824,5754.631541078149,0.0011810049227605846,0.0,0.0
BC,M6,2041-01-01T00:00:00,M,77,67.78096923906196,58700.0,32199.999999999996,0.001154701349898841,74449.24711769824,5754.631541078149,0.0009104318964019305,0.0,0.0
BC,M6,2041-01-01T00:00:00,M,78,37.593801988819905,58700.0,31800.0,0.0006404395568793851,74449.24711769824,5754.631541078149,0.0005049587933291943,0.0,0.0
BC,M6,2041-01-01T00:00:00,M,79,66.97257875158903,58700.0,29800.0,0.001140929791338825,74449.24711769824,5754.631541078149,0.0008995736202101654,0.0,0.0
BC,M6,2041-01-01T00:00:00,M,80,-70.55917518096612,58700.0,28699.999999999996,-0.00120203024158375,74449.24711769824,5754.631541078149,0.0,0.012261284615234746,0.0024585078460266944
BC,M6,2041-01-01T00:00:00,M,81,-20.29513934469287,58700.0,27300.0,-0.00034574343006291093,74449.24711769824,5754.631541078149,0.0,0.0035267487066410006,0.0007434116976077974
BC,M6,2041-01-01T00:00:00,M,82,-83.43716750661406,58700.0,25400.0,-0.0014214168229406143,74449.24711769824,5754.631541078149,0.0,0.014499132900345837,0.003284927854591105
BC,M6,2041-01-01T00:00:00,M,83,-122.78061365295434,58700.0,24100.0,-0.00209166292424113,74449.24711769824,5754.631541078149,0.0,0.021335964392596194,0.00509463127190682
BC,M6,2041-01-01T00:00:00,M,84,-101.83277002504474,58700.0,22000.0,-0.0017348001707844078,74449.24711769824,5754.631541078149,0.0,0.017695793257680236,0.0046287622738656695
BC,M6,2041-01-01T00:00:00,M,85,-61.38268071299535,58700.0,20399.999999999996,-0.00104570154536619,74449.24711769824,5754.631541078149,0.0,0.010666656983132426,0.0030089549369115374
BC,M6,2041-01-01T00:00:00,M,86,-135.7857734468198,58700.0,18500.0,-0.002313215901990116,74449.24711769824,5754.631541078149,0.0,0.02359591095929313,0.007339771537665935
BC,M6,2041-01-01T00:00:00,M,87,-149.99533584022902,58700.0,16199.999999999998,-0.0025552868115882284,74449.24711769824,5754.631541078149,0.0,0.0260651502654029,0.009258971348162287
BC,M6,2041-01-01T00:00:00,M,88,-145.00628794303157,58700.0,14400.0,-0.0024702945135099074,74449.24711769824,5754.631541078149,0.0,0.025198188086923836,0.01006988110715497
BC,M6,2041-01-01T00:00:00,M,89,-261.35634279942497,58700.0,12399.999999999998,-0.004452407884146933,74449.24711769824,5754.631541078149,0.0,0.045416694524017955,0.02107712441930847
BC,M6,2041-01-01T00:00:00,M,90,-278.04129222103984,58700.0,10699.999999999998,-0.004736648930511752,74449.24711769824,5754.631541078149,0.0,0.04831608943792566,0.025985167497293446
BC,M6,2041-01-01T00:00:00,M,91,-203.80125349605078,58700.0,9200.0,-0.003471912325316027,74449.24711769824,5754.631541078149,0.0,0.03541516985775043,0.022152310162614215
BC,M6,2041-01-01T00:00:00,M,92,-266.91465569059073,58700.0,7499.999999999999,-0.004547098052650609,74449.24711769824,5754.631541078149,0.0,0.046382579629170036,0.035588620758745436
BC,M6,2041-01-01T00:00:00,M,93,-314.5767638812313,58700.0,6200.0,-0.0053590590099017255,74449.24711769824,5754.631541078149,0.0,0.054664970578167424,0.050738187722779236
BC,M6,2041-01-01T00:00:00,M,94,-207.16253247291024,58700.0,5000.0,-0.0035291743181075,74449.24711769824,5754.631541078149,0.0,0.0359992696307534,0.04143250649458205
BC,M6,2041-01-01T00:00:00,M,95,-134.64991124088465,58700.0,3300.0,-0.0022938656088736737,74449.24711769824,5754.631541078149,0.0,0.023398528694620394,0.04080300340632868
BC,M6,2041-01-01T00:00:00,M,96,-168.94125305317766,58700.0,2300.0,-0.002878045196817337,74449.24711769824,5754.631541078149,0.0,0.029357440497663204,0.0734527187187729
BC,M6,2041-01-01T00:00:00,M,97,-154.50765705734239,58700.0,1700.0,-0.0026321577011472297,74449.24711769824,5754.631541078149,0.0,0.02684927018427228,0.09088685709255434
BC,M6,2041-01-01T00:00:00,M,98,-62.16387479985701,58700.0,1199.9999999999998,-0.0010590097921611076,74449.24711769824,5754.631541078149,0.0,0.010802407479282402,0.05180322899988085
BC,M6,2041-01-01T00:00:00,M,99,-47.79244136891066,58700.0,800.0,-0.0008141812839678136,74449.24711769824,5754.631541078149,0.0,0.008305039345743514,0.059740551711138325
BC,M6,2041-01-01T00:00:00,M,100,773.572192846422,58700.0,1300.0,0.01317840192242627,74449.24711769824,5754.631541078149,0.010390597928055162,0.0,0.0
BC,M6,2042-01-01T00:00:00,F,1,276.73153613750037,59700.0,28800.0,0.004635369114530994,74025.43752644383,5754.196695691041,0.0037383303008326645,0.0,0.0
BC,M6,2042-01-01T00:00:00,F,2,303.35731015807687,59700.0,28600.0,0.005081361979197268,74025.43752644383,5754.196695691041,0.004098014416324249,0.0,0.0
BC,M6,2042-01-01T00:00:00,F,3,402.6668501348249,59700.0,28500.000000000004,0.006744838360717336,74025.43752644383,5754.196695691041,0.005439574065212134,0.0,0.0
BC,M6,2042-01-01T00:00:00,F,4,402.21445704130747,59700.0,28400.000000000004,0.006737260586956574,74025.43752644383,5754.196695691041,0.005433462745797699,0.0,0.0
BC,M6,2042-01-01T00:00:00,F,5,501.98588928618483,59700.0,28400.0,0.00840847385739003,74025.43752644383,5754.196695691041,0.0067812620372133875,0.0,0.0
BC,M6,2042-01-01T00:00:00,F,6,501.77155822285204,59700.0,28500.000000000004,0.00840488372232583,74025.43752644383,5754.196695691041,0.006778366666777297,0.0,0.0
BC,M6,2042-01-01T00:00:00,F,7,501.55564631092057,59700.0,28600.0,0.008401267107385604,74025.43752644383,5754.196695691041,0.006775449940863257,0.0,0.0
BC,M6,2042-01-01T00:00:00,F,8,501.33815356031846,59700.0,28700.000000000004,0.008397624012735652,74025.43752644383,5754.196695691041,0.006772511859605387,0.0,0.0
BC,M6,2042-01-01T00:00:00,F,9,301.3476440111008,59700.0,28700.000000000004,0.00504769922966668,74025.43752644383,5754.196695691041,0.004070866097933585,0.0,0.0
BC,M6,2042-01-01T00:00:00,F,10,401.34764401109715,59700.0,28800.0,0.00672274110571352,74025.43752644383,5754.196695691041,0.005421753081401582,0.0,0.0
BC,M6,2042-01-01T00:00:00,F,11,301.3523892364901,59700.0,28800.0,0.005047778714179064,74025.43752644383,5754.196695691041,0.004070930200565706,0.0,0.0
BC,M6,2042-01-01T00:00:00,F,12,401.5777907423908,59700.0,28900.000000000004,0.006726596159839042,74025.43752644383,5754.196695691041,0.005424862103637506,0.0,0.0
BC,M6,2042-01-01T00:00:00,F,13,301.80952018476455,59700.0,28900.0,0.005055435848991031,74025.43752644383,5754.196695691041,0.004077105523043349,0.0,0.0
BC,M6,2042-01-01T00:00:00,F,14,602.0357144654045,59700.0,29199.999999999996,0.010084350326053676,74025.43752644383,5754.196695691041,0.008132822102542,0.0,0.0
BC,M6,2042-01-01T00:00:00,F,15,1102.7332841239477,59700.0,29900.0,0.01847124429018338,74025.43752644383,5754.196695691041,0.014896680397600115,0.0,0.0
BC,M6,2042-01-01T00:00:00,F,16,1903.9797539179744,59700.0,31499.999999999996,0.031892458189580815,74025.43752644383,5754.196695691041,0.02572061466354485,0.0,0.0
BC,M6,2042-01-01T00:00:00,F,17,1505.9222642347995,59700.0,32700.0,0.02522482854664656,74025.43752644383,5754.196695691041,0.02034330784869518,0.0,0.0
BC,M6,2042-01-01T00:00:00,F,18,2107.687651007669,59700.0,34500.0,0.035304650770647726,74025.43752644383,5754.196695691041,0.028472478129626017,0.0,0.0
BC,M6,2042-01-01T00:00:00,F,19,4209.737813477463,59700.0,38400.0,0.07051487124752868,74025.43752644383,5754.196695691041,0.05686880016039937,0.0,0.0
BC,M6,2042-01-01T00:00:00,F,20,2312.3550986940027,59700.0,40400.0,0.038732916226030194,74025.43752644383,5754.196695691041,0.031237304039816973,0.0,0.0
BC,M6,2042-01-01T00:00:00,F,21,714.2724294982327,59700.0,40800.0,0.011964362303152976,74025.43752644383,5754.196695691041,0.009649013276592601,0.0,0.0
BC,M6,2042-01-01T00:00:00,F,22,-184.47225857104786,59700.0,40700.0,-0.0030899875807545705,74025.43752644383,5754.196695691041,0.0,0.03205873353428944,0.004532487925578571
BC,M6,2042-01-01T00:00:00,F,23,116.53866700419167,59700.0,41100.0,0.0019520714741070632,74025.43752644383,5754.196695691041,0.001574305683266796,0.0,0.0
BC,M6,2042-01-01T00:00:00,F,24,317.39691547046823,59700.0,41800.0,0.005316531247411528,74025.43752644383,5754.196695691041,0.004287673617019632,0.0,0.0
BC,M6,2042-01-01T00:00:00,F,25,517.6484371399129,59700.0,42599.99999999999,0.00867082809279586,74025.43752644383,5754.196695691041,0.006992845357448854,0.0,0.0
BC,M6,2042-01-01T00:00:00,F,26,417.81611825288564,59700.0,42900.0,0.006998594945609475,74025.43752644383,5754.196695691041,0.005644223556309691,0.0,0.0
BC,M6,2042-01-01T00:00:00,F,27,618.2377320276937,59700.0,43300.0,0.010355740904986494,74025.43752644383,5754.196695691041,0.008351693048850174,0.0,0.0
BC,M6,2042-01-01T00:00:00,F,28,618.7495160890685,59700.0,43700.0,0.010364313502329456,74025.43752644383,5754.196695691041,0.00835860667311875,0.0,0.0
BC,M6,2042-01-01T00:00:00,F,29,719.7019046608912,59700.0,44399.99999999999,0.012055308285777071,74025.43752644383,5754.196695691041,0.009722359349835586,0.0,0.0
BC,M6,2042-01-01T00:00:00,F,30,620.579951095162,59700.0,44700.0,0.010394974055195343,74025.43752644383,5754.196695691041,0.00838333378135691,0.0,0.0
BC,M6,2042-01-01T00:00:00,F,31,721.7246044701315,59700.0,45000.0,0.012089189354608567,74025.43752644383,5754.196695691041,0.009749683738273245,0.0,0.0
BC,M6,2042-01-01T00:00:00,F,32,523.648425646832,59700.0,45800.00000000001,0.008771330412844757,74025.43752644383,5754.196695691041,0.007073898421198404,0.0,0.0
BC,M6,2042-01-01T00:00:00,F,33,525.3033469136863,59700.0,46200.00000000001,0.008799051037080171,74025.43752644383,5754.196695691041,0.007096254537178982,0.0,0.0
BC,M6,2042-01-01T00:00:00,F,34,627.348307889275,59700.0,46700.00000000001,0.010508346865817001,74025.43752644383,5754.196695691041,0.008474766632283257,0.0,0.0
BC,M6,2042-01-01T00:00:00,F,35,628.9819951155805,59700.0,46400.00000000001,0.010535711810981247,74025.43752644383,5754.196695691041,0.008496835900373999,0.0,0.0
BC,M6,2042-01-01T00:00:00,F,36,531.2431114813589,59700.0,45900.0,0.008898544580927285,74025.43752644383,5754.196695691041,0.007176494043572319,0.0,0.0
BC,M6,2042-01-01T00:00:00,F,37,433.7574193383334,59700.0,45800.0,0.007265618414377444,74025.43752644383,5754.196695691041,0.005859572517668455,0.0,0.0
BC,M6,2042-01-01T00:00:00,F,38,336.5114823317126,59700.0,46000.0,0.005636708246762355,74025.43752644383,5754.196695691041,0.004545889812694479,0.0,0.0
BC,M6,2042-01-01T00:00:00,F,39,337.64858343167725,59700.0,45200.0,0.005655755166359753,74025.43752644383,5754.196695691041,0.004561250763442774,0.0,0.0
BC,M6,2042-01-01T00:00:00,F,40,339.07364855678316,59700.0,44800.00000000001,0.005679625603966217,74025.43752644383,5754.196695691041,0.004580501782723772,0.0,0.0
BC,M6,2042-01-01T00:00:00,F,41,342.48340630993334,59700.0,47000.00000000001,0.005736740474203239,74025.43752644383,5754.196695691041,0.00462656375637887,0.0,0.0
BC,M6,2042-01-01T00:00:00,F,42,445.18522435123305,59700.0,48399.99999999999,0.0074570389338565,74025.43752644383,5754.196695691041,0.006013949248083825,0.0,0.0
BC,M6,2042-01-01T00:00:00,F,43,446.9963490169466,59700.0,48700.0,0.007487376030434617,74025.43752644383,5754.196695691041,0.006038415495447329,0.0,0.0
BC,M6,2042-01-01T00:00:00,F,44,349.10979588355985,59700.0,48800.00000000001,0.0058477352744314886,74025.43752644383,5754.196695691041,0.004716078790602874,0.0,0.0
BC,M6,2042-01-01T00:00:00,F,45,251.20045272329298,59700.0,48500.00000000001,0.004207712775934556,74025.43752644383,5754.196695691041,0.0033934342182517676,0.0,0.0
BC,M6,2042-01-01T00:00:00,F,46,254.99133509085368,59700.0,49500.00000000001,0.004271211643062876,74025.43752644383,5754.196695691041,0.0034446447547137305,0.0,0.0
BC,M6,2042-01-01T00:00:00,F,47,257.3709956655439,59700.0,49200.0,0.004311071954196715,74025.43752644383,5754.196695691041,0.0034767912796679415,0.0,0.0
BC,M6,2042-01-01T00:00:00,F,48,260.61250642746745,59700.0,49000.0,0.004365368616875502,74025.43752644383,5754.196695691041,0.003520580426618483,0.0,0.0
BC,M6,2042-01-01T00:00:00,F,49,164.60664441070548,59700.0,49000.0,0.002757230224634933,74025.43752644383,5754.196695691041,0.0022236497332677524,0.0,0.0
BC,M6,2042-01-01T00:00:00,F,50,169.67562798323343,59700.0,49300.000000000015,0.002842137822164714,74025.43752644383,5754.196695691041,0.0022921259725431657,0.0,0.0
BC,M6,2042-01-01T00:00:00,F,51,274.8219233459022,59700.0,49200.00000000001,0.004603382300601377,74025.43752644383,5754.196695691041,0.0037125335901963237,0.0,0.0
BC,M6,2042-01-01T00:00:00,F,52,280.47505881857796,59700.0,49100.0,0.004698074687078358,74025.43752644383,5754.196695691041,0.003788901061454516,0.0,0.0
BC,M6,2042-01-01T00:00:00,F,53,284.71875456767884,59700.0,48000.0,0.00476915836796782,74025.43752644383,5754.196695691041,0.0038462285949471065,0.0,0.0
BC,M6,2042-01-01T00:00:00,F,54,289.80659146678954,59700.0,47100.000000000015,0.00485438176661289,74025.43752644383,5754.196695691041,0.003914959521357277,0.0,0.0
BC,M6,2042-01-01T00:00:00,F,55,195.3668203371708,59700.0,46100.00000000001,0.0032724760525489247,74025.43752644383,5754.196695691041,0.0026391849459502436,0.0,0.0
BC,M6,2042-01-01T00:00:00,F,56,202.93000443778146,59700.0,45900.00000000001,0.0033991625533966742,74025.43752644383,5754.196695691041,0.002741355015501118,0.0,0.0
BC,M6,2042-01-01T00:00:00,F,57,309.1964994222071,59700.0,45000.0,0.005179170844593084,74025.43752644383,5754.196695691041,0.004176895264033449,0.0,0.0
BC,M6,2042-01-01T00:00:00,F,58,216.83483590834658,59700.0,44300.000000000015,0.0036320743033223884,74025.43752644383,5754.196695691041,0.002929193573910151,0.0,0.0
BC,M6,2042-01-01T00:00:00,F,59,224.40117932108114,59700.0,43400.0,0.0037588137239712082,74025.43752644383,5754.196695691041,0.003031406322197274,0.0,0.0
BC,M6,2042-01-01T00:00:00,F,60,233.52566763500363,59700.0,42700.0,0.003911652724204416,74025.43752644383,5754.196695691041,0.0031546678471381156,0.0,0.0
BC,M6,2042-01-01T00:00:00,F,61,240.22029693031072,59700.0,41200.0,0.004023790568346913,74025.43752644383,5754.196695691041,0.003245104722879858,0.0,0.0
BC,M6,2042-01-01T00:00:00,F,62,249.89084781963174,59700.0,40300.0,0.0041857763453874665,74025.43752644383,5754.196695691041,0.0033757429360733488,0.0,0.0
BC,M6,2042-01-01T00:00:00,F,63,256.56930176920287,59700.0,38500.0,0.004297643245715291,74025.43752644383,5754.196695691041,0.003465961301175013,0.0,0.0
BC,M6,2042-01-01T00:00:00,F,64,266.12491097955353,59700.0,37299.99999999999,0.004457703701500059,74025.43752644383,5754.196695691041,0.0035950467821887137,0.0,0.0
BC,M6,2042-01-01T00:00:00,F,65,280.09353338756046,59700.0,36900.0,0.0046916839763410465,74025.43752644383,5754.196695691041,0.0037837470840682797,0.0,0.0
BC,M6,2042-01-01T00:00:00,F,66,298.1401356018541,59700.0,37000.0,0.004993972120634072,74025.43752644383,5754.196695691041,0.00402753628433943,0.0,0.0
BC,M6,2042-01-01T00:00:00,F,67,314.21024554521864,59700.0,36400.0,0.005263153191712205,74025.43752644383,5754.196695691041,0.004244625307793345,0.0,0.0
BC,M6,2042-01-01T00:00:00,F,68,233.86322104214923,59700.0,36000.00000000001,0.003917306885128128,74025.43752644383,5754.196695691041,0.0031592278121774986,0.0,0.0
BC,M6,2042-01-01T00:00:00,F,69,257.865320017816,59700.0,36000.00000000001,0.00431935209410077,74025.43752644383,5754.196695691041,0.0034834690429988977,0.0,0.0
BC,M6,2042-01-01T00:00:00,F,70,186.81933772641787,59700.0,36200.0,0.003129302139470986,74025.43752644383,5754.196695691041,0.002523718115947388,0.0,0.0
BC,M6,2042-01-01T00:00:00,F,71,232.51681249507965,59700.0,38000.00000000001,0.0038947539781420378,74025.43752644383,5754.196695691041,0.0031410393543708343,0.0,0.0
BC,M6,2042-01-01T00:00:00,F,72,166.97689854468626,59700.0,37800.0,0.0027969329739478436,74025.43752644383,5754.196695691041,0.002255669187838812,0.0,0.0
BC,M6,2042-01-01T00:00:00,F,73,101.20871975814225,59700.0,37200.0,0.0016952884381598366,74025.43752644383,5754.196695691041,0.0013672154213473962,0.0,0.0
BC,M6,2042-01-01T00:00:00,F,74,127.2628721991714,59700.0,35700.00000000001,0.002131706401996171,74025.43752644383,5754.196695691041,0.0017191775753261811,0.0,0.0
BC,M6,2042-01-01T00:00:00,F,75,158.73333481800364,59700.0,34500.0,0.0026588498294472973,74025.43752644383,5754.196695691041,0.002144307958481163,0.0,0.0
BC,M6,2042-01-01T00:00:00,F,76,23.499290357765858,59700.0,35200.0,0.0003936229540664298,74025.43752644383,5754.196695691041,0.0003174488546504206,0.0,0.0
BC,M6,2042-01-01T00:00:00,F,77,96.05669284023315,59700.0,36000.00000000001,0.0016089898298196508,74025.43752644383,5754.196695691041,0.0012976173603285923,0.0,0.0
BC,M6,2042-01-01T00:00:00,F,78,-15.15957954593614,59700.0,36900.0,-0.00025392930562707103,74025.43752644383,5754.196695691041,0.0,0.0026345257813811273,0.0004108287139820092
BC,M6,2042-01-01T00:00:00,F,79,-49.48968223522388,59700.0,36100.0,-0.0008289729017625441,74025.43752644383,5754.196695691041,0.0,0.00860062400582928,0.0013709053250754537
BC,M6,2042-01-01T00:00:00,F,80,-8.413990856468445,59700.0,34000.0,-0.00014093787029260377,74025.43752644383,5754.196695691041,0.0,0.0014622355302468472,0.0002474703193078954
BC,M6,2042-01-01T00:00:00,F,81,66.25410140206077,59700.0,33200.0,0.001109783943083095,74025.43752644383,5754.196695691041,0.0008950180318541591,0.0,0.0
BC,M6,2042-01-01T00:00:00,F,82,37.24609338215669,59700.0,31900.0,0.0006238876613426581,74025.43752644383,5754.196695691041,0.000503152627349908,0.0,0.0
BC,M6,2042-01-01T00:00:00,F,83,1.0925699379113212,59700.0,30200.0,1.8301003985114257e-05,74025.43752644383,5754.196695691041,1.4759385076528951e-05,0.0,0.0
BC,M6,2042-01-01T00:00:00,F,84,-24.575826903794223,59700.0,28700.0,-0.0004116553920233538,74025.43752644383,5754.196695691041,0.0,0.004270939664297108,0.0008563005889823771
BC,M6,2042-01-01T00:00:00,F,85,-66.1586091042409,59700.0,26700.000000000007,-0.0011081844071062126,74025.43752644383,5754.196695691041,0.0,0.011497453528792811,0.002477850528248722
BC,M6,2042-01-01T00:00:00,F,86,-103.53236925177771,59700.0,24800.0,-0.0017342105402307823,74025.43752644383,5754.196695691041,0.0,0.017992497428756065,0.004174692308539424
BC,M6,2042-01-01T00:00:00,F,87,-141.71719012514586,59700.0,22900.0,-0.002373822280153197,74025.43752644383,5754.196695691041,0.0,0.024628492493360372,0.006188523586250911
BC,M6,2042-01-01T00:00:00,F,88,-211.08260658299332,59700.0,20499.999999999996,-0.003535722053316471,74025.43752644383,5754.196695691041,0.0,0.0366832448986424,0.010296712516243579
BC,M6,2042-01-01T00:00:00,F,89,-112.16282740713359,59700.0,18000.0,-0.0018787743284276984,74025.43752644383,5754.196695691041,0.0,0.01949235198913609,0.006231268189285199
BC,M6,2042-01-01T00:00:00,F,90,-211.71956801285341,59700.0,15600.0,-0.0035463914240008946,74025.43752644383,5754.196695691041,0.0,0.036793940007542145,0.013571767180311117
BC,M6,2042-01-01T00:00:00,F,91,-206.8231983006317,59700.0,13600.0,-0.003464375180915104,74025.43752644383,5754.196695691041,0.0,0.03594301850256678,0.015207588110340566
BC,M6,2042-01-01T00:00:00,F,92,-297.34236305296326,59700.0,11800.0,-0.0049806090963645435,74025.43752644383,5754.196695691041,0.0,0.051674000521328096,0.025198505343471463
BC,M6,2042-01-01T00:00:00,F,93,-169.9448594312762,59700.0,9800.0,-0.002846647561662918,74025.43752644383,5754.196695691041,0.0,0.029534071985849442,0.017341312186864917
BC,M6,2042-01-01T00:00:00,F,94,-214.23997746564055,59700.0,8200.000000000002,-0.0035886093377829236,74025.43752644383,5754.196695691041,0.0,0.037231952398511424,0.026126826520200062
BC,M6,2042-01-01T00:00:00,F,95,-193.89088851973065,59700.0,6700.000000000001,-0.003247753576544902,74025.43752644383,5754.196695691041,0.0,0.0336955614786202,0.02893893858503442
BC,M6,2042-01-01T00:00:00,F,96,-157.826732691502,59700.0,4500.0,-0.002643663864179263,74025.43752644383,5754.196695691041,0.0,0.027428108741866367,0.035072607264778226
BC,M6,2042-01-01T00:00:00,F,97,-104.93961639754252,59700.0,3300.0,-0.0017577825192218177,74025.43752644383,5754.196695691041,0.0,0.01823705756810942,0.031799883756831064
BC,M6,2042-01-01T00:00:00,F,98,-101.68182194884412,59700.0,2500.0,-0.0017032130979705883,74025.43752644383,5754.196695691041,0.0,0.017670897837918417,0.04067272877953765
BC,M6,2042-01-01T00:00:00,F,99,-27.61375040521466,59700.0,1800.0000000000002,-0.0004625418828344164,74025.43752644383,5754.196695691041,0.0,0.004798888857221874,0.015340972447341476
BC,M6,2042-01-01T00:00:00,F,100,1959.4419101087872,59700.0,3200.0,0.032821472531135466,74025.43752644383,5754.196695691041,0.026469845712277257,0.0,0.0
BC,M6,2042-01-01T00:00:00,M,1,478.2744662841433,59700.0,30500.0,0.008011297592699217,74025.43752644383,5754.196695691041,0.00646094751028376,0.0,0.0
BC,M6,2042-01-01T00:00:00,M,2,405.00482926066616,59700.0,30300.0,0.006784000490128411,74025.43752644383,5754.196695691041,0.005471157520899324,0.0,0.0
BC,M6,2042-01-01T00:00:00,M,3,403.4699100002508,59700.0,30199.999999999996,0.006758289949752945,74025.43752644383,5754.196695691041,0.005450422496403629,0.0,0.0
BC,M6,2042-01-01T00:00:00,M,4,402.377525510492,59700.0,30099.999999999996,0.006739992052102043,74025.43752644383,5754.196695691041,0.005435665616522052,0.0,0.0
BC,M6,2042-01-01T00:00:00,M,5,501.9452375515648,59700.0,30200.0,0.008407792923811806,74025.43752644383,5754.196695691041,0.0067807128782218515,0.0,0.0
BC,M6,2042-01-01T00:00:00,M,6,601.5129543008916,59700.0,30299.999999999996,0.010075593874386793,74025.43752644383,5754.196695691041,0.00812576020352484,0.0,0.0
BC,M6,2042-01-01T00:00:00,M,7,501.30554719831343,59700.0,30400.0,0.008397077842517814,74025.43752644383,5754.196695691041,0.0067720713845052785,0.0,0.0
BC,M6,2042-01-01T00:00:00,M,8,401.30991357690436,59700.0,30399.999999999996,0.006722109105140777,74025.43752644383,5754.196695691041,0.005421243385877266,0.0,0.0
BC,M6,2042-01-01T00:00:00,M,9,301.3142799554953,59700.0,30399.999999999996,0.00504714036776374,74025.43752644383,5754.196695691041,0.0040704153872492535,0.0,0.0
BC,M6,2042-01-01T00:00:00,M,10,501.31427995549893,59700.0,30600.0,0.008397224119857603,74025.43752644383,5754.196695691041,0.006772189354185395,0.0,0.0
BC,M6,2042-01-01T00:00:00,M,11,301.32301271267715,59700.0,30600.0,0.0050472866451034696,74025.43752644383,5754.196695691041,0.0040705333569293215,0.0,0.0
BC,M6,2042-01-01T00:00:00,M,12,301.76402655664424,59700.0,30599.999999999996,0.005054673811669083,74025.43752644383,5754.196695691041,0.004076490955542765,0.0,0.0
BC,M6,2042-01-01T00:00:00,M,13,401.9845352798802,59700.0,30700.0,0.006733409301170523,74025.43752644383,5754.196695691041,0.0054303567626504175,0.0,0.0
BC,M6,2042-01-01T00:00:00,M,14,602.6548015545377,59700.0,31000.000000000004,0.010094720294045857,74025.43752644383,5754.196695691041,0.008141185269445433,0.0,0.0
BC,M6,2042-01-01T00:00:00,M,15,1003.5630619465701,59700.0,31600.0,0.016810101540143552,74025.43752644383,5754.196695691041,0.01355700277472958,0.0,0.0
BC,M6,2042-01-01T00:00:00,M,16,1605.4669739393212,59700.0,32900.0,0.02689224411958662,74025.43752644383,5754.196695691041,0.021688044374824616,0.0,0.0
BC,M6,2042-01-01T00:00:00,M,17,1408.0667717272809,59700.0,34000.0,0.023585708069133682,74025.43752644383,5754.196695691041,0.01902139073780256,0.0,0.0
BC,M6,2042-01-01T00:00:00,M,18,2211.004442627156,59700.0,35800.0,0.037035250295262244,74025.43752644383,5754.196695691041,0.029868171219350474,0.0,0.0
BC,M6,2042-01-01T00:00:00,M,19,4414.686170609086,59700.0,39800.0,0.07394784205375353,74025.43752644383,5754.196695691041,0.05963742083972208,0.0,0.0
BC,M6,2042-01-01T00:00:00,M,20,2819.837677709569,59700.0,42300.0,0.047233461938183736,74025.43752644383,5754.196695691041,0.0380928201431062,0.0,0.0
BC,M6,2042-01-01T00:00:00,M,21,924.8213816111311,59700.0,43000.0,0.01549114542062196,74025.43752644383,5754.196695691041,0.012493291664514116,0.0,0.0
BC,M6,2042-01-01T00:00:00,M,22,29.37958848344715,59700.0,43400.0,0.0004921204101079925,74025.43752644383,5754.196695691041,0.0003968850366193647,0.0,0.0
BC,M6,2042-01-01T00:00:00,M,23,-167.06871802284877,59700.0,43300.0,-0.002798470988657433,74025.43752644383,5754.196695691041,0.0,0.029034238288718234,0.0038583999543383087
BC,M6,2042-01-01T00:00:00,M,24,-164.13576101536455,59700.0,43400.0,-0.0027493427305756205,74025.43752644383,5754.196695691041,0.0,0.028524530824306994,0.003781929977312547
BC,M6,2042-01-01T00:00:00,M,25,138.02903156853426,59700.0,44000.00000000001,0.0023120440798749457,74025.43752644383,5754.196695691041,0.0018646162208663295,0.0,0.0
BC,M6,2042-01-01T00:00:00,M,26,339.85611885114486,59700.0,44100.0,0.005692732309064403,74025.43752644383,5754.196695691041,0.004591072072079808,0.0,0.0
BC,M6,2042-01-01T00:00:00,M,27,542.5693304669185,59700.0,44800.0,0.009088263491908182,74025.43752644383,5754.196695691041,0.007329498461567329,0.0,0.0
BC,M6,2042-01-01T00:00:00,M,28,444.82764967231196,59700.0,44700.0,0.007451049408246432,74025.43752644383,5754.196695691041,0.006009118818290103,0.0,0.0
BC,M6,2042-01-01T00:00:00,M,29,448.05456647532264,59700.0,45000.00000000001,0.007505101616002054,74025.43752644383,5754.196695691041,0.006052710817349317,0.0,0.0
BC,M6,2042-01-01T00:00:00,M,30,451.18786518128763,59700.0,44900.0,0.007557585681428604,74025.43752644383,5754.196695691041,0.006095038141721371,0.0,0.0
BC,M6,2042-01-01T00:00:00,M,31,554.9535821790996,59700.0,44900.0,0.009295704894122271,74025.43752644383,5754.196695691041,0.0074967957059471025,0.0,0.0
BC,M6,2042-01-01T00:00:00,M,32,359.8946643661766,59700.0,45499.99999999999,0.006028386337791902,74025.43752644383,5754.196695691041,0.004861770175118692,0.0,0.0
BC,M6,2042-01-01T00:00:00,M,33,463.79762167493755,59700.0,45799.99999999999,0.007768804383164783,74025.43752644383,5754.196695691041,0.006265381700841104,0.0,0.0
BC,M6,2042-01-01T00:00:00,M,34,567.2872394335645,59700.0,45799.99999999999,0.009502298817982655,74025.43752644383,5754.196695691041,0.007663409476383232,0.0,0.0
BC,M6,2042-01-01T00:00:00,M,35,569.0012869806524,59700.0,45199.99999999999,0.00953100983217173,74025.43752644383,5754.196695691041,0.007686564321587295,0.0,0.0
BC,M6,2042-01-01T00:00:00,M,36,570.4836642261507,59700.0,44700.0,0.009555840271794819,74025.43752644383,5754.196695691041,0.007706589562842624,0.0,0.0
BC,M6,2042-01-01T00:00:00,M,37,272.2520703850241,59700.0,44300.0,0.004560336187353838,74025.43752644383,5754.196695691041,0.003677817781053554,0.0,0.0
BC,M6,2042-01-01T00:00:00,M,38,274.99232962071255,59700.0,44400.0,0.004606236677063862,74025.43752644383,5754.196695691041,0.00371483558638175,0.0,0.0
BC,M6,2042-01-01T00:00:00,M,39,177.009819788218,59700.0,43799.99999999999,0.002964988606167806,74025.43752644383,5754.196695691041,0.0023912026149792826,0.0,0.0
BC,M6,2042-01-01T00:00:00,M,40,278.7261421644798,59700.0,43099.99999999999,0.004668779600745056,74025.43752644383,5754.196695691041,0.003765275174022599,0.0,0.0
BC,M6,2042-01-01T00:00:00,M,41,286.18712940837577,59700.0,45199.99999999999,0.00479375426144683,74025.43752644383,5754.196695691041,0.003866064679538601,0.0,0.0
BC,M6,2042-01-01T00:00:00,M,42,294.26955619642104,59700.0,47100.0,0.004929138294747421,74025.43752644383,5754.196695691041,0.003975249130966639,0.0,0.0
BC,M6,2042-01-01T00:00:00,M,43,300.32235378210316,59700.0,47700.0,0.0050305251889799524,74025.43752644383,5754.196695691041,0.004057015585687287,0.0,0.0
BC,M6,2042-01-01T00:00:00,M,44,306.1821692484518,59700.0,47999.99999999999,0.005128679551900365,74025.43752644383,5754.196695691041,0.004136175070077438,0.0,0.0
BC,M6,2042-01-01T00:00:00,M,45,213.0403067026782,59700.0,48599.99999999999,0.0035685143501286132,74025.43752644383,5754.196695691041,0.002877933772786883,0.0,0.0
BC,M6,2042-01-01T00:00:00,M,46,220.03295308089582,59700.0,48999.99999999999,0.003685644105207635,74025.43752644383,5754.196695691041,0.002972396522510175,0.0,0.0
BC,M6,2042-01-01T00:00:00,M,47,127.22618125854206,59700.0,49200.0,0.002131091813375914,74025.43752644383,5754.196695691041,0.0017186819221851073,0.0,0.0
BC,M6,2042-01-01T00:00:00,M,48,233.2250792646446,59700.0,49000.0,0.003906617743126375,74025.43752644383,5754.196695691041,0.0031506072379691168,0.0,0.0
BC,M6,2042-01-01T00:00:00,M,49,139.85041180100234,59700.0,48600.0,0.0023425529614908265,74025.43752644383,5754.196695691041,0.0018892210093462009,0.0,0.0
BC,M6,2042-01-01T00:00:00,M,50,147.34459933031758,59700.0,48499.99999999999,0.0024680837408763414,74025.43752644383,5754.196695691041,0.0019904590131964058,0.0,0.0
BC,M6,2042-01-01T00:00:00,M,51,155.19244027946843,59700.0,48299.99999999999,0.002599538363140175,74025.43752644383,5754.196695691041,0.00209647447506176,0.0,0.0
BC,M6,2042-01-01T00:00:00,M,52,163.33292631219228,59700.0,48000.0,0.0027358949131020484,74025.43752644383,5754.196695691041,0.002206443241268861,0.0,0.0
BC,M6,2042-01-01T00:00:00,M,53,69.17135207942192,59700.0,46800.0,0.0011586491135581562,74025.43752644383,5754.196695691041,0.0009344267915297644,0.0,0.0
BC,M6,2042-01-01T00:00:00,M,54,73.31725763114082,59700.0,45199.99999999999,0.001228094767690801,74025.43752644383,5754.196695691041,0.000990433289974814,0.0,0.0
BC,M6,2042-01-01T00:00:00,M,55,181.29940831052954,59700.0,44500.0,0.0030368410102266257,74025.43752644383,5754.196695691041,0.0024491501079715286,0.0,0.0
BC,M6,2042-01-01T00:00:00,M,56,192.5604716087837,59700.0,44399.99999999999,0.003225468536160531,74025.43752644383,5754.196695691041,0.0026012743462677413,0.0,0.0
BC,M6,2042-01-01T00:00:00,M,57,201.04436963931948,59700.0,43500.0,0.0033675773808931235,74025.43752644383,5754.196695691041,0.0027158822204529512,0.0,0.0
BC,M6,2042-01-01T00:00:00,M,58,308.7821544704275,59700.0,42399.99999999999,0.005172230393139489,74025.43752644383,5754.196695691041,0.0041712979320132,0.0,0.0
BC,M6,2042-01-01T00:00:00,M,59,216.9703606478579,59700.0,41100.0,0.003634344399461606,74025.43752644383,5754.196695691041,0.002931024359975588,0.0,0.0
BC,M6,2042-01-01T00:00:00,M,60,226.36191091725777,59700.0,40000.0,0.00379165679928405,74025.43752644383,5754.196695691041,0.003057893590110769,0.0,0.0
BC,M6,2042-01-01T00:00:00,M,61,234.8455286824901,59700.0,38700.0,0.003933760949455445,74025.43752644383,5754.196695691041,0.003172497678228476,0.0,0.0
BC,M6,2042-01-01T00:00:00,M,62,242.60623123041296,59700.0,37200.0,0.004063755967008593,74025.43752644383,5754.196695691041,0.0032773359987740384,0.0,0.0
BC,M6,2042-01-01T00:00:00,M,63,249.1756110008355,59700.0,35500.0,0.004173795829159724,74025.43752644383,5754.196695691041,0.0033660808949872592,0.0,0.0
BC,M6,2042-01-01T00:00:00,M,64,159.32460577668826,59700.0,34200.0,0.0026687538656061686,74025.43752644383,5754.196695691041,0.0021522953608990605,0.0,0.0
BC,M6,2042-01-01T00:00:00,M,65,175.8326078271857,59700.0,33700.0,0.002945269812850682,74025.43752644383,5754.196695691041,0.0023752998118298685,0.0,0.0
BC,M6,2042-01-01T00:00:00,M,66,191.9367664008023,59700.0,33000.0,0.0032150212127437573,74025.43752644383,5754.196695691041,0.0025928487937979085,0.0,0.0
BC,M6,2042-01-01T00:00:00,M,67,113.32432303351015,59700.0,32599.999999999996,0.001898229866557959,74025.43752644383,5754.196695691041,0.0015308835289629694,0.0,0.0
BC,M6,2042-01-01T00:00:00,M,68,232.52503342253476,59700.0,31999.999999999996,0.0038948916821195103,74025.43752644383,5754.196695691041,0.0031411504098097457,0.0,0.0
BC,M6,2042-01-01T00:00:00,M,69,158.76993920539098,59700.0,31699.999999999996,0.0026594629682645055,74025.43752644383,5754.196695691041,0.002144802442385757,0.0,0.0
BC,M6,2042-01-01T00:00:00,M,70,192.59690293767926,59700.0,31900.0,0.003226078776175532,74025.43752644383,5754.196695691041,0.0026017664923476957,0.0,0.0
BC,M6,2042-01-01T00:00:00,M,71,144.81370114038145,59700.0,33099.99999999999,0.0024256901363547984,74025.43752644383,5754.196695691041,0.0019562694389837305,0.0,0.0
BC,M6,2042-01-01T00:00:00,M,72,180.97788831043727,59700.0,32799.99999999999,0.003031455415585214,74025.43752644383,5754.196695691041,0.0024448067361410356,0.0,0.0
BC,M6,2042-01-01T00:00:00,M,73,111.03360887867166,59700.0,31800.0,0.0018598594452038804,74025.43752644383,5754.196695691041,0.0014999385696167961,0.0,0.0
BC,M6,2042-01-01T00:00:00,M,74,40.09206648950567,59700.0,30599.999999999996,0.0006715589026717868,74025.43752644383,5754.196695691041,0.0005415985076100865,0.0,0.0
BC,M6,2042-01-01T00:00:00,M,75,76.71267874805926,59700.0,29800.0,0.0012849694932673243,74025.43752644383,5754.196695691041,0.0010363015918771906,0.0,0.0
BC,M6,2042-01-01T00:00:00,M,76,45.41998846482238,59700.0,30299.999999999996,0.0007608038268814469,74025.43752644383,5754.196695691041,0.0006135727120639736,0.0,0.0
BC,M6,2042-01-01T00:00:00,M,77,30.081979353853967,59700.0,31099.999999999996,0.000503885751320837,74025.43752644383,5754.196695691041,0.0004063735434607583,0.0,0.0
BC,M6,2042-01-01T00:00:00,M,78,13.938840611823252,59700.0,31399.999999999996,0.00023348141728347157,74025.43752644383,5754.196695691041,0.00018829798347147806,0.0,0.0
BC,M6,2042-01-01T00:00:00,M,79,86.44159389038396,59700.0,30999.999999999996,0.001447932895986331,74025.43752644383,5754.196695691041,0.0011677282401675066,0.0,0.0
BC,M6,2042-01-01T00:00:00,M,80,-82.42413859156295,59700.0,28800.0,-0.001380638837379614,74025.43752644383,5754.196695691041,0.0,0.014324178152145067,0.002861949256651491
BC,M6,2042-01-01T00:00:00,M,81,-22.36867667083061,59700.0,27700.0,-0.00037468470135394656,74025.43752644383,5754.196695691041,0.0,0.0038873674039646778,0.0008075334538205996
BC,M6,2042-01-01T00:00:00,M,82,-69.46591048824848,59700.0,26200.0,-0.0011635830902554185,74025.43752644383,5754.196695691041,0.0,0.012072216881335873,0.002651370629322461
BC,M6,2042-01-01T00:00:00,M,83,-35.712109063879325,59700.0,24300.0,-0.0005981927816395197,74025.43752644383,5754.196695691041,0.0,0.0062062718659968465,0.0014696341178551163
BC,M6,2042-01-01T00:00:00,M,84,-77.27446478454294,59700.0,22900.0,-0.00129437964463221,74025.43752644383,5754.196695691041,0.0,0.013429235890112858,0.0033744307766175956
BC,M6,2042-01-01T00:00:00,M,85,-158.53772228779417,59700.0,20699.999999999996,-0.0026555732376514936,74025.43752644383,5754.196695691041,0.0,0.02755166892478896,0.007658827163661556
BC,M6,2042-01-01T00:00:00,M,86,-219.25365922812125,59700.0,19000.0,-0.003672590606836202,74025.43752644383,5754.196695691041,0.0,0.038103261119368174,0.011539666275164276
BC,M6,2042-01-01T00:00:00,M,87,-203.14403496615705,59700.0,17100.0,-0.00340274765437449,74025.43752644383,5754.196695691041,0.0,0.035303630673292584,0.011879768126675851
BC,M6,2042-01-01T00:00:00,M,88,-126.56179173555029,59700.0,14900.0,-0.0021199630106457333,74025.43752644383,5754.196695691041,0.0,0.021994693339267412,0.008494079982251697
BC,M6,2042-01-01T00:00:00,M,89,-229.95921180948244,59700.0,12999.999999999998,-0.003851913095636222,74025.43752644383,5754.196695691041,0.0,0.039963738462691856,0.017689170139190958
BC,M6,2042-01-01T00:00:00,M,90,-167.5562352710349,59700.0,11100.0,-0.0028066371067175023,74025.43752644383,5754.196695691041,0.0,0.029118962060596106,0.015095156330723863
BC,M6,2042-01-01T00:00:00,M,91,-199.5470071544787,59700.0,9400.0,-0.003342495932235824,74025.43752644383,5754.196695691041,0.0,0.034678516864727095,0.021228405016433905
BC,M6,2042-01-01T00:00:00,M,92,-235.80092353626878,59700.0,7900.0,-0.003949764213337836,74025.43752644383,5754.196695691041,0.0,0.040978947367726476,0.02984821816914795
BC,M6,2042-01-01T00:00:00,M,93,-228.80743463084764,59700.0,6300.0,-0.003832620345575337,74025.43752644383,5754.196695691041,0.0,0.039763575479125915,0.03631864041759486
BC,M6,2042-01-01T00:00:00,M,94,-205.40809141361206,59700.0,5099.999999999999,-0.0034406715479667013,74025.43752644383,5754.196695691041,0.0,0.035697092448617435,0.04027609635561021
BC,M6,2042-01-01T00:00:00,M,95,-199.90414877910916,59700.0,3999.999999999999,-0.0033484782040051784,74025.43752644383,5754.196695691041,0.0,0.03474058315191153,0.0499760371947773
BC,M6,2042-01-01T00:00:00,M,96,-223.83430978499155,59700.0,2499.9999999999995,-0.003749318421859155,74025.43752644383,5754.196695691041,0.0,0.038899314990849566,0.08953372391399664
BC,M6,2042-01-01T00:00:00,M,97,-60.48583380966579,59700.0,1799.9999999999998,-0.0010131630453880367,74025.43752644383,5754.196695691041,0.0,0.010511603445005601,0.03360324100536989
BC,M6,2042-01-01T00:00:00,M,98,-45.763063862846366,59700.0,1299.9999999999998,-0.0007665504834647633,74025.43752644383,5754.196695691041,0.0,0.007952989145663976,0.03520235681757413
BC,M6,2042-01-01T00:00:00,M,99,-28.39573197384243,59700.0,900.0,-0.0004756404015719,74025.43752644383,5754.196695691041,0.0,0.004934786465521108,0.031550813304269364
BC,M6,2042-01-01T00:00:00,M,100,795.883182522484,59700.0,1399.9999999999998,0.013331376591666399,74025.43752644383,5754.196695691041,0.010751482316307468,0.0,0.0
BC,M6,2043-01-01T00:00:00,F,1,377.1173325256932,60900.0,29400.0,0.0061924028329342065,74162.60324192283,6628.799078548031,0.005085006675069293,0.0,0.0
BC,M6,2043-01-01T00:00:00,F,2,403.37469865821913,60900.0,29200.0,0.006623558270249904,74162.60324192283,6628.799078548031,0.0054390579756536704,0.0,0.0
BC,M6,2043-01-01T00:00:00,F,3,402.6809929984265,60900.0,28999.999999999996,0.006612167372716363,74162.60324192283,6628.799078548031,0.005429704128438657,0.0,0.0
BC,M6,2043-01-01T00:00:00,F,4,302.2263393361209,60900.0,28800.0,0.004962665670543856,74162.60324192283,6628.799078548031,0.004075185148911784,0.0,0.0
BC,M6,2043-01-01T00:00:00,F,5,401.9966704875187,60900.0,28800.0,0.006600930549877155,74162.60324192283,6628.799078548031,0.005420476802522447,0.0,0.0
BC,M6,2043-01-01T00:00:00,F,6,501.7748143269564,60900.0,28900.0,0.008239323716370385,74162.60324192283,6628.799078548031,0.006765873801518767,0.0,0.0
BC,M6,2043-01-01T00:00:00,F,7,401.5584273034219,60900.0,28900.0,0.0065937344384798344,74162.60324192283,6628.799078548031,0.005414567581905323,0.0,0.0
BC,M6,2043-01-01T00:00:00,F,8,401.3404788972912,60900.0,28999.999999999996,0.006590155646917753,74162.60324192283,6628.799078548031,0.005411628790700545,0.0,0.0
BC,M6,2043-01-01T00:00:00,F,9,301.3451658864433,60900.0,29000.0,0.00494819648417805,74162.60324192283,6628.799078548031,0.004063303507610668,0.0,0.0
BC,M6,2043-01-01T00:00:00,F,10,401.3451658864433,60900.0,29100.0,0.006590232608972796,74162.60324192283,6628.799078548031,0.00541169198952242,0.0,0.0
BC,M6,2043-01-01T00:00:00,F,11,301.349852875599,60900.0,29100.0,0.004948273446233153,74162.60324192283,6628.799078548031,0.004063366706432592,0.0,0.0
BC,M6,2043-01-01T00:00:00,F,12,401.57483180135387,60900.0,29199.999999999996,0.006594003806261968,74162.60324192283,6628.799078548031,0.005414788778265952,0.0,0.0
BC,M6,2043-01-01T00:00:00,F,13,301.8060610580578,60900.0,29199.999999999996,0.004955764549393396,74162.60324192283,6628.799078548031,0.0040695181650184055,0.0,0.0
BC,M6,2043-01-01T00:00:00,F,14,602.0318231369492,60900.0,29500.0,0.009885580018669118,74162.60324192283,6628.799078548031,0.008117727760621961,0.0,0.0
BC,M6,2043-01-01T00:00:00,F,15,1002.7372376067942,60900.0,30200.000000000004,0.016465307678272482,74162.60324192283,6628.799078548031,0.013520793415730105,0.0,0.0
BC,M6,2043-01-01T00:00:00,F,16,1903.9707565653298,60900.0,31800.0,0.03126388762833054,74162.60324192283,6628.799078548031,0.025672922380494977,0.0,0.0
BC,M6,2043-01-01T00:00:00,F,17,1505.9058389776146,60900.0,33000.0,0.024727517881405824,74162.60324192283,6628.799078548031,0.02030546088121071,0.0,0.0
BC,M6,2043-01-01T00:00:00,F,18,2107.663629783816,60900.0,34800.0,0.03460859819021044,74162.60324192283,6628.799078548031,0.02841949362144815,0.0,0.0
BC,M6,2043-01-01T00:00:00,F,19,4209.70270456939,60900.0,38700.0,0.06912483915549081,74162.60324192283,6628.799078548031,0.056763146391141224,0.0,0.0
BC,M6,2043-01-01T00:00:00,F,20,2412.2996016445104,60900.0,40800.0,0.0396108308972826,74162.60324192283,6628.799078548031,0.03252716997777769,0.0,0.0
BC,M6,2043-01-01T00:00:00,F,21,714.2027893484774,60900.0,41100.0,0.011727467805393717,74162.60324192283,6628.799078548031,0.009630228149067332,0.0,0.0
BC,M6,2043-01-01T00:00:00,F,22,-184.70026111490733,60900.0,40600.0,-0.0030328450100970007,74162.60324192283,6628.799078548031,0.0,0.027863306599928504,0.004549267515145501
BC,M6,2043-01-01T00:00:00,F,23,116.21623597205325,60900.0,40800.00000000001,0.0019083125775378202,74162.60324192283,6628.799078548031,0.00156704633995855,0.0,0.0
BC,M6,2043-01-01T00:00:00,F,24,317.0178645492924,60900.0,41400.0,0.005205547857952257,74162.60324192283,6628.799078548031,0.004274632371185263,0.0,0.0
BC,M6,2043-01-01T00:00:00,F,25,617.3077065245889,60900.0,42400.0,0.010136415542275679,74162.60324192283,6628.799078548031,0.008323706012731165,0.0,0.0
BC,M6,2043-01-01T00:00:00,F,26,317.6389544963531,60900.0,42900.0,0.005215746379250461,74162.60324192283,6628.799078548031,0.00428300707649374,0.0,0.0
BC,M6,2043-01-01T00:00:00,F,27,618.0983662956351,60900.0,43499.99999999999,0.010149398461340477,74162.60324192283,6628.799078548031,0.008334367178015062,0.0,0.0
BC,M6,2043-01-01T00:00:00,F,28,518.6054362727955,60900.0,43800.0,0.008515688608748694,74162.60324192283,6628.799078548031,0.006992815969270572,0.0,0.0
BC,M6,2043-01-01T00:00:00,F,29,719.4602074666618,60900.0,44400.0,0.01181379651012581,74162.60324192283,6628.799078548031,0.009701118569418873,0.0,0.0
BC,M6,2043-01-01T00:00:00,F,30,620.4657684508857,60900.0,44999.99999999999,0.010188272059948862,74162.60324192283,6628.799078548031,0.008366288955996991,0.0,0.0
BC,M6,2043-01-01T00:00:00,F,31,721.6518564341823,60900.0,45400.0,0.011849784177901187,74162.60324192283,6628.799078548031,0.009730670511660856,0.0,0.0
BC,M6,2043-01-01T00:00:00,F,32,523.2036431456581,60900.0,45500.00000000001,0.008591192826693893,74162.60324192283,6628.799078548031,0.007054817661118727,0.0,0.0
BC,M6,2043-01-01T00:00:00,F,33,525.0476536123824,60900.0,46300.00000000001,0.008621472144702503,74162.60324192283,6628.799078548031,0.007079682085857284,0.0,0.0
BC,M6,2043-01-01T00:00:00,F,34,627.0714502818882,60900.0,46800.00000000001,0.010296739741902927,74162.60324192283,6628.799078548031,0.008455359208957968,0.0,0.0
BC,M6,2043-01-01T00:00:00,F,35,629.1890462154333,60900.0,47300.0,0.010331511432108921,74162.60324192283,6628.799078548031,0.008483912628619321,0.0,0.0
BC,M6,2043-01-01T00:00:00,F,36,531.5396539534559,60900.0,46899.99999999999,0.008728073135524726,74162.60324192283,6628.799078548031,0.00716721947070199,0.0,0.0
BC,M6,2043-01-01T00:00:00,F,37,533.7106311993484,60900.0,46400.0,0.008763721366163357,74162.60324192283,6628.799078548031,0.007196492677830531,0.0,0.0
BC,M6,2043-01-01T00:00:00,F,38,336.1426382936479,60900.0,46100.0,0.005519583551619835,74162.60324192283,6628.799078548031,0.004532508617545835,0.0,0.0
BC,M6,2043-01-01T00:00:00,F,39,338.0979361710488,60900.0,46300.000000000015,0.0055516902491141015,74162.60324192283,6628.799078548031,0.004558873628911774,0.0,0.0
BC,M6,2043-01-01T00:00:00,F,40,339.20161144901067,60900.0,45500.00000000001,0.005569812995878665,74162.60324192283,6628.799078548031,0.004573755459237519,0.0,0.0
BC,M6,2043-01-01T00:00:00,F,41,340.25521617827326,60900.0,45100.0,0.005587113566145702,74162.60324192283,6628.799078548031,0.004587962144051773,0.0,0.0
BC,M6,2043-01-01T00:00:00,F,42,343.7013578217593,60900.0,47300.000000000015,0.005643700456843338,74162.60324192283,6628.799078548031,0.004634429521042904,0.0,0.0
BC,M6,2043-01-01T00:00:00,F,43,346.5162169526229,60900.0,48700.0,0.005689921460634202,74162.60324192283,6628.799078548031,0.00467238475734551,0.0,0.0
BC,M6,2043-01-01T00:00:00,F,44,248.70769732978079,60900.0,48900.00000000001,0.004083870235300177,74162.60324192283,6628.799078548031,0.0033535459444227096,0.0,0.0
BC,M6,2043-01-01T00:00:00,F,45,251.09624580729724,60900.0,49000.00000000001,0.004123091064159232,74162.60324192283,6628.799078548031,0.0033857528569784198,0.0,0.0
BC,M6,2043-01-01T00:00:00,F,46,353.4357461858235,60900.0,48800.000000000015,0.005803542630309089,74162.60324192283,6628.799078548031,0.004765686892528503,0.0,0.0
BC,M6,2043-01-01T00:00:00,F,47,257.2459275430374,60900.0,49700.0,0.00422407105981999,74162.60324192283,6628.799078548031,0.0034686744571773708,0.0,0.0
BC,M6,2043-01-01T00:00:00,F,48,160.36024503520457,60900.0,49300.0,0.0026331731532874313,74162.60324192283,6628.799078548031,0.002162279073620163,0.0,0.0
BC,M6,2043-01-01T00:00:00,F,49,163.94525121169863,60900.0,49100.000000000015,0.0026920402497815866,74162.60324192283,6628.799078548031,0.0022106188839798335,0.0,0.0
BC,M6,2043-01-01T00:00:00,F,50,168.54192023038922,60900.0,49100.00000000001,0.002767519215605734,74162.60324192283,6628.799078548031,0.0022725998395794634,0.0,0.0
BC,M6,2043-01-01T00:00:00,F,51,174.35748565098038,60900.0,49400.0,0.002863012900672913,74162.60324192283,6628.799078548031,0.0023510162538687577,0.0,0.0
BC,M6,2043-01-01T00:00:00,F,52,179.97664252098912,60900.0,49300.000000000015,0.002955281486387342,74162.60324192283,6628.799078548031,0.002426784317884508,0.0,0.0
BC,M6,2043-01-01T00:00:00,F,53,185.95664479397965,60900.0,49200.0,0.0030534752839733934,74162.60324192283,6628.799078548031,0.0025074179797515738,0.0,0.0
BC,M6,2043-01-01T00:00:00,F,54,290.78699981489626,60900.0,48200.0,0.004774827583167426,74162.60324192283,6628.799078548031,0.003920938412400813,0.0,0.0
BC,M6,2043-01-01T00:00:00,F,55,196.45134289334965,60900.0,47200.0,0.003225802017953196,74162.60324192283,6628.799078548031,0.0026489272801348903,0.0,0.0
BC,M6,2043-01-01T00:00:00,F,56,302.3354886692905,60900.0,46300.0,0.004964457942024474,74162.60324192283,6628.799078548031,0.004076656905948327,0.0,0.0
BC,M6,2043-01-01T00:00:00,F,57,210.5078754467686,60900.0,46000.0,0.0034566153603738685,74162.60324192283,6628.799078548031,0.0028384639460413675,0.0,0.0
BC,M6,2043-01-01T00:00:00,F,58,217.4934176411989,60900.0,45100.0,0.003571320486719194,74162.60324192283,6628.799078548031,0.0029326561923901516,0.0,0.0
BC,M6,2043-01-01T00:00:00,F,59,225.716560622619,60900.0,44400.00000000001,0.0037063474650676355,74162.60324192283,6628.799078548031,0.003043536105202755,0.0,0.0
BC,M6,2043-01-01T00:00:00,F,60,334.36880213484983,60900.0,43600.0,0.005490456521097698,74162.60324192283,6628.799078548031,0.004508590415092616,0.0,0.0
BC,M6,2043-01-01T00:00:00,F,61,243.89707648833428,60900.0,42800.00000000001,0.004004878103256721,74162.60324192283,6628.799078548031,0.0032886800870881986,0.0,0.0
BC,M6,2043-01-01T00:00:00,F,62,251.74102154475258,60900.0,41300.0,0.00413367851469216,74162.60324192283,6628.799078548031,0.003394446938756429,0.0,0.0
BC,M6,2043-01-01T00:00:00,F,63,262.30766119424516,60900.0,40399.99999999999,0.004307186554913713,74162.60324192283,6628.799078548031,0.0035369262907153074,0.0,0.0
BC,M6,2043-01-01T00:00:00,F,64,269.8295286844659,60900.0,38600.0,0.004430698336362331,74162.60324192283,6628.799078548031,0.003638350285578109,0.0,0.0
BC,M6,2043-01-01T00:00:00,F,65,280.3109359160517,60900.0,37400.0,0.004602806829491817,74162.60324192283,6628.799078548031,0.003779680373431077,0.0,0.0
BC,M6,2043-01-01T00:00:00,F,66,295.7212260997185,60900.0,37000.0,0.004855849361243325,74162.60324192283,6628.799078548031,0.003987470951296818,0.0,0.0
BC,M6,2043-01-01T00:00:00,F,67,215.67690509135718,60900.0,37000.00000000001,0.0035414926944393626,74162.60324192283,6628.799078548031,0.0029081625463956043,0.0,0.0
BC,M6,2043-01-01T00:00:00,F,68,233.57818899443373,60900.0,36400.0,0.003835438242929946,74162.60324192283,6628.799078548031,0.0031495413966590113,0.0,0.0
BC,M6,2043-01-01T00:00:00,F,69,254.72288763237157,60900.0,35999.99999999999,0.004182641833043868,74162.60324192283,6628.799078548031,0.0034346540776279163,0.0,0.0
BC,M6,2043-01-01T00:00:00,F,70,280.9850876661876,60900.0,36000.0,0.004613876644764986,74162.60324192283,6628.799078548031,0.0037887705579805163,0.0,0.0
BC,M6,2043-01-01T00:00:00,F,71,212.09051851370896,60900.0,36100.00000000001,0.003482602931259589,74162.60324192283,6628.799078548031,0.0028598041228657663,0.0,0.0
BC,M6,2043-01-01T00:00:00,F,72,162.51589518280525,60900.0,37800.0,0.002668569707435226,74162.60324192283,6628.799078548031,0.002191345611920724,0.0,0.0
BC,M6,2043-01-01T00:00:00,F,73,99.50735196937603,60900.0,37500.0,0.0016339466661638101,74162.60324192283,6628.799078548031,0.0013417456726104546,0.0,0.0
BC,M6,2043-01-01T00:00:00,F,74,136.14983226390177,60900.0,36900.0,0.0022356294296207186,74162.60324192283,6628.799078548031,0.0018358286563886236,0.0,0.0
BC,M6,2043-01-01T00:00:00,F,75,64.89662149726064,60900.0,35300.0,0.0010656259687563323,74162.60324192283,6628.799078548031,0.0008750585694189293,0.0,0.0
BC,M6,2043-01-01T00:00:00,F,76,-0.2164082119561499,60900.0,33999.99999999999,-3.553501017342363e-06,74162.60324192283,6628.799078548031,0.0,3.264666938789641e-05,6.364947410474999e-06
BC,M6,2043-01-01T00:00:00,F,77,67.886140585666,60900.0,34700.0,0.0011147149521455828,74162.60324192283,6628.799078548031,0.0009153689004715404,0.0,0.0
BC,M6,2043-01-01T00:00:00,F,78,47.79558617695875,60900.0,35400.0,0.0007848207910830666,74162.60324192283,6628.799078548031,0.000644470178872318,0.0,0.0
BC,M6,2043-01-01T00:00:00,F,79,41.4842678282148,60900.0,36200.0,0.0006811866638458915,74162.60324192283,6628.799078548031,0.0005593690892010714,0.0,0.0
BC,M6,2043-01-01T00:00:00,F,80,11.305048120535503,60900.0,35300.0,0.00018563297406462236,74162.60324192283,6628.799078548031,0.00015243596673188186,0.0,0.0
BC,M6,2043-01-01T00:00:00,F,81,-44.10995061130234,60900.0,33100.00000000001,-0.0007243013236667051,74162.60324192283,6628.799078548031,0.0,0.0066542898779433455,0.0013326269066858709
BC,M6,2043-01-01T00:00:00,F,82,37.36139388526135,60900.0,32300.000000000004,0.0006134875843228464,74162.60324192283,6628.799078548031,0.0005037767318305462,0.0,0.0
BC,M6,2043-01-01T00:00:00,F,83,11.389023638697836,60900.0,30899.999999999996,0.00018701188240883147,74162.60324192283,6628.799078548031,0.00015356828294640847,0.0,0.0
BC,M6,2043-01-01T00:00:00,F,84,-23.039633538312046,60900.0,29100.000000000004,-0.00037831910571940963,74162.60324192283,6628.799078548031,0.0,0.0034756874156696626,0.0007917399841344345
BC,M6,2043-01-01T00:00:00,F,85,-47.3869842472086,60900.0,27500.0,-0.0007781113997899606,74162.60324192283,6628.799078548031,0.0,0.0071486529740449195,0.0017231630635348584
BC,M6,2043-01-01T00:00:00,F,86,-90.36882743249589,60900.0,25400.0,-0.0014838887919950065,74162.60324192283,6628.799078548031,0.0,0.01363276007639837,0.0035578278516730667
BC,M6,2043-01-01T00:00:00,F,87,-130.78086553193134,60900.0,23400.0,-0.0021474690563535524,74162.60324192283,6628.799078548031,0.0,0.019729194380798388,0.005588925877432963
BC,M6,2043-01-01T00:00:00,F,88,-173.86686205035585,60900.0,21400.000000000004,-0.002854956683913889,74162.60324192283,6628.799078548031,0.0,0.02622901373086112,0.008124619721979243
BC,M6,2043-01-01T00:00:00,F,89,-254.74716381790859,60900.0,18899.999999999996,-0.004183040456780108,74162.60324192283,6628.799078548031,0.0,0.03843036435397711,0.013478685916291462
BC,M6,2043-01-01T00:00:00,F,90,-259.3191529474425,60900.0,16399.999999999996,-0.004258114169908744,74162.60324192283,6628.799078548031,0.0,0.03912008040591323,0.015812143472405032
BC,M6,2043-01-01T00:00:00,F,91,-179.01122738662525,60900.0,14100.000000000004,-0.0029394290211268515,74162.60324192283,6628.799078548031,0.0,0.02700507667609618,0.012695831729547887
BC,M6,2043-01-01T00:00:00,F,92,-292.56615756490646,60900.0,12000.0,-0.004804041996139679,74162.60324192283,6628.799078548031,0.0,0.04413562005698776,0.02438051313040887
BC,M6,2043-01-01T00:00:00,F,93,-218.22675291293308,60900.0,10300.0,-0.0035833621167969307,74162.60324192283,6628.799078548031,0.0,0.03292100881729144,0.021187063389605153
BC,M6,2043-01-01T00:00:00,F,94,-302.5776470729106,60900.0,8300.0,-0.004968434270491143,74162.60324192283,6628.799078548031,0.0,0.04564592220815766,0.0364551382015555
BC,M6,2043-01-01T00:00:00,F,95,-178.24947927136873,60900.0,6900.000000000001,-0.002926920841894396,74162.60324192283,6628.799078548031,0.0,0.026890161726007906,0.025833257865415755
BC,M6,2043-01-01T00:00:00,F,96,-184.7632008089904,60900.0,5500.0,-0.00303387850261068,74162.60324192283,6628.799078548031,0.0,0.027872801486307962,0.033593309237998255
BC,M6,2043-01-01T00:00:00,F,97,-144.92065334604104,60900.0,3600.0,-0.002379649480230559,74162.60324192283,6628.799078548031,0.0,0.021862278767059023,0.04025573704056695
BC,M6,2043-01-01T00:00:00,F,98,-89.15537041763491,60900.0,2600.0000000000005,-0.0014639633894521333,74162.60324192283,6628.799078548031,0.0,0.013449701727445248,0.03429052708370573
BC,M6,2043-01-01T00:00:00,F,99,-91.55686139635077,60900.0,1900.0,-0.0015033967388563346,74162.60324192283,6628.799078548031,0.0,0.013811983182993886,0.048187821787553035
BC,M6,2043-01-01T00:00:00,F,100,2000.513508733868,60900.0,3400.0000000000005,0.032849154494809,74162.60324192283,6628.799078548031,0.026974693730856154,0.0,0.0
BC,M6,2043-01-01T00:00:00,M,1,578.2579881634338,60900.0,31100.0,0.009495205060154905,74162.60324192283,6628.799078548031,0.007797164108130371,0.0,0.0
BC,M6,2043-01-01T00:00:00,M,2,405.0205814849214,60900.0,30900.0,0.006650584260836148,74162.60324192283,6628.799078548031,0.005461250870114688,0.0,0.0
BC,M6,2043-01-01T00:00:00,M,3,403.46960720428615,60900.0,30700.000000000004,0.006625116702861841,74162.60324192283,6628.799078548031,0.005440337711557188,0.0,0.0
BC,M6,2043-01-01T00:00:00,M,4,402.377448690906,60900.0,30600.0,0.006607183065532119,74162.60324192283,6628.799078548031,0.005425611171958552,0.0,0.0
BC,M6,2043-01-01T00:00:00,M,5,501.9387332555634,60900.0,30600.0,0.008242015324393488,74162.60324192283,6628.799078548031,0.006768084065471777,0.0,0.0
BC,M6,2043-01-01T00:00:00,M,6,501.51290468562,60900.0,30700.0,0.00823502306544532,74162.60324192283,6628.799078548031,0.00676234224208197,0.0,0.0
BC,M6,2043-01-01T00:00:00,M,7,401.30106570353746,60900.0,30700.0,0.006589508468038382,74162.60324192283,6628.799078548031,0.0054110973477356165,0.0,0.0
BC,M6,2043-01-01T00:00:00,M,8,301.30535964975206,60900.0,30700.000000000004,0.0049475428513916595,74162.60324192283,6628.799078548031,0.004062766764900041,0.0,0.0
BC,M6,2043-01-01T00:00:00,M,9,401.30535964975206,60900.0,30800.0,0.006589578976186405,74162.60324192283,6628.799078548031,0.005411155246811794,0.0,0.0
BC,M6,2043-01-01T00:00:00,M,10,501.30535964975206,60900.0,30900.0,0.00823161510098115,74162.60324192283,6628.799078548031,0.0067595437287235475,0.0,0.0
BC,M6,2043-01-01T00:00:00,M,11,301.31394754218127,60900.0,30900.0,0.004947683867687705,74162.60324192283,6628.799078548031,0.004062882563052395,0.0,0.0
BC,M6,2043-01-01T00:00:00,M,12,401.7519400198544,60900.0,31000.000000000004,0.006596911987189727,74162.60324192283,6628.799078548031,0.005417176885084732,0.0,0.0
BC,M6,2043-01-01T00:00:00,M,13,401.9709381269204,60900.0,31000.000000000004,0.006600508015220367,74162.60324192283,6628.799078548031,0.005420129830336015,0.0,0.0
BC,M6,2043-01-01T00:00:00,M,14,602.6365279600795,60900.0,31300.0,0.009895509490313294,74162.60324192283,6628.799078548031,0.008125881530806615,0.0,0.0
BC,M6,2043-01-01T00:00:00,M,15,1003.5497631462895,60900.0,31999.999999999996,0.01647864964115418,74162.60324192283,6628.799078548031,0.013531749416517249,0.0,0.0
BC,M6,2043-01-01T00:00:00,M,16,1705.4278258389313,60900.0,33300.0,0.02800374098257687,74162.60324192283,6628.799078548031,0.022995792370930187,0.0,0.0
BC,M6,2043-01-01T00:00:00,M,17,1408.0059845040087,60900.0,34300.0,0.02311996690482773,74162.60324192283,6628.799078548031,0.01898539051968024,0.0,0.0
BC,M6,2043-01-01T00:00:00,M,18,2110.9507772943543,60900.0,36100.0,0.03466257433980877,74162.60324192283,6628.799078548031,0.028463817139863703,0.0,0.0
BC,M6,2043-01-01T00:00:00,M,19,4414.605829266737,60900.0,40200.0,0.07248942248385447,74162.60324192283,6628.799078548031,0.05952603652363752,0.0,0.0
BC,M6,2043-01-01T00:00:00,M,20,2919.656913297098,60900.0,42700.0,0.04794182123640555,74162.60324192283,6628.799078548031,0.0393683175302383,0.0,0.0
BC,M6,2043-01-01T00:00:00,M,21,1024.5258104758832,60900.0,43300.0,0.01682308391586015,74162.60324192283,6628.799078548031,0.013814588022669848,0.0,0.0
BC,M6,2043-01-01T00:00:00,M,22,28.626233451046573,60900.0,43000.0,0.0004700530944342623,74162.60324192283,6628.799078548031,0.0003859928346590814,0.0,0.0
BC,M6,2043-01-01T00:00:00,M,23,-167.68906977323059,60900.0,43199.99999999999,-0.0027535151030087125,74162.60324192283,6628.799078548031,0.0,0.025297051213379232,0.003881691429935894
BC,M6,2043-01-01T00:00:00,M,24,-164.97292676851794,60900.0,43100.0,-0.0027089150536702454,74162.60324192283,6628.799078548031,0.0,0.024887302332393748,0.0038276781152788383
BC,M6,2043-01-01T00:00:00,M,25,136.97273801914707,60900.0,43500.0,0.0022491418393948614,74162.60324192283,6628.799078548031,0.0018469246228093401,0.0,0.0
BC,M6,2043-01-01T00:00:00,M,26,239.37449749240477,60900.0,44200.0,0.003930615722371179,74162.60324192283,6628.799078548031,0.0032276981528217247,0.0,0.0
BC,M6,2043-01-01T00:00:00,M,27,441.6747979700958,60900.0,44500.00000000001,0.007252459736783182,74162.60324192283,6628.799078548031,0.005955492103335779,0.0,0.0
BC,M6,2043-01-01T00:00:00,M,28,444.58229739674425,60900.0,45200.0,0.00730020192769695,74162.60324192283,6628.799078548031,0.005994696490716356,0.0,0.0
BC,M6,2043-01-01T00:00:00,M,29,447.3641761751278,60900.0,45100.0,0.007345881382186006,74162.60324192283,6628.799078548031,0.006032207023744828,0.0,0.0
BC,M6,2043-01-01T00:00:00,M,30,550.9052652535902,60900.0,45500.00000000001,0.009046063468860267,74162.60324192283,6628.799078548031,0.007428343142924803,0.0,0.0
BC,M6,2043-01-01T00:00:00,M,31,554.651639204465,60900.0,45400.0,0.009107580282503532,74162.60324192283,6628.799078548031,0.007478858817767741,0.0,0.0
BC,M6,2043-01-01T00:00:00,M,32,358.51139949505887,60900.0,45199.99999999999,0.005886886691216073,74162.60324192283,6628.799078548031,0.004834126417132005,0.0,0.0
BC,M6,2043-01-01T00:00:00,M,33,462.8789171538083,60900.0,45899.99999999999,0.007600639033724274,74162.60324192283,6628.799078548031,0.006241406004099798,0.0,0.0
BC,M6,2043-01-01T00:00:00,M,34,566.9029989778428,60900.0,46299.99999999999,0.009308752035760965,74162.60324192283,6628.799078548031,0.007644054741829537,0.0,0.0
BC,M6,2043-01-01T00:00:00,M,35,469.52822856782586,60900.0,46200.0,0.007709823129192543,74162.60324192283,6628.799078548031,0.006331064553332854,0.0,0.0
BC,M6,2043-01-01T00:00:00,M,36,470.8844583601676,60900.0,45600.0,0.0077320929123180235,74162.60324192283,6628.799078548031,0.0063493517996410466,0.0,0.0
BC,M6,2043-01-01T00:00:00,M,37,272.02212501240865,60900.0,44900.0,0.004466701560138073,74162.60324192283,6628.799078548031,0.003667915001918909,0.0,0.0
BC,M6,2043-01-01T00:00:00,M,38,373.91718564516486,60900.0,44599.99999999999,0.006139855265109439,74162.60324192283,6628.799078548031,0.005041856263127991,0.0,0.0
BC,M6,2043-01-01T00:00:00,M,39,276.9476274772751,60900.0,44599.99999999999,0.004547580089938836,74162.60324192283,6628.799078548031,0.0037343299098314474,0.0,0.0
BC,M6,2043-01-01T00:00:00,M,40,279.0467296810457,60900.0,43999.99999999999,0.0045820481064211115,74162.60324192283,6628.799078548031,0.003762633962170646,0.0,0.0
BC,M6,2043-01-01T00:00:00,M,41,381.1812751399484,60900.0,43400.0,0.006259134238751206,74162.60324192283,6628.799078548031,0.005139804409191414,0.0,0.0
BC,M6,2043-01-01T00:00:00,M,42,289.34832871928666,60900.0,45399.99999999999,0.0047512040840605365,74162.60324192283,6628.799078548031,0.0039015395370550193,0.0,0.0
BC,M6,2043-01-01T00:00:00,M,43,297.8306917803711,60900.0,47300.0,0.004890487549759789,74162.60324192283,6628.799078548031,0.004015914743564619,0.0,0.0
BC,M6,2043-01-01T00:00:00,M,44,404.2060604652215,60900.0,48000.0,0.00663720953144863,74162.60324192283,6628.799078548031,0.005450267962502304,0.0,0.0
BC,M6,2043-01-01T00:00:00,M,45,210.02326162938698,60900.0,48099.99999999999,0.0034486578264267156,74162.60324192283,6628.799078548031,0.002831929469146041,0.0,0.0
BC,M6,2043-01-01T00:00:00,M,46,217.32227705139667,60900.0,48699.99999999999,0.0035685102964104543,74162.60324192283,6628.799078548031,0.0029303485523893822,0.0,0.0
BC,M6,2043-01-01T00:00:00,M,47,224.61232442258915,60900.0,49099.99999999999,0.0036882155077600847,74162.60324192283,6628.799078548031,0.003028646711468452,0.0,0.0
BC,M6,2043-01-01T00:00:00,M,48,231.8246895107368,60900.0,49300.0,0.003806645147959553,74162.60324192283,6628.799078548031,0.0031258974115904595,0.0,0.0
BC,M6,2043-01-01T00:00:00,M,49,138.6689381023898,60900.0,48999.99999999999,0.002276994057510506,74162.60324192283,6628.799078548031,0.0018697959893619628,0.0,0.0
BC,M6,2043-01-01T00:00:00,M,50,145.2063264444514,60900.0,48599.99999999999,0.002384340335705278,74162.60324192283,6628.799078548031,0.0019579453807841633,0.0,0.0
BC,M6,2043-01-01T00:00:00,M,51,153.25802228024259,60900.0,48500.0,0.002516552089987563,74162.60324192283,6628.799078548031,0.00206651352003254,0.0,0.0
BC,M6,2043-01-01T00:00:00,M,52,61.63635563797288,60900.0,48199.99999999999,0.0010120912255824775,74162.60324192283,6628.799078548031,0.000831097520092592,0.0,0.0
BC,M6,2043-01-01T00:00:00,M,53,170.27704333328438,60900.0,47999.99999999999,0.0027960105637649326,74162.60324192283,6628.799078548031,0.002295996039645892,0.0,0.0
BC,M6,2043-01-01T00:00:00,M,54,176.09698590369953,60900.0,46800.0,0.002891576123213457,74162.60324192283,6628.799078548031,0.0023744714749192484,0.0,0.0
BC,M6,2043-01-01T00:00:00,M,55,181.10859500872175,60900.0,45199.99999999999,0.0029738685551514246,74162.60324192283,6628.799078548031,0.0024420474348498086,0.0,0.0
BC,M6,2043-01-01T00:00:00,M,56,189.80617015339521,60900.0,44500.0,0.0031166858810081316,74162.60324192283,6628.799078548031,0.002559324536306205,0.0,0.0
BC,M6,2043-01-01T00:00:00,M,57,201.8151775396691,60900.0,44400.0,0.003313878120520018,74162.60324192283,6628.799078548031,0.002721252608694654,0.0,0.0
BC,M6,2043-01-01T00:00:00,M,58,211.1605202653882,60900.0,43500.0,0.0034673320240622032,74162.60324192283,6628.799078548031,0.002847264133603428,0.0,0.0
BC,M6,2043-01-01T00:00:00,M,59,220.13919719037222,60900.0,42399.99999999999,0.003614765142699051,74162.60324192283,6628.799078548031,0.002968331579087981,0.0,0.0
BC,M6,2043-01-01T00:00:00,M,60,228.7498682498699,60900.0,41100.0,0.00375615547208325,74162.60324192283,6628.799078548031,0.003084436875869557,0.0,0.0
BC,M6,2043-01-01T00:00:00,M,61,238.73161827051808,60900.0,40000.0,0.003920059413309,74162.60324192283,6628.799078548031,0.003219029643441201,0.0,0.0
BC,M6,2043-01-01T00:00:00,M,62,248.22862552873266,60900.0,38700.0,0.004076003703263262,74162.60324192283,6628.799078548031,0.0033470861954372896,0.0,0.0
BC,M6,2043-01-01T00:00:00,M,63,256.8062496141574,60900.0,37200.0,0.004216851389395032,74162.60324192283,6628.799078548031,0.0034627458906268454,0.0,0.0
BC,M6,2043-01-01T00:00:00,M,64,163.9777547183403,60900.0,35400.0,0.0026925739691024677,74162.60324192283,6628.799078548031,0.0022110571575196074,0.0,0.0
BC,M6,2043-01-01T00:00:00,M,65,174.50401916899136,60900.0,34100.0,0.002865419033973586,74162.60324192283,6628.799078548031,0.0023529920949477575,0.0,0.0
BC,M6,2043-01-01T00:00:00,M,66,192.34060819457954,60900.0,33600.0,0.0031583022692049188,74162.60324192283,6628.799078548031,0.0025934986069347248,0.0,0.0
BC,M6,2043-01-01T00:00:00,M,67,210.0544235389316,60900.0,32899.99999999999,0.003449169516238614,74162.60324192283,6628.799078548031,0.002832349652745084,0.0,0.0
BC,M6,2043-01-01T00:00:00,M,68,232.15932581248126,60900.0,32500.0,0.0038121399969208744,74162.60324192283,6628.799078548031,0.003130409608939477,0.0,0.0
BC,M6,2043-01-01T00:00:00,M,69,153.99022989805962,60900.0,31800.0,0.002528575203580618,74162.60324192283,6628.799078548031,0.002076386523214865,0.0,0.0
BC,M6,2043-01-01T00:00:00,M,70,181.350325417141,60900.0,31500.0,0.0029778378557822824,74162.60324192283,6628.799078548031,0.002445306899834212,0.0,0.0
BC,M6,2043-01-01T00:00:00,M,71,217.88158182569532,60900.0,31699.999999999996,0.00357769428285214,74162.60324192283,6628.799078548031,0.002937890153544808,0.0,0.0
BC,M6,2043-01-01T00:00:00,M,72,173.1128157294952,60900.0,32799.99999999999,0.0028425749709276717,74162.60324192283,6628.799078548031,0.002334233268009631,0.0,0.0
BC,M6,2043-01-01T00:00:00,M,73,112.05509259260725,60900.0,32400.0,0.001839985100042812,74162.60324192283,6628.799078548031,0.0015109379619142665,0.0,0.0
BC,M6,2043-01-01T00:00:00,M,74,143.24352980695403,60900.0,31399.999999999996,0.002352110505861314,74162.60324192283,6628.799078548031,0.0019314792570007974,0.0,0.0
BC,M6,2043-01-01T00:00:00,M,75,172.94158543987942,60900.0,30199.999999999996,0.00283976330771559,74162.60324192283,6628.799078548031,0.002331924418506908,0.0,0.0
BC,M6,2043-01-01T00:00:00,M,76,112.33009629755179,60900.0,29300.0,0.0018445007602225253,74162.60324192283,6628.799078548031,0.0015146460801965691,0.0,0.0
BC,M6,2043-01-01T00:00:00,M,77,84.36450229171896,60900.0,29700.0,0.0013852956041333162,74162.60324192283,6628.799078548031,0.0011375612317237158,0.0,0.0
BC,M6,2043-01-01T00:00:00,M,78,73.41633900320812,60900.0,30399.999999999996,0.0012055228079344519,74162.60324192283,6628.799078548031,0.0009899374589605445,0.0,0.0
BC,M6,2043-01-01T00:00:00,M,79,61.16908658072498,60900.0,30599.999999999996,0.001004418498862479,74162.60324192283,6628.799078548031,0.0008247969179451236,0.0,0.0
BC,M6,2043-01-01T00:00:00,M,80,-60.83001684946794,60900.0,29999.999999999996,-0.000998850851386994,74162.60324192283,6628.799078548031,0.0,0.009176627037365586,0.002027667228315598
BC,M6,2043-01-01T00:00:00,M,81,-34.69160319124421,60900.0,27799.999999999996,-0.0005696486566706767,74162.60324192283,6628.799078548031,0.0,0.005233467296287859,0.001247899395368497
BC,M6,2043-01-01T00:00:00,M,82,-71.06857252467671,60900.0,26599.999999999996,-0.0011669716342311448,74162.60324192283,6628.799078548031,0.0,0.010721183683884342,0.002671750846792358
BC,M6,2043-01-01T00:00:00,M,83,-119.65222620256827,60900.0,25000.0,-0.001964732778367295,74162.60324192283,6628.799078548031,0.0,0.018050362484176675,0.004786089048102731
BC,M6,2043-01-01T00:00:00,M,84,-185.87608672414353,60900.0,22999.999999999996,-0.003052152491365247,74162.60324192283,6628.799078548031,0.0,0.028040687992138956,0.008081568988006242
BC,M6,2043-01-01T00:00:00,M,85,-130.54575348291473,60900.0,21600.0,-0.0021436084315749546,74162.60324192283,6628.799078548031,0.0,0.019693726108758365,0.006043784883468275
BC,M6,2043-01-01T00:00:00,M,86,-120.63322639331818,60900.0,19400.0,-0.001980841155883714,74162.60324192283,6628.799078548031,0.0,0.018198353120055893,0.006218207546047329
BC,M6,2043-01-01T00:00:00,M,87,-89.88954194876351,60900.0,17700.0,-0.0014760187512112234,74162.60324192283,6628.799078548031,0.0,0.013560456559871004,0.0050785051948453955
BC,M6,2043-01-01T00:00:00,M,88,-180.45340378269248,60900.0,15699.999999999998,-0.0029631100785335383,74162.60324192283,6628.799078548031,0.0,0.027222638919117595,0.01149384737469379
BC,M6,2043-01-01T00:00:00,M,89,-207.81001267643478,60900.0,13500.0,-0.003412315479087599,74162.60324192283,6628.799078548031,0.0,0.03134957180237139,0.015393334272328502
BC,M6,2043-01-01T00:00:00,M,90,-230.68456410093677,60900.0,11600.0,-0.0037879238768626726,74162.60324192283,6628.799078548031,0.0,0.034800355444091366,0.019886600353529033
BC,M6,2043-01-01T00:00:00,M,91,-275.42817324870884,60900.0,9699.999999999998,-0.004522630102606056,74162.60324192283,6628.799078548031,0.0,0.0415502370768852,0.028394657035949372
BC,M6,2043-01-01T00:00:00,M,92,-328.64847130922317,60900.0,8000.0,-0.005396526622483139,74162.60324192283,6628.799078548031,0.0,0.04957888561938586,0.04108105891365289
BC,M6,2043-01-01T00:00:00,M,93,-291.8154736360002,60900.0,6600.0,-0.00479171549484401,74162.60324192283,6628.799078548031,0.0,0.04402237421562027,0.04421446570242427
BC,M6,2043-01-01T00:00:00,M,94,-303.9143468007569,60900.0,5100.0,-0.004990383362902412,74162.60324192283,6628.799078548031,0.0,0.045847572569257325,0.05959104839230527
BC,M6,2043-01-01T00:00:00,M,95,-195.30462354838164,60900.0,4099.999999999999,-0.003206972472058812,74162.60324192283,6628.799078548031,0.0,0.029463047715599353,0.04763527403619065
BC,M6,2043-01-01T00:00:00,M,96,-211.208036146596,60900.0,3099.999999999999,-0.00346811225199665,74162.60324192283,6628.799078548031,0.0,0.03186218704834525,0.06813162456341808
BC,M6,2043-01-01T00:00:00,M,97,-128.69841795466323,60900.0,1899.9999999999998,-0.002113274514854897,74162.60324192283,6628.799078548031,0.0,0.01941504281992105,0.06773600944982276
BC,M6,2043-01-01T00:00:00,M,98,-129.86837335621,60900.0,1300.0,-0.002132485605192282,74162.60324192283,6628.799078548031,0.0,0.01959153865086771,0.09989874873554615
BC,M6,2043-01-01T00:00:00,M,99,-109.55269844699876,60900.0,899.9999999999999,-0.0017988948841871717,74162.60324192283,6628.799078548031,0.0,0.016526779156956307,0.1217252204966653
BC,M6,2043-01-01T00:00:00,M,100,817.5966757698549,60900.0,1499.9999999999998,0.013425232771261985,74162.60324192283,6628.799078548031,0.011024379404574106,0.0,0.0
