province,projection_scenario,timepoint,sex,age,delta_n,n_birth,n,prop_migrants_birth,n_immigrants_timepoint,n_emigrants_timepoint,prop_immigrants_timepoint,prop_emigrants_timepoint,prob_emigration
BC,HG,2023-01-01T00:00:00,F,1,376.6140000000087,48000.0,22900.000000000004,0.007846125000000181,127329.54599999996,926.2649999999988,0.0029577895455624166,0.0,0.0
BC,HG,2023-01-01T00:00:00,F,2,403.1650000000045,48000.0,21500.000000000004,0.008399270833333427,127329.54599999996,926.2649999999988,0.003166311454530786,0.0,0.0
BC,HG,2023-01-01T00:00:00,F,3,402.56799999999566,48000.0,21800.0,0.008386833333333243,127329.54599999996,926.2649999999988,0.00316162283339953,0.0,0.0
BC,HG,2023-01-01T00:00:00,F,4,502.20000000000437,48000.0,22500.0,0.010462500000000092,127329.54599999996,926.2649999999988,0.003944096368646476,0.0,0.0
BC,HG,2023-01-01T00:00:00,F,5,502.06100000000515,48000.0,23400.000000000004,0.010459604166666773,127329.54599999996,926.2649999999988,0.0039430047131402265,0.0,0.0
BC,HG,2023-01-01T00:00:00,F,6,601.880000000001,48000.0,24100.0,0.012539166666666688,127329.54599999996,926.2649999999988,0.004726946878456641,0.0,0.0
BC,HG,2023-01-01T00:00:00,F,7,501.66599999999744,48000.0,24299.999999999996,0.010451374999999947,127329.54599999996,926.2649999999988,0.003939902526629582,0.0,0.0
BC,HG,2023-01-01T00:00:00,F,8,501.4459999999999,48000.0,24600.0,0.010446791666666665,127329.54599999996,926.2649999999988,0.003938174726547757,0.0,0.0
BC,HG,2023-01-01T00:00:00,F,9,501.46399999999994,48000.0,24900.0,0.010447166666666665,127329.54599999996,926.2649999999988,0.003938316092008999,0.0,0.0
BC,HG,2023-01-01T00:00:00,F,10,501.48799999999756,48000.0,25300.0,0.010447666666666616,127329.54599999996,926.2649999999988,0.003938504579290636,0.0,0.0
BC,HG,2023-01-01T00:00:00,F,11,501.48799999999756,48000.0,25300.000000000004,0.010447666666666616,127329.54599999996,926.2649999999988,0.003938504579290636,0.0,0.0
BC,HG,2023-01-01T00:00:00,F,12,501.7220000000016,48000.0,25100.0,0.0104525416666667,127329.54599999996,926.2649999999988,0.003940342330286811,0.0,0.0
BC,HG,2023-01-01T00:00:00,F,13,502.00800000000163,48000.0,25600.000000000004,0.010458500000000034,127329.54599999996,926.2649999999988,0.003942588470393209,0.0,0.0
BC,HG,2023-01-01T00:00:00,F,14,602.2860000000001,48000.0,26000.0,0.012547625000000001,127329.54599999996,926.2649999999988,0.00473013545497131,0.0,0.0
BC,HG,2023-01-01T00:00:00,F,15,1103.083999999999,48000.0,26800.0,0.022980916666666643,127329.54599999996,926.2649999999988,0.008663221024914354,0.0,0.0
BC,HG,2023-01-01T00:00:00,F,16,1904.3520000000026,48000.0,27500.000000000004,0.039674000000000056,127329.54599999996,926.2649999999988,0.014956088824819993,0.0,0.0
BC,HG,2023-01-01T00:00:00,F,17,1706.2640000000029,48000.0,27800.0,0.03554716666666673,127329.54599999996,926.2649999999988,0.013400377631127369,0.0,0.0
BC,HG,2023-01-01T00:00:00,F,18,2308.0099999999984,48000.0,29000.0,0.04808354166666663,127329.54599999996,926.2649999999988,0.018126272122261387,0.0,0.0
BC,HG,2023-01-01T00:00:00,F,19,4110.079999999998,48000.0,32100.0,0.08562666666666663,127329.54599999996,926.2649999999988,0.032279075274484995,0.0,0.0
BC,HG,2023-01-01T00:00:00,F,20,3012.217999999997,48000.0,32800.0,0.06275454166666661,127329.54599999996,926.2649999999988,0.02365686594060422,0.0,0.0
BC,HG,2023-01-01T00:00:00,F,21,1813.8150000000023,48000.0,32500.000000000004,0.037787812500000045,127329.54599999996,926.2649999999988,0.014245044115683904,0.0,0.0
BC,HG,2023-01-01T00:00:00,F,22,1115.984000000004,48000.0,34400.0,0.023249666666666752,127329.54599999996,926.2649999999988,0.008764532938804356,0.0,0.0
BC,HG,2023-01-01T00:00:00,F,23,1317.492999999995,48000.0,35599.99999999999,0.02744777083333323,127329.54599999996,926.2649999999988,0.01034711142376959,0.0,0.0
BC,HG,2023-01-01T00:00:00,F,24,1518.2850000000035,48000.0,36000.0,0.031630937500000074,127329.54599999996,926.2649999999988,0.011924058851195496,0.0,0.0
BC,HG,2023-01-01T00:00:00,F,25,1818.3910000000033,48000.0,36500.0,0.0378831458333334,127329.54599999996,926.2649999999988,0.014280982357386273,0.0,0.0
BC,HG,2023-01-01T00:00:00,F,26,1818.3910000000033,48000.0,36500.0,0.0378831458333334,127329.54599999996,926.2649999999988,0.014280982357386273,0.0,0.0
BC,HG,2023-01-01T00:00:00,F,27,1919.5480000000025,48000.0,38100.0,0.039990583333333385,127329.54599999996,926.2649999999988,0.01507543268865502,0.0,0.0
BC,HG,2023-01-01T00:00:00,F,28,2020.0199999999968,48000.0,38400.0,0.042083749999999934,127329.54599999996,926.2649999999988,0.015864503278759805,0.0,0.0
BC,HG,2023-01-01T00:00:00,F,29,1921.1469999999972,48000.0,39000.0,0.040023895833333274,127329.54599999996,926.2649999999988,0.015087990653795293,0.0,0.0
BC,HG,2023-01-01T00:00:00,F,30,1822.4199999999983,48000.0,39800.0,0.0379670833333333,127329.54599999996,926.2649999999988,0.014312624659794191,0.0,0.0
BC,HG,2023-01-01T00:00:00,F,31,1724.3039999999964,48000.0,40900.0,0.03592299999999993,127329.54599999996,926.2649999999988,0.013542057237838554,0.0,0.0
BC,HG,2023-01-01T00:00:00,F,32,1426.2679999999964,48000.0,41200.0,0.02971391666666659,127329.54599999996,926.2649999999988,0.011201390759690582,0.0,0.0
BC,HG,2023-01-01T00:00:00,F,33,1328.2099999999991,48000.0,41600.0,0.02767104166666665,127329.54599999996,926.2649999999988,0.010431278848665647,0.0,0.0
BC,HG,2023-01-01T00:00:00,F,34,1329.925000000003,48000.0,41200.0,0.027706770833333394,127329.54599999996,926.2649999999988,0.010444747835667328,0.0,0.0
BC,HG,2023-01-01T00:00:00,F,35,1131.760000000002,48000.0,40800.0,0.023578333333333375,127329.54599999996,926.2649999999988,0.008888431911946049,0.0,0.0
BC,HG,2023-01-01T00:00:00,F,36,1134.0169999999925,48000.0,40200.0,0.02362535416666651,127329.54599999996,926.2649999999988,0.00890615757005835,0.0,0.0
BC,HG,2023-01-01T00:00:00,F,37,1037.0359999999928,48000.0,40399.99999999999,0.021604916666666515,127329.54599999996,926.2649999999988,0.008144504025797698,0.0,0.0
BC,HG,2023-01-01T00:00:00,F,38,839.2890000000043,48000.0,39700.0,0.01748518750000009,127329.54599999996,926.2649999999988,0.006591470922232021,0.0,0.0
BC,HG,2023-01-01T00:00:00,F,39,840.8099999999904,48000.0,39300.0,0.0175168749999998,127329.54599999996,926.2649999999988,0.006603416303706845,0.0,0.0
BC,HG,2023-01-01T00:00:00,F,40,742.291000000012,48000.0,38800.0,0.015464395833333583,127329.54599999996,926.2649999999988,0.005829683866146921,0.0,0.0
BC,HG,2023-01-01T00:00:00,F,41,743.3549999999959,48000.0,38400.0,0.015486562499999915,127329.54599999996,926.2649999999988,0.005838040135633533,0.0,0.0
BC,HG,2023-01-01T00:00:00,F,42,743.3160000000062,48000.0,37100.0,0.015485750000000128,127329.54599999996,926.2649999999988,0.005837733843800923,0.0,0.0
BC,HG,2023-01-01T00:00:00,F,43,744.0339999999997,48000.0,36500.00000000001,0.015500708333333326,127329.54599999996,926.2649999999988,0.0058433727549770725,0.0,0.0
BC,HG,2023-01-01T00:00:00,F,44,643.9040000000023,48000.0,34900.00000000001,0.013414666666666714,127329.54599999996,926.2649999999988,0.005056988108635858,0.0,0.0
BC,HG,2023-01-01T00:00:00,F,45,544.755999999994,48000.0,33900.0,0.011349083333333208,127329.54599999996,926.2649999999988,0.004278315733568972,0.0,0.0
BC,HG,2023-01-01T00:00:00,F,46,546.8119999999908,48000.0,33700.0,0.011391916666666476,127329.54599999996,926.2649999999988,0.004294462810697456,0.0,0.0
BC,HG,2023-01-01T00:00:00,F,47,449.87600000000384,48000.0,34100.0,0.009372416666666746,127329.54599999996,926.2649999999988,0.003533162680090008,0.0,0.0
BC,HG,2023-01-01T00:00:00,F,48,452.2810000000027,48000.0,33700.00000000001,0.009422520833333389,127329.54599999996,926.2649999999988,0.0035520506764392516,0.0,0.0
BC,HG,2023-01-01T00:00:00,F,49,355.6109999999899,48000.0,33599.99999999999,0.007408562499999789,127329.54599999996,926.2649999999988,0.002792839613203286,0.0,0.0
BC,HG,2023-01-01T00:00:00,F,50,360.14399999999296,48000.0,33900.00000000001,0.0075029999999998535,127329.54599999996,926.2649999999988,0.002828440148526039,0.0,0.0
BC,HG,2023-01-01T00:00:00,F,51,265.8130000000019,48000.0,34300.0,0.005537770833333374,127329.54599999996,926.2649999999988,0.002087598741614943,0.0,0.0
BC,HG,2023-01-01T00:00:00,F,52,375.91999999999825,48000.0,36800.0,0.007831666666666631,127329.54599999996,926.2649999999988,0.002952339121667789,0.0,0.0
BC,HG,2023-01-01T00:00:00,F,53,282.4319999999934,48000.0,37000.0,0.005883999999999863,127329.54599999996,926.2649999999988,0.0022181183305247433,0.0,0.0
BC,HG,2023-01-01T00:00:00,F,54,288.8139999999985,48000.0,36900.0,0.006016958333333302,127329.54599999996,926.2649999999988,0.0022682402401717396,0.0,0.0
BC,HG,2023-01-01T00:00:00,F,55,293.01000000000204,48000.0,35700.0,0.006104375000000042,127329.54599999996,926.2649999999988,0.00230119409991458,0.0,0.0
BC,HG,2023-01-01T00:00:00,F,56,298.2639999999883,48000.0,34800.0,0.00621383333333309,127329.54599999996,926.2649999999988,0.002342457107323609,0.0,0.0
BC,HG,2023-01-01T00:00:00,F,57,311.18799999998737,48000.0,36300.0,0.00648308333333307,127329.54599999996,926.2649999999988,0.0024439575084952195,0.0,0.0
BC,HG,2023-01-01T00:00:00,F,58,225.91799999999057,48000.0,37800.0,0.004706624999999804,127329.54599999996,926.2649999999988,0.0017742779040458578,0.0,0.0
BC,HG,2023-01-01T00:00:00,F,59,244.47400000000198,48000.0,39900.0,0.005093208333333375,127329.54599999996,926.2649999999988,0.0019200099873127802,0.0,0.0
BC,HG,2023-01-01T00:00:00,F,60,357.6079999999929,48000.0,39999.99999999999,0.007450166666666519,127329.54599999996,926.2649999999988,0.0028085233257644144,0.0,0.0
BC,HG,2023-01-01T00:00:00,F,61,265.5040000000008,48000.0,38500.00000000001,0.00553133333333335,127329.54599999996,926.2649999999988,0.0020851719678636168,0.0,0.0
BC,HG,2023-01-01T00:00:00,F,62,381.80599999999686,48000.0,38800.0,0.007954291666666601,127329.54599999996,926.2649999999988,0.0029985656274938498,0.0,0.0
BC,HG,2023-01-01T00:00:00,F,63,298.27500000000146,48000.0,38600.00000000001,0.00621406250000003,127329.54599999996,926.2649999999988,0.0023425434973278043,0.0,0.0
BC,HG,2023-01-01T00:00:00,F,64,313.7560000000012,48000.0,38000.0,0.006536583333333359,127329.54599999996,926.2649999999988,0.002464125647632493,0.0,0.0
BC,HG,2023-01-01T00:00:00,F,65,232.3680000000022,48000.0,37599.99999999999,0.004841000000000046,127329.54599999996,926.2649999999988,0.0018249338609909304,0.0,0.0
BC,HG,2023-01-01T00:00:00,F,66,248.14800000000105,48000.0,36600.00000000001,0.0051697500000000216,127329.54599999996,926.2649999999988,0.001948864248679573,0.0,0.0
BC,HG,2023-01-01T00:00:00,F,67,268.20000000000437,48000.0,36000.00000000001,0.005587500000000091,127329.54599999996,926.2649999999988,0.0021063453725029733,0.0,0.0
BC,HG,2023-01-01T00:00:00,F,68,290.2800000000061,48000.0,35400.0,0.006047500000000127,127329.54599999996,926.2649999999988,0.0022797536716262713,0.0,0.0
BC,HG,2023-01-01T00:00:00,F,69,307.3599999999933,48000.0,34000.0,0.006403333333333194,127329.54599999996,926.2649999999988,0.002413893787071175,0.0,0.0
BC,HG,2023-01-01T00:00:00,F,70,223.0280000000057,48000.0,32300.000000000004,0.004646416666666786,127329.54599999996,926.2649999999988,0.0017515808938799308,0.0,0.0
BC,HG,2023-01-01T00:00:00,F,71,241.31000000000495,48000.0,30900.000000000004,0.00502729166666677,127329.54599999996,926.2649999999988,0.0018951610806811879,0.0,0.0
BC,HG,2023-01-01T00:00:00,F,72,165.39999999999782,48000.0,29800.000000000004,0.0034458333333332878,127329.54599999996,926.2649999999988,0.001298991516077485,0.0,0.0
BC,HG,2023-01-01T00:00:00,F,73,199.3040000000001,48000.0,29400.0,0.004152166666666669,127329.54599999996,926.2649999999988,0.0015652612159631838,0.0,0.0
BC,HG,2023-01-01T00:00:00,F,74,118.88000000000102,48000.0,27700.0,0.0024766666666666878,127329.54599999996,926.2649999999988,0.0009336403351347931,0.0,0.0
BC,HG,2023-01-01T00:00:00,F,75,156.77500000000873,48000.0,27200.000000000007,0.0032661458333335153,127329.54599999996,926.2649999999988,0.0012312538992325377,0.0,0.0
BC,HG,2023-01-01T00:00:00,F,76,94.99600000000282,48000.0,26400.000000000004,0.001979083333333392,127329.54599999996,926.2649999999988,0.0007460640753403995,0.0,0.0
BC,HG,2023-01-01T00:00:00,F,77,46.1520000000055,48000.0,21300.0,0.0009615000000001146,127329.54599999996,926.2649999999988,0.00036246104262403886,0.0,0.0
BC,HG,2023-01-01T00:00:00,F,78,53.815999999998894,48000.0,19400.0,0.0011211666666666436,127329.54599999996,926.2649999999988,0.00042265131456605454,0.0,0.0
BC,HG,2023-01-01T00:00:00,F,79,-11.4220000000023,48000.0,18599.999999999996,-0.00023795833333338124,127329.54599999996,926.2649999999988,0.0,0.012331244298340446,0.0006140860215055001
BC,HG,2023-01-01T00:00:00,F,80,103.18399999999383,48000.0,17199.999999999996,0.002149666666666538,127329.54599999996,926.2649999999988,0.0008103696529318801,0.0,0.0
BC,HG,2023-01-01T00:00:00,F,81,105.60000000000036,48000.0,15400.0,0.0022000000000000075,127329.54599999996,926.2649999999988,0.0008293440392852763,0.0,0.0
BC,HG,2023-01-01T00:00:00,F,82,30.728000000000975,48000.0,14300.000000000002,0.000640166666666687,127329.54599999996,926.2649999999988,0.00024132654961324517,0.0,0.0
BC,HG,2023-01-01T00:00:00,F,83,35.05899999999929,48000.0,12800.000000000002,0.0007303958333333185,127329.54599999996,926.2649999999988,0.00027534065031535804,0.0,0.0
BC,HG,2023-01-01T00:00:00,F,84,46.92000000000189,48000.0,11600.000000000002,0.0009775000000000393,127329.54599999996,926.2649999999988,0.0003684926356369943,0.0,0.0
BC,HG,2023-01-01T00:00:00,F,85,-20.424000000000888,48000.0,10800.0,-0.0004255000000000185,127329.54599999996,926.2649999999988,0.0,0.02204984534663505,0.0018911111111111934
BC,HG,2023-01-01T00:00:00,F,86,7.06199999999626,48000.0,9999.999999999998,0.00014712499999992208,127329.54599999996,926.2649999999988,5.546238262717329e-05,0.0,0.0
BC,HG,2023-01-01T00:00:00,F,87,20.064000000000306,48000.0,9000.0,0.00041800000000000637,127329.54599999996,926.2649999999988,0.00015757536746420435,0.0,0.0
BC,HG,2023-01-01T00:00:00,F,88,-72.6299999999992,48000.0,7900.000000000001,-0.0015131249999999832,127329.54599999996,926.2649999999988,0.0,0.0784116856407176,0.009193670886075847
BC,HG,2023-01-01T00:00:00,F,89,-64.82699999999932,48000.0,7000.000000000001,-0.0013505624999999857,127329.54599999996,926.2649999999988,0.0,0.06998753056630597,0.009260999999999901
BC,HG,2023-01-01T00:00:00,F,90,-36.85999999999876,48000.0,6400.000000000001,-0.0007679166666666409,127329.54599999996,926.2649999999988,0.0,0.0397942273539417,0.005759374999999806
BC,HG,2023-01-01T00:00:00,F,91,-54.07099999999991,48000.0,5400.0,-0.001126479166666665,127329.54599999996,926.2649999999988,0.0,0.05837530296405454,0.010013148148148132
BC,HG,2023-01-01T00:00:00,F,92,-40.88000000000011,48000.0,4800.0,-0.000851666666666669,127329.54599999996,926.2649999999988,0.0,0.044134238042029185,0.00851666666666669
BC,HG,2023-01-01T00:00:00,F,93,-79.23000000000002,48000.0,3900.0,-0.0016506250000000004,127329.54599999996,926.2649999999988,0.0,0.08553707632265077,0.02031538461538462
BC,HG,2023-01-01T00:00:00,F,94,-25.287999999999556,48000.0,3200.0000000000005,-0.000526833333333324,127329.54599999996,926.2649999999988,0.0,0.02730104235828795,0.007902499999999861
BC,HG,2023-01-01T00:00:00,F,95,-60.28800000000001,48000.0,2600.0000000000005,-0.0012560000000000002,127329.54599999996,926.2649999999988,0.0,0.06508720506550511,0.02318769230769231
BC,HG,2023-01-01T00:00:00,F,96,-16.191999999999553,48000.0,2100.0,-0.000337333333333324,127329.54599999996,926.2649999999988,0.0,0.017480958473006722,0.007710476190475977
BC,HG,2023-01-01T00:00:00,F,97,10.319999999999709,48000.0,1600.0,0.00021499999999999392,127329.54599999996,926.2649999999988,8.104953111196763e-05,0.0,0.0
BC,HG,2023-01-01T00:00:00,F,98,37.92000000000007,48000.0,1200.0,0.0007900000000000015,127329.54599999996,926.2649999999988,0.00029780990501607603,0.0,0.0
BC,HG,2023-01-01T00:00:00,F,99,-29.048000000000116,48000.0,800.0,-0.0006051666666666691,127329.54599999996,926.2649999999988,0.0,0.0313603558376924,0.03631000000000015
BC,HG,2023-01-01T00:00:00,F,100,1041.317,48000.0,1700.0,0.021694104166666665,127329.54599999996,926.2649999999988,0.008178125444663098,0.0,0.0
BC,HG,2023-01-01T00:00:00,M,1,584.9659999999931,48000.0,24299.999999999996,0.012186791666666523,127329.54599999996,926.2649999999988,0.004594110466709693,0.0,0.0
BC,HG,2023-01-01T00:00:00,M,2,505.1519999999946,48000.0,22899.999999999996,0.010523999999999888,127329.54599999996,926.2649999999988,0.003967280304290057,0.0,0.0
BC,HG,2023-01-01T00:00:00,M,3,503.7120000000032,48000.0,23700.0,0.010494000000000066,127329.54599999996,926.2649999999988,0.0039559710673907796,0.0,0.0
BC,HG,2023-01-01T00:00:00,M,4,502.5849999999991,48000.0,24000.0,0.010470520833333314,127329.54599999996,926.2649999999988,0.0039471200187896635,0.0,0.0
BC,HG,2023-01-01T00:00:00,M,5,602.1779999999962,48000.0,24799.999999999996,0.012545374999999921,127329.54599999996,926.2649999999988,0.0047292872622038285,0.0,0.0
BC,HG,2023-01-01T00:00:00,M,6,601.7570000000014,48000.0,25700.0,0.012536604166666696,127329.54599999996,926.2649999999988,0.004725980881138158,0.0,0.0
BC,HG,2023-01-01T00:00:00,M,7,601.5240000000013,48000.0,26000.000000000004,0.012531750000000026,127329.54599999996,926.2649999999988,0.0047241509837787484,0.0,0.0
BC,HG,2023-01-01T00:00:00,M,8,601.5779999999977,48000.0,26900.0,0.012532874999999952,127329.54599999996,926.2649999999988,0.004724575080162446,0.0,0.0
BC,HG,2023-01-01T00:00:00,M,9,601.5659999999989,48000.0,26700.0,0.012532624999999978,127329.54599999996,926.2649999999988,0.004724480836521628,0.0,0.0
BC,HG,2023-01-01T00:00:00,M,10,601.5839999999989,48000.0,27000.0,0.012532999999999978,127329.54599999996,926.2649999999988,0.00472462220198287,0.0,0.0
BC,HG,2023-01-01T00:00:00,M,11,601.5659999999989,48000.0,26699.999999999996,0.012532624999999978,127329.54599999996,926.2649999999988,0.004724480836521628,0.0,0.0
BC,HG,2023-01-01T00:00:00,M,12,502.0720000000001,48000.0,26400.0,0.010459833333333337,127329.54599999996,926.2649999999988,0.00394309110314428,0.0,0.0
BC,HG,2023-01-01T00:00:00,M,13,602.3759999999966,48000.0,26999.999999999996,0.012549499999999929,127329.54599999996,926.2649999999988,0.004730842282277491,0.0,0.0
BC,HG,2023-01-01T00:00:00,M,14,703.2040000000015,48000.0,27400.0,0.014650083333333366,127329.54599999996,926.2649999999988,0.005522708767060253,0.0,0.0
BC,HG,2023-01-01T00:00:00,M,15,1004.2560000000012,48000.0,27600.0,0.020922000000000024,127329.54599999996,926.2649999999988,0.00788706181360296,0.0,0.0
BC,HG,2023-01-01T00:00:00,M,16,1606.3359999999957,48000.0,27999.999999999996,0.03346533333333324,127329.54599999996,926.2649999999988,0.012615579419406681,0.0,0.0
BC,HG,2023-01-01T00:00:00,M,17,1509.077999999994,48000.0,28200.0,0.03143912499999987,127329.54599999996,926.2649999999988,0.011851750417770236,0.0,0.0
BC,HG,2023-01-01T00:00:00,M,18,2212.1949999999997,48000.0,29300.0,0.04608739583333333,127329.54599999996,926.2649999999988,0.01737377591843452,0.0,0.0
BC,HG,2023-01-01T00:00:00,M,19,4216.244999999999,48000.0,32700.0,0.08783843749999998,127329.54599999996,926.2649999999988,0.03311285661852592,0.0,0.0
BC,HG,2023-01-01T00:00:00,M,20,3321.3899999999994,48000.0,34300.0,0.06919562499999998,127329.54599999996,926.2649999999988,0.02608499051744047,0.0,0.0
BC,HG,2023-01-01T00:00:00,M,21,2125.839,48000.0,34000.0,0.044288312499999996,127329.54599999996,926.2649999999988,0.016695567264490212,0.0,0.0
BC,HG,2023-01-01T00:00:00,M,22,1432.1779999999999,48000.0,36000.0,0.029837041666666664,127329.54599999996,926.2649999999988,0.011247805752798335,0.0,0.0
BC,HG,2023-01-01T00:00:00,M,23,1237.9600000000064,48000.0,37700.00000000001,0.025790833333333468,127329.54599999996,926.2649999999988,0.00972248813327275,0.0,0.0
BC,HG,2023-01-01T00:00:00,M,24,1241.9229999999952,48000.0,38300.0,0.025873395833333233,127329.54599999996,926.2649999999988,0.009753612095656068,0.0,0.0
BC,HG,2023-01-01T00:00:00,M,25,1444.2679999999964,48000.0,38600.0,0.03008891666666659,127329.54599999996,926.2649999999988,0.01134275622093239,0.0,0.0
BC,HG,2023-01-01T00:00:00,M,26,1647.375,48000.0,39500.0,0.0343203125,127329.54599999996,926.2649999999988,0.012937884817401301,0.0,0.0
BC,HG,2023-01-01T00:00:00,M,27,1850.8199999999997,48000.0,40300.0,0.038558749999999996,127329.54599999996,926.2649999999988,0.014535667943086833,0.0,0.0
BC,HG,2023-01-01T00:00:00,M,28,1854.6270000000077,48000.0,41100.0,0.03863806250000016,127329.54599999996,926.2649999999988,0.014565566738139538,0.0,0.0
BC,HG,2023-01-01T00:00:00,M,29,1858.7560000000012,48000.0,41500.0,0.03872408333333336,127329.54599999996,926.2649999999988,0.01459799440422101,0.0,0.0
BC,HG,2023-01-01T00:00:00,M,30,1663.3580000000002,48000.0,41700.0,0.03465329166666667,127329.54599999996,926.2649999999988,0.013063409493347292,0.0,0.0
BC,HG,2023-01-01T00:00:00,M,31,1569.1900000000023,48000.0,42200.0,0.03269145833333338,127329.54599999996,926.2649999999988,0.012323848229224055,0.0,0.0
BC,HG,2023-01-01T00:00:00,M,32,1474.8020000000033,48000.0,42500.0,0.030725041666666737,127329.54599999996,926.2649999999988,0.011582559165018965,0.0,0.0
BC,HG,2023-01-01T00:00:00,M,33,1380.0950000000012,48000.0,42800.0,0.02875197916666669,127329.54599999996,926.2649999999988,0.010838764790695175,0.0,0.0
BC,HG,2023-01-01T00:00:00,M,34,1383.8440000000046,48000.0,42400.0,0.02883008333333343,127329.54599999996,926.2649999999988,0.010868208074817176,0.0,0.0
BC,HG,2023-01-01T00:00:00,M,35,1185.224000000002,48000.0,41300.0,0.02469216666666671,127329.54599999996,926.2649999999988,0.009308318746381161,0.0,0.0
BC,HG,2023-01-01T00:00:00,M,36,1187.6000000000058,48000.0,41100.0,0.024741666666666787,127329.54599999996,926.2649999999988,0.00932697898726511,0.0,0.0
BC,HG,2023-01-01T00:00:00,M,37,990.9000000000087,48000.0,41300.00000000001,0.020643750000000183,127329.54599999996,926.2649999999988,0.007782168641361597,0.0,0.0
BC,HG,2023-01-01T00:00:00,M,38,892.9669999999969,48000.0,40700.0,0.018603479166666603,127329.54599999996,926.2649999999988,0.007013038434928506,0.0,0.0
BC,HG,2023-01-01T00:00:00,M,39,694.3800000000047,48000.0,39600.0,0.014466250000000097,127329.54599999996,926.2649999999988,0.005453408276504849,0.0,0.0
BC,HG,2023-01-01T00:00:00,M,40,795.5080000000016,48000.0,38600.0,0.016573083333333367,127329.54599999996,926.2649999999988,0.006247630852308245,0.0,0.0
BC,HG,2023-01-01T00:00:00,M,41,697.8359999999957,48000.0,37799.99999999999,0.01453824999999991,127329.54599999996,926.2649999999988,0.005480550445063206,0.0,0.0
BC,HG,2023-01-01T00:00:00,M,42,799.3600000000006,48000.0,36700.0,0.016653333333333346,127329.54599999996,926.2649999999988,0.0062778830610139835,0.0,0.0
BC,HG,2023-01-01T00:00:00,M,43,700.9199999999983,48000.0,35399.99999999999,0.014602499999999964,127329.54599999996,926.2649999999988,0.005504771060755989,0.0,0.0
BC,HG,2023-01-01T00:00:00,M,44,701.564999999995,48000.0,33899.99999999999,0.014615937499999896,127329.54599999996,926.2649999999988,0.005509836656450462,0.0,0.0
BC,HG,2023-01-01T00:00:00,M,45,603.3600000000006,48000.0,32800.0,0.012570000000000012,127329.54599999996,926.2649999999988,0.004738570260825408,0.0,0.0
BC,HG,2023-01-01T00:00:00,M,46,608.8509999999987,48000.0,32800.0,0.012684395833333308,127329.54599999996,926.2649999999988,0.004781694580140881,0.0,0.0
BC,HG,2023-01-01T00:00:00,M,47,512.890000000003,48000.0,32200.0,0.010685208333333397,127329.54599999996,926.2649999999988,0.004028051745350629,0.0,0.0
BC,HG,2023-01-01T00:00:00,M,48,419.30599999999686,48000.0,32199.999999999996,0.008735541666666602,127329.54599999996,926.2649999999988,0.0032930770050809497,0.0,0.0
BC,HG,2023-01-01T00:00:00,M,49,424.81999999999607,48000.0,31900.0,0.008850416666666585,127329.54599999996,926.2649999999988,0.0033363819580413505,0.0,0.0
BC,HG,2023-01-01T00:00:00,M,50,432.1889999999985,48000.0,31999.999999999996,0.009003937499999969,127329.54599999996,926.2649999999988,0.0033942554071464187,0.0,0.0
BC,HG,2023-01-01T00:00:00,M,51,442.4429999999993,48000.0,32600.0,0.009217562499999986,127329.54599999996,926.2649999999988,0.0034747865982338415,0.0,0.0
BC,HG,2023-01-01T00:00:00,M,52,260.18099999999686,48000.0,34400.0,0.005420437499999935,127329.54599999996,926.2649999999988,0.0020433670595196886,0.0,0.0
BC,HG,2023-01-01T00:00:00,M,53,270.77500000000146,48000.0,34600.0,0.0056411458333333634,127329.54599999996,926.2649999999988,0.0021265684870972646,0.0,0.0
BC,HG,2023-01-01T00:00:00,M,54,278.5,48000.0,34100.0,0.005802083333333334,127329.54599999996,926.2649999999988,0.0021872378308801957,0.0,0.0
BC,HG,2023-01-01T00:00:00,M,55,385.02900000000227,48000.0,33300.0,0.008021437500000048,127329.54599999996,926.2649999999988,0.0030238778986929112,0.0,0.0
BC,HG,2023-01-01T00:00:00,M,56,295.15999999999985,48000.0,32900.0,0.006149166666666664,127329.54599999996,926.2649999999988,0.0023180794188962235,0.0,0.0
BC,HG,2023-01-01T00:00:00,M,57,316.19400000000314,48000.0,34200.0,0.006587375000000065,127329.54599999996,926.2649999999988,0.0024832728139940374,0.0,0.0
BC,HG,2023-01-01T00:00:00,M,58,443.0430000000124,48000.0,36100.0,0.009230062500000259,127329.54599999996,926.2649999999988,0.003479498780275338,0.0,0.0
BC,HG,2023-01-01T00:00:00,M,59,271.5,48000.0,37500.0,0.00565625,127329.54599999996,926.2649999999988,0.0021322623737306035,0.0,0.0
BC,HG,2023-01-01T00:00:00,M,60,296.4319999999934,48000.0,38200.0,0.00617566666666653,127329.54599999996,926.2649999999988,0.0023280692448239275,0.0,0.0
BC,HG,2023-01-01T00:00:00,M,61,305.3440000000046,48000.0,36700.0,0.006361333333333429,127329.54599999996,926.2649999999988,0.0023980608554121812,0.0,0.0
BC,HG,2023-01-01T00:00:00,M,62,328.09799999999814,48000.0,36700.0,0.006835374999999961,127329.54599999996,926.2649999999988,0.002576762505695247,0.0,0.0
BC,HG,2023-01-01T00:00:00,M,63,348.2439999999988,48000.0,36200.0,0.007255083333333308,127329.54599999996,926.2649999999988,0.002734981871371778,0.0,0.0
BC,HG,2023-01-01T00:00:00,M,64,264.67200000000594,48000.0,35100.0,0.005514000000000124,127329.54599999996,926.2649999999988,0.002078637742099591,0.0,0.0
BC,HG,2023-01-01T00:00:00,M,65,293.53600000000006,48000.0,35100.0,0.006115333333333335,127329.54599999996,926.2649999999988,0.0023053251128375197,0.0,0.0
BC,HG,2023-01-01T00:00:00,M,66,308.3040000000037,48000.0,33700.0,0.006423000000000078,127329.54599999996,926.2649999999988,0.0024213076201497164,0.0,0.0
BC,HG,2023-01-01T00:00:00,M,67,335.5639999999985,48000.0,33200.0,0.006990916666666635,127329.54599999996,926.2649999999988,0.0026353977575636575,0.0,0.0
BC,HG,2023-01-01T00:00:00,M,68,258.0139999999956,48000.0,32099.999999999996,0.005375291666666574,127329.54599999996,926.2649999999988,0.002026348228713512,0.0,0.0
BC,HG,2023-01-01T00:00:00,M,69,270.93400000000474,48000.0,30400.0,0.005644458333333432,127329.54599999996,926.2649999999988,0.0021278172153382595,0.0,0.0
BC,HG,2023-01-01T00:00:00,M,70,295.2079999999987,48000.0,29399.999999999996,0.00615016666666664,127329.54599999996,926.2649999999988,0.002318456393459526,0.0,0.0
BC,HG,2023-01-01T00:00:00,M,71,217.1639999999934,48000.0,28099.999999999996,0.004524249999999863,127329.54599999996,926.2649999999988,0.0017055271680619475,0.0,0.0
BC,HG,2023-01-01T00:00:00,M,72,144.1640000000043,48000.0,27000.0,0.0030034166666667566,127329.54599999996,926.2649999999988,0.0011322116863591452,0.0,0.0
BC,HG,2023-01-01T00:00:00,M,73,83.1919999999991,48000.0,26400.0,0.0017331666666666478,127329.54599999996,926.2649999999988,0.0006533597473126867,0.0,0.0
BC,HG,2023-01-01T00:00:00,M,74,202.23399999999674,48000.0,24999.999999999996,0.004213208333333265,127329.54599999996,926.2649999999988,0.0015882723715986296,0.0,0.0
BC,HG,2023-01-01T00:00:00,M,75,154.44399999999587,48000.0,24699.999999999996,0.0032175833333332473,127329.54599999996,926.2649999999988,0.0012129470720016226,0.0,0.0
BC,HG,2023-01-01T00:00:00,M,76,92.06399999999485,48000.0,23699.999999999996,0.0019179999999998927,127329.54599999996,926.2649999999988,0.0007230372124313934,0.0,0.0
BC,HG,2023-01-01T00:00:00,M,77,113.08799999999246,48000.0,19099.999999999996,0.002355999999999843,127329.54599999996,926.2649999999988,0.0008881520711618064,0.0,0.0
BC,HG,2023-01-01T00:00:00,M,78,15.939000000005763,48000.0,17300.0,0.0003320625000001201,127329.54599999996,926.2649999999988,0.00012517911592966623,0.0,0.0
BC,HG,2023-01-01T00:00:00,M,79,52.05199999999968,48000.0,16600.0,0.00108441666666666,127329.54599999996,926.2649999999988,0.0004087974993643635,0.0,0.0
BC,HG,2023-01-01T00:00:00,M,80,65.09699999999975,48000.0,15300.0,0.0013561874999999948,127329.54599999996,926.2649999999988,0.0005112481905809966,0.0,0.0
BC,HG,2023-01-01T00:00:00,M,81,47.07999999999993,48000.0,13400.0,0.0009808333333333318,127329.54599999996,926.2649999999988,0.00036974921751468384,0.0,0.0
BC,HG,2023-01-01T00:00:00,M,82,49.60499999999956,48000.0,12100.0,0.001033437499999991,127329.54599999996,926.2649999999988,0.0003895796502722124,0.0,0.0
BC,HG,2023-01-01T00:00:00,M,83,51.93499999999949,48000.0,10900.0,0.001081979166666656,127329.54599999996,926.2649999999988,0.0004078786238662903,0.0,0.0
BC,HG,2023-01-01T00:00:00,M,84,-45.63199999999961,48000.0,9700.0,-0.0009506666666666585,127329.54599999996,926.2649999999988,0.0,0.04926451933301988,0.004704329896907176
BC,HG,2023-01-01T00:00:00,M,85,-56.55199999999968,48000.0,8500.0,-0.00117816666666666,127329.54599999996,926.2649999999988,0.0,0.06105380209767156,0.006653176470588198
BC,HG,2023-01-01T00:00:00,M,86,-53.844999999998436,48000.0,7600.0,-0.0011217708333333008,127329.54599999996,926.2649999999988,0.0,0.058131312313429204,0.007084868421052426
BC,HG,2023-01-01T00:00:00,M,87,-40.31999999999971,48000.0,6900.0,-0.000839999999999994,127329.54599999996,926.2649999999988,0.0,0.043529659438713286,0.005843478260869523
BC,HG,2023-01-01T00:00:00,M,88,-70.08500000000004,48000.0,5800.0,-0.0014601041666666675,127329.54599999996,926.2649999999988,0.0,0.07566409180957946,0.012083620689655178
BC,HG,2023-01-01T00:00:00,M,89,17.652000000000044,48000.0,5100.0,0.0003677500000000009,127329.54599999996,926.2649999999988,0.00013863239565780003,0.0,0.0
BC,HG,2023-01-01T00:00:00,M,90,-5.385000000002037,48000.0,4299.999999999999,-0.00011218750000004244,127329.54599999996,926.2649999999988,0.0,0.005813671033669678,0.0012523255813958229
BC,HG,2023-01-01T00:00:00,M,91,-28.422000000000025,48000.0,3600.0,-0.0005921250000000005,127329.54599999996,926.2649999999988,0.0,0.030684523327557514,0.007895000000000008
BC,HG,2023-01-01T00:00:00,M,92,33.25999999999976,48000.0,2999.9999999999995,0.0006929166666666618,127329.54599999996,926.2649999999988,0.00026121195782791666,0.0,0.0
BC,HG,2023-01-01T00:00:00,M,93,-24.784000000000106,48000.0,2300.0,-0.0005163333333333355,127329.54599999996,926.2649999999988,0.0,0.026756921615304623,0.010775652173913089
BC,HG,2023-01-01T00:00:00,M,94,-86.13599999999951,48000.0,1700.0,-0.00179449999999999,127329.54599999996,926.2649999999988,0.0,0.09299282602710846,0.05066823529411736
BC,HG,2023-01-01T00:00:00,M,95,31.951999999999998,48000.0,1300.0,0.0006656666666666666,127329.54599999996,926.2649999999988,0.00025093940097768047,0.0,0.0
BC,HG,2023-01-01T00:00:00,M,96,47.730999999999995,48000.0,900.0,0.0009943958333333332,127329.54599999996,926.2649999999988,0.00037486193502959643,0.0,0.0
BC,HG,2023-01-01T00:00:00,M,97,-3.94399999999996,48000.0,600.0,-8.216666666666583e-05,127329.54599999996,926.2649999999988,0.0,0.004257960734778886,0.006573333333333267
BC,HG,2023-01-01T00:00:00,M,98,32.815,48000.0,400.0,0.0006836458333333333,127329.54599999996,926.2649999999988,0.0002577170894805516,0.0,0.0
BC,HG,2023-01-01T00:00:00,M,99,14.696000000000083,48000.0,300.0,0.0003061666666666684,127329.54599999996,926.2649999999988,0.00011541704546720121,0.0,0.0
BC,HG,2023-01-01T00:00:00,M,100,261.6459999999999,48000.0,399.9999999999999,0.005450958333333331,127329.54599999996,926.2649999999988,0.0020548726373374486,0.0,0.0
BC,HG,2024-01-01T00:00:00,F,1,378.04767953918054,49400.0,23700.000000000004,0.007652787035206084,123529.63774246705,931.9499409157611,0.0030603803787341245,0.0,0.0
BC,HG,2024-01-01T00:00:00,F,2,403.3794687071495,49400.0,23300.000000000004,0.008165576289618412,123529.63774246705,931.9499409157611,0.0032654468682900995,0.0,0.0
BC,HG,2024-01-01T00:00:00,F,3,402.5382896754454,49400.0,21900.0,0.00814854837399687,123529.63774246705,931.9499409157611,0.003258637336204708,0.0,0.0
BC,HG,2024-01-01T00:00:00,F,4,502.1447556988787,49400.0,22300.000000000004,0.010164873597143294,123529.63774246705,931.9499409157611,0.004064973919422831,0.0,0.0
BC,HG,2024-01-01T00:00:00,F,5,501.99226127889415,49400.0,22999.999999999996,0.01016178666556466,123529.63774246705,931.9499409157611,0.004063739443043142,0.0,0.0
BC,HG,2024-01-01T00:00:00,F,6,601.8417345733724,49400.0,24000.0,0.012183031064238308,123529.63774246705,931.9499409157611,0.004872043224380566,0.0,0.0
BC,HG,2024-01-01T00:00:00,F,7,601.6597252793363,49400.0,24699.999999999996,0.012179346665573609,123529.63774246705,931.9499409157611,0.004870569818505163,0.0,0.0
BC,HG,2024-01-01T00:00:00,F,8,601.4344274250252,49400.0,24900.0,0.012174785980263668,123529.63774246705,931.9499409157611,0.004868745982068592,0.0,0.0
BC,HG,2024-01-01T00:00:00,F,9,501.4521364055763,49400.0,25100.0,0.010150852963675634,123529.63774246705,931.9499409157611,0.004059367011591154,0.0,0.0
BC,HG,2024-01-01T00:00:00,F,10,501.46984538613106,49400.0,25400.0,0.010151211445063382,123529.63774246705,931.9499409157611,0.004059510369742917,0.0,0.0
BC,HG,2024-01-01T00:00:00,F,11,501.4934573602077,49400.0,25800.0,0.010151689420247119,123529.63774246705,931.9499409157611,0.0040597015139452975,0.0,0.0
BC,HG,2024-01-01T00:00:00,F,12,501.7423672019577,49400.0,25800.0,0.010156728081011288,123529.63774246705,931.9499409157611,0.00406171649469242,0.0,0.0
BC,HG,2024-01-01T00:00:00,F,13,501.9755358030634,49400.0,25600.0,0.01016144809317942,123529.63774246705,931.9499409157611,0.004063604046581723,0.0,0.0
BC,HG,2024-01-01T00:00:00,F,14,702.2667506106554,49400.0,26300.0,0.01421592612572177,123529.63774246705,931.9499409157611,0.005685006152731799,0.0,0.0
BC,HG,2024-01-01T00:00:00,F,15,1203.0695596075202,49400.0,27200.0,0.02435363480986883,123529.63774246705,931.9499409157611,0.009739116713963525,0.0,0.0
BC,HG,2024-01-01T00:00:00,F,16,2004.482347717243,49400.0,28800.0,0.04057656574326403,123529.63774246705,931.9499409157611,0.016226732178201326,0.0,0.0
BC,HG,2024-01-01T00:00:00,F,17,1706.493311768394,49400.0,29200.0,0.0345443990236517,123529.63774246705,931.9499409157611,0.013814444395328583,0.0,0.0
BC,HG,2024-01-01T00:00:00,F,18,2308.205192831043,49400.0,30099.999999999996,0.04672480147431261,123529.63774246705,931.9499409157611,0.018685436426545333,0.0,0.0
BC,HG,2024-01-01T00:00:00,F,19,4410.27125854429,49400.0,33400.0,0.08927674612437833,123529.63774246705,931.9499409157611,0.035702130591030834,0.0,0.0
BC,HG,2024-01-01T00:00:00,F,20,3112.9482895580877,49400.0,35200.0,0.06301514756190461,123529.63774246705,931.9499409157611,0.025200011482652617,0.0,0.0
BC,HG,2024-01-01T00:00:00,F,21,1814.5214556251522,49400.0,34600.0,0.03673120355516502,123529.63774246705,931.9499409157611,0.014688956341052682,0.0,0.0
BC,HG,2024-01-01T00:00:00,F,22,1015.3478873737367,49400.0,33500.0,0.020553600958982524,123529.63774246705,931.9499409157611,0.008219467861554978,0.0,0.0
BC,HG,2024-01-01T00:00:00,F,23,1217.2604786343072,49400.0,35600.0,0.024640900377212695,123529.63774246705,931.9499409157611,0.00985399537212305,0.0,0.0
BC,HG,2024-01-01T00:00:00,F,24,1418.5630880179306,49400.0,37000.0,0.028715851984168636,123529.63774246705,931.9499409157611,0.011483584943196644,0.0,0.0
BC,HG,2024-01-01T00:00:00,F,25,1718.7716620405918,49400.0,37699.99999999999,0.034792948624303474,123529.63774246705,931.9499409157611,0.013913840382369324,0.0,0.0
BC,HG,2024-01-01T00:00:00,F,26,1619.03237956894,49400.0,38100.0,0.03277393480908786,123529.63774246705,931.9499409157611,0.01310642862034678,0.0,0.0
BC,HG,2024-01-01T00:00:00,F,27,1819.3914842056183,49400.0,38300.0,0.03682978712966839,123529.63774246705,931.9499409157611,0.01472838030982218,0.0,0.0
BC,HG,2024-01-01T00:00:00,F,28,1720.6163682004335,49400.0,39800.0,0.03483029085425979,123529.63774246705,931.9499409157611,0.013928773690630841,0.0,0.0
BC,HG,2024-01-01T00:00:00,F,29,1721.5342979286725,49400.0,40100.0,0.03484887242770592,123529.63774246705,931.9499409157611,0.01393620453674206,0.0,0.0
BC,HG,2024-01-01T00:00:00,F,30,1622.6381741398727,49400.0,40600.0,0.032846926602021716,123529.63774246705,931.9499409157611,0.01313561833252298,0.0,0.0
BC,HG,2024-01-01T00:00:00,F,31,1524.2772644955548,49400.0,41300.0,0.03085581507076022,123529.63774246705,931.9499409157611,0.01233936480630946,0.0,0.0
BC,HG,2024-01-01T00:00:00,F,32,1226.5578254837746,49400.0,42099.99999999999,0.024829105779023777,123529.63774246705,931.9499409157611,0.00992925947083959,0.0,0.0
BC,HG,2024-01-01T00:00:00,F,33,1228.3740157931388,49400.0,42400.0,0.024865870765043294,123529.63774246705,931.9499409157611,0.009943961936924293,0.0,0.0
BC,HG,2024-01-01T00:00:00,F,34,1230.6959087530267,49400.0,42800.0,0.024912872646822404,123529.63774246705,931.9499409157611,0.009962758178881453,0.0,0.0
BC,HG,2024-01-01T00:00:00,F,35,1132.4274990523845,49400.0,42300.0,0.022923633584056368,123529.63774246705,931.9499409157611,0.009167253460365959,0.0,0.0
BC,HG,2024-01-01T00:00:00,F,36,1134.9225670250744,49400.0,41900.0,0.02297414103289624,123529.63774246705,931.9499409157611,0.009187451592719359,0.0,0.0
BC,HG,2024-01-01T00:00:00,F,37,937.1775821603151,49400.0,41100.0,0.01897120611660557,123529.63774246705,931.9499409157611,0.007586661786494755,0.0,0.0
BC,HG,2024-01-01T00:00:00,F,38,840.1449078926016,49400.0,41200.0,0.01700698194114578,123529.63774246705,931.9499409157611,0.006801160622231602,0.0,0.0
BC,HG,2024-01-01T00:00:00,F,39,741.4022982970273,49400.0,40400.0,0.015008143690223224,123529.63774246705,931.9499409157611,0.006001817149684297,0.0,0.0
BC,HG,2024-01-01T00:00:00,F,40,742.9184430099776,49400.0,40000.0,0.015038834878744486,123529.63774246705,931.9499409157611,0.006014090679669961,0.0,0.0
BC,HG,2024-01-01T00:00:00,F,41,643.8993688115079,49400.0,39400.0,0.013034400178370605,123529.63774246705,931.9499409157611,0.00521250916443146,0.0,0.0
BC,HG,2024-01-01T00:00:00,F,42,644.9580200499477,49400.0,39000.0,0.013055830365383556,123529.63774246705,931.9499409157611,0.00522107918258894,0.0,0.0
BC,HG,2024-01-01T00:00:00,F,43,644.8960665225459,49400.0,37700.0,0.013054576245395666,123529.63774246705,931.9499409157611,0.005220577654951248,0.0,0.0
BC,HG,2024-01-01T00:00:00,F,44,545.9655495736952,49400.0,37000.0,0.011051934201896664,123529.63774246705,931.9499409157611,0.004419713030422034,0.0,0.0
BC,HG,2024-01-01T00:00:00,F,45,546.010851387131,49400.0,35399.99999999999,0.011052851242654474,123529.63774246705,931.9499409157611,0.004420079758717071,0.0,0.0
BC,HG,2024-01-01T00:00:00,F,46,547.0272243653017,49400.0,34400.0,0.011073425594439305,123529.63774246705,931.9499409157611,0.004428307524917516,0.0,0.0
BC,HG,2024-01-01T00:00:00,F,47,449.070744099241,49400.0,34100.00000000001,0.009090500892697187,123529.63774246705,931.9499409157611,0.003635327944824526,0.0,0.0
BC,HG,2024-01-01T00:00:00,F,48,352.6727133260574,49400.0,34400.00000000001,0.007139123751539624,123529.63774246705,931.9499409157611,0.002854964361356785,0.0,0.0
BC,HG,2024-01-01T00:00:00,F,49,355.37053675782226,49400.0,34000.00000000001,0.007193735561899236,123529.63774246705,931.9499409157611,0.002876803844423911,0.0,0.0
BC,HG,2024-01-01T00:00:00,F,50,359.1732622179188,49400.0,33900.00000000001,0.007270713810079328,123529.63774246705,931.9499409157611,0.002907587756119859,0.0,0.0
BC,HG,2024-01-01T00:00:00,F,51,264.37113911724737,49400.0,34100.0,0.005351642492251971,123529.63774246705,931.9499409157611,0.0021401434016054093,0.0,0.0
BC,HG,2024-01-01T00:00:00,F,52,370.19282081949495,49400.0,34600.00000000001,0.007493781797965485,123529.63774246705,931.9499409157611,0.0029967935435159946,0.0,0.0
BC,HG,2024-01-01T00:00:00,F,53,281.10211895911925,49400.0,37000.0,0.005690326294719013,123529.63774246705,931.9499409157611,0.0022755844192238078,0.0,0.0
BC,HG,2024-01-01T00:00:00,F,54,288.0957015135864,49400.0,37200.0,0.0058318967917730035,123529.63774246705,931.9499409157611,0.002332199031573334,0.0,0.0
BC,HG,2024-01-01T00:00:00,F,55,295.1188717175901,49400.0,37100.00000000001,0.005974066229101013,123529.63774246705,931.9499409157611,0.0023890531625523747,0.0,0.0
BC,HG,2024-01-01T00:00:00,F,56,299.75326829036203,49400.0,35900.00000000001,0.006067879924906114,123529.63774246705,931.9499409157611,0.0024265696376061887,0.0,0.0
BC,HG,2024-01-01T00:00:00,F,57,305.4562255937999,49400.0,35000.0,0.006183324404732791,123529.63774246705,931.9499409157611,0.0024727363503697065,0.0,0.0
BC,HG,2024-01-01T00:00:00,F,58,219.28811628385301,49400.0,36400.0,0.004439030694005122,123529.63774246705,931.9499409157611,0.0017751862653480938,0.0,0.0
BC,HG,2024-01-01T00:00:00,F,59,335.0033514835959,49400.0,38000.00000000001,0.006781444362016112,123529.63774246705,931.9499409157611,0.002711926931915776,0.0,0.0
BC,HG,2024-01-01T00:00:00,F,60,355.4592342667529,49400.0,40099.99999999999,0.007195531058031435,123529.63774246705,931.9499409157611,0.0028775218705636425,0.0,0.0
BC,HG,2024-01-01T00:00:00,F,61,269.62433651814354,49400.0,40100.00000000001,0.005457982520610193,123529.63774246705,931.9499409157611,0.0021826692075326308,0.0,0.0
BC,HG,2024-01-01T00:00:00,F,62,278.4166357876602,49400.0,38600.0,0.005635964287199599,123529.63774246705,931.9499409157611,0.002253844833319268,0.0,0.0
BC,HG,2024-01-01T00:00:00,F,63,296.6055412087444,49400.0,38900.00000000001,0.00600416075321345,123529.63774246705,931.9499409157611,0.0024010880840361864,0.0,0.0
BC,HG,2024-01-01T00:00:00,F,64,314.20354258132284,49400.0,38700.00000000001,0.006360395598812203,123529.63774246705,931.9499409157611,0.002543547834539677,0.0,0.0
BC,HG,2024-01-01T00:00:00,F,65,231.06603089073906,49400.0,38000.00000000001,0.004677450018031155,123529.63774246705,931.9499409157611,0.0018705311139377131,0.0,0.0
BC,HG,2024-01-01T00:00:00,F,66,250.83364264148986,49400.0,37600.0,0.00507760410205445,123529.63774246705,931.9499409157611,0.0020305543448967647,0.0,0.0
BC,HG,2024-01-01T00:00:00,F,67,268.29359800150996,49400.0,36600.00000000001,0.005431044493957692,123529.63774246705,931.9499409157611,0.0021718965821048136,0.0,0.0
BC,HG,2024-01-01T00:00:00,F,68,290.46551025610097,49400.0,36000.0,0.0058798686286660115,123529.63774246705,931.9499409157611,0.0023513831624897953,0.0,0.0
BC,HG,2024-01-01T00:00:00,F,69,314.88778246469883,49400.0,35400.0,0.006374246608597142,123529.63774246705,931.9499409157611,0.002549086909176992,0.0,0.0
BC,HG,2024-01-01T00:00:00,F,70,233.5529030000689,49400.0,33900.0,0.004727791558705848,123529.63774246705,931.9499409157611,0.0018906628989471895,0.0,0.0
BC,HG,2024-01-01T00:00:00,F,71,249.93533250321707,49400.0,32200.0,0.00505941968629994,123529.63774246705,931.9499409157611,0.002023282323747107,0.0,0.0
BC,HG,2024-01-01T00:00:00,F,72,170.34964995520932,49400.0,30699.999999999996,0.0034483734808746823,123529.63774246705,931.9499409157611,0.001379018453129054,0.0,0.0
BC,HG,2024-01-01T00:00:00,F,73,195.58843380547478,49400.0,29600.000000000004,0.003959280036548073,123529.63774246705,931.9499409157611,0.0015833320438714063,0.0,0.0
BC,HG,2024-01-01T00:00:00,F,74,132.8173085865019,49400.0,29100.0,0.0026886094855567183,123529.63774246705,931.9499409157611,0.0010751857692920435,0.0,0.0
BC,HG,2024-01-01T00:00:00,F,75,152.77942842846824,49400.0,27399.999999999996,0.003092700980333365,123529.63774246705,931.9499409157611,0.0012367835866804754,0.0,0.0
BC,HG,2024-01-01T00:00:00,F,76,94.40875135688111,49400.0,26800.0,0.0019111083270623706,123529.63774246705,931.9499409157611,0.0007642599224139491,0.0,0.0
BC,HG,2024-01-01T00:00:00,F,77,34.18546608662655,49400.0,25900.0,0.0006920134835349504,123529.63774246705,931.9499409157611,0.00027673898111719514,0.0,0.0
BC,HG,2024-01-01T00:00:00,F,78,-19.519435642389,49400.0,20800.0,-0.0003951302761617206,123529.63774246705,931.9499409157611,0.0,0.02094472544652842,0.0009384344058840865
BC,HG,2024-01-01T00:00:00,F,79,88.43026212424957,49400.0,19000.0,0.0017900862778188172,123529.63774246705,931.9499409157611,0.0007158627171611059,0.0,0.0
BC,HG,2024-01-01T00:00:00,F,80,23.41786181608404,49400.0,18100.0,0.0004740457857506891,123529.63774246705,931.9499409157611,0.00018957282028872528,0.0,0.0
BC,HG,2024-01-01T00:00:00,F,81,-58.21893653712323,49400.0,16600.0,-0.0011785209825328589,123529.63774246705,931.9499409157611,0.0,0.062470025460719066,0.0035071648516339293
BC,HG,2024-01-01T00:00:00,F,82,-56.36986631432046,49400.0,14799.999999999998,-0.001141090411221062,123529.63774246705,931.9499409157611,0.0,0.06048593796672146,0.0038087747509675993
BC,HG,2024-01-01T00:00:00,F,83,66.35571960035668,49400.0,13800.000000000002,0.001343233190290621,123529.63774246705,931.9499409157611,0.0005371643664874514,0.0,0.0
BC,HG,2024-01-01T00:00:00,F,84,69.62173012671337,49400.0,12300.0,0.0014093467636986513,123529.63774246705,931.9499409157611,0.000563603450953688,0.0,0.0
BC,HG,2024-01-01T00:00:00,F,85,-19.314061017676067,49400.0,10999.999999999998,-0.00039097289509465726,123529.63774246705,931.9499409157611,0.0,0.020724354570694548,0.0017558237288796427
BC,HG,2024-01-01T00:00:00,F,86,9.079395792165087,49400.0,10200.000000000002,0.00018379343708836208,123529.63774246705,931.9499409157611,7.349973624219389e-05,0.0,0.0
BC,HG,2024-01-01T00:00:00,F,87,-63.879039907607876,49400.0,9300.0,-0.001293097973838216,123529.63774246705,931.9499409157611,0.0,0.06854342395777017,0.006868713968559987
BC,HG,2024-01-01T00:00:00,F,88,-53.3027771148827,49400.0,8300.0,-0.0010790035853215122,123529.63774246705,931.9499409157611,0.0,0.057194892960136724,0.0064220213391424944
BC,HG,2024-01-01T00:00:00,F,89,41.990585137351445,49400.0,7300.000000000001,0.0008500118448856568,123529.63774246705,931.9499409157611,0.0003399231626089025,0.0,0.0
BC,HG,2024-01-01T00:00:00,F,90,-55.798251343892844,49400.0,6299.999999999999,-0.0011295192579735393,123529.63774246705,931.9499409157611,0.0,0.05987258423887431,0.008856865292681405
BC,HG,2024-01-01T00:00:00,F,91,-32.11798088849173,49400.0,5700.0,-0.000650161556447201,123529.63774246705,931.9499409157611,0.0,0.03446320395377853,0.0056347334892090754
BC,HG,2024-01-01T00:00:00,F,92,-62.09130034365171,49400.0,4700.000000000001,-0.0012569089138391035,123529.63774246705,931.9499409157611,0.0,0.06662514542641527,0.013210914966734403
BC,HG,2024-01-01T00:00:00,F,93,-61.31985946959048,49400.0,4100.0,-0.0012412927018135725,123529.63774246705,931.9499409157611,0.0,0.06579737470591586,0.014956063285265971
BC,HG,2024-01-01T00:00:00,F,94,-18.278366571445986,49400.0,3300.0000000000005,-0.0003700074204746151,123529.63774246705,931.9499409157611,0.0,0.019613034744639966,0.005538898961044238
BC,HG,2024-01-01T00:00:00,F,95,-67.56247800247593,49400.0,2600.0,-0.0013676614980258285,123529.63774246705,931.9499409157611,0.0,0.07249582304397924,0.02598556846249074
BC,HG,2024-01-01T00:00:00,F,96,-22.578141304222754,49400.0,2100.0,-0.000457047394822323,123529.63774246705,931.9499409157611,0.0,0.02422677475791974,0.010751495859153692
BC,HG,2024-01-01T00:00:00,F,97,-74.71933000311833,49400.0,1600.0,-0.001512537044597537,123529.63774246705,931.9499409157611,0.0,0.08017526126960955,0.04669958125194896
BC,HG,2024-01-01T00:00:00,F,98,-44.08355573669587,49400.0,1200.0,-0.0008923796707833172,123529.63774246705,931.9499409157611,0.0,0.047302493193334065,0.03673629644724656
BC,HG,2024-01-01T00:00:00,F,99,-8.032397486667492,49400.0,900.0,-0.00016259913940622453,123529.63774246705,931.9499409157611,0.0,0.008618915173463743,0.008924886096297213
BC,HG,2024-01-01T00:00:00,F,100,1111.9546387779008,49400.0,1700.0000000000002,0.022509203214127544,123529.63774246705,931.9499409157611,0.009001521085134962,0.0,0.0
BC,HG,2024-01-01T00:00:00,M,1,486.1389359532004,49400.0,24999.999999999996,0.00984086914885021,123529.63774246705,931.9499409157611,0.003935403234701428,0.0,0.0
BC,HG,2024-01-01T00:00:00,M,2,405.48153752523285,49400.0,24699.999999999996,0.00820812828998447,123529.63774246705,931.9499409157611,0.0032824635847356356,0.0,0.0
BC,HG,2024-01-01T00:00:00,M,3,503.5935456171501,49400.0,23400.0,0.01019420132828239,123529.63774246705,931.9499409157611,0.004076702197306166,0.0,0.0
BC,HG,2024-01-01T00:00:00,M,4,502.55686801728007,49400.0,24199.999999999996,0.010173215951766804,123529.63774246705,931.9499409157611,0.004068310060659321,0.0,0.0
BC,HG,2024-01-01T00:00:00,M,5,602.1184629048948,49400.0,24600.000000000004,0.012188632852325807,123529.63774246705,931.9499409157611,0.004874283402013883,0.0,0.0
BC,HG,2024-01-01T00:00:00,M,6,601.7026158279332,49400.0,25400.0,0.01218021489530229,123529.63774246705,931.9499409157611,0.004870917027072926,0.0,0.0
BC,HG,2024-01-01T00:00:00,M,7,601.5123462567717,49400.0,26300.000000000004,0.012176363284550035,123529.63774246705,931.9499409157611,0.004869376752409787,0.0,0.0
BC,HG,2024-01-01T00:00:00,M,8,601.5300001041214,49400.0,26600.0,0.012176720649881,123529.63774246705,931.9499409157611,0.004869519664245946,0.0,0.0
BC,HG,2024-01-01T00:00:00,M,9,501.5829616461888,49400.0,27400.0,0.010153501247898558,123529.63774246705,931.9499409157611,0.004060426071125395,0.0,0.0
BC,HG,2024-01-01T00:00:00,M,10,501.5711924146199,49400.0,27200.0,0.010153263004344533,123529.63774246705,931.9499409157611,0.004060330796567937,0.0,0.0
BC,HG,2024-01-01T00:00:00,M,11,501.58884626197323,49400.0,27500.0,0.010153620369675572,123529.63774246705,931.9499409157611,0.004060473708404124,0.0,0.0
BC,HG,2024-01-01T00:00:00,M,12,502.0949240252812,49400.0,27200.0,0.01016386485881136,123529.63774246705,931.9499409157611,0.00406457052089833,0.0,0.0
BC,HG,2024-01-01T00:00:00,M,13,502.3303091953785,49400.0,26900.0,0.010168629740797136,123529.63774246705,931.9499409157611,0.004066476016408548,0.0,0.0
BC,HG,2024-01-01T00:00:00,M,14,703.1776961907308,49400.0,27700.0,0.01423436631965042,123529.63774246705,931.9499409157611,0.00569238046060417,0.0,0.0
BC,HG,2024-01-01T00:00:00,M,15,1104.2997008694256,49400.0,28500.0,0.022354244956870963,123529.63774246705,931.9499409157611,0.008939552653523156,0.0,0.0
BC,HG,2024-01-01T00:00:00,M,16,1806.49663831637,49400.0,29400.0,0.03656875786065526,123529.63774246705,931.9499409157611,0.014623993653106394,0.0,0.0
BC,HG,2024-01-01T00:00:00,M,17,1709.336973991194,49400.0,29700.0,0.03460196303625899,123529.63774246705,931.9499409157611,0.01383746447597294,0.0,0.0
BC,HG,2024-01-01T00:00:00,M,18,2412.4460557361563,49400.0,30600.000000000004,0.048834940399517336,123529.63774246705,931.9499409157611,0.019529289487317948,0.0,0.0
BC,HG,2024-01-01T00:00:00,M,19,4616.379988696761,49400.0,33900.0,0.0934489876254405,123529.63774246705,931.9499409157611,0.037370626782869135,0.0,0.0
BC,HG,2024-01-01T00:00:00,M,20,3622.1293657807546,49400.0,36300.0,0.07332245679718127,123529.63774246705,931.9499409157611,0.029321945987829428,0.0,0.0
BC,HG,2024-01-01T00:00:00,M,21,2127.2491064310234,49400.0,36400.0,0.04306172280224744,123529.63774246705,931.9499409157611,0.017220556502123677,0.0,0.0
BC,HG,2024-01-01T00:00:00,M,22,1331.012444078784,49400.0,35300.0,0.026943571742485507,123529.63774246705,931.9499409157611,0.01077484293165063,0.0,0.0
BC,HG,2024-01-01T00:00:00,M,23,1136.720694581927,49400.0,37100.0,0.02301054037615237,123529.63774246705,931.9499409157611,0.009202007836789317,0.0,0.0
BC,HG,2024-01-01T00:00:00,M,24,1141.782612649622,49400.0,38800.0,0.023113008353231216,123529.63774246705,931.9499409157611,0.009242985193804221,0.0,0.0
BC,HG,2024-01-01T00:00:00,M,25,1344.701493725588,49400.0,39600.00000000001,0.027220678010639435,123529.63774246705,931.9499409157611,0.010885658845118641,0.0,0.0
BC,HG,2024-01-01T00:00:00,M,26,1447.3232016395632,49400.0,40000.0,0.0292980405190195,123529.63774246705,931.9499409157611,0.01171640448470288,0.0,0.0
BC,HG,2024-01-01T00:00:00,M,27,1651.1385503688725,49400.0,41100.0,0.03342385729491645,123529.63774246705,931.9499409157611,0.013366335241840053,0.0,0.0
BC,HG,2024-01-01T00:00:00,M,28,1654.941159044116,49400.0,41900.0,0.03350083317903069,123529.63774246705,931.9499409157611,0.013397118208136539,0.0,0.0
BC,HG,2024-01-01T00:00:00,M,29,1559.659864094523,49400.0,42600.0,0.03157206202620492,123529.63774246705,931.9499409157611,0.012625794850512566,0.0,0.0
BC,HG,2024-01-01T00:00:00,M,30,1464.3109228020476,49400.0,42900.0,0.02964192151421149,123529.63774246705,931.9499409157611,0.011853923880638455,0.0,0.0
BC,HG,2024-01-01T00:00:00,M,31,1469.528928460204,49400.0,43100.0,0.029747549159113443,123529.63774246705,931.9499409157611,0.011896164801550365,0.0,0.0
BC,HG,2024-01-01T00:00:00,M,32,1375.329554886157,49400.0,43500.00000000001,0.02784067924870763,123529.63774246705,931.9499409157611,0.011133599839039646,0.0,0.0
BC,HG,2024-01-01T00:00:00,M,33,1180.450494915749,49400.0,43600.0,0.02389575900639168,123529.63774246705,931.9499409157611,0.00955601033475656,0.0,0.0
BC,HG,2024-01-01T00:00:00,M,34,1285.6361898515388,49400.0,44000.0,0.02602502408606354,123529.63774246705,931.9499409157611,0.010407512021785541,0.0,0.0
BC,HG,2024-01-01T00:00:00,M,35,1088.1628834189687,49400.0,43400.0,0.022027588733177506,123529.63774246705,931.9499409157611,0.00880892151313158,0.0,0.0
BC,HG,2024-01-01T00:00:00,M,36,1088.7112746080093,49400.0,42300.0,0.0220386897693929,123529.63774246705,931.9499409157611,0.008813360862255098,0.0,0.0
BC,HG,2024-01-01T00:00:00,M,37,890.7004608884017,49400.0,41900.0,0.018030373702194367,123529.63774246705,931.9499409157611,0.0072104191120945585,0.0,0.0
BC,HG,2024-01-01T00:00:00,M,38,794.3825691255988,49400.0,42000.0,0.016080618808210503,123529.63774246705,931.9499409157611,0.006430704271809791,0.0,0.0
BC,HG,2024-01-01T00:00:00,M,39,596.604275785161,49400.0,41200.0,0.012077009631278562,123529.63774246705,931.9499409157611,0.004829644826037244,0.0,0.0
BC,HG,2024-01-01T00:00:00,M,40,797.8775603608447,49400.0,40300.0,0.01615136761864058,123529.63774246705,931.9499409157611,0.006458997006242738,0.0,0.0
BC,HG,2024-01-01T00:00:00,M,41,699.5706589116235,49400.0,39200.0,0.014161349370680637,123529.63774246705,931.9499409157611,0.005663180688427818,0.0,0.0
BC,HG,2024-01-01T00:00:00,M,42,702.3270127048163,49400.0,38399.99999999999,0.01421714600617037,123529.63774246705,931.9499409157611,0.005685493987839731,0.0,0.0
BC,HG,2024-01-01T00:00:00,M,43,604.3889779009623,49400.0,37200.0,0.012234594694351465,123529.63774246705,931.9499409157611,0.004892663727881923,0.0,0.0
BC,HG,2024-01-01T00:00:00,M,44,705.8997506325541,49400.0,36000.0,0.01428946863628652,123529.63774246705,931.9499409157611,0.005714416099108171,0.0,0.0
BC,HG,2024-01-01T00:00:00,M,45,506.40027869751066,49400.0,34300.0,0.010251017787399001,123529.63774246705,931.9499409157611,0.004099423328296706,0.0,0.0
BC,HG,2024-01-01T00:00:00,M,46,608.4172166330391,49400.0,33300.0,0.012316137988523058,123529.63774246705,931.9499409157611,0.004925273219868573,0.0,0.0
BC,HG,2024-01-01T00:00:00,M,47,414.2084425794783,49400.0,33100.0,0.008384786287033973,123529.63774246705,931.9499409157611,0.0033531098297480202,0.0,0.0
BC,HG,2024-01-01T00:00:00,M,48,518.1204447266573,49400.0,32599.999999999993,0.010488268111875653,123529.63774246705,931.9499409157611,0.004194300689255059,0.0,0.0
BC,HG,2024-01-01T00:00:00,M,49,424.7533799909288,49400.0,32499.999999999993,0.008598246558520825,123529.63774246705,931.9499409157611,0.003438473452633683,0.0,0.0
BC,HG,2024-01-01T00:00:00,M,50,430.4751874043541,49400.0,32199.999999999996,0.008714072619521337,123529.63774246705,931.9499409157611,0.00348479276124652,0.0,0.0
BC,HG,2024-01-01T00:00:00,M,51,338.4177430964446,49400.0,32200.0,0.006850561601142603,123529.63774246705,931.9499409157611,0.002739567194408628,0.0,0.0
BC,HG,2024-01-01T00:00:00,M,52,249.3275185994753,49400.0,32699.999999999996,0.005047115761122982,123529.63774246705,931.9499409157611,0.002018361934479805,0.0,0.0
BC,HG,2024-01-01T00:00:00,M,53,367.02110327629634,49400.0,34600.0,0.007429576989398712,123529.63774246705,931.9499409157611,0.002971117781802753,0.0,0.0
BC,HG,2024-01-01T00:00:00,M,54,278.17452708721976,49400.0,34699.99999999999,0.005631063301360724,123529.63774246705,931.9499409157611,0.0022518849093296485,0.0,0.0
BC,HG,2024-01-01T00:00:00,M,55,286.9731477221503,49400.0,34200.0,0.005809173030812759,123529.63774246705,931.9499409157611,0.002323111707980785,0.0,0.0
BC,HG,2024-01-01T00:00:00,M,56,194.3467395132102,49400.0,33299.99999999999,0.003934144524558911,123529.63774246705,931.9499409157611,0.0015732802513222107,0.0,0.0
BC,HG,2024-01-01T00:00:00,M,57,304.5994554071003,49400.0,33000.0,0.0061659808786862415,123529.63774246705,931.9499409157611,0.0024658006044033353,0.0,0.0
BC,HG,2024-01-01T00:00:00,M,58,327.1107462087675,49400.0,34299.99999999999,0.0066216750244689785,123529.63774246705,931.9499409157611,0.0026480345299054763,0.0,0.0
BC,HG,2024-01-01T00:00:00,M,59,256.37318789774145,49400.0,36099.99999999999,0.005189740645703268,123529.63774246705,931.9499409157611,0.0020753982006506393,0.0,0.0
BC,HG,2024-01-01T00:00:00,M,60,285.4461359517736,49400.0,37500.0,0.005778261861371935,123529.63774246705,931.9499409157611,0.0023107502067387905,0.0,0.0
BC,HG,2024-01-01T00:00:00,M,61,411.7615461354071,49400.0,38300.0,0.00833525397035237,123529.63774246705,931.9499409157611,0.0033333016566748307,0.0,0.0
BC,HG,2024-01-01T00:00:00,M,62,321.843409034409,49400.0,36700.0,0.006515048765878724,123529.63774246705,931.9499409157611,0.0026053942593548592,0.0,0.0
BC,HG,2024-01-01T00:00:00,M,63,346.3281982714252,49400.0,36700.0,0.0070106922727009155,123529.63774246705,931.9499409157611,0.0028036040953462976,0.0,0.0
BC,HG,2024-01-01T00:00:00,M,64,267.89274636829214,49400.0,36099.99999999999,0.0054229300884269666,123529.63774246705,931.9499409157611,0.0021686515986292405,0.0,0.0
BC,HG,2024-01-01T00:00:00,M,65,284.9538517464971,49400.0,35000.0,0.005768296594058646,123529.63774246705,931.9499409157611,0.002306765056176762,0.0,0.0
BC,HG,2024-01-01T00:00:00,M,66,315.95018222051294,49400.0,35000.0,0.0063957526765286024,123529.63774246705,931.9499409157611,0.002557687272419609,0.0,0.0
BC,HG,2024-01-01T00:00:00,M,67,232.42746257208637,49400.0,33499.99999999999,0.004705009363807416,123529.63774246705,931.9499409157611,0.0018815522073872511,0.0,0.0
BC,HG,2024-01-01T00:00:00,M,68,261.848063409052,49400.0,33000.0,0.005300568085203481,123529.63774246705,931.9499409157611,0.002119718540379349,0.0,0.0
BC,HG,2024-01-01T00:00:00,M,69,284.6615576217009,49400.0,31900.0,0.005762379708941314,123529.63774246705,931.9499409157611,0.002304398869971266,0.0,0.0
BC,HG,2024-01-01T00:00:00,M,70,198.97138631614143,49400.0,30100.0,0.004027760856602053,123529.63774246705,931.9499409157611,0.0016107177998121742,0.0,0.0
BC,HG,2024-01-01T00:00:00,M,71,225.2617287977846,49400.0,29099.999999999996,0.004559954024246652,123529.63774246705,931.9499409157611,0.0018235439924741564,0.0,0.0
BC,HG,2024-01-01T00:00:00,M,72,147.54249790884933,49400.0,27700.0,0.0029866902410698244,123529.63774246705,931.9499409157611,0.0011943894647893647,0.0,0.0
BC,HG,2024-01-01T00:00:00,M,73,174.34192319236536,49400.0,26599.999999999996,0.003529188728590392,123529.63774246705,931.9499409157611,0.0014113367964037188,0.0,0.0
BC,HG,2024-01-01T00:00:00,M,74,214.18600947670348,49400.0,25999.999999999996,0.004335749179690354,123529.63774246705,931.9499409157611,0.0017338835715137093,0.0,0.0
BC,HG,2024-01-01T00:00:00,M,75,137.08192267651248,49400.0,24500.0,0.002774937706002277,123529.63774246705,931.9499409157611,0.001109708772580545,0.0,0.0
BC,HG,2024-01-01T00:00:00,M,76,90.30534670313136,49400.0,24099.999999999996,0.001828043455528975,123529.63774246705,931.9499409157611,0.0007310419455078364,0.0,0.0
BC,HG,2024-01-01T00:00:00,M,77,127.51640229050827,49400.0,23100.0,0.0025813036900912607,123529.63774246705,931.9499409157611,0.0010322737492062656,0.0,0.0
BC,HG,2024-01-01T00:00:00,M,78,145.0180943305386,49400.0,18600.0,0.0029355889540594858,123529.63774246705,931.9499409157611,0.0011739538541582254,0.0,0.0
BC,HG,2024-01-01T00:00:00,M,79,43.69924365396946,49400.0,16700.0,0.0008846000739669932,123529.63774246705,931.9499409157611,0.0003537551348209493,0.0,0.0
BC,HG,2024-01-01T00:00:00,M,80,81.57214014912279,49400.0,15999.999999999998,0.001651257897755522,123529.63774246705,931.9499409157611,0.0006603446884478306,0.0,0.0
BC,HG,2024-01-01T00:00:00,M,81,94.18295675361878,49400.0,14700.0,0.0019065375861056434,123529.63774246705,931.9499409157611,0.000762432064683701,0.0,0.0
BC,HG,2024-01-01T00:00:00,M,82,72.89023624112087,49400.0,12800.0,0.0014755108550834185,123529.63774246705,931.9499409157611,0.0005900627377624265,0.0,0.0
BC,HG,2024-01-01T00:00:00,M,83,-26.508781834783804,49400.0,11400.0,-0.0005366150168984576,123529.63774246705,931.9499409157611,0.0,0.02844442675615764,0.0023253317398933162
BC,HG,2024-01-01T00:00:00,M,84,-26.546806898610157,49400.0,10200.0,-0.0005373847550325943,123529.63774246705,931.9499409157611,0.0,0.028485228372378556,0.0026026281273147213
BC,HG,2024-01-01T00:00:00,M,85,66.26695618481972,49400.0,9100.0,0.0013414363600165935,123529.63774246705,931.9499409157611,0.0005364458068190258,0.0,0.0
BC,HG,2024-01-01T00:00:00,M,86,49.97195140675922,49400.0,7899.999999999999,0.0010115779636995794,123529.63774246705,931.9499409157611,0.0004045341046894356,0.0,0.0
BC,HG,2024-01-01T00:00:00,M,87,48.07499023402306,49400.0,7000.0,0.000973177939959981,123529.63774246705,931.9499409157611,0.0003891777804307106,0.0,0.0
BC,HG,2024-01-01T00:00:00,M,88,57.04364606500167,49400.0,6300.0,0.0011547296774291835,123529.63774246705,931.9499409157611,0.00046178105196038465,0.0,0.0
BC,HG,2024-01-01T00:00:00,M,89,17.68826157393596,49400.0,5200.0,0.0003580619751808899,123529.63774246705,931.9499409157611,0.00014319042698734545,0.0,0.0
BC,HG,2024-01-01T00:00:00,M,90,8.402585949438617,49400.0,4500.0,0.0001700928329845874,123529.63774246705,931.9499409157611,6.802080944296313e-05,0.0,0.0
BC,HG,2024-01-01T00:00:00,M,91,-24.56114608572534,49400.0,3699.9999999999995,-0.0004971891920187316,123529.63774246705,931.9499409157611,0.0,0.026354576579071236,0.006638147590736579
BC,HG,2024-01-01T00:00:00,M,92,39.52832139116117,49400.0,3100.0,0.0008001684492137889,123529.63774246705,931.9499409157611,0.0003199905877937511,0.0,0.0
BC,HG,2024-01-01T00:00:00,M,93,1.003207242253211,49400.0,2500.0,2.030783891200832e-05,123529.63774246705,931.9499409157611,8.121186628464694e-06,0.0,0.0
BC,HG,2024-01-01T00:00:00,M,94,25.895691796816664,49400.0,1899.9999999999995,0.0005242042873849527,123529.63774246705,931.9499409157611,0.00020963140724822378,0.0,0.0
BC,HG,2024-01-01T00:00:00,M,95,47.30169501845239,49400.0,1400.0,0.0009575241906569311,123529.63774246705,931.9499409157611,0.0003829177829944449,0.0,0.0
BC,HG,2024-01-01T00:00:00,M,96,-11.608480046114323,49400.0,1000.0,-0.00023498947461769886,123529.63774246705,931.9499409157611,0.0,0.012456119729679357,0.011608480046114323
BC,HG,2024-01-01T00:00:00,M,97,-82.65444982238148,49400.0,600.0,-0.0016731670004530663,123529.63774246705,931.9499409157611,0.0,0.08868979565701009,0.1377574163706358
BC,HG,2024-01-01T00:00:00,M,98,-42.88449854389353,49400.0,400.0,-0.0008681072579735532,123529.63774246705,931.9499409157611,0.0,0.04601588203520242,0.10721124635973382
BC,HG,2024-01-01T00:00:00,M,99,13.113956545325948,49400.0,300.0,0.0002654647073952621,123529.63774246705,931.9499409157611,0.00010616040640114035,0.0,0.0
BC,HG,2024-01-01T00:00:00,M,100,291.23145592526066,49400.0,499.9999999999999,0.005895373601725924,123529.63774246705,931.9499409157611,0.002357583663706811,0.0,0.0
BC,HG,2025-01-01T00:00:00,F,1,379.08702458544576,50700.0,24400.0,0.007477061628904256,118213.09138030601,1002.5929126122921,0.003206810854526055,0.0,0.0
BC,HG,2025-01-01T00:00:00,F,2,403.44098646207567,50700.0,24099.999999999996,0.007957415906549817,118213.09138030601,1002.5929126122921,0.003412828323422797,0.0,0.0
BC,HG,2025-01-01T00:00:00,F,3,402.70632598870725,50700.0,23700.0,0.00794292556190744,118213.09138030601,1002.5929126122921,0.0034066136101047525,0.0,0.0
BC,HG,2025-01-01T00:00:00,F,4,402.1197604124027,50700.0,22300.0,0.007931356221151927,118213.09138030601,1002.5929126122921,0.003401651675944537,0.0,0.0
BC,HG,2025-01-01T00:00:00,F,5,501.94262912468184,50700.0,22800.0,0.009900249095161377,118213.09138030601,1002.5929126122921,0.004246083265937703,0.0,0.0
BC,HG,2025-01-01T00:00:00,F,6,601.7809847747303,50700.0,23600.0,0.011869447431454247,118213.09138030601,1002.5929126122921,0.005090645864583027,0.0,0.0
BC,HG,2025-01-01T00:00:00,F,7,501.62611601185563,50700.0,24500.0,0.009894006232975457,118213.09138030601,1002.5929126122921,0.00424340578657285,0.0,0.0
BC,HG,2025-01-01T00:00:00,F,8,501.4344661646246,50700.0,25200.0,0.009890226157093188,118213.09138030601,1002.5929126122921,0.004241784563026514,0.0,0.0
BC,HG,2025-01-01T00:00:00,F,9,401.4460812752659,50700.0,25300.0,0.007918068664206428,118213.09138030601,1002.5929126122921,0.0033959528220420584,0.0,0.0
BC,HG,2025-01-01T00:00:00,F,10,501.45769638591446,50700.0,25600.000000000004,0.009890684346862218,118213.09138030601,1002.5929126122921,0.004241981074436701,0.0,0.0
BC,HG,2025-01-01T00:00:00,F,11,401.47511905188003,50700.0,25800.0,0.007918641401417752,118213.09138030601,1002.5929126122921,0.0033961984613048086,0.0,0.0
BC,HG,2025-01-01T00:00:00,F,12,401.7480747127447,50700.0,26200.0,0.00792402514226321,118213.09138030601,1002.5929126122921,0.0033985074751177254,0.0,0.0
BC,HG,2025-01-01T00:00:00,F,13,501.9978003125216,50700.0,26300.0,0.009901337284270643,118213.09138030601,1002.5929126122921,0.004246549975565169,0.0,0.0
BC,HG,2025-01-01T00:00:00,F,14,702.2301033897675,50700.0,26299.999999999996,0.013850692374551627,118213.09138030601,1002.5929126122921,0.005940375090357861,0.0,0.0
BC,HG,2025-01-01T00:00:00,F,15,1203.054779978669,50700.0,27499.999999999996,0.023728891123839628,118213.09138030601,1002.5929126122921,0.010177001260446648,0.0,0.0
BC,HG,2025-01-01T00:00:00,F,16,2004.475705093686,50700.0,29200.000000000004,0.039536009962400115,118213.09138030601,1002.5929126122921,0.01695646126574122,0.0,0.0
BC,HG,2025-01-01T00:00:00,F,17,1806.6903423592921,50700.0,30599.999999999996,0.03563491799525231,118213.09138030601,1002.5929126122921,0.015283335553309808,0.0,0.0
BC,HG,2025-01-01T00:00:00,F,18,2508.479096044837,50700.0,31700.000000000004,0.04947690524743269,118213.09138030601,1002.5929126122921,0.02121997713412935,0.0,0.0
BC,HG,2025-01-01T00:00:00,F,19,4710.488545841476,50700.0,34800.0,0.09290904429667604,118213.09138030601,1002.5929126122921,0.03984743559989694,0.0,0.0
BC,HG,2025-01-01T00:00:00,F,20,3213.2549259053267,50700.0,36600.00000000001,0.06337780918945418,118213.09138030601,1002.5929126122921,0.027181887288336717,0.0,0.0
BC,HG,2025-01-01T00:00:00,F,21,1715.3321378507753,50700.0,36900.0,0.03383298102269774,118213.09138030601,1002.5929126122921,0.014510509096935308,0.0,0.0
BC,HG,2025-01-01T00:00:00,F,22,816.0755297007927,50700.0,35400.0,0.016096164293901236,118213.09138030601,1002.5929126122921,0.006903427701381885,0.0,0.0
BC,HG,2025-01-01T00:00:00,F,23,1116.5372524827035,50700.0,34600.0,0.022022431015437938,118213.09138030601,1002.5929126122921,0.009445123542964173,0.0,0.0
BC,HG,2025-01-01T00:00:00,F,24,1318.2631009667602,50700.0,36900.0,0.02600124459500513,118213.09138030601,1002.5929126122921,0.011151583006367257,0.0,0.0
BC,HG,2025-01-01T00:00:00,F,25,1618.981312802527,50700.0,38600.0,0.03193257027223919,118213.09138030601,1002.5929126122921,0.01369544856579434,0.0,0.0
BC,HG,2025-01-01T00:00:00,F,26,1419.3404187204214,50700.0,39100.0,0.027994880053657228,118213.09138030601,1002.5929126122921,0.012006626357094657,0.0,0.0
BC,HG,2025-01-01T00:00:00,F,27,1619.914413812592,50700.0,39700.0,0.031950974631412075,118213.09138030601,1002.5929126122921,0.013703341947137892,0.0,0.0
BC,HG,2025-01-01T00:00:00,F,28,1520.3896792807718,50700.0,39800.0,0.029987962115991553,118213.09138030601,1002.5929126122921,0.012861432363607612,0.0,0.0
BC,HG,2025-01-01T00:00:00,F,29,1621.9587258917818,50700.0,41400.0,0.0319912963686742,118213.09138030601,1002.5929126122921,0.013720635396241705,0.0,0.0
BC,HG,2025-01-01T00:00:00,F,30,1422.9005478781255,50700.0,41500.0,0.028065099563671113,118213.09138030601,1002.5929126122921,0.012036742557560567,0.0,0.0
BC,HG,2025-01-01T00:00:00,F,31,1424.3650680885694,50700.0,42000.0,0.028093985563877107,118213.09138030601,1002.5929126122921,0.012049131373328291,0.0,0.0
BC,HG,2025-01-01T00:00:00,F,32,1126.3842316104347,50700.0,42400.0,0.02221665151105394,118213.09138030601,1002.5929126122921,0.009528422093173406,0.0,0.0
BC,HG,2025-01-01T00:00:00,F,33,1128.5253614792164,50700.0,43200.0,0.022258882869412553,118213.09138030601,1002.5929126122921,0.009546534553001512,0.0,0.0
BC,HG,2025-01-01T00:00:00,F,34,1130.7807244618307,50700.0,43500.0,0.022303367346387194,118213.09138030601,1002.5929126122921,0.009565613345005677,0.0,0.0
BC,HG,2025-01-01T00:00:00,F,35,1133.1425690538163,50700.0,43900.0,0.022349952052343514,118213.09138030601,1002.5929126122921,0.009585592896884472,0.0,0.0
BC,HG,2025-01-01T00:00:00,F,36,935.6215660746166,50700.0,43200.0,0.018454074281550624,118213.09138030601,1002.5929126122921,0.007914703482921424,0.0,0.0
BC,HG,2025-01-01T00:00:00,F,37,838.1238051050605,50700.0,42700.0,0.01653104152080987,118213.09138030601,1002.5929126122921,0.007089940676779304,0.0,0.0
BC,HG,2025-01-01T00:00:00,F,38,740.1807958964127,50700.0,41800.0,0.01459922674351899,118213.09138030601,1002.5929126122921,0.006261411382222975,0.0,0.0
BC,HG,2025-01-01T00:00:00,F,39,642.2726152776595,50700.0,41800.0,0.012668098920663895,118213.09138030601,1002.5929126122921,0.005433176713155988,0.0,0.0
BC,HG,2025-01-01T00:00:00,F,40,643.407130424479,50700.0,41000.0,0.012690475945255995,118213.09138030601,1002.5929126122921,0.00544277391709992,0.0,0.0
BC,HG,2025-01-01T00:00:00,F,41,544.5261475671359,50700.0,40500.0,0.01074016070152142,118213.09138030601,1002.5929126122921,0.004606310022088235,0.0,0.0
BC,HG,2025-01-01T00:00:00,F,42,645.3838181190295,50700.0,40000.0,0.012729463868225432,118213.09138030601,1002.5929126122921,0.0054594953112489936,0.0,0.0
BC,HG,2025-01-01T00:00:00,F,43,646.4331473901693,50700.0,39600.00000000001,0.012750160698030952,118213.09138030601,1002.5929126122921,0.005468371902317609,0.0,0.0
BC,HG,2025-01-01T00:00:00,F,44,546.7100594997755,50700.0,38200.00000000001,0.010783235887569537,118213.09138030601,1002.5929126122921,0.0046247843882277154,0.0,0.0
BC,HG,2025-01-01T00:00:00,F,45,547.9917358928506,50700.0,37499.99999999999,0.010808515500845179,118213.09138030601,1002.5929126122921,0.0046356264732972255,0.0,0.0
BC,HG,2025-01-01T00:00:00,F,46,448.3151449005454,50700.0,35800.00000000001,0.008842507788965392,118213.09138030601,1002.5929126122921,0.0037924322904157935,0.0,0.0
BC,HG,2025-01-01T00:00:00,F,47,349.2812874247393,50700.0,34700.0,0.006889177266760143,118213.09138030601,1002.5929126122921,0.002954675183149204,0.0,0.0
BC,HG,2025-01-01T00:00:00,F,48,351.8223582219216,50700.0,34400.0,0.006939297006349539,118213.09138030601,1002.5929126122921,0.002976170863259687,0.0,0.0
BC,HG,2025-01-01T00:00:00,F,49,355.60827810587216,50700.0,34700.00000000001,0.007013969982364343,118213.09138030601,1002.5929126122921,0.0030081970952086576,0.0,0.0
BC,HG,2025-01-01T00:00:00,F,50,258.9112385620756,50700.0,34200.0,0.0051067305436306824,118213.09138030601,1002.5929126122921,0.0021902078317969573,0.0,0.0
BC,HG,2025-01-01T00:00:00,F,51,263.33228582185257,50700.0,34100.0,0.0051939306868215495,118213.09138030601,1002.5929126122921,0.0022276067967352303,0.0,0.0
BC,HG,2025-01-01T00:00:00,F,52,268.65749588340987,50700.0,34300.00000000001,0.005298964415846348,118213.09138030601,1002.5929126122921,0.002272654346032672,0.0,0.0
BC,HG,2025-01-01T00:00:00,F,53,275.023374017248,50700.0,34800.00000000001,0.005424524142352031,118213.09138030601,1002.5929126122921,0.0023265052187195078,0.0,0.0
BC,HG,2025-01-01T00:00:00,F,54,286.6746451501531,50700.0,37199.99999999999,0.0056543322514823096,118213.09138030601,1002.5929126122921,0.0024250668162283788,0.0,0.0
BC,HG,2025-01-01T00:00:00,F,55,294.3456758190878,50700.0,37399.99999999999,0.005805634631540193,118213.09138030601,1002.5929126122921,0.00248995836571215,0.0,0.0
BC,HG,2025-01-01T00:00:00,F,56,301.99363807804184,50700.0,37300.0,0.005956482013373606,118213.09138030601,1002.5929126122921,0.0025546547725961355,0.0,0.0
BC,HG,2025-01-01T00:00:00,F,57,207.03586970939796,50700.0,36000.0,0.004083547726023628,118213.09138030601,1002.5929126122921,0.0017513785257788257,0.0,0.0
BC,HG,2025-01-01T00:00:00,F,58,213.1624419502332,50700.0,35100.0,0.004204387415191976,118213.09138030601,1002.5929126122921,0.0018032050381329042,0.0,0.0
BC,HG,2025-01-01T00:00:00,F,59,327.9086303121876,50700.0,36600.0,0.006467625844421846,118213.09138030601,1002.5929126122921,0.0027738774655445336,0.0,0.0
BC,HG,2025-01-01T00:00:00,F,60,245.67171051260084,50700.0,38100.0,0.004845595868098636,118213.09138030601,1002.5929126122921,0.0020782106926063274,0.0,0.0
BC,HG,2025-01-01T00:00:00,F,61,267.3104072697315,50700.0,40200.0,0.005272394620704763,118213.09138030601,1002.5929126122921,0.002261258919367578,0.0,0.0
BC,HG,2025-01-01T00:00:00,F,62,282.840401514266,50700.0,40200.0,0.005578706144265601,118213.09138030601,1002.5929126122921,0.0023926317991662506,0.0,0.0
BC,HG,2025-01-01T00:00:00,F,63,392.4454070788124,50700.0,38800.0,0.007740540573546596,118213.09138030601,1002.5929126122921,0.003319813419109965,0.0,0.0
BC,HG,2025-01-01T00:00:00,F,64,312.3970836584049,50700.0,39000.00000000001,0.006161678178666763,118213.09138030601,1002.5929126122921,0.0026426606394496966,0.0,0.0
BC,HG,2025-01-01T00:00:00,F,65,331.5404153266718,50700.0,38800.00000000001,0.006539258684944217,118213.09138030601,1002.5929126122921,0.0028045998243973304,0.0,0.0
BC,HG,2025-01-01T00:00:00,F,66,249.43019046205154,50700.0,38000.00000000001,0.004919727622525671,118213.09138030601,1002.5929126122921,0.002110004801918292,0.0,0.0
BC,HG,2025-01-01T00:00:00,F,67,271.1996851764561,50700.0,37600.0,0.005349106216498149,118213.09138030601,1002.5929126122921,0.0022941594878351794,0.0,0.0
BC,HG,2025-01-01T00:00:00,F,68,290.5697846886469,50700.0,36600.0,0.005731159461314535,118213.09138030601,1002.5929126122921,0.0024580169699974113,0.0,0.0
BC,HG,2025-01-01T00:00:00,F,69,215.09256083347282,50700.0,35900.00000000001,0.004242456821173034,118213.09138030601,1002.5929126122921,0.001819532492737997,0.0,0.0
BC,HG,2025-01-01T00:00:00,F,70,241.72645252139046,50700.0,35300.00000000001,0.004767780128627031,118213.09138030601,1002.5929126122921,0.0020448365718118886,0.0,0.0
BC,HG,2025-01-01T00:00:00,F,71,261.394623737433,50700.0,33800.0,0.00515571249975213,118213.09138030601,1002.5929126122921,0.002211215531928646,0.0,0.0
BC,HG,2025-01-01T00:00:00,F,72,179.76429896807167,50700.0,32000.0,0.003545646922447173,118213.09138030601,1002.5929126122921,0.0015206801283095446,0.0,0.0
BC,HG,2025-01-01T00:00:00,F,73,101.03248789437566,50700.0,30400.0,0.00199275124052023,118213.09138030601,1002.5929126122921,0.0008546641215002301,0.0,0.0
BC,HG,2025-01-01T00:00:00,F,74,128.81801586731308,50700.0,29299.999999999996,0.0025407892675998636,118213.09138030601,1002.5929126122921,0.0010897102373618648,0.0,0.0
BC,HG,2025-01-01T00:00:00,F,75,68.09643837217664,50700.0,28700.000000000004,0.001343125017202695,118213.09138030601,1002.5929126122921,0.0005760481988674337,0.0,0.0
BC,HG,2025-01-01T00:00:00,F,76,90.13543177325118,50700.0,27000.000000000004,0.00177781916712527,118213.09138030601,1002.5929126122921,0.0007624826550155469,0.0,0.0
BC,HG,2025-01-01T00:00:00,F,77,33.68583697886788,50700.0,26300.0,0.0006644149305496624,118213.09138030601,1002.5929126122921,0.00028495859964017365,0.0,0.0
BC,HG,2025-01-01T00:00:00,F,78,75.00953895292696,50700.0,25400.0,0.0014794780858565476,118213.09138030601,1002.5929126122921,0.000634528190381318,0.0,0.0
BC,HG,2025-01-01T00:00:00,F,79,115.42043227585964,50700.0,20400.0,0.0022765371257566004,118213.09138030601,1002.5929126122921,0.0009763760589302073,0.0,0.0
BC,HG,2025-01-01T00:00:00,F,80,26.2686249743565,50700.0,18500.0,0.0005181188357861243,118213.09138030601,1002.5929126122921,0.00022221417837595594,0.0,0.0
BC,HG,2025-01-01T00:00:00,F,81,61.197625599921594,50700.0,17600.000000000004,0.0012070537593672898,118213.09138030601,1002.5929126122921,0.0005176890722114806,0.0,0.0
BC,HG,2025-01-01T00:00:00,F,82,76.84545475388222,50700.0,16100.000000000002,0.0015156894428773615,118213.09138030601,1002.5929126122921,0.0006500587528555612,0.0,0.0
BC,HG,2025-01-01T00:00:00,F,83,77.05047117478716,50700.0,14300.000000000002,0.0015197331592660189,118213.09138030601,1002.5929126122921,0.0006517930482581353,0.0,0.0
BC,HG,2025-01-01T00:00:00,F,84,4.628900954839992,50700.0,13200.000000000002,9.129982159447715e-05,118213.09138030601,1002.5929126122921,3.915726169403903e-05,0.0,0.0
BC,HG,2025-01-01T00:00:00,F,85,-93.73747595073473,50700.0,11600.0,-0.0018488654033675489,118213.09138030601,1002.5929126122921,0.0,0.09349505145263629,0.008080816892304719
BC,HG,2025-01-01T00:00:00,F,86,10.885288401632351,50700.0,10400.000000000002,0.00021469996847401087,118213.09138030601,1002.5929126122921,9.208191981557308e-05,0.0,0.0
BC,HG,2025-01-01T00:00:00,F,87,39.0096618810112,50700.0,9600.000000000002,0.0007694213388759606,118213.09138030601,1002.5929126122921,0.00032999443145863034,0.0,0.0
BC,HG,2025-01-01T00:00:00,F,88,-41.78628241437036,50700.0,8600.0,-0.0008241870298692379,118213.09138030601,1002.5929126122921,0.0,0.04167821444647428,0.004858870048182601
BC,HG,2025-01-01T00:00:00,F,89,-35.53622601304596,50700.0,7600.000000000001,-0.0007009117556813799,118213.09138030601,1002.5929126122921,0.0,0.035444321983540694,0.004675819212242889
BC,HG,2025-01-01T00:00:00,F,90,-38.06695915977798,50700.0,6600.0,-0.0007508275968398023,118213.09138030601,1002.5929126122921,0.0,0.0379685101309894,0.005767721084814845
BC,HG,2025-01-01T00:00:00,F,91,-52.09046699348983,50700.0,5600.000000000001,-0.001027425384486979,118213.09138030601,1002.5929126122921,0.0,0.051955750273325024,0.009301869105980324
BC,HG,2025-01-01T00:00:00,F,92,-136.27135120927232,50700.0,4900.0,-0.0026877978542262787,118213.09138030601,1002.5929126122921,0.0,0.13591892531357755,0.027810479838627004
BC,HG,2025-01-01T00:00:00,F,93,16.589332448648292,50700.0,4100.0,0.000327205768217915,118213.09138030601,1002.5929126122921,0.0001403341394336637,0.0,0.0
BC,HG,2025-01-01T00:00:00,F,94,3.120038826263226,50700.0,3500.0000000000005,6.153922734246994e-05,118213.09138030601,1002.5929126122921,2.6393344339720196e-05,0.0,0.0
BC,HG,2025-01-01T00:00:00,F,95,-58.344461689551736,50700.0,2700.0,-0.0011507783370720264,118213.09138030601,1002.5929126122921,0.0,0.05819357084575147,0.021609059885019162
BC,HG,2025-01-01T00:00:00,F,96,-28.898752815579883,50700.0,2100.0,-0.0005699951245676506,118213.09138030601,1002.5929126122921,0.0,0.028824014664419615,0.01376131086456185
BC,HG,2025-01-01T00:00:00,F,97,19.778957305147287,50700.0,1699.9999999999998,0.0003901175010877177,118213.09138030601,1002.5929126122921,0.0001673161328766537,0.0,0.0
BC,HG,2025-01-01T00:00:00,F,98,-48.57429250648761,50700.0,1200.0,-0.0009580728305027142,118213.09138030601,1002.5929126122921,0.0,0.048448669340705325,0.04047857708873968
BC,HG,2025-01-01T00:00:00,F,99,-11.618657398313871,50700.0,900.0,-0.00022916484020342942,118213.09138030601,1002.5929126122921,0.0,0.011588609147496404,0.012909619331459857
BC,HG,2025-01-01T00:00:00,F,100,1035.6028312996114,50700.0,1700.0000000000002,0.020426091347132375,118213.09138030601,1002.5929126122921,0.008760474996529361,0.0,0.0
BC,HG,2025-01-01T00:00:00,M,1,486.8921463292645,50700.0,25700.0,0.009603395391109753,118213.09138030601,1002.5929126122921,0.004118766717324672,0.0,0.0
BC,HG,2025-01-01T00:00:00,M,2,505.53100908182023,50700.0,25500.000000000004,0.009971025820154245,118213.09138030601,1002.5929126122921,0.0042764384483903305,0.0,0.0
BC,HG,2025-01-01T00:00:00,M,3,503.8014764528234,50700.0,25200.0,0.009936912750548785,118213.09138030601,1002.5929126122921,0.004261807813079114,0.0,0.0
BC,HG,2025-01-01T00:00:00,M,4,502.4759569210728,50700.0,23900.0,0.009910768381086248,118213.09138030601,1002.5929126122921,0.004250594845748057,0.0,0.0
BC,HG,2025-01-01T00:00:00,M,5,502.0950388755118,50700.0,24700.0,0.009903255204645203,118213.09138030601,1002.5929126122921,0.0042473725457378535,0.0,0.0
BC,HG,2025-01-01T00:00:00,M,6,601.6564068847692,50700.0,25200.0,0.011866990273861327,118213.09138030601,1002.5929126122921,0.005089592022842604,0.0,0.0
BC,HG,2025-01-01T00:00:00,M,7,601.4659483918513,50700.0,26000.0,0.01186323369609174,118213.09138030601,1002.5929126122921,0.005087980877319768,0.0,0.0
BC,HG,2025-01-01T00:00:00,M,8,601.5178914450989,50700.0,26900.0,0.011864258213907276,118213.09138030601,1002.5929126122921,0.005088420279188387,0.0,0.0
BC,HG,2025-01-01T00:00:00,M,9,501.53520579619,50700.0,27100.0,0.009892213132074753,118213.09138030601,1002.5929126122921,0.004242636749788479,0.0,0.0
BC,HG,2025-01-01T00:00:00,M,10,601.5813773990776,50700.0,27999.999999999996,0.011865510402348671,118213.09138030601,1002.5929126122921,0.005088957325916776,0.0,0.0
BC,HG,2025-01-01T00:00:00,M,11,601.5698344983575,50700.0,27800.0,0.011865282731723027,118213.09138030601,1002.5929126122921,0.005088859681057097,0.0,0.0
BC,HG,2025-01-01T00:00:00,M,12,502.11620007820966,50700.0,28000.0,0.009903672585369026,118213.09138030601,1002.5929126122921,0.004247551554699134,0.0,0.0
BC,HG,2025-01-01T00:00:00,M,13,502.3547544385874,50700.0,27700.0,0.00990837779957766,118213.09138030601,1002.5929126122921,0.004249569557591981,0.0,0.0
BC,HG,2025-01-01T00:00:00,M,14,703.1050473915493,50700.0,27600.000000000004,0.01386794965269328,118213.09138030601,1002.5929126122921,0.0059477765041231695,0.0,0.0
BC,HG,2025-01-01T00:00:00,M,15,1204.2631942406151,50700.0,28900.000000000004,0.023752725724666964,118213.09138030601,1002.5929126122921,0.010187223599172724,0.0,0.0
BC,HG,2025-01-01T00:00:00,M,16,1806.5794985272005,50700.0,30299.999999999996,0.03563273172637476,118213.09138030601,1002.5929126122921,0.015282397892084664,0.0,0.0
BC,HG,2025-01-01T00:00:00,M,17,1709.6153388624407,50700.0,31100.000000000004,0.03372022364620199,118213.09138030601,1002.5929126122921,0.014462148979442544,0.0,0.0
BC,HG,2025-01-01T00:00:00,M,18,2512.856096678599,50700.0,32199.999999999996,0.049563236620879664,118213.09138030601,1002.5929126122921,0.021257003495445632,0.0,0.0
BC,HG,2025-01-01T00:00:00,M,19,4916.777932160934,50700.0,35500.0,0.09697786848443657,118213.09138030601,1002.5929126122921,0.04159249939875996,0.0,0.0
BC,HG,2025-01-01T00:00:00,M,20,3722.5005392285966,50700.0,37599.99999999999,0.07342210136545556,118213.09138030601,1002.5929126122921,0.03148974868826377,0.0,0.0
BC,HG,2025-01-01T00:00:00,M,21,2028.2838005771118,50700.0,38300.0,0.04000559764451897,118213.09138030601,1002.5929126122921,0.017157861087076,0.0,0.0
BC,HG,2025-01-01T00:00:00,M,22,1132.5636021528917,50700.0,37500.0,0.022338532586842045,118213.09138030601,1002.5929126122921,0.009580695242198647,0.0,0.0
BC,HG,2025-01-01T00:00:00,M,23,935.3148993222349,50700.0,36200.0,0.018448025627657492,118213.09138030601,1002.5929126122921,0.007912109296873153,0.0,0.0
BC,HG,2025-01-01T00:00:00,M,24,1040.327729361954,50700.0,38100.0,0.02051928460279988,118213.09138030601,1002.5929126122921,0.008800444326551719,0.0,0.0
BC,HG,2025-01-01T00:00:00,M,25,1244.4151462481314,50700.0,40000.0,0.024544677440791546,118213.09138030601,1002.5929126122921,0.010526881005460682,0.0,0.0
BC,HG,2025-01-01T00:00:00,M,26,1347.6166240273014,50700.0,40900.0,0.026580209546889576,118213.09138030601,1002.5929126122921,0.01139989326302155,0.0,0.0
BC,HG,2025-01-01T00:00:00,M,27,1550.791201073691,50700.0,41500.0,0.03058759765431343,118213.09138030601,1002.5929126122921,0.013118607955904017,0.0,0.0
BC,HG,2025-01-01T00:00:00,M,28,1454.9556489392417,50700.0,42500.0,0.028697350077697074,118213.09138030601,1002.5929126122921,0.012307906272905688,0.0,0.0
BC,HG,2025-01-01T00:00:00,M,29,1359.6530901381338,50700.0,43200.0,0.02681761519010126,118213.09138030601,1002.5929126122921,0.01150171334039445,0.0,0.0
BC,HG,2025-01-01T00:00:00,M,30,1364.7478792346155,50700.0,43900.0,0.026918104126915494,118213.09138030601,1002.5929126122921,0.011544811689629656,0.0,0.0
BC,HG,2025-01-01T00:00:00,M,31,1370.1563620927554,50700.0,44200.0,0.02702478031741135,118213.09138030601,1002.5929126122921,0.011590563668492471,0.0,0.0
BC,HG,2025-01-01T00:00:00,M,32,1175.4590773836317,50700.0,44200.0,0.02318459718705388,118213.09138030601,1002.5929126122921,0.009943560934397999,0.0,0.0
BC,HG,2025-01-01T00:00:00,M,33,1080.7627723676196,50700.0,44500.0,0.021316819967803147,118213.09138030601,1002.5929126122921,0.009142496484510952,0.0,0.0
BC,HG,2025-01-01T00:00:00,M,34,1185.5624337846384,50700.0,44700.0,0.02338387443362206,118213.09138030601,1002.5929126122921,0.010029028256866565,0.0,0.0
BC,HG,2025-01-01T00:00:00,M,35,1089.7338566775943,50700.0,45000.0,0.021493764431510735,118213.09138030601,1002.5929126122921,0.009218385577717335,0.0,0.0
BC,HG,2025-01-01T00:00:00,M,36,1091.4329640480792,50700.0,44400.0,0.02152727739739801,118213.09138030601,1002.5929126122921,0.009232758836640228,0.0,0.0
BC,HG,2025-01-01T00:00:00,M,37,891.5572695833689,50700.0,43100.0,0.017584956007561516,118213.09138030601,1002.5929126122921,0.0075419503810717535,0.0,0.0
BC,HG,2025-01-01T00:00:00,M,38,693.9163519835492,50700.0,42500.0,0.013686713056874739,118213.09138030601,1002.5929126122921,0.0058700465733624654,0.0,0.0
BC,HG,2025-01-01T00:00:00,M,39,597.7771594473306,50700.0,42500.0,0.01179047651769883,118213.09138030601,1002.5929126122921,0.005056776305123501,0.0,0.0
BC,HG,2025-01-01T00:00:00,M,40,699.8785367723322,50700.0,41800.0,0.013804310389986828,118213.09138030601,1002.5929126122921,0.005920482482948839,0.0,0.0
BC,HG,2025-01-01T00:00:00,M,41,601.9616909118267,50700.0,40800.0,0.011873011655065616,118213.09138030601,1002.5929126122921,0.005092174512002585,0.0,0.0
BC,HG,2025-01-01T00:00:00,M,42,604.081498067826,50700.0,39700.0,0.01191482244709716,118213.09138030601,1002.5929126122921,0.005110106596607154,0.0,0.0
BC,HG,2025-01-01T00:00:00,M,43,607.1297087161802,50700.0,38899.99999999999,0.011974944945092311,118213.09138030601,1002.5929126122921,0.005135892324843866,0.0,0.0
BC,HG,2025-01-01T00:00:00,M,44,609.1505586671628,50700.0,37699.99999999999,0.012014803918484473,118213.09138030601,1002.5929126122921,0.005152987300767313,0.0,0.0
BC,HG,2025-01-01T00:00:00,M,45,410.82510326783085,50700.0,36300.0,0.00810305923605189,118213.09138030601,1002.5929126122921,0.003475292782473272,0.0,0.0
BC,HG,2025-01-01T00:00:00,M,46,611.2019746688529,50700.0,34799.99999999999,0.012055265772561202,118213.09138030601,1002.5929126122921,0.005170340844082499,0.0,0.0
BC,HG,2025-01-01T00:00:00,M,47,413.7271205068391,50700.0,33600.0,0.008160298234848897,118213.09138030601,1002.5929126122921,0.003499841816807144,0.0,0.0
BC,HG,2025-01-01T00:00:00,M,48,419.0951830980557,50700.0,33400.0,0.008266177181421218,118213.09138030601,1002.5929126122921,0.003545251868507314,0.0,0.0
BC,HG,2025-01-01T00:00:00,M,49,423.88330152089475,50700.0,32899.99999999999,0.008360617386999896,118213.09138030601,1002.5929126122921,0.003585755998523126,0.0,0.0
BC,HG,2025-01-01T00:00:00,M,50,430.3830485817707,50700.0,32800.0,0.008488817526267668,118213.09138030601,1002.5929126122921,0.0036407393086200215,0.0,0.0
BC,HG,2025-01-01T00:00:00,M,51,236.61555405729086,50700.0,32300.0,0.004666973452806526,118213.09138030601,1002.5929126122921,0.0020016019486037264,0.0,0.0
BC,HG,2025-01-01T00:00:00,M,52,344.67141893857115,50700.0,32399.999999999996,0.006798252839025072,118213.09138030601,1002.5929126122921,0.002915678922816771,0.0,0.0
BC,HG,2025-01-01T00:00:00,M,53,255.72831106499507,50700.0,32799.99999999999,0.0050439509085797845,118213.09138030601,1002.5929126122921,0.0021632824933262742,0.0,0.0
BC,HG,2025-01-01T00:00:00,M,54,174.76521205594327,50700.0,34600.0,0.003447045602681327,118213.09138030601,1002.5929126122921,0.0014783913525592707,0.0,0.0
BC,HG,2025-01-01T00:00:00,M,55,286.623570808566,50700.0,34800.0,0.005653324868019053,118213.09138030601,1002.5929126122921,0.0024246347630522817,0.0,0.0
BC,HG,2025-01-01T00:00:00,M,56,295.78266736320074,50700.0,34300.0,0.005833977660023683,118213.09138030601,1002.5929126122921,0.0025021143082336935,0.0,0.0
BC,HG,2025-01-01T00:00:00,M,57,303.12861826066364,50700.0,33400.0,0.0059788682102695,118213.09138030601,1002.5929126122921,0.0025642559104174147,0.0,0.0
BC,HG,2025-01-01T00:00:00,M,58,214.9548988396491,50700.0,33000.0,0.0042397415944703965,118213.09138030601,1002.5929126122921,0.0018183679686382013,0.0,0.0
BC,HG,2025-01-01T00:00:00,M,59,238.93798811944725,50700.0,34300.0,0.004712780830758328,118213.09138030601,1002.5929126122921,0.002021248114988842,0.0,0.0
BC,HG,2025-01-01T00:00:00,M,60,269.54423326477263,50700.0,36100.0,0.0053164543050251015,118213.09138030601,1002.5929126122921,0.002280155523533479,0.0,0.0
BC,HG,2025-01-01T00:00:00,M,61,400.20988150865014,50700.0,37600.0,0.00789368602581164,118213.09138030601,1002.5929126122921,0.0033854954373972496,0.0,0.0
BC,HG,2025-01-01T00:00:00,M,62,229.4708091159191,50700.0,38200.0,0.004526051461852448,118213.09138030601,1002.5929126122921,0.0019411624079577056,0.0,0.0
BC,HG,2025-01-01T00:00:00,M,63,339.7293278086581,50700.0,36700.0,0.006700775696423238,118213.09138030601,1002.5929126122921,0.0028738722914851047,0.0,0.0
BC,HG,2025-01-01T00:00:00,M,64,265.87267054247786,50700.0,36599.99999999999,0.005244036894328952,118213.09138030601,1002.5929126122921,0.002249096673118317,0.0,0.0
BC,HG,2025-01-01T00:00:00,M,65,288.3888269324452,50700.0,35999.99999999999,0.005688142543046257,118213.09138030601,1002.5929126122921,0.002439567594122575,0.0,0.0
BC,HG,2025-01-01T00:00:00,M,66,406.88117505929404,50700.0,35000.0,0.008025269725035386,118213.09138030601,1002.5929126122921,0.0034419299107093597,0.0,0.0
BC,HG,2025-01-01T00:00:00,M,67,240.58018264006387,50700.0,34799.99999999999,0.004745171255228084,118213.09138030601,1002.5929126122921,0.0020351399310427295,0.0,0.0
BC,HG,2025-01-01T00:00:00,M,68,257.1812554977587,50700.0,33300.0,0.005072608589699382,118213.09138030601,1002.5929126122921,0.002175573386118252,0.0,0.0
BC,HG,2025-01-01T00:00:00,M,69,188.80987073646975,50700.0,32699.999999999996,0.003724060566794275,118213.09138030601,1002.5929126122921,0.0015971993332705024,0.0,0.0
BC,HG,2025-01-01T00:00:00,M,70,213.68420726251497,50700.0,31599.999999999996,0.004214678644231065,118213.09138030601,1002.5929126122921,0.0018076188074218167,0.0,0.0
BC,HG,2025-01-01T00:00:00,M,71,227.60698026014143,50700.0,29799.999999999996,0.004489289551482079,118213.09138030601,1002.5929126122921,0.0019253957205797273,0.0,0.0
BC,HG,2025-01-01T00:00:00,M,72,156.33148834750318,50700.0,28700.0,0.003083461308629254,118213.09138030601,1002.5929126122921,0.0013224549542027084,0.0,0.0
BC,HG,2025-01-01T00:00:00,M,73,178.13676668845073,50700.0,27300.0,0.0035135456940522825,118213.09138030601,1002.5929126122921,0.0015069123445504264,0.0,0.0
BC,HG,2025-01-01T00:00:00,M,74,207.20920437552923,50700.0,26200.0,0.004086966555730359,118213.09138030601,1002.5929126122921,0.0017528448157142918,0.0,0.0
BC,HG,2025-01-01T00:00:00,M,75,150.1414834565512,50700.0,25500.0,0.002961370482377736,118213.09138030601,1002.5929126122921,0.0012700918460335974,0.0,0.0
BC,HG,2025-01-01T00:00:00,M,76,71.90862809043392,50700.0,23899.999999999996,0.0014183161359059946,118213.09138030601,1002.5929126122921,0.0006082966552248858,0.0,0.0
BC,HG,2025-01-01T00:00:00,M,77,125.9961395994178,50700.0,23500.0,0.0024851309585683986,118213.09138030601,1002.5929126122921,0.001065839139542276,0.0,0.0
BC,HG,2025-01-01T00:00:00,M,78,165.594886926654,50700.0,22500.0,0.003266171339776213,118213.09138030601,1002.5929126122921,0.001400816821496656,0.0,0.0
BC,HG,2025-01-01T00:00:00,M,79,79.24599136987308,50700.0,18000.0,0.0015630373051257018,118213.09138030601,1002.5929126122921,0.0006703656121717434,0.0,0.0
BC,HG,2025-01-01T00:00:00,M,80,73.02259068749481,50700.0,16100.0,0.0014402877847632114,118213.09138030601,1002.5929126122921,0.0006177199989853254,0.0,0.0
BC,HG,2025-01-01T00:00:00,M,81,12.603547330636502,50700.0,15299.999999999998,0.0002485906771328699,118213.09138030601,1002.5929126122921,0.00010661718751681525,0.0,0.0
BC,HG,2025-01-01T00:00:00,M,82,24.67410371072947,50700.0,13999.999999999998,0.0004866687122431848,118213.09138030601,1002.5929126122921,0.00020872564470334214,0.0,0.0
BC,HG,2025-01-01T00:00:00,M,83,-0.4994860796869034,50700.0,12100.0,-9.851796443528667e-06,118213.09138030601,1002.5929126122921,0.0,0.0004981943053890879,4.12798412964383e-05
BC,HG,2025-01-01T00:00:00,M,84,91.6214922428353,50700.0,10800.0,0.0018071300245135168,118213.09138030601,1002.5929126122921,0.0007750536862967041,0.0,0.0
BC,HG,2025-01-01T00:00:00,M,85,88.04548297917972,50700.0,9600.0,0.0017365972974197185,118213.09138030601,1002.5929126122921,0.0007448031512510455,0.0,0.0
BC,HG,2025-01-01T00:00:00,M,86,-16.52506960887513,50700.0,8399.999999999998,-0.00032593825658530824,118213.09138030601,1002.5929126122921,0.0,0.016482332361415223,0.0019672701915327538
BC,HG,2025-01-01T00:00:00,M,87,-38.21345876644682,50700.0,7199.999999999999,-0.0007537171354328762,118213.09138030601,1002.5929126122921,0.0,0.038114630859378676,0.00530742482867317
BC,HG,2025-01-01T00:00:00,M,88,-45.05384899703495,50700.0,6300.0,-0.000888636074892208,118213.09138030601,1002.5929126122921,0.0,0.044937330426210086,0.00715140460270396
BC,HG,2025-01-01T00:00:00,M,89,-40.61558518073525,50700.0,5599.999999999999,-0.0008010963546496105,118213.09138030601,1002.5929126122921,0.0,0.04051054487799029,0.007252783067988439
BC,HG,2025-01-01T00:00:00,M,90,9.800963882964425,50700.0,4600.0,0.00019331289709989004,118213.09138030601,1002.5929126122921,8.290929345070185e-05,0.0,0.0
BC,HG,2025-01-01T00:00:00,M,91,-7.854041891324414,50700.0,3900.0,-0.00015491206886241447,118213.09138030601,1002.5929126122921,0.0,0.007833729714745762,0.002013856895211388
BC,HG,2025-01-01T00:00:00,M,92,45.42292257909139,50700.0,3200.0,0.0008959156327236961,118213.09138030601,1002.5929126122921,0.0003842461274695903,0.0,0.0
BC,HG,2025-01-01T00:00:00,M,93,-90.61706620402629,50700.0,2500.0,-0.0017873188600399663,118213.09138030601,1002.5929126122921,0.0,0.09038271173084621,0.03624682648161052
BC,HG,2025-01-01T00:00:00,M,94,-44.35023613374119,50700.0,1999.9999999999998,-0.0008747581091467691,118213.09138030601,1002.5929126122921,0.0,0.0442355372512908,0.022175118066870596
BC,HG,2025-01-01T00:00:00,M,95,-17.802682903925415,50700.0,1499.9999999999998,-0.00035113772986046185,118213.09138030601,1002.5929126122921,0.0,0.017756641484268906,0.011868455269283613
BC,HG,2025-01-01T00:00:00,M,96,-94.0923339047522,50700.0,1000.0,-0.0018558645740582287,118213.09138030601,1002.5929126122921,0.0,0.0938489916705986,0.09409233390475219
BC,HG,2025-01-01T00:00:00,M,97,-62.0441767911193,50700.0,700.0,-0.0012237510215210906,118213.09138030601,1002.5929126122921,0.0,0.06188371771895031,0.08863453827302757
BC,HG,2025-01-01T00:00:00,M,98,54.87383177321129,50700.0,499.99999999999994,0.0010823240980909524,118213.09138030601,1002.5929126122921,0.0004641942033025382,0.0,0.0
BC,HG,2025-01-01T00:00:00,M,99,11.54520316726348,50700.0,300.0,0.00022771603880204102,118213.09138030601,1002.5929126122921,9.766433677063013e-05,0.0,0.0
BC,HG,2025-01-01T00:00:00,M,100,290.00329141081386,50700.0,499.9999999999999,0.00571998602388193,118213.09138030601,1002.5929126122921,0.002453224833430992,0.0,0.0
BC,HG,2026-01-01T00:00:00,F,1,379.7496574372708,51900.0,25000.000000000004,0.0073169490835697645,110453.69428580273,1530.4608825595926,0.003438089236333332,0.0,0.0
BC,HG,2026-01-01T00:00:00,F,2,303.48534760741677,51900.0,24699.999999999996,0.005847501880682404,110453.69428580273,1530.4608825595926,0.0027476251434572934,0.0,0.0
BC,HG,2026-01-01T00:00:00,F,3,302.75399203518464,51900.0,24400.0,0.005833410251159627,110453.69428580273,1530.4608825595926,0.0027410037662642436,0.0,0.0
BC,HG,2026-01-01T00:00:00,F,4,402.25690003223644,51900.0,24100.0,0.007750614644166405,110453.69428580273,1530.4608825595926,0.003641860081124882,0.0,0.0
BC,HG,2026-01-01T00:00:00,F,5,501.9112220265415,51900.0,22800.000000000004,0.009670736455232015,110453.69428580273,1530.4608825595926,0.004544087232861845,0.0,0.0
BC,HG,2026-01-01T00:00:00,F,6,501.7369543162131,51900.0,23300.000000000004,0.009667378695880791,110453.69428580273,1530.4608825595926,0.004542509488346777,0.0,0.0
BC,HG,2026-01-01T00:00:00,F,7,501.57316182067007,51900.0,24100.000000000004,0.009664222771111177,110453.69428580273,1530.4608825595926,0.004541026581898042,0.0,0.0
BC,HG,2026-01-01T00:00:00,F,8,501.399846714703,51900.0,25000.0,0.009660883366371928,110453.69428580273,1530.4608825595926,0.00453945746185106,0.0,0.0
BC,HG,2026-01-01T00:00:00,F,9,401.4398423351231,51900.0,25600.0,0.007734871721293316,110453.69428580273,1530.4608825595926,0.003634462793941357,0.0,0.0
BC,HG,2026-01-01T00:00:00,F,10,501.4455559951821,51900.0,25800.0,0.00966176408468559,110453.69428580273,1530.4608825595926,0.004539871293916838,0.0,0.0
BC,HG,2026-01-01T00:00:00,F,11,401.462696975359,51900.0,26000.0,0.0077353120804500766,110453.69428580273,1530.4608825595926,0.0036346697099742128,0.0,0.0
BC,HG,2026-01-01T00:00:00,F,12,501.7198124988645,51900.0,26300.0,0.009667048410382746,110453.69428580273,1530.4608825595926,0.004542354293742745,0.0,0.0
BC,HG,2026-01-01T00:00:00,F,13,501.9959738195066,51900.0,26700.000000000004,0.009672369437755426,110453.69428580273,1530.4608825595926,0.00454485453895797,0.0,0.0
BC,HG,2026-01-01T00:00:00,F,14,702.2540421209815,51900.0,27000.0,0.013530906399248198,110453.69428580273,1530.4608825595926,0.006357904519733627,0.0,0.0
BC,HG,2026-01-01T00:00:00,F,15,1203.0053937977282,51900.0,27499.999999999996,0.02317929467818359,110453.69428580273,1530.4608825595926,0.010891490787849163,0.0,0.0
BC,HG,2026-01-01T00:00:00,F,16,2104.45191683546,51900.0,29599.999999999996,0.040548206490085933,110453.69428580273,1530.4608825595926,0.01905279792082027,0.0,0.0
BC,HG,2026-01-01T00:00:00,F,17,1906.6736122811853,51900.0,31099.999999999996,0.03673744917690145,110453.69428580273,1530.4608825595926,0.01726219864903388,0.0,0.0
BC,HG,2026-01-01T00:00:00,F,18,2608.7420000251877,51900.0,33200.0,0.05026477842052385,110453.69428580273,1530.4608825595926,0.023618422334294932,0.0,0.0
BC,HG,2026-01-01T00:00:00,F,19,4910.867537033977,51900.0,36600.0,0.09462172518369898,110453.69428580273,1530.4608825595926,0.04446087175977056,0.0,0.0
BC,HG,2026-01-01T00:00:00,F,20,3213.587310587405,51900.0,38000.0,0.06191883064715617,110453.69428580273,1530.4608825595926,0.02909443030734796,0.0,0.0
BC,HG,2026-01-01T00:00:00,F,21,1515.6842887997482,51900.0,38100.0,0.029203936200380504,110453.69428580273,1530.4608825595926,0.013722350335135582,0.0,0.0
BC,HG,2026-01-01T00:00:00,F,22,616.8670625974119,51900.0,37500.0,0.011885685213822965,110453.69428580273,1530.4608825595926,0.005584847719092556,0.0,0.0
BC,HG,2026-01-01T00:00:00,F,23,917.1927723660483,51900.0,36300.0,0.017672307752717695,110453.69428580273,1530.4608825595926,0.008303866867438408,0.0,0.0
BC,HG,2026-01-01T00:00:00,F,24,1117.4632414201114,51900.0,35700.0,0.02153108364971313,110453.69428580273,1530.4608825595926,0.010117029119267273,0.0,0.0
BC,HG,2026-01-01T00:00:00,F,25,1418.624092728387,51900.0,38300.00000000001,0.02733379754775312,110453.69428580273,1530.4608825595926,0.012843609278089408,0.0,0.0
BC,HG,2026-01-01T00:00:00,F,26,1219.4821132605866,51900.0,39800.0,0.023496765188065254,110453.69428580273,1530.4608825595926,0.011040663883139434,0.0,0.0
BC,HG,2026-01-01T00:00:00,F,27,1420.1068303699212,51900.0,40500.0,0.02736236667379424,110453.69428580273,1530.4608825595926,0.012857033343722719,0.0,0.0
BC,HG,2026-01-01T00:00:00,F,28,1320.793447507138,51900.0,41000.0,0.02544881401747857,110453.69428580273,1530.4608825595926,0.011957892907497865,0.0,0.0
BC,HG,2026-01-01T00:00:00,F,29,1321.603874532906,51900.0,41100.0,0.025464429181751562,110453.69428580273,1530.4608825595926,0.011965230163449405,0.0,0.0
BC,HG,2026-01-01T00:00:00,F,30,1223.2608984859398,51900.0,42600.0,0.02356957415194489,110453.69428580273,1530.4608825595926,0.01107487537103748,0.0,0.0
BC,HG,2026-01-01T00:00:00,F,31,1224.5027337670545,51900.0,42700.0,0.023593501614008756,110453.69428580273,1530.4608825595926,0.011086118410839311,0.0,0.0
BC,HG,2026-01-01T00:00:00,F,32,926.3978653989616,51900.0,42900.00000000001,0.01784966985354454,110453.69428580273,1530.4608825595926,0.008387205800485725,0.0,0.0
BC,HG,2026-01-01T00:00:00,F,33,928.2644350939227,51900.0,43300.0,0.017885634587551498,110453.69428580273,1530.4608825595926,0.008404104915603878,0.0,0.0
BC,HG,2026-01-01T00:00:00,F,34,930.8547804049958,51900.0,44100.0,0.01793554490183036,110453.69428580273,1530.4608825595926,0.008427556782269112,0.0,0.0
BC,HG,2026-01-01T00:00:00,F,35,933.140398780095,51900.0,44399.99999999999,0.01797958379152399,110453.69428580273,1530.4608825595926,0.008448249782986543,0.0,0.0
BC,HG,2026-01-01T00:00:00,F,36,836.3717091772633,51900.0,44700.0,0.01611506183385864,110453.69428580273,1530.4608825595926,0.007572147899491009,0.0,0.0
BC,HG,2026-01-01T00:00:00,F,37,738.6716754596127,51900.0,43900.0,0.014232594902882712,110453.69428580273,1530.4608825595926,0.006687614028990958,0.0,0.0
BC,HG,2026-01-01T00:00:00,F,38,541.0706983751588,51900.0,43199.99999999999,0.010425254303952964,110453.69428580273,1530.4608825595926,0.004898620203459377,0.0,0.0
BC,HG,2026-01-01T00:00:00,F,39,642.1954888196633,51900.0,42400.0,0.01237370884045594,110453.69428580273,1530.4608825595926,0.005814160340875158,0.0,0.0
BC,HG,2026-01-01T00:00:00,F,40,644.1859475122328,51900.0,42399.99999999999,0.01241206064570776,110453.69428580273,1530.4608825595926,0.0058321810934216425,0.0,0.0
BC,HG,2026-01-01T00:00:00,F,41,544.9021811857529,51900.0,41500.0,0.010499078635563638,110453.69428580273,1530.4608825595926,0.004933308792513537,0.0,0.0
BC,HG,2026-01-01T00:00:00,F,42,545.8974497086892,51900.0,41000.0,0.010518255293038329,110453.69428580273,1530.4608825595926,0.004942319523475247,0.0,0.0
BC,HG,2026-01-01T00:00:00,F,43,546.8546288376892,51900.0,40500.00000000001,0.010536698050822529,110453.69428580273,1530.4608825595926,0.004950985409529935,0.0,0.0
BC,HG,2026-01-01T00:00:00,F,44,448.2718108589688,51900.0,40000.0,0.008637221789190151,110453.69428580273,1530.4608825595926,0.004058459191949254,0.0,0.0
BC,HG,2026-01-01T00:00:00,F,45,448.7481165243589,51900.0,38600.00000000001,0.008646399162319055,110453.69428580273,1530.4608825595926,0.004062771457541363,0.0,0.0
BC,HG,2026-01-01T00:00:00,F,46,450.35487366116286,51900.0,37900.0,0.008677357874010845,110453.69428580273,1530.4608825595926,0.004077318342072417,0.0,0.0
BC,HG,2026-01-01T00:00:00,F,47,350.45884709253005,51900.0,36100.0,0.006752578942052602,110453.69428580273,1530.4608825595926,0.0031729029016060407,0.0,0.0
BC,HG,2026-01-01T00:00:00,F,48,351.88282008372335,51900.0,35000.0,0.00678001580122781,110453.69428580273,1530.4608825595926,0.0031857949374985545,0.0,0.0
BC,HG,2026-01-01T00:00:00,F,49,354.710594437478,51900.0,34700.0,0.0068345008562134485,110453.69428580273,1530.4608825595926,0.003211396384077948,0.0,0.0
BC,HG,2026-01-01T00:00:00,F,50,259.1536453157969,51900.0,34900.00000000001,0.00499332649934098,110453.69428580273,1530.4608825595926,0.002346265075075062,0.0,0.0
BC,HG,2026-01-01T00:00:00,F,51,262.8615845890308,51900.0,34400.0,0.005064770415973619,110453.69428580273,1530.4608825595926,0.00237983515434864,0.0,0.0
BC,HG,2026-01-01T00:00:00,F,52,267.54959236945433,51900.0,34300.00000000001,0.0051550981188719525,110453.69428580273,1530.4608825595926,0.0024222783502121765,0.0,0.0
BC,HG,2026-01-01T00:00:00,F,53,273.1729347599103,51900.0,34499.99999999999,0.005263447683235265,110453.69428580273,1530.4608825595926,0.002473189661298842,0.0,0.0
BC,HG,2026-01-01T00:00:00,F,54,280.2059665052657,51900.0,34999.99999999999,0.005398958892201651,110453.69428580273,1530.4608825595926,0.002536863690409694,0.0,0.0
BC,HG,2026-01-01T00:00:00,F,55,292.82403516628983,51900.0,37400.0,0.00564208160243333,110453.69428580273,1530.4608825595926,0.002651102229397575,0.0,0.0
BC,HG,2026-01-01T00:00:00,F,56,201.16044133506512,51900.0,37500.0,0.003875923725145763,110453.69428580273,1530.4608825595926,0.0018212196761346485,0.0,0.0
BC,HG,2026-01-01T00:00:00,F,57,209.41712435012596,51900.0,37399.99999999999,0.004035012029867552,110453.69428580273,1530.4608825595926,0.001895972114868806,0.0,0.0
BC,HG,2026-01-01T00:00:00,F,58,314.5196747294103,51900.0,36199.99999999999,0.0060601093396803534,110453.69428580273,1530.4608825595926,0.0028475251711869397,0.0,0.0
BC,HG,2026-01-01T00:00:00,F,59,321.353104648304,51900.0,35300.0,0.006191774656036686,110453.69428580273,1530.4608825595926,0.0029093920916469463,0.0,0.0
BC,HG,2026-01-01T00:00:00,F,60,238.0448669947582,51900.0,36700.0,0.0045866063004770365,110453.69428580273,1530.4608825595926,0.0021551553212770676,0.0,0.0
BC,HG,2026-01-01T00:00:00,F,61,256.4060301721547,51900.0,38200.0,0.004940385937806449,110453.69428580273,1530.4608825595926,0.0023213893553319757,0.0,0.0
BC,HG,2026-01-01T00:00:00,F,62,280.3459941177716,51900.0,40300.00000000001,0.005401656919417565,110453.69428580273,1530.4608825595926,0.0025381314398807407,0.0,0.0
BC,HG,2026-01-01T00:00:00,F,63,297.19774488772964,51900.0,40300.00000000001,0.005726353466044887,110453.69428580273,1530.4608825595926,0.002690699906503084,0.0,0.0
BC,HG,2026-01-01T00:00:00,F,64,208.4441209052966,51900.0,38800.0,0.004016264371971032,110453.69428580273,1530.4608825595926,0.0018871629622992986,0.0,0.0
BC,HG,2026-01-01T00:00:00,F,65,229.5847827131438,51900.0,39000.0,0.00442359889620701,110453.69428580273,1530.4608825595926,0.002078561375403934,0.0,0.0
BC,HG,2026-01-01T00:00:00,F,66,150.59008091612486,51900.0,38700.0,0.0029015429848964326,110453.69428580273,1530.4608825595926,0.0013633774939792221,0.0,0.0
BC,HG,2026-01-01T00:00:00,F,67,269.68464400091034,51900.0,38000.0,0.00519623591523912,110453.69428580273,1530.4608825595926,0.0024416081847212106,0.0,0.0
BC,HG,2026-01-01T00:00:00,F,68,293.72005259511207,51900.0,37600.0,0.005659345907420271,110453.69428580273,1530.4608825595926,0.002659214383858464,0.0,0.0
BC,HG,2026-01-01T00:00:00,F,69,215.20916305782885,51900.0,36499.99999999999,0.0041466120049678005,110453.69428580273,1530.4608825595926,0.001948410729486039,0.0,0.0
BC,HG,2026-01-01T00:00:00,F,70,241.00300794692157,51900.0,35800.00000000001,0.004643603235971514,110453.69428580273,1530.4608825595926,0.002181937050682234,0.0,0.0
BC,HG,2026-01-01T00:00:00,F,71,170.29870596814726,51900.0,35100.0,0.0032812852787696967,110453.69428580273,1530.4608825595926,0.001541810865352258,0.0,0.0
BC,HG,2026-01-01T00:00:00,F,72,92.26397307401203,51900.0,33500.00000000001,0.0017777258781119852,110453.69428580273,1530.4608825595926,0.0008353181273889837,0.0,0.0
BC,HG,2026-01-01T00:00:00,F,73,111.34245094863218,51900.0,31700.0,0.0021453266078734524,110453.69428580273,1530.4608825595926,0.001008046418624349,0.0,0.0
BC,HG,2026-01-01T00:00:00,F,74,133.38838735261743,51900.0,30100.000000000004,0.002570103802555249,110453.69428580273,1530.4608825595926,0.001207640796580967,0.0,0.0
BC,HG,2026-01-01T00:00:00,F,75,163.81369884587548,51900.0,29000.0,0.003156333311095867,110453.69428580273,1530.4608825595926,0.001483098414273061,0.0,0.0
BC,HG,2026-01-01T00:00:00,F,76,105.23531075825667,51900.0,28299.999999999996,0.0020276553132612075,110453.69428580273,1530.4608825595926,0.0009527550113983212,0.0,0.0
BC,HG,2026-01-01T00:00:00,F,77,29.145537778913422,51900.0,26500.0,0.0005615710554703934,110453.69428580273,1530.4608825595926,0.00026387109971621537,0.0,0.0
BC,HG,2026-01-01T00:00:00,F,78,-25.344467367558536,51900.0,25700.000000000007,-0.0004883327045772358,110453.69428580273,1530.4608825595926,0.0,0.01656002296848752,0.000986166045430293
BC,HG,2026-01-01T00:00:00,F,79,19.47913811016042,51900.0,24800.0,0.0003753205801572335,110453.69428580273,1530.4608825595926,0.00017635569580640265,0.0,0.0
BC,HG,2026-01-01T00:00:00,F,80,-43.84067803824291,51900.0,19800.0,-0.0008447144130682643,110453.69428580273,1530.4608825595926,0.0,0.028645409064570363,0.0022141756584971167
BC,HG,2026-01-01T00:00:00,F,81,-35.39153271260875,51900.0,17900.000000000004,-0.0006819177786629817,110453.69428580273,1530.4608825595926,0.0,0.023124754847323375,0.0019771805984697623
BC,HG,2026-01-01T00:00:00,F,82,2.044744746915967,51900.0,17000.0,3.939777932400707e-05,110453.69428580273,1530.4608825595926,1.8512235015201207e-05,0.0,0.0
BC,HG,2026-01-01T00:00:00,F,83,17.977222093404635,51900.0,15500.0,0.0003463819285819775,110453.69428580273,1530.4608825595926,0.00016275799745446226,0.0,0.0
BC,HG,2026-01-01T00:00:00,F,84,-83.1575465124206,51900.0,13600.000000000002,-0.0016022648653645586,110453.69428580273,1530.4608825595926,0.0,0.05433497024330684,0.006114525478854454
BC,HG,2026-01-01T00:00:00,F,85,-59.38599865960168,51900.0,12500.000000000002,-0.0011442388951753697,110453.69428580273,1530.4608825595926,0.0,0.03880268965795624,0.004750879892768134
BC,HG,2026-01-01T00:00:00,F,86,34.35993514440088,51900.0,11000.0,0.000662041139583832,110453.69428580273,1530.4608825595926,0.0003110799993297948,0.0,0.0
BC,HG,2026-01-01T00:00:00,F,87,-58.34532496266729,51900.0,9700.0,-0.001124187378856788,110453.69428580273,1530.4608825595926,0.0,0.03812271559994965,0.006014981954914154
BC,HG,2026-01-01T00:00:00,F,88,-30.773518299263742,51900.0,8900.0,-0.0005929386955542147,110453.69428580273,1530.4608825595926,0.0,0.020107353706288206,0.0034576986853105326
BC,HG,2026-01-01T00:00:00,F,89,-21.77340306952283,51900.0,7900.000000000001,-0.0004195260707037154,110453.69428580273,1530.4608825595926,0.0,0.014226696884345243,0.002756126970825674
BC,HG,2026-01-01T00:00:00,F,90,-21.011190090275704,51900.0,6900.0,-0.00040483988613247983,110453.69428580273,1530.4608825595926,0.0,0.013728668487845246,0.0030451000130834356
BC,HG,2026-01-01T00:00:00,F,91,-131.10006838214485,51900.0,5800.0,-0.002526012878268687,110453.69428580273,1530.4608825595926,0.0,0.08566051564995822,0.022603460065887045
BC,HG,2026-01-01T00:00:00,F,92,-57.24893501795577,51900.0,4900.0,-0.0011030623317525197,110453.69428580273,1530.4608825595926,0.0,0.037406336659981006,0.011683456126113424
BC,HG,2026-01-01T00:00:00,F,93,-66.22216047769143,51900.0,4200.0,-0.0012759568492811452,110453.69428580273,1530.4608825595926,0.0,0.04326942376138313,0.015767181066117006
BC,HG,2026-01-01T00:00:00,F,94,-105.21696393516186,51900.0,3400.0,-0.0020273018099260473,110453.69428580273,1530.4608825595926,0.0,0.0687485483191139,0.030946165863282898
BC,HG,2026-01-01T00:00:00,F,95,-133.30153926331968,51900.0,2800.0000000000005,-0.002568430428965697,110453.69428580273,1530.4608825595926,0.0,0.08709895220607132,0.04760769259404274
BC,HG,2026-01-01T00:00:00,F,96,-17.275319292180484,51900.0,2200.0000000000005,-0.0003328577898300671,110453.69428580273,1530.4608825595926,0.0,0.011287658174764112,0.007852417860082037
BC,HG,2026-01-01T00:00:00,F,97,14.330809794387733,51900.0,1699.9999999999998,0.0002761235027820372,110453.69428580273,1530.4608825595926,0.00012974495680792957,0.0,0.0
BC,HG,2026-01-01T00:00:00,F,98,-31.33818147249235,51900.0,1300.0,-0.0006038185254815482,110453.69428580273,1530.4608825595926,0.0,0.020476303464928392,0.02410629344037873
BC,HG,2026-01-01T00:00:00,F,99,-15.17468440384664,51900.0,900.0,-0.00029238312916852875,110453.69428580273,1530.4608825595926,0.0,0.009915107649447403,0.01686076044871849
BC,HG,2026-01-01T00:00:00,F,100,1132.7787120641046,51900.0,1800.0000000000002,0.021826179423200476,110453.69428580273,1530.4608825595926,0.010255688769748169,0.0,0.0
BC,HG,2026-01-01T00:00:00,M,1,487.5847307449585,51900.0,26399.999999999996,0.009394696160789182,110453.69428580273,1530.4608825595926,0.004414381374001998,0.0,0.0
BC,HG,2026-01-01T00:00:00,M,2,505.57655121330026,51900.0,26200.000000000004,0.009741359368271682,110453.69428580273,1530.4608825595926,0.004577271538832405,0.0,0.0
BC,HG,2026-01-01T00:00:00,M,3,403.8491353097306,51900.0,25900.0,0.007781293551247218,110453.69428580273,1530.4608825595926,0.003656275491019405,0.0,0.0
BC,HG,2026-01-01T00:00:00,M,4,502.6151404133743,51900.0,25700.0,0.00968429942993014,110453.69428580273,1530.4608825595926,0.0045504602056391195,0.0,0.0
BC,HG,2026-01-01T00:00:00,M,5,502.02927873817316,51900.0,24399.999999999996,0.009673011151024532,110453.69428580273,1530.4608825595926,0.004545156067294183,0.0,0.0
BC,HG,2026-01-01T00:00:00,M,6,701.6311571208826,51900.0,25399.999999999996,0.013518904761481359,110453.69428580273,1530.4608825595926,0.006352265188209892,0.0,0.0
BC,HG,2026-01-01T00:00:00,M,7,601.4264361891292,51900.0,25799.999999999996,0.011588177961254897,110453.69428580273,1530.4608825595926,0.005445054962425409,0.0,0.0
BC,HG,2026-01-01T00:00:00,M,8,501.47171987767797,51900.0,26500.0,0.009662268205735606,110453.69428580273,1530.4608825595926,0.004540108170398563,0.0,0.0
BC,HG,2026-01-01T00:00:00,M,9,501.52266402728856,51900.0,27400.0,0.00966324978857974,110453.69428580273,1530.4608825595926,0.004540569396706474,0.0,0.0
BC,HG,2026-01-01T00:00:00,M,10,601.5339849494267,51900.0,27700.0,0.01159025019170379,110453.69428580273,1530.4608825595926,0.005446028662408854,0.0,0.0
BC,HG,2026-01-01T00:00:00,M,11,501.5849290990409,51900.0,28500.0,0.00966444950094491,110453.69428580273,1530.4608825595926,0.004541133117749531,0.0,0.0
BC,HG,2026-01-01T00:00:00,M,12,402.0981466106896,51900.0,28200.0,0.007747555811381302,110453.69428580273,1530.4608825595926,0.003640422796273765,0.0,0.0
BC,HG,2026-01-01T00:00:00,M,13,502.37739768489337,51900.0,28499.999999999996,0.00967971864518099,110453.69428580273,1530.4608825595926,0.004548307785749335,0.0,0.0
BC,HG,2026-01-01T00:00:00,M,14,803.1359060799259,51900.0,28500.0,0.015474680271289516,110453.69428580273,1530.4608825595926,0.007271245305763917,0.0,0.0
BC,HG,2026-01-01T00:00:00,M,15,1304.1661229234742,51900.0,28900.000000000004,0.025128441674826092,110453.69428580273,1530.4608825595926,0.01180735629854896,0.0,0.0
BC,HG,2026-01-01T00:00:00,M,16,1906.5435596524003,51900.0,30800.000000000004,0.036734943345903666,110453.69428580273,1530.4608825595926,0.017261021208753356,0.0,0.0
BC,HG,2026-01-01T00:00:00,M,17,1809.7191656646391,51900.0,32100.000000000004,0.03486934808602388,110453.69428580273,1530.4608825595926,0.016384415001837137,0.0,0.0
BC,HG,2026-01-01T00:00:00,M,18,2613.2033168561866,51900.0,33700.0,0.0503507382823928,110453.69428580273,1530.4608825595926,0.02365881316829868,0.0,0.0
BC,HG,2026-01-01T00:00:00,M,19,5117.315850186438,51900.0,37300.0,0.09859953468567319,110453.69428580273,1530.4608825595926,0.04632996554144407,0.0,0.0
BC,HG,2026-01-01T00:00:00,M,20,3823.109656255474,51900.0,39300.0,0.07366299915713823,110453.69428580273,1530.4608825595926,0.03461278213441233,0.0,0.0
BC,HG,2026-01-01T00:00:00,M,21,2028.7337199814065,51900.0,39600.0,0.03908928169521014,110453.69428580273,1530.4608825595926,0.01836727809874777,0.0,0.0
BC,HG,2026-01-01T00:00:00,M,22,1033.6049817083767,51900.0,39300.0,0.01991531756663539,110453.69428580273,1530.4608825595926,0.009357812686951766,0.0,0.0
BC,HG,2026-01-01T00:00:00,M,23,836.7950376445515,51900.0,38300.0,0.01612321845172546,110453.69428580273,1530.4608825595926,0.0075759805324330355,0.0,0.0
BC,HG,2026-01-01T00:00:00,M,24,838.593473759116,51900.0,37000.0,0.016157870399982968,110453.69428580273,1530.4608825595926,0.007592262795567766,0.0,0.0
BC,HG,2026-01-01T00:00:00,M,25,942.7760096004858,51900.0,38999.99999999999,0.01816524103276466,110453.69428580273,1530.4608825595926,0.008535486437973007,0.0,0.0
BC,HG,2026-01-01T00:00:00,M,26,1047.1736858556615,51900.0,41000.0,0.020176756952902917,110453.69428580273,1530.4608825595926,0.009480657868681725,0.0,0.0
BC,HG,2026-01-01T00:00:00,M,27,1250.936460839177,51900.0,42100.0,0.024102821981487034,110453.69428580273,1530.4608825595926,0.01132543794870578,0.0,0.0
BC,HG,2026-01-01T00:00:00,M,28,1254.4247126104674,51900.0,42700.0,0.0241700329982749,110453.69428580273,1530.4608825595926,0.011357019072305543,0.0,0.0
BC,HG,2026-01-01T00:00:00,M,29,1159.3452693225918,51900.0,43600.0,0.02233805913916362,110453.69428580273,1530.4608825595926,0.01049621089470078,0.0,0.0
BC,HG,2026-01-01T00:00:00,M,30,1164.3989448156426,51900.0,44300.0,0.022435432462729145,110453.69428580273,1530.4608825595926,0.010541964687959827,0.0,0.0
BC,HG,2026-01-01T00:00:00,M,31,1170.413236839173,51900.0,45000.0,0.02255131477532125,110453.69428580273,1530.4608825595926,0.010596415488020603,0.0,0.0
BC,HG,2026-01-01T00:00:00,M,32,875.8992482324757,51900.0,44999.99999999999,0.016876671449566005,110453.69428580273,1530.4608825595926,0.007930013150724105,0.0,0.0
BC,HG,2026-01-01T00:00:00,M,33,880.4870665356866,51900.0,45000.0,0.01696506871937739,110453.69428580273,1530.4608825595926,0.007971549274371902,0.0,0.0
BC,HG,2026-01-01T00:00:00,M,34,985.6523736987583,51900.0,45400.0,0.01899137521577569,110453.69428580273,1530.4608825595926,0.008923670503481295,0.0,0.0
BC,HG,2026-01-01T00:00:00,M,35,989.4117459106274,51900.0,45600.00000000001,0.019063810133152743,110453.69428580273,1530.4608825595926,0.008957706234347313,0.0,0.0
BC,HG,2026-01-01T00:00:00,M,36,892.9842816975724,51900.0,45800.0,0.017205862845810646,110453.69428580273,1530.4608825595926,0.008084693658022384,0.0,0.0
BC,HG,2026-01-01T00:00:00,M,37,694.2583590827198,51900.0,45000.0,0.013376846995813485,110453.69428580273,1530.4608825595926,0.0062855150619616435,0.0,0.0
BC,HG,2026-01-01T00:00:00,M,38,594.7522528053669,51900.0,43600.00000000001,0.011459580978908803,110453.69428580273,1530.4608825595926,0.005384629791253744,0.0,0.0
BC,HG,2026-01-01T00:00:00,M,39,597.0426978293253,51900.0,43000.0,0.011503712867617059,110453.69428580273,1530.4608825595926,0.005405366490363436,0.0,0.0
BC,HG,2026-01-01T00:00:00,M,40,701.0532986347898,51900.0,43100.00000000001,0.013507770686604813,110453.69428580273,1530.4608825595926,0.006347033507279443,0.0,0.0
BC,HG,2026-01-01T00:00:00,M,41,603.7279411739073,51900.0,42300.0,0.011632522951327693,110453.69428580273,1530.4608825595926,0.005465891793639247,0.0,0.0
BC,HG,2026-01-01T00:00:00,M,42,606.2517687737272,51900.0,41300.0,0.011681151614137327,110453.69428580273,1530.4608825595926,0.005488741437701757,0.0,0.0
BC,HG,2026-01-01T00:00:00,M,43,608.6322736867878,51900.0,40199.99999999999,0.011727018760824428,110453.69428580273,1530.4608825595926,0.005510293500115359,0.0,0.0
BC,HG,2026-01-01T00:00:00,M,44,511.949844018367,51900.0,39299.99999999999,0.009864158844284527,110453.69428580273,1530.4608825595926,0.004634972576776646,0.0,0.0
BC,HG,2026-01-01T00:00:00,M,45,513.8332323469585,51900.0,38100.0,0.00990044763674294,110453.69428580273,1530.4608825595926,0.004652023960533156,0.0,0.0
BC,HG,2026-01-01T00:00:00,M,46,515.4299332297305,51900.0,36699.99999999999,0.009931212586314653,110453.69428580273,1530.4608825595926,0.004666479800087427,0.0,0.0
BC,HG,2026-01-01T00:00:00,M,47,416.571917547888,51900.0,35100.0,0.008026433864121156,110453.69428580273,1530.4608825595926,0.0037714620614679836,0.0,0.0
BC,HG,2026-01-01T00:00:00,M,48,418.57739189631684,51900.0,33900.0,0.00806507498836834,110453.69428580273,1530.4608825595926,0.0037896187592714957,0.0,0.0
BC,HG,2026-01-01T00:00:00,M,49,424.4915112929375,51900.0,33700.0,0.008179027192542149,110453.69428580273,1530.4608825595926,0.0038431626396718895,0.0,0.0
BC,HG,2026-01-01T00:00:00,M,50,329.459384560294,51900.0,33099.99999999999,0.006347965020429556,110453.69428580273,1530.4608825595926,0.0029827828457037074,0.0,0.0
BC,HG,2026-01-01T00:00:00,M,51,236.4959980798376,51900.0,32900.0,0.004556762968782998,110453.69428580273,1530.4608825595926,0.002141132531682427,0.0,0.0
BC,HG,2026-01-01T00:00:00,M,52,342.34207095621605,51900.0,32500.0,0.006596186338270059,110453.69428580273,1530.4608825595926,0.0030994171192716665,0.0,0.0
BC,HG,2026-01-01T00:00:00,M,53,151.3460079680226,51900.0,32400.0,0.002916108053333769,110453.69428580273,1530.4608825595926,0.0013702213307271516,0.0,0.0
BC,HG,2026-01-01T00:00:00,M,54,262.5029628266311,51900.0,32900.0,0.005057860555426418,110453.69428580273,1530.4608825595926,0.002376588347940592,0.0,0.0
BC,HG,2026-01-01T00:00:00,M,55,282.5258595506166,51900.0,34700.0,0.005443658180166023,110453.69428580273,1530.4608825595926,0.0025578669991749774,0.0,0.0
BC,HG,2026-01-01T00:00:00,M,56,195.40764747940557,51900.0,34800.0,0.003765079912897988,110453.69428580273,1530.4608825595926,0.0017691363674426457,0.0,0.0
BC,HG,2026-01-01T00:00:00,M,57,205.22880355445523,51900.0,34300.0,0.003954312207214937,110453.69428580273,1530.4608825595926,0.001858052868955371,0.0,0.0
BC,HG,2026-01-01T00:00:00,M,58,313.4030604116124,51900.0,33500.0,0.006038594612940509,110453.69428580273,1530.4608825595926,0.002837415827855166,0.0,0.0
BC,HG,2026-01-01T00:00:00,M,59,325.49118565866956,51900.0,33099.99999999999,0.006271506467411745,110453.69428580273,1530.4608825595926,0.0029468564882624017,0.0,0.0
BC,HG,2026-01-01T00:00:00,M,60,251.21507169070537,51900.0,34300.0,0.004840367469955788,110453.69428580273,1530.4608825595926,0.002274392661242074,0.0,0.0
BC,HG,2026-01-01T00:00:00,M,61,283.48765291427844,51900.0,36100.0,0.0054621898442057506,110453.69428580273,1530.4608825595926,0.002566574660515604,0.0,0.0
BC,HG,2026-01-01T00:00:00,M,62,217.2811197933479,51900.0,37500.0,0.004186534100064507,110453.69428580273,1530.4608825595926,0.001967169330082573,0.0,0.0
BC,HG,2026-01-01T00:00:00,M,63,346.8758164773608,51900.0,38199.99999999999,0.0066835417433017495,110453.69428580273,1530.4608825595926,0.0031404636913257757,0.0,0.0
BC,HG,2026-01-01T00:00:00,M,64,258.9050800083787,51900.0,36600.0,0.00498853718705932,110453.69428580273,1530.4608825595926,0.002344014672234076,0.0,0.0
BC,HG,2026-01-01T00:00:00,M,65,286.27521331126627,51900.0,36500.0,0.0055159000638008914,110453.69428580273,1530.4608825595926,0.0025918120273145354,0.0,0.0
BC,HG,2026-01-01T00:00:00,M,66,310.54949469735584,51900.0,35900.0,0.005983612614592598,110453.69428580273,1530.4608825595926,0.002811580877447144,0.0,0.0
BC,HG,2026-01-01T00:00:00,M,67,232.21165191791079,51900.0,34800.0,0.004474212946395198,110453.69428580273,1530.4608825595926,0.0021023439136137463,0.0,0.0
BC,HG,2026-01-01T00:00:00,M,68,265.9112680152175,51900.0,34600.0,0.005123531175630395,110453.69428580273,1530.4608825595926,0.0024074456697406876,0.0,0.0
BC,HG,2026-01-01T00:00:00,M,69,283.90527554033906,51900.0,33100.0,0.005470236522935242,110453.69428580273,1530.4608825595926,0.002570355635237735,0.0,0.0
BC,HG,2026-01-01T00:00:00,M,70,316.59971427575874,51900.0,32499.999999999996,0.006100187172943328,110453.69428580273,1530.4608825595926,0.0028663569500586017,0.0,0.0
BC,HG,2026-01-01T00:00:00,M,71,243.43037287837797,51900.0,31300.0,0.004690373273186474,110453.69428580273,1530.4608825595926,0.0022039133634452596,0.0,0.0
BC,HG,2026-01-01T00:00:00,M,72,158.96290230633895,51900.0,29399.999999999996,0.003062869023243525,110453.69428580273,1530.4608825595926,0.001439181399356521,0.0,0.0
BC,HG,2026-01-01T00:00:00,M,73,187.72401430731406,51900.0,28300.0,0.0036170330309694427,110453.69428580273,1530.4608825595926,0.0016995720742628284,0.0,0.0
BC,HG,2026-01-01T00:00:00,M,74,111.47178217642795,51900.0,26800.0,0.0021478185390448544,110453.69428580273,1530.4608825595926,0.0010092173276521732,0.0,0.0
BC,HG,2026-01-01T00:00:00,M,75,142.85212638395024,51900.0,25699.999999999996,0.0027524494486310257,110453.69428580273,1530.4608825595926,0.0012933213986878107,0.0,0.0
BC,HG,2026-01-01T00:00:00,M,76,86.2459514148286,51900.0,24900.0,0.0016617717035612447,110453.69428580273,1530.4608825595926,0.0007808335608192899,0.0,0.0
BC,HG,2026-01-01T00:00:00,M,77,206.53423491750073,51900.0,23400.0,0.003979465027312152,110453.69428580273,1530.4608825595926,0.0018698716801910337,0.0,0.0
BC,HG,2026-01-01T00:00:00,M,78,64.36038831975384,51900.0,22799.999999999996,0.001240084553367126,110453.69428580273,1530.4608825595926,0.0005826911334737172,0.0,0.0
BC,HG,2026-01-01T00:00:00,M,79,6.432718433436094,51900.0,21700.0,0.00012394447848624457,110453.69428580273,1530.4608825595926,5.823905189437316e-05,0.0,0.0
BC,HG,2026-01-01T00:00:00,M,80,12.014389311352716,51900.0,17300.0,0.0002314911235328076,110453.69428580273,1530.4608825595926,0.00010877308712069938,0.0,0.0
BC,HG,2026-01-01T00:00:00,M,81,103.86988619353178,51900.0,15499.999999999998,0.002001346554788666,110453.69428580273,1530.4608825595926,0.0009403930476491342,0.0,0.0
BC,HG,2026-01-01T00:00:00,M,82,40.44898355920668,51900.0,14600.0,0.0007793638450714197,110453.69428580273,1530.4608825595926,0.0003662076114407142,0.0,0.0
BC,HG,2026-01-01T00:00:00,M,83,51.15427661626927,51900.0,13300.0,0.0009856315340321632,110453.69428580273,1530.4608825595926,0.0004631287069847191,0.0,0.0
BC,HG,2026-01-01T00:00:00,M,84,20.812612217412607,51900.0,11400.0,0.0004010137228788556,110453.69428580273,1530.4608825595926,0.0001884283939255056,0.0,0.0
BC,HG,2026-01-01T00:00:00,M,85,15.43612437059528,51900.0,10100.0,0.0002974205081039553,110453.69428580273,1530.4608825595926,0.00013975199716411275,0.0,0.0
BC,HG,2026-01-01T00:00:00,M,86,-91.81526653346555,51900.0,8800.0,-0.001769080280028238,110453.69428580273,1530.4608825595926,0.0,0.059991906738518334,0.01043355301516654
BC,HG,2026-01-01T00:00:00,M,87,-8.747484520317812,51900.0,7700.0,-0.00016854498112365727,110453.69428580273,1530.4608825595926,0.0,0.00571558843483032,0.001136036950690625
BC,HG,2026-01-01T00:00:00,M,88,61.894215879106014,51900.0,6600.0,0.0011925667799442391,110453.69428580273,1530.4608825595926,0.0005603634742985835,0.0,0.0
BC,HG,2026-01-01T00:00:00,M,89,-51.992392517321605,51900.0,5600.0,-0.0010017802026458884,110453.69428580273,1530.4608825595926,0.0,0.03397172257703695,0.009284355806664573
BC,HG,2026-01-01T00:00:00,M,90,-54.46510438441328,51900.0,4900.0,-0.0010494239765782905,110453.69428580273,1530.4608825595926,0.0,0.03558738743673348,0.011115327425390465
BC,HG,2026-01-01T00:00:00,M,91,-104.83018013620813,51900.0,3900.0,-0.0020198493282506383,110453.69428580273,1530.4608825595926,0.0,0.068495824578598,0.026879533368258494
BC,HG,2026-01-01T00:00:00,M,92,-34.548186265707045,51900.0,3300.0,-0.0006656683288190182,110453.69428580273,1530.4608825595926,0.0,0.022573714009552163,0.010469147353244558
BC,HG,2026-01-01T00:00:00,M,93,-82.66289197105834,51900.0,2599.9999999999995,-0.001592733949346018,110453.69428580273,1530.4608825595926,0.0,0.054011763981063166,0.0317934199888686
BC,HG,2026-01-01T00:00:00,M,94,48.458717187980255,51900.0,2100.0,0.0009336939727934538,110453.69428580273,1530.4608825595926,0.0004387242771852579,0.0,0.0
BC,HG,2026-01-01T00:00:00,M,95,-3.8918637300757837,51900.0,1599.9999999999998,-7.498774046388794e-05,110453.69428580273,1530.4608825595926,0.0,0.002542935774723562,0.002432414831297365
BC,HG,2026-01-01T00:00:00,M,96,-77.18864033730733,51900.0,1100.0,-0.0014872570392544765,110453.69428580273,1530.4608825595926,0.0,0.05043489919730228,0.07017149121573393
BC,HG,2026-01-01T00:00:00,M,97,34.45242722770331,51900.0,800.0,0.0006638232606493895,110453.69428580273,1530.4608825595926,0.0003119173826685821,0.0,0.0
BC,HG,2026-01-01T00:00:00,M,98,-21.90469163756643,51900.0,500.0,-0.00042205571556004683,110453.69428580273,1530.4608825595926,0.0,0.014312480565287177,0.04380938327513286
BC,HG,2026-01-01T00:00:00,M,99,-62.51266856919614,51900.0,300.0,-0.0012044830167475171,110453.69428580273,1530.4608825595926,0.0,0.04084564936063437,0.20837556189732045
BC,HG,2026-01-01T00:00:00,M,100,288.7846291463237,51900.0,499.9999999999998,0.005564251043281767,110453.69428580273,1530.4608825595926,0.0026145311934889525,0.0,0.0
BC,HG,2027-01-01T00:00:00,F,1,380.3703207370854,53100.0,25600.000000000004,0.007163282876404622,105321.98099127896,1425.54961771911,0.0036114998707495014,0.0,0.0
BC,HG,2027-01-01T00:00:00,F,2,403.5133217033035,53100.0,25400.0,0.007599120936032082,105321.98099127896,1425.54961771911,0.003831235587343499,0.0,0.0
BC,HG,2027-01-01T00:00:00,F,3,402.7769242156064,53100.0,25099.999999999996,0.00758525281008675,105321.98099127896,1425.54961771911,0.003824243718402503,0.0,0.0
BC,HG,2027-01-01T00:00:00,F,4,402.2859941066017,53100.0,24800.0,0.007576007421969901,105321.98099127896,1425.54961771911,0.0038195824871534883,0.0,0.0
BC,HG,2027-01-01T00:00:00,F,5,502.0320975767827,53100.0,24600.0,0.009454465114440352,105321.98099127896,1425.54961771911,0.00476664123530256,0.0,0.0
BC,HG,2027-01-01T00:00:00,F,6,601.7088721255677,53100.0,23400.000000000004,0.011331617177505984,105321.98099127896,1425.54961771911,0.005713041726545111,0.0,0.0
BC,HG,2027-01-01T00:00:00,F,7,501.5280530029813,53100.0,23800.0,0.009444972749585336,105321.98099127896,1425.54961771911,0.004761855486220959,0.0,0.0
BC,HG,2027-01-01T00:00:00,F,8,401.35472915239734,53100.0,24500.0,0.0075584694755630386,105321.98099127896,1425.54961771911,0.0038107404112122704,0.0,0.0
BC,HG,2027-01-01T00:00:00,F,9,401.40532069751134,53100.0,25400.0,0.007559422235358029,105321.98099127896,1425.54961771911,0.0038112207624612484,0.0,0.0
BC,HG,2027-01-01T00:00:00,F,10,501.43904839424795,53100.0,26099.999999999996,0.00944329657992934,105321.98099127896,1425.54961771911,0.004761010414680378,0.0,0.0
BC,HG,2027-01-01T00:00:00,F,11,401.4502909598268,53100.0,26199.999999999996,0.007560269132953424,105321.98099127896,1425.54961771911,0.0038116477413491522,0.0,0.0
BC,HG,2027-01-01T00:00:00,F,12,401.70512352264996,53100.0,26400.000000000004,0.007565068239597928,105321.98099127896,1425.54961771911,0.003814067298600399,0.0,0.0
BC,HG,2027-01-01T00:00:00,F,13,501.97119898694655,53100.0,26799.999999999996,0.009453318248341743,105321.98099127896,1425.54961771911,0.00476606302181604,0.0,0.0
BC,HG,2027-01-01T00:00:00,F,14,702.2513280207495,53100.0,27400.0,0.013225072090786242,105321.98099127896,1425.54961771911,0.0066676615974294905,0.0,0.0
BC,HG,2027-01-01T00:00:00,F,15,1203.0355042032897,53100.0,28199.999999999996,0.022656035860702254,105321.98099127896,1425.54961771911,0.011422454200732375,0.0,0.0
BC,HG,2027-01-01T00:00:00,F,16,2204.379946586363,53100.0,29700.000000000004,0.0415137466400445,105321.98099127896,1425.54961771911,0.020929913450535017,0.0,0.0
BC,HG,2027-01-01T00:00:00,F,17,2006.6556744465124,53100.0,31600.000000000004,0.037790125695791196,105321.98099127896,1425.54961771911,0.01905258195449885,0.0,0.0
BC,HG,2027-01-01T00:00:00,F,18,2608.741227164599,53100.0,33700.0,0.04912883666976646,105321.98099127896,1425.54961771911,0.02476920014807367,0.0,0.0
BC,HG,2027-01-01T00:00:00,F,19,5011.19780737062,53100.0,38200.0,0.09437284006347683,105321.98099127896,1425.54961771911,0.04757979065913662,0.0,0.0
BC,HG,2027-01-01T00:00:00,F,20,3214.0591388687535,53100.0,39800.0,0.06052842069432681,105321.98099127896,1425.54961771911,0.030516508601702897,0.0,0.0
BC,HG,2027-01-01T00:00:00,F,21,1516.0210503593917,53100.0,39500.0,0.02855030226665521,105321.98099127896,1425.54961771911,0.01439415624441135,0.0,0.0
BC,HG,2027-01-01T00:00:00,F,22,517.1341242004637,53100.0,38600.00000000001,0.009738872395488958,105321.98099127896,1425.54961771911,0.004910030359600664,0.0,0.0
BC,HG,2027-01-01T00:00:00,F,23,717.9183478728155,53100.0,38200.0,0.01352011954562741,105321.98099127896,1425.54961771911,0.006816415159645181,0.0,0.0
BC,HG,2027-01-01T00:00:00,F,24,1018.0251780365652,53100.0,37299.99999999999,0.01917184892724228,105321.98099127896,1425.54961771911,0.009665837733538844,0.0,0.0
BC,HG,2027-01-01T00:00:00,F,25,1217.7272412095263,53100.0,36900.0,0.022932716406959062,105321.98099127896,1425.54961771911,0.011561947750587396,0.0,0.0
BC,HG,2027-01-01T00:00:00,F,26,1019.0183007934029,53100.0,39300.0,0.019190551804018886,105321.98099127896,1425.54961771911,0.009675267130398745,0.0,0.0
BC,HG,2027-01-01T00:00:00,F,27,1120.1360450599022,53100.0,40900.0,0.021094840773256164,105321.98099127896,1425.54961771911,0.010635349188434402,0.0,0.0
BC,HG,2027-01-01T00:00:00,F,28,1120.8696578654926,53100.0,41600.0,0.02110865645697726,105321.98099127896,1425.54961771911,0.010642314617670404,0.0,0.0
BC,HG,2027-01-01T00:00:00,F,29,1121.8956013500065,53100.0,42099.99999999999,0.021127977426553795,105321.98099127896,1425.54961771911,0.010652055637302373,0.0,0.0
BC,HG,2027-01-01T00:00:00,F,30,1122.7191744741503,53100.0,42199.99999999999,0.021143487278232585,105321.98099127896,1425.54961771911,0.010659875212251424,0.0,0.0
BC,HG,2027-01-01T00:00:00,F,31,1024.7457615812164,53100.0,43600.0,0.01929841358910012,105321.98099127896,1425.54961771911,0.009729647619010023,0.0,0.0
BC,HG,2027-01-01T00:00:00,F,32,826.4041652960295,53100.0,43500.0,0.015563166954727486,105321.98099127896,1425.54961771911,0.00784645481900363,0.0,0.0
BC,HG,2027-01-01T00:00:00,F,33,828.1356570145144,53100.0,43700.0,0.015595775085019104,105321.98099127896,1425.54961771911,0.007862894803346768,0.0,0.0
BC,HG,2027-01-01T00:00:00,F,34,930.4265183309471,53100.0,44200.0,0.0175221566540668,105321.98099127896,1425.54961771911,0.00883411524900951,0.0,0.0
BC,HG,2027-01-01T00:00:00,F,35,833.0546868314996,53100.0,44900.0,0.015688412181384174,105321.98099127896,1425.54961771911,0.00790959948712396,0.0,0.0
BC,HG,2027-01-01T00:00:00,F,36,836.1916690784346,53100.0,45200.00000000001,0.015747489059857525,105321.98099127896,1425.54961771911,0.007939384174208367,0.0,0.0
BC,HG,2027-01-01T00:00:00,F,37,739.3680302146604,53100.0,45400.0,0.01392406836562449,105321.98099127896,1425.54961771911,0.007020073333750556,0.0,0.0
BC,HG,2027-01-01T00:00:00,F,38,541.5428341436054,53100.0,44400.0,0.010198546782365451,105321.98099127896,1425.54961771911,0.005141783595852105,0.0,0.0
BC,HG,2027-01-01T00:00:00,F,39,642.9043385180339,53100.0,43799.99999999999,0.012107426337439433,105321.98099127896,1425.54961771911,0.006104180081565962,0.0,0.0
BC,HG,2027-01-01T00:00:00,F,40,544.09626488301,53100.0,42900.0,0.010246633990263841,105321.98099127896,1425.54961771911,0.005166027639833921,0.0,0.0
BC,HG,2027-01-01T00:00:00,F,41,445.6854348337001,53100.0,42800.0,0.00839332268990019,105321.98099127896,1425.54961771911,0.004231646904463413,0.0,0.0
BC,HG,2027-01-01T00:00:00,F,42,546.2711422551074,53100.0,42000.0,0.010287592132864546,105321.98099127896,1425.54961771911,0.005186677435362145,0.0,0.0
BC,HG,2027-01-01T00:00:00,F,43,547.2503714928462,53100.0,41499.99999999999,0.010306033361447198,105321.98099127896,1425.54961771911,0.00519597491750711,0.0,0.0
BC,HG,2027-01-01T00:00:00,F,44,448.5716238287714,53100.0,40900.0,0.00844767653161528,105321.98099127896,1425.54961771911,0.004259050386318832,0.0,0.0
BC,HG,2027-01-01T00:00:00,F,45,450.22085066131694,53100.0,40400.0,0.008478735417350601,105321.98099127896,1425.54961771911,0.00427470929072818,0.0,0.0
BC,HG,2027-01-01T00:00:00,F,46,450.99500180333416,53100.0,39000.0,0.008493314534902714,105321.98099127896,1425.54961771911,0.004282059619071143,0.0,0.0
BC,HG,2027-01-01T00:00:00,F,47,352.55620992528566,53100.0,38200.0,0.006639476646427225,105321.98099127896,1425.54961771911,0.0033474133946880336,0.0,0.0
BC,HG,2027-01-01T00:00:00,F,48,353.10463584824174,53100.0,36400.0,0.006649804818234308,105321.98099127896,1425.54961771911,0.0033526205311071775,0.0,0.0
BC,HG,2027-01-01T00:00:00,F,49,254.76622899210633,53100.0,35200.00000000001,0.004797857419813679,105321.98099127896,1425.54961771911,0.002418927431807439,0.0,0.0
BC,HG,2027-01-01T00:00:00,F,50,258.1988118281297,53100.0,34900.00000000001,0.004862501164371557,105321.98099127896,1425.54961771911,0.0024515187560848243,0.0,0.0
BC,HG,2027-01-01T00:00:00,F,51,263.11290736779483,53100.0,35100.0,0.0049550453364933114,105321.98099127896,1425.54961771911,0.002498176590407861,0.0,0.0
BC,HG,2027-01-01T00:00:00,F,52,267.04421978112805,53100.0,34600.00000000001,0.005029081351810321,105321.98099127896,1425.54961771911,0.0025355031995005894,0.0,0.0
BC,HG,2027-01-01T00:00:00,F,53,271.9923066654883,53100.0,34500.0,0.00512226566225025,105321.98099127896,1425.54961771911,0.0025824837712462912,0.0,0.0
BC,HG,2027-01-01T00:00:00,F,54,278.2318042968327,53100.0,34700.0,0.005239770325740729,105321.98099127896,1425.54961771911,0.0026417258930960604,0.0,0.0
BC,HG,2027-01-01T00:00:00,F,55,185.92582388534356,53100.0,35100.0,0.003501427945110048,105321.98099127896,1425.54961771911,0.001765308838054792,0.0,0.0
BC,HG,2027-01-01T00:00:00,F,56,199.52916113076208,53100.0,37500.0,0.0037576113207299826,105321.98099127896,1425.54961771911,0.0018944683650346816,0.0,0.0
BC,HG,2027-01-01T00:00:00,F,57,308.23032591883384,53100.0,37700.0,0.005804714235759583,105321.98099127896,1425.54961771911,0.0029265526817650383,0.0,0.0
BC,HG,2027-01-01T00:00:00,F,58,217.05559588396136,53100.0,37500.00000000001,0.004087676005347671,105321.98099127896,1425.54961771911,0.002060876503091357,0.0,0.0
BC,HG,2027-01-01T00:00:00,F,59,223.1394638951533,53100.0,36300.0,0.004202249790869177,105321.98099127896,1425.54961771911,0.0021186409692923462,0.0,0.0
BC,HG,2027-01-01T00:00:00,F,60,230.996895383636,53100.0,35400.0,0.004350224018524218,105321.98099127896,1425.54961771911,0.002193244878319972,0.0,0.0
BC,HG,2027-01-01T00:00:00,F,61,248.23270831295667,53100.0,36800.0,0.004674815599114062,105321.98099127896,1425.54961771911,0.002356893651036731,0.0,0.0
BC,HG,2027-01-01T00:00:00,F,62,368.614899452019,53100.0,38400.00000000001,0.0069419001780041244,105321.98099127896,1425.54961771911,0.0034998857406844794,0.0,0.0
BC,HG,2027-01-01T00:00:00,F,63,294.50735087666544,53100.0,40400.00000000001,0.005546277794287484,105321.98099127896,1425.54961771911,0.002796257230492576,0.0,0.0
BC,HG,2027-01-01T00:00:00,F,64,313.0204664550256,53100.0,40400.0,0.005894924038701047,105321.98099127896,1425.54961771911,0.0029720336012379485,0.0,0.0
BC,HG,2027-01-01T00:00:00,F,65,224.73576415818388,53100.0,38800.0,0.0042323119427153276,105321.98099127896,1425.54961771911,0.0021337973521101243,0.0,0.0
BC,HG,2027-01-01T00:00:00,F,66,247.83506139645033,53100.0,38999.99999999999,0.00466732695661865,105321.98099127896,1425.54961771911,0.0023531181151726717,0.0,0.0
BC,HG,2027-01-01T00:00:00,F,67,270.242754474355,53100.0,38700.0,0.005089317410063183,105321.98099127896,1425.54961771911,0.002565872308238601,0.0,0.0
BC,HG,2027-01-01T00:00:00,F,68,192.08203160878475,53100.0,37900.0,0.003617364060429091,105321.98099127896,1425.54961771911,0.0018237601477006952,0.0,0.0
BC,HG,2027-01-01T00:00:00,F,69,218.6300321945455,53100.0,37500.00000000001,0.00411732640667694,105321.98099127896,1425.54961771911,0.0020758252943670783,0.0,0.0
BC,HG,2027-01-01T00:00:00,F,70,241.14889203303028,53100.0,36400.00000000001,0.004541410396102265,105321.98099127896,1425.54961771911,0.002289634981827756,0.0,0.0
BC,HG,2027-01-01T00:00:00,F,71,269.5343526115903,53100.0,35700.0,0.005075976508692849,105321.98099127896,1425.54961771911,0.002559146249194731,0.0,0.0
BC,HG,2027-01-01T00:00:00,F,72,100.83992709634913,53100.0,34800.0,0.001899057007464202,105321.98099127896,1425.54961771911,0.0009574442689669788,0.0,0.0
BC,HG,2027-01-01T00:00:00,F,73,123.7495674379461,53100.0,33200.0,0.0023305003283982315,105321.98099127896,1425.54961771911,0.0011749642977964211,0.0,0.0
BC,HG,2027-01-01T00:00:00,F,74,144.7169696701094,53100.0,31400.000000000004,0.0027253666604540377,105321.98099127896,1425.54961771911,0.001374043369751016,0.0,0.0
BC,HG,2027-01-01T00:00:00,F,75,168.8935430234087,53100.0,29800.000000000004,0.003180669360139524,105321.98099127896,1425.54961771911,0.0016035925400737924,0.0,0.0
BC,HG,2027-01-01T00:00:00,F,76,2.405128655696899,53100.0,28500.000000000007,4.5294324966043296e-05,105321.98099127896,1425.54961771911,2.2835961050676138e-05,0.0,0.0
BC,HG,2027-01-01T00:00:00,F,77,45.82834202120284,53100.0,27800.000000000004,0.0008630572885348934,105321.98099127896,1425.54961771911,0.0004351260922921455,0.0,0.0
BC,HG,2027-01-01T00:00:00,F,78,69.86477121690768,53100.0,26000.0,0.0013157207385481673,105321.98099127896,1425.54961771911,0.000663344636697374,0.0,0.0
BC,HG,2027-01-01T00:00:00,F,79,116.90461505733401,53100.0,25200.0,0.0022015935039045955,105321.98099127896,1425.54961771911,0.0011099735682622046,0.0,0.0
BC,HG,2027-01-01T00:00:00,F,80,-34.52330757722302,53100.0,24100.000000000004,-0.0006501564515484561,105321.98099127896,1425.54961771911,0.0,0.024217541885676746,0.0014325023890963907
BC,HG,2027-01-01T00:00:00,F,81,-5.193312564111693,53100.0,19200.000000000004,-9.780249649927859e-05,105321.98099127896,1425.54961771911,0.0,0.0036430247671217727,0.0002704850293808173
BC,HG,2027-01-01T00:00:00,F,82,2.740030131786625,53100.0,17300.000000000004,5.1601320749277307e-05,105321.98099127896,1425.54961771911,2.6015748146756844e-05,0.0,0.0
BC,HG,2027-01-01T00:00:00,F,83,-57.62924486763404,53100.0,16300.0,-0.0010852965135147653,105321.98099127896,1425.54961771911,0.0,0.04042598317962531,0.003535536494946874
BC,HG,2027-01-01T00:00:00,F,84,-41.74592576321993,53100.0,14800.000000000002,-0.0007861756264259873,105321.98099127896,1425.54961771911,0.0,0.02928409172457548,0.0028206706596770217
BC,HG,2027-01-01T00:00:00,F,85,49.864716501762814,53100.0,13000.000000000002,0.0009390718738561735,105321.98099127896,1425.54961771911,0.0004734502335831662,0.0,0.0
BC,HG,2027-01-01T00:00:00,F,86,-26.879868293191976,53100.0,11800.0,-0.0005062122089113366,105321.98099127896,1425.54961771911,0.0,0.01885579285286468,0.002277954940101015
BC,HG,2027-01-01T00:00:00,F,87,-31.63330829366714,53100.0,10300.0,-0.0005957308529880818,105321.98099127896,1425.54961771911,0.0,0.022190254131091325,0.0030711949799676836
BC,HG,2027-01-01T00:00:00,F,88,-33.984955258258196,53100.0,9000.0,-0.0006400179897977061,105321.98099127896,1425.54961771911,0.0,0.02383989644122972,0.0037761061398064663
BC,HG,2027-01-01T00:00:00,F,89,-108.58127265787243,53100.0,8100.000000000001,-0.0020448450594702907,105321.98099127896,1425.54961771911,0.0,0.0761680065767218,0.013405095389860792
BC,HG,2027-01-01T00:00:00,F,90,-104.61622694106427,53100.0,7100.000000000001,-0.0019701737653684418,105321.98099127896,1425.54961771911,0.0,0.07338659113700371,0.01473467985085412
BC,HG,2027-01-01T00:00:00,F,91,-110.87311745467468,53100.0,6100.000000000002,-0.002088005978430785,105321.98099127896,1425.54961771911,0.0,0.07777569863339621,0.01817592089420896
BC,HG,2027-01-01T00:00:00,F,92,-43.839449537408655,53100.0,5100.000000000001,-0.0008256016862035528,105321.98099127896,1425.54961771911,0.0,0.030752664791529386,0.008595970497531108
BC,HG,2027-01-01T00:00:00,F,93,-75.16280373863356,53100.0,4200.0,-0.001415495362309483,105321.98099127896,1425.54961771911,0.0,0.05272549113996789,0.017895905652055608
BC,HG,2027-01-01T00:00:00,F,94,0.8478477415551424,53100.0,3600.0,1.596700078258272e-05,105321.98099127896,1425.54961771911,8.050055017720823e-06,0.0,0.0
BC,HG,2027-01-01T00:00:00,F,95,-56.97229624395641,53100.0,2800.0000000000005,-0.0010729245996978609,105321.98099127896,1425.54961771911,0.0,0.039965144345598086,0.020347248658555857
BC,HG,2027-01-01T00:00:00,F,96,-6.062883983012398,53100.0,2300.0000000000005,-0.000114178606083096,105321.98099127896,1425.54961771911,0.0,0.00425301505303832,0.002636036514353216
BC,HG,2027-01-01T00:00:00,F,97,-71.59068716608544,53100.0,1699.9999999999998,-0.0013482238637680874,105321.98099127896,1425.54961771911,0.0,0.05021970913971488,0.04211216892122674
BC,HG,2027-01-01T00:00:00,F,98,-36.02273523210465,53100.0,1300.0,-0.000678394260491613,105321.98099127896,1425.54961771911,0.0,0.025269366133843375,0.02770979633238819
BC,HG,2027-01-01T00:00:00,F,99,-95.25875879921443,53100.0,900.0,-0.0017939502598722115,105321.98099127896,1425.54961771911,0.0,0.06682247858312301,0.10584306533246048
BC,HG,2027-01-01T00:00:00,F,100,1129.9767272427712,53100.0,1800.0,0.02128016435485445,105321.98099127896,1425.54961771911,0.010728783456288552,0.0,0.0
BC,HG,2027-01-01T00:00:00,M,1,487.8883245647121,53100.0,26999.999999999996,0.009188104040766707,105321.98099127896,1425.54961771911,0.0046323504359940875,0.0,0.0
BC,HG,2027-01-01T00:00:00,M,2,405.61829671741,53100.0,26800.0,0.007638762650045386,105321.98099127896,1425.54961771911,0.003851221681360101,0.0,0.0
BC,HG,2027-01-01T00:00:00,M,3,403.8787510910515,53100.0,26600.000000000004,0.007606002845405867,105321.98099127896,1425.54961771911,0.0038347052276247458,0.0,0.0
BC,HG,2027-01-01T00:00:00,M,4,502.6360974628042,53100.0,26400.0,0.009465839876888968,105321.98099127896,1425.54961771911,0.00477237602950541,0.0,0.0
BC,HG,2027-01-01T00:00:00,M,5,502.14014893562853,53100.0,26200.0,0.00945649997995534,105321.98099127896,1425.54961771911,0.004767667149910592,0.0,0.0
BC,HG,2027-01-01T00:00:00,M,6,601.5803583736379,53100.0,24999.999999999996,0.011329196956189037,105321.98099127896,1425.54961771911,0.005711821527772544,0.0,0.0
BC,HG,2027-01-01T00:00:00,M,7,501.41010793994064,53100.0,25900.0,0.00944275156195745,105321.98099127896,1425.54961771911,0.004760735633917284,0.0,0.0
BC,HG,2027-01-01T00:00:00,M,8,501.4323143641923,53100.0,26300.0,0.00944316976203752,105321.98099127896,1425.54961771911,0.004760946477124397,0.0,0.0
BC,HG,2027-01-01T00:00:00,M,9,501.4711756066281,53100.0,27000.0,0.009443901612177553,105321.98099127896,1425.54961771911,0.004761315452736801,0.0,0.0
BC,HG,2027-01-01T00:00:00,M,10,501.5211400611952,53100.0,27900.000000000004,0.009444842562357725,105321.98099127896,1425.54961771911,0.004761789849952812,0.0,0.0
BC,HG,2027-01-01T00:00:00,M,11,501.53779487938664,53100.0,28200.000000000004,0.009445156212417828,105321.98099127896,1425.54961771911,0.004761947982358172,0.0,0.0
BC,HG,2027-01-01T00:00:00,M,12,402.10961345715623,53100.0,28899.999999999996,0.007572685752488818,105321.98099127896,1425.54961771911,0.0038179078068276396,0.0,0.0
BC,HG,2027-01-01T00:00:00,M,13,502.348334629758,53100.0,28700.000000000004,0.009460420614496385,105321.98099127896,1425.54961771911,0.004769643809409113,0.0,0.0
BC,HG,2027-01-01T00:00:00,M,14,803.1644296457307,53100.0,29300.0,0.015125507149637113,105321.98099127896,1425.54961771911,0.007625800636167635,0.0,0.0
BC,HG,2027-01-01T00:00:00,M,15,1204.2192521410325,53100.0,29700.000000000004,0.022678328665556167,105321.98099127896,1425.54961771911,0.011433693525388079,0.0,0.0
BC,HG,2027-01-01T00:00:00,M,16,1906.4177429440206,53100.0,30799.999999999996,0.03590240570516046,105321.98099127896,1425.54961771911,0.018100853449593574,0.0,0.0
BC,HG,2027-01-01T00:00:00,M,17,1809.6896058825005,53100.0,32599.999999999996,0.03408078353827684,105321.98099127896,1425.54961771911,0.017182449369541854,0.0,0.0
BC,HG,2027-01-01T00:00:00,M,18,2713.365881176145,53100.0,34800.0,0.051099169137027216,105321.98099127896,1425.54961771911,0.02576257924165727,0.0,0.0
BC,HG,2027-01-01T00:00:00,M,19,5317.774144285111,53100.0,39000.0,0.1001464057304164,105321.98099127896,1425.54961771911,0.05049063922112747,0.0,0.0
BC,HG,2027-01-01T00:00:00,M,20,3823.8147355036563,53100.0,41100.0,0.0720115769398052,105321.98099127896,1425.54961771911,0.03630595151661913,0.0,0.0
BC,HG,2027-01-01T00:00:00,M,21,1829.4556970344784,53100.0,41100.0,0.034453026309500534,105321.98099127896,1425.54961771911,0.017370122360174406,0.0,0.0
BC,HG,2027-01-01T00:00:00,M,22,834.0779737978373,53100.0,40399.99999999999,0.01570768312236982,105321.98099127896,1425.54961771911,0.00791931528392826,0.0,0.0
BC,HG,2027-01-01T00:00:00,M,23,537.8203105373177,53100.0,39800.0,0.010128442759648167,105321.98099127896,1425.54961771911,0.005106439372630592,0.0,0.0
BC,HG,2027-01-01T00:00:00,M,24,640.0478623611125,53100.0,38900.00000000001,0.012053632059531309,105321.98099127896,1425.54961771911,0.006077058714022011,0.0,0.0
BC,HG,2027-01-01T00:00:00,M,25,840.7429766737987,53100.0,37800.0,0.01583320106730318,105321.98099127896,1425.54961771911,0.007982597447947881,0.0,0.0
BC,HG,2027-01-01T00:00:00,M,26,945.1108112710644,53100.0,39900.0,0.01779869701075451,105321.98099127896,1425.54961771911,0.008973538119733268,0.0,0.0
BC,HG,2027-01-01T00:00:00,M,27,1150.0802026573947,53100.0,42100.0,0.021658760878670334,105321.98099127896,1425.54961771911,0.010919659807316247,0.0,0.0
BC,HG,2027-01-01T00:00:00,M,28,1054.151121816656,53100.0,43100.0,0.01985218685153778,105321.98099127896,1425.54961771911,0.010008842521713902,0.0,0.0
BC,HG,2027-01-01T00:00:00,M,29,958.4794223263234,53100.0,43600.00000000001,0.018050459930815884,105321.98099127896,1425.54961771911,0.00910046899332143,0.0,0.0
BC,HG,2027-01-01T00:00:00,M,30,1063.7470814068438,53100.0,44600.00000000001,0.020032901721409486,105321.98099127896,1425.54961771911,0.010099953223391477,0.0,0.0
BC,HG,2027-01-01T00:00:00,M,31,969.6904506087667,53100.0,45200.0,0.01826159040694476,105321.98099127896,1425.54961771911,0.009206914278312526,0.0,0.0
BC,HG,2027-01-01T00:00:00,M,32,775.7893918491318,53100.0,45700.0,0.014609969714672915,105321.98099127896,1425.54961771911,0.007365883024108424,0.0,0.0
BC,HG,2027-01-01T00:00:00,M,33,880.3707301970935,53100.0,45800.0,0.01657948644438971,105321.98099127896,1425.54961771911,0.008358850848713066,0.0,0.0
BC,HG,2027-01-01T00:00:00,M,34,984.9521438830052,53100.0,45900.0,0.018549004592900285,105321.98099127896,1425.54961771911,0.009351819388628502,0.0,0.0
BC,HG,2027-01-01T00:00:00,M,35,889.0688762381615,53100.0,46200.0,0.016743293337818484,105321.98099127896,1425.54961771911,0.00844143708531061,0.0,0.0
BC,HG,2027-01-01T00:00:00,M,36,892.4156428990464,53100.0,46399.99999999999,0.01680632095855078,105321.98099127896,1425.54961771911,0.008473213611249314,0.0,0.0
BC,HG,2027-01-01T00:00:00,M,37,695.3644427701001,53100.0,46400.0,0.013095375570058384,105321.98099127896,1425.54961771911,0.006602272728118158,0.0,0.0
BC,HG,2027-01-01T00:00:00,M,38,597.0307774655739,53100.0,45500.0,0.011243517466394988,105321.98099127896,1425.54961771911,0.00566862464840089,0.0,0.0
BC,HG,2027-01-01T00:00:00,M,39,497.6440654982216,53100.0,44000.00000000001,0.009371827975484399,105321.98099127896,1425.54961771911,0.004724978212662258,0.0,0.0
BC,HG,2027-01-01T00:00:00,M,40,600.2804423078269,53100.0,43500.0,0.011304716427642691,105321.98099127896,1425.54961771911,0.005699479222267308,0.0,0.0
BC,HG,2027-01-01T00:00:00,M,41,504.90201591236837,53100.0,43500.0,0.009508512540722568,105321.98099127896,1425.54961771911,0.0047938902322220475,0.0,0.0
BC,HG,2027-01-01T00:00:00,M,42,508.04495309298363,53100.0,42700.0,0.009567701564839616,105321.98099127896,1425.54961771911,0.004823731459580613,0.0,0.0
BC,HG,2027-01-01T00:00:00,M,43,510.8428363619387,53100.0,41700.00000000001,0.00962039239852992,105321.98099127896,1425.54961771911,0.004850296505572168,0.0,0.0
BC,HG,2027-01-01T00:00:00,M,44,513.472426787237,53100.0,40600.0,0.009669913875465858,105321.98099127896,1425.54961771911,0.004875263662480431,0.0,0.0
BC,HG,2027-01-01T00:00:00,M,45,416.3889764923515,53100.0,39600.0,0.007841600310590424,105321.98099127896,1425.54961771911,0.0039534859919396126,0.0,0.0
BC,HG,2027-01-01T00:00:00,M,46,418.830990211296,53100.0,38399.99999999999,0.007887589269515933,105321.98099127896,1425.54961771911,0.003976672165385654,0.0,0.0
BC,HG,2027-01-01T00:00:00,M,47,420.57995035832573,53100.0,37000.0,0.00792052637209653,105321.98099127896,1425.54961771911,0.00399327800711564,0.0,0.0
BC,HG,2027-01-01T00:00:00,M,48,321.49700454423873,53100.0,35300.0,0.006054557524373611,105321.98099127896,1425.54961771911,0.0030525157381046586,0.0,0.0
BC,HG,2027-01-01T00:00:00,M,49,323.9339991634988,53100.0,34099.99999999999,0.0061004519616478115,105321.98099127896,1425.54961771911,0.003075654256734135,0.0,0.0
BC,HG,2027-01-01T00:00:00,M,50,230.066893822368,53100.0,33799.99999999999,0.004332709864828022,105321.98099127896,1425.54961771911,0.002184414797908315,0.0,0.0
BC,HG,2027-01-01T00:00:00,M,51,235.1061718045603,53100.0,33200.0,0.004427611521743132,105321.98099127896,1425.54961771911,0.002232261201239919,0.0,0.0
BC,HG,2027-01-01T00:00:00,M,52,242.20989824279968,53100.0,33000.0,0.004561391680655362,105321.98099127896,1425.54961771911,0.002299708911313162,0.0,0.0
BC,HG,2027-01-01T00:00:00,M,53,148.90685750234115,53100.0,32499.999999999996,0.002804272269347291,105321.98099127896,1425.54961771911,0.0014138250733687888,0.0,0.0
BC,HG,2027-01-01T00:00:00,M,54,257.4491038716842,53100.0,32500.0,0.004848382370464863,105321.98099127896,1425.54961771911,0.0024444005083136626,0.0,0.0
BC,HG,2027-01-01T00:00:00,M,55,270.2372618991103,53100.0,33000.0,0.005089213971734658,105321.98099127896,1425.54961771911,0.002565820157916389,0.0,0.0
BC,HG,2027-01-01T00:00:00,M,56,191.11952173163445,53100.0,34700.0,0.0035992376973942456,105321.98099127896,1425.54961771911,0.0018146214107714119,0.0,0.0
BC,HG,2027-01-01T00:00:00,M,57,304.23951737451716,53100.0,34900.0,0.00572955776599844,105321.98099127896,1425.54961771911,0.0028886611751036974,0.0,0.0
BC,HG,2027-01-01T00:00:00,M,58,314.96513414291985,53100.0,34399.99999999999,0.00593154678235254,105321.98099127896,1425.54961771911,0.002990497626217267,0.0,0.0
BC,HG,2027-01-01T00:00:00,M,59,224.53491014972678,53100.0,33500.0,0.004228529381350787,105321.98099127896,1425.54961771911,0.00213189030472489,0.0,0.0
BC,HG,2027-01-01T00:00:00,M,60,237.79740055767616,53100.0,33100.0,0.00447829379581311,105321.98099127896,1425.54961771911,0.0022578135952206085,0.0,0.0
BC,HG,2027-01-01T00:00:00,M,61,364.2122937526583,53100.0,34400.0,0.006858988582912585,105321.98099127896,1425.54961771911,0.003458084345971582,0.0,0.0
BC,HG,2027-01-01T00:00:00,M,62,298.81365002689563,53100.0,36099.99999999999,0.0056273757067211985,105321.98099127896,1425.54961771911,0.0028371442239738965,0.0,0.0
BC,HG,2027-01-01T00:00:00,M,63,334.02897283792845,53100.0,37500.0,0.006290564460224642,105321.98099127896,1425.54961771911,0.003171502944533366,0.0,0.0
BC,HG,2027-01-01T00:00:00,M,64,266.4586296209818,53100.0,38100.0,0.005018053288530731,105321.98099127896,1425.54961771911,0.002529943200014872,0.0,0.0
BC,HG,2027-01-01T00:00:00,M,65,278.9233433388072,53100.0,36500.0,0.005252793659864542,105321.98099127896,1425.54961771911,0.0026482918448135057,0.0,0.0
BC,HG,2027-01-01T00:00:00,M,66,308.3358471614847,53100.0,36400.0,0.005806701453135305,105321.98099127896,1425.54961771911,0.002927554573693558,0.0,0.0
BC,HG,2027-01-01T00:00:00,M,67,234.90298613558843,53100.0,35700.0,0.004423785049634434,105321.98099127896,1425.54961771911,0.0022303320154511645,0.0,0.0
BC,HG,2027-01-01T00:00:00,M,68,257.06862610300595,53100.0,34600.0,0.004841217064086741,105321.98099127896,1425.54961771911,0.0024407879882575715,0.0,0.0
BC,HG,2027-01-01T00:00:00,M,69,293.2646272699785,53100.0,34399.99999999999,0.005522874336534435,105321.98099127896,1425.54961771911,0.002784457949896156,0.0,0.0
BC,HG,2027-01-01T00:00:00,M,70,213.01815480661753,53100.0,32799.99999999999,0.004011641333457957,105321.98099127896,1425.54961771911,0.00202254223479006,0.0,0.0
BC,HG,2027-01-01T00:00:00,M,71,148.3403519232852,53100.0,32099.999999999996,0.0027936036143744857,105321.98099127896,1425.54961771911,0.0014084462761440872,0.0,0.0
BC,HG,2027-01-01T00:00:00,M,72,176.01542408085152,53100.0,30900.0,0.003314791413952006,105321.98099127896,1425.54961771911,0.0016712126227043358,0.0,0.0
BC,HG,2027-01-01T00:00:00,M,73,190.7126946007047,53100.0,29000.0,0.003591576169504797,105321.98099127896,1425.54961771911,0.0018107587115788906,0.0,0.0
BC,HG,2027-01-01T00:00:00,M,74,121.94744243348032,53100.0,27799.999999999996,0.002296562004396993,105321.98099127896,1425.54961771911,0.0011578536720039286,0.0,0.0
BC,HG,2027-01-01T00:00:00,M,75,145.2320493388288,53100.0,26299.999999999996,0.0027350668425391487,105321.98099127896,1425.54961771911,0.0013789338936841164,0.0,0.0
BC,HG,2027-01-01T00:00:00,M,76,78.67824873689096,53100.0,25099.999999999996,0.0014816995995648016,105321.98099127896,1425.54961771911,0.0007470259104166091,0.0,0.0
BC,HG,2027-01-01T00:00:00,M,77,122.35053452450666,53100.0,24299.999999999996,0.0023041531925519143,105321.98099127896,1425.54961771911,0.001161680908134815,0.0,0.0
BC,HG,2027-01-01T00:00:00,M,78,46.93752699817196,53100.0,22700.0,0.0008839458945041801,105321.98099127896,1425.54961771911,0.00044565746443810773,0.0,0.0
BC,HG,2027-01-01T00:00:00,M,79,102.0220165625542,53100.0,22100.0,0.0019213185793324709,105321.98099127896,1425.54961771911,0.0009686678469426243,0.0,0.0
BC,HG,2027-01-01T00:00:00,M,80,142.50574620284533,53100.0,21000.0,0.0026837240339518897,105321.98099127896,1425.54961771911,0.001353048479164528,0.0,0.0
BC,HG,2027-01-01T00:00:00,M,81,42.41079286243621,53100.0,16600.0,0.0007986966640760115,105321.98099127896,1425.54961771911,0.00040267750818272186,0.0,0.0
BC,HG,2027-01-01T00:00:00,M,82,36.38709552153159,53100.0,14799.999999999998,0.0006852560361870357,105321.98099127896,1425.54961771911,0.0003454843440947486,0.0,0.0
BC,HG,2027-01-01T00:00:00,M,83,69.07499038306742,53100.0,13900.0,0.0013008472765172771,105321.98099127896,1425.54961771911,0.0006558459092104151,0.0,0.0
BC,HG,2027-01-01T00:00:00,M,84,-22.047913712623995,53100.0,12499.999999999998,-0.0004152149475070432,105321.98099127896,1425.54961771911,0.0,0.015466254866597222,0.0017638330970099199
BC,HG,2027-01-01T00:00:00,M,85,41.603829405401484,53100.0,10699.999999999998,0.0007834996121544535,105321.98099127896,1425.54961771911,0.00039501563694331225,0.0,0.0
BC,HG,2027-01-01T00:00:00,M,86,-68.22150809507184,53100.0,9299.999999999998,-0.001284774163748999,105321.98099127896,1425.54961771911,0.0,0.047856284514478535,0.007335646031728156
BC,HG,2027-01-01T00:00:00,M,87,11.368027123337924,53100.0,8099.999999999999,0.00021408713979920762,105321.98099127896,1425.54961771911,0.00010793594097208671,0.0,0.0
BC,HG,2027-01-01T00:00:00,M,88,-4.524751949402344,53100.0,7000.0,-8.521190111868821e-05,105321.98099127896,1425.54961771911,0.0,0.003174040309198062,0.0006463931356289062
BC,HG,2027-01-01T00:00:00,M,89,-32.87102434588542,53100.0,5899.999999999999,-0.0006190400065138496,105321.98099127896,1425.54961771911,0.0,0.023058491922911317,0.005571360058624648
BC,HG,2027-01-01T00:00:00,M,90,34.5267783497502,53100.0,5000.0,0.0006502218144962374,105321.98099127896,1425.54961771911,0.00032782120146989204,0.0,0.0
BC,HG,2027-01-01T00:00:00,M,91,23.343613431191443,53100.0,4299.999999999999,0.00043961607215049797,105321.98099127896,1425.54961771911,0.0002216404705977224,0.0,0.0
BC,HG,2027-01-01T00:00:00,M,92,-43.87216699357759,53100.0,3299.9999999999995,-0.0008262178341540037,105321.98099127896,1425.54961771911,0.0,0.030775615557859983,0.013294596058659878
BC,HG,2027-01-01T00:00:00,M,93,-75.12443881959689,53100.0,2700.0,-0.0014147728591261185,105321.98099127896,1425.54961771911,0.0,0.05269857876977761,0.02782386622948033
BC,HG,2027-01-01T00:00:00,M,94,-40.98907555443111,53100.0,2100.0,-0.0007719223268254446,105321.98099127896,1425.54961771911,0.0,0.028753173544400323,0.019518607406871957
BC,HG,2027-01-01T00:00:00,M,95,-90.52557246551328,53100.0,1599.9999999999998,-0.0017048130407817943,105321.98099127896,1425.54961771911,0.0,0.06350222492455566,0.05657848279094581
BC,HG,2027-01-01T00:00:00,M,96,-60.88648586716067,53100.0,1199.9999999999998,-0.0011466381519239298,105321.98099127896,1425.54961771911,0.0,0.042710885058199165,0.0507387382226339
BC,HG,2027-01-01T00:00:00,M,97,-45.916525544514,53100.0,800.0,-0.0008647179951885877,105321.98099127896,1425.54961771911,0.0,0.03220970001590038,0.057395656930642504
BC,HG,2027-01-01T00:00:00,M,98,0.6046543218013767,53100.0,600.0,1.138708703957395e-05,105321.98099127896,1425.54961771911,5.741007870441064e-06,0.0,0.0
BC,HG,2027-01-01T00:00:00,M,99,35.56007575977816,53100.0,400.0,0.0006696812760786847,105321.98099127896,1425.54961771911,0.0003376320443756433,0.0,0.0
BC,HG,2027-01-01T00:00:00,M,100,387.5755863752941,53100.0,600.0,0.007298975261304973,105321.98099127896,1425.54961771911,0.0036799116644737886,0.0,0.0
BC,HG,2028-01-01T00:00:00,F,1,380.9501925848963,54100.0,26200.0,0.007041593208593277,100177.33010854905,1654.3942343198607,0.0038027584900906268,0.0,0.0
BC,HG,2028-01-01T00:00:00,F,2,403.5394802770097,54100.0,26000.000000000004,0.007459140116026057,100177.33010854905,1654.3942343198607,0.004028251500012496,0.0,0.0
BC,HG,2028-01-01T00:00:00,F,3,302.80945587281894,54100.0,25700.0,0.005597217298943049,100177.33010854905,1654.3942343198607,0.0030227343406407817,0.0,0.0
BC,HG,2028-01-01T00:00:00,F,4,302.3135574808912,54100.0,25400.0,0.005588050970071925,100177.33010854905,1654.3942343198607,0.00301778413492667,0.0,0.0
BC,HG,2028-01-01T00:00:00,F,5,502.05731324919907,54100.0,25300.0,0.009280172148783716,100177.33010854905,1654.3942343198607,0.005011685904437514,0.0,0.0
BC,HG,2028-01-01T00:00:00,F,6,501.8139737031197,54100.0,25099.999999999996,0.009275674190445836,100177.33010854905,1654.3942343198607,0.0050092568164810305,0.0,0.0
BC,HG,2028-01-01T00:00:00,F,7,401.5098001016413,54100.0,23800.0,0.007421622922396327,100177.33010854905,1654.3942343198607,0.004007990626887118,0.0,0.0
BC,HG,2028-01-01T00:00:00,F,8,501.31623495581516,54100.0,24300.0,0.009266473843915253,100177.33010854905,1654.3942343198607,0.005004288239790424,0.0,0.0
BC,HG,2028-01-01T00:00:00,F,9,401.35494774863037,54100.0,24900.0,0.007418760586850839,100177.33010854905,1654.3942343198607,0.004006444844494603,0.0,0.0
BC,HG,2028-01-01T00:00:00,F,10,501.40472133939693,54100.0,25900.0,0.00926810945174486,100177.33010854905,1654.3942343198607,0.005005171537273855,0.0,0.0
BC,HG,2028-01-01T00:00:00,F,11,301.44343413221577,54100.0,26399.999999999996,0.0055719673591906795,100177.33010854905,1654.3942343198607,0.0030090983040332677,0.0,0.0
BC,HG,2028-01-01T00:00:00,F,12,401.6904599428708,54100.0,26600.0,0.007424962290995763,100177.33010854905,1654.3942343198607,0.004009794027327455,0.0,0.0
BC,HG,2028-01-01T00:00:00,F,13,501.9467034862755,54100.0,26900.0,0.00927812760603097,100177.33010854905,1654.3942343198607,0.005010581764780331,0.0,0.0
BC,HG,2028-01-01T00:00:00,F,14,702.223225608006,54100.0,27499.999999999996,0.012980096591645214,100177.33010854905,1654.3942343198607,0.00700980176699757,0.0,0.0
BC,HG,2028-01-01T00:00:00,F,15,1303.0306728706746,54100.0,28699.999999999996,0.024085594692618756,100177.33010854905,1654.3942343198607,0.013007240974168017,0.0,0.0
BC,HG,2028-01-01T00:00:00,F,16,2304.4188268257494,54100.0,30500.0,0.04259554208550369,100177.33010854905,1654.3942343198607,0.02300339632059222,0.0,0.0
BC,HG,2028-01-01T00:00:00,F,17,1906.5702065479381,54100.0,31600.000000000004,0.03524159346669017,100177.33010854905,1654.3942343198607,0.019031952683127386,0.0,0.0
BC,HG,2028-01-01T00:00:00,F,18,2608.73819452737,54100.0,34200.0,0.04822066903008078,100177.33010854905,1654.3942343198607,0.026041203051634758,0.0,0.0
BC,HG,2028-01-01T00:00:00,F,19,5211.182729312241,54100.0,38900.0,0.09632500423867357,100177.33010854905,1654.3942343198607,0.05201958091382117,0.0,0.0
BC,HG,2028-01-01T00:00:00,F,20,3214.4365802791144,54100.0,41400.0,0.05941657264841246,100177.33010854905,1654.3942343198607,0.032087465066158685,0.0,0.0
BC,HG,2028-01-01T00:00:00,F,21,1316.5087448816557,54100.0,41099.99999999999,0.024334727262137815,100177.33010854905,1654.3942343198607,0.013141783110561318,0.0,0.0
BC,HG,2028-01-01T00:00:00,F,22,317.4766352855222,54100.0,39800.0,0.005868329672560484,100177.33010854905,1654.3942343198607,0.003169146501923283,0.0,0.0
BC,HG,2028-01-01T00:00:00,F,23,518.1458781712645,54100.0,39100.0,0.009577557822019677,100177.33010854905,1654.3942343198607,0.005172286759986692,0.0,0.0
BC,HG,2028-01-01T00:00:00,F,24,818.6620961387234,54100.0,39000.0,0.015132386250253668,100177.33010854905,1654.3942343198607,0.00817212931560111,0.0,0.0
BC,HG,2028-01-01T00:00:00,F,25,1018.2224132454139,54100.0,38300.0,0.018821116695848687,100177.33010854905,1654.3942343198607,0.010164199945657362,0.0,0.0
BC,HG,2028-01-01T00:00:00,F,26,918.0269986261483,54100.0,37800.0,0.016969075760187583,100177.33010854905,1654.3942343198607,0.009164019420675342,0.0,0.0
BC,HG,2028-01-01T00:00:00,F,27,1019.561756112802,54100.0,40300.0,0.01884587349561556,100177.33010854905,1654.3942343198607,0.010177569665792014,0.0,0.0
BC,HG,2028-01-01T00:00:00,F,28,1020.735182744218,54100.0,41899.99999999999,0.018867563451833973,100177.33010854905,1654.3942343198607,0.010189283160553201,0.0,0.0
BC,HG,2028-01-01T00:00:00,F,29,1021.8570092438895,54100.0,42600.0,0.018888299616338068,100177.33010854905,1654.3942343198607,0.010200481567402893,0.0,0.0
BC,HG,2028-01-01T00:00:00,F,30,922.8958798298918,54100.0,43000.0,0.01705907356432332,100177.33010854905,1654.3942343198607,0.009212622045625197,0.0,0.0
BC,HG,2028-01-01T00:00:00,F,31,924.1172835695033,54100.0,43100.0,0.017081650343244055,100177.33010854905,1654.3942343198607,0.009224814462195773,0.0,0.0
BC,HG,2028-01-01T00:00:00,F,32,726.5250391726149,54100.0,44300.0,0.013429298321120423,100177.33010854905,1654.3942343198607,0.007252389721161214,0.0,0.0
BC,HG,2028-01-01T00:00:00,F,33,728.068180834387,54100.0,44200.0,0.013457822196569076,100177.33010854905,1654.3942343198607,0.00726779382167078,0.0,0.0
BC,HG,2028-01-01T00:00:00,F,34,830.2114360353371,54100.0,44500.0,0.015345867579211407,100177.33010854905,1654.3942343198607,0.00828741827253477,0.0,0.0
BC,HG,2028-01-01T00:00:00,F,35,732.5943725166508,54100.0,44900.0,0.01354148562877358,100177.33010854905,1654.3942343198607,0.007312975617565712,0.0,0.0
BC,HG,2028-01-01T00:00:00,F,36,736.0079454219085,54100.0,45600.0,0.013604583094674834,100177.33010854905,1654.3942343198607,0.007347050920845995,0.0,0.0
BC,HG,2028-01-01T00:00:00,F,37,639.1652962657026,54100.0,45800.0,0.011814515642619273,100177.33010854905,1654.3942343198607,0.006380338701112547,0.0,0.0
BC,HG,2028-01-01T00:00:00,F,38,442.2682954097472,54100.0,45800.0,0.008175014702583128,100177.33010854905,1654.3942343198607,0.004414854088549964,0.0,0.0
BC,HG,2028-01-01T00:00:00,F,39,543.3838452721902,54100.0,44900.0,0.010044063683404625,100177.33010854905,1654.3942343198607,0.005424219678078826,0.0,0.0
BC,HG,2028-01-01T00:00:00,F,40,444.8165061358595,54100.0,44200.0,0.008222116564433633,100177.33010854905,1654.3942343198607,0.004440291088351727,0.0,0.0
BC,HG,2028-01-01T00:00:00,F,41,445.47758552814776,54100.0,43300.0,0.00823433614654617,100177.33010854905,1654.3942343198607,0.004446890180098052,0.0,0.0
BC,HG,2028-01-01T00:00:00,F,42,446.94986599095137,54100.0,43200.0,0.008261550203159914,100177.33010854905,1654.3942343198607,0.00446158692297599,0.0,0.0
BC,HG,2028-01-01T00:00:00,F,43,447.62109619635885,54100.0,42399.99999999999,0.008273957415829184,100177.33010854905,1654.3942343198607,0.004468287343167666,0.0,0.0
BC,HG,2028-01-01T00:00:00,F,44,448.9671415177727,54100.0,41900.0,0.008298838105688959,100177.33010854905,1654.3942343198607,0.004481723969198279,0.0,0.0
BC,HG,2028-01-01T00:00:00,F,45,350.52156932780053,54100.0,41200.00000000001,0.006479141762066553,100177.33010854905,1654.3942343198607,0.0034990108934624853,0.0,0.0
BC,HG,2028-01-01T00:00:00,F,46,352.5111565330226,54100.0,40700.00000000001,0.006515917865675094,100177.33010854905,1654.3942343198607,0.0035188715465969437,0.0,0.0
BC,HG,2028-01-01T00:00:00,F,47,353.20835200294823,54100.0,39300.0,0.006528805027780928,100177.33010854905,1654.3942343198607,0.003525831159806541,0.0,0.0
BC,HG,2028-01-01T00:00:00,F,48,255.28655899711157,54100.0,38400.00000000001,0.004718790369632376,100177.33010854905,1654.3942343198607,0.0025483466041717317,0.0,0.0
BC,HG,2028-01-01T00:00:00,F,49,256.03737714359886,54100.0,36600.0,0.004732668708754138,100177.33010854905,1654.3942343198607,0.002555841494938672,0.0,0.0
BC,HG,2028-01-01T00:00:00,F,50,258.08442829043634,54100.0,35399.99999999999,0.004770506992429507,100177.33010854905,1654.3942343198607,0.002576275770284395,0.0,0.0
BC,HG,2028-01-01T00:00:00,F,51,162.0942692149256,54100.0,35000.0,0.002996197212845205,100177.33010854905,1654.3942343198607,0.001618073360901965,0.0,0.0
BC,HG,2028-01-01T00:00:00,F,52,167.3045361348195,54100.0,35200.00000000001,0.003092505288998512,100177.33010854905,1654.3942343198607,0.001670083799932914,0.0,0.0
BC,HG,2028-01-01T00:00:00,F,53,271.4501986998148,54100.0,34800.00000000001,0.005017563746761826,100177.33010854905,1654.3942343198607,0.002709696878582008,0.0,0.0
BC,HG,2028-01-01T00:00:00,F,54,176.96971963297256,54100.0,34600.0,0.003271159327781378,100177.33010854905,1654.3942343198607,0.001766564545503595,0.0,0.0
BC,HG,2028-01-01T00:00:00,F,55,283.81524321039615,54100.0,34900.0,0.0052461227950165645,100177.33010854905,1654.3942343198607,0.0028331284423617873,0.0,0.0
BC,HG,2028-01-01T00:00:00,F,56,291.90204596729745,54100.0,35300.0,0.005395601589044315,100177.33010854905,1654.3942343198607,0.0029138533204169192,0.0,0.0
BC,HG,2028-01-01T00:00:00,F,57,206.48535126032948,54100.0,37600.0,0.0038167347737584007,100177.33010854905,1654.3942343198607,0.0020611983872657453,0.0,0.0
BC,HG,2028-01-01T00:00:00,F,58,216.09260086145514,54100.0,37800.00000000001,0.00399431794568309,100177.33010854905,1654.3942343198607,0.0021571008193900145,0.0,0.0
BC,HG,2028-01-01T00:00:00,F,59,325.50599678505387,54100.0,37700.0,0.006016746705823546,100177.33010854905,1654.3942343198607,0.0032492979842080605,0.0,0.0
BC,HG,2028-01-01T00:00:00,F,60,232.53775695995864,54100.0,36400.0,0.004298294953049143,100177.33010854905,1654.3942343198607,0.002321261274461876,0.0,0.0
BC,HG,2028-01-01T00:00:00,F,61,240.67931304881495,54100.0,35500.0,0.004448785823453141,100177.33010854905,1654.3942343198607,0.002402532716613852,0.0,0.0
BC,HG,2028-01-01T00:00:00,F,62,259.8203341905901,54100.0,36900.0,0.004802593977644918,100177.33010854905,1654.3942343198607,0.002593604100938374,0.0,0.0
BC,HG,2028-01-01T00:00:00,F,63,182.3546006403776,54100.0,38400.00000000001,0.0033706950210790686,100177.33010854905,1654.3942343198607,0.001820318034457335,0.0,0.0
BC,HG,2028-01-01T00:00:00,F,64,210.1141998975727,54100.0,40400.0,0.003883811458365484,100177.33010854905,1654.3942343198607,0.0020974226371365604,0.0,0.0
BC,HG,2028-01-01T00:00:00,F,65,230.24125268266653,54100.0,40400.00000000001,0.004255845705779418,100177.33010854905,1654.3942343198607,0.0022983368835362674,0.0,0.0
BC,HG,2028-01-01T00:00:00,F,66,242.60241777807096,54100.0,38800.0,0.004484333045805378,100177.33010854905,1654.3942343198607,0.002421729721836213,0.0,0.0
BC,HG,2028-01-01T00:00:00,F,67,167.96456815976853,54100.0,38900.0,0.0031047055112711375,100177.33010854905,1654.3942343198607,0.0016766724365459465,0.0,0.0
BC,HG,2028-01-01T00:00:00,F,68,192.68928294164652,54100.0,38600.00000000001,0.0035617242687919874,100177.33010854905,1654.3942343198607,0.0019234819168454018,0.0,0.0
BC,HG,2028-01-01T00:00:00,F,69,216.02265463605,54100.0,37800.00000000001,0.003993025039483364,100177.33010854905,1654.3942343198607,0.0021564025952975044,0.0,0.0
BC,HG,2028-01-01T00:00:00,F,70,244.88049983571545,54100.0,37400.0,0.004526441771454999,100177.33010854905,1654.3942343198607,0.002444470216668487,0.0,0.0
BC,HG,2028-01-01T00:00:00,F,71,269.71434135892196,54100.0,36300.0,0.004985477659129796,100177.33010854905,1654.3942343198607,0.0026923690326610605,0.0,0.0
BC,HG,2028-01-01T00:00:00,F,72,101.1741182699916,54100.0,35400.0,0.0018701315761551127,100177.33010854905,1654.3942343198607,0.001009950236848621,0.0,0.0
BC,HG,2028-01-01T00:00:00,F,73,233.16481361530896,54100.0,34600.00000000001,0.004309885649081496,100177.33010854905,1654.3942343198607,0.0023275207410964017,0.0,0.0
BC,HG,2028-01-01T00:00:00,F,74,158.3335828442432,54100.0,32900.00000000001,0.002926683601557176,100177.33010854905,1654.3942343198607,0.00158053306743829,0.0,0.0
BC,HG,2028-01-01T00:00:00,F,75,81.35716487661921,54100.0,31000.000000000004,0.0015038292953164364,100177.33010854905,1654.3942343198607,0.0008121314951043625,0.0,0.0
BC,HG,2028-01-01T00:00:00,F,76,108.05956608249471,54100.0,29399.999999999996,0.0019974041789740243,100177.33010854905,1654.3942343198607,0.0010786828313891447,0.0,0.0
BC,HG,2028-01-01T00:00:00,F,77,40.96678094621166,54100.0,28000.0,0.0007572417919817311,100177.33010854905,1654.3942343198607,0.00040894263105057126,0.0,0.0
BC,HG,2028-01-01T00:00:00,F,78,-11.64100730325299,54100.0,27199.999999999996,-0.00021517573573480575,100177.33010854905,1654.3942343198607,0.0,0.007036416751076707,0.00042797820967841886
BC,HG,2028-01-01T00:00:00,F,79,14.253256062835135,54100.0,25400.0,0.0002634612950616476,100177.33010854905,1654.3942343198607,0.00014228025489789703,0.0,0.0
BC,HG,2028-01-01T00:00:00,F,80,-34.43448639433336,54100.0,24500.000000000004,-0.0006364969758656814,100177.33010854905,1654.3942343198607,0.0,0.020813954546021342,0.001405489240585035
BC,HG,2028-01-01T00:00:00,F,81,12.6221650696898,54100.0,23400.000000000004,0.0002333117388112717,100177.33010854905,1654.3942343198607,0.00012599821792029007,0.0,0.0
BC,HG,2028-01-01T00:00:00,F,82,36.407634207400406,54100.0,18600.0,0.0006729692090092496,100177.33010854905,1654.3942343198607,0.0003634318679480699,0.0,0.0
BC,HG,2028-01-01T00:00:00,F,83,-56.46970837168192,54100.0,16600.0,-0.001043802372859185,100177.33010854905,1654.3942343198607,0.0,0.03413316318458836,0.003401789660944694
BC,HG,2028-01-01T00:00:00,F,84,-18.496001035277004,54100.0,15600.0,-0.0003418854165485583,100177.33010854905,1654.3942343198607,0.0,0.011179923534296473,0.001185641092004936
BC,HG,2028-01-01T00:00:00,F,85,-103.69090322198645,54100.0,14000.000000000002,-0.0019166525549350545,100177.33010854905,1654.3942343198607,0.0,0.06267605451648282,0.0074064930872847455
BC,HG,2028-01-01T00:00:00,F,86,-110.67369910206071,54100.0,12200.0,-0.0020457245675057434,100177.33010854905,1654.3942343198607,0.0,0.06689681141663302,0.009071614680496779
BC,HG,2028-01-01T00:00:00,F,87,6.076284405515253,54100.0,11100.0,0.00011231579307791595,100177.33010854905,1654.3942343198607,6.065528397424027e-05,0.0,0.0
BC,HG,2028-01-01T00:00:00,F,88,-103.44955981318162,54100.0,9500.0,-0.001912191493774152,100177.33010854905,1654.3942343198607,0.0,0.06253017428805949,0.01088942734875596
BC,HG,2028-01-01T00:00:00,F,89,-111.25233637365636,54100.0,8200.0,-0.0020564202656868087,100177.33010854905,1654.3942343198607,0.0,0.06724656920688157,0.013567358094348336
BC,HG,2028-01-01T00:00:00,F,90,-97.53991483224218,54100.0,7300.000000000001,-0.0018029559118713896,100177.33010854905,1654.3942343198607,0.0,0.05895808436031082,0.013361632168800297
BC,HG,2028-01-01T00:00:00,F,91,-101.23529465446154,54100.0,6300.0,-0.0018712623780861653,100177.33010854905,1654.3942343198607,0.0,0.06119175983231135,0.01606909438959707
BC,HG,2028-01-01T00:00:00,F,92,-19.81394465199901,54100.0,5400.0,-0.00036624666639554544,100177.33010854905,1654.3942343198607,0.0,0.011976555672744311,0.003669249009629446
BC,HG,2028-01-01T00:00:00,F,93,-58.852494049650886,54100.0,4400.0,-0.0010878464704186855,100177.33010854905,1654.3942343198607,0.0,0.03557344001131978,0.01337556682946611
BC,HG,2028-01-01T00:00:00,F,94,-7.4965747657324755,54100.0,3600.0,-0.00013856884964385353,100177.33010854905,1654.3942343198607,0.0,0.004531310983935094,0.002082381879370132
BC,HG,2028-01-01T00:00:00,F,95,-132.86145590396973,54100.0,2900.0,-0.0024558494621805863,100177.33010854905,1654.3942343198607,0.0,0.08030821985945236,0.0458142951392999
BC,HG,2028-01-01T00:00:00,F,96,-12.659184070460924,54100.0,2300.0,-0.00023399600869613538,100177.33010854905,1654.3942343198607,0.0,0.007651854562745893,0.005503993074113445
BC,HG,2028-01-01T00:00:00,F,97,-57.967450326254266,54100.0,1800.0000000000002,-0.0010714870670287294,100177.33010854905,1654.3942343198607,0.0,0.0350384745810513,0.032204139070141254
BC,HG,2028-01-01T00:00:00,F,98,-40.6638292571547,54100.0,1300.0,-0.0007516419456035989,100177.33010854905,1654.3942343198607,0.0,0.02457928612999068,0.03127986865934977
BC,HG,2028-01-01T00:00:00,F,99,-99.04534825067503,54100.0,900.0,-0.0018307827772768028,100177.33010854905,1654.3942343198607,0.0,0.05986804486863655,0.11005038694519448
BC,HG,2028-01-01T00:00:00,F,100,1227.1969855086493,54100.0,1900.0,0.02268386294840387,100177.33010854905,1654.3942343198607,0.012250246479706503,0.0,0.0
BC,HG,2028-01-01T00:00:00,M,1,488.14798948682073,54100.0,27600.0,0.009023068197538276,100177.33010854905,1654.3942343198607,0.004872838884385107,0.0,0.0
BC,HG,2028-01-01T00:00:00,M,2,505.63550250796834,54100.0,27499.999999999996,0.009346312430831208,100177.33010854905,1654.3942343198607,0.0050474044572766845,0.0,0.0
BC,HG,2028-01-01T00:00:00,M,3,503.89128473926394,54100.0,27300.0,0.009314071806640739,100177.33010854905,1654.3942343198607,0.005029993155070743,0.0,0.0
BC,HG,2028-01-01T00:00:00,M,4,502.6552813594026,54100.0,27100.0,0.009291225163759752,100177.33010854905,1654.3942343198607,0.00501765500053496,0.0,0.0
BC,HG,2028-01-01T00:00:00,M,5,602.1561643316418,54100.0,27000.0,0.011130428176185616,100177.33010854905,1654.3942343198607,0.0060109025033823925,0.0,0.0
BC,HG,2028-01-01T00:00:00,M,6,601.6643089503741,54100.0,26800.000000000004,0.011121336579489355,100177.33010854905,1654.3942343198607,0.006005992656207041,0.0,0.0
BC,HG,2028-01-01T00:00:00,M,7,601.3612110771828,54100.0,25600.0,0.011115734031001532,100177.33010854905,1654.3942343198607,0.00600296704279867,0.0,0.0
BC,HG,2028-01-01T00:00:00,M,8,501.41021467595783,54100.0,26400.0,0.009268210992161883,100177.33010854905,1654.3942343198607,0.005005226373398505,0.0,0.0
BC,HG,2028-01-01T00:00:00,M,9,501.43199405318956,54100.0,26800.0,0.009268613568450823,100177.33010854905,1654.3942343198607,0.005005443781640551,0.0,0.0
BC,HG,2028-01-01T00:00:00,M,10,601.4701079633523,54100.0,27600.0,0.011117746912446439,100177.33010854905,1654.3942343198607,0.006004054084009006,0.0,0.0
BC,HG,2028-01-01T00:00:00,M,11,501.519111562131,54100.0,28400.000000000004,0.009270223873606858,100177.33010854905,1654.3942343198607,0.0050063134146088786,0.0,0.0
BC,HG,2028-01-01T00:00:00,M,12,402.04726524880243,54100.0,28600.0,0.0074315575831571615,100177.33010854905,1654.3942343198607,0.004013355764354635,0.0,0.0
BC,HG,2028-01-01T00:00:00,M,13,502.36034656002084,54100.0,29400.0,0.009285773503882086,100177.33010854905,1654.3942343198607,0.005014710873365049,0.0,0.0
BC,HG,2028-01-01T00:00:00,M,14,803.1253579848417,54100.0,29500.000000000004,0.014845200702122767,100177.33010854905,1654.3942343198607,0.008017036959505707,0.0,0.0
BC,HG,2028-01-01T00:00:00,M,15,1304.2542777186754,54100.0,30600.000000000004,0.024108212157461652,100177.33010854905,1654.3942343198607,0.0130194553628593,0.0,0.0
BC,HG,2028-01-01T00:00:00,M,16,2006.468582777321,54100.0,31700.0,0.037088143859100205,100177.33010854905,1654.3942343198607,0.020029168082271447,0.0,0.0
BC,HG,2028-01-01T00:00:00,M,17,1909.5033144864574,54100.0,32699.999999999996,0.0352958098796018,100177.33010854905,1654.3942343198607,0.019061231841748814,0.0,0.0
BC,HG,2028-01-01T00:00:00,M,18,2813.31312476932,54100.0,35400.0,0.05200209103085619,100177.33010854905,1654.3942343198607,0.02808333104626467,0.0,0.0
BC,HG,2028-01-01T00:00:00,M,19,5418.001504794767,54100.0,40200.0,0.10014790212189958,100177.33010854905,1654.3942343198607,0.05408410764115982,0.0,0.0
BC,HG,2028-01-01T00:00:00,M,20,3924.421550375053,54100.0,42900.0,0.07254013956330967,100177.33010854905,1654.3942343198607,0.03917474688257983,0.0,0.0
BC,HG,2028-01-01T00:00:00,M,21,1730.2128153747253,54100.0,42800.00000000001,0.0319817525947269,100177.33010854905,1654.3942343198607,0.017271500583015343,0.0,0.0
BC,HG,2028-01-01T00:00:00,M,22,634.6891732305012,54100.0,41700.0,0.011731777693724606,100177.33010854905,1654.3942343198607,0.0063356567053920445,0.0,0.0
BC,HG,2028-01-01T00:00:00,M,23,338.1318875785364,54100.0,40700.0,0.006250127311987734,100177.33010854905,1654.3942343198607,0.003375333393414929,0.0,0.0
BC,HG,2028-01-01T00:00:00,M,24,440.81677920643415,54100.0,40200.0,0.008148184458529282,100177.33010854905,1654.3942343198607,0.00440036462070589,0.0,0.0
BC,HG,2028-01-01T00:00:00,M,25,542.0122741441228,54100.0,39400.0,0.010018711167174173,100177.33010854905,1654.3942343198607,0.00541052824582982,0.0,0.0
BC,HG,2028-01-01T00:00:00,M,26,742.8828708705696,54100.0,38500.0,0.013731661199086314,100177.33010854905,1654.3942343198607,0.00741567847801099,0.0,0.0
BC,HG,2028-01-01T00:00:00,M,27,947.800416377584,54100.0,40800.0,0.01751941619921597,100177.33010854905,1654.3942343198607,0.00946122656044613,0.0,0.0
BC,HG,2028-01-01T00:00:00,M,28,953.1110102240273,54100.0,43000.00000000001,0.017617578747209376,100177.33010854905,1654.3942343198607,0.009514238492793387,0.0,0.0
BC,HG,2028-01-01T00:00:00,M,29,857.8935617029128,54100.0,43900.0,0.01585755197232741,100177.33010854905,1654.3942343198607,0.00856374951072589,0.0,0.0
BC,HG,2028-01-01T00:00:00,M,30,862.5228661649744,54100.0,44400.0,0.015943121370886774,100177.33010854905,1654.3942343198607,0.008609960609155498,0.0,0.0
BC,HG,2028-01-01T00:00:00,M,31,868.8151253905817,54100.0,45400.0,0.016059429304816665,100177.33010854905,1654.3942343198607,0.008672771818226344,0.0,0.0
BC,HG,2028-01-01T00:00:00,M,32,774.6646049057235,54100.0,45900.0,0.014319123935410787,100177.33010854905,1654.3942343198607,0.007732933230166156,0.0,0.0
BC,HG,2028-01-01T00:00:00,M,33,680.0539708633005,54100.0,46300.0,0.012570313694330877,100177.33010854905,1654.3942343198607,0.006788501651285925,0.0,0.0
BC,HG,2028-01-01T00:00:00,M,34,784.8026524702,54100.0,46500.0,0.014506518529948243,100177.33010854905,1654.3942343198607,0.007834134245939796,0.0,0.0
BC,HG,2028-01-01T00:00:00,M,35,788.321320357456,54100.0,46600.0,0.014571558601801404,100177.33010854905,1654.3942343198607,0.007869258638688568,0.0,0.0
BC,HG,2028-01-01T00:00:00,M,36,791.8345094336692,54100.0,46900.0,0.014636497401731407,100177.33010854905,1654.3942343198607,0.007904328340310745,0.0,0.0
BC,HG,2028-01-01T00:00:00,M,37,594.7594934129593,54100.0,46900.0,0.010993705978058398,100177.33010854905,1654.3942343198607,0.005937066727257518,0.0,0.0
BC,HG,2028-01-01T00:00:00,M,38,598.1294463978411,54100.0,46900.0,0.011055997160773403,100177.33010854905,1654.3942343198607,0.0059707066034773194,0.0,0.0
BC,HG,2028-01-01T00:00:00,M,39,499.9437929652195,54100.0,45900.0,0.00924110523041071,100177.33010854905,1654.3942343198607,0.004990588114331814,0.0,0.0
BC,HG,2028-01-01T00:00:00,M,40,600.6436320823632,54100.0,44500.0,0.011102470093943866,100177.33010854905,1654.3942343198607,0.005995803955161556,0.0,0.0
BC,HG,2028-01-01T00:00:00,M,41,503.8442636406762,54100.0,43900.0,0.009313202655095679,100177.33010854905,1654.3942343198607,0.005029523776434511,0.0,0.0
BC,HG,2028-01-01T00:00:00,M,42,508.97856128166313,54100.0,43900.0,0.009408106493191555,100177.33010854905,1654.3942343198607,0.005080775867455738,0.0,0.0
BC,HG,2028-01-01T00:00:00,M,43,512.4020498653335,54100.0,43100.00000000001,0.00947138724335182,100177.33010854905,1654.3942343198607,0.00511495015199657,0.0,0.0
BC,HG,2028-01-01T00:00:00,M,44,515.4490284225685,54100.0,42100.0,0.009527708473614945,100177.33010854905,1654.3942343198607,0.00514536600111067,0.0,0.0
BC,HG,2028-01-01T00:00:00,M,45,417.9332941547691,54100.0,40900.0,0.007725199522269299,100177.33010854905,1654.3942343198607,0.004171934844958531,0.0,0.0
BC,HG,2028-01-01T00:00:00,M,46,421.1413301920038,54100.0,39899.99999999999,0.0077844977854344515,100177.33010854905,1654.3942343198607,0.0042039584178942295,0.0,0.0
BC,HG,2028-01-01T00:00:00,M,47,323.74682486685924,54100.0,38599.99999999999,0.005984229664821797,100177.33010854905,1654.3942343198607,0.0032317374052198956,0.0,0.0
BC,HG,2028-01-01T00:00:00,M,48,325.61903452112165,54100.0,37199.99999999999,0.006018836127932008,100177.33010854905,1654.3942343198607,0.0032504263606176263,0.0,0.0
BC,HG,2028-01-01T00:00:00,M,49,326.579206237584,54100.0,35500.0,0.006036584218809316,100177.33010854905,1654.3942343198607,0.0032600110811868603,0.0,0.0
BC,HG,2028-01-01T00:00:00,M,50,329.08918088632345,54100.0,34300.0,0.006082979313980101,100177.33010854905,1654.3942343198607,0.0032850663970554277,0.0,0.0
BC,HG,2028-01-01T00:00:00,M,51,235.32073538470286,54100.0,33900.0,0.004349736328737576,100177.33010854905,1654.3942343198607,0.002349041795481239,0.0,0.0
BC,HG,2028-01-01T00:00:00,M,52,240.75845019584085,54100.0,33299.99999999999,0.004450248617298352,100177.33010854905,1654.3942343198607,0.0024033226872283626,0.0,0.0
BC,HG,2028-01-01T00:00:00,M,53,148.30299029879825,54100.0,32999.99999999999,0.0027412752365766776,100177.33010854905,1654.3942343198607,0.0014804046997269912,0.0,0.0
BC,HG,2028-01-01T00:00:00,M,54,254.91215480774918,54100.0,32600.0,0.00471186977463492,100177.33010854905,1654.3942343198607,0.002544609189839001,0.0,0.0
BC,HG,2028-01-01T00:00:00,M,55,164.94975295359473,54100.0,32500.0,0.0030489787976634886,100177.33010854905,1654.3942343198607,0.0016465776515990223,0.0,0.0
BC,HG,2028-01-01T00:00:00,M,56,178.27969431447855,54100.0,33000.0,0.003295373277531951,100177.33010854905,1654.3942343198607,0.00177964110364391,0.0,0.0
BC,HG,2028-01-01T00:00:00,M,57,299.7585556329068,54100.0,34799.99999999999,0.005540823579166484,100177.33010854905,1654.3942343198607,0.002992279344120049,0.0,0.0
BC,HG,2028-01-01T00:00:00,M,58,214.54482451537478,54100.0,34899.99999999999,0.0039657084013932494,100177.33010854905,1654.3942343198607,0.0021416504540787886,0.0,0.0
BC,HG,2028-01-01T00:00:00,M,59,226.16211407809897,54100.0,34400.0,0.004180445731572994,100177.33010854905,1654.3942343198607,0.002257617704854349,0.0,0.0
BC,HG,2028-01-01T00:00:00,M,60,236.0751562060832,54100.0,33500.0,0.004363681260740909,100177.33010854905,1654.3942343198607,0.002356572649223926,0.0,0.0
BC,HG,2028-01-01T00:00:00,M,61,250.10224967612157,54100.0,33100.0,0.00462296210122221,100177.33010854905,1654.3942343198607,0.002496595281638256,0.0,0.0
BC,HG,2028-01-01T00:00:00,M,62,279.3104436152789,54100.0,34399.99999999999,0.005162854780319389,100177.33010854905,1654.3942343198607,0.0027881601886637106,0.0,0.0
BC,HG,2028-01-01T00:00:00,M,63,315.42843188783445,54100.0,36099.99999999999,0.005830470090348141,100177.33010854905,1654.3942343198607,0.0031487007244657647,0.0,0.0
BC,HG,2028-01-01T00:00:00,M,64,252.88999943250383,54100.0,37400.0,0.004674491671580477,100177.33010854905,1654.3942343198607,0.002524423431513697,0.0,0.0
BC,HG,2028-01-01T00:00:00,M,65,286.94397812457464,54100.0,38000.0,0.005303955233356278,100177.33010854905,1654.3942343198607,0.0028643604078253137,0.0,0.0
BC,HG,2028-01-01T00:00:00,M,66,300.5689830592164,54100.0,36399.99999999999,0.005555803753405109,100177.33010854905,1654.3942343198607,0.0030003692725043595,0.0,0.0
BC,HG,2028-01-01T00:00:00,M,67,332.5804412556463,54100.0,36300.0,0.006147512777368693,100177.33010854905,1654.3942343198607,0.0033199171997823503,0.0,0.0
BC,HG,2028-01-01T00:00:00,M,68,359.9879540329857,54100.0,35600.0,0.006654121146635596,100177.33010854905,1654.3942343198607,0.003593507170164287,0.0,0.0
BC,HG,2028-01-01T00:00:00,M,69,283.9109190158051,54100.0,34399.99999999999,0.005247891294192331,100177.33010854905,1654.3942343198607,0.0028340835067990735,0.0,0.0
BC,HG,2028-01-01T00:00:00,M,70,223.06904035228217,54100.0,34100.0,0.0041232724649220365,100177.33010854905,1654.3942343198607,0.0022267417200136147,0.0,0.0
BC,HG,2028-01-01T00:00:00,M,71,242.9351919775654,54100.0,32499.999999999996,0.004490484140065904,100177.33010854905,1654.3942343198607,0.0024250515731885484,0.0,0.0
BC,HG,2028-01-01T00:00:00,M,72,279.5820186018609,54100.0,31800.0,0.005167874650681348,100177.33010854905,1654.3942343198607,0.0027908711312121665,0.0,0.0
BC,HG,2028-01-01T00:00:00,M,73,209.14637298251546,54100.0,30500.0,0.0038659218665899344,100177.33010854905,1654.3942343198607,0.0020877615000907982,0.0,0.0
BC,HG,2028-01-01T00:00:00,M,74,225.33855516214317,54100.0,28599.999999999996,0.004165222831093219,100177.33010854905,1654.3942343198607,0.0022493966940222232,0.0,0.0
BC,HG,2028-01-01T00:00:00,M,75,156.73993923951275,54100.0,27299.999999999996,0.0028972262336323983,100177.33010854905,1654.3942343198607,0.0015646248414653715,0.0,0.0
BC,HG,2028-01-01T00:00:00,M,76,181.51204697741196,54100.0,25800.0,0.0033551210162183357,100177.33010854905,1654.3942343198607,0.001811907412392915,0.0,0.0
BC,HG,2028-01-01T00:00:00,M,77,114.5474957706756,54100.0,24500.0,0.0021173289421566655,100177.33010854905,1654.3942343198607,0.0011434472814014457,0.0,0.0
BC,HG,2028-01-01T00:00:00,M,78,61.215716737471666,54100.0,23600.0,0.0011315289600272026,100177.33010854905,1654.3942343198607,0.0006110735499852134,0.0,0.0
BC,HG,2028-01-01T00:00:00,M,79,83.67783572981716,54100.0,22000.0,0.0015467252445437554,100177.33010854905,1654.3942343198607,0.0008352971240014726,0.0,0.0
BC,HG,2028-01-01T00:00:00,M,80,42.163028990540624,54100.0,21300.0,0.000779353585777091,100177.33010854905,1654.3942343198607,0.0004208839359648942,0.0,0.0
BC,HG,2028-01-01T00:00:00,M,81,-15.409224237799208,54100.0,20099.999999999996,-0.0002848285441367691,100177.33010854905,1654.3942343198607,0.0,0.009314118677483246,0.0007666280715322991
BC,HG,2028-01-01T00:00:00,M,82,74.18706085726626,54100.0,15900.0,0.0013712950250881009,100177.33010854905,1654.3942343198607,0.0007405573773715016,0.0,0.0
BC,HG,2028-01-01T00:00:00,M,83,65.39231966977786,54100.0,14100.0,0.0012087304929718644,100177.33010854905,1654.3942343198607,0.0006527656466679714,0.0,0.0
BC,HG,2028-01-01T00:00:00,M,84,-1.6906941688830557,54100.0,13100.0,-3.125127853757959e-05,100177.33010854905,1654.3942343198607,0.0,0.0010219415262760017,0.00012906062357885922
BC,HG,2028-01-01T00:00:00,M,85,-1.4774830734058924,54100.0,11699.999999999998,-2.731022316831594e-05,100177.33010854905,1654.3942343198607,0.0,0.0008930658985361501,0.0001262806045646062
BC,HG,2028-01-01T00:00:00,M,86,-38.59806200755702,54100.0,9900.0,-0.0007134577080879301,100177.33010854905,1654.3942343198607,0.0,0.023330631361529797,0.0038987941421774765
BC,HG,2028-01-01T00:00:00,M,87,38.476500344997476,54100.0,8600.0,0.0007112107272642786,100177.33010854905,1654.3942343198607,0.00038408390704070005,0.0,0.0
BC,HG,2028-01-01T00:00:00,M,88,18.782307666361703,54100.0,7400.0,0.00034717759087544737,100177.33010854905,1654.3942343198607,0.00018749059938021683,0.0,0.0
BC,HG,2028-01-01T00:00:00,M,89,-104.69501898848557,54100.0,6200.0,-0.001935212920304724,100177.33010854905,1654.3942343198607,0.0,0.06328299314433165,0.016886293385239608
BC,HG,2028-01-01T00:00:00,M,90,-42.905675417040584,54100.0,5200.0,-0.0007930808764702511,100177.33010854905,1654.3942343198607,0.0,0.02593437194531784,0.008251091426353958
BC,HG,2028-01-01T00:00:00,M,91,-74.63781028340145,54100.0,4300.0,-0.0013796268074565887,100177.33010854905,1654.3942343198607,0.0,0.045114887815168106,0.017357630298465453
BC,HG,2028-01-01T00:00:00,M,92,-96.97198924429222,54100.0,3600.0,-0.0017924582115395973,100177.33010854905,1654.3942343198607,0.0,0.05861480125633927,0.02693666367897006
BC,HG,2028-01-01T00:00:00,M,93,16.36072938515099,54100.0,2800.0,0.00030241643965158945,100177.33010854905,1654.3942343198607,0.00016331768242798056,0.0,0.0
BC,HG,2028-01-01T00:00:00,M,94,-30.90927993473133,54100.0,2200.0,-0.0005713360431558471,100177.33010854905,1654.3942343198607,0.0,0.018683140507581898,0.01404967269760515
BC,HG,2028-01-01T00:00:00,M,95,3.1111393136397965,54100.0,1700.0,5.7507196185578494e-05,100177.33010854905,1654.3942343198607,3.105632092878361e-05,0.0,0.0
BC,HG,2028-01-01T00:00:00,M,96,33.95296805130329,54100.0,1300.0,0.0006275964519649406,100177.33010854905,1654.3942343198607,0.0003389286579559757,0.0,0.0
BC,HG,2028-01-01T00:00:00,M,97,-26.93572177433714,54100.0,900.0,-0.0004978876483241615,100177.33010854905,1654.3942343198607,0.0,0.0162813199028167,0.02992857974926349
BC,HG,2028-01-01T00:00:00,M,98,-2.2999336848187113,54100.0,600.0,-4.2512637427332924e-05,100177.33010854905,1654.3942343198607,0.0,0.0013901968691061347,0.0038332228080311856
BC,HG,2028-01-01T00:00:00,M,99,-39.62014912707741,54100.0,400.0,-0.0007323502611289725,100177.33010854905,1654.3942343198607,0.0,0.023948432788975283,0.09905037281769352
BC,HG,2028-01-01T00:00:00,M,100,315.16836653238613,54100.0,600.0,0.005825662967326915,100177.33010854905,1654.3942343198607,0.0031461046744895222,0.0,0.0
BC,HG,2029-01-01T00:00:00,F,1,381.1829131586637,55000.0,26700.0,0.0069305984210666135,94093.1296258644,1826.9931778553778,0.0040511237608349656,0.0,0.0
BC,HG,2029-01-01T00:00:00,F,2,303.56387471357084,55000.0,26500.0,0.005519343176610379,94093.1296258644,1826.9931778553778,0.00322620658830894,0.0,0.0
BC,HG,2029-01-01T00:00:00,F,3,302.8293277417324,55000.0,26300.0,0.005505987777122408,94093.1296258644,1826.9931778553778,0.0032183999931328718,0.0,0.0
BC,HG,2029-01-01T00:00:00,F,4,302.33056370065606,55000.0,26000.000000000004,0.005496919340011929,94093.1296258644,1826.9931778553778,0.0032130992443634393,0.0,0.0
BC,HG,2029-01-01T00:00:00,F,5,502.07302087767675,55000.0,25900.0,0.009128600379594122,94093.1296258644,1826.9931778553778,0.005335915840763644,0.0,0.0
BC,HG,2029-01-01T00:00:00,F,6,501.8354288481969,55000.0,25799.999999999996,0.009124280524512671,94093.1296258644,1826.9931778553778,0.005333390767674625,0.0,0.0
BC,HG,2029-01-01T00:00:00,F,7,501.59330310353107,55000.0,25600.0,0.00911987823824602,94093.1296258644,1826.9931778553778,0.005330817511310121,0.0,0.0
BC,HG,2029-01-01T00:00:00,F,8,401.2949543038667,55000.0,24200.000000000004,0.00729627189643394,94093.1296258644,1826.9931778553778,0.004264869878380136,0.0,0.0
BC,HG,2029-01-01T00:00:00,F,9,401.3221592262089,55000.0,24699.999999999996,0.007296766531385617,94093.1296258644,1826.9931778553778,0.004265159005997108,0.0,0.0
BC,HG,2029-01-01T00:00:00,F,10,501.35480513303264,55000.0,25400.0,0.009115541911509685,94093.1296258644,1826.9931778553778,0.0053282828100896735,0.0,0.0
BC,HG,2029-01-01T00:00:00,F,11,301.40921497773525,55000.0,26200.0,0.005480167545049732,94093.1296258644,1826.9931778553778,0.003203307363419695,0.0,0.0
BC,HG,2029-01-01T00:00:00,F,12,401.67582477822,55000.0,26800.000000000004,0.007303196814149454,94093.1296258644,1826.9931778553778,0.004268917681613674,0.0,0.0
BC,HG,2029-01-01T00:00:00,F,13,501.9297394214227,55000.0,27099.999999999996,0.009125995262207686,94093.1296258644,1826.9931778553778,0.005334393078614869,0.0,0.0
BC,HG,2029-01-01T00:00:00,F,14,702.1954433704523,55000.0,27600.0,0.012767189879462768,94093.1296258644,1826.9931778553778,0.007462770620581337,0.0,0.0
BC,HG,2029-01-01T00:00:00,F,15,1302.9925581883726,55000.0,28799.999999999996,0.02369077378524314,94093.1296258644,1826.9931778553778,0.013847903278054054,0.0,0.0
BC,HG,2029-01-01T00:00:00,F,16,2304.4244725523167,55000.0,31000.0,0.041898626773678484,94093.1296258644,1826.9931778553778,0.024490889841960094,0.0,0.0
BC,HG,2029-01-01T00:00:00,F,17,1906.6381123843348,55000.0,32400.000000000004,0.034666147497896996,94093.1296258644,1826.9931778553778,0.02026330848985,0.0,0.0
BC,HG,2029-01-01T00:00:00,F,18,2708.596947707243,55000.0,34300.0,0.04924721723104079,94093.1296258644,1826.9931778553778,0.02878634134582661,0.0,0.0
BC,HG,2029-01-01T00:00:00,F,19,5211.165212227541,55000.0,39400.0,0.0947484584041371,94093.1296258644,1826.9931778553778,0.05538305754042101,0.0,0.0
BC,HG,2029-01-01T00:00:00,F,20,3114.4635152245683,55000.0,42000.0,0.056626609367719426,94093.1296258644,1826.9931778553778,0.033099797271154446,0.0,0.0
BC,HG,2029-01-01T00:00:00,F,21,1216.8948707084055,55000.0,42600.0,0.022125361285607374,94093.1296258644,1826.9931778553778,0.012932876986311915,0.0,0.0
BC,HG,2029-01-01T00:00:00,F,22,117.89065706027759,55000.0,41200.00000000001,0.002143466492005047,94093.1296258644,1826.9931778553778,0.0012529146126719086,0.0,0.0
BC,HG,2029-01-01T00:00:00,F,23,318.40762226936204,55000.0,40100.0,0.005789229495806582,94093.1296258644,1826.9931778553778,0.003383962501145651,0.0,0.0
BC,HG,2029-01-01T00:00:00,F,24,618.793076518421,55000.0,39700.0,0.011250783209425836,94093.1296258644,1826.9931778553778,0.0065763895725318355,0.0,0.0
BC,HG,2029-01-01T00:00:00,F,25,918.7450123840972,55000.0,39900.0,0.01670445477061995,94093.1296258644,1826.9931778553778,0.009764209310894808,0.0,0.0
BC,HG,2029-01-01T00:00:00,F,26,618.4085634438743,55000.0,38900.0,0.011243792062615896,94093.1296258644,1826.9931778553778,0.006572303056586669,0.0,0.0
BC,HG,2029-01-01T00:00:00,F,27,818.5110570541292,55000.0,38600.0,0.014882019219165986,94093.1296258644,1826.9931778553778,0.00869894603685428,0.0,0.0
BC,HG,2029-01-01T00:00:00,F,28,820.1008211795124,55000.0,41100.0,0.014910924021445681,94093.1296258644,1826.9931778553778,0.008715841681963593,0.0,0.0
BC,HG,2029-01-01T00:00:00,F,29,921.6588678943444,55000.0,42800.0,0.016757433961715352,94093.1296258644,1826.9931778553778,0.009795177092727906,0.0,0.0
BC,HG,2029-01-01T00:00:00,F,30,822.7934095442542,55000.0,43400.0,0.014959880173531896,94093.1296258644,1826.9931778553778,0.0087444578877955,0.0,0.0
BC,HG,2029-01-01T00:00:00,F,31,924.1773691864437,55000.0,43900.00000000001,0.016803224894298977,94093.1296258644,1826.9931778553778,0.009821943141451265,0.0,0.0
BC,HG,2029-01-01T00:00:00,F,32,625.7971495595848,55000.0,43700.0,0.01137812999199245,94093.1296258644,1826.9931778553778,0.006650827239437098,0.0,0.0
BC,HG,2029-01-01T00:00:00,F,33,628.1224984005603,55000.0,44900.0,0.011420409061828368,94093.1296258644,1826.9931778553778,0.006675540508622868,0.0,0.0
BC,HG,2029-01-01T00:00:00,F,34,730.0633719903562,55000.0,44900.00000000001,0.01327387949073375,94093.1296258644,1826.9931778553778,0.00775894451479352,0.0,0.0
BC,HG,2029-01-01T00:00:00,F,35,632.2854005806075,55000.0,45100.0,0.011496098192374682,94093.1296258644,1826.9931778553778,0.006719782869320188,0.0,0.0
BC,HG,2029-01-01T00:00:00,F,36,735.4262030651225,55000.0,45600.0,0.013371385510274955,94093.1296258644,1826.9931778553778,0.0078159394420118,0.0,0.0
BC,HG,2029-01-01T00:00:00,F,37,638.8735804488388,55000.0,46200.0,0.011615883280887978,94093.1296258644,1826.9931778553778,0.006789800519858834,0.0,0.0
BC,HG,2029-01-01T00:00:00,F,38,441.9518900201365,55000.0,46200.0,0.008035488909457027,94093.1296258644,1826.9931778553778,0.004696962379479111,0.0,0.0
BC,HG,2029-01-01T00:00:00,F,39,544.0289213963188,55000.0,46300.00000000001,0.009891434934478523,94093.1296258644,1826.9931778553778,0.005781813439084246,0.0,0.0
BC,HG,2029-01-01T00:00:00,F,40,445.19995957436913,55000.0,45300.0,0.008094544719533985,94093.1296258644,1826.9931778553778,0.0047314821108043175,0.0,0.0
BC,HG,2029-01-01T00:00:00,F,41,446.09888859838975,55000.0,44600.0,0.008110888883607087,94093.1296258644,1826.9931778553778,0.004741035720378098,0.0,0.0
BC,HG,2029-01-01T00:00:00,F,42,346.7311880111956,55000.0,43599.99999999999,0.006304203418385375,94093.1296258644,1826.9931778553778,0.003684978801214046,0.0,0.0
BC,HG,2029-01-01T00:00:00,F,43,448.1906119452251,55000.0,43599.99999999999,0.00814892021718591,94093.1296258644,1826.9931778553778,0.004763266071894224,0.0,0.0
BC,HG,2029-01-01T00:00:00,F,44,449.2211133196979,55000.0,42799.99999999999,0.008167656605812689,94093.1296258644,1826.9931778553778,0.004774218001950863,0.0,0.0
BC,HG,2029-01-01T00:00:00,F,45,350.92099204001715,55000.0,42200.0,0.006380381673454857,94093.1296258644,1826.9931778553778,0.003729507068532618,0.0,0.0
BC,HG,2029-01-01T00:00:00,F,46,352.6862388320733,55000.0,41500.0,0.00641247706967406,94093.1296258644,1826.9931778553778,0.003748267702800764,0.0,0.0
BC,HG,2029-01-01T00:00:00,F,47,354.6310849008514,55000.0,41000.0,0.006447837907288208,94093.1296258644,1826.9931778553778,0.003768937076606389,0.0,0.0
BC,HG,2029-01-01T00:00:00,F,48,155.96023706790584,55000.0,39400.0,0.0028356406739619244,94093.1296258644,1826.9931778553778,0.0016575092962476546,0.0,0.0
BC,HG,2029-01-01T00:00:00,F,49,258.16196697946725,55000.0,38600.0,0.004693853945081223,94093.1296258644,1826.9931778553778,0.0027436856230202747,0.0,0.0
BC,HG,2029-01-01T00:00:00,F,50,159.4196874350091,55000.0,36700.0,0.0028985397715456203,94093.1296258644,1826.9931778553778,0.0016942755339194042,0.0,0.0
BC,HG,2029-01-01T00:00:00,F,51,161.96728715184145,55000.0,35500.0,0.0029448597663971174,94093.1296258644,1826.9931778553778,0.0017213508339648184,0.0,0.0
BC,HG,2029-01-01T00:00:00,F,52,266.02970589759934,55000.0,35200.0,0.004836903743592715,94093.1296258644,1826.9931778553778,0.0028273021309355288,0.0,0.0
BC,HG,2029-01-01T00:00:00,F,53,271.5163170594242,55000.0,35400.0,0.0049366603101713485,94093.1296258644,1826.9931778553778,0.002885612564265155,0.0,0.0
BC,HG,2029-01-01T00:00:00,F,54,176.38645483995788,55000.0,34900.00000000001,0.003207026451635598,94093.1296258644,1826.9931778553778,0.001874594410254079,0.0,0.0
BC,HG,2029-01-01T00:00:00,F,55,282.22563377938786,55000.0,34800.00000000001,0.005131375159625234,94093.1296258644,1826.9931778553778,0.002999428703260067,0.0,0.0
BC,HG,2029-01-01T00:00:00,F,56,189.90472378895356,55000.0,35000.0,0.0034528131597991556,94093.1296258644,1826.9931778553778,0.002018263443293445,0.0,0.0
BC,HG,2029-01-01T00:00:00,F,57,298.62201697501587,55000.0,35500.0,0.0054294912177275615,94093.1296258644,1826.9931778553778,0.003173685668256595,0.0,0.0
BC,HG,2029-01-01T00:00:00,F,58,313.9182472338289,55000.0,37800.0,0.005707604495160525,94093.1296258644,1826.9931778553778,0.003336250462515584,0.0,0.0
BC,HG,2029-01-01T00:00:00,F,59,224.47127724823804,55000.0,37899.99999999999,0.004081295949967964,94093.1296258644,1826.9931778553778,0.0023856287716306885,0.0,0.0
BC,HG,2029-01-01T00:00:00,F,60,135.43178904333035,55000.0,37700.0,0.002462396164424188,94093.1296258644,1826.9931778553778,0.0014393377027827412,0.0,0.0
BC,HG,2029-01-01T00:00:00,F,61,242.3235937590507,55000.0,36499.99999999999,0.004405883522891831,94093.1296258644,1826.9931778553778,0.002575359058866298,0.0,0.0
BC,HG,2029-01-01T00:00:00,F,62,251.69235740871954,55000.0,35600.00000000001,0.004576224680158537,94093.1296258644,1826.9931778553778,0.0026749281101553896,0.0,0.0
BC,HG,2029-01-01T00:00:00,F,63,272.4113484262998,55000.0,37000.0,0.004952933607750906,94093.1296258644,1826.9931778553778,0.002895124750441069,0.0,0.0
BC,HG,2029-01-01T00:00:00,F,64,296.4999388205979,55000.0,38500.0,0.005390907978556325,94093.1296258644,1826.9931778553778,0.00315113271287233,0.0,0.0
BC,HG,2029-01-01T00:00:00,F,65,226.5394253550112,55000.0,40399.99999999999,0.0041188986428183855,94093.1296258644,1826.9931778553778,0.002407608570952877,0.0,0.0
BC,HG,2029-01-01T00:00:00,F,66,148.5474472713904,55000.0,40300.0,0.002700862677661644,94093.1296258644,1826.9931778553778,0.0015787278822805525,0.0,0.0
BC,HG,2029-01-01T00:00:00,F,67,162.3091112649563,55000.0,38700.0,0.002951074750271933,94093.1296258644,1826.9931778553778,0.0017249836615099753,0.0,0.0
BC,HG,2029-01-01T00:00:00,F,68,189.480425513284,55000.0,38800.0,0.0034450986456960727,94093.1296258644,1826.9931778553778,0.00201375409944064,0.0,0.0
BC,HG,2029-01-01T00:00:00,F,69,216.69813201369107,55000.0,38500.00000000001,0.003939966036612565,94093.1296258644,1826.9931778553778,0.0023030175834870405,0.0,0.0
BC,HG,2029-01-01T00:00:00,F,70,242.069529797016,55000.0,37700.0,0.004401264178127563,94093.1296258644,1826.9931778553778,0.0025726589258911812,0.0,0.0
BC,HG,2029-01-01T00:00:00,F,71,173.79068858422397,55000.0,37200.0,0.003159830701531345,94093.1296258644,1826.9931778553778,0.001847007207383314,0.0,0.0
BC,HG,2029-01-01T00:00:00,F,72,101.39399046604376,55000.0,36000.0,0.0018435270993826139,94093.1296258644,1826.9931778553778,0.0010775918589296502,0.0,0.0
BC,HG,2029-01-01T00:00:00,F,73,133.59597014272003,55000.0,35100.0,0.002429017638958546,94093.1296258644,1826.9931778553778,0.0014198270444816521,0.0,0.0
BC,HG,2029-01-01T00:00:00,F,74,170.042665580826,55000.0,34300.0,0.003091684828742291,94093.1296258644,1826.9931778553778,0.0018071740865348422,0.0,0.0
BC,HG,2029-01-01T00:00:00,F,75,196.3202378830283,55000.0,32600.000000000004,0.0035694588706005146,94093.1296258644,1826.9931778553778,0.002086446041954838,0.0,0.0
BC,HG,2029-01-01T00:00:00,F,76,120.11626052407155,55000.0,30600.0,0.0021839320095285737,94093.1296258644,1826.9931778553778,0.0012765678110790981,0.0,0.0
BC,HG,2029-01-01T00:00:00,F,77,-50.80445073888768,55000.0,28800.0,-0.0009237172861615942,94093.1296258644,1826.9931778553778,0.0,0.02780768497369249,0.0017640434284336
BC,HG,2029-01-01T00:00:00,F,78,-16.79007738481596,55000.0,27400.000000000004,-0.00030527413426938106,94093.1296258644,1826.9931778553778,0.0,0.009190005517439889,0.0006127765468910933
BC,HG,2029-01-01T00:00:00,F,79,32.45493372600686,55000.0,26600.0,0.0005900897041092156,94093.1296258644,1826.9931778553778,0.00034492352263183323,0.0,0.0
BC,HG,2029-01-01T00:00:00,F,80,-39.716992591827875,55000.0,24700.0,-0.0007221271380332341,94093.1296258644,1826.9931778553778,0.0,0.021738993376236797,0.0016079754085760274
BC,HG,2029-01-01T00:00:00,F,81,-86.92257424414129,55000.0,23700.0,-0.001580410440802569,94093.1296258644,1826.9931778553778,0.0,0.047576846644920505,0.0036676191664194637
BC,HG,2029-01-01T00:00:00,F,82,-36.50981466500889,55000.0,22600.0,-0.0006638148120910707,94093.1296258644,1826.9931778553778,0.0,0.019983552816473054,0.0016154785250003933
BC,HG,2029-01-01T00:00:00,F,83,-118.88921951539669,55000.0,17800.0,-0.0021616221730072125,94093.1296258644,1826.9931778553778,0.0,0.06507370742071145,0.006679169635696443
BC,HG,2029-01-01T00:00:00,F,84,-16.712909678390133,55000.0,15900.000000000002,-0.00030387108506163877,94093.1296258644,1826.9931778553778,0.0,0.009147767972515715,0.0010511263948673039
BC,HG,2029-01-01T00:00:00,F,85,-77.3698430111599,55000.0,14800.000000000002,-0.0014067244183847256,94093.1296258644,1826.9931778553778,0.0,0.04234818386239447,0.005227692095348641
BC,HG,2029-01-01T00:00:00,F,86,-69.02475768633667,55000.0,13200.000000000002,-0.0012549955942970303,94093.1296258644,1826.9931778553778,0.0,0.03778052295048065,0.0052291483095709594
BC,HG,2029-01-01T00:00:00,F,87,18.90327164228438,55000.0,11500.0,0.00034369584804153417,94093.1296258644,1826.9931778553778,0.0002008995950867834,0.0,0.0
BC,HG,2029-01-01T00:00:00,F,88,-60.6772169964097,55000.0,10300.0,-0.001103222127207449,94093.1296258644,1826.9931778553778,0.0,0.033211518100815164,0.0058909919413989995
BC,HG,2029-01-01T00:00:00,F,89,-83.85728824184116,55000.0,8700.0,-0.0015246779680334758,94093.1296258644,1826.9931778553778,0.0,0.04589907026378573,0.009638768763430018
BC,HG,2029-01-01T00:00:00,F,90,0.6167528997893896,55000.0,7499.999999999999,1.121368908707981e-05,94093.1296258644,1826.9931778553778,6.5547070465371794e-06,0.0,0.0
BC,HG,2029-01-01T00:00:00,F,91,-92.04159346619053,55000.0,6499.999999999999,-0.0016734835175671006,94093.1296258644,1826.9931778553778,0.0,0.050378728602716444,0.014160245148644699
BC,HG,2029-01-01T00:00:00,F,92,-107.6227779582623,55000.0,5500.0,-0.0019567777810593147,94093.1296258644,1826.9931778553778,0.0,0.05890704971574972,0.019567777810593146
BC,HG,2029-01-01T00:00:00,F,93,-130.7539087996156,55000.0,4600.000000000001,-0.0023773437963566474,94093.1296258644,1826.9931778553778,0.0,0.07156781447487479,0.028424762782525124
BC,HG,2029-01-01T00:00:00,F,94,-87.92220597142477,55000.0,3700.0,-0.001598585563116814,94093.1296258644,1826.9931778553778,0.0,0.0481239924905645,0.023762758370655345
BC,HG,2029-01-01T00:00:00,F,95,-140.606466512545,55000.0,2900.0,-0.0025564812093190003,94093.1296258644,1826.9931778553778,0.0,0.0769605865072777,0.04848498845260173
BC,HG,2029-01-01T00:00:00,F,96,-2.013823396042426,55000.0,2400.0,-3.6614970837135014e-05,94093.1296258644,1826.9931778553778,0.0,0.001102261037671941,0.0008390930816843441
BC,HG,2029-01-01T00:00:00,F,97,-63.75895346627112,55000.0,1800.0000000000002,-0.0011592536993867478,94093.1296258644,1826.9931778553778,0.0,0.034898298602907094,0.03542164081459506
BC,HG,2029-01-01T00:00:00,F,98,-24.3944844189989,55000.0,1400.0000000000002,-0.00044353608034543453,94093.1296258644,1826.9931778553778,0.0,0.013352258078836643,0.017424631727856355
BC,HG,2029-01-01T00:00:00,F,99,-2.7989372020965675,55000.0,1000.0,-5.0889767310846684e-05,94093.1296258644,1826.9931778553778,0.0,0.001531991052852266,0.0027989372020965674
BC,HG,2029-01-01T00:00:00,F,100,1224.4395879533506,55000.0,1900.0000000000002,0.022262537962788192,94093.1296258644,1826.9931778553778,0.013013060494660979,0.0,0.0
BC,HG,2029-01-01T00:00:00,M,1,488.0474343637725,55000.0,28100.0,0.008873589715704955,94093.1296258644,1826.9931778553778,0.005186855154083615,0.0,0.0
BC,HG,2029-01-01T00:00:00,M,2,405.64996905897715,55000.0,28000.0,0.0073754539828904935,94093.1296258644,1826.9931778553778,0.004311153967052997,0.0,0.0
BC,HG,2029-01-01T00:00:00,M,3,403.91614248019687,55000.0,27900.0,0.007343929863276307,94093.1296258644,1826.9931778553778,0.004292727259538066,0.0,0.0
BC,HG,2029-01-01T00:00:00,M,4,402.672752544564,55000.0,27699.999999999996,0.007321322773537527,94093.1296258644,1826.9931778553778,0.0042795127991350915,0.0,0.0
BC,HG,2029-01-01T00:00:00,M,5,502.17077226666515,55000.0,27600.0,0.00913037767757573,94093.1296258644,1826.9931778553778,0.005336954719897297,0.0,0.0
BC,HG,2029-01-01T00:00:00,M,6,601.6821445507303,55000.0,27600.000000000004,0.010939675355467823,94093.1296258644,1826.9931778553778,0.006394538548597064,0.0,0.0
BC,HG,2029-01-01T00:00:00,M,7,601.431156329425,55000.0,27400.0,0.010935111933262272,94093.1296258644,1826.9931778553778,0.006391871103882414,0.0,0.0
BC,HG,2029-01-01T00:00:00,M,8,501.3670747027354,55000.0,26099.999999999996,0.00911576499459519,94093.1296258644,1826.9931778553778,0.005328413208236186,0.0,0.0
BC,HG,2029-01-01T00:00:00,M,9,501.4097957872036,55000.0,26900.000000000004,0.009116541741585521,94093.1296258644,1826.9931778553778,0.005328867238032389,0.0,0.0
BC,HG,2029-01-01T00:00:00,M,10,601.4311563294286,55000.0,27400.0,0.010935111933262338,94093.1296258644,1826.9931778553778,0.006391871103882453,0.0,0.0
BC,HG,2029-01-01T00:00:00,M,11,501.47387741388957,55000.0,28100.0,0.00911770686207072,94093.1296258644,1826.9931778553778,0.005329548282726521,0.0,0.0
BC,HG,2029-01-01T00:00:00,M,12,502.02213577918155,55000.0,28899.999999999996,0.009127675195985119,94093.1296258644,1826.9931778553778,0.005335375045716253,0.0,0.0
BC,HG,2029-01-01T00:00:00,M,13,502.2909257131614,55000.0,29100.000000000004,0.009132562285693844,94093.1296258644,1826.9931778553778,0.00533823168291228,0.0,0.0
BC,HG,2029-01-01T00:00:00,M,14,803.1400204289785,55000.0,30200.0,0.014602545825981427,94093.1296258644,1826.9931778553778,0.008535586217850815,0.0,0.0
BC,HG,2029-01-01T00:00:00,M,15,1304.2009528423878,55000.0,30800.000000000004,0.023712744597134322,94093.1296258644,1826.9931778553778,0.013860745816705069,0.0,0.0
BC,HG,2029-01-01T00:00:00,M,16,2006.5364553254694,55000.0,32600.0,0.036482481005917625,94093.1296258644,1826.9931778553778,0.02132500495311308,0.0,0.0
BC,HG,2029-01-01T00:00:00,M,17,1909.5929589267726,55000.0,33600.0,0.034719871980486774,94093.1296258644,1826.9931778553778,0.020294711914884186,0.0,0.0
BC,HG,2029-01-01T00:00:00,M,18,2713.097244245044,55000.0,35400.0,0.04932904080445534,94093.1296258644,1826.9931778553778,0.028834169455654552,0.0,0.0
BC,HG,2029-01-01T00:00:00,M,19,5517.959883283089,55000.0,40900.0,0.1003265433324198,94093.1296258644,1826.9931778553778,0.05864360028435389,0.0,0.0
BC,HG,2029-01-01T00:00:00,M,20,3824.689157392517,55000.0,44000.0,0.06953980286168213,94093.1296258644,1826.9931778553778,0.04064791098564101,0.0,0.0
BC,HG,2029-01-01T00:00:00,M,21,1530.929946431279,55000.0,44400.0,0.027835089935114164,94093.1296258644,1826.9931778553778,0.01627036907496438,0.0,0.0
BC,HG,2029-01-01T00:00:00,M,22,435.4298494325558,55000.0,43199.99999999999,0.007916906353319196,94093.1296258644,1826.9931778553778,0.004627647641904605,0.0,0.0
BC,HG,2029-01-01T00:00:00,M,23,238.60266057192348,55000.0,41900.0,0.0043382301922167904,94093.1296258644,1826.9931778553778,0.002535813842314117,0.0,0.0
BC,HG,2029-01-01T00:00:00,M,24,240.9378467553979,55000.0,40900.0,0.004380688122825416,94093.1296258644,1826.9931778553778,0.002560631660498714,0.0,0.0
BC,HG,2029-01-01T00:00:00,M,25,442.58219299757184,55000.0,40600.0,0.008046948963592215,94093.1296258644,1826.9931778553778,0.004703661093614155,0.0,0.0
BC,HG,2029-01-01T00:00:00,M,26,643.8393504383712,55000.0,40000.0,0.011706170007970385,94093.1296258644,1826.9931778553778,0.006842575573779109,0.0,0.0
BC,HG,2029-01-01T00:00:00,M,27,845.2372171393436,55000.0,39300.0,0.01536794940253352,94093.1296258644,1826.9931778553778,0.008982985479388328,0.0,0.0
BC,HG,2029-01-01T00:00:00,M,28,850.4823457835591,55000.0,41600.0,0.015463315377882893,94093.1296258644,1826.9931778553778,0.009038729492421706,0.0,0.0
BC,HG,2029-01-01T00:00:00,M,29,756.6498852395162,55000.0,43700.0,0.013757270640718475,94093.1296258644,1826.9931778553778,0.008041499823080894,0.0,0.0
BC,HG,2029-01-01T00:00:00,M,30,761.7440691981101,55000.0,44600.0,0.013849892167238365,94093.1296258644,1826.9931778553778,0.008095639630937743,0.0,0.0
BC,HG,2029-01-01T00:00:00,M,31,767.1910248127824,55000.0,45099.99999999999,0.013948927723868772,94093.1296258644,1826.9931778553778,0.008153528614292114,0.0,0.0
BC,HG,2029-01-01T00:00:00,M,32,573.5550249909138,55000.0,45900.0,0.01042827318165298,94093.1296258644,1826.9931778553778,0.006095610033075726,0.0,0.0
BC,HG,2029-01-01T00:00:00,M,33,578.8606507170989,55000.0,46400.0,0.010524739103947254,94093.1296258644,1826.9931778553778,0.006151996995091778,0.0,0.0
BC,HG,2029-01-01T00:00:00,M,34,784.0827245020555,55000.0,46999.99999999999,0.014256049536401008,94093.1296258644,1826.9931778553778,0.008333049688322049,0.0,0.0
BC,HG,2029-01-01T00:00:00,M,35,687.7583103527213,55000.0,47100.0,0.01250469655186766,94093.1296258644,1826.9931778553778,0.007309336112927736,0.0,0.0
BC,HG,2029-01-01T00:00:00,M,36,690.8516491451956,55000.0,47200.0,0.012560939075367192,94093.1296258644,1826.9931778553778,0.007342211401535672,0.0,0.0
BC,HG,2029-01-01T00:00:00,M,37,493.9422615192234,55000.0,47300.0,0.008980768391258607,94093.1296258644,1826.9931778553778,0.0052495040124953835,0.0,0.0
BC,HG,2029-01-01T00:00:00,M,38,497.28328699235135,55000.0,47300.0,0.009041514308951842,94093.1296258644,1826.9931778553778,0.005285011657808199,0.0,0.0
BC,HG,2029-01-01T00:00:00,M,39,401.0420109444749,55000.0,47199.99999999999,0.00729167292626318,94093.1296258644,1826.9931778553778,0.004262181654910499,0.0,0.0
BC,HG,2029-01-01T00:00:00,M,40,502.97499426088325,55000.0,46300.0,0.009144999895652423,94093.1296258644,1826.9931778553778,0.005345501805082111,0.0,0.0
BC,HG,2029-01-01T00:00:00,M,41,404.19324531118036,55000.0,44800.0,0.007348968096566916,94093.1296258644,1826.9931778553778,0.004295672244279091,0.0,0.0
BC,HG,2029-01-01T00:00:00,M,42,407.87073039842653,55000.0,44200.00000000001,0.007415831461789573,94093.1296258644,1826.9931778553778,0.0043347557044835575,0.0,0.0
BC,HG,2029-01-01T00:00:00,M,43,413.34417987928464,55000.0,44200.00000000001,0.007515348725077903,94093.1296258644,1826.9931778553778,0.004392926258514673,0.0,0.0
BC,HG,2029-01-01T00:00:00,M,44,417.03640763115254,55000.0,43400.00000000001,0.007582480138748228,94093.1296258644,1826.9931778553778,0.004432166400345953,0.0,0.0
BC,HG,2029-01-01T00:00:00,M,45,319.9452667908845,55000.0,42300.0,0.005817186668925172,94093.1296258644,1826.9931778553778,0.003400304231170324,0.0,0.0
BC,HG,2029-01-01T00:00:00,M,46,322.71915960056504,55000.0,41100.0,0.005867621083646637,94093.1296258644,1826.9931778553778,0.0034297845218218327,0.0,0.0
BC,HG,2029-01-01T00:00:00,M,47,326.1156589373786,55000.0,40099.99999999999,0.005929375617043248,94093.1296258644,1826.9931778553778,0.0034658817305162275,0.0,0.0
BC,HG,2029-01-01T00:00:00,M,48,328.53924672728317,55000.0,38800.0,0.005973440849586967,94093.1296258644,1826.9931778553778,0.0034916390605098336,0.0,0.0
BC,HG,2029-01-01T00:00:00,M,49,330.8358963450228,55000.0,37400.0,0.00601519811536405,94093.1296258644,1826.9931778553778,0.0035160473209946493,0.0,0.0
BC,HG,2029-01-01T00:00:00,M,50,231.81407902468345,55000.0,35600.0,0.004214801436812426,94093.1296258644,1826.9931778553778,0.002463666369122047,0.0,0.0
BC,HG,2029-01-01T00:00:00,M,51,234.69192819097952,55000.0,34400.0,0.004267125967108719,94093.1296258644,1826.9931778553778,0.0024942514838667586,0.0,0.0
BC,HG,2029-01-01T00:00:00,M,52,240.9736240850034,55000.0,34000.0,0.004381338619727335,94093.1296258644,1826.9931778553778,0.00256101189367565,0.0,0.0
BC,HG,2029-01-01T00:00:00,M,53,146.78581871731876,55000.0,33300.0,0.0026688330675876137,94093.1296258644,1826.9931778553778,0.0015600057018081174,0.0,0.0
BC,HG,2029-01-01T00:00:00,M,54,254.28448242918967,55000.0,33099.99999999999,0.004623354225985267,94093.1296258644,1826.9931778553778,0.0027024766148206823,0.0,0.0
BC,HG,2029-01-01T00:00:00,M,55,162.29108451262073,55000.0,32600.0,0.0029507469911385586,94093.1296258644,1826.9931778553778,0.0017247920773591744,0.0,0.0
BC,HG,2029-01-01T00:00:00,M,56,272.2196838171367,55000.0,32600.0,0.004949448796675212,94093.1296258644,1826.9931778553778,0.0028930877833434152,0.0,0.0
BC,HG,2029-01-01T00:00:00,M,57,186.3392313175209,55000.0,33000.0,0.0033879860239549252,94093.1296258644,1826.9931778553778,0.0019803702146846203,0.0,0.0
BC,HG,2029-01-01T00:00:00,M,58,209.8406236482988,55000.0,34800.0,0.0038152840663327053,94093.1296258644,1826.9931778553778,0.0022301375720275504,0.0,0.0
BC,HG,2029-01-01T00:00:00,M,59,225.0650792450906,55000.0,34900.0,0.004092092349910738,94093.1296258644,1826.9931778553778,0.0023919395617937288,0.0,0.0
BC,HG,2029-01-01T00:00:00,M,60,237.78756783273275,55000.0,34400.0,0.004323410324231504,94093.1296258644,1826.9931778553778,0.002527151225368207,0.0,0.0
BC,HG,2029-01-01T00:00:00,M,61,248.29266301314783,55000.0,33500.0,0.004514412054784506,94093.1296258644,1826.9931778553778,0.0026387969451161387,0.0,0.0
BC,HG,2029-01-01T00:00:00,M,62,263.62761958108604,55000.0,33099.99999999999,0.004793229446928837,94093.1296258644,1826.9931778553778,0.002801773313623738,0.0,0.0
BC,HG,2029-01-01T00:00:00,M,63,294.8434088797876,55000.0,34400.0,0.005360789252359775,94093.1296258644,1826.9931778553778,0.0031335274961323085,0.0,0.0
BC,HG,2029-01-01T00:00:00,M,64,233.24239840535301,55000.0,36000.0,0.004240770880097328,94093.1296258644,1826.9931778553778,0.002478846216857465,0.0,0.0
BC,HG,2029-01-01T00:00:00,M,65,272.60262809341657,55000.0,37300.0,0.0049564114198803015,94093.1296258644,1826.9931778553778,0.0028971576264637637,0.0,0.0
BC,HG,2029-01-01T00:00:00,M,66,309.0968002002119,55000.0,37900.0,0.005619941821822034,94093.1296258644,1826.9931778553778,0.0032850092395613874,0.0,0.0
BC,HG,2029-01-01T00:00:00,M,67,324.35811408741574,55000.0,36300.0,0.005897420256134832,94093.1296258644,1826.9931778553778,0.003447202950705722,0.0,0.0
BC,HG,2029-01-01T00:00:00,M,68,258.8374520586367,55000.0,36100.0,0.0047061354919752125,94093.1296258644,1826.9931778553778,0.002750864522073323,0.0,0.0
BC,HG,2029-01-01T00:00:00,M,69,288.4526963245735,55000.0,35400.0,0.005244594478628609,94093.1296258644,1826.9931778553778,0.003065608482484606,0.0,0.0
BC,HG,2029-01-01T00:00:00,M,70,313.1595263079071,55000.0,34200.0,0.005693809569234674,94093.1296258644,1826.9931778553778,0.0033281869521515576,0.0,0.0
BC,HG,2029-01-01T00:00:00,M,71,253.7747699015381,55000.0,33800.0,0.004614086725482511,94093.1296258644,1826.9931778553778,0.0026970595080703986,0.0,0.0
BC,HG,2029-01-01T00:00:00,M,72,275.7188158693607,55000.0,32199.999999999996,0.005013069379442922,94093.1296258644,1826.9931778553778,0.0029302757487786957,0.0,0.0
BC,HG,2029-01-01T00:00:00,M,73,115.0654721315841,55000.0,31300.0,0.002092099493301529,94093.1296258644,1826.9931778553778,0.0012228892012531678,0.0,0.0
BC,HG,2029-01-01T00:00:00,M,74,145.30279933320344,55000.0,30000.0,0.002641869078785517,94093.1296258644,1826.9931778553778,0.001544244515098608,0.0,0.0
BC,HG,2029-01-01T00:00:00,M,75,162.94634938207673,55000.0,28099.999999999996,0.0029626608978559404,94093.1296258644,1826.9931778553778,0.001731756080704174,0.0,0.0
BC,HG,2029-01-01T00:00:00,M,76,94.16591203683492,55000.0,26699.999999999996,0.0017121074915788168,94093.1296258644,1826.9931778553778,0.0010007735146153596,0.0,0.0
BC,HG,2029-01-01T00:00:00,M,77,120.7444136129634,55000.0,25200.0,0.0021953529747811527,94093.1296258644,1826.9931778553778,0.0012832436766963809,0.0,0.0
BC,HG,2029-01-01T00:00:00,M,78,153.17455311871527,55000.0,23899.999999999996,0.002784991874885732,94093.1296258644,1826.9931778553778,0.00162790369209497,0.0,0.0
BC,HG,2029-01-01T00:00:00,M,79,99.61054780854829,55000.0,22900.0,0.0018111008692463326,94093.1296258644,1826.9931778553778,0.0010586378432157842,0.0,0.0
BC,HG,2029-01-01T00:00:00,M,80,22.832309275625448,55000.0,21199.999999999996,0.0004151328959204627,94093.1296258644,1826.9931778553778,0.00024265649751912686,0.0,0.0
BC,HG,2029-01-01T00:00:00,M,81,80.68590297293849,55000.0,20500.0,0.0014670164176897908,94093.1296258644,1826.9931778553778,0.000857511098778029,0.0,0.0
BC,HG,2029-01-01T00:00:00,M,82,120.21635006124416,55000.0,19300.0,0.0021857518192953482,94093.1296258644,1826.9931778553778,0.0012776315395103936,0.0,0.0
BC,HG,2029-01-01T00:00:00,M,83,7.268541365820056,55000.0,15099.999999999998,0.00013215529756036465,94093.1296258644,1826.9931778553778,7.724837503781012e-05,0.0,0.0
BC,HG,2029-01-01T00:00:00,M,84,-4.899876244156985,55000.0,13300.0,-8.908865898467245e-05,94093.1296258644,1826.9931778553778,0.0,0.002681934614506181,0.00036841174768097634
BC,HG,2029-01-01T00:00:00,M,85,21.767000084380925,55000.0,12299.999999999998,0.000395763637897835,94093.1296258644,1826.9931778553778,0.0002313346380435155,0.0,0.0
BC,HG,2029-01-01T00:00:00,M,86,17.668317367903,55000.0,10899.999999999998,0.00032124213396187275,94093.1296258644,1826.9931778553778,0.00018777478693881512,0.0,0.0
BC,HG,2029-01-01T00:00:00,M,87,-27.819170531533018,55000.0,9100.0,-0.0005058031005733276,94093.1296258644,1826.9931778553778,0.0,0.015226751182611775,0.0030570517067618702
BC,HG,2029-01-01T00:00:00,M,88,-50.24568423758228,55000.0,7800.0,-0.0009135578952287688,94093.1296258644,1826.9931778553778,0.0,0.027501845571510756,0.006441754389433626
BC,HG,2029-01-01T00:00:00,M,89,-77.71964880869018,55000.0,6599.999999999999,-0.0014130845237943668,94093.1296258644,1826.9931778553778,0.0,0.042539649162741625,0.011775704364953059
BC,HG,2029-01-01T00:00:00,M,90,-21.320139496921,55000.0,5500.0,-0.0003876388999440182,94093.1296258644,1826.9931778553778,0.0,0.011669523321344702,0.0038763889994401822
BC,HG,2029-01-01T00:00:00,M,91,-60.59324777558959,55000.0,4500.0,-0.0011016954141016288,94093.1296258644,1826.9931778553778,0.0,0.033165557764543586,0.013465166172353242
BC,HG,2029-01-01T00:00:00,M,92,-6.969889388090451,55000.0,3699.9999999999995,-0.00012672526160164457,94093.1296258644,1826.9931778553778,0.0,0.003814950965647326,0.001883753888673095
BC,HG,2029-01-01T00:00:00,M,93,-45.86318585620438,55000.0,2999.9999999999995,-0.0008338761064764433,94093.1296258644,1826.9931778553778,0.0,0.025103096394722742,0.015287728618734796
BC,HG,2029-01-01T00:00:00,M,94,-21.291651227018065,55000.0,2300.0,-0.00038712093140032847,94093.1296258644,1826.9931778553778,0.0,0.011653930340348256,0.009257239663920898
BC,HG,2029-01-01T00:00:00,M,95,15.719883838543183,55000.0,1800.0,0.0002858160697916942,94093.1296258644,1826.9931778553778,0.0001670672864325908,0.0,0.0
BC,HG,2029-01-01T00:00:00,M,96,-50.596373432238806,55000.0,1299.9999999999998,-0.000919934062404342,94093.1296258644,1826.9931778553778,0.0,0.027693794396994702,0.03892028725556832
BC,HG,2029-01-01T00:00:00,M,97,-108.5942484666748,55000.0,900.0,-0.001974440881212269,94093.1296258644,1826.9931778553778,0.0,0.0594387815909354,0.12066027607408311
BC,HG,2029-01-01T00:00:00,M,98,19.17684777177851,55000.0,700.0,0.00034866995948688205,94093.1296258644,1826.9931778553778,0.00020380709886077766,0.0,0.0
BC,HG,2029-01-01T00:00:00,M,99,-41.89176644501498,55000.0,400.0,-0.0007616684808184541,94093.1296258644,1826.9931778553778,0.0,0.02292935023117589,0.10472941611253744
BC,HG,2029-01-01T00:00:00,M,100,413.5824014504049,55000.0,700.0,0.007519680026370998,94093.1296258644,1826.9931778553778,0.004395458022226514,0.0,0.0
BC,HG,2030-01-01T00:00:00,F,1,381.084478368728,55800.0,27100.0,0.006829470938507671,89532.72890313138,2091.1192500236507,0.0042563706371670715,0.0,0.0
BC,HG,2030-01-01T00:00:00,F,2,303.5731725427504,55800.0,27000.0,0.005440379436250007,89532.72890313138,2091.1192500236507,0.0033906391133369444,0.0,0.0
BC,HG,2030-01-01T00:00:00,F,3,302.8371165857898,55800.0,26800.000000000004,0.0054271884692793865,89532.72890313138,2091.1192500236507,0.00338241803076772,0.0,0.0
BC,HG,2030-01-01T00:00:00,F,4,302.34641526029736,55800.0,26599.999999999996,0.005418394538715007,89532.72890313138,2091.1192500236507,0.0033769373386062724,0.0,0.0
BC,HG,2030-01-01T00:00:00,F,5,502.08768280918594,55800.0,26500.000000000004,0.008997987147118027,89532.72890313138,2091.1192500236507,0.005607867524650257,0.0,0.0
BC,HG,2030-01-01T00:00:00,F,6,501.8485786820165,55800.0,26399.999999999996,0.00899370212691786,89532.72890313138,2091.1192500236507,0.005605196946749877,0.0,0.0
BC,HG,2030-01-01T00:00:00,F,7,401.6112594109836,55800.0,26200.0,0.007197334398046301,89532.72890313138,2091.1192500236507,0.004485636306757733,0.0,0.0
BC,HG,2030-01-01T00:00:00,F,8,301.3703719747573,55800.0,25900.000000000004,0.005400902723561959,89532.72890313138,2091.1192500236507,0.0033660358135718226,0.0,0.0
BC,HG,2030-01-01T00:00:00,F,9,401.2954297573815,55800.0,24600.0,0.007191674368411855,89532.72890313138,2091.1192500236507,0.004482108773782124,0.0,0.0
BC,HG,2030-01-01T00:00:00,F,10,401.32219483502195,55800.0,25100.0,0.0071921540293014685,89532.72890313138,2091.1192500236507,0.004482407715610082,0.0,0.0
BC,HG,2030-01-01T00:00:00,F,11,401.3596659437062,55800.0,25800.000000000004,0.007192825554546706,89532.72890313138,2091.1192500236507,0.0044828262341690866,0.0,0.0
BC,HG,2030-01-01T00:00:00,F,12,401.6362401770348,55800.0,26599.999999999996,0.007197782082025713,89532.72890313138,2091.1192500236507,0.004485915319431168,0.0,0.0
BC,HG,2030-01-01T00:00:00,F,13,501.91281500687546,55800.0,27300.0,0.008994853315535402,89532.72890313138,2091.1192500236507,0.005605914408684143,0.0,0.0
BC,HG,2030-01-01T00:00:00,F,14,702.1760078511179,55800.0,27800.000000000004,0.012583799423855159,89532.72890313138,2091.1192500236507,0.007842674030530522,0.0,0.0
BC,HG,2030-01-01T00:00:00,F,15,1302.9548836893446,55800.0,28899.999999999996,0.023350445944253485,89532.72890313138,2091.1192500236507,0.014552833356604794,0.0,0.0
BC,HG,2030-01-01T00:00:00,F,16,2304.368112484488,55800.0,31100.0,0.04129691957857505,89532.72890313138,2091.1192500236507,0.02573771782358678,0.0,0.0
BC,HG,2030-01-01T00:00:00,F,17,1906.6378680983762,55800.0,32900.0,0.03416913742111785,89532.72890313138,2091.1192500236507,0.02129542896163966,0.0,0.0
BC,HG,2030-01-01T00:00:00,F,18,2608.6721095950124,55800.0,35000.0,0.0467503962293013,89532.72890313138,2091.1192500236507,0.029136519589584124,0.0,0.0
BC,HG,2030-01-01T00:00:00,F,19,5211.016862361626,55800.0,39500.0,0.09338739896705424,89532.72890313138,2091.1192500236507,0.05820236829818523,0.0,0.0
BC,HG,2030-01-01T00:00:00,F,20,3114.412646112396,55800.0,42499.99999999999,0.055813846704523225,89532.72890313138,2091.1192500236507,0.03478518620248902,0.0,0.0
BC,HG,2030-01-01T00:00:00,F,21,1016.8627080948354,55800.0,43000.00000000001,0.018223346023204936,89532.72890313138,2091.1192500236507,0.011357441245815426,0.0,0.0
BC,HG,2030-01-01T00:00:00,F,22,-81.75609678995534,55800.0,42500.00000000001,-0.001465163024909594,89532.72890313138,2091.1192500236507,0.0,0.03909681228797959,0.0019236728656460075
BC,HG,2030-01-01T00:00:00,F,23,218.7471701125687,55800.0,41400.0,0.00392020018122883,89532.72890313138,2091.1192500236507,0.002443209011860221,0.0,0.0
BC,HG,2030-01-01T00:00:00,F,24,418.9622342359362,55800.0,40499.99999999999,0.007508283767669107,89532.72890313138,2091.1192500236507,0.0046794310792115604,0.0,0.0
BC,HG,2030-01-01T00:00:00,F,25,718.7730847672501,55800.0,40400.0,0.012881238078266131,89532.72890313138,2091.1192500236507,0.008028048441871084,0.0,0.0
BC,HG,2030-01-01T00:00:00,F,26,418.86765950159315,55800.0,40299.99999999999,0.007506588879956867,89532.72890313138,2091.1192500236507,0.004678374764548737,0.0,0.0
BC,HG,2030-01-01T00:00:00,F,27,818.7418774723701,55800.0,39700.0,0.01467279350308907,89532.72890313138,2091.1192500236507,0.009144609881803064,0.0,0.0
BC,HG,2030-01-01T00:00:00,F,28,818.941754157604,55800.0,39400.0,0.014676375522537706,89532.72890313138,2091.1192500236507,0.009146842324482771,0.0,0.0
BC,HG,2030-01-01T00:00:00,F,29,820.9019986695712,55800.0,41900.00000000001,0.014711505352501276,89532.72890313138,2091.1192500236507,0.009168736491409013,0.0,0.0
BC,HG,2030-01-01T00:00:00,F,30,722.5303457052069,55800.0,43500.0,0.012948572503677543,89532.72890313138,2091.1192500236507,0.008070013664912837,0.0,0.0
BC,HG,2030-01-01T00:00:00,F,31,724.007940108997,55800.0,44100.0,0.012975052690125393,89532.72890313138,2091.1192500236507,0.008086517064528734,0.0,0.0
BC,HG,2030-01-01T00:00:00,F,32,525.8513846217029,55800.0,44400.0,0.009423859939457041,89532.72890313138,2091.1192500236507,0.005873286685929567,0.0,0.0
BC,HG,2030-01-01T00:00:00,F,33,527.2933411642807,55800.0,44200.0,0.009449701454557003,89532.72890313138,2091.1192500236507,0.005889392042710749,0.0,0.0
BC,HG,2030-01-01T00:00:00,F,34,630.0460352975715,55800.0,45500.0,0.011291147585977985,89532.72890313138,2091.1192500236507,0.0070370471560097375,0.0,0.0
BC,HG,2030-01-01T00:00:00,F,35,732.0492771355057,55800.0,45600.0,0.013119162672679313,89532.72890313138,2091.1192500236507,0.008176331561696679,0.0,0.0
BC,HG,2030-01-01T00:00:00,F,36,635.0091030149852,55800.0,45700.0,0.011380091451881454,89532.72890313138,2091.1192500236507,0.007092480155519708,0.0,0.0
BC,HG,2030-01-01T00:00:00,F,37,538.2455723009916,55800.0,46100.0,0.009645977998225657,89532.72890313138,2091.1192500236507,0.0060117186072071865,0.0,0.0
BC,HG,2030-01-01T00:00:00,F,38,341.63466702692676,55800.0,46500.0,0.006122485072167146,89532.72890313138,2091.1192500236507,0.003815751750363304,0.0,0.0
BC,HG,2030-01-01T00:00:00,F,39,443.69602478398883,55800.0,46600.0,0.007951541662795499,89532.72890313138,2091.1192500236507,0.0049556852585610255,0.0,0.0
BC,HG,2030-01-01T00:00:00,F,40,345.856446774349,55800.0,46600.0,0.00619814420742561,89532.72890313138,2091.1192500236507,0.0038629052304274486,0.0,0.0
BC,HG,2030-01-01T00:00:00,F,41,346.48302104135655,55800.0,45600.0,0.0062093731369418734,89532.72890313138,2091.1192500236507,0.0038699035010563427,0.0,0.0
BC,HG,2030-01-01T00:00:00,F,42,347.35676171599334,55800.0,44900.00000000001,0.006225031571971207,89532.72890313138,2091.1192500236507,0.0038796623980020856,0.0,0.0
BC,HG,2030-01-01T00:00:00,F,43,447.85129015021084,55800.0,44000.0,0.008026008784053958,89532.72890313138,2091.1192500236507,0.005002095832851883,0.0,0.0
BC,HG,2030-01-01T00:00:00,F,44,349.79673307748453,55800.0,43900.0,0.00626875865730259,89532.72890313138,2091.1192500236507,0.00390691468207053,0.0,0.0
BC,HG,2030-01-01T00:00:00,F,45,251.1747548133353,55800.0,43000.0,0.004501339691995256,89532.72890313138,2091.1192500236507,0.0028053959472752153,0.0,0.0
BC,HG,2030-01-01T00:00:00,F,46,353.0935843519692,55800.0,42500.0,0.00632784201347615,89532.72890313138,2091.1192500236507,0.003943737543552298,0.0,0.0
BC,HG,2030-01-01T00:00:00,F,47,354.8054278970303,55800.0,41800.0,0.006358520213208429,89532.72890313138,2091.1192500236507,0.0039628572952457065,0.0,0.0
BC,HG,2030-01-01T00:00:00,F,48,157.43828782295168,55800.0,41099.99999999999,0.002821474692167593,89532.72890313138,2091.1192500236507,0.0017584439763171937,0.0,0.0
BC,HG,2030-01-01T00:00:00,F,49,258.71314625500236,55800.0,39599.99999999999,0.004636436312813662,89532.72890313138,2091.1192500236507,0.002889592994924942,0.0,0.0
BC,HG,2030-01-01T00:00:00,F,50,161.65504472879547,55800.0,38700.0,0.0028970438123440048,89532.72890313138,2091.1192500236507,0.0018055413557615983,0.0,0.0
BC,HG,2030-01-01T00:00:00,F,51,263.2059862988899,55800.0,36900.0,0.004716953159478314,89532.72890313138,2091.1192500236507,0.0029397739745390954,0.0,0.0
BC,HG,2030-01-01T00:00:00,F,52,265.8921311051017,55800.0,35700.00000000001,0.004765091955288562,89532.72890313138,2091.1192500236507,0.0029697757944223925,0.0,0.0
BC,HG,2030-01-01T00:00:00,F,53,170.36230250177323,55800.0,35300.0,0.0030530878584547174,89532.72890313138,2091.1192500236507,0.0019027935883211401,0.0,0.0
BC,HG,2030-01-01T00:00:00,F,54,176.4498118439733,55800.0,35500.0,0.0031621830079565107,89532.72890313138,2091.1192500236507,0.0019707855887524726,0.0,0.0
BC,HG,2030-01-01T00:00:00,F,55,281.600699239636,55800.0,35100.0,0.005046607513255126,89532.72890313138,2091.1192500236507,0.003145226362354148,0.0,0.0
BC,HG,2030-01-01T00:00:00,F,56,288.20131339829095,55800.0,35000.0,0.005164898089575106,89532.72890313138,2091.1192500236507,0.0032189492817772383,0.0,0.0
BC,HG,2030-01-01T00:00:00,F,57,296.207177260716,55800.0,35200.0,0.00530837235234258,89532.72890313138,2091.1192500236507,0.003308367575629164,0.0,0.0
BC,HG,2030-01-01T00:00:00,F,58,205.82193835559883,55800.0,35600.00000000001,0.0036885652035053553,89532.72890313138,2091.1192500236507,0.0022988458061887606,0.0,0.0
BC,HG,2030-01-01T00:00:00,F,59,222.46525860857219,55800.0,37900.0,0.003986832591551473,89532.72890313138,2091.1192500236507,0.002484736713981601,0.0,0.0
BC,HG,2030-01-01T00:00:00,F,60,233.95666788196831,55800.0,38000.0,0.004192771825841726,89532.72890313138,2091.1192500236507,0.002613085412990084,0.0,0.0
BC,HG,2030-01-01T00:00:00,F,61,245.0323751613032,55800.0,37800.00000000001,0.004391261203607584,89532.72890313138,2091.1192500236507,0.002736791094867804,0.0,0.0
BC,HG,2030-01-01T00:00:00,F,62,253.45422592535033,55800.0,36600.00000000001,0.004542190428769719,89532.72890313138,2091.1192500236507,0.0028308555880115238,0.0,0.0
BC,HG,2030-01-01T00:00:00,F,63,263.66014275073394,55800.0,35699.99999999999,0.004725092163991648,89532.72890313138,2091.1192500236507,0.0029448464933532533,0.0,0.0
BC,HG,2030-01-01T00:00:00,F,64,286.2899765852635,55800.0,37099.99999999999,0.0051306447416713885,89532.72890313138,2091.1192500236507,0.0031976013698299167,0.0,0.0
BC,HG,2030-01-01T00:00:00,F,65,212.41401625176513,55800.0,38500.0,0.0038067028002108446,89532.72890313138,2091.1192500236507,0.0023724733832427175,0.0,0.0
BC,HG,2030-01-01T00:00:00,F,66,144.55308413782768,55800.0,40299.99999999999,0.00259055706340193,89532.72890313138,2091.1192500236507,0.0016145278481819174,0.0,0.0
BC,HG,2030-01-01T00:00:00,F,67,168.07406888339756,55800.0,40199.99999999999,0.0030120800875160854,89532.72890313138,2091.1192500236507,0.0018772360782752732,0.0,0.0
BC,HG,2030-01-01T00:00:00,F,68,183.3697317061742,55800.0,38600.0,0.0032861959087127995,89532.72890313138,2091.1192500236507,0.0020480748655005076,0.0,0.0
BC,HG,2030-01-01T00:00:00,F,69,313.23347879013454,55800.0,38800.0,0.0056135032041242745,89532.72890313138,2091.1192500236507,0.003498536039586517,0.0,0.0
BC,HG,2030-01-01T00:00:00,F,70,242.82106895187462,55800.0,38400.0,0.0043516320600694375,89532.72890313138,2091.1192500236507,0.0027120927947431525,0.0,0.0
BC,HG,2030-01-01T00:00:00,F,71,270.7567336517459,55800.0,37600.00000000001,0.00485227121239688,89532.72890313138,2091.1192500236507,0.003024109026596153,0.0,0.0
BC,HG,2030-01-01T00:00:00,F,72,104.76734617246257,55800.0,36900.0,0.0018775510066749565,89532.72890313138,2091.1192500236507,0.0011701569633358775,0.0,0.0
BC,HG,2030-01-01T00:00:00,F,73,133.9014761709186,55800.0,35700.00000000001,0.002399668031736893,89532.72890313138,2091.1192500236507,0.0014955589739232826,0.0,0.0
BC,HG,2030-01-01T00:00:00,F,74,169.22845112438517,55800.0,34800.0,0.0030327679412972255,89532.72890313138,2091.1192500236507,0.0018901294889322473,0.0,0.0
BC,HG,2030-01-01T00:00:00,F,75,109.19811301074515,55800.0,33900.0,0.0019569554303000922,89532.72890313138,2091.1192500236507,0.0012196446411109666,0.0,0.0
BC,HG,2030-01-01T00:00:00,F,76,38.26334093369951,55800.0,32100.000000000007,0.0006857229558010665,89532.72890313138,2091.1192500236507,0.00042736708020033623,0.0,0.0
BC,HG,2030-01-01T00:00:00,F,77,-37.460619012370444,55800.0,29999.999999999996,-0.0006713372582862087,89532.72890313138,2091.1192500236507,0.0,0.017914147656546493,0.0012486873004123483
BC,HG,2030-01-01T00:00:00,F,78,90.37271862602574,55800.0,28300.0,0.0016195827710757302,89532.72890313138,2091.1192500236507,0.0010093819291915381,0.0,0.0
BC,HG,2030-01-01T00:00:00,F,79,127.03991049094111,55800.0,26900.0,0.0022767009048555754,89532.72890313138,2091.1192500236507,0.0014189214608703602,0.0,0.0
BC,HG,2030-01-01T00:00:00,F,80,80.58324448316125,55800.0,26000.000000000004,0.001444144166364897,89532.72890313138,2091.1192500236507,0.0009000423138040069,0.0,0.0
BC,HG,2030-01-01T00:00:00,F,81,7.607806873704249,55800.0,24000.0,0.00013634062497677865,89532.72890313138,2091.1192500236507,8.497235554983924e-05,0.0,0.0
BC,HG,2030-01-01T00:00:00,F,82,-38.8228302168427,55800.0,22900.0,-0.0006957496454631309,89532.72890313138,2091.1192500236507,0.0,0.018565574496243395,0.0016953200968053582
BC,HG,2030-01-01T00:00:00,F,83,-85.31241749472247,55800.0,21700.0,-0.0015288963708731626,89532.72890313138,2091.1192500236507,0.0,0.040797490384040784,0.003931447810816704
BC,HG,2030-01-01T00:00:00,F,84,-78.68510830487139,55800.0,17000.000000000004,-0.0014101273889761898,89532.72890313138,2091.1192500236507,0.0,0.03762822627355253,0.004628535782639493
BC,HG,2030-01-01T00:00:00,F,85,-74.8386657105475,55800.0,15100.0,-0.0013411947259954749,89532.72890313138,2091.1192500236507,0.0,0.03578880817519186,0.004956203027188576
BC,HG,2030-01-01T00:00:00,F,86,-39.106678411457324,55800.0,14000.000000000004,-0.0007008365306712782,89532.72890313138,2091.1192500236507,0.0,0.018701314337293305,0.002793334172246951
BC,HG,2030-01-01T00:00:00,F,87,65.98307390580885,55800.0,12500.0,0.0011824923639033845,89532.72890313138,2091.1192500236507,0.0007369715489985597,0.0,0.0
BC,HG,2030-01-01T00:00:00,F,88,-45.607188642165056,55800.0,10700.0,-0.0008173331297879042,89532.72890313138,2091.1192500236507,0.0,0.021809941561988507,0.004262354078707014
BC,HG,2030-01-01T00:00:00,F,89,-135.17250127522675,55800.0,9400.000000000002,-0.002422446259412666,89532.72890313138,2091.1192500236507,0.0,0.06464122085514633,0.01438005332715178
BC,HG,2030-01-01T00:00:00,F,90,-67.66981898490212,55800.0,7900.000000000001,-0.0012127207703387477,89532.72890313138,2091.1192500236507,0.0,0.03236057388125367,0.008565799871506597
BC,HG,2030-01-01T00:00:00,F,91,-183.282000899997,55800.0,6600.0,-0.003284623672042957,89532.72890313138,2091.1192500236507,0.0,0.087647799568544,0.02777000013636318
BC,HG,2030-01-01T00:00:00,F,92,-95.94169836173205,55800.0,5700.0,-0.0017193852752998575,89532.72890313138,2091.1192500236507,0.0,0.04588054859169172,0.016831876905567027
BC,HG,2030-01-01T00:00:00,F,93,-28.035165788668564,55800.0,4800.0,-0.0005024223259618022,89532.72890313138,2091.1192500236507,0.0,0.013406775241704406,0.005840659539305951
BC,HG,2030-01-01T00:00:00,F,94,-69.0276458311182,55800.0,3900.0,-0.0012370545847870647,89532.72890313138,2091.1192500236507,0.0,0.033009904064695256,0.017699396366953387
BC,HG,2030-01-01T00:00:00,F,95,-132.93897660703442,55800.0,3000.0,-0.0023824189356099357,89532.72890313138,2091.1192500236507,0.0,0.06357312076082264,0.0443129922023448
BC,HG,2030-01-01T00:00:00,F,96,-8.701533167743492,55800.0,2400.0,-0.000155941454619059,89532.72890313138,2091.1192500236507,0.0,0.004161184575028457,0.0036256388198931213
BC,HG,2030-01-01T00:00:00,F,97,-50.77442631392341,55800.0,1900.0,-0.0009099359554466562,89532.72890313138,2091.1192500236507,0.0,0.024280980777805546,0.026723382270486006
BC,HG,2030-01-01T00:00:00,F,98,-29.216544640315988,55800.0,1400.0000000000002,-0.0005235939899698206,89532.72890313138,2091.1192500236507,0.0,0.013971725734907537,0.02086896045736856
BC,HG,2030-01-01T00:00:00,F,99,-83.94403709322353,55800.0,1000.0000000000001,-0.0015043734246097406,89532.72890313138,2091.1192500236507,0.0,0.040143113355335484,0.08394403709322353
BC,HG,2030-01-01T00:00:00,F,100,1246.3384757342765,55800.0,2000.0000000000002,0.022335814977316782,89532.72890313138,2091.1192500236507,0.013920479036026412,0.0,0.0
BC,HG,2030-01-01T00:00:00,M,1,487.9182338265964,55800.0,28600.0,0.008744054369652265,89532.72890313138,2091.1192500236507,0.005449607532397369,0.0,0.0
BC,HG,2030-01-01T00:00:00,M,2,405.64171804875514,55800.0,28500.0,0.007269564839583425,89532.72890313138,2091.1192500236507,0.004530652902221189,0.0,0.0
BC,HG,2030-01-01T00:00:00,M,3,403.9106718216244,55800.0,28399.999999999996,0.007238542505763878,89532.72890313138,2091.1192500236507,0.00451131867385199,0.0,0.0
BC,HG,2030-01-01T00:00:00,M,4,402.6789677562083,55800.0,28300.000000000004,0.00721646895620445,89532.72890313138,2091.1192500236507,0.004497561648007857,0.0,0.0
BC,HG,2030-01-01T00:00:00,M,5,602.1761647568783,55800.0,28299.999999999996,0.010791687540445847,89532.72890313138,2091.1192500236507,0.006725765785698255,0.0,0.0
BC,HG,2030-01-01T00:00:00,M,6,601.6864579313078,55800.0,28200.000000000004,0.010782911432460714,89532.72890313138,2091.1192500236507,0.006720296201205858,0.0,0.0
BC,HG,2030-01-01T00:00:00,M,7,501.4455335323946,55800.0,28100.0,0.008986479095562628,89532.72890313138,2091.1192500236507,0.005600695295180003,0.0,0.0
BC,HG,2030-01-01T00:00:00,M,8,501.43505865172847,55800.0,27899.999999999996,0.008986291373686891,89532.72890313138,2091.1192500236507,0.005600578300190635,0.0,0.0
BC,HG,2030-01-01T00:00:00,M,9,501.3669719273821,55800.0,26600.0,0.008985071181494303,89532.72890313138,2091.1192500236507,0.005599817832759557,0.0,0.0
BC,HG,2030-01-01T00:00:00,M,10,501.408871450054,55800.0,27400.0,0.008985822068997383,89532.72890313138,2091.1192500236507,0.0056002858127171115,0.0,0.0
BC,HG,2030-01-01T00:00:00,M,11,501.43505865172847,55800.0,27899.999999999996,0.008986291373686891,89532.72890313138,2091.1192500236507,0.005600578300190635,0.0,0.0
BC,HG,2030-01-01T00:00:00,M,12,401.96229930030313,55800.0,28500.000000000004,0.007203625435489303,89532.72890313138,2091.1192500236507,0.0044895571063761535,0.0,0.0
BC,HG,2030-01-01T00:00:00,M,13,502.2704390423787,55800.0,29400.0,0.009001262348429726,89532.72890313138,2091.1192500236507,0.005609908747289528,0.0,0.0
BC,HG,2030-01-01T00:00:00,M,14,803.0482135206767,55800.0,29899.999999999996,0.014391545045173417,89532.72890313138,2091.1192500236507,0.008969325780179479,0.0,0.0
BC,HG,2030-01-01T00:00:00,M,15,1304.2179388933328,55800.0,31500.000000000004,0.02337308134217442,89532.72890313138,2091.1192500236507,0.014566940546449915,0.0,0.0
BC,HG,2030-01-01T00:00:00,M,16,2106.4526741177797,55800.0,32900.0,0.0377500479232577,89532.72890313138,2091.1192500236507,0.023527180506212705,0.0,0.0
BC,HG,2030-01-01T00:00:00,M,17,1909.6756424510058,55800.0,34500.0,0.034223577821702614,89532.72890313138,2091.1192500236507,0.021329358167080457,0.0,0.0
BC,HG,2030-01-01T00:00:00,M,18,2713.1990039097363,55800.0,36300.0,0.0486236380628985,89532.72890313138,2091.1192500236507,0.030303990922082157,0.0,0.0
BC,HG,2030-01-01T00:00:00,M,19,5617.614653653458,55800.0,41000.0,0.10067409773572505,89532.72890313138,2091.1192500236507,0.06274369967804012,0.0,0.0
BC,HG,2030-01-01T00:00:00,M,20,3724.636273329008,55800.0,44600.00000000001,0.06674975400231196,89532.72890313138,2091.1192500236507,0.04160083490093129,0.0,0.0
BC,HG,2030-01-01T00:00:00,M,21,1431.113361490883,55800.0,45399.99999999999,0.025647192858259553,89532.72890313138,2091.1192500236507,0.015984248207594063,0.0,0.0
BC,HG,2030-01-01T00:00:00,M,22,336.04805049760034,55800.0,44699.99999999999,0.006022366496372766,89532.72890313138,2091.1192500236507,0.0037533542718348567,0.0,0.0
BC,HG,2030-01-01T00:00:00,M,23,39.22283877996233,55800.0,43200.0,0.0007029182577054181,89532.72890313138,2091.1192500236507,0.00043808380756939626,0.0,0.0
BC,HG,2030-01-01T00:00:00,M,24,41.33513608298381,55800.0,41900.00000000001,0.0007407730480821471,89532.72890313138,2091.1192500236507,0.0004616762673201411,0.0,0.0
BC,HG,2030-01-01T00:00:00,M,25,342.49134586701257,55800.0,41200.0,0.0061378377395521965,89532.72890313138,2091.1192500236507,0.003825320081973219,0.0,0.0
BC,HG,2030-01-01T00:00:00,M,26,444.3067175594333,55800.0,41000.00000000001,0.007962485977767622,89532.72890313138,2091.1192500236507,0.004962506147222927,0.0,0.0
BC,HG,2030-01-01T00:00:00,M,27,646.0968572258862,55800.0,40600.0,0.011578796724478247,89532.72890313138,2091.1192500236507,0.007216320390780462,0.0,0.0
BC,HG,2030-01-01T00:00:00,M,28,647.6923376412014,55800.0,39900.0,0.011607389563462392,89532.72890313138,2091.1192500236507,0.007234140471044534,0.0,0.0
BC,HG,2030-01-01T00:00:00,M,29,653.7528225745627,55800.0,42199.99999999999,0.011716000404562056,89532.72890313138,2091.1192500236507,0.0073018306331518274,0.0,0.0
BC,HG,2030-01-01T00:00:00,M,30,660.2823637124675,55800.0,44300.0,0.01183301727083275,89532.72890313138,2091.1192500236507,0.0073747597309007555,0.0,0.0
BC,HG,2030-01-01T00:00:00,M,31,666.1975862850086,55800.0,45200.0,0.011939024843817357,89532.72890313138,2091.1192500236507,0.007440827443177692,0.0,0.0
BC,HG,2030-01-01T00:00:00,M,32,471.66596109612146,55800.0,45500.0,0.008452795001722607,89532.72890313138,2091.1192500236507,0.005268084273477618,0.0,0.0
BC,HG,2030-01-01T00:00:00,M,33,477.3465714546983,55800.0,46300.0,0.008554598054743697,89532.72890313138,2091.1192500236507,0.005331531578481835,0.0,0.0
BC,HG,2030-01-01T00:00:00,M,34,682.6466575619852,55800.0,47000.0,0.01223381106741909,89532.72890313138,2091.1192500236507,0.007624548764737917,0.0,0.0
BC,HG,2030-01-01T00:00:00,M,35,686.9992046420375,55800.0,47600.0,0.012311813703262321,89532.72890313138,2091.1192500236507,0.007673162798213447,0.0,0.0
BC,HG,2030-01-01T00:00:00,M,36,690.0638380412274,55800.0,47700.0,0.012366735448767516,89532.72890313138,2091.1192500236507,0.0077073919950304635,0.0,0.0
BC,HG,2030-01-01T00:00:00,M,37,492.72850499583,55800.0,47600.0,0.008830259946161828,89532.72890313138,2091.1192500236507,0.0055033339319851445,0.0,0.0
BC,HG,2030-01-01T00:00:00,M,38,496.2299411473723,55800.0,47700.0,0.008893009697981583,89532.72890313138,2091.1192500236507,0.00554244182241179,0.0,0.0
BC,HG,2030-01-01T00:00:00,M,39,399.94812114535307,55800.0,47600.0,0.007167529052784105,89532.72890313138,2091.1192500236507,0.0044670605491995115,0.0,0.0
BC,HG,2030-01-01T00:00:00,M,40,403.8594907591905,55800.0,47500.0,0.007237625282422769,89532.72890313138,2091.1192500236507,0.004510747027448927,0.0,0.0
BC,HG,2030-01-01T00:00:00,M,41,406.3277105623347,55800.0,46600.0,0.00728185861222822,89532.72890313138,2091.1192500236507,0.004538314821186283,0.0,0.0
BC,HG,2030-01-01T00:00:00,M,42,407.9702228240276,55800.0,45099.99999999999,0.007311294315842788,89532.72890313138,2091.1192500236507,0.004556660204844476,0.0,0.0
BC,HG,2030-01-01T00:00:00,M,43,411.9295865239619,55800.0,44500.0,0.007382250654551289,89532.72890313138,2091.1192500236507,0.004600882733839634,0.0,0.0
BC,HG,2030-01-01T00:00:00,M,44,417.72129307873547,55800.0,44500.0,0.007486044678830385,89532.72890313138,2091.1192500236507,0.004665570883365823,0.0,0.0
BC,HG,2030-01-01T00:00:00,M,45,321.27768715719867,55800.0,43600.0,0.005757664644394241,89532.72890313138,2091.1192500236507,0.003588382607044183,0.0,0.0
BC,HG,2030-01-01T00:00:00,M,46,424.4860979922305,55800.0,42600.0,0.007607277741796245,89532.72890313138,2091.1192500236507,0.004741127665744411,0.0,0.0
BC,HG,2030-01-01T00:00:00,M,47,327.41797568119364,55800.0,41300.0,0.005867705657369062,89532.72890313138,2091.1192500236507,0.0036569641034334905,0.0,0.0
BC,HG,2030-01-01T00:00:00,M,48,330.97457370578195,55800.0,40300.0,0.005931443973221899,89532.72890313138,2091.1192500236507,0.0036966881023349015,0.0,0.0
BC,HG,2030-01-01T00:00:00,M,49,333.8478616812645,55800.0,39000.0,0.0059829365892699726,89532.72890313138,2091.1192500236507,0.0037287801429851004,0.0,0.0
BC,HG,2030-01-01T00:00:00,M,50,236.20793956759735,55800.0,37500.0,0.004233117196551924,89532.72890313138,2091.1192500236507,0.002638230091513898,0.0,0.0
BC,HG,2030-01-01T00:00:00,M,51,237.11867519769294,55800.0,35700.0,0.004249438623614569,89532.72890313138,2091.1192500236507,0.0026484021888156673,0.0,0.0
BC,HG,2030-01-01T00:00:00,M,52,140.3129334323021,55800.0,34399.99999999999,0.0025145686995036217,89532.72890313138,2091.1192500236507,0.0015671691810501117,0.0,0.0
BC,HG,2030-01-01T00:00:00,M,53,147.0015663067461,55800.0,34000.0,0.0026344366721639087,89532.72890313138,2091.1192500236507,0.0016418751903093704,0.0,0.0
BC,HG,2030-01-01T00:00:00,M,54,152.70665126074164,55800.0,33300.0,0.0027366783380061224,89532.72890313138,2091.1192500236507,0.0017055958545166242,0.0,0.0
BC,HG,2030-01-01T00:00:00,M,55,161.6266601577081,55800.0,33100.0,0.0028965351282743386,89532.72890313138,2091.1192500236507,0.0018052243256494245,0.0,0.0
BC,HG,2030-01-01T00:00:00,M,56,169.4445672807051,55800.0,32600.0,0.0030366409906936397,89532.72890313138,2091.1192500236507,0.0018925433118880263,0.0,0.0
BC,HG,2030-01-01T00:00:00,M,57,180.55997485560147,55800.0,32600.0,0.0032358418432903487,89532.72890313138,2091.1192500236507,0.0020166924103358413,0.0,0.0
BC,HG,2030-01-01T00:00:00,M,58,295.18255173173384,55800.0,33099.99999999999,0.005290009887665481,89532.72890313138,2091.1192500236507,0.0032969234306607837,0.0,0.0
BC,HG,2030-01-01T00:00:00,M,59,220.13148311506666,55800.0,34800.0,0.003945008657976105,89532.72890313138,2091.1192500236507,0.0024586705421794377,0.0,0.0
BC,HG,2030-01-01T00:00:00,M,60,236.63568009211303,55800.0,34900.0,0.004240782797349696,89532.72890313138,2091.1192500236507,0.0026430075681948386,0.0,0.0
BC,HG,2030-01-01T00:00:00,M,61,250.09545079829695,55800.0,34399.99999999999,0.004481997326134354,89532.72890313138,2091.1192500236507,0.002793341092829685,0.0,0.0
BC,HG,2030-01-01T00:00:00,M,62,261.72222868078825,55800.0,33499.99999999999,0.00469036252116108,89532.72890313138,2091.1192500236507,0.0029232017373663965,0.0,0.0
BC,HG,2030-01-01T00:00:00,M,63,278.29085131893225,55800.0,33100.0,0.004987291242274772,89532.72890313138,2091.1192500236507,0.003108258340031442,0.0,0.0
BC,HG,2030-01-01T00:00:00,M,64,211.49778337093448,55800.0,34300.0,0.003790282856109937,89532.72890313138,2091.1192500236507,0.00236223988659791,0.0,0.0
BC,HG,2030-01-01T00:00:00,M,65,351.8247534113907,55800.0,36000.0,0.006305103107731016,89532.72890313138,2091.1192500236507,0.003929565843927781,0.0,0.0
BC,HG,2030-01-01T00:00:00,M,66,393.9196144528614,55800.0,37300.0,0.007059491298438377,89532.72890313138,2091.1192500236507,0.004399727555261461,0.0,0.0
BC,HG,2030-01-01T00:00:00,M,67,333.44508356898586,55800.0,37800.0,0.005975718343530213,89532.72890313138,2091.1192500236507,0.00372428147398201,0.0,0.0
BC,HG,2030-01-01T00:00:00,M,68,250.12258802672295,55800.0,36100.0,0.004482483656392884,89532.72890313138,2091.1192500236507,0.0027936441912469728,0.0,0.0
BC,HG,2030-01-01T00:00:00,M,69,285.91542920748907,55800.0,35899.99999999999,0.005123932423073281,89532.72890313138,2091.1192500236507,0.0031934180127228227,0.0,0.0
BC,HG,2030-01-01T00:00:00,M,70,218.06969472143828,55800.0,35100.0,0.003908059045187066,89532.72890313138,2091.1192500236507,0.002435642221487246,0.0,0.0
BC,HG,2030-01-01T00:00:00,M,71,244.88758546580357,55800.0,33900.0,0.004388666406197197,89532.72890313138,2091.1192500236507,0.002735173924283667,0.0,0.0
BC,HG,2030-01-01T00:00:00,M,72,187.43268162283493,55800.0,33400.0,0.003359008631233601,89532.72890313138,2091.1192500236507,0.0020934543593061367,0.0,0.0
BC,HG,2030-01-01T00:00:00,M,73,111.05181376380642,55800.0,31699.999999999996,0.001990175873903341,89532.72890313138,2091.1192500236507,0.0012403488101424597,0.0,0.0
BC,HG,2030-01-01T00:00:00,M,74,249.75728464885105,55800.0,30900.0,0.0044759370008754665,89532.72890313138,2091.1192500236507,0.0027895640812989433,0.0,0.0
BC,HG,2030-01-01T00:00:00,M,75,182.32866158407342,55800.0,29499.999999999996,0.003267538738065832,89532.72890313138,2091.1192500236507,0.002036447049227565,0.0,0.0
BC,HG,2030-01-01T00:00:00,M,76,101.10932760516516,55800.0,27499.999999999996,0.0018119951183721355,89532.72890313138,2091.1192500236507,0.001129300188253604,0.0,0.0
BC,HG,2030-01-01T00:00:00,M,77,131.93512946242117,55800.0,26100.0,0.002364428843412566,89532.72890313138,2091.1192500236507,0.001473596650953937,0.0,0.0
BC,HG,2030-01-01T00:00:00,M,78,60.244515788370336,55800.0,24500.0,0.0010796508205801135,89532.72890313138,2091.1192500236507,0.000672877019682389,0.0,0.0
BC,HG,2030-01-01T00:00:00,M,79,94.71947495544737,55800.0,23200.0,0.0016974816300259386,89532.72890313138,2091.1192500236507,0.0010579312851943527,0.0,0.0
BC,HG,2030-01-01T00:00:00,M,80,140.6263490698002,55800.0,22200.0,0.0025201854672007203,89532.72890313138,2091.1192500236507,0.0015706697516385188,0.0,0.0
BC,HG,2030-01-01T00:00:00,M,81,60.37768942648836,55800.0,20400.0,0.0010820374449191463,89532.72890313138,2091.1192500236507,0.0006743644493603352,0.0,0.0
BC,HG,2030-01-01T00:00:00,M,82,21.29064577745885,55800.0,19600.0,0.0003815527917107321,89532.72890313138,2091.1192500236507,0.00023779735118421275,0.0,0.0
BC,HG,2030-01-01T00:00:00,M,83,-38.013804244928906,55800.0,18300.0,-0.0006812509721313424,89532.72890313138,2091.1192500236507,0.0,0.018178687917725863,0.002077257062564421
BC,HG,2030-01-01T00:00:00,M,84,36.02113713648032,55800.0,14299.999999999998,0.0006455400920516186,89532.72890313138,2091.1192500236507,0.00040232368182871827,0.0,0.0
BC,HG,2030-01-01T00:00:00,M,85,19.25605662223643,55800.0,12500.0,0.0003450906204701869,89532.72890313138,2091.1192500236507,0.00021507282150497428,0.0,0.0
BC,HG,2030-01-01T00:00:00,M,86,-55.7970171216748,55800.0,11399.999999999998,-0.0009999465433991898,89532.72890313138,2091.1192500236507,0.0,0.026682848011199616,0.004894475186111825
BC,HG,2030-01-01T00:00:00,M,87,-64.9189466151438,55800.0,10000.0,-0.0011634219823502471,89532.72890313138,2091.1192500236507,0.0,0.031045071491934074,0.0064918946615143795
BC,HG,2030-01-01T00:00:00,M,88,-20.60602310286049,55800.0,8300.0,-0.0003692835681516217,89532.72890313138,2091.1192500236507,0.0,0.009854064086793441,0.002482653385886806
BC,HG,2030-01-01T00:00:00,M,89,-51.91484187714468,55800.0,7000.0,-0.0009303735103430947,89532.72890313138,2091.1192500236507,0.0,0.02482634210199037,0.00741640598244924
BC,HG,2030-01-01T00:00:00,M,90,-89.93384841026636,55800.0,5800.0,-0.0016117177134456339,89532.72890313138,2091.1192500236507,0.0,0.043007517820539985,0.015505835932804546
BC,HG,2030-01-01T00:00:00,M,91,-35.13853661928988,55800.0,4799.999999999999,-0.0006297228784818975,89532.72890313138,2091.1192500236507,0.0,0.016803698124290358,0.00732052846235206
BC,HG,2030-01-01T00:00:00,M,92,-89.70390606917954,55800.0,3800.0,-0.0016075968829602069,89532.72890313138,2091.1192500236507,0.0,0.04289755644885627,0.02360629107083672
BC,HG,2030-01-01T00:00:00,M,93,-139.765132250865,55800.0,2999.9999999999995,-0.0025047514740298388,89532.72890313138,2091.1192500236507,0.0,0.06683747579162894,0.04658837741695501
BC,HG,2030-01-01T00:00:00,M,94,4.697211400578908,55800.0,2500.0,8.417941578098402e-05,89532.72890313138,2091.1192500236507,5.246362372871474e-05,0.0,0.0
BC,HG,2030-01-01T00:00:00,M,95,-72.18750495202539,55800.0,1800.0,-0.0012936828844448995,89532.72890313138,2091.1192500236507,0.0,0.034520989155070396,0.040104169417791886
BC,HG,2030-01-01T00:00:00,M,96,-35.71825223704923,55800.0,1400.0,-0.0006401120472589467,89532.72890313138,2091.1192500236507,0.0,0.01708092555536718,0.02551303731217802
BC,HG,2030-01-01T00:00:00,M,97,-12.961098124879186,55800.0,1000.0000000000001,-0.0002322777441734621,89532.72890313138,2091.1192500236507,0.0,0.006198163076894154,0.012961098124879184
BC,HG,2030-01-01T00:00:00,M,98,15.973190884188512,55800.0,700.0,0.00028625790115033176,89532.72890313138,2091.1192500236507,0.00017840616587784863,0.0,0.0
BC,HG,2030-01-01T00:00:00,M,99,-18.16638485152555,55800.0,500.0,-0.00032556245253630015,89532.72890313138,2091.1192500236507,0.0,0.008687397837937786,0.0363327697030511
BC,HG,2030-01-01T00:00:00,M,100,412.00968785817327,55800.0,699.9999999999998,0.007383686162332854,89532.72890313138,2091.1192500236507,0.004601777393649434,0.0,0.0
BC,HG,2031-01-01T00:00:00,F,1,480.9680570083583,56600.0,27600.0,0.00849766885173778,84045.4071167318,3522.4246322605177,0.005722716725499768,0.0,0.0
BC,HG,2031-01-01T00:00:00,F,2,403.5680718569929,56600.0,27500.0,0.007130177948003408,84045.4071167318,3522.4246322605177,0.004801786149913841,0.0,0.0
BC,HG,2031-01-01T00:00:00,F,3,302.84391400089953,56600.0,27300.0,0.005350599187295045,84045.4071167318,3522.4246322605177,0.0036033368674182934,0.0,0.0
BC,HG,2031-01-01T00:00:00,F,4,302.3523675572105,56600.0,27099.999999999996,0.005341914621152129,84045.4071167318,3522.4246322605177,0.0035974882855557976,0.0,0.0
BC,HG,2031-01-01T00:00:00,F,5,402.10132874875853,56600.0,27000.000000000004,0.0071042637588119885,84045.4071167318,3522.4246322605177,0.004784334356192416,0.0,0.0
BC,HG,2031-01-01T00:00:00,F,6,501.860823517447,56600.0,27000.000000000004,0.008866799002075034,84045.4071167318,3522.4246322605177,0.005971305758807327,0.0,0.0
BC,HG,2031-01-01T00:00:00,F,7,401.62207436597964,56600.0,26800.0,0.0070957963668901,84045.4071167318,3522.4246322605177,0.004778632029328638,0.0,0.0
BC,HG,2031-01-01T00:00:00,F,8,401.3798148191272,56600.0,26600.0,0.007091516162882106,84045.4071167318,3522.4246322605177,0.004775749545262424,0.0,0.0
BC,HG,2031-01-01T00:00:00,F,9,401.36401541280065,56600.0,26300.000000000004,0.0070912370214275735,84045.4071167318,3522.4246322605177,0.004775561558710052,0.0,0.0
BC,HG,2031-01-01T00:00:00,F,10,401.2955513187226,56600.0,25000.0,0.007090027408457996,84045.4071167318,3522.4246322605177,0.004774746950316485,0.0,0.0
BC,HG,2031-01-01T00:00:00,F,11,301.3218836625965,56600.0,25400.0,0.005323708191918667,84045.4071167318,3522.4246322605177,0.0035852272479813974,0.0,0.0
BC,HG,2031-01-01T00:00:00,F,12,301.5852090394692,56600.0,26099.999999999996,0.005328360583736205,84045.4071167318,3522.4246322605177,0.0035883603802477084,0.0,0.0
BC,HG,2031-01-01T00:00:00,F,13,501.8678454929868,56600.0,27100.0,0.008866923065247117,84045.4071167318,3522.4246322605177,0.005971389308590484,0.0,0.0
BC,HG,2031-01-01T00:00:00,F,14,702.1566268737151,56600.0,27999.999999999996,0.012405594114376592,84045.4071167318,3522.4246322605177,0.008354491351305851,0.0,0.0
BC,HG,2031-01-01T00:00:00,F,15,1302.9281781194404,56600.0,29100.0,0.023019932475608487,84045.4071167318,3522.4246322605177,0.015502669602275658,0.0,0.0
BC,HG,2031-01-01T00:00:00,F,16,2304.312418179361,56600.0,31200.000000000004,0.04071223353673783,84045.4071167318,3522.4246322605177,0.02741746988004794,0.0,0.0
BC,HG,2031-01-01T00:00:00,F,17,1806.5516313398912,56600.0,32900.0,0.03191787334522776,84045.4071167318,3522.4246322605177,0.021494947711190777,0.0,0.0
BC,HG,2031-01-01T00:00:00,F,18,2508.6635953513032,56600.0,35400.0,0.04432267836309723,84045.4071167318,3522.4246322605177,0.02984890764901628,0.0,0.0
BC,HG,2031-01-01T00:00:00,F,19,5111.059990094836,56600.0,40100.0,0.09030141325255894,84045.4071167318,3522.4246322605177,0.060813079089450016,0.0,0.0
BC,HG,2031-01-01T00:00:00,F,20,2914.2156852853223,56600.0,42400.00000000001,0.051487909634016296,84045.4071167318,3522.4246322605177,0.034674300300999536,0.0,0.0
BC,HG,2031-01-01T00:00:00,F,21,816.787669697449,56600.0,43300.0,0.014430877556492033,84045.4071167318,3522.4246322605177,0.009718409342261874,0.0,0.0
BC,HG,2031-01-01T00:00:00,F,22,-281.88241707032284,56600.0,42699.99999999999,-0.0049802547185569404,84045.4071167318,3522.4246322605177,0.0,0.08002510954774486,0.006601461758087187
BC,HG,2031-01-01T00:00:00,F,23,19.02616523498,56600.0,42500.0,0.0003361513292399293,84045.4071167318,3522.4246322605177,0.00022637959512236404,0.0,0.0
BC,HG,2031-01-01T00:00:00,F,24,219.26058308967913,56600.0,41600.0,0.003873861892043801,84045.4071167318,3522.4246322605177,0.0026088348026578672,0.0,0.0
BC,HG,2031-01-01T00:00:00,F,25,618.8418747616524,56600.0,41100.0,0.010933602027591032,84045.4071167318,3522.4246322605177,0.00736318492576441,0.0,0.0
BC,HG,2031-01-01T00:00:00,F,26,318.7953516140842,56600.0,40700.0,0.005632426706962619,84045.4071167318,3522.4246322605177,0.0037931323382288462,0.0,0.0
BC,HG,2031-01-01T00:00:00,F,27,619.1026033036978,56600.0,40899.99999999999,0.010938208538934591,84045.4071167318,3522.4246322605177,0.007366287160032646,0.0,0.0
BC,HG,2031-01-01T00:00:00,F,28,619.166705869422,56600.0,40300.0,0.010939341093099329,84045.4071167318,3522.4246322605177,0.007367049873521976,0.0,0.0
BC,HG,2031-01-01T00:00:00,F,29,719.7136218470041,56600.0,40100.0,0.012715788371855196,84045.4071167318,3522.4246322605177,0.00856339027363368,0.0,0.0
BC,HG,2031-01-01T00:00:00,F,30,621.7001352491934,56600.0,42500.0,0.01098410132949105,84045.4071167318,3522.4246322605177,0.0073971934526500145,0.0,0.0
BC,HG,2031-01-01T00:00:00,F,31,723.6743980604369,56600.0,44200.0,0.012785766750184398,84045.4071167318,3522.4246322605177,0.008610516896602282,0.0,0.0
BC,HG,2031-01-01T00:00:00,F,32,525.5495142780128,56600.0,44600.00000000001,0.009285327107385385,84045.4071167318,3522.4246322605177,0.006253161621884584,0.0,0.0
BC,HG,2031-01-01T00:00:00,F,33,427.282443053271,56600.0,44800.0,0.007549159771259205,84045.4071167318,3522.4246322605177,0.005083947567293149,0.0,0.0
BC,HG,2031-01-01T00:00:00,F,34,629.09969486724,56600.0,44800.0,0.011114835598361131,84045.4071167318,3522.4246322605177,0.0074852358558210675,0.0,0.0
BC,HG,2031-01-01T00:00:00,F,35,631.9528014767493,56600.0,46100.0,0.011165243842345395,84045.4071167318,3522.4246322605177,0.007519183060164389,0.0,0.0
BC,HG,2031-01-01T00:00:00,F,36,534.8253403881827,56600.0,46100.0,0.009449210960921954,84045.4071167318,3522.4246322605177,0.006363528463195573,0.0,0.0
BC,HG,2031-01-01T00:00:00,F,37,537.7102182228555,56600.0,46200.0,0.009500180533972712,84045.4071167318,3522.4246322605177,0.0063978536920646055,0.0,0.0
BC,HG,2031-01-01T00:00:00,F,38,340.8734228650719,56600.0,46400.0,0.006022498637192083,84045.4071167318,3522.4246322605177,0.004055824518663206,0.0,0.0
BC,HG,2031-01-01T00:00:00,F,39,443.26933120728063,56600.0,46899.99999999999,0.00783161362557033,84045.4071167318,3522.4246322605177,0.005274164840341815,0.0,0.0
BC,HG,2031-01-01T00:00:00,F,40,345.4080566012708,56600.0,46900.0,0.006102615841011852,84045.4071167318,3522.4246322605177,0.004109779087886728,0.0,0.0
BC,HG,2031-01-01T00:00:00,F,41,347.0446130665732,56600.0,46900.0,0.006131530266193873,84045.4071167318,3522.4246322605177,0.004129251376991467,0.0,0.0
BC,HG,2031-01-01T00:00:00,F,42,347.63652490732784,56600.0,45900.0,0.00614198807256763,84045.4071167318,3522.4246322605177,0.004136294139482135,0.0,0.0
BC,HG,2031-01-01T00:00:00,F,43,348.48214707611623,56600.0,45200.0,0.006156928393570958,84045.4071167318,3522.4246322605177,0.004146355631213787,0.0,0.0
BC,HG,2031-01-01T00:00:00,F,44,349.4419616817613,56600.0,44299.99999999999,0.00617388624879437,84045.4071167318,3522.4246322605177,0.0041577758222578025,0.0,0.0
BC,HG,2031-01-01T00:00:00,F,45,351.64229717805574,56600.0,44200.0,0.006212761434241268,84045.4071167318,3522.4246322605177,0.0041839561403950965,0.0,0.0
BC,HG,2031-01-01T00:00:00,F,46,353.22645223591826,56600.0,43300.0,0.0062407500395038566,84045.4071167318,3522.4246322605177,0.004202804940254704,0.0,0.0
BC,HG,2031-01-01T00:00:00,F,47,255.21973451398662,56600.0,42700.0,0.004509182588586336,84045.4071167318,3522.4246322605177,0.003036688657590872,0.0,0.0
BC,HG,2031-01-01T00:00:00,F,48,157.6135163764775,56600.0,41900.0,0.002784691102057906,84045.4071167318,3522.4246322605177,0.0018753376512004511,0.0,0.0
BC,HG,2031-01-01T00:00:00,F,49,260.25763082896447,56600.0,41299.99999999999,0.004598191357402199,84045.4071167318,3522.4246322605177,0.0030966312111200688,0.0,0.0
BC,HG,2031-01-01T00:00:00,F,50,162.23122489859088,56600.0,39700.0,0.0028662760582789906,84045.4071167318,3522.4246322605177,0.0019302806716524764,0.0,0.0
BC,HG,2031-01-01T00:00:00,F,51,165.57462893880438,56600.0,38800.0,0.0029253468010389467,84045.4071167318,3522.4246322605177,0.0019700615966894604,0.0,0.0
BC,HG,2031-01-01T00:00:00,F,52,167.38531074591447,56600.0,37000.00000000001,0.0029573376456875347,84045.4071167318,3522.4246322605177,0.00199160568659547,0.0,0.0
BC,HG,2031-01-01T00:00:00,F,53,170.21020912809763,56600.0,35800.0,0.0030072475110971314,84045.4071167318,3522.4246322605177,0.002025217260137611,0.0,0.0
BC,HG,2031-01-01T00:00:00,F,54,275.0038685186737,56600.0,35499.99999999999,0.004858725592202715,84045.4071167318,3522.4246322605177,0.0032720868153653785,0.0,0.0
BC,HG,2031-01-01T00:00:00,F,55,281.6646038408944,56600.0,35700.00000000001,0.004976406428284353,84045.4071167318,3522.4246322605177,0.0033513384431547418,0.0,0.0
BC,HG,2031-01-01T00:00:00,F,56,187.526861725426,56600.0,35200.0,0.003313195436844982,84045.4071167318,3522.4246322605177,0.002231256509531418,0.0,0.0
BC,HG,2031-01-01T00:00:00,F,57,194.6558390430946,56600.0,35100.0,0.0034391490997013182,84045.4071167318,3522.4246322605177,0.002316079435164547,0.0,0.0
BC,HG,2031-01-01T00:00:00,F,58,203.2361000196688,56600.0,35299.99999999999,0.0035907438166019223,84045.4071167318,3522.4246322605177,0.00241817021288732,0.0,0.0
BC,HG,2031-01-01T00:00:00,F,59,313.47873537039413,56600.0,35800.00000000001,0.005538493557780815,84045.4071167318,3522.4246322605177,0.0037298734829733084,0.0,0.0
BC,HG,2031-01-01T00:00:00,F,60,231.79829452249396,56600.0,38000.0,0.004095376228312614,84045.4071167318,3522.4246322605177,0.002758012632392228,0.0,0.0
BC,HG,2031-01-01T00:00:00,F,61,243.83177993394202,56600.0,38100.0,0.004307981977631484,84045.4071167318,3522.4246322605177,0.002901191014462941,0.0,0.0
BC,HG,2031-01-01T00:00:00,F,62,256.3608223504416,56600.0,37900.0,0.0045293431510678725,84045.4071167318,3522.4246322605177,0.003050265697379258,0.0,0.0
BC,HG,2031-01-01T00:00:00,F,63,265.54914050877414,56600.0,36700.00000000001,0.0046916809277168575,84045.4071167318,3522.4246322605177,0.0031595913401900634,0.0,0.0
BC,HG,2031-01-01T00:00:00,F,64,176.85281256619055,56600.0,35700.0,0.003124607995869091,84045.4071167318,3522.4246322605177,0.002104253148783696,0.0,0.0
BC,HG,2031-01-01T00:00:00,F,65,201.39826690741756,56600.0,37100.00000000001,0.0035582732669155047,84045.4071167318,3522.4246322605177,0.0023963030677892107,0.0,0.0
BC,HG,2031-01-01T00:00:00,F,66,129.3061229580344,56600.0,38400.0,0.00228456047629036,84045.4071167318,3522.4246322605177,0.001538526939115654,0.0,0.0
BC,HG,2031-01-01T00:00:00,F,67,163.76802852514083,56600.0,40200.0,0.002893428065815209,84045.4071167318,3522.4246322605177,0.001948566068550078,0.0,0.0
BC,HG,2031-01-01T00:00:00,F,68,89.62803728209838,56600.0,39999.99999999999,0.0015835342275989112,84045.4071167318,3522.4246322605177,0.0010664239767155007,0.0,0.0
BC,HG,2031-01-01T00:00:00,F,69,306.6204240163279,56600.0,38600.00000000001,0.005417321979087065,84045.4071167318,3522.4246322605177,0.003648271030330767,0.0,0.0
BC,HG,2031-01-01T00:00:00,F,70,239.95518295986403,56600.0,38700.0,0.004239490865015265,84045.4071167318,3522.4246322605177,0.002855065983874491,0.0,0.0
BC,HG,2031-01-01T00:00:00,F,71,271.5939363838188,56600.0,38300.00000000001,0.0047984794414102265,84045.4071167318,3522.4246322605177,0.0032315143170952615,0.0,0.0
BC,HG,2031-01-01T00:00:00,F,72,102.57557401539088,56600.0,37300.0,0.0018122892935581428,84045.4071167318,3522.4246322605177,0.001220478043171619,0.0,0.0
BC,HG,2031-01-01T00:00:00,F,73,237.64328634831327,56600.0,36700.00000000001,0.004198644635129209,84045.4071167318,3522.4246322605177,0.002827558274757921,0.0,0.0
BC,HG,2031-01-01T00:00:00,F,74,169.63445727882936,56600.0,35400.0,0.002997075216940448,84045.4071167318,3522.4246322605177,0.002018366774560587,0.0,0.0
BC,HG,2031-01-01T00:00:00,F,75,108.38976762443781,56600.0,34400.0,0.0019150135622692192,84045.4071167318,3522.4246322605177,0.00128965723818666,0.0,0.0
BC,HG,2031-01-01T00:00:00,F,76,50.82480814885639,56600.0,33400.0,0.0008979648082836819,84045.4071167318,3522.4246322605177,0.000604730346278948,0.0,0.0
BC,HG,2031-01-01T00:00:00,F,77,-19.253929055910703,56600.0,31500.0,-0.00034017542501609015,84045.4071167318,3522.4246322605177,0.0,0.0054661010712823924,0.0006112358430447843
BC,HG,2031-01-01T00:00:00,F,78,105.22888897955272,56600.0,29500.0,0.001859167649815419,84045.4071167318,3522.4246322605177,0.0012520480605608692,0.0,0.0
BC,HG,2031-01-01T00:00:00,F,79,37.40052505060885,56600.0,27699.999999999996,0.0006607866616715344,84045.4071167318,3522.4246322605177,0.0004450037941830986,0.0,0.0
BC,HG,2031-01-01T00:00:00,F,80,-22.58902080227199,56600.0,26200.0,-0.00039909930746063587,84045.4071167318,3522.4246322605177,0.0,0.006412918134681415,0.0008621763664989309
BC,HG,2031-01-01T00:00:00,F,81,-166.85334409759525,56600.0,25100.0,-0.0029479389416536264,84045.4071167318,3522.4246322605177,0.0,0.04736888976117483,0.006647543589545627
BC,HG,2031-01-01T00:00:00,F,82,-141.25670026407533,56600.0,23100.000000000004,-0.0024957014180932036,84045.4071167318,3522.4246322605177,0.0,0.04010212141101903,0.00611500866944049
BC,HG,2031-01-01T00:00:00,F,83,-87.37163463514298,56600.0,22000.0,-0.0015436684564512895,84045.4071167318,3522.4246322605177,0.0,0.02480440144409057,0.003971437937961044
BC,HG,2031-01-01T00:00:00,F,84,-134.29502836038228,56600.0,20700.0,-0.0023727036812788388,84045.4071167318,3522.4246322605177,0.0,0.03812573507760147,0.006487682529487067
BC,HG,2031-01-01T00:00:00,F,85,-36.643434860376146,56600.0,16200.000000000002,-0.0006474105099006386,84045.4071167318,3522.4246322605177,0.0,0.010402901037192725,0.002261940423480009
BC,HG,2031-01-01T00:00:00,F,86,-135.59978440040868,56600.0,14200.0,-0.002395755908134429,84045.4071167318,3522.4246322605177,0.0,0.03849614925994526,0.009549280591578077
BC,HG,2031-01-01T00:00:00,F,87,0.021358995418268023,56600.0,13200.000000000002,3.773674102167495e-07,84045.4071167318,3522.4246322605177,2.5413637878631753e-07,0.0,0.0
BC,HG,2031-01-01T00:00:00,F,88,-192.40944616718116,56600.0,11500.0,-0.003399460179632176,84045.4071167318,3522.4246322605177,0.0,0.05462414849276769,0.016731256188450536
BC,HG,2031-01-01T00:00:00,F,89,-117.37734989025193,56600.0,9800.000000000002,-0.0020738047683790096,84045.4071167318,3522.4246322605177,0.0,0.033322884701418004,0.011977280601046114
BC,HG,2031-01-01T00:00:00,F,90,-120.47930010653545,56600.0,8500.0,-0.0021286095425182942,84045.4071167318,3522.4246322605177,0.0,0.034203513966803545,0.014174035306651228
BC,HG,2031-01-01T00:00:00,F,91,-156.11409526238276,56600.0,6999.999999999999,-0.002758199562939625,84045.4071167318,3522.4246322605177,0.0,0.04432006687455977,0.022302013608911826
BC,HG,2031-01-01T00:00:00,F,92,-95.43494176492277,56600.0,5800.0,-0.0016861297131611796,84045.4071167318,3522.4246322605177,0.0,0.0270935369037768,0.01645430030429703
BC,HG,2031-01-01T00:00:00,F,93,-113.5038463879464,56600.0,4900.0,-0.0020053683107411025,84045.4071167318,3522.4246322605177,0.0,0.03222321504012003,0.023164050283254366
BC,HG,2031-01-01T00:00:00,F,94,-150.79982053874028,56600.0,4000.0,-0.0026643077833699695,84045.4071167318,3522.4246322605177,0.0,0.0428113689524038,0.03769995513468507
BC,HG,2031-01-01T00:00:00,F,95,-110.4904608401298,56600.0,3200.0,-0.0019521282833945195,84045.4071167318,3522.4246322605177,0.0,0.031367728872944686,0.03452826901254056
BC,HG,2031-01-01T00:00:00,F,96,1.3956350002595173,56600.0,2500.0,2.4657862195397832e-05,84045.4071167318,3522.4246322605177,1.6605725977638503e-05,0.0,0.0
BC,HG,2031-01-01T00:00:00,F,97,-56.69619952102971,56600.0,1900.0,-0.001001699638180737,84045.4071167318,3522.4246322605177,0.0,0.016095787828012346,0.02984010501106827
BC,HG,2031-01-01T00:00:00,F,98,-113.6588618368728,56600.0,1400.0000000000002,-0.0020081070995913923,84045.4071167318,3522.4246322605177,0.0,0.03226722320640035,0.08118490131205199
BC,HG,2031-01-01T00:00:00,F,99,-87.9150938465101,56600.0,1000.0000000000001,-0.0015532702093022986,84045.4071167318,3522.4246322605177,0.0,0.02495868699115091,0.0879150938465101
BC,HG,2031-01-01T00:00:00,F,100,1343.3246580946845,56600.0,2100.0000000000005,0.0237336512030863,84045.4071167318,3522.4246322605177,0.015983320257214325,0.0,0.0
BC,HG,2031-01-01T00:00:00,M,1,487.4557323999652,56600.0,29000.0,0.008612292091872177,84045.4071167318,3522.4246322605177,0.005799909229101971,0.0,0.0
BC,HG,2031-01-01T00:00:00,M,2,405.6316950346227,56600.0,29000.0,0.007166637721459764,84045.4071167318,3522.4246322605177,0.004826339819750476,0.0,0.0
BC,HG,2031-01-01T00:00:00,M,3,503.9039633162938,56600.0,29000.0,0.00890289687837975,84045.4071167318,3522.4246322605177,0.005995615710640972,0.0,0.0
BC,HG,2031-01-01T00:00:00,M,4,502.6745380825305,56600.0,28900.000000000004,0.008881175584497004,84045.4071167318,3522.4246322605177,0.005980987603336361,0.0,0.0
BC,HG,2031-01-01T00:00:00,M,5,602.1805470206637,56600.0,28899.999999999996,0.010639232279517026,84045.4071167318,3522.4246322605177,0.007164942947855401,0.0,0.0
BC,HG,2031-01-01T00:00:00,M,6,601.6959761354228,56600.0,28899.999999999996,0.010630670956456234,84045.4071167318,3522.4246322605177,0.00715917736349018,0.0,0.0
BC,HG,2031-01-01T00:00:00,M,7,601.4485550187346,56600.0,28800.0,0.010626299558634887,84045.4071167318,3522.4246322605177,0.0071562334653620585,0.0,0.0
BC,HG,2031-01-01T00:00:00,M,8,501.44341829881523,56600.0,28600.0,0.008859424351569174,84045.4071167318,3522.4246322605177,0.005966339333716995,0.0,0.0
BC,HG,2031-01-01T00:00:00,M,9,501.43314485896553,56600.0,28399.999999999996,0.008859242842031193,84045.4071167318,3522.4246322605177,0.005966217096938066,0.0,0.0
BC,HG,2031-01-01T00:00:00,M,10,501.3663674999443,56600.0,27100.0,0.008858063030034351,84045.4071167318,3522.4246322605177,0.0059654225578750514,0.0,0.0
BC,HG,2031-01-01T00:00:00,M,11,501.4074612593431,56600.0,27900.0,0.008858789068186273,84045.4071167318,3522.4246322605177,0.005965911504990766,0.0,0.0
BC,HG,2031-01-01T00:00:00,M,12,401.91086531099427,56600.0,28300.000000000004,0.0071008986804062596,84045.4071167318,3522.4246322605177,0.004782068159331715,0.0,0.0
BC,HG,2031-01-01T00:00:00,M,13,502.1959572469641,56600.0,29000.0,0.008872720092702546,84045.4071167318,3522.4246322605177,0.0059752932905596775,0.0,0.0
BC,HG,2031-01-01T00:00:00,M,14,803.0204173918901,56600.0,30200.000000000004,0.014187639883248941,84045.4071167318,3522.4246322605177,0.009554602029312133,0.0,0.0
BC,HG,2031-01-01T00:00:00,M,15,1304.0957369528878,56600.0,31200.0,0.023040560723549253,84045.4071167318,3522.4246322605177,0.015516561602725198,0.0,0.0
BC,HG,2031-01-01T00:00:00,M,16,2106.4724347407646,56600.0,33600.0,0.0372168274689181,84045.4071167318,3522.4246322605177,0.02506350444367598,0.0,0.0
BC,HG,2031-01-01T00:00:00,M,17,1809.5769440232107,56600.0,34700.0,0.03197132409935001,84045.4071167318,3522.4246322605177,0.021530943880251122,0.0,0.0
BC,HG,2031-01-01T00:00:00,M,18,2713.2920087068633,56600.0,37200.0,0.047938021355244935,84045.4071167318,3522.4246322605177,0.032283644065621994,0.0,0.0
BC,HG,2031-01-01T00:00:00,M,19,5517.715278663985,56600.0,41800.0,0.09748613566544144,84045.4071167318,3522.4246322605177,0.06565159796299584,0.0,0.0
BC,HG,2031-01-01T00:00:00,M,20,3624.2218301496687,56600.0,44599.99999999999,0.0640321878118316,84045.4071167318,3522.4246322605177,0.043122187808739366,0.0,0.0
BC,HG,2031-01-01T00:00:00,M,21,1230.9315286878336,56600.0,45800.0,0.021747906867276214,84045.4071167318,3522.4246322605177,0.014646029698900455,0.0,0.0
BC,HG,2031-01-01T00:00:00,M,22,136.15162368254096,56600.0,45500.00000000001,0.0024055057187728083,84045.4071167318,3522.4246322605177,0.001619976966658489,0.0,0.0
BC,HG,2031-01-01T00:00:00,M,23,-160.19508109783783,56600.0,44500.0,-0.0028303017861808803,84045.4071167318,3522.4246322605177,0.0,0.04547863980698788,0.0035998894628727603
BC,HG,2031-01-01T00:00:00,M,24,-58.20121131638007,56600.0,43100.0,-0.0010282899525862203,84045.4071167318,3522.4246322605177,0.0,0.016523053689591484,0.001350376132630628
BC,HG,2031-01-01T00:00:00,M,25,142.6939404792065,56600.0,42000.0,0.0025210943547562988,84045.4071167318,3522.4246322605177,0.0016978196117369859,0.0,0.0
BC,HG,2031-01-01T00:00:00,M,26,244.09773009638593,56600.0,41400.0,0.004312680743752402,84045.4071167318,3522.4246322605177,0.0029043553772945055,0.0,0.0
BC,HG,2031-01-01T00:00:00,M,27,546.3416154405786,56600.0,41500.00000000001,0.009652678718031424,84045.4071167318,3522.4246322605177,0.006500552905666306,0.0,0.0
BC,HG,2031-01-01T00:00:00,M,28,548.323523135201,56600.0,41100.0,0.009687694755038886,84045.4071167318,3522.4246322605177,0.006524134297709178,0.0,0.0
BC,HG,2031-01-01T00:00:00,M,29,550.565929223485,56600.0,40400.0,0.009727313237164047,84045.4071167318,3522.4246322605177,0.006550815185638836,0.0,0.0
BC,HG,2031-01-01T00:00:00,M,30,557.0951436033138,56600.0,42700.0,0.00984267038168399,84045.4071167318,3522.4246322605177,0.006628501933836275,0.0,0.0
BC,HG,2031-01-01T00:00:00,M,31,564.48961434378,56600.0,44800.0,0.009973314741056184,84045.4071167318,3522.4246322605177,0.006716483787861873,0.0,0.0
BC,HG,2031-01-01T00:00:00,M,32,370.4456945968632,56600.0,45499.99999999999,0.006544976936340339,84045.4071167318,3522.4246322605177,0.00440768517049773,0.0,0.0
BC,HG,2031-01-01T00:00:00,M,33,475.20041100397793,56600.0,45900.0,0.008395766978868869,84045.4071167318,3522.4246322605177,0.0056540913692519285,0.0,0.0
BC,HG,2031-01-01T00:00:00,M,34,580.8852892330324,56600.0,46800.0,0.010262990975848629,84045.4071167318,3522.4246322605177,0.006911564940440267,0.0,0.0
BC,HG,2031-01-01T00:00:00,M,35,585.32908799492,56600.0,47500.0,0.010341503321465018,84045.4071167318,3522.4246322605177,0.006964438725151852,0.0,0.0
BC,HG,2031-01-01T00:00:00,M,36,589.2727325284213,56600.0,48100.0,0.010411179019936772,84045.4071167318,3522.4246322605177,0.007011361509736903,0.0,0.0
BC,HG,2031-01-01T00:00:00,M,37,491.91204061822646,56600.0,48100.0,0.008691025452618842,84045.4071167318,3522.4246322605177,0.005852931855455268,0.0,0.0
BC,HG,2031-01-01T00:00:00,M,38,494.9815791359724,56600.0,48000.0,0.00874525758190764,84045.4071167318,3522.4246322605177,0.005889454238094008,0.0,0.0
BC,HG,2031-01-01T00:00:00,M,39,398.85892486669763,56600.0,48000.00000000001,0.0070469774711430675,84045.4071167318,3522.4246322605177,0.004745755164380572,0.0,0.0
BC,HG,2031-01-01T00:00:00,M,40,402.72966754916706,56600.0,47900.0,0.007115365151045354,84045.4071167318,3522.4246322605177,0.004791810538674771,0.0,0.0
BC,HG,2031-01-01T00:00:00,M,41,406.99035380172427,56600.0,47800.0,0.007190642293316683,84045.4071167318,3522.4246322605177,0.004842505590298942,0.0,0.0
BC,HG,2031-01-01T00:00:00,M,42,310.15352287507994,56600.0,46800.0,0.005479744220407773,84045.4071167318,3522.4246322605177,0.0036903090069431575,0.0,0.0
BC,HG,2031-01-01T00:00:00,M,43,312.0177084933457,56600.0,45300.0,0.005512680362073245,84045.4071167318,3522.4246322605177,0.003712489702857648,0.0,0.0
BC,HG,2031-01-01T00:00:00,M,44,416.2468978544566,56600.0,44800.00000000001,0.007354185474460364,84045.4071167318,3522.4246322605177,0.004952643007324906,0.0,0.0
BC,HG,2031-01-01T00:00:00,M,45,321.96659197886765,56600.0,44700.0,0.005688455688672573,84045.4071167318,3522.4246322605177,0.003830864803018729,0.0,0.0
BC,HG,2031-01-01T00:00:00,M,46,325.851361399873,56600.0,43800.0,0.0057570911908104766,84045.4071167318,3522.4246322605177,0.003877087072078711,0.0,0.0
BC,HG,2031-01-01T00:00:00,M,47,229.53607500831276,56600.0,42700.0,0.0040554076856592364,84045.4071167318,3522.4246322605177,0.002731095997780188,0.0,0.0
BC,HG,2031-01-01T00:00:00,M,48,332.3080639705586,56600.0,41500.0,0.005871167207960399,84045.4071167318,3522.4246322605177,0.0039539110508324555,0.0,0.0
BC,HG,2031-01-01T00:00:00,M,49,236.35778330969333,56600.0,40400.0,0.00417593256730907,84045.4071167318,3522.4246322605177,0.002812262935218016,0.0,0.0
BC,HG,2031-01-01T00:00:00,M,50,139.3131809104234,56600.0,38999.99999999999,0.0024613636203255017,84045.4071167318,3522.4246322605177,0.0016575942182888046,0.0,0.0
BC,HG,2031-01-01T00:00:00,M,51,141.66951608328964,56600.0,37500.0,0.002502994983803704,84045.4071167318,3522.4246322605177,0.0016856306720785222,0.0,0.0
BC,HG,2031-01-01T00:00:00,M,52,142.82620861644682,56600.0,35699.99999999999,0.002523431247640403,84045.4071167318,3522.4246322605177,0.0016993933816998896,0.0,0.0
BC,HG,2031-01-01T00:00:00,M,53,145.88275682587118,56600.0,34400.0,0.0025774338661814695,84045.4071167318,3522.4246322605177,0.0017357612013616955,0.0,0.0
BC,HG,2031-01-01T00:00:00,M,54,152.93162435216072,56600.0,34000.0,0.002701972161698953,84045.4071167318,3522.4246322605177,0.0018196309542501462,0.0,0.0
BC,HG,2031-01-01T00:00:00,M,55,259.49107502086554,56600.0,33400.0,0.004584647968566529,84045.4071167318,3522.4246322605177,0.003087510477050279,0.0,0.0
BC,HG,2031-01-01T00:00:00,M,56,168.75156857537513,56600.0,33099.99999999999,0.0029814764765967337,84045.4071167318,3522.4246322605177,0.0020078618732965836,0.0,0.0
BC,HG,2031-01-01T00:00:00,M,57,277.10634043728714,56600.0,32699.999999999996,0.0048958717391746846,84045.4071167318,3522.4246322605177,0.003297102720347471,0.0,0.0
BC,HG,2031-01-01T00:00:00,M,58,189.12999711959856,56600.0,32600.0,0.0033415193837384905,84045.4071167318,3522.4246322605177,0.0022503311436984693,0.0,0.0
BC,HG,2031-01-01T00:00:00,M,59,205.37619662276848,56600.0,33100.0,0.00362855471064962,84045.4071167318,3522.4246322605177,0.0024436337887865627,0.0,0.0
BC,HG,2031-01-01T00:00:00,M,60,231.44992359030584,56600.0,34800.0,0.004089221264846393,84045.4071167318,3522.4246322605177,0.002753867600032467,0.0,0.0
BC,HG,2031-01-01T00:00:00,M,61,248.88565414219192,56600.0,34900.0,0.004397273041381483,84045.4071167318,3522.4246322605177,0.002961323678241112,0.0,0.0
BC,HG,2031-01-01T00:00:00,M,62,163.6245577713562,56600.0,34300.0,0.002890893246843749,84045.4071167318,3522.4246322605177,0.0019468590061571815,0.0,0.0
BC,HG,2031-01-01T00:00:00,M,63,276.28183486071794,56600.0,33500.0,0.0048813045028395395,84045.4071167318,3522.4246322605177,0.003287292480801317,0.0,0.0
BC,HG,2031-01-01T00:00:00,M,64,194.01298445177235,56600.0,33000.0,0.0034277912447309602,84045.4071167318,3522.4246322605177,0.0023084305390097654,0.0,0.0
BC,HG,2031-01-01T00:00:00,M,65,228.825891212844,56600.0,34200.0,0.004042860268778163,84045.4071167318,3522.4246322605177,0.002722645996526909,0.0,0.0
BC,HG,2031-01-01T00:00:00,M,66,272.95450042984885,56600.0,35900.0,0.004822517675439026,84045.4071167318,3522.4246322605177,0.003247702757281414,0.0,0.0
BC,HG,2031-01-01T00:00:00,M,67,218.47122055850923,56600.0,37100.0,0.0038599155575708343,84045.4071167318,3522.4246322605177,0.0025994427066677373,0.0,0.0
BC,HG,2031-01-01T00:00:00,M,68,259.8179534114679,56600.0,37600.0,0.00459042320514961,84045.4071167318,3522.4246322605177,0.0030913997840548648,0.0,0.0
BC,HG,2031-01-01T00:00:00,M,69,376.6937838156009,56600.0,35999.99999999999,0.006655367205222631,84045.4071167318,3522.4246322605177,0.00448202699871994,0.0,0.0
BC,HG,2031-01-01T00:00:00,M,70,215.4279750628193,56600.0,35600.0,0.003806147969307762,84045.4071167318,3522.4246322605177,0.0025632331670856026,0.0,0.0
BC,HG,2031-01-01T00:00:00,M,71,248.63988484716538,56600.0,34799.99999999999,0.004392930827688434,84045.4071167318,3522.4246322605177,0.00295839943403244,0.0,0.0
BC,HG,2031-01-01T00:00:00,M,72,178.03301931020542,56600.0,33500.0,0.0031454597051273044,84045.4071167318,3522.4246322605177,0.0021182956382486545,0.0,0.0
BC,HG,2031-01-01T00:00:00,M,73,221.86128753340745,56600.0,33000.0,0.003919810733805785,84045.4071167318,3522.4246322605177,0.002639778842706554,0.0,0.0
BC,HG,2031-01-01T00:00:00,M,74,245.6629447499945,56600.0,31299.999999999996,0.004340334712897429,84045.4071167318,3522.4246322605177,0.002922978817971456,0.0,0.0
BC,HG,2031-01-01T00:00:00,M,75,89.58405077467978,56600.0,30299.999999999996,0.0015827570808247312,84045.4071167318,3522.4246322605177,0.0010659006107288562,0.0,0.0
BC,HG,2031-01-01T00:00:00,M,76,122.231199748785,56600.0,28900.0,0.002159561833017403,84045.4071167318,3522.4246322605177,0.0014543471671095178,0.0,0.0
BC,HG,2031-01-01T00:00:00,M,77,139.75755468453644,56600.0,26900.0,0.002469214747076616,84045.4071167318,3522.4246322605177,0.0016628815241554518,0.0,0.0
BC,HG,2031-01-01T00:00:00,M,78,172.70135120401756,56600.0,25500.0,0.003051260621979109,84045.4071167318,3522.4246322605177,0.0020548576909640084,0.0,0.0
BC,HG,2031-01-01T00:00:00,M,79,99.51426653101589,56600.0,23800.0,0.0017582025888872065,84045.4071167318,3522.4246322605177,0.0011840535960852589,0.0,0.0
BC,HG,2031-01-01T00:00:00,M,80,35.85043080493415,56600.0,22400.0,0.0006333998375430062,84045.4071167318,3522.4246322605177,0.0004265602611114847,0.0,0.0
BC,HG,2031-01-01T00:00:00,M,81,-15.675383236146445,56600.0,21299.999999999996,-0.0002769502338541775,84045.4071167318,3522.4246322605177,0.0,0.004450168526696555,0.0007359334852650914
BC,HG,2031-01-01T00:00:00,M,82,99.94268457230646,56600.0,19599.999999999996,0.001765771812231563,84045.4071167318,3522.4246322605177,0.0011891510553752773,0.0,0.0
BC,HG,2031-01-01T00:00:00,M,83,59.07036734081703,56600.0,18700.0,0.0010436460660921737,84045.4071167318,3522.4246322605177,0.0007028387316724327,0.0,0.0
BC,HG,2031-01-01T00:00:00,M,84,-5.235136846076784,56600.0,17300.0,-9.249358385294673e-05,84045.4071167318,3522.4246322605177,0.0,0.0014862310461181204,0.00030260906624721297
BC,HG,2031-01-01T00:00:00,M,85,-35.06154044703544,56600.0,13400.0,-0.0006194618453539831,84045.4071167318,3522.4246322605177,0.0,0.009953808557298976,0.002616532869181749
BC,HG,2031-01-01T00:00:00,M,86,-57.45757752441932,56600.0,11600.0,-0.0010151515463678324,84045.4071167318,3522.4246322605177,0.0,0.01631193950842488,0.004953239441760286
BC,HG,2031-01-01T00:00:00,M,87,-42.14535096443433,56600.0,10500.0,-0.0007446175082055535,84045.4071167318,3522.4246322605177,0.0,0.0119648694761107,0.004013842948993746
BC,HG,2031-01-01T00:00:00,M,88,-58.608816279867824,56600.0,9100.0,-0.001035491453707912,84045.4071167318,3522.4246322605177,0.0,0.01663877084639156,0.006440529261523937
BC,HG,2031-01-01T00:00:00,M,89,-117.82724898586457,56600.0,7399.999999999999,-0.0020817535156513176,84045.4071167318,3522.4246322605177,0.0,0.03345060896597492,0.015922601214306026
BC,HG,2031-01-01T00:00:00,M,90,-159.85161924015028,56600.0,6100.0,-0.002824233555479687,84045.4071167318,3522.4246322605177,0.0,0.0453811325801357,0.02620518348199185
BC,HG,2031-01-01T00:00:00,M,91,-110.75494696146052,56600.0,5000.0,-0.0019568011830646734,84045.4071167318,3522.4246322605177,0.0,0.03144281525489546,0.022150989392292104
BC,HG,2031-01-01T00:00:00,M,92,-59.867463297461654,56600.0,4099.999999999999,-0.0010577290335240575,84045.4071167318,3522.4246322605177,0.0,0.016996094891331054,0.014601820316454066
BC,HG,2031-01-01T00:00:00,M,93,-34.04112823726791,56600.0,3200.0,-0.0006014333610824719,84045.4071167318,3522.4246322605177,0.0,0.009664118268279882,0.010637852574146223
BC,HG,2031-01-01T00:00:00,M,94,-3.4023408376579027,56600.0,2500.0,-6.0112028933885205e-05,84045.4071167318,3522.4246322605177,0.0,0.000965908768209598,0.0013609363350631611
BC,HG,2031-01-01T00:00:00,M,95,-42.29215830234534,56600.0,1999.9999999999998,-0.0007472112774265961,84045.4071167318,3522.4246322605177,0.0,0.012006547397780468,0.021146079151172673
BC,HG,2031-01-01T00:00:00,M,96,-41.3280661641827,56600.0,1400.0,-0.0007301778474237226,84045.4071167318,3522.4246322605177,0.0,0.011732846115620192,0.0295200472601305
BC,HG,2031-01-01T00:00:00,M,97,-95.53322502632852,56600.0,1000.0000000000001,-0.0016878661665429067,84045.4071167318,3522.4246322605177,0.0,0.02712143906540309,0.09553322502632851
BC,HG,2031-01-01T00:00:00,M,98,-63.55363936457138,56600.0,700.0,-0.0011228558191620386,84045.4071167318,3522.4246322605177,0.0,0.01804258316345744,0.09079091337795912
BC,HG,2031-01-01T00:00:00,M,99,-20.76798842203948,56600.0,500.0,-0.00036692559049539714,84045.4071167318,3522.4246322605177,0.0,0.005895935496201551,0.04153597684407896
BC,HG,2031-01-01T00:00:00,M,100,438.06294145598775,56600.0,799.9999999999998,0.007739627940918511,84045.4071167318,3522.4246322605177,0.005212217496282173,0.0,0.0
BC,HG,2032-01-01T00:00:00,F,1,480.8342538054312,57400.0,27999.999999999996,0.008376903376401242,83485.46731453082,3670.8421655551288,0.005759496464143778,0.0,0.0
BC,HG,2032-01-01T00:00:00,F,2,303.575155552513,57400.0,27900.0,0.005288765776176185,83485.46731453082,3670.8421655551288,0.0036362634757591532,0.0,0.0
BC,HG,2032-01-01T00:00:00,F,3,302.8497500063022,57400.0,27800.0,0.005276128048890282,83485.46731453082,3670.8421655551288,0.003627574471917588,0.0,0.0
BC,HG,2032-01-01T00:00:00,F,4,302.357514025829,57400.0,27599.999999999996,0.005267552509160784,83485.46731453082,3670.8421655551288,0.0036216784040592302,0.0,0.0
BC,HG,2032-01-01T00:00:00,F,5,502.1062157006854,57400.0,27600.0,0.00874749504705027,83485.46731453082,3670.8421655551288,0.006014294844981873,0.0,0.0
BC,HG,2032-01-01T00:00:00,F,6,501.8652807320759,57400.0,27499.999999999996,0.008743297573729545,83485.46731453082,3670.8421655551288,0.006011408893973158,0.0,0.0
BC,HG,2032-01-01T00:00:00,F,7,401.63211841345765,57400.0,27399.999999999996,0.006997075233683931,83485.46731453082,3670.8421655551288,0.004810802782001709,0.0,0.0
BC,HG,2032-01-01T00:00:00,F,8,301.3885940887194,57400.0,27100.000000000004,0.005250672370883613,83485.46731453082,3670.8421655551288,0.0036100725525466644,0.0,0.0
BC,HG,2032-01-01T00:00:00,F,9,301.3782314462587,57400.0,26899.999999999996,0.005250491837042835,83485.46731453082,3670.8421655551288,0.0036099484274408943,0.0,0.0
BC,HG,2032-01-01T00:00:00,F,10,401.3626874825786,57400.0,26700.0,0.006992381315027502,83485.46731453082,3670.8421655551288,0.004807575502577568,0.0,0.0
BC,HG,2032-01-01T00:00:00,F,11,401.2953303066388,57400.0,25400.0,0.0069912078450633935,83485.46731453082,3670.8421655551288,0.004806768689390717,0.0,0.0
BC,HG,2032-01-01T00:00:00,F,12,401.5354002852582,57400.0,25800.0,0.006995390248872095,83485.46731453082,3670.8421655551288,0.004809644279434609,0.0,0.0
BC,HG,2032-01-01T00:00:00,F,13,501.80310470768745,57400.0,26600.000000000004,0.008742214367729746,83485.46731453082,3670.8421655551288,0.006010664141306754,0.0,0.0
BC,HG,2032-01-01T00:00:00,F,14,702.1062157006781,57400.0,27799.999999999996,0.01223181560454143,83485.46731453082,3670.8421655551288,0.008409921370572183,0.0,0.0
BC,HG,2032-01-01T00:00:00,F,15,1302.9015636427866,57400.0,29300.000000000004,0.022698633512940533,83485.46731453082,3670.8421655551288,0.015606327730479314,0.0,0.0
BC,HG,2032-01-01T00:00:00,F,16,2304.2720634750185,57400.0,31400.000000000004,0.0401441126040944,83485.46731453082,3670.8421655551288,0.02760087638718835,0.0,0.0
BC,HG,2032-01-01T00:00:00,F,17,1906.4664477185688,57400.0,33100.0,0.033213701179766006,83485.46731453082,3670.8421655551288,0.022835907961513493,0.0,0.0
BC,HG,2032-01-01T00:00:00,F,18,2508.523552556493,57400.0,35400.0,0.04370250091561834,83485.46731453082,3670.8421655551288,0.030047427812862938,0.0,0.0
BC,HG,2032-01-01T00:00:00,F,19,5111.005576813841,57400.0,40500.0,0.08904190900372545,83485.46731453082,3670.8421655551288,0.06122030266127839,0.0,0.0
BC,HG,2032-01-01T00:00:00,F,20,2914.1983618156737,57400.0,43000.00000000001,0.05077000630340895,83485.46731453082,3670.8421655551288,0.03490665448198853,0.0,0.0
BC,HG,2032-01-01T00:00:00,F,21,716.4774783875691,57400.0,43100.0,0.01248218603462664,83485.46731453082,3670.8421655551288,0.0085820622610669,0.0,0.0
BC,HG,2032-01-01T00:00:00,F,22,-382.05087458973867,57400.0,42900.0,-0.006655938581702764,83485.46731453082,3670.8421655551288,0.0,0.10407717285549989,0.0089056147923016
BC,HG,2032-01-01T00:00:00,F,23,-81.1932397867713,57400.0,42600.0,-0.0014145163725918345,83485.46731453082,3670.8421655551288,0.0,0.022118423000759207,0.0019059445959335986
BC,HG,2032-01-01T00:00:00,F,24,119.45279101719643,57400.0,42600.0,0.0020810590769546416,83485.46731453082,3670.8421655551288,0.0014308213735830095,0.0,0.0
BC,HG,2032-01-01T00:00:00,F,25,519.0408495603624,57400.0,42100.0,0.009042523511504572,83485.46731453082,3670.8421655551288,0.006217140135358891,0.0,0.0
BC,HG,2032-01-01T00:00:00,F,26,218.81199319545703,57400.0,41300.0,0.0038120556305828754,83485.46731453082,3670.8421655551288,0.00262095907508171,0.0,0.0
BC,HG,2032-01-01T00:00:00,F,27,518.9804228370049,57400.0,41200.0,0.00904147078113249,83485.46731453082,3670.8421655551288,0.006216416336052242,0.0,0.0
BC,HG,2032-01-01T00:00:00,F,28,519.4269357707963,57400.0,41400.0,0.009049249752104464,83485.46731453082,3670.8421655551288,0.006221764727193291,0.0,0.0
BC,HG,2032-01-01T00:00:00,F,29,619.8380688841935,57400.0,40899.99999999999,0.010798572628644486,83485.46731453082,3670.8421655551288,0.007424502596948504,0.0,0.0
BC,HG,2032-01-01T00:00:00,F,30,620.4322908328104,57400.0,40700.0,0.010808924927400878,83485.46731453082,3670.8421655551288,0.007431620266259477,0.0,0.0
BC,HG,2032-01-01T00:00:00,F,31,722.7563746392989,57400.0,43200.0,0.012591574471067925,83485.46731453082,3670.8421655551288,0.00865727171312727,0.0,0.0
BC,HG,2032-01-01T00:00:00,F,32,425.19364647762995,57400.0,44600.0,0.0074075548166834485,83485.46731453082,3670.8421655551288,0.005093025890071578,0.0,0.0
BC,HG,2032-01-01T00:00:00,F,33,426.96249610992527,57400.0,45000.0,0.007438371012368036,83485.46731453082,3670.8421655551288,0.005114213405566116,0.0,0.0
BC,HG,2032-01-01T00:00:00,F,34,629.0181310333501,57400.0,45400.0,0.010958504024971255,83485.46731453082,3670.8421655551288,0.007534462598903943,0.0,0.0
BC,HG,2032-01-01T00:00:00,F,35,630.9528843053704,57400.0,45400.0,0.010992210527968125,83485.46731453082,3670.8421655551288,0.007557637330198566,0.0,0.0
BC,HG,2032-01-01T00:00:00,F,36,534.6383702579042,57400.0,46600.0,0.009314257321566275,83485.46731453082,3670.8421655551288,0.0064039693069412726,0.0,0.0
BC,HG,2032-01-01T00:00:00,F,37,437.4257230895091,57400.0,46500.0,0.007620657196681343,83485.46731453082,3670.8421655551288,0.005239543326043936,0.0,0.0
BC,HG,2032-01-01T00:00:00,F,38,340.30035939176014,57400.0,46500.0,0.005928577689751919,83485.46731453082,3670.8421655551288,0.0040761628381342264,0.0,0.0
BC,HG,2032-01-01T00:00:00,F,39,342.47881363276974,57400.0,46700.0,0.005966529854229438,83485.46731453082,3670.8421655551288,0.0041022566519569635,0.0,0.0
BC,HG,2032-01-01T00:00:00,F,40,344.9621756850247,57400.0,47200.0,0.006009794001481266,83485.46731453082,3670.8421655551288,0.004132002691982097,0.0,0.0
BC,HG,2032-01-01T00:00:00,F,41,346.58268856167706,57400.0,47200.0,0.006038025933130262,83485.46731453082,3670.8421655551288,0.004151413410143943,0.0,0.0
BC,HG,2032-01-01T00:00:00,F,42,348.20321913118823,57400.0,47200.00000000001,0.006066258173017217,83485.46731453082,3670.8421655551288,0.0041708243402331984,0.0,0.0
BC,HG,2032-01-01T00:00:00,F,43,448.7614269376718,57400.0,46300.0,0.007818143326440275,83485.46731453082,3670.8421655551288,0.005375323890168414,0.0,0.0
BC,HG,2032-01-01T00:00:00,F,44,349.97007223198307,57400.0,45499.99999999999,0.00609703958592305,83485.46731453082,3670.8421655551288,0.004191987941008627,0.0,0.0
BC,HG,2032-01-01T00:00:00,F,45,251.27122023983975,57400.0,44500.0,0.0043775473909379746,83485.46731453082,3670.8421655551288,0.0030097600016201318,0.0,0.0
BC,HG,2032-01-01T00:00:00,F,46,353.82829949457664,57400.0,44500.0,0.00616425608875569,83485.46731453082,3670.8421655551288,0.004238202298868753,0.0,0.0
BC,HG,2032-01-01T00:00:00,F,47,355.35068997353665,57400.0,43600.0,0.006190778570967537,83485.46731453082,3670.8421655551288,0.004256437693937267,0.0,0.0
BC,HG,2032-01-01T00:00:00,F,48,257.90369647303305,57400.0,42900.0,0.004493095757369914,83485.46731453082,3670.8421655551288,0.0030892046815930605,0.0,0.0
BC,HG,2032-01-01T00:00:00,F,49,260.4387095977436,57400.0,42100.0,0.00453725974908961,83485.46731453082,3670.8421655551288,0.0031195694050144425,0.0,0.0
BC,HG,2032-01-01T00:00:00,F,50,163.8549964142294,57400.0,41400.0,0.002854616662268805,83485.46731453082,3670.8421655551288,0.0019626768788022354,0.0,0.0
BC,HG,2032-01-01T00:00:00,F,51,166.18322360267484,57400.0,39799.99999999999,0.002895178111544858,83485.46731453082,3670.8421655551288,0.001990564692853439,0.0,0.0
BC,HG,2032-01-01T00:00:00,F,52,169.71143986051175,57400.0,38900.00000000001,0.0029566452937371383,83485.46731453082,3670.8421655551288,0.0020328261351299057,0.0,0.0
BC,HG,2032-01-01T00:00:00,F,53,171.59261394567147,57400.0,37100.00000000001,0.002989418361422848,83485.46731453082,3670.8421655551288,0.002055359087818215,0.0,0.0
BC,HG,2032-01-01T00:00:00,F,54,274.83892489877326,57400.0,36000.00000000001,0.004788134580118001,83485.46731453082,3670.8421655551288,0.0032920570937612394,0.0,0.0
BC,HG,2032-01-01T00:00:00,F,55,180.34718173808506,57400.0,35600.0,0.003141936964078137,83485.46731453082,3670.8421655551288,0.0021602224619361415,0.0,0.0
BC,HG,2032-01-01T00:00:00,F,56,287.58719175546867,57400.0,35900.0,0.005010229821523844,83485.46731453082,3670.8421655551288,0.003444757524947261,0.0,0.0
BC,HG,2032-01-01T00:00:00,F,57,293.66161765058496,57400.0,35400.0,0.0051160560566304,83485.46731453082,3670.8421655551288,0.00351751780395763,0.0,0.0
BC,HG,2032-01-01T00:00:00,F,58,301.283166879286,57400.0,35299.99999999999,0.005248835659917875,83485.46731453082,3670.8421655551288,0.0036088097314494762,0.0,0.0
BC,HG,2032-01-01T00:00:00,F,59,310.70881781149365,57400.0,35500.0,0.005413045606472015,83485.46731453082,3670.8421655551288,0.003721711428420239,0.0,0.0
BC,HG,2032-01-01T00:00:00,F,60,222.48944353196566,57400.0,35900.0,0.0038761227096161264,83485.46731453082,3670.8421655551288,0.002665008062945117,0.0,0.0
BC,HG,2032-01-01T00:00:00,F,61,241.51486745115835,57400.0,38100.0,0.004207576087999275,83485.46731453082,3670.8421655551288,0.002892897113952217,0.0,0.0
BC,HG,2032-01-01T00:00:00,F,62,255.06393616145215,57400.0,38200.0,0.004443622581209968,83485.46731453082,3670.8421655551288,0.00305518965594935,0.0,0.0
BC,HG,2032-01-01T00:00:00,F,63,268.6698476128731,57400.0,38000.00000000001,0.0046806593660779295,83485.46731453082,3670.8421655551288,0.0032181630678386414,0.0,0.0
BC,HG,2032-01-01T00:00:00,F,64,178.88142302019696,57400.0,36700.00000000001,0.0031164010979128393,83485.46731453082,3670.8421655551288,0.002142665409612701,0.0,0.0
BC,HG,2032-01-01T00:00:00,F,65,290.6816014951837,57400.0,35800.0,0.005064139398870796,83485.46731453082,3670.8421655551288,0.0034818227752147946,0.0,0.0
BC,HG,2032-01-01T00:00:00,F,66,117.41589477417438,57400.0,37000.0,0.0020455730796894492,83485.46731453082,3670.8421655551288,0.0014064231602347141,0.0,0.0
BC,HG,2032-01-01T00:00:00,F,67,147.2947680916477,57400.0,38300.00000000001,0.0025661109423632004,83485.46731453082,3670.8421655551288,0.0017643162676051853,0.0,0.0
BC,HG,2032-01-01T00:00:00,F,68,84.97832525330159,57400.0,39999.99999999999,0.0014804586281062994,83485.46731453082,3670.8421655551288,0.0010178816503852873,0.0,0.0
BC,HG,2032-01-01T00:00:00,F,69,312.64406164169486,57400.0,40000.00000000001,0.005446760655778656,83485.46731453082,3670.8421655551288,0.0037448920356858146,0.0,0.0
BC,HG,2032-01-01T00:00:00,F,70,232.78167978843703,57400.0,38500.0,0.004055429961471029,83485.46731453082,3670.8421655551288,0.002788289833863347,0.0,0.0
BC,HG,2032-01-01T00:00:00,F,71,168.49954030121444,57400.0,38500.00000000001,0.0029355320609967673,83485.46731453082,3670.8421655551288,0.002018309841476886,0.0,0.0
BC,HG,2032-01-01T00:00:00,F,72,103.50988093188789,57400.0,38000.0,0.001803308030172263,83485.46731453082,3670.8421655551288,0.0012398550821056706,0.0,0.0
BC,HG,2032-01-01T00:00:00,F,73,135.31803618289268,57400.0,37000.00000000001,0.002357457076357015,83485.46731453082,3670.8421655551288,0.0016208573843526932,0.0,0.0
BC,HG,2032-01-01T00:00:00,F,74,175.08445543755806,57400.0,36400.0,0.0030502518368912554,83485.46731453082,3670.8421655551288,0.002097184828323818,0.0,0.0
BC,HG,2032-01-01T00:00:00,F,75,208.9135908861499,57400.0,35100.00000000001,0.003639609597319685,83485.46731453082,3670.8421655551288,0.002502394699416003,0.0,0.0
BC,HG,2032-01-01T00:00:00,F,76,50.05609665474185,57400.0,33900.0,0.0008720574330094399,83485.46731453082,3670.8421655551288,0.0005995785645680812,0.0,0.0
BC,HG,2032-01-01T00:00:00,F,77,-5.3308513162482996,57400.0,32800.0,-9.287197415066724e-05,83485.46731453082,3670.8421655551288,0.0,0.001452214798628405,0.00016252595476366766
BC,HG,2032-01-01T00:00:00,F,78,25.41928690032364,57400.0,30900.000000000007,0.00044284471951783346,83485.46731453082,3670.8421655551288,0.0003044755898000389,0.0,0.0
BC,HG,2032-01-01T00:00:00,F,79,53.92330707576184,57400.0,28900.0,0.0009394304368599624,83485.46731453082,3670.8421655551288,0.0006459005238912567,0.0,0.0
BC,HG,2032-01-01T00:00:00,F,80,-13.442015293971053,57400.0,27000.0,-0.0002341814511144783,83485.46731453082,3670.8421655551288,0.0,0.003661834175302458,0.0004978524182952242
BC,HG,2032-01-01T00:00:00,F,81,-72.8274330188433,57400.0,25400.0,-0.001268770610084378,83485.46731453082,3670.8421655551288,0.0,0.019839434585940542,0.002867221772395405
BC,HG,2032-01-01T00:00:00,F,82,-118.91187520654057,57400.0,24200.0,-0.00207163545655994,83485.46731453082,3670.8421655551288,0.0,0.032393622455995176,0.004913713851509941
BC,HG,2032-01-01T00:00:00,F,83,-93.06535308992898,57400.0,22199.999999999996,-0.0016213476148071251,83485.46731453082,3670.8421655551288,0.0,0.02535258910426486,0.0041921330220688734
BC,HG,2032-01-01T00:00:00,F,84,-135.96025491221735,57400.0,21000.000000000004,-0.0023686455559619748,83485.46731453082,3670.8421655551288,0.0,0.03703789179169368,0.0064742978529627295
BC,HG,2032-01-01T00:00:00,F,85,-84.86549963031575,57400.0,19700.000000000004,-0.0014784930249183929,83485.46731453082,3670.8421655551288,0.0,0.023118809200417322,0.00430789338224953
BC,HG,2032-01-01T00:00:00,F,86,-92.51378197102713,57400.0,15300.000000000004,-0.001611738361864584,83485.46731453082,3670.8421655551288,0.0,0.02520233172625023,0.0060466524164070005
BC,HG,2032-01-01T00:00:00,F,87,-0.9315613055350696,57400.0,13400.0,-1.6229291037196333e-05,83485.46731453082,3670.8421655551288,0.0,0.0002537731843325366,6.951950041306489e-05
BC,HG,2032-01-01T00:00:00,F,88,-160.09591968569293,57400.0,12200.0,-0.002789127520656671,83485.46731453082,3670.8421655551288,0.0,0.04361285843012599,0.013122616367679748
BC,HG,2032-01-01T00:00:00,F,89,-71.48377503456868,57400.0,10600.0,-0.0012453619344001512,83485.46731453082,3670.8421655551288,0.0,0.01947339923937003,0.006743752361751763
BC,HG,2032-01-01T00:00:00,F,90,-199.37487217823036,57400.0,8800.000000000002,-0.003473429828889031,83485.46731453082,3670.8421655551288,0.0,0.054313114862044085,0.0226562354747989
BC,HG,2032-01-01T00:00:00,F,91,-111.35689343757986,57400.0,7599.999999999999,-0.0019400155651146315,83485.46731453082,3670.8421655551288,0.0,0.030335516596840587,0.014652222820734194
BC,HG,2032-01-01T00:00:00,F,92,-63.54519475429879,57400.0,6200.0,-0.0011070591420609544,83485.46731453082,3670.8421655551288,0.0,0.017310794604727734,0.010249224960370772
BC,HG,2032-01-01T00:00:00,F,93,-111.41363668220947,57400.0,5000.000000000001,-0.0019410041233834403,83485.46731453082,3670.8421655551288,0.0,0.030350974424246533,0.02228272733644189
BC,HG,2032-01-01T00:00:00,F,94,-146.56127113387902,57400.0,4100.0,-0.0025533322497191466,83485.46731453082,3670.8421655551288,0.0,0.03992578937583253,0.03574665149606805
BC,HG,2032-01-01T00:00:00,F,95,-103.69346165745083,57400.0,3300.0000000000005,-0.0018065063006524535,83485.46731453082,3670.8421655551288,0.0,0.028247867105386598,0.03142226110831843
BC,HG,2032-01-01T00:00:00,F,96,-72.39962934815503,57400.0,2600.0000000000005,-0.0012613175844626312,83485.46731453082,3670.8421655551288,0.0,0.019722893571264808,0.02784601128775193
BC,HG,2032-01-01T00:00:00,F,97,-44.33064111710246,57400.0,2000.0,-0.0007723108208554435,83485.46731453082,3670.8421655551288,0.0,0.01207642255313325,0.02216532055855123
BC,HG,2032-01-01T00:00:00,F,98,-118.65173673015715,57400.0,1400.0000000000002,-0.002067103427354654,83485.46731453082,3670.8421655551288,0.0,0.03232275629922483,0.08475124052154082
BC,HG,2032-01-01T00:00:00,F,99,8.149559249944332,57400.0,1100.0,0.00014197838414537164,83485.46731453082,3670.8421655551288,9.761650155518605e-05,0.0,0.0
BC,HG,2032-01-01T00:00:00,F,100,1340.335954591251,57400.0,2100.0,0.023350800602635037,83485.46731453082,3670.8421655551288,0.016054721830106623,0.0,0.0
BC,HG,2032-01-01T00:00:00,M,1,586.978546907656,57400.0,29500.000000000004,0.010226107088983553,83485.46731453082,3670.8421655551288,0.007030906884622435,0.0,0.0
BC,HG,2032-01-01T00:00:00,M,2,505.60065858980306,57400.0,29500.0,0.008808373843027928,83485.46731453082,3670.8421655551288,0.006056151745368528,0.0,0.0
BC,HG,2032-01-01T00:00:00,M,3,403.8960665897757,57400.0,29400.0,0.007036516839543131,83485.46731453082,3670.8421655551288,0.004837920653520457,0.0,0.0
BC,HG,2032-01-01T00:00:00,M,4,402.6785243045888,57400.0,29400.000000000004,0.007015305301473673,83485.46731453082,3670.8421655551288,0.004823336770548348,0.0,0.0
BC,HG,2032-01-01T00:00:00,M,5,602.1839559162836,57400.0,29500.0,0.010491009684952675,83485.46731453082,3670.8421655551288,0.007213039290390032,0.0,0.0
BC,HG,2032-01-01T00:00:00,M,6,601.6986269316949,57400.0,29500.000000000004,0.010482554476161933,83485.46731453082,3670.8421655551288,0.007207225955444439,0.0,0.0
BC,HG,2032-01-01T00:00:00,M,7,601.4559636067643,57400.0,29500.000000000004,0.010478326892103908,83485.46731453082,3670.8421655551288,0.00720431930195448,0.0,0.0
BC,HG,2032-01-01T00:00:00,M,8,501.4509256703968,57400.0,29299.999999999996,0.008736078844432001,83485.46731453082,3670.8421655551288,0.0060064456940893025,0.0,0.0
BC,HG,2032-01-01T00:00:00,M,9,501.44084979769104,57400.0,29100.000000000004,0.008735903306579983,83485.46731453082,3670.8421655551288,0.00600632500394969,0.0,0.0
BC,HG,2032-01-01T00:00:00,M,10,501.4307739249816,57400.0,28900.0,0.008735727768727903,83485.46731453082,3670.8421655551288,0.006006204313810035,0.0,0.0
BC,HG,2032-01-01T00:00:00,M,11,501.365280752354,57400.0,27600.0,0.008734586772689094,83485.46731453082,3670.8421655551288,0.006005419827902076,0.0,0.0
BC,HG,2032-01-01T00:00:00,M,12,501.8741183346974,57400.0,28400.0,0.008743451538932011,83485.46731453082,3670.8421655551288,0.006011514751949471,0.0,0.0
BC,HG,2032-01-01T00:00:00,M,13,502.1386142709598,57400.0,28799.999999999996,0.008748059482072471,83485.46731453082,3670.8421655551288,0.006014682919353576,0.0,0.0
BC,HG,2032-01-01T00:00:00,M,14,802.9220311997087,57400.0,29800.000000000004,0.013988188696859038,83485.46731453082,3670.8421655551288,0.009617506579614707,0.0,0.0
BC,HG,2032-01-01T00:00:00,M,15,1304.0572831383106,57400.0,31499.999999999996,0.022718767998925273,83485.46731453082,3670.8421655551288,0.015620171091877409,0.0,0.0
BC,HG,2032-01-01T00:00:00,M,16,2106.2875260526307,57400.0,33300.0,0.03669490463506325,83485.46731453082,3670.8421655551288,0.025229391339659266,0.0,0.0
BC,HG,2032-01-01T00:00:00,M,17,1709.5926615218632,57400.0,35300.0,0.029783844277384376,83485.46731453082,3670.8421655551288,0.02047772763948229,0.0,0.0
BC,HG,2032-01-01T00:00:00,M,18,2713.1120493652197,57400.0,37400.0,0.04726676044190278,83485.46731453082,3670.8421655551288,0.03249801596179119,0.0,0.0
BC,HG,2032-01-01T00:00:00,M,19,5417.805523221861,57400.0,42600.0,0.0943868558052589,83485.46731453082,3670.8421655551288,0.06489519310960222,0.0,0.0
BC,HG,2032-01-01T00:00:00,M,20,3524.2198068124926,57400.0,45299.99999999999,0.06139755760997374,83485.46731453082,3670.8421655551288,0.042213572256055334,0.0,0.0
BC,HG,2032-01-01T00:00:00,M,21,1130.33706328892,57400.0,45700.0,0.019692283332559582,83485.46731453082,3670.8421655551288,0.013539327258364433,0.0,0.0
BC,HG,2032-01-01T00:00:00,M,22,35.769300277286675,57400.0,45800.0,0.0006231585414161442,83485.46731453082,3670.8421655551288,0.00042844942273037926,0.0,0.0
BC,HG,2032-01-01T00:00:00,M,23,-260.26123046768043,57400.0,45200.0,-0.004534167778182586,83485.46731453082,3670.8421655551288,0.0,0.0708995970760628,0.005757991824506204
BC,HG,2032-01-01T00:00:00,M,24,-257.7706494194863,57400.0,44200.0,-0.004490777864450981,83485.46731453082,3670.8421655551288,0.0,0.07022112032989153,0.005831915145237247
BC,HG,2032-01-01T00:00:00,M,25,43.07292441680329,57400.0,43100.0,0.000750399380083681,83485.46731453082,3670.8421655551288,0.0005159332013382209,0.0,0.0
BC,HG,2032-01-01T00:00:00,M,26,144.0903564655091,57400.0,42100.0,0.0025102849558451064,83485.46731453082,3670.8421655551288,0.0017259334001527458,0.0,0.0
BC,HG,2032-01-01T00:00:00,M,27,445.8947971630987,57400.0,41800.0,0.007768202041168967,83485.46731453082,3670.8421655551288,0.005340987018533342,0.0,0.0
BC,HG,2032-01-01T00:00:00,M,28,448.4458918452219,57400.0,41900.0,0.00781264619939411,83485.46731453082,3670.8421655551288,0.005371544368982277,0.0,0.0
BC,HG,2032-01-01T00:00:00,M,29,451.08623121261917,57400.0,41500.00000000001,0.007858645143076989,83485.46731453082,3670.8421655551288,0.005403170704107764,0.0,0.0
BC,HG,2032-01-01T00:00:00,M,30,553.6099923355432,57400.0,40900.0,0.009644773385636641,83485.46731453082,3670.8421655551288,0.006631213912354615,0.0,0.0
BC,HG,2032-01-01T00:00:00,M,31,560.966666345892,57400.0,43200.0,0.009772938438081743,83485.46731453082,3670.8421655551288,0.00671933312935118,0.0,0.0
BC,HG,2032-01-01T00:00:00,M,32,368.48152345870767,57400.0,45100.0,0.006419538736214419,83485.46731453082,3670.8421655551288,0.004413720558938198,0.0,0.0
BC,HG,2032-01-01T00:00:00,M,33,473.7565135576442,57400.0,45900.0,0.008253597797171502,83485.46731453082,3670.8421655551288,0.005674718352749592,0.0,0.0
BC,HG,2032-01-01T00:00:00,M,34,578.6470051930955,57400.0,46400.0,0.010080958278625358,83485.46731453082,3670.8421655551288,0.006931110572970116,0.0,0.0
BC,HG,2032-01-01T00:00:00,M,35,583.3348434357758,57400.0,47300.0,0.010162627934421182,83485.46731453082,3670.8421655551288,0.006987262121179325,0.0,0.0
BC,HG,2032-01-01T00:00:00,M,36,587.3750647875495,57400.0,48000.0,0.010233015065985182,83485.46731453082,3670.8421655551288,0.007035656428377154,0.0,0.0
BC,HG,2032-01-01T00:00:00,M,37,490.9037000566386,57400.0,48500.0,0.008552329269279419,83485.46731453082,3670.8421655551288,0.0058801096268307745,0.0,0.0
BC,HG,2032-01-01T00:00:00,M,38,494.13703965520835,57400.0,48500.0,0.008608659227442654,83485.46731453082,3670.8421655551288,0.005918838997373652,0.0,0.0
BC,HG,2032-01-01T00:00:00,M,39,297.57137220786535,57400.0,48200.0,0.005184170247523786,83485.46731453082,3670.8421655551288,0.0035643493625874744,0.0,0.0
BC,HG,2032-01-01T00:00:00,M,40,401.60487697968347,57400.0,48300.0,0.006996600644245356,83485.46731453082,3670.8421655551288,0.004810476480494987,0.0,0.0
BC,HG,2032-01-01T00:00:00,M,41,405.8209611111888,57400.0,48200.0,0.007070051587302941,83485.46731453082,3670.8421655551288,0.004860977295392761,0.0,0.0
BC,HG,2032-01-01T00:00:00,M,42,410.82212553690624,57400.0,48099.99999999999,0.007157179887402548,83485.46731453082,3670.8421655551288,0.0049208819061782,0.0,0.0
BC,HG,2032-01-01T00:00:00,M,43,414.01004100460705,57400.0,47100.0,0.00721271848440082,83485.46731453082,3670.8421655551288,0.00495906718045702,0.0,0.0
BC,HG,2032-01-01T00:00:00,M,44,416.06672845043795,57400.0,45600.00000000001,0.0072485492761400335,83485.46731453082,3670.8421655551288,0.0049837024554574266,0.0,0.0
BC,HG,2032-01-01T00:00:00,M,45,220.43373226616677,57400.0,44900.0,0.003840308924497679,83485.46731453082,3670.8421655551288,0.002640384480758603,0.0,0.0
BC,HG,2032-01-01T00:00:00,M,46,326.5521192157903,57400.0,44900.0,0.005689061310379622,83485.46731453082,3670.8421655551288,0.003911484593905522,0.0,0.0
BC,HG,2032-01-01T00:00:00,M,47,330.631226320962,57400.0,44000.0,0.005760125894093415,83485.46731453082,3670.8421655551288,0.00396034467981489,0.0,0.0
BC,HG,2032-01-01T00:00:00,M,48,334.17056755217345,57400.0,42900.0,0.0058217868911528475,83485.46731453082,3670.8421655551288,0.00400273937849792,0.0,0.0
BC,HG,2032-01-01T00:00:00,M,49,237.72652992932854,57400.0,41600.0,0.004141577176469138,83485.46731453082,3670.8421655551288,0.0028475199046762924,0.0,0.0
BC,HG,2032-01-01T00:00:00,M,50,241.54846495154197,57400.0,40500.0,0.004208161410305609,83485.46731453082,3670.8421655551288,0.00289329954926778,0.0,0.0
BC,HG,2032-01-01T00:00:00,M,51,244.51324911398842,57400.0,39100.0,0.004259812702334293,83485.46731453082,3670.8421655551288,0.0029288121271788146,0.0,0.0
BC,HG,2032-01-01T00:00:00,M,52,147.1535476831632,57400.0,37500.0,0.002563650656501101,83485.46731453082,3670.8421655551288,0.0017626247108225843,0.0,0.0
BC,HG,2032-01-01T00:00:00,M,53,148.49626072426327,57400.0,35699.99999999999,0.002587042869760684,83485.46731453082,3670.8421655551288,0.0017787079057101616,0.0,0.0
BC,HG,2032-01-01T00:00:00,M,54,151.76819110071665,57400.0,34400.0,0.0026440451411274676,83485.46731453082,3670.8421655551288,0.0018178995217087452,0.0,0.0
BC,HG,2032-01-01T00:00:00,M,55,159.72666907683015,57400.0,34000.0,0.0027826945832200374,83485.46731453082,3670.8421655551288,0.0019132272264232675,0.0,0.0
BC,HG,2032-01-01T00:00:00,M,56,167.02259857471654,57400.0,33400.0,0.0029098013688975007,83485.46731453082,3670.8421655551288,0.0020006188375931377,0.0,0.0
BC,HG,2032-01-01T00:00:00,M,57,276.38280373593443,57400.0,33200.0,0.004815031423970983,83485.46731453082,3670.8421655551288,0.003310549879234244,0.0,0.0
BC,HG,2032-01-01T00:00:00,M,58,186.0824383106592,57400.0,32700.0,0.0032418543259696724,83485.46731453082,3670.8421655551288,0.002228920125817768,0.0,0.0
BC,HG,2032-01-01T00:00:00,M,59,298.40741584201896,57400.0,32699.999999999996,0.005198735467630992,83485.46731453082,3670.8421655551288,0.0035743636041201212,0.0,0.0
BC,HG,2032-01-01T00:00:00,M,60,215.9373194082291,57400.0,33100.0,0.0037619742057182766,83485.46731453082,3670.8421655551288,0.0025865258511961965,0.0,0.0
BC,HG,2032-01-01T00:00:00,M,61,243.4330888712575,57400.0,34800.0,0.004240994579638633,83485.46731453082,3670.8421655551288,0.002915873824531943,0.0,0.0
BC,HG,2032-01-01T00:00:00,M,62,262.35130083956756,57400.0,34900.0,0.004570580153999435,83485.46731453082,3670.8421655551288,0.0031424786765720694,0.0,0.0
BC,HG,2032-01-01T00:00:00,M,63,277.48332765570376,57400.0,34299.99999999999,0.004834204314559299,83485.46731453082,3670.8421655551288,0.0033237321007054746,0.0,0.0
BC,HG,2032-01-01T00:00:00,M,64,291.8931347964608,57400.0,33500.0,0.005085246250809422,83485.46731453082,3670.8421655551288,0.003496334681780672,0.0,0.0
BC,HG,2032-01-01T00:00:00,M,65,310.3360765706748,57400.0,33000.0,0.005406551856631965,83485.46731453082,3670.8421655551288,0.003717246684401803,0.0,0.0
BC,HG,2032-01-01T00:00:00,M,66,347.5620541149765,57400.0,34200.0,0.006055088050783562,83485.46731453082,3670.8421655551288,0.004163144380632611,0.0,0.0
BC,HG,2032-01-01T00:00:00,M,67,295.1038742613455,57400.0,35800.0,0.005141182478420653,83485.46731453082,3670.8421655551288,0.0035347933449248604,0.0,0.0
BC,HG,2032-01-01T00:00:00,M,68,342.72699940379243,57400.0,37000.0,0.0059708536481496936,83485.46731453082,3670.8421655551288,0.0041052294540386445,0.0,0.0
BC,HG,2032-01-01T00:00:00,M,69,287.07607407309115,57400.0,37399.99999999999,0.005001325332283818,83485.46731453082,3670.8421655551288,0.003438635289559252,0.0,0.0
BC,HG,2032-01-01T00:00:00,M,70,207.0634796538434,57400.0,35700.0,0.003607377694317829,83485.46731453082,3670.8421655551288,0.002480233821698972,0.0,0.0
BC,HG,2032-01-01T00:00:00,M,71,345.9177197662357,57400.0,35400.0,0.006026441110910029,83485.46731453082,3670.8421655551288,0.004143448325718696,0.0,0.0
BC,HG,2032-01-01T00:00:00,M,72,282.158165405599,57400.0,34500.0,0.00491564748093378,83485.46731453082,3670.8421655551288,0.003379727927287876,0.0,0.0
BC,HG,2032-01-01T00:00:00,M,73,211.94692725774803,57400.0,33099.99999999999,0.0036924551787064115,83485.46731453082,3670.8421655551288,0.002538728404780196,0.0,0.0
BC,HG,2032-01-01T00:00:00,M,74,159.47305081291051,57400.0,32500.0,0.0027782761465663854,83485.46731453082,3670.8421655551288,0.0019101893532211672,0.0,0.0
BC,HG,2032-01-01T00:00:00,M,75,185.3712174466309,57400.0,30800.0,0.00322946371858242,83485.46731453082,3670.8421655551288,0.0022204010279806706,0.0,0.0
BC,HG,2032-01-01T00:00:00,M,76,227.89334907877128,57400.0,29799.999999999996,0.003970267405553507,83485.46731453082,3670.8421655551288,0.00272973676029368,0.0,0.0
BC,HG,2032-01-01T00:00:00,M,77,162.8614263390482,57400.0,28299.999999999996,0.002837307079077495,83485.46731453082,3670.8421655551288,0.0019507757646665509,0.0,0.0
BC,HG,2032-01-01T00:00:00,M,78,81.51469461899615,57400.0,26199.999999999996,0.0014201166309929642,83485.46731453082,3670.8421655551288,0.0009763938232733392,0.0,0.0
BC,HG,2032-01-01T00:00:00,M,79,16.656310136560933,57400.0,24700.0,0.000290179619103849,83485.46731453082,3670.8421655551288,0.00019951149190802777,0.0,0.0
BC,HG,2032-01-01T00:00:00,M,80,41.55968852172737,57400.0,23000.0,0.0007240363853959472,83485.46731453082,3670.8421655551288,0.0004978074610896239,0.0,0.0
BC,HG,2032-01-01T00:00:00,M,81,75.80204556566605,57400.0,21600.0,0.0013205931283217082,83485.46731453082,3670.8421655551288,0.000907966955255607,0.0,0.0
BC,HG,2032-01-01T00:00:00,M,82,22.357458073784073,57400.0,20399.999999999996,0.0003895027538986772,83485.46731453082,3670.8421655551288,0.0002678005980316614,0.0,0.0
BC,HG,2032-01-01T00:00:00,M,83,41.51169954397119,57400.0,18700.0,0.000723200340487303,83485.46731453082,3670.8421655551288,0.0004972326427493805,0.0,0.0
BC,HG,2032-01-01T00:00:00,M,84,-1.9976329369746963,57400.0,17700.0,-3.4801967543113175e-05,83485.46731453082,3670.8421655551288,0.0,0.0005441892750713245,0.00011286061790817493
BC,HG,2032-01-01T00:00:00,M,85,27.465193093928974,57400.0,16300.0,0.00047848768456322256,83485.46731453082,3670.8421655551288,0.00032898172553139196,0.0,0.0
BC,HG,2032-01-01T00:00:00,M,86,-13.015030551487143,57400.0,12499.999999999998,-0.00022674269253461922,83485.46731453082,3670.8421655551288,0.0,0.0035455162506337085,0.0010412024441189716
BC,HG,2032-01-01T00:00:00,M,87,-42.642057156515875,57400.0,10699.999999999998,-0.000742892981820834,83485.46731453082,3670.8421655551288,0.0,0.011616423489040767,0.003985238986590269
BC,HG,2032-01-01T00:00:00,M,88,-132.12547683750745,57400.0,9500.0,-0.0023018375755663317,83485.46731453082,3670.8421655551288,0.0,0.03599323285465382,0.013907944930263942
BC,HG,2032-01-01T00:00:00,M,89,-157.40251885891394,57400.0,8099.999999999999,-0.002742204161305121,83485.46731453082,3670.8421655551288,0.0,0.042879130117846,0.01943240973566839
BC,HG,2032-01-01T00:00:00,M,90,-31.04156471547776,57400.0,6599.999999999999,-0.0005407938103741771,83485.46731453082,3670.8421655551288,0.0,0.008456251539974194,0.004703267381132995
BC,HG,2032-01-01T00:00:00,M,91,-87.41686084548382,57400.0,5300.0,-0.0015229418265763732,83485.46731453082,3670.8421655551288,0.0,0.02381384350047752,0.01649374732933657
BC,HG,2032-01-01T00:00:00,M,92,-44.33752509194892,57400.0,4300.0,-0.0007724307507308174,83485.46731453082,3670.8421655551288,0.0,0.012078297865264907,0.010311052346964864
BC,HG,2032-01-01T00:00:00,M,93,-99.38352921089609,57400.0,3399.9999999999995,-0.0017314203695278064,83485.46731453082,3670.8421655551288,0.0,0.027073768015265964,0.029230449767910616
BC,HG,2032-01-01T00:00:00,M,94,-78.82385153504492,57400.0,2600.0,-0.0013732378316209917,83485.46731453082,3670.8421655551288,0.0,0.021472961238889077,0.030316865975017277
BC,HG,2032-01-01T00:00:00,M,95,-49.508528104943025,57400.0,1999.9999999999998,-0.0008625179112359412,83485.46731453082,3670.8421655551288,0.0,0.013486967260401408,0.024754264052471515
BC,HG,2032-01-01T00:00:00,M,96,-107.63637672363257,57400.0,1499.9999999999998,-0.0018751982007601492,83485.46731453082,3670.8421655551288,0.0,0.02932198440282302,0.07175758448242173
BC,HG,2032-01-01T00:00:00,M,97,-0.13450185521355706,57400.0,1100.0,-2.3432378957065693e-06,83485.46731453082,3670.8421655551288,0.0,3.6640598845583116e-05,0.00012227441383050642
BC,HG,2032-01-01T00:00:00,M,98,32.95839448570189,57400.0,799.9999999999999,0.0005741880572421932,83485.46731453082,3670.8421655551288,0.00039478002035409836,0.0,0.0
BC,HG,2032-01-01T00:00:00,M,99,-23.345059363460223,57400.0,500.0,-0.00040670835127979484,83485.46731453082,3670.8421655551288,0.0,0.006359592243577117,0.04669011872692044
BC,HG,2032-01-01T00:00:00,M,100,536.1306470241341,57400.0,900.0,0.009340255174636483,83485.46731453082,3670.8421655551288,0.0064218439959647855,0.0,0.0
BC,HG,2033-01-01T00:00:00,F,1,380.6836587487378,58200.0,28300.000000000004,0.006540956335888966,82554.5408138223,4231.825263261181,0.004611298845538477,0.0,0.0
BC,HG,2033-01-01T00:00:00,F,2,303.5683334896494,58200.0,28300.000000000004,0.005215950747244835,82554.5408138223,4231.825263261181,0.0036771851735479854,0.0,0.0
BC,HG,2033-01-01T00:00:00,F,3,302.84445871731805,58200.0,28199.999999999996,0.005203513036380035,82554.5408138223,4231.825263261181,0.003668416730707708,0.0,0.0
BC,HG,2033-01-01T00:00:00,F,4,302.3618791652407,58200.0,28100.0,0.005195221291498981,82554.5408138223,4231.825263261181,0.003662571146112117,0.0,0.0
BC,HG,2033-01-01T00:00:00,F,5,502.11039533150324,58200.0,28100.0,0.008627326380266379,82554.5408138223,4231.825263261181,0.006082165685638866,0.0,0.0
BC,HG,2033-01-01T00:00:00,F,6,401.875904139637,58200.0,28000.0,0.006905084263567646,82554.5408138223,4231.825263261181,0.004868004838715667,0.0,0.0
BC,HG,2033-01-01T00:00:00,F,7,401.6354665022918,58200.0,27900.0,0.006900953032685427,82554.5408138223,4231.825263261181,0.004865092368547764,0.0,0.0
BC,HG,2033-01-01T00:00:00,F,8,301.39672877168414,58200.0,27700.0,0.005178637951403508,82554.5408138223,4231.825263261181,0.0036508800824341884,0.0,0.0
BC,HG,2033-01-01T00:00:00,F,9,401.3814361208897,58200.0,27500.0,0.006896588249499823,82554.5408138223,4231.825263261181,0.004862015246697193,0.0,0.0
BC,HG,2033-01-01T00:00:00,F,10,401.3712410203734,58200.0,27300.0,0.006896413075951433,82554.5408138223,4231.825263261181,0.004861891751364098,0.0,0.0
BC,HG,2033-01-01T00:00:00,F,11,401.36104591984986,58200.0,27100.000000000004,0.006896237902402918,82554.5408138223,4231.825263261181,0.004861768256030915,0.0,0.0
BC,HG,2033-01-01T00:00:00,F,12,401.51057633302116,58200.0,25800.0,0.0068988071534883365,82554.5408138223,4231.825263261181,0.004863579548440724,0.0,0.0
BC,HG,2033-01-01T00:00:00,F,13,501.75356256531813,58200.0,26300.000000000004,0.008621195233081068,82554.5408138223,4231.825263261181,0.006077843297522265,0.0,0.0
BC,HG,2033-01-01T00:00:00,F,14,702.0339317325306,58200.0,27300.0,0.012062438689562381,82554.5408138223,4231.825263261181,0.00850388028098616,0.0,0.0
BC,HG,2033-01-01T00:00:00,F,15,1302.83426352479,58200.0,29100.0,0.022385468445443125,82554.5408138223,4231.825263261181,0.015781497306888943,0.0,0.0
BC,HG,2033-01-01T00:00:00,F,16,2304.231886329224,58200.0,31600.000000000004,0.0395916131671688,82554.5408138223,4231.825263261181,0.0279116310697645,0.0,0.0
BC,HG,2033-01-01T00:00:00,F,17,1806.402696482317,58200.0,33200.0,0.03103784701859651,82554.5408138223,4231.825263261181,0.021881324499837405,0.0,0.0
BC,HG,2033-01-01T00:00:00,F,18,2508.4367502509413,58200.0,35600.0,0.04310028780499899,82554.5408138223,4231.825263261181,0.030385206259071675,0.0,0.0
BC,HG,2033-01-01T00:00:00,F,19,5110.827685357042,58200.0,40500.0,0.08781490868311069,82554.5408138223,4231.825263261181,0.0619084987327714,0.0,0.0
BC,HG,2033-01-01T00:00:00,F,20,2914.1082130908108,58200.0,43400.00000000001,0.050070587853794,82554.5408138223,4231.825263261181,0.0352991874748929,0.0,0.0
BC,HG,2033-01-01T00:00:00,F,21,716.4405640424011,58200.0,43700.00000000001,0.012309975327189021,82554.5408138223,4231.825263261181,0.00867839075815495,0.0,0.0
BC,HG,2033-01-01T00:00:00,F,22,-282.4225362369616,58200.0,42799.99999999999,-0.004852620897542296,82554.5408138223,4231.825263261181,0.0,0.06673775939872283,0.006598657388714057
BC,HG,2033-01-01T00:00:00,F,23,-81.41052469055285,58200.0,42800.0,-0.0013988062661607018,82554.5408138223,4231.825263261181,0.0,0.019237685780016178,0.0019021150628633842
BC,HG,2033-01-01T00:00:00,F,24,219.183437829357,58200.0,42800.0,0.003766038450676237,82554.5408138223,4231.825263261181,0.0026550137117673676,0.0,0.0
BC,HG,2033-01-01T00:00:00,F,25,519.183437829357,58200.0,43100.0,0.00892067762593397,82554.5408138223,4231.825263261181,0.006288974933556034,0.0,0.0
BC,HG,2033-01-01T00:00:00,F,26,318.95828010835976,58200.0,42400.00000000001,0.005480382819731267,82554.5408138223,4231.825263261181,0.003863606737607289,0.0,0.0
BC,HG,2033-01-01T00:00:00,F,27,618.9489624433409,58200.0,41900.0,0.010634861897651905,82554.5408138223,4231.825263261181,0.007497455092618101,0.0,0.0
BC,HG,2033-01-01T00:00:00,F,28,619.2531671993929,58200.0,41800.0,0.010640088783494723,82554.5408138223,4231.825263261181,0.007501139986908024,0.0,0.0
BC,HG,2033-01-01T00:00:00,F,29,720.0502032867007,58200.0,42099.99999999999,0.012371996620046405,82554.5408138223,4231.825263261181,0.008722115054949721,0.0,0.0
BC,HG,2033-01-01T00:00:00,F,30,720.5031320942653,58200.0,41600.0,0.012379778901963321,82554.5408138223,4231.825263261181,0.008727601474026124,0.0,0.0
BC,HG,2033-01-01T00:00:00,F,31,721.4404032212769,58200.0,41400.0,0.012395883216860429,82554.5408138223,4231.825263261181,0.008738954830458999,0.0,0.0
BC,HG,2033-01-01T00:00:00,F,32,424.22574522604555,58200.0,43600.00000000001,0.007289102151650267,82554.5408138223,4231.825263261181,0.00513873302478616,0.0,0.0
BC,HG,2033-01-01T00:00:00,F,33,426.5268068527803,58200.0,44999.99999999999,0.007328639293003098,82554.5408138223,4231.825263261181,0.005166606253854493,0.0,0.0
BC,HG,2033-01-01T00:00:00,F,34,628.6766965169518,58200.0,45600.0,0.010802005094792986,82554.5408138223,4231.825263261181,0.007615289120616015,0.0,0.0
BC,HG,2033-01-01T00:00:00,F,35,530.8606059742888,58200.0,45900.0,0.009121316253853758,82554.5408138223,4231.825263261181,0.006430422854285994,0.0,0.0
BC,HG,2033-01-01T00:00:00,F,36,533.5612624100177,58200.0,45899.99999999999,0.009167719285395493,82554.5408138223,4231.825263261181,0.006463136456822036,0.0,0.0
BC,HG,2033-01-01T00:00:00,F,37,537.220442043581,58200.0,47100.00000000001,0.009230591787690395,82554.5408138223,4231.825263261181,0.006507460846461796,0.0,0.0
BC,HG,2033-01-01T00:00:00,F,38,439.9067772094131,58200.0,46900.0,0.007558535690883387,82554.5408138223,4231.825263261181,0.005328680565270112,0.0,0.0
BC,HG,2033-01-01T00:00:00,F,39,441.88267527857533,58200.0,46900.0,0.0075924858295287855,82554.5408138223,4231.825263261181,0.005352615021808587,0.0,0.0
BC,HG,2033-01-01T00:00:00,F,40,444.04724222637014,58200.0,47100.0,0.007629677701484023,82554.5408138223,4231.825263261181,0.005378834862976093,0.0,0.0
BC,HG,2033-01-01T00:00:00,F,41,346.1234001894845,58200.0,47500.0,0.005947137460300422,82554.5408138223,4231.825263261181,0.004192663380807422,0.0,0.0
BC,HG,2033-01-01T00:00:00,F,42,347.7279795816503,58200.0,47499.99999999999,0.0059747075529493175,82554.5408138223,4231.825263261181,0.004212099978435461,0.0,0.0
BC,HG,2033-01-01T00:00:00,F,43,349.3325782857428,58200.0,47500.0,0.006002277977418261,82554.5408138223,4231.825263261181,0.004231536809992809,0.0,0.0
BC,HG,2033-01-01T00:00:00,F,44,250.35944453477714,58200.0,46500.0,0.0043017086689824255,82554.5408138223,4231.825263261181,0.0030326550431597687,0.0,0.0
BC,HG,2033-01-01T00:00:00,F,45,251.80958168939105,58200.0,45700.00000000001,0.00432662511493799,82554.5408138223,4231.825263261181,0.0030502208504469084,0.0,0.0
BC,HG,2033-01-01T00:00:00,F,46,353.31845888686803,58200.0,44800.0,0.0060707638983997945,82554.5408138223,4231.825263261181,0.004279818595123372,0.0,0.0
BC,HG,2033-01-01T00:00:00,F,47,255.96606397452706,58200.0,44700.0,0.00439804233633208,82554.5408138223,4231.825263261181,0.0031005691685910275,0.0,0.0
BC,HG,2033-01-01T00:00:00,F,48,158.1694637899127,58200.0,43700.0,0.0027176883812699776,82554.5408138223,4231.825263261181,0.0019159389929454978,0.0,0.0
BC,HG,2033-01-01T00:00:00,F,49,160.88204281718208,58200.0,43000.0,0.002764296268336462,82554.5408138223,4231.825263261181,0.0019487970162659451,0.0,0.0
BC,HG,2033-01-01T00:00:00,F,50,164.04104658027063,58200.0,42200.0,0.0028185746835098047,82554.5408138223,4231.825263261181,0.0019870626735144395,0.0,0.0
BC,HG,2033-01-01T00:00:00,F,51,167.9031766649423,58200.0,41500.0,0.0028849343069577713,82554.5408138223,4231.825263261181,0.0020338454433851067,0.0,0.0
BC,HG,2033-01-01T00:00:00,F,52,170.3539767043403,58200.0,39900.0,0.002927044273270452,82554.5408138223,4231.825263261181,0.002063532484403542,0.0,0.0
BC,HG,2033-01-01T00:00:00,F,53,174.0543063945879,58200.0,39000.00000000001,0.0029906238212128507,82554.5408138223,4231.825263261181,0.0021083553330775184,0.0,0.0
BC,HG,2033-01-01T00:00:00,F,54,276.3051300972729,58200.0,37300.00000000001,0.004747510826413624,82554.5408138223,4231.825263261181,0.003346940427182541,0.0,0.0
BC,HG,2033-01-01T00:00:00,F,55,180.16435886777617,58200.0,36100.0,0.003095607540683439,82554.5408138223,4231.825263261181,0.0021823676455797188,0.0,0.0
BC,HG,2033-01-01T00:00:00,F,56,285.9330540522642,58200.0,35800.00000000001,0.004912939073062958,82554.5408138223,4231.825263261181,0.0034635654348451027,0.0,0.0
BC,HG,2033-01-01T00:00:00,F,57,193.98374767209316,58200.0,36000.0,0.003333054083712941,82554.5408138223,4231.825263261181,0.0023497647223254133,0.0,0.0
BC,HG,2033-01-01T00:00:00,F,58,300.5019099610072,58200.0,35600.0,0.005163263057749264,82554.5408138223,4231.825263261181,0.0036400409595724317,0.0,0.0
BC,HG,2033-01-01T00:00:00,F,59,308.9243234139649,58200.0,35500.0,0.005307978065532043,82554.5408138223,4231.825263261181,0.003742063372512163,0.0,0.0
BC,HG,2033-01-01T00:00:00,F,60,219.5057079672406,58200.0,35600.0,0.0037715757382687388,82554.5408138223,4231.825263261181,0.002658917435714066,0.0,0.0
BC,HG,2033-01-01T00:00:00,F,61,231.54056614746514,58200.0,36000.00000000001,0.003978360243083593,82554.5408138223,4231.825263261181,0.0028046981288362732,0.0,0.0
BC,HG,2033-01-01T00:00:00,F,62,252.56679339535185,58200.0,38200.0,0.004339635625349688,82554.5408138223,4231.825263261181,0.003059393110367395,0.0,0.0
BC,HG,2033-01-01T00:00:00,F,63,267.26824176314403,58200.0,38300.00000000001,0.004592237830981856,82554.5408138223,4231.825263261181,0.0032374747546096783,0.0,0.0
BC,HG,2033-01-01T00:00:00,F,64,182.23745245311147,58200.0,38000.00000000001,0.0031312277053799223,82554.5408138223,4231.825263261181,0.0022074794512405432,0.0,0.0
BC,HG,2033-01-01T00:00:00,F,65,192.870044723335,58200.0,36700.0,0.003313918294215378,82554.5408138223,4231.825263261181,0.0023362742112308173,0.0,0.0
BC,HG,2033-01-01T00:00:00,F,66,106.42495352475089,58200.0,35700.0,0.0018286074488788812,82554.5408138223,4231.825263261181,0.0012891471804653526,0.0,0.0
BC,HG,2033-01-01T00:00:00,F,67,134.45056642306736,58200.0,36900.0,0.0023101471893997826,82554.5408138223,4231.825263261181,0.0016286271487631603,0.0,0.0
BC,HG,2033-01-01T00:00:00,F,68,167.14987001020927,58200.0,38200.0,0.0028719908936462074,82554.5408138223,4231.825263261181,0.002024720486147056,0.0,0.0
BC,HG,2033-01-01T00:00:00,F,69,307.6278900315956,58200.0,39999.99999999999,0.005285702577862468,82554.5408138223,4231.825263261181,0.0037263594103849555,0.0,0.0
BC,HG,2033-01-01T00:00:00,F,70,239.32298096594604,58200.0,39900.00000000001,0.004112078710755087,82554.5408138223,4231.825263261181,0.002898968107710383,0.0,0.0
BC,HG,2033-01-01T00:00:00,F,71,160.72331851703348,58200.0,38300.00000000001,0.002761569046684424,82554.5408138223,4231.825263261181,0.00194687435642696,0.0,0.0
BC,HG,2033-01-01T00:00:00,F,72,99.12667170920759,58200.0,38200.0,0.0017032074176839792,82554.5408138223,4231.825263261181,0.00120074160345412,0.0,0.0
BC,HG,2033-01-01T00:00:00,F,73,136.39927467162488,58200.0,37700.00000000001,0.002343630148996991,82554.5408138223,4231.825263261181,0.0016522322494559529,0.0,0.0
BC,HG,2033-01-01T00:00:00,F,74,171.32233957321296,58200.0,36700.0,0.002943682810536305,82554.5408138223,4231.825263261181,0.0020752624614505523,0.0,0.0
BC,HG,2033-01-01T00:00:00,F,75,114.94846247416717,58200.0,36000.00000000001,0.0019750594926832847,82554.5408138223,4231.825263261181,0.0013923941837845108,0.0,0.0
BC,HG,2033-01-01T00:00:00,F,76,52.3172243289373,58200.0,34599.99999999999,0.0008989213802222904,82554.5408138223,4231.825263261181,0.0006337292148099224,0.0,0.0
BC,HG,2033-01-01T00:00:00,F,77,93.98340907122474,58200.0,33400.0,0.0016148352074093599,82554.5408138223,4231.825263261181,0.0011384402135211063,0.0,0.0
BC,HG,2033-01-01T00:00:00,F,78,40.9064398888986,58200.0,32200.000000000004,0.0007028597919054743,82554.5408138223,4231.825263261181,0.0004955080542589554,0.0,0.0
BC,HG,2033-01-01T00:00:00,F,79,74.1237036816674,58200.0,30300.000000000004,0.001273603156042395,82554.5408138223,4231.825263261181,0.0008978755493151103,0.0,0.0
BC,HG,2033-01-01T00:00:00,F,80,5.001447634953365,58200.0,28200.000000000007,8.593552637376917e-05,82554.5408138223,4231.825263261181,6.058355586075722e-05,0.0,0.0
BC,HG,2033-01-01T00:00:00,F,81,-62.409133112993004,58200.0,26200.000000000004,-0.0010723218747936943,82554.5408138223,4231.825263261181,0.0,0.014747568538521959,0.0023820279814119466
BC,HG,2033-01-01T00:00:00,F,82,-121.9648155701434,58200.0,24500.0,-0.002095615387803151,82554.5408138223,4231.825263261181,0.0,0.028820853410226437,0.004978155737556874
BC,HG,2033-01-01T00:00:00,F,83,-67.83825644501121,58200.0,23300.0,-0.001165605780842117,82554.5408138223,4231.825263261181,0.0,0.016030495643086375,0.002911513152146404
BC,HG,2033-01-01T00:00:00,F,84,-141.65768936549284,58200.0,21200.000000000004,-0.0024339809169328665,82554.5408138223,4231.825263261181,0.0,0.03347437111718712,0.006681966479504378
BC,HG,2033-01-01T00:00:00,F,85,-85.96029639031985,58200.0,19999.999999999996,-0.0014769810376343618,82554.5408138223,4231.825263261181,0.0,0.020312818002337855,0.0042980148195159934
BC,HG,2033-01-01T00:00:00,F,86,-133.15442187603912,58200.0,18600.0,-0.0022878766645367545,82554.5408138223,4231.825263261181,0.0,0.031465009444512373,0.007158839885808555
BC,HG,2033-01-01T00:00:00,F,87,-52.181240067233375,58200.0,14400.0,-0.0008965848808802986,82554.5408138223,4231.825263261181,0.0,0.012330669822368995,0.0036236972268912067
BC,HG,2033-01-01T00:00:00,F,88,-160.29212713938796,58200.0,12400.0,-0.0027541602601269407,82554.5408138223,4231.825263261181,0.0,0.037877775467473264,0.012926784446724836
BC,HG,2033-01-01T00:00:00,F,89,-134.25531264502752,58200.0,11200.000000000002,-0.0023067923134884455,82554.5408138223,4231.825263261181,0.0,0.031725155055567215,0.011987081486163169
BC,HG,2033-01-01T00:00:00,F,90,-146.892636597644,58200.0,9600.000000000002,-0.002523928463877045,82554.5408138223,4231.825263261181,0.0,0.03471141350586952,0.015301316312254582
BC,HG,2033-01-01T00:00:00,F,91,-95.51696192243253,58200.0,7900.000000000001,-0.0016411849127565728,82554.5408138223,4231.825263261181,0.0,0.02257110253385653,0.012090754673725635
BC,HG,2033-01-01T00:00:00,F,92,-212.0082270441053,58200.0,6600.0,-0.0036427530419949365,82554.5408138223,4231.825263261181,0.0,0.05009853050518558,0.032122458643046255
BC,HG,2033-01-01T00:00:00,F,93,-174.43351925855313,58200.0,5300.0,-0.002997139506160707,82554.5408138223,4231.825263261181,0.0,0.041219452223821035,0.03291198476576474
BC,HG,2033-01-01T00:00:00,F,94,-142.58916742880137,58200.0,4200.0,-0.0024499856946529446,82554.5408138223,4231.825263261181,0.0,0.03369448371762816,0.03394980176876223
BC,HG,2033-01-01T00:00:00,F,95,-97.2154008020816,58200.0,3400.0,-0.0016703677113759725,82554.5408138223,4231.825263261181,0.0,0.02297245154379656,0.028592764941788706
BC,HG,2033-01-01T00:00:00,F,96,-63.278511230309505,58200.0,2700.0,-0.0010872596431324656,82554.5408138223,4231.825263261181,0.0,0.014953006632779786,0.023436485640855372
BC,HG,2033-01-01T00:00:00,F,97,-132.3880841937921,58200.0,2000.0,-0.002274709350408799,82554.5408138223,4231.825263261181,0.0,0.03128392028449908,0.06619404209689606
BC,HG,2033-01-01T00:00:00,F,98,-103.78540198540964,58200.0,1500.0,-0.0017832543296462137,82554.5408138223,4231.825263261181,0.0,0.024524973393024563,0.06919026799027309
BC,HG,2033-01-01T00:00:00,F,99,4.249958457621005,58200.0,1100.0,7.30233411962372e-05,82554.5408138223,4231.825263261181,5.148061409735835e-05,0.0,0.0
BC,HG,2033-01-01T00:00:00,F,100,1361.1096891870786,58200.0,2200.0,0.02338676441902197,82554.5408138223,4231.825263261181,0.01648739943035556,0.0,0.0
BC,HG,2033-01-01T00:00:00,M,1,586.4874102033027,58200.0,29899.999999999996,0.010077103268097985,82554.5408138223,4231.825263261181,0.007104241685820216,0.0,0.0
BC,HG,2033-01-01T00:00:00,M,2,405.5876743999397,58200.0,29899.999999999996,0.006968860384878689,82554.5408138223,4231.825263261181,0.0049129662693494286,0.0,0.0
BC,HG,2033-01-01T00:00:00,M,3,403.88702981724055,58200.0,29900.000000000004,0.006939639687581453,82554.5408138223,4231.825263261181,0.004892366014464183,0.0,0.0
BC,HG,2033-01-01T00:00:00,M,4,502.6632507395734,58200.0,29900.0,0.008636825614082017,82554.5408138223,4231.825263261181,0.006088862536019477,0.0,0.0
BC,HG,2033-01-01T00:00:00,M,5,602.1790156403003,58200.0,30000.0,0.010346718481792102,82554.5408138223,4231.825263261181,0.0072943173047057405,0.0,0.0
BC,HG,2033-01-01T00:00:00,M,6,601.7005485310692,58200.0,30100.0,0.010338497397441053,82554.5408138223,4231.825263261181,0.0072885215349695835,0.0,0.0
BC,HG,2033-01-01T00:00:00,M,7,601.4576104539119,58200.0,30100.0,0.010334323203675463,82554.5408138223,4231.825263261181,0.007285578776463965,0.0,0.0
BC,HG,2033-01-01T00:00:00,M,8,401.4576104539119,58200.0,29900.0,0.006897897086836974,82554.5408138223,4231.825263261181,0.004862937961938187,0.0,0.0
BC,HG,2033-01-01T00:00:00,M,9,501.4477283491469,58200.0,29800.0,0.0086159403496417,82554.5408138223,4231.825263261181,0.006074138665249391,0.0,0.0
BC,HG,2033-01-01T00:00:00,M,10,501.4378462443674,58200.0,29600.0,0.008615770554026932,82554.5408138223,4231.825263261181,0.006074018961297529,0.0,0.0
BC,HG,2033-01-01T00:00:00,M,11,501.42796413959513,58200.0,29399.999999999996,0.008615600758412287,82554.5408138223,4231.825263261181,0.006073899257345756,0.0,0.0
BC,HG,2033-01-01T00:00:00,M,12,401.8183136968182,58200.0,28000.0,0.006904094737058732,82554.5408138223,4231.825263261181,0.004867307233929171,0.0,0.0
BC,HG,2033-01-01T00:00:00,M,13,402.1048994620578,58200.0,28799.999999999996,0.006909018891100649,82554.5408138223,4231.825263261181,0.004870778705787828,0.0,0.0
BC,HG,2033-01-01T00:00:00,M,14,802.8460763146977,58200.0,29600.0,0.013794606122245666,82554.5408138223,4231.825263261181,0.00972503836130932,0.0,0.0
BC,HG,2033-01-01T00:00:00,M,15,1303.9265589340212,58200.0,31100.0,0.02240423640780105,82554.5408138223,4231.825263261181,0.015794728504088557,0.0,0.0
BC,HG,2033-01-01T00:00:00,M,16,2006.2259238062397,58200.0,33500.0,0.03447123580423092,82554.5408138223,4231.825263261181,0.024301824030863395,0.0,0.0
BC,HG,2033-01-01T00:00:00,M,17,1809.3242266608067,58200.0,35100.0,0.03108804513162898,82554.5408138223,4231.825263261181,0.021916713591093796,0.0,0.0
BC,HG,2033-01-01T00:00:00,M,18,2713.082336724474,58200.0,38000.0,0.04661653499526587,82554.5408138223,4231.825263261181,0.032864120010588395,0.0,0.0
BC,HG,2033-01-01T00:00:00,M,19,5417.5571395505685,58200.0,42800.0,0.09308517421908194,82554.5408138223,4231.825263261181,0.06562397520650365,0.0,0.0
BC,HG,2033-01-01T00:00:00,M,20,3524.208907577602,58200.0,46099.99999999999,0.060553417655972545,82554.5408138223,4231.825263261181,0.042689461692064015,0.0,0.0
BC,HG,2033-01-01T00:00:00,M,21,1130.2210064153915,58200.0,46399.99999999999,0.019419604921226657,82554.5408138223,4231.825263261181,0.01369059769788164,0.0,0.0
BC,HG,2033-01-01T00:00:00,M,22,-64.99468012416037,58200.0,45600.00000000001,-0.0011167470811711403,82554.5408138223,4231.825263261181,0.0,0.015358545327571813,0.0014253219325473764
BC,HG,2033-01-01T00:00:00,M,23,-360.7678460666357,58200.0,45400.0,-0.006198760241694771,82554.5408138223,4231.825263261181,0.0,0.08525112064495223,0.007946428327458935
BC,HG,2033-01-01T00:00:00,M,24,-257.93052293935034,58200.0,44900.0,-0.0044317959267929615,82554.5408138223,4231.825263261181,0.0,0.06095018269742564,0.005744555076600231
BC,HG,2033-01-01T00:00:00,M,25,43.32355299153278,58200.0,44200.0,0.0007443909448716972,82554.5408138223,4231.825263261181,0.0005247870385377883,0.0,0.0
BC,HG,2033-01-01T00:00:00,M,26,144.37585346456035,58200.0,43199.99999999999,0.0024806847674323086,82554.5408138223,4231.825263261181,0.0017488541761761839,0.0,0.0
BC,HG,2033-01-01T00:00:00,M,27,545.7742070336972,58200.0,42600.0,0.009377563694737065,82554.5408138223,4231.825263261181,0.006611074347376383,0.0,0.0
BC,HG,2033-01-01T00:00:00,M,28,447.8587390080793,58200.0,42200.0,0.0076951673369085784,82554.5408138223,4231.825263261181,0.005425004301315104,0.0,0.0
BC,HG,2033-01-01T00:00:00,M,29,551.080225800215,58200.0,42400.00000000001,0.00946873240206555,82554.5408138223,4231.825263261181,0.006675347235508411,0.0,0.0
BC,HG,2033-01-01T00:00:00,M,30,554.011957974064,58200.0,42000.0,0.009519105807114502,82554.5408138223,4231.825263261181,0.006710859905616536,0.0,0.0
BC,HG,2033-01-01T00:00:00,M,31,657.275141105194,58200.0,41500.0,0.011293387304212955,82554.5408138223,4231.825263261181,0.007961707916073164,0.0,0.0
BC,HG,2033-01-01T00:00:00,M,32,364.7676701091259,58200.0,43499.99999999999,0.00626748574070663,82554.5408138223,4231.825263261181,0.004418505227129214,0.0,0.0
BC,HG,2033-01-01T00:00:00,M,33,471.7043370989486,58200.0,45500.00000000001,0.008104885517164066,82554.5408138223,4231.825263261181,0.005713850897223694,0.0,0.0
BC,HG,2033-01-01T00:00:00,M,34,577.1370208969674,58200.0,46400.0,0.009916443658023496,82554.5408138223,4231.825263261181,0.00699097851199405,0.0,0.0
BC,HG,2033-01-01T00:00:00,M,35,581.0363711780883,58200.0,46900.0,0.009983442803747222,82554.5408138223,4231.825263261181,0.007038212137699929,0.0,0.0
BC,HG,2033-01-01T00:00:00,M,36,685.3368812325207,58200.0,47900.00000000001,0.011775547787500356,82554.5408138223,4231.825263261181,0.00830162550086855,0.0,0.0
BC,HG,2033-01-01T00:00:00,M,37,488.973334620925,58200.0,48399.99999999999,0.00840160368764476,82554.5408138223,4231.825263261181,0.005923033788337116,0.0,0.0
BC,HG,2033-01-01T00:00:00,M,38,493.0979046834618,58200.0,48900.0,0.008472472589062918,82554.5408138223,4231.825263261181,0.0059729955472164805,0.0,0.0
BC,HG,2033-01-01T00:00:00,M,39,296.6954977273708,58200.0,48700.0,0.005097860785693657,82554.5408138223,4231.825263261181,0.003593933111401843,0.0,0.0
BC,HG,2033-01-01T00:00:00,M,40,400.0701144059494,58200.0,48500.0,0.006874056948555832,82554.5408138223,4231.825263261181,0.004846130939159252,0.0,0.0
BC,HG,2033-01-01T00:00:00,M,41,304.6569640156813,58200.0,48500.0,0.005234655739101053,82554.5408138223,4231.825263261181,0.003690371977269503,0.0,0.0
BC,HG,2033-01-01T00:00:00,M,42,309.60524643619283,58200.0,48400.00000000001,0.005319677773817746,82554.5408138223,4231.825263261181,0.0037503115320381615,0.0,0.0
BC,HG,2033-01-01T00:00:00,M,43,314.9288427293068,58200.0,48300.0,0.005411148500503553,82554.5408138223,4231.825263261181,0.0038147973403369413,0.0,0.0
BC,HG,2033-01-01T00:00:00,M,44,318.3636120342562,58200.0,47300.0,0.00547016515522777,82554.5408138223,4231.825263261181,0.0038564034018701955,0.0,0.0
BC,HG,2033-01-01T00:00:00,M,45,320.23302908018377,58200.0,45799.99999999999,0.005502285723027213,82554.5408138223,4231.825263261181,0.003879048032044367,0.0,0.0
BC,HG,2033-01-01T00:00:00,M,46,324.680417555086,58200.0,45100.0,0.0055787013325616155,82554.5408138223,4231.825263261181,0.003932920156231116,0.0,0.0
BC,HG,2033-01-01T00:00:00,M,47,231.3440810177999,58200.0,45000.0,0.003974984209927834,82554.5408138223,4231.825263261181,0.002802318064363401,0.0,0.0
BC,HG,2033-01-01T00:00:00,M,48,235.60467565427098,58200.0,44100.0,0.004048190303337989,82554.5408138223,4231.825263261181,0.0028539275166657233,0.0,0.0
BC,HG,2033-01-01T00:00:00,M,49,239.6435501927699,58200.0,43000.0,0.004117586773071648,82554.5408138223,4231.825263261181,0.0029028512281743055,0.0,0.0
BC,HG,2033-01-01T00:00:00,M,50,142.95941258312814,58200.0,41600.0,0.0024563472952427515,82554.5408138223,4231.825263261181,0.0017316965387225813,0.0,0.0
BC,HG,2033-01-01T00:00:00,M,51,147.1957913439328,58200.0,40499.99999999999,0.0025291373083149967,82554.5408138223,4231.825263261181,0.0017830126591811587,0.0,0.0
BC,HG,2033-01-01T00:00:00,M,52,150.4926756718487,58200.0,39099.99999999999,0.0025857848053582252,82554.5408138223,4231.825263261181,0.001822948491849056,0.0,0.0
BC,HG,2033-01-01T00:00:00,M,53,152.99585801765352,58200.0,37499.99999999999,0.0026287948112998887,82554.5408138223,4231.825263261181,0.0018532700504347917,0.0,0.0
BC,HG,2033-01-01T00:00:00,M,54,154.48764148978807,58200.0,35699.99999999999,0.0026544268297214444,82554.5408138223,4231.825263261181,0.0018713403280649324,0.0,0.0
BC,HG,2033-01-01T00:00:00,M,55,158.51215156394028,58200.0,34400.0,0.002723576487352926,82554.5408138223,4231.825263261181,0.001920090039885489,0.0,0.0
BC,HG,2033-01-01T00:00:00,M,56,266.76918885984924,58200.0,34099.99999999999,0.004583663038829025,82554.5408138223,4231.825263261181,0.0032314296249490305,0.0,0.0
BC,HG,2033-01-01T00:00:00,M,57,174.57642088173452,58200.0,33400.0,0.0029995948605109025,82554.5408138223,4231.825263261181,0.0021146798124096013,0.0,0.0
BC,HG,2033-01-01T00:00:00,M,58,185.3145895801499,58200.0,33200.0,0.0031840994773221633,82554.5408138223,4231.825263261181,0.0022447534412198228,0.0,0.0
BC,HG,2033-01-01T00:00:00,M,59,195.21143325164667,58200.0,32699.999999999996,0.003354148337657159,82554.5408138223,4231.825263261181,0.0023646359282875687,0.0,0.0
BC,HG,2033-01-01T00:00:00,M,60,209.25137358997745,58200.0,32700.0,0.0035953844259446295,82554.5408138223,4231.825263261181,0.0025347045907733036,0.0,0.0
BC,HG,2033-01-01T00:00:00,M,61,327.11883421953826,58200.0,33200.0,0.005620598526108905,82554.5408138223,4231.825263261181,0.003962457194901725,0.0,0.0
BC,HG,2033-01-01T00:00:00,M,62,256.6056357080888,58200.0,34800.0,0.004409031541376097,82554.5408138223,4231.825263261181,0.003108316431518746,0.0,0.0
BC,HG,2033-01-01T00:00:00,M,63,276.95048889729514,58200.0,34900.0,0.004758599465589264,82554.5408138223,4231.825263261181,0.003354757790027277,0.0,0.0
BC,HG,2033-01-01T00:00:00,M,64,293.16514574297616,58200.0,34299.99999999999,0.005037201816889625,82554.5408138223,4231.825263261181,0.0035511692373666605,0.0,0.0
BC,HG,2033-01-01T00:00:00,M,65,209.03526876110118,58200.0,33400.0,0.003591671284555003,82554.5408138223,4231.825263261181,0.002532086868880045,0.0,0.0
BC,HG,2033-01-01T00:00:00,M,66,328.9814719498172,58200.0,33000.0,0.005652602610821601,82554.5408138223,4231.825263261181,0.003985019705841972,0.0,0.0
BC,HG,2033-01-01T00:00:00,M,67,269.2336205766842,58200.0,34100.0,0.0046260072264035085,82554.5408138223,4231.825263261181,0.0032612817892581115,0.0,0.0
BC,HG,2033-01-01T00:00:00,M,68,319.0937342768957,58200.0,35699.99999999999,0.005482710210943225,82554.5408138223,4231.825263261181,0.003865247521593253,0.0,0.0
BC,HG,2033-01-01T00:00:00,M,69,270.20283908957936,58200.0,36800.0,0.00464266046545669,82554.5408138223,4231.825263261181,0.0032730221308957808,0.0,0.0
BC,HG,2033-01-01T00:00:00,M,70,316.7916087309495,58200.0,37199.99999999999,0.005443154789191573,82554.5408138223,4231.825263261181,0.0038373614050543946,0.0,0.0
BC,HG,2033-01-01T00:00:00,M,71,237.08109951137158,58200.0,35399.99999999999,0.004073558410848309,82554.5408138223,4231.825263261181,0.0028718117401444806,0.0,0.0
BC,HG,2033-01-01T00:00:00,M,72,180.99329093547567,58200.0,35000.0,0.0031098503597160767,82554.5408138223,4231.825263261181,0.002192408668878109,0.0,0.0
BC,HG,2033-01-01T00:00:00,M,73,118.3110469836538,58200.0,34000.0,0.0020328358588256666,82554.5408138223,4231.825263261181,0.001433125856159383,0.0,0.0
BC,HG,2033-01-01T00:00:00,M,74,148.99957440108483,58200.0,32600.0,0.0025601301443485365,82554.5408138223,4231.825263261181,0.0018048622514551917,0.0,0.0
BC,HG,2033-01-01T00:00:00,M,75,198.25519162894852,58200.0,31999.999999999996,0.0034064465915626895,82554.5408138223,4231.825263261181,0.0024015055946595997,0.0,0.0
BC,HG,2033-01-01T00:00:00,M,76,126.01048404442918,58200.0,30200.0,0.00216512859182868,82554.5408138223,4231.825263261181,0.001526390708520917,0.0,0.0
BC,HG,2033-01-01T00:00:00,M,77,71.88209242425728,58200.0,29100.0,0.0012350874986985787,82554.5408138223,4231.825263261181,0.0008707224547025993,0.0,0.0
BC,HG,2033-01-01T00:00:00,M,78,106.82693449056387,58200.0,27600.0,0.0018355143383258397,82554.5408138223,4231.825263261181,0.0012940164579375577,0.0,0.0
BC,HG,2033-01-01T00:00:00,M,79,123.44455892642509,58200.0,25499.999999999996,0.0021210405313818745,82554.5408138223,4231.825263261181,0.001495309133931449,0.0,0.0
BC,HG,2033-01-01T00:00:00,M,80,157.16951176164366,58200.0,23999.999999999996,0.002700507074942331,82554.5408138223,4231.825263261181,0.0019038263699642359,0.0,0.0
BC,HG,2033-01-01T00:00:00,M,81,82.63026797203929,58200.0,22200.0,0.0014197640545023933,82554.5408138223,4231.825263261181,0.0010009172985213227,0.0,0.0
BC,HG,2033-01-01T00:00:00,M,82,18.124556191836746,58200.0,20700.0,0.0003114184912686726,82554.5408138223,4231.825263261181,0.000219546447877548,0.0,0.0
BC,HG,2033-01-01T00:00:00,M,83,61.9833961305776,58200.0,19500.0,0.0010650068063673128,82554.5408138223,4231.825263261181,0.0007508175264442822,0.0,0.0
BC,HG,2033-01-01T00:00:00,M,84,-20.185381101226085,58200.0,17700.0,-0.00034682785397295677,82554.5408138223,4231.825263261181,0.0,0.004769899474930252,0.0011404170113687054
BC,HG,2033-01-01T00:00:00,M,85,-67.81634705497345,58200.0,16600.0,-0.0011652293308414682,82554.5408138223,4231.825263261181,0.0,0.016025318352278085,0.004085322111745389
BC,HG,2033-01-01T00:00:00,M,86,-40.456866641075976,58200.0,15199.999999999998,-0.0006951351656542264,82554.5408138223,4231.825263261181,0.0,0.009560145829343296,0.002661635963228683
BC,HG,2033-01-01T00:00:00,M,87,-92.60095501939213,58200.0,11500.0,-0.001591081701364126,82554.5408138223,4231.825263261181,0.0,0.02188203653475778,0.008052256958208012
BC,HG,2033-01-01T00:00:00,M,88,-131.22226218096512,58200.0,9699.999999999998,-0.0022546780443464796,82554.5408138223,4231.825263261181,0.0,0.031008431118406104,0.01352806826607888
BC,HG,2033-01-01T00:00:00,M,89,-35.74324340940257,58200.0,8600.0,-0.0006141450757629307,82554.5408138223,4231.825263261181,0.0,0.00844629472764612,0.004156191094116577
BC,HG,2033-01-01T00:00:00,M,90,-72.83660556160066,58200.0,7199.999999999999,-0.00125148806806874,82554.5408138223,4231.825263261181,0.0,0.017211628796192407,0.010116195216888982
BC,HG,2033-01-01T00:00:00,M,91,-142.133363541604,58200.0,5699.999999999999,-0.002442154012742337,82554.5408138223,4231.825263261181,0.0,0.03358677513827011,0.024935677814316496
BC,HG,2033-01-01T00:00:00,M,92,-16.64056740153228,58200.0,4600.0,-0.0002859204020881835,82554.5408138223,4231.825263261181,0.0,0.00393224350400246,0.0036175146525070172
BC,HG,2033-01-01T00:00:00,M,93,-80.45413189480769,58200.0,3600.0,-0.0013823734002544276,82554.5408138223,4231.825263261181,0.0,0.019011685712374413,0.022348369970779915
BC,HG,2033-01-01T00:00:00,M,94,-55.19349824899973,58200.0,2800.0,-0.0009483418943127102,82554.5408138223,4231.825263261181,0.0,0.013042480446478983,0.019711963660357046
BC,HG,2033-01-01T00:00:00,M,95,-38.90125488323747,58200.0,2100.0,-0.0006684064412927401,82554.5408138223,4231.825263261181,0.0,0.009192547532848486,0.018524407087255938
BC,HG,2033-01-01T00:00:00,M,96,-113.72485745418544,58200.0,1499.9999999999998,-0.0019540353514464854,82554.5408138223,4231.825263261181,0.0,0.026873712967662892,0.07581657163612364
BC,HG,2033-01-01T00:00:00,M,97,16.40894338753992,58200.0,1200.0,0.00028194060803333196,82554.5408138223,4231.825263261181,0.0001987648798694854,0.0,0.0
BC,HG,2033-01-01T00:00:00,M,98,-47.54294255113268,58200.0,799.9999999999999,-0.000816889047270321,82554.5408138223,4231.825263261181,0.0,0.011234618537745237,0.05942867818891586
BC,HG,2033-01-01T00:00:00,M,99,-101.0256731846074,58200.0,500.0,-0.0017358363090138728,82554.5408138223,4231.825263261181,0.0,0.02387283663663224,0.2020513463692148
BC,HG,2033-01-01T00:00:00,M,100,534.215367940043,58200.0,900.0000000000001,0.009178958212028231,82554.5408138223,4231.825263261181,0.006471059770592269,0.0,0.0
BC,HG,2034-01-01T00:00:00,F,1,380.5168474019192,59100.0,28700.0,0.006438525336749902,84750.42046927963,4367.252842600542,0.004489852030171922,0.0,0.0
BC,HG,2034-01-01T00:00:00,F,2,403.54825946293204,59100.0,28700.0,0.006828227740489544,84750.42046927963,4367.252842600542,0.004761607756379337,0.0,0.0
BC,HG,2034-01-01T00:00:00,F,3,302.83859359112466,59100.0,28600.0,0.00512417248039128,84750.42046927963,4367.252842600542,0.003573299010367715,0.0,0.0
BC,HG,2034-01-01T00:00:00,F,4,402.35712828217584,59100.0,28600.0,0.006808073236585039,84750.42046927963,4367.252842600542,0.004747553180907491,0.0,0.0
BC,HG,2034-01-01T00:00:00,F,5,502.11388923405684,59100.0,28600.0,0.008496004893977274,84750.42046927963,4367.252842600542,0.005924618266832827,0.0,0.0
BC,HG,2034-01-01T00:00:00,F,6,501.87900956800877,59100.0,28600.0,0.008492030618748033,84750.42046927963,4367.252842600542,0.005921846839095389,0.0,0.0
BC,HG,2034-01-01T00:00:00,F,7,501.6382796742546,59100.0,28500.000000000004,0.008487957354894325,84750.42046927963,4367.252842600542,0.005919006382464954,0.0,0.0
BC,HG,2034-01-01T00:00:00,F,8,401.39922228204523,59100.0,28300.000000000004,0.006791865013232576,84750.42046927963,4367.252842600542,0.004736250511318048,0.0,0.0
BC,HG,2034-01-01T00:00:00,F,9,401.3891920147835,59100.0,28099.999999999996,0.006791695296358435,84750.42046927963,4367.252842600542,0.004736132160669093,0.0,0.0
BC,HG,2034-01-01T00:00:00,F,10,401.37916174752536,59100.0,27899.999999999996,0.006791525579484354,84750.42046927963,4367.252842600542,0.004736013810020181,0.0,0.0
BC,HG,2034-01-01T00:00:00,F,11,401.3691314802745,59100.0,27700.0,0.006791355862610398,84750.42046927963,4367.252842600542,0.004735895459371355,0.0,0.0
BC,HG,2034-01-01T00:00:00,F,12,401.58562068471656,59100.0,27500.0,0.006795018962516355,84750.42046927963,4367.252842600542,0.004738449891588248,0.0,0.0
BC,HG,2034-01-01T00:00:00,F,13,401.72521163183774,59100.0,26200.0,0.006797380907476104,84750.42046927963,4367.252842600542,0.0047400969742380835,0.0,0.0
BC,HG,2034-01-01T00:00:00,F,14,701.9784799592708,59100.0,26999.999999999996,0.011877808459547728,84750.42046927963,4367.252842600542,0.008282890823104815,0.0,0.0
BC,HG,2034-01-01T00:00:00,F,15,1302.7382899306613,59100.0,28599.999999999996,0.022042949068200698,84750.42046927963,4367.252842600542,0.015371466981722861,0.0,0.0
BC,HG,2034-01-01T00:00:00,F,16,2304.135052342277,59100.0,31400.0,0.03898705672321958,84750.42046927963,4367.252842600542,0.027187299361865477,0.0,0.0
BC,HG,2034-01-01T00:00:00,F,17,1806.3393162176253,59100.0,33400.0,0.03056411702567894,84750.42046927963,4367.252842600542,0.021313632501356,0.0,0.0
BC,HG,2034-01-01T00:00:00,F,18,2608.3254498193564,59100.0,35800.0,0.04413410236580975,84750.42046927963,4367.252842600542,0.030776548781428444,0.0,0.0
BC,HG,2034-01-01T00:00:00,F,19,5110.71285299617,59100.0,40700.0,0.08647568279181336,84750.42046927963,4367.252842600542,0.060303097314410414,0.0,0.0
BC,HG,2034-01-01T00:00:00,F,20,2913.880179785432,59100.0,43400.00000000001,0.04930423316049801,84750.42046927963,4367.252842600542,0.034381896439577626,0.0,0.0
BC,HG,2034-01-01T00:00:00,F,21,716.325305105689,59100.0,44100.0,0.012120563538167328,84750.42046927963,4367.252842600542,0.00845217405576581,0.0,0.0
BC,HG,2034-01-01T00:00:00,F,22,-382.4658839528638,59100.0,43300.0,-0.006471503958593296,84750.42046927963,4367.252842600542,0.0,0.08757585093816532,0.008832930345331728
BC,HG,2034-01-01T00:00:00,F,23,-81.75359601248056,59100.0,42700.0,-0.0013833095771993327,84750.42046927963,4367.252842600542,0.0,0.018719684652789472,0.0019146041220721441
BC,HG,2034-01-01T00:00:00,F,24,218.96201150040724,59100.0,42999.99999999999,0.003704940972934133,84750.42046927963,4367.252842600542,0.002583609736541386,0.0,0.0
BC,HG,2034-01-01T00:00:00,F,25,518.9620115004072,59100.0,43299.99999999999,0.008781083104913828,84750.42046927963,4367.252842600542,0.006123415183391577,0.0,0.0
BC,HG,2034-01-01T00:00:00,F,26,319.0949227959718,59100.0,43399.99999999999,0.005399237272351469,84750.42046927963,4367.252842600542,0.003765113152584741,0.0,0.0
BC,HG,2034-01-01T00:00:00,F,27,519.1392579814856,59100.0,42899.99999999999,0.008784082199348318,84750.42046927963,4367.252842600542,0.006125506576922098,0.0,0.0
BC,HG,2034-01-01T00:00:00,F,28,519.2638419054565,59100.0,42400.0,0.008786190218366439,84750.42046927963,4367.252842600542,0.006126976586430972,0.0,0.0
BC,HG,2034-01-01T00:00:00,F,29,719.9167630391385,59100.0,42500.0,0.012181332707938045,84750.42046927963,4367.252842600542,0.008494550930282336,0.0,0.0
BC,HG,2034-01-01T00:00:00,F,30,720.7636238333725,59100.0,42800.00000000001,0.01219566199379649,84750.42046927963,4367.252842600542,0.008504543338456181,0.0,0.0
BC,HG,2034-01-01T00:00:00,F,31,721.5603697195766,59100.0,42300.0,0.012209143311667963,84750.42046927963,4367.252842600542,0.008513944423215316,0.0,0.0
BC,HG,2034-01-01T00:00:00,F,32,522.8411682239239,59100.0,41900.0,0.008846720274516478,84750.42046927963,4367.252842600542,0.00616918671705521,0.0,0.0
BC,HG,2034-01-01T00:00:00,F,33,525.5129934136276,59100.0,44100.00000000001,0.00889192882256561,84750.42046927963,4367.252842600542,0.006200712521587025,0.0,0.0
BC,HG,2034-01-01T00:00:00,F,34,628.2133222762859,59100.0,45600.0,0.010629667043591978,84750.42046927963,4367.252842600542,0.0074125097999248385,0.0,0.0
BC,HG,2034-01-01T00:00:00,F,35,630.4957168954934,59100.0,46200.0,0.01066828624188652,84750.42046927963,4367.252842600542,0.0074394405762746125,0.0,0.0
BC,HG,2034-01-01T00:00:00,F,36,633.3826605804352,59100.0,46500.0,0.010717134696792474,84750.42046927963,4367.252842600542,0.007473504639543635,0.0,0.0
BC,HG,2034-01-01T00:00:00,F,37,536.0690362936657,59100.0,46400.0,0.009070542069266763,84750.42046927963,4367.252842600542,0.006325266981866836,0.0,0.0
BC,HG,2034-01-01T00:00:00,F,38,339.76868875379296,59100.0,47400.0,0.005749047187035414,84750.42046927963,4367.252842600542,0.004009050183732745,0.0,0.0
BC,HG,2034-01-01T00:00:00,F,39,441.56054786561435,59100.0,47300.0,0.00747141366946894,84750.42046927963,4367.252842600542,0.005210128108162854,0.0,0.0
BC,HG,2034-01-01T00:00:00,F,40,343.5213083358467,59100.0,47200.0,0.005812543288254597,84750.42046927963,4367.252842600542,0.004053328661187781,0.0,0.0
BC,HG,2034-01-01T00:00:00,F,41,345.28222108417685,59100.0,47400.0,0.005842338766229727,84750.42046927963,4367.252842600542,0.0040741062896476705,0.0,0.0
BC,HG,2034-01-01T00:00:00,F,42,347.2555036743652,59100.0,47800.0,0.00587572764254425,84750.42046927963,4367.252842600542,0.004097389744517415,0.0,0.0
BC,HG,2034-01-01T00:00:00,F,43,348.8442447450507,59100.0,47800.0,0.005902609894163294,84750.42046927963,4367.252842600542,0.004116135858836239,0.0,0.0
BC,HG,2034-01-01T00:00:00,F,44,350.8302004291181,59100.0,47800.0,0.005936213205230425,84750.42046927963,4367.252842600542,0.004139568847995123,0.0,0.0
BC,HG,2034-01-01T00:00:00,F,45,352.0931083905816,59100.0,46800.0,0.005957582206270417,84750.42046927963,4367.252842600542,0.004154470342931319,0.0,0.0
BC,HG,2034-01-01T00:00:00,F,46,353.87196606231737,59100.0,46000.0,0.005987681320851394,84750.42046927963,4367.252842600542,0.004175459709849924,0.0,0.0
BC,HG,2034-01-01T00:00:00,F,47,255.43349149794813,59100.0,45000.00000000001,0.004322055693704706,84750.42046927963,4367.252842600542,0.0030139495483746627,0.0,0.0
BC,HG,2034-01-01T00:00:00,F,48,158.67405418118142,59100.0,44800.0,0.002684840172270413,84750.42046927963,4367.252842600542,0.0018722509375478278,0.0,0.0
BC,HG,2034-01-01T00:00:00,F,49,161.0160319908755,59100.0,43799.99999999999,0.002724467546376912,84750.42046927963,4367.252842600542,0.001899884756905019,0.0,0.0
BC,HG,2034-01-01T00:00:00,F,50,164.35408159573853,59100.0,43100.0,0.0027809489271698566,84750.42046927963,4367.252842600542,0.0019392715774821869,0.0,0.0
BC,HG,2034-01-01T00:00:00,F,51,168.09799950579327,59100.0,42300.0,0.0028442977919761973,84750.42046927963,4367.252842600542,0.0019834473808507595,0.0,0.0
BC,HG,2034-01-01T00:00:00,F,52,72.17498840395274,59100.0,41500.0,0.001221234998374835,84750.42046927963,4367.252842600542,0.000851618056928871,0.0,0.0
BC,HG,2034-01-01T00:00:00,F,53,174.73217388922785,59100.0,40000.0,0.002956551165638373,84750.42046927963,4367.252842600542,0.002061726336243545,0.0,0.0
BC,HG,2034-01-01T00:00:00,F,54,278.9186253512162,59100.0,39200.0,0.004719435285130562,84750.42046927963,4367.252842600542,0.003291058897487343,0.0,0.0
BC,HG,2034-01-01T00:00:00,F,55,181.71916605439765,59100.0,37400.0,0.003074774383323141,84750.42046927963,4367.252842600542,0.0021441683126547707,0.0,0.0
BC,HG,2034-01-01T00:00:00,F,56,285.73438478590833,59100.0,36300.0,0.004834761163890158,84750.42046927963,4367.252842600542,0.003371480438725156,0.0,0.0
BC,HG,2034-01-01T00:00:00,F,57,292.21049534912163,59100.0,36000.0,0.004944340022827777,84750.42046927963,4367.252842600542,0.0034478943435453774,0.0,0.0
BC,HG,2034-01-01T00:00:00,F,58,300.5574206146848,59100.0,36199.99999999999,0.005085573952871148,84750.42046927963,4367.252842600542,0.003546382648610351,0.0,0.0
BC,HG,2034-01-01T00:00:00,F,59,308.07928584105684,59100.0,35800.0,0.005212847476160015,84750.42046927963,4367.252842600542,0.0036351357802729667,0.0,0.0
BC,HG,2034-01-01T00:00:00,F,60,217.5798556959271,59100.0,35600.00000000001,0.0036815542418938596,84750.42046927963,4367.252842600542,0.0025673011943910715,0.0,0.0
BC,HG,2034-01-01T00:00:00,F,61,228.33987756839633,59100.0,35700.0,0.00386361890978674,84750.42046927963,4367.252842600542,0.0026942624744990505,0.0,0.0
BC,HG,2034-01-01T00:00:00,F,62,241.83594212935714,59100.0,36100.0,0.0040919787162327775,84750.42046927963,4367.252842600542,0.00285350728397882,0.0,0.0
BC,HG,2034-01-01T00:00:00,F,63,264.57538324174675,59100.0,38300.00000000001,0.004476740833193684,84750.42046927963,4367.252842600542,0.0031218179423387065,0.0,0.0
BC,HG,2034-01-01T00:00:00,F,64,180.72037722798268,59100.0,38300.00000000001,0.003057874403180756,84750.42046927963,4367.252842600542,0.0021323832522281145,0.0,0.0
BC,HG,2034-01-01T00:00:00,F,65,196.48972846826655,59100.0,38000.00000000001,0.0033246992972633936,84750.42046927963,4367.252842600542,0.002318451370273617,0.0,0.0
BC,HG,2034-01-01T00:00:00,F,66,108.21228907779005,59100.0,36600.00000000001,0.0018310031992857876,84750.42046927963,4367.252842600542,0.0012768348343122956,0.0,0.0
BC,HG,2034-01-01T00:00:00,F,67,122.57834562951757,59100.0,35600.00000000001,0.0020740836823945445,84750.42046927963,4367.252842600542,0.0014463449850841722,0.0,0.0
BC,HG,2034-01-01T00:00:00,F,68,153.2515875386307,59100.0,36800.0,0.002593089467658726,84750.42046927963,4367.252842600542,0.0018082693476922796,0.0,0.0
BC,HG,2034-01-01T00:00:00,F,69,189.07046446367167,59100.0,38100.00000000001,0.0031991618352567117,84750.42046927963,4367.252842600542,0.002230908866490002,0.0,0.0
BC,HG,2034-01-01T00:00:00,F,70,233.882364434794,59100.0,39900.0,0.003957400413448291,84750.42046927963,4367.252842600542,0.002759660225161618,0.0,0.0
BC,HG,2034-01-01T00:00:00,F,71,267.8517406790779,59100.0,39800.0,0.00453217835328389,84750.42046927963,4367.252842600542,0.0031604768353470166,0.0,0.0
BC,HG,2034-01-01T00:00:00,F,72,190.69893925329234,59100.0,38100.00000000001,0.003226716400224913,84750.42046927963,4367.252842600542,0.0022501238129245264,0.0,0.0
BC,HG,2034-01-01T00:00:00,F,73,231.683123379662,59100.0,38000.0,0.003920188212853841,84750.42046927963,4367.252842600542,0.002733710606941975,0.0,0.0
BC,HG,2034-01-01T00:00:00,F,74,172.5717365103992,59100.0,37400.0,0.00291999554163112,84750.42046927963,4367.252842600542,0.0020362345762396906,0.0,0.0
BC,HG,2034-01-01T00:00:00,F,75,210.9147394423053,59100.0,36400.0,0.0035687773171286853,84750.42046927963,4367.252842600542,0.002488657144996204,0.0,0.0
BC,HG,2034-01-01T00:00:00,F,76,57.46180255263607,59100.0,35500.0,0.000972280923056448,84750.42046927963,4367.252842600542,0.000678012005538838,0.0,0.0
BC,HG,2034-01-01T00:00:00,F,77,-3.384676222143753,59100.0,33999.99999999999,-5.7270325247779236e-05,84750.42046927963,4367.252842600542,0.0,0.000775012655353451,9.954930065128687e-05
BC,HG,2034-01-01T00:00:00,F,78,-57.71892861713059,59100.0,32700.000000000004,-0.0009766316178871505,84750.42046927963,4367.252842600542,0.0,0.013216301115911815,0.0017651048506767762
BC,HG,2034-01-01T00:00:00,F,79,91.37050153583186,59100.0,31600.000000000004,0.001546032174887172,84750.42046927963,4367.252842600542,0.0010781126633932381,0.0,0.0
BC,HG,2034-01-01T00:00:00,F,80,27.48955236213078,59100.0,29599.999999999996,0.0004651362497822467,84750.42046927963,4367.252842600542,0.0003243588906098136,0.0,0.0
BC,HG,2034-01-01T00:00:00,F,81,-141.74832325468742,59100.0,27300.000000000004,-0.0023984487860353202,84750.42046927963,4367.252842600542,0.0,0.03245709107382054,0.005192246273065472
BC,HG,2034-01-01T00:00:00,F,82,-110.04456367313833,59100.0,25300.0,-0.001862006153521799,84750.42046927963,4367.252842600542,0.0,0.02519766261291406,0.004349587496961989
BC,HG,2034-01-01T00:00:00,F,83,-70.68288107803892,59100.0,23600.000000000004,-0.0011959878354998125,84750.42046927963,4367.252842600542,0.0,0.01618474671046291,0.002995037333815208
BC,HG,2034-01-01T00:00:00,F,84,-113.13873818609136,59100.0,22300.000000000004,-0.0019143610522181279,84750.42046927963,4367.252842600542,0.0,0.025906157088610722,0.005073486017313513
BC,HG,2034-01-01T00:00:00,F,85,-91.53540650892683,59100.0,20200.000000000004,-0.0015488224451595063,84750.42046927963,4367.252842600542,0.0,0.020959493257647246,0.0045314557677686535
BC,HG,2034-01-01T00:00:00,F,86,-133.53465904166296,59100.0,18900.000000000004,-0.002259469696136429,84750.42046927963,4367.252842600542,0.0,0.03057635173743407,0.007065325875220262
BC,HG,2034-01-01T00:00:00,F,87,-85.07382442475864,59100.0,17500.0,-0.0014394894149705353,84750.42046927963,4367.252842600542,0.0,0.019479940248685084,0.004861361395700494
BC,HG,2034-01-01T00:00:00,F,88,-111.31713371314436,59100.0,13400.0,-0.0018835386415083648,84750.42046927963,4367.252842600542,0.0,0.025489051750633016,0.008307248784563011
BC,HG,2034-01-01T00:00:00,F,89,-133.2957847430789,59100.0,11400.000000000002,-0.0022554278298321305,84750.42046927963,4367.252842600542,0.0,0.030521655042007156,0.011692612696761306
BC,HG,2034-01-01T00:00:00,F,90,-212.02243737397657,59100.0,10100.0,-0.00358752009093023,84750.42046927963,4367.252842600542,0.0,0.0485482395948765,0.020992320532076888
BC,HG,2034-01-01T00:00:00,F,91,-235.29394300885542,59100.0,8500.0,-0.003981284991689601,84750.42046927963,4367.252842600542,0.0,0.05387687672068612,0.02768164035398299
BC,HG,2034-01-01T00:00:00,F,92,-192.79380087793834,59100.0,6900.0,-0.003262162451403356,84750.42046927963,4367.252842600542,0.0,0.04414532609546292,0.02794113056202005
BC,HG,2034-01-01T00:00:00,F,93,-138.67054874476617,59100.0,5700.0,-0.002346371383160172,84750.42046927963,4367.252842600542,0.0,0.031752351819912684,0.024328166446450205
BC,HG,2034-01-01T00:00:00,F,94,-112.9511713711372,59100.0,4500.0,-0.0019111873328449612,84750.42046927963,4367.252842600542,0.0,0.02586320862152759,0.025100260304697156
BC,HG,2034-01-01T00:00:00,F,95,-91.0497392437278,59100.0,3500.000000000001,-0.0015406047249361726,84750.42046927963,4367.252842600542,0.0,0.020848286674767142,0.02601421121249365
BC,HG,2034-01-01T00:00:00,F,96,-54.52082583476795,59100.0,2800.0000000000005,-0.0009225182036339755,84750.42046927963,4367.252842600542,0.0,0.0124840094676778,0.019471723512417122
BC,HG,2034-01-01T00:00:00,F,97,-120.86117007631265,59100.0,2100.0000000000005,-0.0020450282584824476,84750.42046927963,4367.252842600542,0.0,0.02767441557250076,0.05755293813157744
BC,HG,2034-01-01T00:00:00,F,98,-8.939055411662139,59100.0,1600.0,-0.0001512530526507976,84750.42046927963,4367.252842600542,0.0,0.0020468371614452375,0.005586909632288837
BC,HG,2034-01-01T00:00:00,F,99,-78.15771788839515,59100.0,1100.0,-0.0013224656157088859,84750.42046927963,4367.252842600542,0.0,0.017896311641497506,0.07105247080763195
BC,HG,2034-01-01T00:00:00,F,100,1357.8776199858576,59100.0,2200.0,0.022975932656275087,84750.42046927963,4367.252842600542,0.01602207531793971,0.0,0.0
BC,HG,2034-01-01T00:00:00,M,1,585.9830325482908,59100.0,30300.0,0.009915110533812027,84750.42046927963,4367.252842600542,0.006914219767920776,0.0,0.0
BC,HG,2034-01-01T00:00:00,M,2,405.55454138134155,59100.0,30300.0,0.006862174981071769,84750.42046927963,4367.252842600542,0.00478528058192168,0.0,0.0
BC,HG,2034-01-01T00:00:00,M,3,403.8639767616114,59100.0,30300.0,0.006833569826761614,84750.42046927963,4367.252842600542,0.004765333015757771,0.0,0.0
BC,HG,2034-01-01T00:00:00,M,4,502.6564584760017,59100.0,30400.0,0.008505185422605782,84750.42046927963,4367.252842600542,0.005931020232025927,0.0,0.0
BC,HG,2034-01-01T00:00:00,M,5,602.1734576648996,59100.0,30500.0,0.010189060197375628,84750.42046927963,4367.252842600542,0.007105256284636083,0.0,0.0
BC,HG,2034-01-01T00:00:00,M,6,601.6961142840919,59100.0,30600.0,0.01018098332121983,84750.42046927963,4367.252842600542,0.007099623942304746,0.0,0.0
BC,HG,2034-01-01T00:00:00,M,7,601.4586554787384,59100.0,30699.999999999996,0.010176965405731613,84750.42046927963,4367.252842600542,0.007096822082396102,0.0,0.0
BC,HG,2034-01-01T00:00:00,M,8,401.45865547873836,59100.0,30499.999999999996,0.006792870651078483,84750.42046927963,4367.252842600542,0.004736951784495975,0.0,0.0
BC,HG,2034-01-01T00:00:00,M,9,501.4489634157617,59100.0,30400.000000000004,0.008484754034107643,84750.42046927963,4367.252842600542,0.005916772573388318,0.0,0.0
BC,HG,2034-01-01T00:00:00,M,10,501.4441173842715,59100.0,30300.000000000004,0.008484672036958909,84750.42046927963,4367.252842600542,0.0059167153933594365,0.0,0.0
BC,HG,2034-01-01T00:00:00,M,11,501.43442532128756,59100.0,30100.0,0.00848450804266138,84750.42046927963,4367.252842600542,0.005916601033301631,0.0,0.0
BC,HG,2034-01-01T00:00:00,M,12,401.8996516519728,59100.0,29800.0,0.006800332515261807,84750.42046927963,4367.252842600542,0.004742155253349493,0.0,0.0
BC,HG,2034-01-01T00:00:00,M,13,502.0353449704744,59100.0,28500.0,0.008494675887825286,84750.42046927963,4367.252842600542,0.005923691495459333,0.0,0.0
BC,HG,2034-01-01T00:00:00,M,14,802.791346351918,59100.0,29600.000000000004,0.013583609921352251,84750.42046927963,4367.252842600542,0.009472417268335727,0.0,0.0
BC,HG,2034-01-01T00:00:00,M,15,1303.8252077640027,59100.0,30900.000000000004,0.022061340232893446,84750.42046927963,4367.252842600542,0.015384291907278663,0.0,0.0
BC,HG,2034-01-01T00:00:00,M,16,2006.0286718940406,59100.0,33100.0,0.03394295553120204,84750.42046927963,4367.252842600542,0.023669837397693936,0.0,0.0
BC,HG,2034-01-01T00:00:00,M,17,1809.199878573767,59100.0,35300.0,0.030612519096002825,84750.42046927963,4367.252842600542,0.02134738528205375,0.0,0.0
BC,HG,2034-01-01T00:00:00,M,18,2712.758134918622,59100.0,37800.0,0.04590115287510359,84750.42046927963,4367.252842600542,0.032008786739907015,0.0,0.0
BC,HG,2034-01-01T00:00:00,M,19,5417.495889909886,59100.0,43400.0,0.09166659712199468,84750.42046927963,4367.252842600542,0.06392293819797179,0.0,0.0
BC,HG,2034-01-01T00:00:00,M,20,3523.855057609755,59100.0,46299.99999999999,0.05962529708307538,84750.42046927963,4367.252842600542,0.04157920442279202,0.0,0.0
BC,HG,2034-01-01T00:00:00,M,21,1130.163628228911,59100.0,47200.0,0.01912290403094604,84750.42046927963,4367.252842600542,0.013335197890122245,0.0,0.0
BC,HG,2034-01-01T00:00:00,M,22,34.85849154426978,59100.0,46400.0,0.0005898221919504194,84750.42046927963,4367.252842600542,0.00041130759412462506,0.0,0.0
BC,HG,2034-01-01T00:00:00,M,23,-261.68974588815036,59100.0,45300.0,-0.004427914482033001,84750.42046927963,4367.252842600542,0.0,0.059920905731742226,0.0057768155825198755
BC,HG,2034-01-01T00:00:00,M,24,-158.5562861523722,59100.0,45200.00000000001,-0.0026828474814276173,84750.42046927963,4367.252842600542,0.0,0.036305726246423975,0.003507882436999384
BC,HG,2034-01-01T00:00:00,M,25,43.16409954618575,59100.0,44900.00000000001,0.0007303570143178638,84750.42046927963,4367.252842600542,0.0005093083822732407,0.0,0.0
BC,HG,2034-01-01T00:00:00,M,26,244.63408934720064,59100.0,44400.00000000001,0.004139324692846035,84750.42046927963,4367.252842600542,0.002886523606521524,0.0,0.0
BC,HG,2034-01-01T00:00:00,M,27,546.0678477363181,59100.0,43700.00000000001,0.009239726696045992,84750.42046927963,4367.252842600542,0.0064432464725559324,0.0,0.0
BC,HG,2034-01-01T00:00:00,M,28,447.8377222321433,59100.0,43000.0,0.007577626433708008,84750.42046927963,4367.252842600542,0.005284194694874413,0.0,0.0
BC,HG,2034-01-01T00:00:00,M,29,550.457738263809,59100.0,42700.0,0.009314005723583908,84750.42046927963,4367.252842600542,0.006495044333890227,0.0,0.0
BC,HG,2034-01-01T00:00:00,M,30,554.1233802463757,59100.0,42899.99999999999,0.00937603012261211,84750.42046927963,4367.252842600542,0.006538296532077202,0.0,0.0
BC,HG,2034-01-01T00:00:00,M,31,557.6859710296994,59100.0,42500.0,0.009436310846526217,84750.42046927963,4367.252842600542,0.006580332792942894,0.0,0.0
BC,HG,2034-01-01T00:00:00,M,32,461.0241174967887,59100.0,41900.0,0.007800746488947355,84750.42046927963,4367.252842600542,0.0054397856074814505,0.0,0.0
BC,HG,2034-01-01T00:00:00,M,33,467.8324932942196,59100.0,43899.99999999999,0.007915947433066322,84750.42046927963,4367.252842600542,0.005520120026587947,0.0,0.0
BC,HG,2034-01-01T00:00:00,M,34,674.9966683286984,59100.0,46100.0,0.011421263423497436,84750.42046927963,4367.252842600542,0.007964522943852196,0.0,0.0
BC,HG,2034-01-01T00:00:00,M,35,679.4805627073438,59100.0,47000.0,0.011497133040733397,84750.42046927963,4367.252842600542,0.008017429989667629,0.0,0.0
BC,HG,2034-01-01T00:00:00,M,36,682.9907900249818,59100.0,47500.0,0.011556527749999693,84750.42046927963,4367.252842600542,0.008058848395596487,0.0,0.0
BC,HG,2034-01-01T00:00:00,M,37,487.08352230444143,59100.0,48300.0,0.008241683964542156,84750.42046927963,4367.252842600542,0.005747269684414128,0.0,0.0
BC,HG,2034-01-01T00:00:00,M,38,491.12256232246,59100.0,48800.0,0.00831002643523621,84750.42046927963,4367.252842600542,0.005794927737266888,0.0,0.0
BC,HG,2034-01-01T00:00:00,M,39,295.62168383332755,59100.0,49100.0,0.005002058948110449,84750.42046927963,4367.252842600542,0.00348814415546746,0.0,0.0
BC,HG,2034-01-01T00:00:00,M,40,399.1676498302404,59100.0,49000.0,0.00675410575008867,84750.42046927963,4367.252842600542,0.004709919403584916,0.0,0.0
BC,HG,2034-01-01T00:00:00,M,41,403.07354171032057,59100.0,48800.0,0.006820195291206778,84750.42046927963,4367.252842600542,0.004756006394757969,0.0,0.0
BC,HG,2034-01-01T00:00:00,M,42,408.1711376698804,59100.0,48800.0,0.006906449029947215,84750.42046927963,4367.252842600542,0.004816154721236273,0.0,0.0
BC,HG,2034-01-01T00:00:00,M,43,413.42678877242724,59100.0,48700.0,0.006995377136589293,84750.42046927963,4367.252842600542,0.004878167995901405,0.0,0.0
BC,HG,2034-01-01T00:00:00,M,44,419.05065367140924,59100.0,48600.0,0.007090535595116907,84750.42046927963,4367.252842600542,0.004944525954573959,0.0,0.0
BC,HG,2034-01-01T00:00:00,M,45,322.32309767271363,59100.0,47500.0,0.005453859520688894,84750.42046927963,4367.252842600542,0.003803203522624993,0.0,0.0
BC,HG,2034-01-01T00:00:00,M,46,324.7403446258686,59100.0,46000.0,0.005494760484363259,84750.42046927963,4367.252842600542,0.003831725469062193,0.0,0.0
BC,HG,2034-01-01T00:00:00,M,47,329.3991731470305,59100.0,45299.99999999999,0.005573590070169721,84750.42046927963,4367.252842600542,0.003886696624312693,0.0,0.0
BC,HG,2034-01-01T00:00:00,M,48,336.02746489339916,59100.0,45200.0,0.005685743906825705,84750.42046927963,4367.252842600542,0.003964906168403053,0.0,0.0
BC,HG,2034-01-01T00:00:00,M,49,240.79775429817528,59100.0,44200.00000000001,0.004074412086263541,84750.42046927963,4367.252842600542,0.002841257340846583,0.0,0.0
BC,HG,2034-01-01T00:00:00,M,50,144.9382270706992,59100.0,43000.0,0.0024524234698933877,84750.42046927963,4367.252842600542,0.0017101770854722365,0.0,0.0
BC,HG,2034-01-01T00:00:00,M,51,248.29633505124366,59100.0,41700.0,0.004201291625232549,84750.42046927963,4367.252842600542,0.0029297357308244415,0.0,0.0
BC,HG,2034-01-01T00:00:00,M,52,152.894597118393,59100.0,40499.99999999999,0.0025870490206157865,84750.42046927963,4367.252842600542,0.0018040570922455102,0.0,0.0
BC,HG,2034-01-01T00:00:00,M,53,56.46802537218173,59100.0,39000.0,0.0009554657423381003,84750.42046927963,4367.252842600542,0.0006662860792844122,0.0,0.0
BC,HG,2034-01-01T00:00:00,M,54,159.1692978754363,59100.0,37500.0,0.0026932199302104284,84750.42046927963,4367.252842600542,0.0018780944919693002,0.0,0.0
BC,HG,2034-01-01T00:00:00,M,55,161.35305165857426,59100.0,35700.0,0.0027301700788252836,84750.42046927963,4367.252842600542,0.0019038613704230715,0.0,0.0
BC,HG,2034-01-01T00:00:00,M,56,265.5017813135855,59100.0,34500.0,0.004492415927471836,84750.42046927963,4367.252842600542,0.003132748838807528,0.0,0.0
BC,HG,2034-01-01T00:00:00,M,57,174.82499187858048,59100.0,34100.0,0.0029581216899929015,84750.42046927963,4367.252842600542,0.0020628215283244656,0.0,0.0
BC,HG,2034-01-01T00:00:00,M,58,282.8651636837458,59100.0,33500.0,0.004786212583481316,84750.42046927963,4367.252842600542,0.0033376254904396475,0.0,0.0
BC,HG,2034-01-01T00:00:00,M,59,194.4069586180849,59100.0,33200.0,0.0032894578446376463,84750.42046927963,4367.252842600542,0.002293876036739589,0.0,0.0
BC,HG,2034-01-01T00:00:00,M,60,305.252345636407,59100.0,32799.99999999999,0.005165014308568646,84750.42046927963,4367.252842600542,0.003601779719158502,0.0,0.0
BC,HG,2034-01-01T00:00:00,M,61,220.08811147219967,59100.0,32700.0,0.0037239951179729217,84750.42046927963,4367.252842600542,0.0025968969859208814,0.0,0.0
BC,HG,2034-01-01T00:00:00,M,62,240.1336282315824,59100.0,33200.0,0.0040631747585716145,84750.42046927963,4367.252842600542,0.0028334210839535143,0.0,0.0
BC,HG,2034-01-01T00:00:00,M,63,370.88727158869006,59100.0,34900.0,0.006275588351754485,84750.42046927963,4367.252842600542,0.004376229280456838,0.0,0.0
BC,HG,2034-01-01T00:00:00,M,64,292.60476708501665,59100.0,34900.0,0.004951011287394529,84750.42046927963,4367.252842600542,0.0034525464943395783,0.0,0.0
BC,HG,2034-01-01T00:00:00,M,65,210.3850366648403,59100.0,34199.99999999999,0.003559814495174963,84750.42046927963,4367.252842600542,0.0024824069957399297,0.0,0.0
BC,HG,2034-01-01T00:00:00,M,66,326.62814182821603,59100.0,33399.99999999999,0.005526702907414823,84750.42046927963,4367.252842600542,0.0038540002517935866,0.0,0.0
BC,HG,2034-01-01T00:00:00,M,67,249.4987418409546,59100.0,32900.0,0.00422163691778265,84750.42046927963,4367.252842600542,0.0029439233511696027,0.0,0.0
BC,HG,2034-01-01T00:00:00,M,68,291.60359344661265,59100.0,34000.0,0.004934070955103429,84750.42046927963,4367.252842600542,0.0034407332946780273,0.0,0.0
BC,HG,2034-01-01T00:00:00,M,69,245.065832816108,59100.0,35499.99999999999,0.0041466299968884604,84750.42046927963,4367.252842600542,0.0028916178994644586,0.0,0.0
BC,HG,2034-01-01T00:00:00,M,70,298.8539983113151,59100.0,36600.0,0.005056751240462184,84750.42046927963,4367.252842600542,0.003526283370117837,0.0,0.0
BC,HG,2034-01-01T00:00:00,M,71,249.04333801414032,59100.0,36900.0,0.004213931269274794,84750.42046927963,4367.252842600542,0.0029385498813473574,0.0,0.0
BC,HG,2034-01-01T00:00:00,M,72,269.99963753682823,59100.0,35099.99999999999,0.004568521785733134,84750.42046927963,4367.252842600542,0.0031858206253348067,0.0,0.0
BC,HG,2034-01-01T00:00:00,M,73,215.4206035970201,59100.0,34600.0,0.003645018673384435,84750.42046927963,4367.252842600542,0.0025418234199216256,0.0,0.0
BC,HG,2034-01-01T00:00:00,M,74,254.07190095279657,59100.0,33600.0,0.0042990169365955426,84750.42046927963,4367.252842600542,0.002997883662947639,0.0,0.0
BC,HG,2034-01-01T00:00:00,M,75,187.21757445210096,59100.0,32100.000000000004,0.003167810058411184,84750.42046927963,4367.252842600542,0.002209045965972094,0.0,0.0
BC,HG,2034-01-01T00:00:00,M,76,140.12561944384652,59100.0,31400.0,0.0023709918687622083,84750.42046927963,4367.252842600542,0.00165339143650195,0.0,0.0
BC,HG,2034-01-01T00:00:00,M,77,67.58132609691893,59100.0,29500.0,0.0011435080557854302,84750.42046927963,4367.252842600542,0.0007974158207441087,0.0,0.0
BC,HG,2034-01-01T00:00:00,M,78,114.12574627386857,59100.0,28399.999999999996,0.0019310616966813634,84750.42046927963,4367.252842600542,0.001346609794286943,0.0,0.0
BC,HG,2034-01-01T00:00:00,M,79,151.27739364903027,59100.0,26900.0,0.0025596851717264004,84750.42046927963,4367.252842600542,0.0017849751400804597,0.0,0.0
BC,HG,2034-01-01T00:00:00,M,80,68.49285768788468,59100.0,24700.0,0.0011589316021638693,84750.42046927963,4367.252842600542,0.0008081713023796973,0.0,0.0
BC,HG,2034-01-01T00:00:00,M,81,3.9600180285524402,59100.0,23100.0,6.700538119378071e-05,84750.42046927963,4367.252842600542,4.6725644623649616e-05,0.0,0.0
BC,HG,2034-01-01T00:00:00,M,82,26.23748419297044,59100.0,21300.0,0.0004439506631636285,84750.42046927963,4367.252842600542,0.00030958529819307524,0.0,0.0
BC,HG,2034-01-01T00:00:00,M,83,58.22644939543534,59100.0,19800.0,0.0009852191099058434,84750.42046927963,4367.252842600542,0.0006870343424023635,0.0,0.0
BC,HG,2034-01-01T00:00:00,M,84,3.0928423164332344,59100.0,18500.0,5.233235730005473e-05,84750.42046927963,4367.252842600542,3.6493533593197084e-05,0.0,0.0
BC,HG,2034-01-01T00:00:00,M,85,-86.53051245828829,59100.0,16599.999999999996,-0.0014641372666377036,84750.42046927963,4367.252842600542,0.0,0.01981348815306111,0.0052126814733908615
BC,HG,2034-01-01T00:00:00,M,86,-40.383418681398325,59100.0,15499.999999999998,-0.0006833065766734066,84750.42046927963,4367.252842600542,0.0,0.009246869860035731,0.0026053818504127957
BC,HG,2034-01-01T00:00:00,M,87,-116.31020091466053,59100.0,14000.0,-0.001968023704139772,84750.42046927963,4367.252842600542,0.0,0.026632348780017506,0.008307871493904323
BC,HG,2034-01-01T00:00:00,M,88,-82.7920850256287,59100.0,10500.0,-0.0014008813033101301,84750.42046927963,4367.252842600542,0.0,0.01895747464356311,0.007884960478631305
BC,HG,2034-01-01T00:00:00,M,89,-133.00262537522758,59100.0,8699.999999999998,-0.002250467434437015,84750.42046927963,4367.252842600542,0.0,0.0304545283199196,0.015287658089106622
BC,HG,2034-01-01T00:00:00,M,90,-136.97204291039543,59100.0,7600.0,-0.002317631859735963,84750.42046927963,4367.252842600542,0.0,0.031363433226099524,0.01802263722505203
BC,HG,2034-01-01T00:00:00,M,91,-87.34193687066181,59100.0,6299.999999999999,-0.0014778669521262574,84750.42046927963,4367.252842600542,0.0,0.019999285596355082,0.013863799503279655
BC,HG,2034-01-01T00:00:00,M,92,-77.40860544611405,59100.0,4900.0,-0.0013097902782760414,84750.42046927963,4367.252842600542,0.0,0.017724782199699713,0.015797674580839603
BC,HG,2034-01-01T00:00:00,M,93,-148.17010861727204,59100.0,3800.0,-0.0025071084368404745,84750.42046927963,4367.252842600542,0.0,0.03392753155300302,0.03899213384665053
BC,HG,2034-01-01T00:00:00,M,94,-32.49114965660465,59100.0,3000.0,-0.0005497656456278282,84750.42046927963,4367.252842600542,0.0,0.007439722596243669,0.010830383218868216
BC,HG,2034-01-01T00:00:00,M,95,-111.31528333743336,59100.0,2199.9999999999995,-0.001883507332274676,84750.42046927963,4367.252842600542,0.0,0.025488628057346256,0.05059785606246972
BC,HG,2034-01-01T00:00:00,M,96,-100.72826797208972,59100.0,1599.9999999999998,-0.0017043700164482186,84750.42046927963,4367.252842600542,0.0,0.02306444614095429,0.06295516748255608
BC,HG,2034-01-01T00:00:00,M,97,11.587852932665328,59100.0,1199.9999999999998,0.00019607196163562316,84750.42046927963,4367.252842600542,0.00013672914976115897,0.0,0.0
BC,HG,2034-01-01T00:00:00,M,98,-28.69138625224832,59100.0,900.0,-0.00048547184859980237,84750.42046927963,4367.252842600542,0.0,0.006569664566332649,0.03187931805805369
BC,HG,2034-01-01T00:00:00,M,99,-3.9143777823109076,59100.0,600.0,-6.623312660424548e-05,84750.42046927963,4367.252842600542,0.0,0.0008963020744134513,0.006523962970518179
BC,HG,2034-01-01T00:00:00,M,100,632.3172367779416,59100.0,1000.0,0.010699107221284969,84750.42046927963,4367.252842600542,0.007460933329612733,0.0,0.0
BC,HG,2035-01-01T00:00:00,F,1,480.33438121136714,60100.0,29200.000000000004,0.007992252599190801,84608.3855040615,5011.291361566941,0.005677148646079642,0.0,0.0
BC,HG,2035-01-01T00:00:00,F,2,403.5402370755655,60100.0,29100.0,0.006714479818229043,84608.3855040615,5011.291361566941,0.0047695064108769,0.0,0.0
BC,HG,2035-01-01T00:00:00,F,3,302.83217456451166,60100.0,28999.999999999996,0.005038804901239795,84608.3855040615,5011.291361566941,0.0035792217610626153,0.0,0.0
BC,HG,2035-01-01T00:00:00,F,4,402.35191360971294,60100.0,29000.0,0.0066947073811932266,84608.3855040615,5011.291361566941,0.0047554614263428845,0.0,0.0
BC,HG,2035-01-01T00:00:00,F,5,402.11671848795595,60100.0,28999.999999999996,0.006690793984824558,84608.3855040615,5011.291361566941,0.004752681617694418,0.0,0.0
BC,HG,2035-01-01T00:00:00,F,6,401.8815242019482,60100.0,29000.0,0.006686880602361867,84608.3855040615,5011.291361566941,0.004749901818923805,0.0,0.0
BC,HG,2035-01-01T00:00:00,F,7,401.64633075167876,60100.0,29000.000000000004,0.006682967233804971,84608.3855040615,5011.291361566941,0.004747122030030916,0.0,0.0
BC,HG,2035-01-01T00:00:00,F,8,301.40620408769246,60100.0,28799.999999999996,0.005015078271009858,84608.3855040615,5011.291361566941,0.003562367988610584,0.0,0.0
BC,HG,2035-01-01T00:00:00,F,9,401.3963359888403,60100.0,28700.000000000004,0.0066788075871687235,84608.3855040615,5011.291361566941,0.004744167302064543,0.0,0.0
BC,HG,2035-01-01T00:00:00,F,10,401.3864678899772,60100.0,28499.999999999996,0.0066786433925121,84608.3855040615,5011.291361566941,0.0047440506694305055,0.0,0.0
BC,HG,2035-01-01T00:00:00,F,11,401.37659979111777,60100.0,28299.999999999996,0.006678479197855537,84608.3855040615,5011.291361566941,0.004743934036796509,0.0,0.0
BC,HG,2035-01-01T00:00:00,F,12,401.5945231406113,60100.0,28100.000000000004,0.006682105210326311,84608.3855040615,5011.291361566941,0.004746509707614422,0.0,0.0
BC,HG,2035-01-01T00:00:00,F,13,401.8091578864842,60100.0,27899.999999999996,0.006685676503934845,84608.3855040615,5011.291361566941,0.004749046509901739,0.0,0.0
BC,HG,2035-01-01T00:00:00,F,14,701.9390917616947,60100.0,26899.999999999996,0.011679518997698748,84608.3855040615,5011.291361566941,0.00829633005735583,0.0,0.0
BC,HG,2035-01-01T00:00:00,F,15,1302.6644150955435,60100.0,28300.0,0.021674948670474935,84608.3855040615,5011.291361566941,0.015396398446026499,0.0,0.0
BC,HG,2035-01-01T00:00:00,F,16,2303.998302863107,60100.0,30900.000000000004,0.03833607825063406,84608.3855040615,5011.291361566941,0.027231323339132935,0.0,0.0
BC,HG,2035-01-01T00:00:00,F,17,1806.1973642791527,60100.0,33200.0,0.03005320073675795,84608.3855040615,5011.291361566941,0.021347734666234103,0.0,0.0
BC,HG,2035-01-01T00:00:00,F,18,2608.2402139164915,60100.0,36000.0,0.04339833966583181,84608.3855040615,5011.291361566941,0.03082720700055536,0.0,0.0
BC,HG,2035-01-01T00:00:00,F,19,5110.598903106009,60100.0,40900.0,0.08503492351257919,84608.3855040615,5011.291361566941,0.060402983376401646,0.0,0.0
BC,HG,2035-01-01T00:00:00,F,20,2813.7232671780075,60100.0,43500.00000000001,0.046817358854875334,84608.3855040615,5011.291361566941,0.03325584397356145,0.0,0.0
BC,HG,2035-01-01T00:00:00,F,21,716.0614438089688,60100.0,44100.0,0.011914499896987833,84608.3855040615,5011.291361566941,0.008463244388165229,0.0,0.0
BC,HG,2035-01-01T00:00:00,F,22,-382.59137455975724,60100.0,43700.0,-0.006365913054238889,84608.3855040615,5011.291361566941,0.0,0.07634586515842251,0.008754951362923506
BC,HG,2035-01-01T00:00:00,F,23,-81.83877906153793,60100.0,43200.0,-0.0013617101341354065,84608.3855040615,5011.291361566941,0.0,0.01633087624662646,0.0018944161819800449
BC,HG,2035-01-01T00:00:00,F,24,218.61196629279584,60100.0,42900.00000000001,0.003637470321011578,84608.3855040615,5011.291361566941,0.0025838096896707917,0.0,0.0
BC,HG,2035-01-01T00:00:00,F,25,518.7427295220186,60100.0,43500.0,0.008631326614343073,84608.3855040615,5011.291361566941,0.006131103039392203,0.0,0.0
BC,HG,2035-01-01T00:00:00,F,26,318.87349275124143,60100.0,43600.0,0.0053057153535980275,84608.3855040615,5011.291361566941,0.003768816658674268,0.0,0.0
BC,HG,2035-01-01T00:00:00,F,27,619.274040788252,60100.0,44000.0,0.010304060578839468,84608.3855040615,5011.291361566941,0.007319298638059045,0.0,0.0
BC,HG,2035-01-01T00:00:00,F,28,619.4048387291696,60100.0,43500.00000000001,0.010306236917290676,84608.3855040615,5011.291361566941,0.007320844559779905,0.0,0.0
BC,HG,2035-01-01T00:00:00,F,29,819.87615210886,60100.0,43200.0,0.013641866091661563,84608.3855040615,5011.291361566941,0.009690246979946249,0.0,0.0
BC,HG,2035-01-01T00:00:00,F,30,720.6221567892426,60100.0,43200.0,0.01199038530431352,84608.3855040615,5011.291361566941,0.008517148182134384,0.0,0.0
BC,HG,2035-01-01T00:00:00,F,31,721.8238273029929,60100.0,43500.0,0.012010379822013192,84608.3855040615,5011.291361566941,0.008531350917555835,0.0,0.0
BC,HG,2035-01-01T00:00:00,F,32,522.9605796314063,60100.0,42800.00000000001,0.00870150714860909,84608.3855040615,5011.291361566941,0.00618095448241714,0.0,0.0
BC,HG,2035-01-01T00:00:00,F,33,624.1220211715772,60100.0,42500.0,0.010384725809843214,84608.3855040615,5011.291361566941,0.007376597691272777,0.0,0.0
BC,HG,2035-01-01T00:00:00,F,34,627.2022822590225,60100.0,44700.00000000001,0.010435978074193386,84608.3855040615,5011.291361566941,0.007413003788246433,0.0,0.0
BC,HG,2035-01-01T00:00:00,F,35,730.002965181222,60100.0,46300.0,0.012146471966409684,84608.3855040615,5011.291361566941,0.008628021452391136,0.0,0.0
BC,HG,2035-01-01T00:00:00,F,36,533.0579545701912,60100.0,46699.99999999999,0.008869516714978223,84608.3855040615,5011.291361566941,0.006300296966954919,0.0,0.0
BC,HG,2035-01-01T00:00:00,F,37,535.9501708673852,60100.0,46999.99999999999,0.008917640114265976,84608.3855040615,5011.291361566941,0.006334480532566807,0.0,0.0
BC,HG,2035-01-01T00:00:00,F,38,438.5447212139188,60100.0,46800.0,0.007296917158301478,84608.3855040615,5011.291361566941,0.005183229990753897,0.0,0.0
BC,HG,2035-01-01T00:00:00,F,39,441.32507211913617,60100.0,47800.0,0.007343179236591284,84608.3855040615,5011.291361566941,0.005216091401459859,0.0,0.0
BC,HG,2035-01-01T00:00:00,F,40,343.1834555252717,60100.0,47600.0,0.005710207246676734,84608.3855040615,5011.291361566941,0.004056139985188557,0.0,0.0
BC,HG,2035-01-01T00:00:00,F,41,344.6453465016748,60100.0,47499.99999999999,0.0057345315557683,84608.3855040615,5011.291361566941,0.004073418307753084,0.0,0.0
BC,HG,2035-01-01T00:00:00,F,42,246.3943131003034,60100.0,47600.0,0.0040997389866939005,84608.3855040615,5011.291361566941,0.0029121736767861576,0.0,0.0
BC,HG,2035-01-01T00:00:00,F,43,348.3588028511149,60100.0,48100.0,0.005796319514993592,84608.3855040615,5011.291361566941,0.004117308240498129,0.0,0.0
BC,HG,2035-01-01T00:00:00,F,44,350.3250549983495,60100.0,48100.0,0.005829035856877696,84608.3855040615,5011.291361566941,0.00414054768816659,0.0,0.0
BC,HG,2035-01-01T00:00:00,F,45,252.6846036986899,60100.0,48000.0,0.004204402723771879,84608.3855040615,5011.291361566941,0.0029865196244237536,0.0,0.0
BC,HG,2035-01-01T00:00:00,F,46,354.2776943193894,60100.0,47100.0,0.0058948035660464125,84608.3855040615,5011.291361566941,0.0041872645625933005,0.0,0.0
BC,HG,2035-01-01T00:00:00,F,47,255.99914223457017,60100.0,46200.00000000001,0.004259553115383863,84608.3855040615,5011.291361566941,0.0030256946839185496,0.0,0.0
BC,HG,2035-01-01T00:00:00,F,48,258.1140228933291,60100.0,45200.0,0.004294742477426441,84608.3855040615,5011.291361566941,0.0030506907956651497,0.0,0.0
BC,HG,2035-01-01T00:00:00,F,49,261.5419109256982,60100.0,45000.00000000001,0.004351778883955044,84608.3855040615,5011.291361566941,0.0030912055509337575,0.0,0.0
BC,HG,2035-01-01T00:00:00,F,50,164.49304697682237,60100.0,43900.0,0.0027369891343897233,84608.3855040615,5011.291361566941,0.0019441695524248731,0.0,0.0
BC,HG,2035-01-01T00:00:00,F,51,168.42757342205732,60100.0,43200.0,0.0028024554645932997,84608.3855040615,5011.291361566941,0.001990672347884149,0.0,0.0
BC,HG,2035-01-01T00:00:00,F,52,172.37887701724685,60100.0,42399.99999999999,0.0028682009487062702,84608.3855040615,5011.291361566941,0.0020373734351540377,0.0,0.0
BC,HG,2035-01-01T00:00:00,F,53,276.4744925046616,60100.0,41700.0,0.004600241139844619,84608.3855040615,5011.291361566941,0.003267696113778106,0.0,0.0
BC,HG,2035-01-01T00:00:00,F,54,279.63605546815234,60100.0,40200.0,0.0046528461808344815,84608.3855040615,5011.291361566941,0.003305063130589211,0.0,0.0
BC,HG,2035-01-01T00:00:00,F,55,184.49620043453615,60100.0,39300.0,0.0030698203067310507,84608.3855040615,5011.291361566941,0.0021805900128620192,0.0,0.0
BC,HG,2035-01-01T00:00:00,F,56,287.3889955639388,60100.0,37600.0,0.004781846847985671,84608.3855040615,5011.291361566941,0.0033966963658719515,0.0,0.0
BC,HG,2035-01-01T00:00:00,F,57,291.9904355360777,60100.0,36500.0,0.004858409909086152,84608.3855040615,5011.291361566941,0.0034510815186523224,0.0,0.0
BC,HG,2035-01-01T00:00:00,F,58,298.936006001386,60100.0,36200.00000000001,0.00497397680534752,84608.3855040615,5011.291361566941,0.00353317232352857,0.0,0.0
BC,HG,2035-01-01T00:00:00,F,59,308.12920062093326,60100.0,36400.0,0.00512694177405879,84608.3855040615,5011.291361566941,0.0036418281566918914,0.0,0.0
BC,HG,2035-01-01T00:00:00,F,60,216.6625565318027,60100.0,35900.00000000001,0.0036050342184992127,84608.3855040615,5011.291361566941,0.00256076930485102,0.0,0.0
BC,HG,2035-01-01T00:00:00,F,61,226.2721486983428,60100.0,35700.0,0.00376492759897409,84608.3855040615,5011.291361566941,0.0026743466070213683,0.0,0.0
BC,HG,2035-01-01T00:00:00,F,62,338.3885995657838,60100.0,35900.00000000001,0.0056304259495138734,84608.3855040615,5011.291361566941,0.003999468818011425,0.0,0.0
BC,HG,2035-01-01T00:00:00,F,63,253.02401838944206,60100.0,36200.0,0.004210050222786058,84608.3855040615,5011.291361566941,0.002990531220777118,0.0,0.0
BC,HG,2035-01-01T00:00:00,F,64,177.8119291910698,60100.0,38300.00000000001,0.0029586011512657204,84608.3855040615,5011.291361566941,0.0021015875451557246,0.0,0.0
BC,HG,2035-01-01T00:00:00,F,65,194.85518881677126,60100.0,38300.00000000001,0.0032421828422091723,84608.3855040615,5011.291361566941,0.0023030245484050456,0.0,0.0
BC,HG,2035-01-01T00:00:00,F,66,112.1213419114938,60100.0,37900.0,0.0018655797323043895,84608.3855040615,5011.291361566941,0.0013251800190196466,0.0,0.0
BC,HG,2035-01-01T00:00:00,F,67,124.5226689235351,60100.0,36500.00000000001,0.00207192460771273,84608.3855040615,5011.291361566941,0.0014717532805014648,0.0,0.0
BC,HG,2035-01-01T00:00:00,F,68,140.40563259428745,60100.0,35500.0,0.002336200209555532,84608.3855040615,5011.291361566941,0.00165947656083743,0.0,0.0
BC,HG,2035-01-01T00:00:00,F,69,274.00718516788766,60100.0,36800.0,0.004559187773176167,84608.3855040615,5011.291361566941,0.0032385346149257786,0.0,0.0
BC,HG,2035-01-01T00:00:00,F,70,312.9231664496183,60100.0,38100.00000000001,0.005206708260392983,84608.3855040615,5011.291361566941,0.0036984888032711234,0.0,0.0
BC,HG,2035-01-01T00:00:00,F,71,261.95801094105263,60100.0,39800.0,0.004358702345109029,84608.3855040615,5011.291361566941,0.003096123503366906,0.0,0.0
BC,HG,2035-01-01T00:00:00,F,72,99.50185675422836,60100.0,39500.00000000001,0.0016556049376743487,84608.3855040615,5011.291361566941,0.0011760283116317343,0.0,0.0
BC,HG,2035-01-01T00:00:00,F,73,123.6689901153295,60100.0,37800.00000000001,0.002057720301419792,84608.3855040615,5011.291361566941,0.0014616635145389102,0.0,0.0
BC,HG,2035-01-01T00:00:00,F,74,168.72557960302947,60100.0,37700.00000000001,0.002807413970100324,84608.3855040615,5011.291361566941,0.0019941945304573867,0.0,0.0
BC,HG,2035-01-01T00:00:00,F,75,212.3566426237885,60100.0,37100.0,0.003533388396402471,84608.3855040615,5011.291361566941,0.002509877021747385,0.0,0.0
BC,HG,2035-01-01T00:00:00,F,76,54.68111718747241,60100.0,35900.00000000001,0.0009098355605236674,84608.3855040615,5011.291361566941,0.0006462848435377309,0.0,0.0
BC,HG,2035-01-01T00:00:00,F,77,2.4047548168091453,60100.0,34900.0,4.001255934790591e-05,84608.3855040615,5011.291361566941,2.8422180644183412e-05,0.0,0.0
BC,HG,2035-01-01T00:00:00,F,78,43.44771280639543,60100.0,33400.0,0.000722923673983285,84608.3855040615,5011.291361566941,0.0005135154458692488,0.0,0.0
BC,HG,2035-01-01T00:00:00,F,79,90.9938106550253,60100.0,32100.0,0.0015140401107325342,84608.3855040615,5011.291361566941,0.0010754703580847466,0.0,0.0
BC,HG,2035-01-01T00:00:00,F,80,-53.275369244915055,60100.0,30800.000000000004,-0.0008864454117290359,84608.3855040615,5011.291361566941,0.0,0.010631066006957695,0.00172971978067906
BC,HG,2035-01-01T00:00:00,F,81,-116.63264882257135,60100.0,28700.0,-0.0019406430752507713,84608.3855040615,5011.291361566941,0.0,0.023273970800632596,0.004063855359671476
BC,HG,2035-01-01T00:00:00,F,82,-89.79232360469905,60100.0,26400.0,-0.0014940486456688693,84608.3855040615,5011.291361566941,0.0,0.017918000995380677,0.003401224378965873
BC,HG,2035-01-01T00:00:00,F,83,-156.98857884813697,60100.0,24300.0,-0.002612122776175324,84608.3855040615,5011.291361566941,0.0,0.03132697093849467,0.006460435343544731
BC,HG,2035-01-01T00:00:00,F,84,-115.69972572066763,60100.0,22600.0,-0.0019251202282972984,84608.3855040615,5011.291361566941,0.0,0.023087806589735065,0.0051194568902950275
BC,HG,2035-01-01T00:00:00,F,85,-159.1970871322883,60100.0,21200.000000000004,-0.002648870002201136,84608.3855040615,5011.291361566941,0.0,0.031767677360214436,0.007509296562843786
BC,HG,2035-01-01T00:00:00,F,86,-138.90183045641243,60100.0,19100.0,-0.002311178543367927,84608.3855040615,5011.291361566941,0.0,0.02771777181460475,0.007272347144314787
BC,HG,2035-01-01T00:00:00,F,87,-84.48281333277555,60100.0,17800.000000000004,-0.0014057040487982621,84608.3855040615,5011.291361566941,0.0,0.016858491601725444,0.004746225468133457
BC,HG,2035-01-01T00:00:00,F,88,-136.40430782271142,60100.0,16300.0,-0.0022696224263346327,84608.3855040615,5011.291361566941,0.0,0.027219392763477283,0.00836836244311113
BC,HG,2035-01-01T00:00:00,F,89,-177.50135090308322,60100.0,12300.000000000002,-0.0029534334592859106,84608.3855040615,5011.291361566941,0.0,0.03542028153948361,0.014431004138462048
BC,HG,2035-01-01T00:00:00,F,90,-109.63815422877087,60100.0,10400.0,-0.0018242621335901976,84608.3855040615,5011.291361566941,0.0,0.021878223858548304,0.010542130214304892
BC,HG,2035-01-01T00:00:00,F,91,-203.66112623368826,60100.0,9000.0,-0.0033887042634557114,84608.3855040615,5011.291361566941,0.0,0.04064044804810692,0.02262901402596536
BC,HG,2035-01-01T00:00:00,F,92,-144.1157341938715,60100.0,7499.999999999999,-0.0023979323493156656,84608.3855040615,5011.291361566941,0.0,0.028758202985190048,0.019215431225849535
BC,HG,2035-01-01T00:00:00,F,93,-115.47067390509346,60100.0,6000.000000000001,-0.0019213090500015551,84608.3855040615,5011.291361566941,0.0,0.02304209944579791,0.019245112317515575
BC,HG,2035-01-01T00:00:00,F,94,-171.51862692767736,60100.0,4800.0,-0.0028538873032891406,84608.3855040615,5011.291361566941,0.0,0.03422643278000235,0.03573304727659945
BC,HG,2035-01-01T00:00:00,F,95,-156.59419093268662,60100.0,3700.0,-0.0026055605812427057,84608.3855040615,5011.291361566941,0.0,0.031248271081113593,0.04232275430613152
BC,HG,2035-01-01T00:00:00,F,96,-146.11963289765254,60100.0,2800.0,-0.0024312750898111903,84608.3855040615,5011.291361566941,0.0,0.02915807969544272,0.05218558317773305
BC,HG,2035-01-01T00:00:00,F,97,-109.74258281005496,60100.0,2200.0,-0.0018259997139776199,84608.3855040615,5011.291361566941,0.0,0.021899062515443206,0.049882992186388614
BC,HG,2035-01-01T00:00:00,F,98,-94.74389662393833,60100.0,1600.0,-0.0015764375478192732,84608.3855040615,5011.291361566941,0.0,0.018906084238197958,0.059214935389961455
BC,HG,2035-01-01T00:00:00,F,99,-61.076468470808095,60100.0,1200.0000000000002,-0.0010162473955209333,84608.3855040615,5011.291361566941,0.0,0.012187770389728562,0.05089705705900674
BC,HG,2035-01-01T00:00:00,F,100,1454.6734124614454,60100.0,2300.0,0.02420421651350159,84608.3855040615,5011.291361566941,0.01719301702538238,0.0,0.0
BC,HG,2035-01-01T00:00:00,M,1,485.7491025398813,60100.0,30699.999999999996,0.00808234779600468,84608.3855040615,5011.291361566941,0.0057411461008975715,0.0,0.0
BC,HG,2035-01-01T00:00:00,M,2,405.5206162480026,60100.0,30700.0,0.006747431218768763,84608.3855040615,5011.291361566941,0.004792912828108937,0.0,0.0
BC,HG,2035-01-01T00:00:00,M,3,403.84037281064957,60100.0,30700.000000000004,0.006719473757248745,84608.3855040615,5011.291361566941,0.004773053762989766,0.0,0.0
BC,HG,2035-01-01T00:00:00,M,4,502.64022886515886,60100.0,30800.0,0.00836339815083459,84608.3855040615,5011.291361566941,0.005940785016409873,0.0,0.0
BC,HG,2035-01-01T00:00:00,M,5,602.1673075736035,60100.0,31000.000000000004,0.010019422754968444,84608.3855040615,5011.291361566941,0.007117111430340404,0.0,0.0
BC,HG,2035-01-01T00:00:00,M,6,601.6912216491983,60100.0,31100.0,0.01001150119216636,84608.3855040615,5011.291361566941,0.007111484494882779,0.0,0.0
BC,HG,2035-01-01T00:00:00,M,7,601.4543683809352,60100.0,31199.999999999996,0.010007560206005578,84608.3855040615,5011.291361566941,0.007108685088336348,0.0,0.0
BC,HG,2035-01-01T00:00:00,M,8,401.45912121879155,60100.0,31100.000000000004,0.006679852266535633,84608.3855040615,5011.291361566941,0.004744909370709125,0.0,0.0
BC,HG,2035-01-01T00:00:00,M,9,501.44961554308975,60100.0,30999.999999999996,0.00834358761302978,84608.3855040615,5011.291361566941,0.005926712967700092,0.0,0.0
BC,HG,2035-01-01T00:00:00,M,10,601.4448627052443,60100.0,31000.000000000004,0.010007402041684597,84608.3855040615,5011.291361566941,0.007108572739239574,0.0,0.0
BC,HG,2035-01-01T00:00:00,M,11,501.44010986739886,60100.0,30800.000000000004,0.0083434294487088,84608.3855040615,5011.291361566941,0.005926600618603318,0.0,0.0
BC,HG,2035-01-01T00:00:00,M,12,501.90748018586964,60100.0,30599.999999999996,0.008351205993109312,84608.3855040615,5011.291361566941,0.005932124542924605,0.0,0.0
BC,HG,2035-01-01T00:00:00,M,13,502.12453176622876,60100.0,30300.000000000004,0.008354817500270029,84608.3855040615,5011.291361566941,0.0059346899101641055,0.0,0.0
BC,HG,2035-01-01T00:00:00,M,14,802.7091513618761,60100.0,29300.000000000004,0.013356225480230884,84608.3855040615,5011.291361566941,0.009487347460652624,0.0,0.0
BC,HG,2035-01-01T00:00:00,M,15,1303.7516513265691,60100.0,30900.0,0.0216930391235702,84608.3855040615,5011.291361566941,0.015409248664412636,0.0,0.0
BC,HG,2035-01-01T00:00:00,M,16,2005.8747273932167,60100.0,32900.0,0.03337561942417998,84608.3855040615,5011.291361566941,0.023707753261607,0.0,0.0
BC,HG,2035-01-01T00:00:00,M,17,1808.915258427398,60100.0,34900.0,0.03009842360112143,84608.3855040615,5011.291361566941,0.021379857890570002,0.0,0.0
BC,HG,2035-01-01T00:00:00,M,18,2712.5841584006266,60100.0,38000.0,0.04513451178703206,84608.3855040615,5011.291361566941,0.032060464719190426,0.0,0.0
BC,HG,2035-01-01T00:00:00,M,19,5417.069250304739,60100.0,43200.0,0.09013426373219201,84608.3855040615,5011.291361566941,0.0640252052799743,0.0,0.0
BC,HG,2035-01-01T00:00:00,M,20,3523.7245206508524,60100.0,46899.99999999999,0.05863102363811734,84608.3855040615,5011.291361566941,0.041647462005780754,0.0,0.0
BC,HG,2035-01-01T00:00:00,M,21,1129.7122452340918,60100.0,47400.0,0.01879720873933597,84608.3855040615,5011.291361566941,0.013352249171329024,0.0,0.0
BC,HG,2035-01-01T00:00:00,M,22,-65.22194872876571,60100.0,47100.0,-0.0010852237725252198,84608.3855040615,5011.291361566941,0.0,0.013014998335353618,0.0013847547500799515
BC,HG,2035-01-01T00:00:00,M,23,-261.76672077547846,60100.0,46100.0,-0.004355519480457213,84608.3855040615,5011.291361566941,0.0,0.05223538243715861,0.005678236893177407
BC,HG,2035-01-01T00:00:00,M,24,-159.44214287718933,60100.0,45099.99999999999,-0.002652947468838425,84608.3855040615,5011.291361566941,0.0,0.031816578078057434,0.003535302502820163
BC,HG,2035-01-01T00:00:00,M,25,42.617617732597864,60100.0,45200.0,0.0007091117759167698,84608.3855040615,5011.291361566941,0.0005037044198243455,0.0,0.0
BC,HG,2035-01-01T00:00:00,M,26,244.46983779760194,60100.0,45100.0,0.004067717767015007,84608.3855040615,5011.291361566941,0.002889427996305006,0.0,0.0
BC,HG,2035-01-01T00:00:00,M,27,546.4378830812275,60100.0,44900.0,0.009092144477225082,84608.3855040615,5011.291361566941,0.006458436475602014,0.0,0.0
BC,HG,2035-01-01T00:00:00,M,28,548.1302448257411,60100.0,44199.99999999999,0.009120303574471566,84608.3855040615,5011.291361566941,0.006478438768925911,0.0,0.0
BC,HG,2035-01-01T00:00:00,M,29,550.4266516651915,60100.0,43500.0,0.009158513338855099,84608.3855040615,5011.291361566941,0.006505580367548427,0.0,0.0
BC,HG,2035-01-01T00:00:00,M,30,653.4593844074407,60100.0,43300.0,0.010872868292969063,84608.3855040615,5011.291361566941,0.007723340665519168,0.0,0.0
BC,HG,2035-01-01T00:00:00,M,31,657.7904454447562,60100.0,43500.0,0.010944932536518405,84608.3855040615,5011.291361566941,0.007774530166553999,0.0,0.0
BC,HG,2035-01-01T00:00:00,M,32,461.29442617874884,60100.0,42899.99999999999,0.007675448022940913,84608.3855040615,5011.291361566941,0.005452112381421167,0.0,0.0
BC,HG,2035-01-01T00:00:00,M,33,464.08286678407603,60100.0,42300.0,0.007721844705225891,84608.3855040615,5011.291361566941,0.005485069405582717,0.0,0.0
BC,HG,2035-01-01T00:00:00,M,34,670.970068135437,60100.0,44499.99999999999,0.011164227423218586,84608.3855040615,5011.291361566941,0.00793030222876937,0.0,0.0
BC,HG,2035-01-01T00:00:00,M,35,577.4505571226837,60100.0,46600.0,0.009608162348131177,84608.3855040615,5011.291361566941,0.006824980215406238,0.0,0.0
BC,HG,2035-01-01T00:00:00,M,36,681.5710503946757,60100.0,47600.00000000001,0.01134061647911274,84608.3855040615,5011.291361566941,0.008055596928533259,0.0,0.0
BC,HG,2035-01-01T00:00:00,M,37,484.69848239969724,60100.0,47900.00000000001,0.00806486659566884,84608.3855040615,5011.291361566941,0.0057287286539279255,0.0,0.0
BC,HG,2035-01-01T00:00:00,M,38,389.1886886471548,60100.0,48600.0,0.006475685335227201,84608.3855040615,5011.291361566941,0.004599883171490991,0.0,0.0
BC,HG,2035-01-01T00:00:00,M,39,293.5944385961411,60100.0,49000.0,0.004885098811915825,84608.3855040615,5011.291361566941,0.003470039486594949,0.0,0.0
BC,HG,2035-01-01T00:00:00,M,40,398.06316834876634,60100.0,49400.0,0.006623347227100938,84608.3855040615,5011.291361566941,0.004704772062216669,0.0,0.0
BC,HG,2035-01-01T00:00:00,M,41,402.1376008349471,60100.0,49300.00000000001,0.00669114144484105,84608.3855040615,5011.291361566941,0.004752928429483424,0.0,0.0
BC,HG,2035-01-01T00:00:00,M,42,406.75161902703985,60100.0,49100.0,0.006767913794127119,84608.3855040615,5011.291361566941,0.004807462246251163,0.0,0.0
BC,HG,2035-01-01T00:00:00,M,43,312.1698224454449,60100.0,49000.0,0.005194173418393426,84608.3855040615,5011.291361566941,0.003689584910356901,0.0,0.0
BC,HG,2035-01-01T00:00:00,M,44,417.73363771852746,60100.0,49000.0,0.006950642890491306,84608.3855040615,5011.291361566941,0.004937260476368206,0.0,0.0
BC,HG,2035-01-01T00:00:00,M,45,223.27402047729993,60100.0,48700.0,0.003715041938058235,84608.3855040615,5011.291361566941,0.002638911251492702,0.0,0.0
BC,HG,2035-01-01T00:00:00,M,46,326.8890602074316,60100.0,47700.0,0.005439085860356599,84608.3855040615,5011.291361566941,0.0038635539286084094,0.0,0.0
BC,HG,2035-01-01T00:00:00,M,47,229.45031650207238,60100.0,46099.99999999999,0.003817808926823168,84608.3855040615,5011.291361566941,0.002711909879087079,0.0,0.0
BC,HG,2035-01-01T00:00:00,M,48,234.30862460297794,60100.0,45400.0,0.0038986460000495497,84608.3855040615,5011.291361566941,0.0027693309972417605,0.0,0.0
BC,HG,2035-01-01T00:00:00,M,49,241.543066816972,60100.0,45299.99999999999,0.00401901941459188,84608.3855040615,5011.291361566941,0.0028548360233794684,0.0,0.0
BC,HG,2035-01-01T00:00:00,M,50,246.1272707032913,60100.0,44300.0,0.00409529568557889,84608.3855040615,5011.291361566941,0.002909017460113056,0.0,0.0
BC,HG,2035-01-01T00:00:00,M,51,150.3493930892364,60100.0,43000.0,0.0025016537951620035,84608.3855040615,5011.291361566941,0.0017770034517680176,0.0,0.0
BC,HG,2035-01-01T00:00:00,M,52,154.4084502084006,60100.0,41700.0,0.0025691921831680633,84608.3855040615,5011.291361566941,0.0018249780951202343,0.0,0.0
BC,HG,2035-01-01T00:00:00,M,53,158.96578295975632,60100.0,40500.0,0.002645021347084132,84608.3855040615,5011.291361566941,0.0018788419376247925,0.0,0.0
BC,HG,2035-01-01T00:00:00,M,54,162.36576142612466,60100.0,38999.99999999999,0.0027015933681551526,84608.3855040615,5011.291361566941,0.0019190268252823538,0.0,0.0
BC,HG,2035-01-01T00:00:00,M,55,166.24337512203056,60100.0,37500.0,0.002766112730815816,84608.3855040615,5011.291361566941,0.0019648569598819526,0.0,0.0
BC,HG,2035-01-01T00:00:00,M,56,268.46860992661095,60100.0,35800.0,0.004467031779144941,84608.3855040615,5011.291361566941,0.0031730733109630546,0.0,0.0
BC,HG,2035-01-01T00:00:00,M,57,173.4911862570225,60100.0,34500.0,0.0028867085899670964,84608.3855040615,5011.291361566941,0.0020505199954287544,0.0,0.0
BC,HG,2035-01-01T00:00:00,M,58,283.1264107169118,60100.0,34199.99999999999,0.0047109219753229915,84608.3855040615,5011.291361566941,0.0033463161958494137,0.0,0.0
BC,HG,2035-01-01T00:00:00,M,59,192.4127297168743,60100.0,33500.0,0.003201542923741669,84608.3855040615,5011.291361566941,0.0022741567348266893,0.0,0.0
BC,HG,2035-01-01T00:00:00,M,60,304.407699214069,60100.0,33299.99999999999,0.005065019953645075,84608.3855040615,5011.291361566941,0.0035978431381302784,0.0,0.0
BC,HG,2035-01-01T00:00:00,M,61,216.54355116369697,60100.0,32799.99999999999,0.00360305409590178,84608.3855040615,5011.291361566941,0.002559362761428678,0.0,0.0
BC,HG,2035-01-01T00:00:00,M,62,332.0007710960599,60100.0,32800.0,0.005524139286124125,84608.3855040615,5011.291361566941,0.003923970054719017,0.0,0.0
BC,HG,2035-01-01T00:00:00,M,63,253.5004995965428,60100.0,33200.0,0.004217978362671261,84608.3855040615,5011.291361566941,0.0029961628281439537,0.0,0.0
BC,HG,2035-01-01T00:00:00,M,64,187.02372083583032,60100.0,34799.99999999999,0.0031118755546727175,84608.3855040615,5011.291361566941,0.002210463179525539,0.0,0.0
BC,HG,2035-01-01T00:00:00,M,65,209.79473416053952,60100.0,34799.99999999999,0.003490760967729443,84608.3855040615,5011.291361566941,0.0024795974170960704,0.0,0.0
BC,HG,2035-01-01T00:00:00,M,66,328.08115662848286,60100.0,34200.0,0.005458921075349133,84608.3855040615,5011.291361566941,0.0038776435063015567,0.0,0.0
BC,HG,2035-01-01T00:00:00,M,67,247.00279379866697,60100.0,33299.99999999999,0.004109863457548536,84608.3855040615,5011.291361566941,0.002919365407188983,0.0,0.0
BC,HG,2035-01-01T00:00:00,M,68,270.63845440293517,60100.0,32800.0,0.004503135680581284,84608.3855040615,5011.291361566941,0.0031987190488340375,0.0,0.0
BC,HG,2035-01-01T00:00:00,M,69,315.8200784628134,60100.0,33900.0,0.005254909791394566,84608.3855040615,5011.291361566941,0.0037327278682992115,0.0,0.0
BC,HG,2035-01-01T00:00:00,M,70,272.0995532066736,60100.0,35299.99999999999,0.004527446808763287,84608.3855040615,5011.291361566941,0.003215988008583521,0.0,0.0
BC,HG,2035-01-01T00:00:00,M,71,229.94942267216538,60100.0,36299.99999999999,0.003826113521999424,84608.3855040615,5011.291361566941,0.0027178088944993166,0.0,0.0
BC,HG,2035-01-01T00:00:00,M,72,182.90603418625687,60100.0,36499.99999999999,0.0030433616337147565,84608.3855040615,5011.291361566941,0.002161795584404299,0.0,0.0
BC,HG,2035-01-01T00:00:00,M,73,205.51422682287375,60100.0,34700.0,0.003419537883908049,84608.3855040615,5011.291361566941,0.0024290054182987374,0.0,0.0
BC,HG,2035-01-01T00:00:00,M,74,153.05497268959152,60100.0,34099.99999999999,0.002546671758562255,84608.3855040615,5011.291361566941,0.0018089811284987152,0.0,0.0
BC,HG,2035-01-01T00:00:00,M,75,194.95774568433262,60100.0,33100.0,0.0032438892792734215,84608.3855040615,5011.291361566941,0.002304236684376562,0.0,0.0
BC,HG,2035-01-01T00:00:00,M,76,128.48409585620902,60100.0,31499.999999999996,0.0021378385333811816,84608.3855040615,5011.291361566941,0.0015185740171113574,0.0,0.0
BC,HG,2035-01-01T00:00:00,M,77,183.1154731112547,60100.0,30800.0,0.0030468464743969165,84608.3855040615,5011.291361566941,0.0021642709764561636,0.0,0.0
BC,HG,2035-01-01T00:00:00,M,78,109.87988093571767,60100.0,28800.0,0.0018282842085809929,84608.3855040615,5011.291361566941,0.0012986878343216116,0.0,0.0
BC,HG,2035-01-01T00:00:00,M,79,59.615837629411544,60100.0,27600.0,0.0009919440537339691,84608.3855040615,5011.291361566941,0.0007046090913358673,0.0,0.0
BC,HG,2035-01-01T00:00:00,M,80,-0.8559569343524345,60100.0,25999.999999999996,-1.4242211886063801e-05,84608.3855040615,5011.291361566941,0.0,0.00017080566117488568,3.292142055201671e-05
BC,HG,2035-01-01T00:00:00,M,81,13.095068405749771,60100.0,23800.0,0.00021788799344009602,84608.3855040615,5011.291361566941,0.00015477270163867103,0.0,0.0
BC,HG,2035-01-01T00:00:00,M,82,46.011326157709846,60100.0,22200.0,0.0007655794701782005,84608.3855040615,5011.291361566941,0.0005438152008644716,0.0,0.0
BC,HG,2035-01-01T00:00:00,M,83,67.90020496668876,60100.0,20400.0,0.0011297871042710277,84608.3855040615,5011.291361566941,0.0008025233499276417,0.0,0.0
BC,HG,2035-01-01T00:00:00,M,84,-0.07383964247856056,60100.0,18800.0,-1.2286130196099928e-06,84608.3855040615,5011.291361566941,0.0,1.4734653635360013e-05,3.927640557370243e-06
BC,HG,2035-01-01T00:00:00,M,85,-59.95052153938377,60100.0,17399.999999999996,-0.00099751283759374,84608.3855040615,5011.291361566941,0.0,0.011963088396568167,0.0034454322723783785
BC,HG,2035-01-01T00:00:00,M,86,-59.48443900245911,60100.0,15500.0,-0.0009897577205068072,84608.3855040615,5011.291361566941,0.0,0.011870081923127173,0.0038377057420941364
BC,HG,2035-01-01T00:00:00,M,87,-114.68615302502076,60100.0,14300.0,-0.0019082554579870343,84608.3855040615,5011.291361566941,0.0,0.022885548803763915,0.008020010701050403
BC,HG,2035-01-01T00:00:00,M,88,-103.1909735609006,60100.0,12799.999999999998,-0.0017169879128269652,84608.3855040615,5011.291361566941,0.0,0.02059169306185275,0.00806179480944536
BC,HG,2035-01-01T00:00:00,M,89,-177.96185786685055,60100.0,9399.999999999998,-0.0029610958047728876,84608.3855040615,5011.291361566941,0.0,0.035512175410851596,0.018932112539026658
BC,HG,2035-01-01T00:00:00,M,90,-142.0716773489312,60100.0,7700.0,-0.0023639214201153277,84608.3855040615,5011.291361566941,0.0,0.028350312743441825,0.018450867188172883
BC,HG,2035-01-01T00:00:00,M,91,-156.8612588673932,60100.0,6600.0,-0.002610004307277757,84608.3855040615,5011.291361566941,0.0,0.031301564317414876,0.023766857404150483
BC,HG,2035-01-01T00:00:00,M,92,-114.79156799806242,60100.0,5400.0,-0.0019100094508829023,84608.3855040615,5011.291361566941,0.0,0.022906584294505906,0.021257697777418965
BC,HG,2035-01-01T00:00:00,M,93,-117.15201355819954,60100.0,4100.0,-0.0019492847513843518,84608.3855040615,5011.291361566941,0.0,0.023377609702894663,0.028573661843463303
BC,HG,2035-01-01T00:00:00,M,94,-110.69685340606429,60100.0,3100.0,-0.0018418777605002379,84608.3855040615,5011.291361566941,0.0,0.022089486605195385,0.035708662389053
BC,HG,2035-01-01T00:00:00,M,95,-84.7493852609282,60100.0,2399.9999999999995,-0.001410139521812449,84608.3855040615,5011.291361566941,0.0,0.01691168586023475,0.03531224385872009
BC,HG,2035-01-01T00:00:00,M,96,-88.25414584661826,60100.0,1699.9999999999998,-0.0014684550057673586,84608.3855040615,5011.291361566941,0.0,0.01761105860327043,0.05191420343918722
BC,HG,2035-01-01T00:00:00,M,97,-72.72407640516667,60100.0,1200.0,-0.0012100511881059347,84608.3855040615,5011.291361566941,0.0,0.01451204313580904,0.06060339700430556
BC,HG,2035-01-01T00:00:00,M,98,-32.74709676591533,60100.0,900.0,-0.0005448768180684747,84608.3855040615,5011.291361566941,0.0,0.006534662306219589,0.036385663073239254
BC,HG,2035-01-01T00:00:00,M,99,-82.62145542298504,60100.0,600.0,-0.0013747330353242103,84608.3855040615,5011.291361566941,0.0,0.016487058816143308,0.13770242570497507
BC,HG,2035-01-01T00:00:00,M,100,556.5236528092117,60100.0,999.9999999999999,0.009259960945244788,84608.3855040615,5011.291361566941,0.006577641796302763,0.0,0.0
BC,HG,2036-01-01T00:00:00,F,1,480.4112489305626,61100.0,29699.999999999996,0.007862704565148324,86838.02276301051,5108.394994329807,0.00553226839631819,0.0,0.0
BC,HG,2036-01-01T00:00:00,F,2,303.54368248087485,61100.0,29500.0,0.004967981709997952,86838.02276301051,5108.394994329807,0.003495515821557515,0.0,0.0
BC,HG,2036-01-01T00:00:00,F,3,302.82522107971454,61100.0,29400.0,0.004956222930928225,86838.02276301051,5108.394994329807,0.0034872422407193023,0.0,0.0
BC,HG,2036-01-01T00:00:00,F,4,402.346251385683,61100.0,29400.0,0.006585045030862242,86838.02276301051,5108.394994329807,0.004633295860313695,0.0,0.0
BC,HG,2036-01-01T00:00:00,F,5,402.111622214612,61100.0,29400.0,0.006581204946229329,86838.02276301051,5108.394994329807,0.0046305939428401555,0.0,0.0
BC,HG,2036-01-01T00:00:00,F,6,501.8769939396698,61100.0,29499.999999999996,0.008214026087392304,86838.02276301051,5108.394994329807,0.005779461323173391,0.0,0.0
BC,HG,2036-01-01T00:00:00,F,7,501.6423665608454,61100.0,29499.999999999996,0.008210186032092396,86838.02276301051,5108.394994329807,0.0057767594263388134,0.0,0.0
BC,HG,2036-01-01T00:00:00,F,8,301.4077400781316,61100.0,29300.0,0.00493302356920019,86838.02276301051,5108.394994329807,0.0034709189648491068,0.0,0.0
BC,HG,2036-01-01T00:00:00,F,9,401.39803152587774,61100.0,29200.0,0.006569525884220585,86838.02276301051,5108.394994329807,0.0046223764516303235,0.0,0.0
BC,HG,2036-01-01T00:00:00,F,10,401.3931772497381,61100.0,29100.0,0.006569446436165926,86838.02276301051,5108.394994329807,0.004622320551277169,0.0,0.0
BC,HG,2036-01-01T00:00:00,F,11,401.38346869748057,61100.0,28899.999999999996,0.006569287540056965,86838.02276301051,5108.394994329807,0.004622208750571112,0.0,0.0
BC,HG,2036-01-01T00:00:00,F,12,401.602723230073,61100.0,28700.0,0.006572875993945549,86838.02276301051,5108.394994329807,0.0046247336184298705,0.0,0.0
BC,HG,2036-01-01T00:00:00,F,13,401.81874240360776,61100.0,28500.0,0.006576411495967394,86838.02276301051,5108.394994329807,0.00462722122888738,0.0,0.0
BC,HG,2036-01-01T00:00:00,F,14,702.0315261995784,61100.0,28600.0,0.011489877679207502,86838.02276301051,5108.394994329807,0.008084379444192222,0.0,0.0
BC,HG,2036-01-01T00:00:00,F,15,1302.6116304826246,61100.0,28200.0,0.021319339287767997,86838.02276301051,5108.394994329807,0.015000475471874568,0.0,0.0
BC,HG,2036-01-01T00:00:00,F,16,2303.8924021760176,61100.0,30600.0,0.037706913292569845,86838.02276301051,5108.394994329807,0.026530917320210828,0.0,0.0
BC,HG,2036-01-01T00:00:00,F,17,1806.0000915443634,61100.0,32700.000000000004,0.029558102971266178,86838.02276301051,5108.394994329807,0.020797342386216174,0.0,0.0
BC,HG,2036-01-01T00:00:00,F,18,2508.0584677116203,61100.0,35700.0,0.04104842009347987,86838.02276301051,5108.394994329807,0.028882031026389882,0.0,0.0
BC,HG,2036-01-01T00:00:00,F,19,5010.485837173801,61100.0,41000.0,0.08200467818615059,86838.02276301051,5108.394994329807,0.05769921605479099,0.0,0.0
BC,HG,2036-01-01T00:00:00,F,20,2913.5677995848237,61100.0,43800.00000000001,0.04768523403575816,86838.02276301051,5108.394994329807,0.03355175195013636,0.0,0.0
BC,HG,2036-01-01T00:00:00,F,21,815.8382554571945,61100.0,44300.0,0.01335250827262184,86838.02276301051,5108.394994329807,0.009394942785416674,0.0,0.0
BC,HG,2036-01-01T00:00:00,F,22,-382.8727401078868,61100.0,43699.99999999999,-0.006266329625333663,86838.02276301051,5108.394994329807,0.0,0.07494971327253788,0.008761389933818921
BC,HG,2036-01-01T00:00:00,F,23,-81.96724167440698,61100.0,43600.0,-0.0013415260503176264,86838.02276301051,5108.394994329807,0.0,0.016045595879995305,0.0018799826072111692
BC,HG,2036-01-01T00:00:00,F,24,218.52558045824844,61100.0,43400.0,0.0035765234117552938,86838.02276301051,5108.394994329807,0.0025164734698603884,0.0,0.0
BC,HG,2036-01-01T00:00:00,F,25,518.3969305939463,61100.0,43400.0,0.008484401482715979,86838.02276301051,5108.394994329807,0.005969699839996385,0.0,0.0
BC,HG,2036-01-01T00:00:00,F,26,418.6542303225433,61100.0,43900.0,0.0068519513964409706,86838.02276301051,5108.394994329807,0.004821093537160465,0.0,0.0
BC,HG,2036-01-01T00:00:00,F,27,619.049925721185,61100.0,44200.0,0.010131750011803355,86838.02276301051,5108.394994329807,0.007128788818817686,0.0,0.0
BC,HG,2036-01-01T00:00:00,F,28,619.5807459608113,61100.0,44600.0,0.010140437740766143,86838.02276301051,5108.394994329807,0.007134901581668989,0.0,0.0
BC,HG,2036-01-01T00:00:00,F,29,820.062250023584,61100.0,44300.0,0.013421640753250148,86838.02276301051,5108.394994329807,0.009443585009548346,0.0,0.0
BC,HG,2036-01-01T00:00:00,F,30,720.6230523004488,61100.0,43900.0,0.011794157975457426,86838.02276301051,5108.394994329807,0.008298473748845018,0.0,0.0
BC,HG,2036-01-01T00:00:00,F,31,821.6718062479922,61100.0,44000.00000000001,0.013447983735646353,86838.02276301051,5108.394994329807,0.00946212016469347,0.0,0.0
BC,HG,2036-01-01T00:00:00,F,32,623.230373008264,61100.0,44100.00000000001,0.010200169771002684,86838.02276301051,5108.394994329807,0.0071769295658552805,0.0,0.0
BC,HG,2036-01-01T00:00:00,F,33,624.2419816202455,61100.0,43400.0,0.010216726376763428,86838.02276301051,5108.394994329807,0.0071885789399404355,0.0,0.0
BC,HG,2036-01-01T00:00:00,F,34,625.7917404270265,61100.0,43100.000000000015,0.010242090678020075,86838.02276301051,5108.394994329807,0.0072064254863894546,0.0,0.0
BC,HG,2036-01-01T00:00:00,F,35,728.9355747578375,61100.0,45400.0,0.01193020580618392,86838.02276301051,5108.394994329807,0.008394198204479784,0.0,0.0
BC,HG,2036-01-01T00:00:00,F,36,632.5942245488404,61100.0,46900.0,0.010353424297035032,86838.02276301051,5108.394994329807,0.007284760804322459,0.0,0.0
BC,HG,2036-01-01T00:00:00,F,37,635.5214716387054,61100.0,47300.00000000001,0.010401333414708763,86838.02276301051,5108.394994329807,0.0073184700827782076,0.0,0.0
BC,HG,2036-01-01T00:00:00,F,38,438.41238332612556,61100.0,47400.0,0.007175325422686179,86838.02276301051,5108.394994329807,0.005048622358924454,0.0,0.0
BC,HG,2036-01-01T00:00:00,F,39,440.1428209466321,61100.0,47200.0,0.007203646824003799,86838.02276301051,5108.394994329807,0.0050685495471013324,0.0,0.0
BC,HG,2036-01-01T00:00:00,F,40,442.9349728815505,61100.0,48200.0,0.007249344891678404,86838.02276301051,5108.394994329807,0.005100703111243833,0.0,0.0
BC,HG,2036-01-01T00:00:00,F,41,344.2963996383987,61100.0,47900.0,0.005634965624196378,86838.02276301051,5108.394994329807,0.003964811596160099,0.0,0.0
BC,HG,2036-01-01T00:00:00,F,42,345.7411969249515,61100.0,47800.0,0.005658612060964837,86838.02276301051,5108.394994329807,0.00398144943797849,0.0,0.0
BC,HG,2036-01-01T00:00:00,F,43,447.3786122737729,61100.0,47999.99999999999,0.00732207221397337,86838.02276301051,5108.394994329807,0.005151874697731351,0.0,0.0
BC,HG,2036-01-01T00:00:00,F,44,349.8229531210818,61100.0,48400.00000000001,0.005725416581359768,86838.02276301051,5108.394994329807,0.004028453688723233,0.0,0.0
BC,HG,2036-01-01T00:00:00,F,45,252.15900182188489,61100.0,48300.00000000001,0.004126988573189605,86838.02276301051,5108.394994329807,0.002903785620615195,0.0,0.0
BC,HG,2036-01-01T00:00:00,F,46,354.7703547437486,61100.0,48300.0,0.005806388784676737,86838.02276301051,5108.394994329807,0.004085426446338509,0.0,0.0
BC,HG,2036-01-01T00:00:00,F,47,256.4122774650168,61100.0,47300.0,0.0041966002858431556,86838.02276301051,5108.394994329807,0.002952765036633677,0.0,0.0
BC,HG,2036-01-01T00:00:00,F,48,158.70027083526656,61100.0,46300.0,0.002597385774717947,86838.02276301051,5108.394994329807,0.0018275435780979858,0.0,0.0
BC,HG,2036-01-01T00:00:00,F,49,161.08881193958223,61100.0,45300.00000000001,0.0026364781004841607,86838.02276301051,5108.394994329807,0.0018550492838742933,0.0,0.0
BC,HG,2036-01-01T00:00:00,F,50,65.19019396322255,61100.0,45000.00000000001,0.0010669426180560156,86838.02276301051,5108.394994329807,0.0007507102521338262,0.0,0.0
BC,HG,2036-01-01T00:00:00,F,51,168.57252991743007,61100.0,44000.0,0.0027589612097779063,86838.02276301051,5108.394994329807,0.0019412294816693496,0.0,0.0
BC,HG,2036-01-01T00:00:00,F,52,172.7256932948294,61100.0,43300.0,0.0028269344238106286,86838.02276301051,5108.394994329807,0.001989056035582648,0.0,0.0
BC,HG,2036-01-01T00:00:00,F,53,176.87195713097753,61100.0,42500.0,0.0028947947157279465,86838.02276301051,5108.394994329807,0.0020368031364979195,0.0,0.0
BC,HG,2036-01-01T00:00:00,F,54,181.68088206749235,61100.0,41800.00000000001,0.002973500524836209,86838.02276301051,5108.394994329807,0.0020921812391251388,0.0,0.0
BC,HG,2036-01-01T00:00:00,F,55,185.25364128941146,61100.0,40300.0,0.0030319744891884035,86838.02276301051,5108.394994329807,0.0021333240370406273,0.0,0.0
BC,HG,2036-01-01T00:00:00,F,56,290.34720847784047,61100.0,39500.0,0.004752000138753526,86838.02276301051,5108.394994329807,0.003343549279907334,0.0,0.0
BC,HG,2036-01-01T00:00:00,F,57,293.74806768100825,61100.0,37800.00000000001,0.004807660682176894,86838.02276301051,5108.394994329807,0.0033827125300016974,0.0,0.0
BC,HG,2036-01-01T00:00:00,F,58,298.6926182948155,61100.0,36700.0,0.004888586224137733,86838.02276301051,5108.394994329807,0.0034396524562745625,0.0,0.0
BC,HG,2036-01-01T00:00:00,F,59,306.3860298710497,61100.0,36400.0,0.0050145013072184896,86838.02276301051,5108.394994329807,0.003528247421146463,0.0,0.0
BC,HG,2036-01-01T00:00:00,F,60,216.70604838692816,61100.0,36500.0,0.003546743836119937,86838.02276301051,5108.394994329807,0.0024955202973510836,0.0,0.0
BC,HG,2036-01-01T00:00:00,F,61,225.28456326571177,61100.0,36000.0,0.0036871450616319437,86838.02276301051,5108.394994329807,0.0025943078400176784,0.0,0.0
BC,HG,2036-01-01T00:00:00,F,62,336.15956968542014,61100.0,35900.0,0.005501793284540428,86838.02276301051,5108.394994329807,0.003871110361446536,0.0,0.0
BC,HG,2036-01-01T00:00:00,F,63,249.7260095501988,61100.0,36000.0,0.004087168732409146,86838.02276301051,5108.394994329807,0.0028757680288475198,0.0,0.0
BC,HG,2036-01-01T00:00:00,F,64,265.3575110391321,61100.0,36300.0,0.004343003453995615,86838.02276301051,5108.394994329807,0.0030557755991671848,0.0,0.0
BC,HG,2036-01-01T00:00:00,F,65,191.7204043721067,61100.0,38300.00000000001,0.003137813492178506,86838.02276301051,5108.394994329807,0.002207793294595508,0.0,0.0
BC,HG,2036-01-01T00:00:00,F,66,110.35816674992384,61100.0,38200.0,0.0018061893085093918,86838.02276301051,5108.394994329807,0.0012708507545260688,0.0,0.0
BC,HG,2036-01-01T00:00:00,F,67,128.7610249859863,61100.0,37800.00000000001,0.002107381750998139,86838.02276301051,5108.394994329807,0.0014827724179923786,0.0,0.0
BC,HG,2036-01-01T00:00:00,F,68,142.52446861804492,61100.0,36400.00000000001,0.0023326426942396877,86838.02276301051,5108.394994329807,0.0016412680077597828,0.0,0.0
BC,HG,2036-01-01T00:00:00,F,69,260.0850613231305,61100.0,35500.0,0.00425671131461752,86838.02276301051,5108.394994329807,0.002995059687539503,0.0,0.0
BC,HG,2036-01-01T00:00:00,F,70,197.39856637050252,61100.0,36699.99999999999,0.0032307457671113342,86838.02276301051,5108.394994329807,0.0022731812642628056,0.0,0.0
BC,HG,2036-01-01T00:00:00,F,71,240.0905880647333,61100.0,38000.0,0.003929469526427714,86838.02276301051,5108.394994329807,0.0027648094743009536,0.0,0.0
BC,HG,2036-01-01T00:00:00,F,72,93.10623056619806,61100.0,39500.0,0.0015238335608215722,86838.02276301051,5108.394994329807,0.001072182755937386,0.0,0.0
BC,HG,2036-01-01T00:00:00,F,73,132.2126991395562,61100.0,39200.0,0.002163873963004193,86838.02276301051,5108.394994329807,0.0015225208374490245,0.0,0.0
BC,HG,2036-01-01T00:00:00,F,74,258.811311665042,61100.0,37600.0,0.004235864348036694,86838.02276301051,5108.394994329807,0.0029803915776774824,0.0,0.0
BC,HG,2036-01-01T00:00:00,F,75,208.22843656265468,61100.0,37400.0,0.0034079940517619425,86838.02276301051,5108.394994329807,0.0023978947232703644,0.0,0.0
BC,HG,2036-01-01T00:00:00,F,76,56.344193557903054,61100.0,36600.0,0.0009221635606858111,86838.02276301051,5108.394994329807,0.0006488424282951708,0.0,0.0
BC,HG,2036-01-01T00:00:00,F,77,-0.49294997136166785,61100.0,35300.00000000001,-8.067920971549392e-06,86838.02276301051,5108.394994329807,0.0,9.649801393761255e-05,1.3964588423843278e-05
BC,HG,2036-01-01T00:00:00,F,78,49.99994045441417,61100.0,34300.0,0.0008183296310051419,86838.02276301051,5108.394994329807,0.0005757839580349373,0.0,0.0
BC,HG,2036-01-01T00:00:00,F,79,94.6114134452364,61100.0,32800.0,0.0015484683051593519,86838.02276301051,5108.394994329807,0.0010895159796929074,0.0,0.0
BC,HG,2036-01-01T00:00:00,F,80,46.56053096018877,61100.0,31400.000000000004,0.0007620381499212564,86838.02276301051,5108.394994329807,0.0005361767746285177,0.0,0.0
BC,HG,2036-01-01T00:00:00,F,81,-97.71072871257275,61100.0,29900.000000000004,-0.0015991935959504542,86838.02276301051,5108.394994329807,0.0,0.019127481101408418,0.0032679173482465795
BC,HG,2036-01-01T00:00:00,F,82,-161.61270987033276,61100.0,27699.999999999996,-0.002645052534702664,86838.02276301051,5108.394994329807,0.0,0.031636690203032246,0.005834393858134758
BC,HG,2036-01-01T00:00:00,F,83,-134.09242577994883,61100.0,25400.000000000007,-0.002194638719802763,86838.02276301051,5108.394994329807,0.0,0.026249423924498427,0.005279229361415306
BC,HG,2036-01-01T00:00:00,F,84,-103.64950898600728,61100.0,23300.0,-0.0016963913090999555,86838.02276301051,5108.394994329807,0.0,0.020290034169451597,0.004448476780515334
BC,HG,2036-01-01T00:00:00,F,85,-161.31644001687164,61100.0,21500.000000000004,-0.002640203600930796,86838.02276301051,5108.394994329807,0.0,0.03157869354189113,0.0075030902333428654
BC,HG,2036-01-01T00:00:00,F,86,-106.86770568555221,61100.0,20100.0,-0.0017490622861792507,86838.02276301051,5108.394994329807,0.0,0.02092001613112783,0.005316801277888169
BC,HG,2036-01-01T00:00:00,F,87,-89.45202085774508,61100.0,18000.0,-0.0014640265279500014,86838.02276301051,5108.394994329807,0.0,0.017510787822209252,0.0049695567143191715
BC,HG,2036-01-01T00:00:00,F,88,-134.6160697512969,61100.0,16600.000000000004,-0.002203208997566234,86838.02276301051,5108.394994329807,0.0,0.02635193047928311,0.008109401792246798
BC,HG,2036-01-01T00:00:00,F,89,-194.7694926624481,61100.0,15000.0,-0.003187716737519609,86838.02276301051,5108.394994329807,0.0,0.03812733605734041,0.012984632844163208
BC,HG,2036-01-01T00:00:00,F,90,-153.68393609917985,61100.0,11200.000000000002,-0.0025152853698720105,86838.02276301051,5108.394994329807,0.0,0.030084583566808216,0.013721780008855341
BC,HG,2036-01-01T00:00:00,F,91,-190.65547760031222,61100.0,9300.0,-0.0031203842487776143,86838.02276301051,5108.394994329807,0.0,0.037321992095743405,0.020500588989280883
BC,HG,2036-01-01T00:00:00,F,92,-106.96825747315779,61100.0,8000.000000000001,-0.0017507079782840883,86838.02276301051,5108.394994329807,0.0,0.020939699767126452,0.013371032184144722
BC,HG,2036-01-01T00:00:00,F,93,-159.49341042189462,61100.0,6499.999999999999,-0.0026103667826823996,86838.02276301051,5108.394994329807,0.0,0.031221824193103393,0.024537447757214562
BC,HG,2036-01-01T00:00:00,F,94,-244.01384056002462,61100.0,5000.000000000001,-0.0039936798782328085,86838.02276301051,5108.394994329807,0.0,0.047767222548544895,0.048802768112004916
BC,HG,2036-01-01T00:00:00,F,95,-123.23250091679165,61100.0,4000.0,-0.0020168985420096833,86838.02276301051,5108.394994329807,0.0,0.024123526284395923,0.030808125229197913
BC,HG,2036-01-01T00:00:00,F,96,-122.45882962229734,61100.0,3000.0,-0.002004236164031053,86838.02276301051,5108.394994329807,0.0,0.023972075330553656,0.04081960987409911
BC,HG,2036-01-01T00:00:00,F,97,-116.30004955751338,61100.0,2200.0,-0.0019034377996319702,86838.02276301051,5108.394994329807,0.0,0.02276645593901873,0.05286365888977881
BC,HG,2036-01-01T00:00:00,F,98,-81.00311092590391,61100.0,1700.0000000000002,-0.0013257464963323062,86838.02276301051,5108.394994329807,0.0,0.015856861306890988,0.04764888877994347
BC,HG,2036-01-01T00:00:00,F,99,-65.41046241569552,61100.0,1200.0000000000002,-0.0010705476663779954,86838.02276301051,5108.394994329807,0.0,0.01280450366275504,0.05450871867974626
BC,HG,2036-01-01T00:00:00,F,100,1474.3605033684516,61100.0,2400.0,0.02413028647084209,86838.02276301051,5108.394994329807,0.01697828274363324,0.0,0.0
BC,HG,2036-01-01T00:00:00,M,1,485.49243165516236,61100.0,31200.000000000004,0.00794586631186845,86838.02276301051,5108.394994329807,0.005590781736015788,0.0,0.0
BC,HG,2036-01-01T00:00:00,M,2,505.4859417118714,61100.0,31200.0,0.008273092335709843,86838.02276301051,5108.394994329807,0.00582102085731952,0.0,0.0
BC,HG,2036-01-01T00:00:00,M,3,503.8162476752623,61100.0,31200.0,0.008245765101068123,86838.02276301051,5108.394994329807,0.005801793173598923,0.0,0.0
BC,HG,2036-01-01T00:00:00,M,4,502.6236410084057,61100.0,31200.0,0.00822624617035034,86838.02276301051,5108.394994329807,0.005788059481502877,0.0,0.0
BC,HG,2036-01-01T00:00:00,M,5,602.1535979932196,61100.0,31400.0,0.009855214369774462,86838.02276301051,5108.394994329807,0.006934215897989247,0.0,0.0
BC,HG,2036-01-01T00:00:00,M,6,601.6858898961982,61100.0,31600.000000000004,0.0098475595727692,86838.02276301051,5108.394994329807,0.006928829915188858,0.0,0.0
BC,HG,2036-01-01T00:00:00,M,7,601.4497066947661,61100.0,31700.000000000004,0.009843694053924159,86838.02276301051,5108.394994329807,0.006926110101978961,0.0,0.0
BC,HG,2036-01-01T00:00:00,M,8,501.45436813108245,61100.0,31700.0,0.008207109134714934,86838.02276301051,5108.394994329807,0.005774594494160705,0.0,0.0
BC,HG,2036-01-01T00:00:00,M,9,501.4497066947588,61100.0,31600.0,0.008207032842794743,86838.02276301051,5108.394994329807,0.005774540814491646,0.0,0.0
BC,HG,2036-01-01T00:00:00,M,10,601.4450452584497,61100.0,31600.0,0.009843617762004087,86838.02276301051,5108.394994329807,0.006926056422309986,0.0,0.0
BC,HG,2036-01-01T00:00:00,M,11,501.44504525844604,61100.0,31500.000000000004,0.008206956550874731,86838.02276301051,5108.394994329807,0.005774487134822713,0.0,0.0
BC,HG,2036-01-01T00:00:00,M,12,401.9143050563216,61100.0,31200.0,0.006577975532836688,86838.02276301051,5108.394994329807,0.004628321699046341,0.0,0.0
BC,HG,2036-01-01T00:00:00,M,13,502.1396135906725,61100.0,31100.0,0.008218324281353068,86838.02276301051,5108.394994329807,0.005782485570417245,0.0,0.0
BC,HG,2036-01-01T00:00:00,M,14,802.824868223368,61100.0,31100.0,0.013139523211511751,86838.02276301051,5108.394994329807,0.009245084614770143,0.0,0.0
BC,HG,2036-01-01T00:00:00,M,15,1303.642216836648,61100.0,30600.0,0.02133620649487149,86838.02276301051,5108.394994329807,0.015012343387808536,0.0,0.0
BC,HG,2036-01-01T00:00:00,M,16,2105.7617666771366,61100.0,33000.0,0.03446418603399569,86838.02276301051,5108.394994329807,0.02424930577270244,0.0,0.0
BC,HG,2036-01-01T00:00:00,M,17,1808.6910140361506,61100.0,34700.0,0.02960214425591081,86838.02276301051,5108.394994329807,0.02082833022318168,0.0,0.0
BC,HG,2036-01-01T00:00:00,M,18,2712.202371312247,61100.0,37600.0,0.04438956417859652,86838.02276301051,5108.394994329807,0.03123288952253224,0.0,0.0
BC,HG,2036-01-01T00:00:00,M,19,5416.829700069451,61100.0,43400.0,0.0886551505739681,86838.02276301051,5108.394994329807,0.06237854718148652,0.0,0.0
BC,HG,2036-01-01T00:00:00,M,20,3523.161271118792,61100.0,46699.99999999999,0.05766221392993113,86838.02276301051,5108.394994329807,0.04057164314684876,0.0,0.0
BC,HG,2036-01-01T00:00:00,M,21,1129.5188234441448,61100.0,48000.0,0.01848639645571432,86838.02276301051,5108.394994329807,0.013007191867169898,0.0,0.0
BC,HG,2036-01-01T00:00:00,M,22,-65.74577851468348,61100.0,47300.00000000001,-0.0010760356549048033,86838.02276301051,5108.394994329807,0.0,0.012870143868604461,0.0013899741757861198
BC,HG,2036-01-01T00:00:00,M,23,-261.935711329912,61100.0,46800.0,-0.0042870001854322754,86838.02276301051,5108.394994329807,0.0,0.05127553989475251,0.005596916908758804
BC,HG,2036-01-01T00:00:00,M,24,-259.5189691569758,61100.0,45800.0,-0.004247446303714825,86838.02276301051,5108.394994329807,0.0,0.05080244762690346,0.005666353038361917
BC,HG,2036-01-01T00:00:00,M,25,41.70628557988675,61100.0,45100.0,0.0006825905986888176,86838.02276301051,5108.394994329807,0.00048027677568969186,0.0,0.0
BC,HG,2036-01-01T00:00:00,M,26,243.90684915902966,61100.0,45400.0,0.00399192879147348,86838.02276301051,5108.394994329807,0.0028087563649931944,0.0,0.0
BC,HG,2036-01-01T00:00:00,M,27,546.2637765955296,61100.0,45600.0,0.008940487341989028,86838.02276301051,5108.394994329807,0.0062906058799419825,0.0,0.0
BC,HG,2036-01-01T00:00:00,M,28,548.5018757643847,61100.0,45400.0,0.008977117442952287,86838.02276301051,5108.394994329807,0.006316379142594026,0.0,0.0
BC,HG,2036-01-01T00:00:00,M,29,550.8381925287686,61100.0,44700.0,0.009015355033204069,86838.02276301051,5108.394994329807,0.006343283448911084,0.0,0.0
BC,HG,2036-01-01T00:00:00,M,30,653.4148672355514,61100.0,44100.0,0.010694187679796258,86838.02276301051,5108.394994329807,0.0075245249309600784,0.0,0.0
BC,HG,2036-01-01T00:00:00,M,31,657.2089870970449,61100.0,43899.99999999999,0.010756284567873075,86838.02276301051,5108.394994329807,0.007568216850015491,0.0,0.0
BC,HG,2036-01-01T00:00:00,M,32,461.5318138403163,61100.0,43899.99999999999,0.00755371217414593,86838.02276301051,5108.394994329807,0.005314858620167826,0.0,0.0
BC,HG,2036-01-01T00:00:00,M,33,564.352338949473,61100.0,43400.0,0.009236535825686957,86838.02276301051,5108.394994329807,0.006498908208557972,0.0,0.0
BC,HG,2036-01-01T00:00:00,M,34,667.070405639919,61100.0,42899.99999999999,0.010917682580031408,86838.02276301051,5108.394994329807,0.0076817779172658005,0.0,0.0
BC,HG,2036-01-01T00:00:00,M,35,773.327018211894,61100.0,45200.0,0.012656743342256858,86838.02276301051,5108.394994329807,0.008905396433568961,0.0,0.0
BC,HG,2036-01-01T00:00:00,M,36,779.3240665989215,61100.0,47300.0,0.012754894707019992,86838.02276301051,5108.394994329807,0.008974456600949718,0.0,0.0
BC,HG,2036-01-01T00:00:00,M,37,483.2473133270396,61100.0,47999.99999999999,0.00790912133104811,86838.02276301051,5108.394994329807,0.005564927642881379,0.0,0.0
BC,HG,2036-01-01T00:00:00,M,38,486.7520897612849,61100.0,48300.0,0.007966482647484204,86838.02276301051,5108.394994329807,0.005605287571893238,0.0,0.0
BC,HG,2036-01-01T00:00:00,M,39,391.42161122016114,61100.0,48900.0,0.006406245682817694,86838.02276301051,5108.394994329807,0.004507491059399051,0.0,0.0
BC,HG,2036-01-01T00:00:00,M,40,495.9850402327429,61100.0,49400.0,0.008117594766493336,86838.02276301051,5108.394994329807,0.005711611393851456,0.0,0.0
BC,HG,2036-01-01T00:00:00,M,41,400.9950973678642,61100.0,49700.0,0.006562931217149987,86838.02276301051,5108.394994329807,0.004617736385617844,0.0,0.0
BC,HG,2036-01-01T00:00:00,M,42,405.7757710553051,61100.0,49600.0,0.0066411746490229965,86838.02276301051,5108.394994329807,0.0046727891555373964,0.0,0.0
BC,HG,2036-01-01T00:00:00,M,43,310.69379121062957,61100.0,49300.00000000001,0.005085004766131417,86838.02276301051,5108.394994329807,0.0035778542777113137,0.0,0.0
BC,HG,2036-01-01T00:00:00,M,44,416.1861163140129,61100.0,49299.99999999999,0.0068115567318169055,86838.02276301051,5108.394994329807,0.004792671494258059,0.0,0.0
BC,HG,2036-01-01T00:00:00,M,45,221.90426999196643,61100.0,49099.99999999999,0.0036318211127981414,86838.02276301051,5108.394994329807,0.0025553814208502303,0.0,0.0
BC,HG,2036-01-01T00:00:00,M,46,427.59927468567184,61100.0,49000.0,0.006998351467850603,86838.02276301051,5108.394994329807,0.004924101920798361,0.0,0.0
BC,HG,2036-01-01T00:00:00,M,47,331.6599027439297,61100.0,47900.0,0.005428148981079046,86838.02276301051,5108.394994329807,0.0038192935789091165,0.0,0.0
BC,HG,2036-01-01T00:00:00,M,48,334.0595477885072,61100.0,46300.0,0.005467423040728432,86838.02276301051,5108.394994329807,0.00384692715425118,0.0,0.0
BC,HG,2036-01-01T00:00:00,M,49,239.4435838185891,61100.0,45499.99999999999,0.003918880258896712,86838.02276301051,5108.394994329807,0.0027573587721136184,0.0,0.0
BC,HG,2036-01-01T00:00:00,M,50,146.89302697050152,61100.0,45299.99999999999,0.002404141194279894,86838.02276301051,5108.394994329807,0.0016915749840526312,0.0,0.0
BC,HG,2036-01-01T00:00:00,M,51,151.92614410854003,61100.0,44300.0,0.002486516270188871,86838.02276301051,5108.394994329807,0.001749534815217539,0.0,0.0
BC,HG,2036-01-01T00:00:00,M,52,256.1711303701013,61100.0,43100.0,0.004192653524878909,86838.02276301051,5108.394994329807,0.0029499880607509626,0.0,0.0
BC,HG,2036-01-01T00:00:00,M,53,160.5402114606186,61100.0,41699.99999999999,0.0026274993692408937,86838.02276301051,5108.394994329807,0.0018487317692475404,0.0,0.0
BC,HG,2036-01-01T00:00:00,M,54,65.38114881120418,61100.0,40399.99999999999,0.0010700679019837018,86838.02276301051,5108.394994329807,0.0007529092295161505,0.0,0.0
BC,HG,2036-01-01T00:00:00,M,55,269.58251671888866,61100.0,39100.0,0.0044121524831242,86838.02276301051,5108.394994329807,0.0031044294669698527,0.0,0.0
BC,HG,2036-01-01T00:00:00,M,56,273.5752586877061,61100.0,37600.0,0.0044775001421883155,86838.02276301051,5108.394994329807,0.0031504086572113673,0.0,0.0
BC,HG,2036-01-01T00:00:00,M,57,176.58333403608412,61100.0,35799.99999999999,0.002890070933487465,86838.02276301051,5108.394994329807,0.002033479441580532,0.0,0.0
BC,HG,2036-01-01T00:00:00,M,58,281.73012136790203,61100.0,34600.0,0.004610967616495942,86838.02276301051,5108.394994329807,0.003244317551273262,0.0,0.0
BC,HG,2036-01-01T00:00:00,M,59,192.67680497998663,61100.0,34199.99999999999,0.003153466529950681,86838.02276301051,5108.394994329807,0.002218806910261195,0.0,0.0
BC,HG,2036-01-01T00:00:00,M,60,302.3120547526123,61100.0,33600.0,0.004947824136703966,86838.02276301051,5108.394994329807,0.003481332774902667,0.0,0.0
BC,HG,2036-01-01T00:00:00,M,61,215.64388630993926,61100.0,33300.0,0.0035293598414065344,86838.02276301051,5108.394994329807,0.0024832887650891432,0.0,0.0
BC,HG,2036-01-01T00:00:00,M,62,328.26595465119317,61100.0,32900.0,0.005372601549119365,86838.02276301051,5108.394994329807,0.0037802099150399037,0.0,0.0
BC,HG,2036-01-01T00:00:00,M,63,245.66581042410326,61100.0,32800.0,0.004020717028217729,86838.02276301051,5108.394994329807,0.002829012022700579,0.0,0.0
BC,HG,2036-01-01T00:00:00,M,64,267.8338744423818,61100.0,33200.0,0.0043835331332632045,86838.02276301051,5108.394994329807,0.003084292639565582,0.0,0.0
BC,HG,2036-01-01T00:00:00,M,65,303.0179500345039,61100.0,34799.99999999999,0.004959377250973877,86838.02276301051,5108.394994329807,0.0034894616481707516,0.0,0.0
BC,HG,2036-01-01T00:00:00,M,66,327.47708587753004,61100.0,34800.0,0.005359690439894108,86838.02276301051,5108.394994329807,0.003771125544523822,0.0,0.0
BC,HG,2036-01-01T00:00:00,M,67,248.55053572389443,61100.0,34099.99999999999,0.004067930208247045,86838.02276301051,5108.394994329807,0.0028622316332813477,0.0,0.0
BC,HG,2036-01-01T00:00:00,M,68,268.009708743215,61100.0,33199.99999999999,0.0043864109450608025,86838.02276301051,5108.394994329807,0.0030863174933708454,0.0,0.0
BC,HG,2036-01-01T00:00:00,M,69,293.52189780370463,61100.0,32699.999999999996,0.004803959047523808,86838.02276301051,5108.394994329807,0.0033801080271571213,0.0,0.0
BC,HG,2036-01-01T00:00:00,M,70,242.26480814207753,61100.0,33700.0,0.003965054143078192,86838.02276301051,5108.394994329807,0.0027898471249540304,0.0,0.0
BC,HG,2036-01-01T00:00:00,M,71,301.43582387438073,61100.0,35100.0,0.004933483205800012,86838.02276301051,5108.394994329807,0.0034712423692214722,0.0,0.0
BC,HG,2036-01-01T00:00:00,M,72,262.5707282349176,61100.0,36000.0,0.0042973932608006155,86838.02276301051,5108.394994329807,0.003023683864284876,0.0,0.0
BC,HG,2036-01-01T00:00:00,M,73,217.7611183175395,61100.0,36100.0,0.003564011756424542,86838.02276301051,5108.394994329807,0.002507670158633517,0.0,0.0
BC,HG,2036-01-01T00:00:00,M,74,142.5799207894015,61100.0,34200.0,0.00233355025841901,86838.02276301051,5108.394994329807,0.0016419065779343701,0.0,0.0
BC,HG,2036-01-01T00:00:00,M,75,192.01044402681873,61100.0,33600.0,0.003142560458704071,86838.02276301051,5108.394994329807,0.002211133302180706,0.0,0.0
BC,HG,2036-01-01T00:00:00,M,76,137.0534557476094,61100.0,32500.0,0.0022431007487333783,86838.02276301051,5108.394994329807,0.0015782655038293738,0.0,0.0
BC,HG,2036-01-01T00:00:00,M,77,170.8705019069639,61100.0,30899.999999999996,0.0027965712259732226,86838.02276301051,5108.394994329807,0.0019676922213358807,0.0,0.0
BC,HG,2036-01-01T00:00:00,M,78,29.745741322203685,61100.0,30000.0,0.00048683701018336636,86838.02276301051,5108.394994329807,0.000342542821401896,0.0,0.0
BC,HG,2036-01-01T00:00:00,M,79,155.4562403576747,61100.0,28100.0,0.0025442919862139883,86838.02276301051,5108.394994329807,0.0017901863194413124,0.0,0.0
BC,HG,2036-01-01T00:00:00,M,80,105.38168026032145,61100.0,26799.999999999996,0.0017247410844569795,86838.02276301051,5108.394994329807,0.001213543064515856,0.0,0.0
BC,HG,2036-01-01T00:00:00,M,81,43.3386418195696,61100.0,25099.999999999996,0.0007093067400911555,86838.02276301051,5108.394994329807,0.000499074488808261,0.0,0.0
BC,HG,2036-01-01T00:00:00,M,82,56.68696941744929,61100.0,22900.0,0.0009277736402201193,86838.02276301051,5108.394994329807,0.0006527897298186256,0.0,0.0
BC,HG,2036-01-01T00:00:00,M,83,-9.738217965346848,61100.0,21199.999999999996,-0.00015938163609405644,86838.02276301051,5108.394994329807,0.0,0.0019063165585582226,0.0004593499040257948
BC,HG,2036-01-01T00:00:00,M,84,-88.60389955353457,61100.0,19299.999999999996,-0.001450145655540664,86838.02276301051,5108.394994329807,0.0,0.017344762817261144,0.004590875624535471
BC,HG,2036-01-01T00:00:00,M,85,-62.28930627095542,61100.0,17699.999999999996,-0.0010194649144182556,86838.02276301051,5108.394994329807,0.0,0.012193517991481674,0.0035191698458166914
BC,HG,2036-01-01T00:00:00,M,86,-29.0234758442366,61100.0,16300.0,-0.0004750159712641015,86838.02276301051,5108.394994329807,0.0,0.005681525386437804,0.0017805813401372147
BC,HG,2036-01-01T00:00:00,M,87,-134.12340058454356,61100.0,14299.999999999998,-0.0021951456724147883,86838.02276301051,5108.394994329807,0.0,0.026255487434588994,0.009379258782135915
BC,HG,2036-01-01T00:00:00,M,88,-99.57558148705903,61100.0,13099.999999999998,-0.0016297149179551396,86838.02276301051,5108.394994329807,0.0,0.01949253759695276,0.0076011894264930565
BC,HG,2036-01-01T00:00:00,M,89,-195.74346404715288,61100.0,11500.0,-0.003203657349380571,86838.02276301051,5108.394994329807,0.0,0.038317996996008206,0.017021170786708947
BC,HG,2036-01-01T00:00:00,M,90,-89.14260630439094,61100.0,8399.999999999998,-0.0014589624599736651,86838.02276301051,5108.394994329807,0.0,0.01745021800454684,0.010612215036237018
BC,HG,2036-01-01T00:00:00,M,91,-160.40445635821925,61100.0,6700.0,-0.0026252775181377945,86838.02276301051,5108.394994329807,0.0,0.03140016708501678,0.02394096363555511
BC,HG,2036-01-01T00:00:00,M,92,-91.28230054435335,61100.0,5699.999999999999,-0.0014939820056358976,86838.02276301051,5108.394994329807,0.0,0.01786907642139546,0.016014438691991817
BC,HG,2036-01-01T00:00:00,M,93,-159.96274647927748,61100.0,4500.0,-0.0026180482238834287,86838.02276301051,5108.394994329807,0.0,0.03131369963693728,0.035547276995395
BC,HG,2036-01-01T00:00:00,M,94,-74.53561390301729,61100.0,3399.9999999999995,-0.001219895481227779,86838.02276301051,5108.394994329807,0.0,0.014590808656290283,0.021922239383240383
BC,HG,2036-01-01T00:00:00,M,95,-76.08335218312232,61100.0,2500.0,-0.0012452267133080575,86838.02276301051,5108.394994329807,0.0,0.014893788022964743,0.030433340873248928
BC,HG,2036-01-01T00:00:00,M,96,-57.86981489624418,61100.0,1900.0,-0.0009471328133591519,86838.02276301051,5108.394994329807,0.0,0.011328375147277815,0.030457797313812728
BC,HG,2036-01-01T00:00:00,M,97,-57.60992791728222,61100.0,1299.9999999999998,-0.0009428793439817057,86838.02276301051,5108.394994329807,0.0,0.011277500659449363,0.04431532916714018
BC,HG,2036-01-01T00:00:00,M,98,-36.75936477886546,61100.0,899.9999999999999,-0.0006016262647932154,86838.02276301051,5108.394994329807,0.0,0.007195873619731336,0.04084373864318385
BC,HG,2036-01-01T00:00:00,M,99,-85.80709654143197,61100.0,600.0,-0.001404371465489885,86838.02276301051,5108.394994329807,0.0,0.01679727128318694,0.14301182756905328
BC,HG,2036-01-01T00:00:00,M,100,654.2874856838654,61100.0,1100.0,0.010708469487460973,86838.02276301051,5108.394994329807,0.007534573737007811,0.0,0.0
BC,HG,2037-01-01T00:00:00,F,1,480.46469279823214,62400.0,30199.999999999996,0.007699754692279361,87959.43103652145,5746.647495498978,0.005462344255032066,0.0,0.0
BC,HG,2037-01-01T00:00:00,F,2,303.5460910813272,62400.0,29999.999999999996,0.004864520690405884,87959.43103652145,5746.647495498978,0.003450978337448459,0.0,0.0
BC,HG,2037-01-01T00:00:00,F,3,402.81775209516854,62400.0,29900.0,0.0064554126938328295,87959.43103652145,5746.647495498978,0.004579585694772349,0.0,0.0
BC,HG,2037-01-01T00:00:00,F,4,402.34015744413773,62400.0,29799.999999999996,0.006447758933399643,87959.43103652145,5746.647495498978,0.004574155979670706,0.0,0.0
BC,HG,2037-01-01T00:00:00,F,5,402.10613740218105,62400.0,29799.999999999996,0.00644400861221444,87959.43103652145,5746.647495498978,0.004571495434471642,0.0,0.0
BC,HG,2037-01-01T00:00:00,F,6,501.8721183152593,62400.0,29900.000000000004,0.008042822408898385,87959.43103652145,5746.647495498978,0.005705722654195865,0.0,0.0
BC,HG,2037-01-01T00:00:00,F,7,401.64367195267914,62400.0,29900.0,0.0064365973069339605,87959.43103652145,5746.647495498978,0.00456623772140947,0.0,0.0
BC,HG,2037-01-01T00:00:00,F,8,301.4088587989827,62400.0,29799.999999999996,0.00483027017306062,87959.43103652145,5746.647495498978,0.0034266804053545478,0.0,0.0
BC,HG,2037-01-01T00:00:00,F,9,401.39930721390556,62400.0,29700.0,0.00643268120535105,87959.43103652145,5746.647495498978,0.0045634595686190995,0.0,0.0
BC,HG,2037-01-01T00:00:00,F,10,401.394531421367,62400.0,29600.0,0.006432604670214215,87959.43103652145,5746.647495498978,0.004563405273218569,0.0,0.0
BC,HG,2037-01-01T00:00:00,F,11,301.3897556288284,62400.0,29400.0,0.004829964032513276,87959.43103652145,5746.647495498978,0.0034264632237524253,0.0,0.0
BC,HG,2037-01-01T00:00:00,F,12,401.6102413366898,62400.0,29299.999999999996,0.006436061559882849,87959.43103652145,5746.647495498978,0.004565857652830178,0.0,0.0
BC,HG,2037-01-01T00:00:00,F,13,401.8275440696525,62400.0,29100.0,0.0064395439754752004,87959.43103652145,5746.647495498978,0.004568328140990481,0.0,0.0
BC,HG,2037-01-01T00:00:00,F,14,802.0416638082388,62400.0,29299.999999999996,0.0128532317917987,87959.43103652145,5746.647495498978,0.009118313458339957,0.0,0.0
BC,HG,2037-01-01T00:00:00,F,15,1402.731786777007,62400.0,29999.999999999996,0.022479676070144346,87959.43103652145,5746.647495498978,0.015947485906253552,0.0,0.0
BC,HG,2037-01-01T00:00:00,F,16,2303.8159438880357,62400.0,30500.0,0.036920127305898005,87959.43103652145,5746.647495498978,0.026191801342274182,0.0,0.0
BC,HG,2037-01-01T00:00:00,F,17,1905.8457847741265,62400.0,32499.999999999996,0.030542400397021257,87959.43103652145,5746.647495498978,0.021667327338472715,0.0,0.0
BC,HG,2037-01-01T00:00:00,F,18,2607.808803207892,62400.0,35300.0,0.04179180774371622,87959.43103652145,5746.647495498978,0.029647858933115535,0.0,0.0
BC,HG,2037-01-01T00:00:00,F,19,5110.230373860948,62400.0,40799.99999999999,0.08189471752982289,87959.43103652145,5746.647495498978,0.058097583324966486,0.0,0.0
BC,HG,2037-01-01T00:00:00,F,20,2913.381134395495,62400.0,43900.0,0.04668880023069703,87959.43103652145,5746.647495498978,0.033121873346200204,0.0,0.0
BC,HG,2037-01-01T00:00:00,F,21,715.6897270515401,62400.0,44500.00000000001,0.01146938665146699,87959.43103652145,5746.647495498978,0.008136588863954566,0.0,0.0
BC,HG,2037-01-01T00:00:00,F,22,-383.07314061588113,62400.0,43899.99999999999,-0.006138992638075018,87959.43103652145,5746.647495498978,0.0,0.0666602816539418,0.008726039649564492
BC,HG,2037-01-01T00:00:00,F,23,17.741310411940503,62400.0,43700.00000000001,0.000284315871986226,87959.43103652145,5746.647495498978,0.00020169878548411907,0.0,0.0
BC,HG,2037-01-01T00:00:00,F,24,218.3949331092299,62400.0,43800.0,0.003499918799827402,87959.43103652145,5746.647495498978,0.0024829052500186205,0.0,0.0
BC,HG,2037-01-01T00:00:00,F,25,618.3105526821237,62400.0,44000.0,0.009908822959649418,87959.43103652145,5746.647495498978,0.007029496955538472,0.0,0.0
BC,HG,2037-01-01T00:00:00,F,26,418.31055268212367,62400.0,43800.0,0.0067036947545212125,87959.43103652145,5746.647495498978,0.004755721447407247,0.0,0.0
BC,HG,2037-01-01T00:00:00,F,27,618.8710045941625,62400.0,44500.0,0.009917804560803887,87959.43103652145,5746.647495498978,0.0070358686646938675,0.0,0.0
BC,HG,2037-01-01T00:00:00,F,28,719.3518542922029,62400.0,44900.0,0.011528074588016073,87959.43103652145,5746.647495498978,0.008178223140091962,0.0,0.0
BC,HG,2037-01-01T00:00:00,F,29,820.2371389425898,62400.0,45400.0,0.013144825944592785,87959.43103652145,5746.647495498978,0.009325175586936447,0.0,0.0
BC,HG,2037-01-01T00:00:00,F,30,720.8063983690809,62400.0,45000.00000000001,0.011551384589248091,87959.43103652145,5746.647495498978,0.008194759673579475,0.0,0.0
BC,HG,2037-01-01T00:00:00,F,31,821.6670627007479,62400.0,44700.0,0.013167741389435062,87959.43103652145,5746.647495498978,0.009341432215035422,0.0,0.0
BC,HG,2037-01-01T00:00:00,F,32,523.117666140155,62400.0,44500.00000000001,0.008383295931733254,87959.43103652145,5746.647495498978,0.005947260685701258,0.0,0.0
BC,HG,2037-01-01T00:00:00,F,33,524.5746618169942,62400.0,44600.00000000001,0.008406645221426189,87959.43103652145,5746.647495498978,0.005963825091128507,0.0,0.0
BC,HG,2037-01-01T00:00:00,F,34,625.9123227793389,62400.0,44000.0,0.01003064619838684,87959.43103652145,5746.647495498978,0.007115920548865933,0.0,0.0
BC,HG,2037-01-01T00:00:00,F,35,727.4490324473081,62400.0,43800.00000000001,0.01165783705845045,87959.43103652145,5746.647495498978,0.00827027896696223,0.0,0.0
BC,HG,2037-01-01T00:00:00,F,36,631.444239322358,62400.0,46000.00000000001,0.010119298707089072,87959.43103652145,5746.647495498978,0.007178812230608647,0.0,0.0
BC,HG,2037-01-01T00:00:00,F,37,535.0972337466446,62400.0,47400.0,0.008575276181837253,87959.43103652145,5746.647495498978,0.006083454922809449,0.0,0.0
BC,HG,2037-01-01T00:00:00,F,38,338.0330286529643,62400.0,47600.0,0.0054171959720026325,87959.43103652145,5746.647495498978,0.003843056107452654,0.0,0.0
BC,HG,2037-01-01T00:00:00,F,39,440.0006487261344,62400.0,47800.0,0.007051292447534205,87959.43103652145,5746.647495498978,0.005002313493176674,0.0,0.0
BC,HG,2037-01-01T00:00:00,F,40,441.711157030295,62400.0,47600.0,0.007078704439588061,87959.43103652145,5746.647495498978,0.005021760052618952,0.0,0.0
BC,HG,2037-01-01T00:00:00,F,41,344.13017844404385,62400.0,48500.0,0.005514906705834036,87959.43103652145,5746.647495498978,0.0039123738567744745,0.0,0.0
BC,HG,2037-01-01T00:00:00,F,42,345.3812887808672,62400.0,48200.0,0.005534956550975436,87959.43103652145,5746.647495498978,0.003926597576983668,0.0,0.0
BC,HG,2037-01-01T00:00:00,F,43,446.809166064857,62400.0,48200.0,0.007160403302321426,87959.43103652145,5746.647495498978,0.0050797186930340455,0.0,0.0
BC,HG,2037-01-01T00:00:00,F,44,348.9162926796271,62400.0,48299.99999999999,0.005591607254481203,87959.43103652145,5746.647495498978,0.003966786603414411,0.0,0.0
BC,HG,2037-01-01T00:00:00,F,45,351.6366199328477,62400.0,48700.00000000001,0.0056352022425135845,87959.43103652145,5746.647495498978,0.003997713670826786,0.0,0.0
BC,HG,2037-01-01T00:00:00,F,46,354.22256953595934,62400.0,48600.00000000001,0.005676643742563451,87959.43103652145,5746.647495498978,0.004027113015190871,0.0,0.0
BC,HG,2037-01-01T00:00:00,F,47,356.91528331200243,62400.0,48600.00000000001,0.005719796206923116,87959.43103652145,5746.647495498978,0.0040577261483627424,0.0,0.0
BC,HG,2037-01-01T00:00:00,F,48,159.12740607521118,62400.0,47400.0,0.0025501186871027433,87959.43103652145,5746.647495498978,0.0018090999930313355,0.0,0.0
BC,HG,2037-01-01T00:00:00,F,49,261.56506755527516,62400.0,46500.00000000001,0.004191747877488384,87959.43103652145,5746.647495498978,0.00297370122194937,0.0,0.0
BC,HG,2037-01-01T00:00:00,F,50,164.56523986143293,62400.0,45400.0,0.0026372634593178354,87959.43103652145,5746.647495498978,0.001870922059433333,0.0,0.0
BC,HG,2037-01-01T00:00:00,F,51,269.15598468079406,62400.0,45200.0,0.004313397190397341,87959.43103652145,5746.647495498978,0.0030600014291706635,0.0,0.0
BC,HG,2037-01-01T00:00:00,F,52,172.8767934885327,62400.0,44100.0,0.0027704614341111013,87959.43103652145,5746.647495498978,0.001965415094792427,0.0,0.0
BC,HG,2037-01-01T00:00:00,F,53,277.23663488218153,62400.0,43500.000000000015,0.00444289478977855,87959.43103652145,5746.647495498978,0.003151869351759116,0.0,0.0
BC,HG,2037-01-01T00:00:00,F,54,281.90448491664574,62400.0,42700.0,0.0045177000787924,87959.43103652145,5746.647495498978,0.0032049375671790873,0.0,0.0
BC,HG,2037-01-01T00:00:00,F,55,287.21650768476684,62400.0,41999.99999999999,0.00460282864879434,87959.43103652145,5746.647495498978,0.003265329303523033,0.0,0.0
BC,HG,2037-01-01T00:00:00,F,56,291.1515403365993,62400.0,40500.00000000001,0.004665890069496783,87959.43103652145,5746.647495498978,0.0033100662078601995,0.0,0.0
BC,HG,2037-01-01T00:00:00,F,57,296.8968633012919,62400.0,39700.00000000001,0.004757962552905319,87959.43103652145,5746.647495498978,0.003375384081077309,0.0,0.0
BC,HG,2037-01-01T00:00:00,F,58,300.55952843854175,62400.0,38000.00000000001,0.004816659109592015,87959.43103652145,5746.647495498978,0.003417024472495133,0.0,0.0
BC,HG,2037-01-01T00:00:00,F,59,306.11660997977015,62400.0,36900.0,0.004905714903521957,87959.43103652145,5746.647495498978,0.0034802022520207996,0.0,0.0
BC,HG,2037-01-01T00:00:00,F,60,214.82501570434397,62400.0,36500.0,0.0034427085850055124,87959.43103652145,5746.647495498978,0.0024423192962122154,0.0,0.0
BC,HG,2037-01-01T00:00:00,F,61,325.32598310871253,62400.0,36700.0,0.005213557421613983,87959.43103652145,5746.647495498978,0.003698591262756516,0.0,0.0
BC,HG,2037-01-01T00:00:00,F,62,335.0920749034194,62400.0,36200.00000000001,0.005370065302939413,87959.43103652145,5746.647495498978,0.003809620764421345,0.0,0.0
BC,HG,2037-01-01T00:00:00,F,63,247.31506844134128,62400.0,36000.0,0.003963382507072777,87959.43103652145,5746.647495498978,0.002811694727068597,0.0,0.0
BC,HG,2037-01-01T00:00:00,F,64,261.7970385923327,62400.0,36100.0,0.004195465362056614,87959.43103652145,5746.647495498978,0.002976338472262656,0.0,0.0
BC,HG,2037-01-01T00:00:00,F,65,178.78536842321046,62400.0,36300.0,0.002865150134987347,87959.43103652145,5746.647495498978,0.002032588959664568,0.0,0.0
BC,HG,2037-01-01T00:00:00,F,66,106.97532875114848,62400.0,38200.0,0.001714348217165841,87959.43103652145,5746.647495498978,0.0012161894124432374,0.0,0.0
BC,HG,2037-01-01T00:00:00,F,67,126.86589221498434,62400.0,38100.0,0.0020331072470350054,87959.43103652145,5746.647495498978,0.0014423227926782362,0.0,0.0
BC,HG,2037-01-01T00:00:00,F,68,147.12790746240353,62400.0,37700.00000000001,0.0023578190298462103,87959.43103652145,5746.647495498978,0.0016726791627530522,0.0,0.0
BC,HG,2037-01-01T00:00:00,F,69,262.39800074979576,62400.0,36399.99999999999,0.0042050961658621116,87959.43103652145,5746.647495498978,0.002983170737437422,0.0,0.0
BC,HG,2037-01-01T00:00:00,F,70,282.29084348310425,62400.0,35500.0,0.0045238917224856455,87959.43103652145,5746.647495498978,0.0032093300304079373,0.0,0.0
BC,HG,2037-01-01T00:00:00,F,71,222.34357697761152,62400.0,36600.00000000001,0.0035631983490001847,87959.43103652145,5746.647495498978,0.002527796898609914,0.0,0.0
BC,HG,2037-01-01T00:00:00,F,72,69.31797733648273,62400.0,37700.0,0.0011108650214179923,87959.43103652145,5746.647495498978,0.0007880675957044488,0.0,0.0
BC,HG,2037-01-01T00:00:00,F,73,225.29962486652948,62400.0,39300.00000000001,0.0036105709113225877,87959.43103652145,5746.647495498978,0.0025614038450633373,0.0,0.0
BC,HG,2037-01-01T00:00:00,F,74,268.20307171261084,62400.0,39000.0,0.0042981261492405585,87959.43103652145,5746.647495498978,0.0030491678783284852,0.0,0.0
BC,HG,2037-01-01T00:00:00,F,75,98.79347454172967,62400.0,37200.00000000001,0.0015832287586815652,87959.43103652145,5746.647495498978,0.001123170913880853,0.0,0.0
BC,HG,2037-01-01T00:00:00,F,76,51.908648991906375,62400.0,36900.0,0.0008318693748702945,87959.43103652145,5746.647495498978,0.0005901430736898866,0.0,0.0
BC,HG,2037-01-01T00:00:00,F,77,1.476750130263099,62400.0,35999.99999999999,2.3665867472165048e-05,87959.43103652145,5746.647495498978,1.6788991389109152e-05,0.0,0.0
BC,HG,2037-01-01T00:00:00,F,78,-52.98547337389755,62400.0,34599.99999999999,-0.0008491261758637428,87959.43103652145,5746.647495498978,0.0,0.009220240743041582,0.0015313720628294092
BC,HG,2037-01-01T00:00:00,F,79,102.03095460838085,62400.0,33700.0,0.0016351114520573855,87959.43103652145,5746.647495498978,0.0011599774282989256,0.0,0.0
BC,HG,2037-01-01T00:00:00,F,80,-49.21114841784947,62400.0,32000.0,-0.0007886401990039979,87959.43103652145,5746.647495498978,0.0,0.008563453466807171,0.001537848388057796
BC,HG,2037-01-01T00:00:00,F,81,-194.96733934358417,62400.0,30400.000000000004,-0.003124476592044618,87959.43103652145,5746.647495498978,0.0,0.03392714439093245,0.006413399320512637
BC,HG,2037-01-01T00:00:00,F,82,-140.274541788036,62400.0,28900.0,-0.002247989451731346,87959.43103652145,5746.647495498978,0.0,0.02440980448129193,0.004853790373288443
BC,HG,2037-01-01T00:00:00,F,83,-105.6687752233629,62400.0,26700.0,-0.0016934098593487643,87959.43103652145,5746.647495498978,0.0,0.018387899258850877,0.003957632030837562
BC,HG,2037-01-01T00:00:00,F,84,-177.67276199137268,62400.0,24300.000000000004,-0.0028473199037078955,87959.43103652145,5746.647495498978,0.0,0.03091763713200325,0.007311636295941262
BC,HG,2037-01-01T00:00:00,F,85,-147.24972719120706,62400.0,22200.0,-0.002359771269089857,87959.43103652145,5746.647495498978,0.0,0.02562358789303492,0.006632870594198516
BC,HG,2037-01-01T00:00:00,F,86,-208.34772339419578,62400.0,20300.0,-0.0033389058236249322,87959.43103652145,5746.647495498978,0.0,0.03625552525318156,0.010263434649960382
BC,HG,2037-01-01T00:00:00,F,87,-52.84265703162964,62400.0,19000.0,-0.0008468374524299622,87959.43103652145,5746.647495498978,0.0,0.009195388628416531,0.0027811924753489287
BC,HG,2037-01-01T00:00:00,F,88,-139.03814618456818,62400.0,16800.000000000004,-0.00222817541962449,87959.43103652145,5746.647495498978,0.0,0.024194653716531046,0.008276080130033819
BC,HG,2037-01-01T00:00:00,F,89,-291.41149086066616,62400.0,15200.000000000002,-0.004670055943279907,87959.43103652145,5746.647495498978,0.0,0.0507098253527665,0.01917180860925435
BC,HG,2037-01-01T00:00:00,F,90,-263.201280518304,62400.0,13600.000000000002,-0.004217969239075384,87959.43103652145,5746.647495498978,0.0,0.04580083965902808,0.019353035332228232
BC,HG,2037-01-01T00:00:00,F,91,-235.17580000419366,62400.0,10000.0,-0.0037688429487851547,87959.43103652145,5746.647495498978,0.0,0.04092399963428999,0.023517580000419366
BC,HG,2037-01-01T00:00:00,F,92,-290.66210408203096,62400.0,8099.999999999999,-0.004658046539776137,87959.43103652145,5746.647495498978,0.0,0.0505794211859506,0.035884210380497654
BC,HG,2037-01-01T00:00:00,F,93,-216.35437704726428,62400.0,6900.000000000002,-0.0034672175808856454,87959.43103652145,5746.647495498978,0.0,0.037648799098382556,0.03135570681844409
BC,HG,2037-01-01T00:00:00,F,94,-192.61209185795087,62400.0,5500.0,-0.0030867322413133153,87959.43103652145,5746.647495498978,0.0,0.03351729717349341,0.03502038033780925
BC,HG,2037-01-01T00:00:00,F,95,-104.84751876279915,62400.0,4200.0,-0.0016802486981217814,87959.43103652145,5746.647495498978,0.0,0.018244988725151533,0.024963694943523608
BC,HG,2037-01-01T00:00:00,F,96,-84.17216895273532,62400.0,3300.0000000000005,-0.001348912963986143,87959.43103652145,5746.647495498978,0.0,0.014647178031828573,0.025506717864465244
BC,HG,2037-01-01T00:00:00,F,97,-88.70135153226283,62400.0,2400.0,-0.0014214960181452377,87959.43103652145,5746.647495498978,0.0,0.015435321481217972,0.03695889647177618
BC,HG,2037-01-01T00:00:00,F,98,-86.50443660092401,62400.0,1700.0000000000005,-0.0013862890480917309,87959.43103652145,5746.647495498978,0.0,0.015053026424307043,0.050884962706425875
BC,HG,2037-01-01T00:00:00,F,99,-49.06002290926699,62400.0,1300.0,-0.0007862183158536377,87959.43103652145,5746.647495498978,0.0,0.008537155436746888,0.03773847916097461
BC,HG,2037-01-01T00:00:00,F,100,1570.9259853645199,62400.0,2500.0,0.025175095919303205,87959.43103652145,5746.647495498978,0.017859665153043783,0.0,0.0
BC,HG,2037-01-01T00:00:00,M,1,585.2139772828559,62400.0,31800.000000000004,0.009378429123122691,87959.43103652145,5746.647495498978,0.006653226042809104,0.0,0.0
BC,HG,2037-01-01T00:00:00,M,2,505.4680850491677,62400.0,31700.000000000004,0.00810045008091615,87959.43103652145,5746.647495498978,0.005746604759633943,0.0,0.0
BC,HG,2037-01-01T00:00:00,M,3,403.8038218643451,62400.0,31600.0,0.006471215093979889,87959.43103652145,5746.647495498978,0.00459079620122466,0.0,0.0
BC,HG,2037-01-01T00:00:00,M,4,502.61509640496297,62400.0,31700.000000000004,0.008054729109053894,87959.43103652145,5746.647495498978,0.005714169481113096,0.0,0.0
BC,HG,2037-01-01T00:00:00,M,5,602.1396141445548,62400.0,31800.000000000004,0.009649673303598635,87959.43103652145,5746.647495498978,0.006845651535587374,0.0,0.0
BC,HG,2037-01-01T00:00:00,M,6,701.6748039527774,62400.0,32099.999999999996,0.011244788524884254,87959.43103652145,5746.647495498978,0.007977254919503022,0.0,0.0
BC,HG,2037-01-01T00:00:00,M,7,601.4446864128258,62400.0,32200.0,0.009638536641231182,87959.43103652145,5746.647495498978,0.006837750987305742,0.0,0.0
BC,HG,2037-01-01T00:00:00,M,8,501.4492582052735,62400.0,32200.000000000004,0.00803604580457169,87959.43103652145,5746.647495498978,0.005700915209388608,0.0,0.0
BC,HG,2037-01-01T00:00:00,M,9,501.4492582052735,62400.0,32200.0,0.00803604580457169,87959.43103652145,5746.647495498978,0.005700915209388608,0.0,0.0
BC,HG,2037-01-01T00:00:00,M,10,601.4446864128295,62400.0,32200.0,0.009638536641231241,87959.43103652145,5746.647495498978,0.006837750987305783,0.0,0.0
BC,HG,2037-01-01T00:00:00,M,11,501.44468641282947,62400.0,32100.0,0.00803597253866714,87959.43103652145,5746.647495498978,0.005700863233240171,0.0,0.0
BC,HG,2037-01-01T00:00:00,M,12,401.9201619690284,62400.0,31900.000000000004,0.006441028236683148,87959.43103652145,5746.647495498978,0.004569381102546559,0.0,0.0
BC,HG,2037-01-01T00:00:00,M,13,602.1396141445512,62400.0,31800.0,0.009649673303598576,87959.43103652145,5746.647495498978,0.006845651535587333,0.0,0.0
BC,HG,2037-01-01T00:00:00,M,14,802.8436955175166,62400.0,31900.000000000004,0.012866084864062766,87959.43103652145,5746.647495498978,0.009127431658626459,0.0,0.0
BC,HG,2037-01-01T00:00:00,M,15,1303.7916301276018,62400.0,32400.000000000004,0.020894096636660284,87959.43103652145,5746.647495498978,0.01482264738145313,0.0,0.0
BC,HG,2037-01-01T00:00:00,M,16,2105.5961137402373,62400.0,32700.0,0.03374352746378585,87959.43103652145,5746.647495498978,0.023938264367194203,0.0,0.0
BC,HG,2037-01-01T00:00:00,M,17,1808.5498217505155,62400.0,34800.0,0.028983170220360826,87959.43103652145,5746.647495498978,0.020561181449657073,0.0,0.0
BC,HG,2037-01-01T00:00:00,M,18,2711.8991945499,62400.0,37400.0,0.043459922989581734,87959.43103652145,5746.647495498978,0.030831249845441795,0.0,0.0
BC,HG,2037-01-01T00:00:00,M,19,5516.332425452834,62400.0,43100.00000000001,0.0884027632284108,87959.43103652145,5746.647495498978,0.06271450781852386,0.0,0.0
BC,HG,2037-01-01T00:00:00,M,20,3522.8212386155355,62400.0,46900.0,0.056455468567556656,87959.43103652145,5746.647495498978,0.040050523259442555,0.0,0.0
BC,HG,2037-01-01T00:00:00,M,21,1128.8280123306322,62400.0,47799.99999999999,0.018090192505298593,87959.43103652145,5746.647495498978,0.01283350743664922,0.0,0.0
BC,HG,2037-01-01T00:00:00,M,22,34.021181668264035,62400.0,48000.00000000001,0.0005452112446837185,87959.43103652145,5746.647495498978,0.0003867826481749089,0.0,0.0
BC,HG,2037-01-01T00:00:00,M,23,-262.50865139091184,62400.0,46999.99999999999,-0.004206869413315895,87959.43103652145,5746.647495498978,0.0,0.045680312146607206,0.005585290455125785
BC,HG,2037-01-01T00:00:00,M,24,-159.69395493860065,62400.0,46600.0,-0.0025591979958109077,87959.43103652145,5746.647495498978,0.0,0.027789063982727295,0.0034269089042618167
BC,HG,2037-01-01T00:00:00,M,25,141.53981265702896,62400.0,45900.0,0.0022682662284780283,87959.43103652145,5746.647495498978,0.001609148797225172,0.0,0.0
BC,HG,2037-01-01T00:00:00,M,26,242.9679717421095,62400.0,45300.0,0.0038937174958671395,87959.43103652145,5746.647495498978,0.002762273117037641,0.0,0.0
BC,HG,2037-01-01T00:00:00,M,27,545.6767633079944,62400.0,45900.0,0.008744819924807603,87959.43103652145,5746.647495498978,0.006203732298830186,0.0,0.0
BC,HG,2037-01-01T00:00:00,M,28,548.3117111255124,62400.0,46100.0,0.008787046652652442,87959.43103652145,5746.647495498978,0.006233688697893567,0.0,0.0
BC,HG,2037-01-01T00:00:00,M,29,551.2152919427535,62400.0,45900.0,0.008833578396518486,87959.43103652145,5746.647495498978,0.00626669915263418,0.0,0.0
BC,HG,2037-01-01T00:00:00,M,30,653.8340478824393,62400.0,45299.99999999999,0.010478109741705759,87959.43103652145,5746.647495498978,0.007433359222286946,0.0,0.0
BC,HG,2037-01-01T00:00:00,M,31,657.1468567503543,62400.0,44700.0,0.010531199627409525,87959.43103652145,5746.647495498978,0.007471022140621872,0.0,0.0
BC,HG,2037-01-01T00:00:00,M,32,460.9050292750544,62400.0,44300.0,0.0073862985460745895,87959.43103652145,5746.647495498978,0.00523997283570062,0.0,0.0
BC,HG,2037-01-01T00:00:00,M,33,564.5877944375607,62400.0,44399.99999999999,0.009047881321114754,87959.43103652145,5746.647495498978,0.006418729495909761,0.0,0.0
BC,HG,2037-01-01T00:00:00,M,34,667.4931813465446,62400.0,44000.0,0.01069700611132283,87959.43103652145,5746.647495498978,0.007588648237951837,0.0,0.0
BC,HG,2037-01-01T00:00:00,M,35,769.3332295678847,62400.0,43600.0,0.012329058166151999,87959.43103652145,5746.647495498978,0.008746455274914767,0.0,0.0
BC,HG,2037-01-01T00:00:00,M,36,675.4636951903376,62400.0,45800.0,0.01082473870497336,87959.43103652145,5746.647495498978,0.007679264033778024,0.0,0.0
BC,HG,2037-01-01T00:00:00,M,37,481.1344660957984,62400.0,47700.0,0.007710488238714718,87959.43103652145,5746.647495498978,0.005469958825632099,0.0,0.0
BC,HG,2037-01-01T00:00:00,M,38,485.2642855299273,62400.0,48400.0,0.007776671242466783,87959.43103652145,5746.647495498978,0.005516910237043732,0.0,0.0
BC,HG,2037-01-01T00:00:00,M,39,389.1131519880437,62400.0,48600.0,0.0062357876921160845,87959.43103652145,5746.647495498978,0.004423779774410783,0.0,0.0
BC,HG,2037-01-01T00:00:00,M,40,493.95049067834043,62400.0,49300.0,0.007915873248050327,87959.43103652145,5746.647495498978,0.005615662639669057,0.0,0.0
BC,HG,2037-01-01T00:00:00,M,41,399.05667113355594,62400.0,49700.0,0.006395138960473653,87959.43103652145,5746.647495498978,0.004536826425899282,0.0,0.0
BC,HG,2037-01-01T00:00:00,M,42,404.58754064815,62400.0,50000.0,0.006483774689874199,87959.43103652145,5746.647495498978,0.00459970620410405,0.0,0.0
BC,HG,2037-01-01T00:00:00,M,43,309.675251150089,62400.0,49800.0,0.004962744409456555,87959.43103652145,5746.647495498978,0.003520660007697292,0.0,0.0
BC,HG,2037-01-01T00:00:00,M,44,414.6545357314244,62400.0,49600.00000000001,0.006645104739285647,87959.43103652145,5746.647495498978,0.004714156638408184,0.0,0.0
BC,HG,2037-01-01T00:00:00,M,45,320.29758195554314,62400.0,49499.99999999999,0.0051329740698003706,87959.43103652145,5746.647495498978,0.003641423985820839,0.0,0.0
BC,HG,2037-01-01T00:00:00,M,46,326.1795522418179,62400.0,49299.99999999999,0.0052272364141316965,87959.43103652145,5746.647495498978,0.0037082953857032743,0.0,0.0
BC,HG,2037-01-01T00:00:00,M,47,232.65409042195824,62400.0,49099.99999999999,0.0037284309362493307,87959.43103652145,5746.647495498978,0.0026450158633399804,0.0,0.0
BC,HG,2037-01-01T00:00:00,M,48,236.6227391448483,62400.0,48000.0,0.0037920310760392356,87959.43103652145,5746.647495498978,0.0026901349446723987,0.0,0.0
BC,HG,2037-01-01T00:00:00,M,49,239.48120457860205,62400.0,46399.99999999999,0.0038378398169647762,87959.43103652145,5746.647495498978,0.0027226324881429436,0.0,0.0
BC,HG,2037-01-01T00:00:00,M,50,244.71309113417374,62400.0,45600.0,0.003921684152791246,87959.43103652145,5746.647495498978,0.0027821131656998433,0.0,0.0
BC,HG,2037-01-01T00:00:00,M,51,252.37790461602708,62400.0,45400.0,0.004044517702179921,87959.43103652145,5746.647495498978,0.002869253491547004,0.0,0.0
BC,HG,2037-01-01T00:00:00,M,52,157.8093463073892,62400.0,44300.0,0.0025289959344132885,87959.43103652145,5746.647495498978,0.0017941151329397018,0.0,0.0
BC,HG,2037-01-01T00:00:00,M,53,62.750961608420766,62400.0,42999.99999999999,0.0010056243847503328,87959.43103652145,5746.647495498978,0.0007134079980845496,0.0,0.0
BC,HG,2037-01-01T00:00:00,M,54,67.0196252093665,62400.0,41600.0,0.0010740324552783091,87959.43103652145,5746.647495498978,0.0007619379118259578,0.0,0.0
BC,HG,2037-01-01T00:00:00,M,55,272.30604524258524,62400.0,40500.0,0.004363878930169636,87959.43103652145,5746.647495498978,0.003095814081943318,0.0,0.0
BC,HG,2037-01-01T00:00:00,M,56,177.5163393110488,62400.0,39099.99999999999,0.0028448131299847563,87959.43103652145,5746.647495498978,0.0020181615230928747,0.0,0.0
BC,HG,2037-01-01T00:00:00,M,57,181.91231098002027,62400.0,37599.99999999999,0.0029152613939105814,87959.43103652145,5746.647495498978,0.002068138786669605,0.0,0.0
BC,HG,2037-01-01T00:00:00,M,58,284.9699619724415,62400.0,35900.0,0.004566826313660922,87959.43103652145,5746.647495498978,0.0032397886004301205,0.0,0.0
BC,HG,2037-01-01T00:00:00,M,59,191.20218350502546,62400.0,34600.0,0.0030641375561702797,87959.43103652145,5746.647495498978,0.002173754209774695,0.0,0.0
BC,HG,2037-01-01T00:00:00,M,60,202.59086772392766,62400.0,34200.0,0.0032466485212167893,87959.43103652145,5746.647495498978,0.002303230766008597,0.0,0.0
BC,HG,2037-01-01T00:00:00,M,61,213.4286148370884,62400.0,33600.0,0.0034203303659789807,87959.43103652145,5746.647495498978,0.0024264437857547208,0.0,0.0
BC,HG,2037-01-01T00:00:00,M,62,327.3191498200176,62400.0,33399.99999999999,0.005245499195833616,87959.43103652145,5746.647495498978,0.0037212513310154556,0.0,0.0
BC,HG,2037-01-01T00:00:00,M,63,241.7105998103907,62400.0,32899.99999999999,0.0038735673046536973,87959.43103652145,5746.647495498978,0.0027479782095228716,0.0,0.0
BC,HG,2037-01-01T00:00:00,M,64,259.55835324237705,62400.0,32800.0,0.004159588994268863,87959.43103652145,5746.647495498978,0.0029508871326669496,0.0,0.0
BC,HG,2037-01-01T00:00:00,M,65,283.5739216540969,62400.0,33200.0,0.0045444538726618095,87959.43103652145,5746.647495498978,0.003223917189009042,0.0,0.0
BC,HG,2037-01-01T00:00:00,M,66,321.23723727292236,62400.0,34800.0,0.0051480326486045246,87959.43103652145,5746.647495498978,0.0036521068120545495,0.0,0.0
BC,HG,2037-01-01T00:00:00,M,67,347.91278170604346,62400.0,34800.0,0.0055755253478532605,87959.43103652145,5746.647495498978,0.003955377810045035,0.0,0.0
BC,HG,2037-01-01T00:00:00,M,68,369.6818223348964,62400.0,34099.99999999999,0.005924388178443853,87959.43103652145,5746.647495498978,0.004202867367132032,0.0,0.0
BC,HG,2037-01-01T00:00:00,M,69,290.75066328635876,62400.0,33100.0,0.004659465757794211,87959.43103652145,5746.647495498978,0.0033055086857671557,0.0,0.0
BC,HG,2037-01-01T00:00:00,M,70,218.5099399350729,62400.0,32499.999999999996,0.0035017618579338606,87959.43103652145,5746.647495498978,0.0024842127485379694,0.0,0.0
BC,HG,2037-01-01T00:00:00,M,71,269.62972155712487,62400.0,33499.99999999999,0.004320989127518026,87959.43103652145,5746.647495498978,0.0030653872857041614,0.0,0.0
BC,HG,2037-01-01T00:00:00,M,72,233.670804880785,62400.0,34800.0,0.0037447244371920673,87959.43103652145,5746.647495498978,0.002656574765516196,0.0,0.0
BC,HG,2037-01-01T00:00:00,M,73,197.77528156986955,62400.0,35600.0,0.003169475666183807,87959.43103652145,5746.647495498978,0.0022484829567366313,0.0,0.0
BC,HG,2037-01-01T00:00:00,M,74,155.88233634370408,62400.0,35600.0,0.0024981143644824374,87959.43103652145,5746.647495498978,0.0017722071926429413,0.0,0.0
BC,HG,2037-01-01T00:00:00,M,75,180.95790769142332,62400.0,33699.99999999999,0.002899966469413835,87959.43103652145,5746.647495498978,0.002057288292557147,0.0,0.0
BC,HG,2037-01-01T00:00:00,M,76,134.11256128359673,62400.0,33000.0,0.002149239764160204,87959.43103652145,5746.647495498978,0.001524709285896951,0.0,0.0
BC,HG,2037-01-01T00:00:00,M,77,80.41398102934181,62400.0,31800.0,0.0012886855934189393,87959.43103652145,5746.647495498978,0.0009142167028792318,0.0,0.0
BC,HG,2037-01-01T00:00:00,M,78,116.85359154079197,62400.0,30200.0,0.0018726537105896149,87959.43103652145,5746.647495498978,0.0013284941724131143,0.0,0.0
BC,HG,2037-01-01T00:00:00,M,79,174.4622944579387,62400.0,29300.0,0.0027958701034926075,87959.43103652145,5746.647495498978,0.0019834404611541946,0.0,0.0
BC,HG,2037-01-01T00:00:00,M,80,4.626640764407057,62400.0,27200.0,7.414488404498488e-05,87959.43103652145,5746.647495498978,5.2599712275151474e-05,0.0,0.0
BC,HG,2037-01-01T00:00:00,M,81,54.33000133659152,62400.0,25899.999999999996,0.0008706730983428128,87959.43103652145,5746.647495498978,0.0006176711319793926,0.0,0.0
BC,HG,2037-01-01T00:00:00,M,82,90.30472191486115,62400.0,24200.0,0.001447191056327903,87959.43103652145,5746.647495498978,0.001026663324793062,0.0,0.0
BC,HG,2037-01-01T00:00:00,M,83,2.7013784286864393,62400.0,21900.0,4.329132097253909e-05,87959.43103652145,5746.647495498978,3.0711640546706196e-05,0.0,0.0
BC,HG,2037-01-01T00:00:00,M,84,31.82873467843092,62400.0,20199.999999999996,0.0005100758762569057,87959.43103652145,5746.647495498978,0.000361856986833116,0.0,0.0
BC,HG,2037-01-01T00:00:00,M,85,-54.06816542539309,62400.0,18200.0,-0.0008664770100223251,87959.43103652145,5746.647495498978,0.0,0.009408644860806515,0.0029707783200765433
BC,HG,2037-01-01T00:00:00,M,86,-130.24402568160804,62400.0,16500.0,-0.0020872440013078213,87959.43103652145,5746.647495498978,0.0,0.022664349219892254,0.007893577314036851
BC,HG,2037-01-01T00:00:00,M,87,-199.2113836723929,62400.0,15000.0,-0.0031924901229550147,87959.43103652145,5746.647495498978,0.0,0.03466566964972601,0.01328075891149286
BC,HG,2037-01-01T00:00:00,M,88,-119.13914938164999,62400.0,13099.999999999998,-0.0019092812400905448,87959.43103652145,5746.647495498978,0.0,0.020731939704839195,0.009094591555851145
BC,HG,2037-01-01T00:00:00,M,89,-189.7550274382429,62400.0,11799.999999999998,-0.003040945952535944,87959.43103652145,5746.647495498978,0.0,0.03302012653235947,0.016080934528664655
BC,HG,2037-01-01T00:00:00,M,90,-205.04360540421112,62400.0,10199.999999999998,-0.0032859552148110757,87959.43103652145,5746.647495498978,0.0,0.03568056080781188,0.02010231425531482
BC,HG,2037-01-01T00:00:00,M,91,-199.80473996907494,62400.0,7299.999999999999,-0.0032019990379659447,87959.43103652145,5746.647495498978,0.0,0.03476892224998499,0.02737051232453082
BC,HG,2037-01-01T00:00:00,M,92,-92.91585892932108,62400.0,5800.0,-0.0014890362007904019,87959.43103652145,5746.647495498978,0.0,0.016168706885553146,0.016019975677469152
BC,HG,2037-01-01T00:00:00,M,93,-131.8479750892211,62400.0,4799.999999999999,-0.0021129483187375176,87959.43103652145,5746.647495498978,0.0,0.02294345967670544,0.027468328143587736
BC,HG,2037-01-01T00:00:00,M,94,-124.73593925122395,62400.0,3699.9999999999995,-0.0019989733854362812,87959.43103652145,5746.647495498978,0.0,0.021705862304747685,0.03371241601384432
BC,HG,2037-01-01T00:00:00,M,95,-134.59497771087126,62400.0,2700.0,-0.002156970796648578,87959.43103652145,5746.647495498978,0.0,0.02342147796890132,0.04984999174476713
BC,HG,2037-01-01T00:00:00,M,96,-46.69898598232612,62400.0,1999.9999999999998,-0.0007483811856142007,87959.43103652145,5746.647495498978,0.0,0.008126300772563965,0.023349492991163064
BC,HG,2037-01-01T00:00:00,M,97,-123.22882565316809,62400.0,1400.0,-0.001974820923928976,87959.43103652145,5746.647495498978,0.0,0.021443602683074995,0.08802058975226291
BC,HG,2037-01-01T00:00:00,M,98,-19.12215189677852,62400.0,999.9999999999998,-0.0003064447419355532,87959.43103652145,5746.647495498978,0.0,0.0033275317325024392,0.019122151896778523
BC,HG,2037-01-01T00:00:00,M,99,11.039514161915463,62400.0,700.0,0.00017691529105633754,87959.43103652145,5746.647495498978,0.00012550688461515592,0.0,0.0
BC,HG,2037-01-01T00:00:00,M,100,752.0723105501336,62400.0,1199.9999999999998,0.012052440874200859,87959.43103652145,5746.647495498978,0.008550218000362772,0.0,0.0
BC,HG,2038-01-01T00:00:00,F,1,480.7611087459227,63600.0,30800.000000000004,0.007559136929967338,89761.3207570369,5976.91371817841,0.005355994148606966,0.0,0.0
BC,HG,2038-01-01T00:00:00,F,2,403.5474954979327,63600.0,30600.0,0.0063450864072001996,89761.3207570369,5976.91371817841,0.004495783842020799,0.0,0.0
BC,HG,2038-01-01T00:00:00,F,3,402.81918337401294,63600.0,30400.0,0.006333634958710895,89761.3207570369,5976.91371817841,0.004487669967160478,0.0,0.0
BC,HG,2038-01-01T00:00:00,F,4,302.34147825516266,63600.0,30199.999999999996,0.004753796827911362,89761.3207570369,5976.91371817841,0.0033682824150229585,0.0,0.0
BC,HG,2038-01-01T00:00:00,F,5,402.1002779458977,63600.0,30199.999999999996,0.0063223314142436746,89761.3207570369,5976.91371817841,0.004479660889062562,0.0,0.0
BC,HG,2038-01-01T00:00:00,F,6,501.8669096800222,63600.0,30299.999999999996,0.007890989145912299,89761.3207570369,5976.91371817841,0.0055911266172036355,0.0,0.0
BC,HG,2038-01-01T00:00:00,F,7,401.63902411256277,63600.0,30299.999999999996,0.006315078995480547,89761.3207570369,5976.91371817841,0.004474522218759532,0.0,0.0
BC,HG,2038-01-01T00:00:00,F,8,401.40487476335693,63600.0,30299.999999999996,0.006311397401939574,89761.3207570369,5976.91371817841,0.004471913641398693,0.0,0.0
BC,HG,2038-01-01T00:00:00,F,9,401.4001761855616,63600.0,30200.0,0.006311323524930214,89761.3207570369,5976.91371817841,0.0044718612961596104,0.0,0.0
BC,HG,2038-01-01T00:00:00,F,10,401.3954776077553,63600.0,30100.0,0.006311249647920681,89761.3207570369,5976.91371817841,0.0044718089509204065,0.0,0.0
BC,HG,2038-01-01T00:00:00,F,11,401.3907790299527,63600.0,30000.000000000004,0.006311175770911206,89761.3207570369,5976.91371817841,0.004471756605681243,0.0,0.0
BC,HG,2038-01-01T00:00:00,F,12,401.61161568259195,63600.0,29799.999999999996,0.0063146480453237725,89761.3207570369,5976.91371817841,0.004474216870868707,0.0,0.0
BC,HG,2038-01-01T00:00:00,F,13,401.83558569210436,63600.0,29700.0,0.006318169586353842,89761.3207570369,5976.91371817841,0.004476712043707336,0.0,0.0
BC,HG,2038-01-01T00:00:00,F,14,802.0509425579112,63600.0,29900.000000000004,0.012610863876696717,89761.3207570369,5976.91371817841,0.008935373675359315,0.0,0.0
BC,HG,2038-01-01T00:00:00,F,15,1302.7534024286178,63600.0,30599.999999999996,0.02048354406334305,89761.3207570369,5976.91371817841,0.01451352755776477,0.0,0.0
BC,HG,2038-01-01T00:00:00,F,16,2203.9938864307805,63600.0,32199.999999999996,0.03465399192501227,89761.3207570369,5976.91371817841,0.02455393779684327,0.0,0.0
BC,HG,2038-01-01T00:00:00,F,17,1905.7324887458053,63600.0,32399.999999999996,0.029964347307323985,89761.3207570369,5976.91371817841,0.02123111015605688,0.0,0.0
BC,HG,2038-01-01T00:00:00,F,18,2507.6355864400284,63600.0,35000.0,0.03942823249119542,89761.3207570369,5976.91371817841,0.02793670553520059,0.0,0.0
BC,HG,2038-01-01T00:00:00,F,19,5109.952235430486,63600.0,40400.0,0.0803451609344416,89761.3207570369,5976.91371817841,0.05692822022151327,0.0,0.0
BC,HG,2038-01-01T00:00:00,F,20,2913.1006295281622,63600.0,43700.0,0.0458034690177384,89761.3207570369,5976.91371817841,0.032453852115358804,0.0,0.0
BC,HG,2038-01-01T00:00:00,F,21,715.4713762593237,63600.0,44600.0,0.011249549941184335,89761.3207570369,5976.91371817841,0.007970820507375766,0.0,0.0
BC,HG,2038-01-01T00:00:00,F,22,-283.2715389714067,63600.0,44200.0,-0.00445395501527369,89761.3207570369,5976.91371817841,0.0,0.0473942827901052,0.006408858347769383
BC,HG,2038-01-01T00:00:00,F,23,17.534454657521565,63600.0,43899.99999999999,0.00027569897260254034,89761.3207570369,5976.91371817841,0.00019534532813953652,0.0,0.0
BC,HG,2038-01-01T00:00:00,F,24,218.1391427204071,63600.0,43900.0,0.003429860734597596,89761.3207570369,5976.91371817841,0.002430213157300339,0.0,0.0
BC,HG,2038-01-01T00:00:00,F,25,618.1806510561655,63600.0,44400.00000000001,0.00971982155748688,89761.3207570369,5976.91371817841,0.006886938002276475,0.0,0.0
BC,HG,2038-01-01T00:00:00,F,26,418.2636677276387,63600.0,44399.99999999999,0.006576472763013186,89761.3207570369,5976.91371817841,0.0046597316550163245,0.0,0.0
BC,HG,2038-01-01T00:00:00,F,27,618.5237223933073,63600.0,44400.0,0.009725215760901058,89761.3207570369,5976.91371817841,0.006890760042039797,0.0,0.0
BC,HG,2038-01-01T00:00:00,F,28,719.1683193434801,63600.0,45200.0,0.011307677977098744,89761.3207570369,5976.91371817841,0.008012006878665502,0.0,0.0
BC,HG,2038-01-01T00:00:00,F,29,820.0440010406819,63600.0,45700.0,0.012893773601268584,89761.3207570369,5976.91371817841,0.009135828150973302,0.0,0.0
BC,HG,2038-01-01T00:00:00,F,30,820.9784293122793,63600.0,46200.0,0.012908465869689927,89761.3207570369,5976.91371817841,0.009146238294938616,0.0,0.0
BC,HG,2038-01-01T00:00:00,F,31,921.8510411074385,63600.0,45900.0,0.014494513224959725,89761.3207570369,5976.91371817841,0.010270025366523692,0.0,0.0
BC,HG,2038-01-01T00:00:00,F,32,623.1059142971062,63600.0,45300.0,0.00979726280341362,89761.3207570369,5976.91371817841,0.0069418086659365184,0.0,0.0
BC,HG,2038-01-01T00:00:00,F,33,624.396836697415,63600.0,45100.0,0.009817560325431053,89761.3207570369,5976.91371817841,0.0069561903883690905,0.0,0.0
BC,HG,2038-01-01T00:00:00,F,34,726.1984924513672,63600.0,45300.0,0.011418215290115837,89761.3207570369,5976.91371817841,0.008090327619142529,0.0,0.0
BC,HG,2038-01-01T00:00:00,F,35,827.5694151803327,63600.0,44800.0,0.013012097722961207,89761.3207570369,5976.91371817841,0.009219666201440723,0.0,0.0
BC,HG,2038-01-01T00:00:00,F,36,729.845911634904,63600.0,44500.00000000001,0.011475564648347548,89761.3207570369,5976.91371817841,0.008130962261689842,0.0,0.0
BC,HG,2038-01-01T00:00:00,F,37,633.8675489049201,63600.0,46600.0,0.009966470894731448,89761.3207570369,5976.91371817841,0.007061700335500329,0.0,0.0
BC,HG,2038-01-01T00:00:00,F,38,437.49767947694636,63600.0,47800.0,0.0068788943313985275,89761.3207570369,5976.91371817841,0.004874011164131054,0.0,0.0
BC,HG,2038-01-01T00:00:00,F,39,539.520479598039,63600.0,48100.0,0.008483026408774198,89761.3207570369,5976.91371817841,0.0060106120882333705,0.0,0.0
BC,HG,2038-01-01T00:00:00,F,40,341.55898910108226,63600.0,48100.0,0.005370424356935256,89761.3207570369,5976.91371817841,0.0038051912139929773,0.0,0.0
BC,HG,2038-01-01T00:00:00,F,41,342.87682926144043,63600.0,47900.0,0.0053911451141735916,89761.3207570369,5976.91371817841,0.0038198728179315517,0.0,0.0
BC,HG,2038-01-01T00:00:00,F,42,345.20748406442726,63600.0,48800.0,0.005427790629943825,89761.3207570369,5976.91371817841,0.003845837841433104,0.0,0.0
BC,HG,2038-01-01T00:00:00,F,43,446.4384330087778,63600.0,48600.0,0.007019472217119148,89761.3207570369,5976.91371817841,0.004973617023942676,0.0,0.0
BC,HG,2038-01-01T00:00:00,F,44,348.3266984644797,63600.0,48499.99999999999,0.0054768348815169765,89761.3207570369,5976.91371817841,0.003880587936170407,0.0,0.0
BC,HG,2038-01-01T00:00:00,F,45,350.6976351409903,63600.0,48600.0,0.005514113760078464,89761.3207570369,5976.91371817841,0.003907001726169422,0.0,0.0
BC,HG,2038-01-01T00:00:00,F,46,353.7886250064912,63600.0,49000.00000000001,0.005562714229661811,89761.3207570369,5976.91371817841,0.003941437381075475,0.0,0.0
BC,HG,2038-01-01T00:00:00,F,47,356.3439058605654,63600.0,48900.0,0.005602891601581218,89761.3207570369,5976.91371817841,0.003969904886149189,0.0,0.0
BC,HG,2038-01-01T00:00:00,F,48,159.77139170697774,63600.0,48700.0,0.002512128800424178,89761.3207570369,5976.91371817841,0.0017799581195940943,0.0,0.0
BC,HG,2038-01-01T00:00:00,F,49,262.00999308301834,63600.0,47600.0,0.0041196539792927415,89761.3207570369,5976.91371817841,0.0029189632112501854,0.0,0.0
BC,HG,2038-01-01T00:00:00,F,50,165.20548998229788,63600.0,46600.0,0.0025975705972059414,89761.3207570369,5976.91371817841,0.0018404975393518425,0.0,0.0
BC,HG,2038-01-01T00:00:00,F,51,168.64430853832891,63600.0,45499.99999999999,0.002651640071357373,89761.3207570369,5976.91371817841,0.001878808234058966,0.0,0.0
BC,HG,2038-01-01T00:00:00,F,52,173.65585571781412,63600.0,45300.0,0.0027304379829844985,89761.3207570369,5976.91371817841,0.0019346401573998703,0.0,0.0
BC,HG,2038-01-01T00:00:00,F,53,277.39398290884856,63600.0,44300.0,0.004361540611774349,89761.3207570369,5976.91371817841,0.0030903509503797276,0.0,0.0
BC,HG,2038-01-01T00:00:00,F,54,182.47877038548177,63600.0,43600.0,0.0028691630563754994,89761.3207570369,5976.91371817841,0.0020329332149580277,0.0,0.0
BC,HG,2038-01-01T00:00:00,F,55,187.6567919502777,63600.0,42800.0,0.0029505784897842407,89761.3207570369,5976.91371817841,0.002090619772164685,0.0,0.0
BC,HG,2038-01-01T00:00:00,F,56,293.46408824697573,63600.0,42200.0,0.004614215224009052,89761.3207570369,5976.91371817841,0.003269382466433566,0.0,0.0
BC,HG,2038-01-01T00:00:00,F,57,297.7474657812709,63600.0,40700.0,0.004681563927378473,89761.3207570369,5976.91371817841,0.003317102102220669,0.0,0.0
BC,HG,2038-01-01T00:00:00,F,58,303.9109345339384,63600.0,39900.00000000001,0.0047784738134267046,89761.3207570369,5976.91371817841,0.003385767187590242,0.0,0.0
BC,HG,2038-01-01T00:00:00,F,59,308.10401867097244,63600.0,38200.0,0.004844402809292019,89761.3207570369,5976.91371817841,0.0034324808956960277,0.0,0.0
BC,HG,2038-01-01T00:00:00,F,60,214.52605003227654,63600.0,37000.0,0.0033730511011364236,89761.3207570369,5976.91371817841,0.002389960934431311,0.0,0.0
BC,HG,2038-01-01T00:00:00,F,61,323.3064702825068,63600.0,36700.0,0.005083435067335012,89761.3207570369,5976.91371817841,0.00360184618002249,0.0,0.0
BC,HG,2038-01-01T00:00:00,F,62,235.50035139425017,63600.0,36800.00000000001,0.003702835713746072,89761.3207570369,5976.91371817841,0.0026236284115258852,0.0,0.0
BC,HG,2038-01-01T00:00:00,F,63,246.1540128633278,63600.0,36300.0,0.0038703461142032673,89761.3207570369,5976.91371817841,0.002742317189489777,0.0,0.0
BC,HG,2038-01-01T00:00:00,F,64,259.1925588030208,63600.0,36100.0,0.004075354698160704,89761.3207570369,5976.91371817841,0.0028875751450292827,0.0,0.0
BC,HG,2038-01-01T00:00:00,F,65,174.93945590878866,63600.0,36100.0,0.00275062037592435,89761.3207570369,5976.91371817841,0.0019489403056168174,0.0,0.0
BC,HG,2038-01-01T00:00:00,F,66,193.0123131880755,63600.0,36300.0,0.003034784798554646,89761.3207570369,5976.91371817841,0.002150283792174974,0.0,0.0
BC,HG,2038-01-01T00:00:00,F,67,223.2191998194976,63600.0,38200.00000000001,0.0035097358462185158,89761.3207570369,5976.91371817841,0.0024868083260907027,0.0,0.0
BC,HG,2038-01-01T00:00:00,F,68,145.08769810041122,63600.0,38000.0,0.0022812531147863397,89761.3207570369,5976.91371817841,0.0016163721397675287,0.0,0.0
BC,HG,2038-01-01T00:00:00,F,69,267.406368129763,63600.0,37700.0,0.004204502643549732,89761.3207570369,5976.91371817841,0.002979082369493761,0.0,0.0
BC,HG,2038-01-01T00:00:00,F,70,284.8041399680733,63600.0,36400.0,0.004478052515221278,89761.3207570369,5976.91371817841,0.0031729049613582684,0.0,0.0
BC,HG,2038-01-01T00:00:00,F,71,206.8058414896659,63600.0,35399.99999999999,0.003251664174365816,89761.3207570369,5976.91371817841,0.0023039527465225406,0.0,0.0
BC,HG,2038-01-01T00:00:00,F,72,150.01513416347007,63600.0,36400.00000000001,0.002358728524582863,89761.3207570369,5976.91371817841,0.0016712670100914211,0.0,0.0
BC,HG,2038-01-01T00:00:00,F,73,199.42523710429668,63600.0,37500.00000000001,0.003135616935602149,89761.3207570369,5976.91371817841,0.0022217279717184043,0.0,0.0
BC,HG,2038-01-01T00:00:00,F,74,161.89712061302998,63600.0,38999.99999999999,0.0025455522108966976,89761.3207570369,5976.91371817841,0.001803640134164781,0.0,0.0
BC,HG,2038-01-01T00:00:00,F,75,109.10964176309062,63600.0,38600.00000000001,0.0017155604050800412,89761.3207570369,5976.91371817841,0.0012155529892260068,0.0,0.0
BC,HG,2038-01-01T00:00:00,F,76,140.21023401433922,63600.0,36800.00000000001,0.0022045634278984156,89761.3207570369,5976.91371817841,0.0015620339900507462,0.0,0.0
BC,HG,2038-01-01T00:00:00,F,77,-3.23935732942482,63600.0,36300.0,-5.093329134315755e-05,89761.3207570369,5976.91371817841,0.0,0.0005419782654001708,8.923849392354876e-05
BC,HG,2038-01-01T00:00:00,F,78,49.36845338844432,63600.0,35400.0,0.0007762335438434642,89761.3207570369,5976.91371817841,0.0005499969582897882,0.0,0.0
BC,HG,2038-01-01T00:00:00,F,79,196.95160174405464,63600.0,34100.0,0.0030967232978624942,89761.3207570369,5976.91371817841,0.0021941700510084627,0.0,0.0
BC,HG,2038-01-01T00:00:00,F,80,-40.80162620037299,63600.0,32900.0,-0.0006415350031505187,89761.3207570369,5976.91371817841,0.0,0.006826537595193552,0.0012401710091298783
BC,HG,2038-01-01T00:00:00,F,81,-92.51487289712168,63600.0,31100.000000000007,-0.0014546363663069447,89761.3207570369,5976.91371817841,0.0,0.015478703099852933,0.0029747547555344584
BC,HG,2038-01-01T00:00:00,F,82,-39.630968870562356,63600.0,29499.999999999996,-0.0006231284413610433,89761.3207570369,5976.91371817841,0.0,0.006630674414794919,0.001343422673578385
BC,HG,2038-01-01T00:00:00,F,83,-81.53232647359619,63600.0,27900.0,-0.0012819548187672357,89761.3207570369,5976.91371817841,0.0,0.013641208543068089,0.002922305608372623
BC,HG,2038-01-01T00:00:00,F,84,-145.5827692175808,63600.0,25600.0,-0.0022890372518487544,89761.3207570369,5976.91371817841,0.0,0.024357515614588827,0.00568682692256175
BC,HG,2038-01-01T00:00:00,F,85,-121.77829081273012,63600.0,23200.000000000004,-0.001914753000200159,89761.3207570369,5976.91371817841,0.0,0.0203747781137193,0.005249064259169401
BC,HG,2038-01-01T00:00:00,F,86,-191.86530674758615,63600.0,20999.999999999996,-0.0030167501060941217,89761.3207570369,5976.91371817841,0.0,0.03210106683722735,0.009136443178456485
BC,HG,2038-01-01T00:00:00,F,87,-58.64564301001883,63600.0,19200.0,-0.0009221013051889753,89761.3207570369,5976.91371817841,0.0,0.00981202770782047,0.003054460573438481
BC,HG,2038-01-01T00:00:00,F,88,-197.1521801996132,63600.0,17700.0,-0.00309987704716373,89761.3207570369,5976.91371817841,0.0,0.03298561590407222,0.011138541254215435
BC,HG,2038-01-01T00:00:00,F,89,-295.0022359972809,63600.0,15400.0,-0.004638399937064165,89761.3207570369,5976.91371817841,0.0,0.049356950745340356,0.019155989350472784
BC,HG,2038-01-01T00:00:00,F,90,-265.279143778851,63600.0,13800.000000000002,-0.004171055719793254,89761.3207570369,5976.91371817841,0.0,0.04438396742653672,0.0192231263607863
BC,HG,2038-01-01T00:00:00,F,91,-245.7628761207652,63600.0,12200.0,-0.0038641961654208366,89761.3207570369,5976.91371817841,0.0,0.0411186923065817,0.020144498042685675
BC,HG,2038-01-01T00:00:00,F,92,-236.50355499317266,63600.0,8800.000000000002,-0.0037186093552385637,89761.3207570369,5976.91371817841,0.0,0.039569511313817675,0.026875403976496886
BC,HG,2038-01-01T00:00:00,F,93,-218.19997249962398,63600.0,7000.0,-0.003430817177667044,89761.3207570369,5976.91371817841,0.0,0.03650713106933138,0.031171424642803425
BC,HG,2038-01-01T00:00:00,F,94,-255.0875466391617,63600.0,5800.0,-0.004010810481747826,89761.3207570369,5976.91371817841,0.0,0.04267880693397478,0.043980611489510636
BC,HG,2038-01-01T00:00:00,F,95,-146.001008345419,63600.0,4600.000000000001,-0.00229561333876445,89761.3207570369,5976.91371817841,0.0,0.024427491382612073,0.03173934964030847
BC,HG,2038-01-01T00:00:00,F,96,-162.24822515618098,63600.0,3400.0,-0.002551072722581462,89761.3207570369,5976.91371817841,0.0,0.027145820201940198,0.04772006622240617
BC,HG,2038-01-01T00:00:00,F,97,-145.1361991604963,63600.0,2600.0000000000005,-0.0022820157100706963,89761.3207570369,5976.91371817841,0.0,0.024282799786631285,0.055821615061729335
BC,HG,2038-01-01T00:00:00,F,98,-154.85463300876518,63600.0,1800.0,-0.002434821273722723,89761.3207570369,5976.91371817841,0.0,0.025908795125782806,0.0860303516715362
BC,HG,2038-01-01T00:00:00,F,99,-53.577982502260966,63600.0,1300.0,-0.0008424211085261158,89761.3207570369,5976.91371817841,0.0,0.008964155252786547,0.041213832694046895
BC,HG,2038-01-01T00:00:00,F,100,1589.8155386515764,63600.0,2600.0,0.024997099664332962,89761.3207570369,5976.91371817841,0.017711588078732028,0.0,0.0
BC,HG,2038-01-01T00:00:00,M,1,485.44872311702056,63600.0,32399.999999999996,0.00763284155844372,89761.3207570369,5976.91371817841,0.0054082172479504595,0.0,0.0
BC,HG,2038-01-01T00:00:00,M,2,505.4660753167118,63600.0,32300.0,0.00794757980057723,89761.3207570369,5976.91371817841,0.0056312236835829475,0.0,0.0
BC,HG,2038-01-01T00:00:00,M,3,503.79046261680196,63600.0,32200.0,0.007921233688943426,89761.3207570369,5976.91371817841,0.005612556258841668,0.0,0.0
BC,HG,2038-01-01T00:00:00,M,4,602.5976895854837,63600.0,32200.000000000004,0.009474806440023329,89761.3207570369,5976.91371817841,0.006713333588490482,0.0,0.0
BC,HG,2038-01-01T00:00:00,M,5,602.1320975058661,63600.0,32300.000000000004,0.009467485809840663,89761.3207570369,5976.91371817841,0.006708146587277812,0.0,0.0
BC,HG,2038-01-01T00:00:00,M,6,701.663520876682,63600.0,32500.000000000004,0.011032445296803176,89761.3207570369,5976.91371817841,0.00781699193994619,0.0,0.0
BC,HG,2038-01-01T00:00:00,M,7,601.4393230512323,63600.0,32700.000000000004,0.009456593129736358,89761.3207570369,5976.91371817841,0.00670042862536737,0.0,0.0
BC,HG,2038-01-01T00:00:00,M,8,501.44380692366394,63600.0,32700.000000000004,0.007884336586850062,89761.3207570369,5976.91371817841,0.005586412974926652,0.0,0.0
BC,HG,2038-01-01T00:00:00,M,9,501.44380692365667,63600.0,32700.0,0.007884336586849948,89761.3207570369,5976.91371817841,0.005586412974926571,0.0,0.0
BC,HG,2038-01-01T00:00:00,M,10,601.4438069236603,63600.0,32800.0,0.009456663630875162,89761.3207570369,5976.91371817841,0.006700478578647805,0.0,0.0
BC,HG,2038-01-01T00:00:00,M,11,501.44380692365667,63600.0,32699.999999999996,0.007884336586849948,89761.3207570369,5976.91371817841,0.005586412974926571,0.0,0.0
BC,HG,2038-01-01T00:00:00,M,12,501.91910710092634,63600.0,32600.000000000004,0.007891809860077459,89761.3207570369,5976.91371817841,0.005591708130715958,0.0,0.0
BC,HG,2038-01-01T00:00:00,M,13,502.1455492251407,63600.0,32400.0,0.007895370270835545,89761.3207570369,5976.91371817841,0.005594230844534166,0.0,0.0
BC,HG,2038-01-01T00:00:00,M,14,802.8517861071559,63600.0,32599.999999999996,0.012623455756401824,89761.3207570369,5976.91371817841,0.00894429559788107,0.0,0.0
BC,HG,2038-01-01T00:00:00,M,15,1303.8143772074436,63600.0,33200.0,0.020500226056720812,89761.3207570369,5976.91371817841,0.014525347512839824,0.0,0.0
BC,HG,2038-01-01T00:00:00,M,16,2105.8113630129956,63600.0,34500.0,0.033110241556808105,89761.3207570369,5976.91371817841,0.02346012007458022,0.0,0.0
BC,HG,2038-01-01T00:00:00,M,17,1808.3092035528935,63600.0,34500.0,0.028432534647058073,89761.3207570369,5976.91371817841,0.020145750845707446,0.0,0.0
BC,HG,2038-01-01T00:00:00,M,18,2711.7040605364164,63600.0,37500.0,0.042636856297742394,89761.3207570369,5976.91371817841,0.03021016221314714,0.0,0.0
BC,HG,2038-01-01T00:00:00,M,19,5515.933252211893,63600.0,42900.0,0.08672851025490398,89761.3207570369,5976.91371817841,0.061451115087112484,0.0,0.0
BC,HG,2038-01-01T00:00:00,M,20,3522.2278524573776,63600.0,46600.0,0.05538094107637386,89761.3207570369,5976.91371817841,0.03923992898891531,0.0,0.0
BC,HG,2038-01-01T00:00:00,M,21,1228.3950199461106,63600.0,48100.0,0.01931438710607092,89761.3207570369,5976.91371817841,0.01368512639504371,0.0,0.0
BC,HG,2038-01-01T00:00:00,M,22,33.22831616290932,63600.0,47800.0,0.0005224578013036058,89761.3207570369,5976.91371817841,0.00037018524106670266,0.0,0.0
BC,HG,2038-01-01T00:00:00,M,23,-362.68494031310547,63600.0,47600.00000000001,-0.005702593401149457,89761.3207570369,5976.91371817841,0.0,0.060680973059728444,0.007619431519182887
BC,HG,2038-01-01T00:00:00,M,24,-160.2995211367379,63600.0,46800.0,-0.002520432722275753,89761.3207570369,5976.91371817841,0.0,0.026819781695893805,0.00342520344309269
BC,HG,2038-01-01T00:00:00,M,25,41.45328082719061,63600.0,46599.99999999999,0.0006517811450816133,89761.3207570369,5976.91371817841,0.0004618167433096828,0.0,0.0
BC,HG,2038-01-01T00:00:00,M,26,242.88992786412564,63600.0,46100.00000000001,0.0038190240230208433,89761.3207570369,5976.91371817841,0.0027059531412374424,0.0,0.0
BC,HG,2038-01-01T00:00:00,M,27,644.7005055789487,63600.0,45900.0,0.010136800402184728,89761.3207570369,5976.91371817841,0.0071823865796717,0.0,0.0
BC,HG,2038-01-01T00:00:00,M,28,647.6952876769938,63600.0,46500.0,0.010183888171021914,89761.3207570369,5976.91371817841,0.007215750416932421,0.0,0.0
BC,HG,2038-01-01T00:00:00,M,29,651.0059109469221,63600.0,46700.0,0.010235941996020787,89761.3207570369,5976.91371817841,0.007252632932051482,0.0,0.0
BC,HG,2038-01-01T00:00:00,M,30,654.2173914780578,63600.0,46500.0,0.010286436972925438,89761.3207570369,5976.91371817841,0.007288410932019068,0.0,0.0
BC,HG,2038-01-01T00:00:00,M,31,657.5743634069513,63600.0,45900.0,0.010339219550423762,89761.3207570369,5976.91371817841,0.007325809801605446,0.0,0.0
BC,HG,2038-01-01T00:00:00,M,32,560.8238782011831,63600.0,45200.0,0.008817985506307911,89761.3207570369,5976.91371817841,0.006247945924494621,0.0,0.0
BC,HG,2038-01-01T00:00:00,M,33,563.9246427639373,63600.0,44800.0,0.008866739666099643,89761.3207570369,5976.91371817841,0.006282490475940641,0.0,0.0
BC,HG,2038-01-01T00:00:00,M,34,767.722423317522,63600.0,45100.0,0.012071107284866699,89761.3207570369,5976.91371817841,0.008552931450235328,0.0,0.0
BC,HG,2038-01-01T00:00:00,M,35,769.7455774442715,63600.0,44700.0,0.012102917884343891,89761.3207570369,5976.91371817841,0.00857547071447171,0.0,0.0
BC,HG,2038-01-01T00:00:00,M,36,771.3947746891208,63600.0,44300.0,0.012128848658633975,89761.3207570369,5976.91371817841,0.008593843853714093,0.0,0.0
BC,HG,2038-01-01T00:00:00,M,37,577.0531517865893,63600.0,46300.0,0.009073162763940084,89761.3207570369,5976.91371817841,0.006428750679243441,0.0,0.0
BC,HG,2038-01-01T00:00:00,M,38,583.1046828652034,63600.0,48200.0,0.009168312623666719,89761.3207570369,5976.91371817841,0.006496168705488778,0.0,0.0
BC,HG,2038-01-01T00:00:00,M,39,387.58340132985904,63600.0,48700.0,0.006094078637261934,89761.3207570369,5976.91371817841,0.00431793335994863,0.0,0.0
BC,HG,2038-01-01T00:00:00,M,40,491.58173586685007,63600.0,49000.0,0.0077292725765228,89761.3207570369,5976.91371817841,0.005476543033468145,0.0,0.0
BC,HG,2038-01-01T00:00:00,M,41,396.95870551551343,63600.0,49600.0,0.006241489080432601,89761.3207570369,5976.91371817841,0.004422380399125239,0.0,0.0
BC,HG,2038-01-01T00:00:00,M,42,402.5802819362725,63600.0,50000.0,0.006329878646796737,89761.3207570369,5976.91371817841,0.004485008448415817,0.0,0.0
BC,HG,2038-01-01T00:00:00,M,43,408.4380739690314,63600.0,50300.0,0.006421982295110556,89761.3207570369,5976.91371817841,0.004550268094590304,0.0,0.0
BC,HG,2038-01-01T00:00:00,M,44,413.5950610704167,63600.0,50100.00000000001,0.006503066997962527,89761.3207570369,5976.91371817841,0.0046077203140751765,0.0,0.0
BC,HG,2038-01-01T00:00:00,M,45,318.70756510664796,63600.0,49800.0,0.005011125237525911,89761.3207570369,5976.91371817841,0.003550611359310493,0.0,0.0
BC,HG,2038-01-01T00:00:00,M,46,324.76722453779803,63600.0,49699.99999999999,0.005106402901537705,89761.3207570369,5976.91371817841,0.0036181199407355836,0.0,0.0
BC,HG,2038-01-01T00:00:00,M,47,330.90627299618063,63600.0,49500.0,0.005202928820694664,89761.3207570369,5976.91371817841,0.0036865129680062002,0.0,0.0
BC,HG,2038-01-01T00:00:00,M,48,337.3596423208073,63600.0,49300.0,0.005304396891836594,89761.3207570369,5976.91371817841,0.003758407735932961,0.0,0.0
BC,HG,2038-01-01T00:00:00,M,49,241.82978971936973,63600.0,48100.0,0.0038023551842668196,89761.3207570369,5976.91371817841,0.002694142506814789,0.0,0.0
BC,HG,2038-01-01T00:00:00,M,50,144.74625310533884,63600.0,46400.0,0.0022758844827883463,89761.3207570369,5976.91371817841,0.0016125682185217998,0.0,0.0
BC,HG,2038-01-01T00:00:00,M,51,150.4468484569661,63600.0,45600.00000000001,0.0023655164851724233,89761.3207570369,5976.91371817841,0.0016760765905416083,0.0,0.0
BC,HG,2038-01-01T00:00:00,M,52,158.62840688868164,63600.0,45400.0,0.002494157341017007,89761.3207570369,5976.91371817841,0.0017672245188777023,0.0,0.0
BC,HG,2038-01-01T00:00:00,M,53,164.07708079181612,63600.0,44300.0,0.0025798283143367313,89761.3207570369,5976.91371817841,0.0018279263206914564,0.0,0.0
BC,HG,2038-01-01T00:00:00,M,54,168.92725331684778,63600.0,42999.99999999999,0.002656088888629682,89761.3207570369,5976.91371817841,0.00188196042451397,0.0,0.0
BC,HG,2038-01-01T00:00:00,M,55,274.0261310220885,63600.0,41700.0,0.004308586965756108,89761.3207570369,5976.91371817841,0.003052830870925059,0.0,0.0
BC,HG,2038-01-01T00:00:00,M,56,180.3519663096522,63600.0,40499.99999999999,0.002835722740717802,89761.3207570369,5976.91371817841,0.00200923922229067,0.0,0.0
BC,HG,2038-01-01T00:00:00,M,57,185.54863997580105,63600.0,39100.0,0.002917431446160394,89761.3207570369,5976.91371817841,0.0020671335761428718,0.0,0.0
BC,HG,2038-01-01T00:00:00,M,58,290.5528912977534,63600.0,37699.99999999999,0.0045684416870715935,89761.3207570369,5976.91371817841,0.003236949822565699,0.0,0.0
BC,HG,2038-01-01T00:00:00,M,59,194.59143286947074,63600.0,35900.0,0.0030596137243627474,89761.3207570369,5976.91371817841,0.00216787622138699,0.0,0.0
BC,HG,2038-01-01T00:00:00,M,60,301.0414914679859,63600.0,34700.0,0.004733356784087829,89761.3207570369,5976.91371817841,0.003353799709374102,0.0,0.0
BC,HG,2038-01-01T00:00:00,M,61,313.08795064126025,63600.0,34300.0,0.00492276651951667,89761.3207570369,5976.91371817841,0.003488005167489868,0.0,0.0
BC,HG,2038-01-01T00:00:00,M,62,324.9854576627695,63600.0,33700.0,0.005109834239980652,89761.3207570369,5976.91371817841,0.0036205512009168162,0.0,0.0
BC,HG,2038-01-01T00:00:00,M,63,340.6988375730725,63600.0,33500.0,0.005356899961840763,89761.3207570369,5976.91371817841,0.0037956085616795386,0.0,0.0
BC,HG,2038-01-01T00:00:00,M,64,255.38155375668066,63600.0,32899.99999999999,0.004015433235167935,89761.3207570369,5976.91371817841,0.0028451180486519286,0.0,0.0
BC,HG,2038-01-01T00:00:00,M,65,274.8145711393481,63600.0,32800.0,0.004320983822945725,89761.3207570369,5976.91371817841,0.0030616146110773873,0.0,0.0
BC,HG,2038-01-01T00:00:00,M,66,300.62714274631435,63600.0,33200.0,0.004726841867080414,89761.3207570369,5976.91371817841,0.003349183592786501,0.0,0.0
BC,HG,2038-01-01T00:00:00,M,67,241.2874001473101,63600.0,34699.99999999999,0.003793827046341354,89761.3207570369,5976.91371817841,0.002688099931154302,0.0,0.0
BC,HG,2038-01-01T00:00:00,M,68,270.09215528798086,63600.0,34699.99999999999,0.004246732001383347,89761.3207570369,5976.91371817841,0.0030090038004126273,0.0,0.0
BC,HG,2038-01-01T00:00:00,M,69,193.713851419845,63600.0,33900.0,0.003045815273896934,89761.3207570369,5976.91371817841,0.002158099388312072,0.0,0.0
BC,HG,2038-01-01T00:00:00,M,70,215.58444972741927,63600.0,32900.0,0.0033896926057770324,89761.3207570369,5976.91371817841,0.002401752201384786,0.0,0.0
BC,HG,2038-01-01T00:00:00,M,71,244.31584896275308,63600.0,32300.0,0.0038414441660810233,89761.3207570369,5976.91371817841,0.002721838837733454,0.0,0.0
BC,HG,2038-01-01T00:00:00,M,72,199.69442646035168,63600.0,33199.99999999999,0.003139849472647039,89761.3207570369,5976.91371817841,0.0022247269177430914,0.0,0.0
BC,HG,2038-01-01T00:00:00,M,73,166.91737482469034,63600.0,34399.99999999999,0.0026244870255454455,89761.3207570369,5976.91371817841,0.0018595690595562537,0.0,0.0
BC,HG,2038-01-01T00:00:00,M,74,234.58071070469305,63600.0,35200.0,0.003688375954476306,89761.3207570369,5976.91371817841,0.0026133830109257047,0.0,0.0
BC,HG,2038-01-01T00:00:00,M,75,195.46752420495613,63600.0,35100.0,0.0030733887453609455,89761.3207570369,5976.91371817841,0.0021776364536128146,0.0,0.0
BC,HG,2038-01-01T00:00:00,M,76,122.44063137884223,63600.0,33099.99999999999,0.001925167160044689,89761.3207570369,5976.91371817841,0.0013640689591707395,0.0,0.0
BC,HG,2038-01-01T00:00:00,M,77,177.53972801634882,63600.0,32399.999999999996,0.0027915051574897614,89761.3207570369,5976.91371817841,0.001977909042770301,0.0,0.0
BC,HG,2038-01-01T00:00:00,M,78,124.89766877431248,63600.0,31099.999999999996,0.0019637998234954793,89761.3207570369,5976.91371817841,0.0013914419676642408,0.0,0.0
BC,HG,2038-01-01T00:00:00,M,79,63.846670908558735,63600.0,29400.0,0.0010038784734050115,89761.3207570369,5976.91371817841,0.0007112937997133185,0.0,0.0
BC,HG,2038-01-01T00:00:00,M,80,25.69092012980036,63600.0,28400.0,0.0004039452850597541,89761.3207570369,5976.91371817841,0.00028621370444559,0.0,0.0
BC,HG,2038-01-01T00:00:00,M,81,50.597283361505106,63600.0,26299.999999999996,0.000795554769834986,89761.3207570369,5976.91371817841,0.0005636869303478748,0.0,0.0
BC,HG,2038-01-01T00:00:00,M,82,2.9768575690359285,63600.0,24900.0,4.6805936620061765e-05,89761.3207570369,5976.91371817841,3.316414624840016e-05,0.0,0.0
BC,HG,2038-01-01T00:00:00,M,83,40.12066312695606,63600.0,23199.999999999996,0.0006308280365873594,89761.3207570369,5976.91371817841,0.00044697050788226927,0.0,0.0
BC,HG,2038-01-01T00:00:00,M,84,46.3788152107918,63600.0,20899.999999999996,0.0007292266542577327,89761.3207570369,5976.91371817841,0.0005166904276768443,0.0,0.0
BC,HG,2038-01-01T00:00:00,M,85,-125.22717485619796,63600.0,18999.999999999996,-0.001968980736732672,89761.3207570369,5976.91371817841,0.0,0.020951812383593112,0.006590903939799894
BC,HG,2038-01-01T00:00:00,M,86,-119.92405601526116,63600.0,17000.0,-0.0018855983650198295,89761.3207570369,5976.91371817841,0.0,0.02006454529375581,0.007054356236191833
BC,HG,2038-01-01T00:00:00,M,87,-105.71347374297875,63600.0,15300.0,-0.0016621615368392884,89761.3207570369,5976.91371817841,0.0,0.017686966673361507,0.006909377368822141
BC,HG,2038-01-01T00:00:00,M,88,-186.4156141802523,63600.0,13699.999999999998,-0.002931063116041703,89761.3207570369,5976.91371817841,0.0,0.031189276434304355,0.013606979137244696
BC,HG,2038-01-01T00:00:00,M,89,-209.32936085995607,63600.0,11800.0,-0.003291342151886102,89761.3207570369,5976.91371817841,0.0,0.035022985227859973,0.017739776344064075
BC,HG,2038-01-01T00:00:00,M,90,-196.0654349509623,63600.0,10499.999999999998,-0.003082789857719533,89761.3207570369,5976.91371817841,0.0,0.032803792089994795,0.018672898566758318
BC,HG,2038-01-01T00:00:00,M,91,-225.71385844978613,63600.0,8900.0,-0.00354896003851865,89761.3207570369,5976.91371817841,0.0,0.03776428255326683,0.025361107690987206
BC,HG,2038-01-01T00:00:00,M,92,-135.54872848966806,63600.0,6299.999999999999,-0.002131269315875284,89761.3207570369,5976.91371817841,0.0,0.022678715952918153,0.021515671188836204
BC,HG,2038-01-01T00:00:00,M,93,-131.41178295723967,63600.0,4900.0,-0.0020662230024723217,89761.3207570369,5976.91371817841,0.0,0.021986561819950477,0.026818731215763197
BC,HG,2038-01-01T00:00:00,M,94,-191.52608529757845,63600.0,3900.0,-0.0030114164354965163,89761.3207570369,5976.91371817841,0.0,0.03204431155080319,0.04910925264040473
BC,HG,2038-01-01T00:00:00,M,95,-94.60336477537021,63600.0,2999.9999999999995,-0.0014874742889209153,89761.3207570369,5976.91371817841,0.0,0.015828129572565183,0.031534454925123405
BC,HG,2038-01-01T00:00:00,M,96,-118.16993844189574,63600.0,2100.0,-0.0018580179000298072,89761.3207570369,5976.91371817841,0.0,0.01977106312953611,0.05627139925804559
BC,HG,2038-01-01T00:00:00,M,97,-109.53703044704935,63600.0,1499.9999999999998,-0.0017222803529410274,89761.3207570369,5976.91371817841,0.0,0.01832668758692288,0.07302468696469958
BC,HG,2038-01-01T00:00:00,M,98,-2.0956220043951816,63600.0,1100.0,-3.295003151564751e-05,89761.3207570369,5976.91371817841,0.0,0.00035061941717871517,0.0019051109130865287
BC,HG,2038-01-01T00:00:00,M,99,-68.97947232798401,63600.0,700.0,-0.0010845828982387422,89761.3207570369,5976.91371817841,0.0,0.011540985127188177,0.09854210332569145
BC,HG,2038-01-01T00:00:00,M,100,674.857952467113,63600.0,1200.0,0.010610974095394859,89761.3207570369,5976.91371817841,0.007518360322413227,0.0,0.0
BC,HG,2039-01-01T00:00:00,F,1,481.0269837725755,65200.0,31400.0,0.007377714475039501,89534.17961665703,6669.539053913144,0.0053725514192692145,0.0,0.0
BC,HG,2039-01-01T00:00:00,F,2,403.5594843354338,65200.0,31199.999999999996,0.0061895626431815,89534.17961665703,6669.539053913144,0.004507323192810661,0.0,0.0
BC,HG,2039-01-01T00:00:00,F,3,302.8290771553693,65200.0,30899.999999999996,0.004644617747781738,89534.17961665703,6669.539053913144,0.003382273434033126,0.0,0.0
BC,HG,2039-01-01T00:00:00,F,4,302.3421446249049,65200.0,30700.0,0.0046371494574371916,89534.17961665703,6669.539053913144,0.003376834924041197,0.0,0.0
BC,HG,2039-01-01T00:00:00,F,5,502.0940573932712,65200.0,30700.0,0.007700829101123792,89534.17961665703,6669.539053913144,0.005607847858136415,0.0,0.0
BC,HG,2039-01-01T00:00:00,F,6,501.8613800762214,65200.0,30700.000000000004,0.007697260430616893,89534.17961665703,6669.539053913144,0.00560524910402881,0.0,0.0
BC,HG,2039-01-01T00:00:00,F,7,501.6340968865479,65200.0,30799.999999999996,0.007693774492124968,89534.17961665703,6669.539053913144,0.005602710596492955,0.0,0.0
BC,HG,2039-01-01T00:00:00,F,8,401.4006512585911,65200.0,30700.000000000004,0.0061564517064201085,89534.17961665703,6669.539053913144,0.004483211361037747,0.0,0.0
BC,HG,2039-01-01T00:00:00,F,9,401.4006512585911,65200.0,30700.000000000004,0.0061564517064201085,89534.17961665703,6669.539053913144,0.004483211361037747,0.0,0.0
BC,HG,2039-01-01T00:00:00,F,10,401.39602864716653,65200.0,30600.0,0.00615638080747188,89534.17961665703,6669.539053913144,0.004483159731465171,0.0,0.0
BC,HG,2039-01-01T00:00:00,F,11,401.3914060357529,65200.0,30500.0,0.006156309908523817,89534.17961665703,6669.539053913144,0.004483108101892717,0.0,0.0
BC,HG,2039-01-01T00:00:00,F,12,401.6179177094491,65200.0,30400.0,0.006159784013948606,89534.17961665703,6669.539053913144,0.0044856379924291135,0.0,0.0
BC,HG,2039-01-01T00:00:00,F,13,501.8367260354753,65200.0,30300.0,0.007696882301157597,89534.17961665703,6669.539053913144,0.005604973745044659,0.0,0.0
BC,HG,2039-01-01T00:00:00,F,14,802.0593875688792,65200.0,30500.0,0.012301524349215939,89534.17961665703,6669.539053913144,0.008958136334111931,0.0,0.0
BC,HG,2039-01-01T00:00:00,F,15,1302.764359704106,65200.0,31200.000000000004,0.019981048461719417,89534.17961665703,6669.539053913144,0.014550469611515137,0.0,0.0
BC,HG,2039-01-01T00:00:00,F,16,2304.007905310533,65200.0,32900.0,0.0353375445599775,89534.17961665703,6669.539053913144,0.02573327767312108,0.0,0.0
BC,HG,2039-01-01T00:00:00,F,17,1905.9541695527441,65200.0,34100.0,0.029232425913385648,89534.17961665703,6669.539053913144,0.021287447740216504,0.0,0.0
BC,HG,2039-01-01T00:00:00,F,18,2507.489043129088,65200.0,34900.0,0.03845842090688785,89534.17961665703,6669.539053913144,0.028005942019740045,0.0,0.0
BC,HG,2039-01-01T00:00:00,F,19,5109.70815260541,65200.0,40100.0,0.07836975694180076,89534.17961665703,6669.539053913144,0.05706991647751464,0.0,0.0
BC,HG,2039-01-01T00:00:00,F,20,2912.762514744667,65200.0,43300.0,0.04467427169853784,89534.17961665703,6669.539053913144,0.03253240859765217,0.0,0.0
BC,HG,2039-01-01T00:00:00,F,21,715.151965551675,65200.0,44400.0,0.01096858842870667,89534.17961665703,6669.539053913144,0.007987474376976672,0.0,0.0
BC,HG,2039-01-01T00:00:00,F,22,-283.5049319694881,65200.0,44300.0,-0.0043482351529062595,89534.17961665703,6669.539053913144,0.0,0.04250742512755067,0.0063996598638710635
BC,HG,2039-01-01T00:00:00,F,23,-82.63105452417221,65200.0,44100.0,-0.001267347462027181,89534.17961665703,6669.539053913144,0.0,0.012389320139851497,0.0018737200572374651
BC,HG,2039-01-01T00:00:00,F,24,217.92765105789294,65200.0,44100.0,0.0033424486358572536,89534.17961665703,6669.539053913144,0.002434016282842552,0.0,0.0
BC,HG,2039-01-01T00:00:00,F,25,617.927651057893,65200.0,44500.00000000001,0.009477417961010629,89534.17961665703,6669.539053913144,0.006901583883423813,0.0,0.0
BC,HG,2039-01-01T00:00:00,F,26,418.13183842755825,65200.0,44800.0,0.0064130650065576415,89534.17961665703,6669.539053913144,0.004670080635326094,0.0,0.0
BC,HG,2039-01-01T00:00:00,F,27,618.4739910034768,65200.0,45000.0,0.009485797408028785,89534.17961665703,6669.539053913144,0.006907685910023297,0.0,0.0
BC,HG,2039-01-01T00:00:00,F,28,718.816145150573,65200.0,45100.0,0.011024787502309402,89534.17961665703,6669.539053913144,0.00802839930212354,0.0,0.0
BC,HG,2039-01-01T00:00:00,F,29,819.8518177648657,65200.0,46000.00000000001,0.012574414382896713,89534.17961665703,6669.539053913144,0.009156858545809913,0.0,0.0
BC,HG,2039-01-01T00:00:00,F,30,820.7757731873207,65200.0,46500.0,0.01258858547833314,89534.17961665703,6669.539053913144,0.009167178129084267,0.0,0.0
BC,HG,2039-01-01T00:00:00,F,31,822.0711844519828,65200.0,47000.0,0.01260845374926354,89534.17961665703,6669.539053913144,0.009181646472572849,0.0,0.0
BC,HG,2039-01-01T00:00:00,F,32,623.3427804324674,65200.0,46500.00000000001,0.009560472092522506,89534.17961665703,6669.539053913144,0.006962065024790824,0.0,0.0
BC,HG,2039-01-01T00:00:00,F,33,624.4340914329441,65200.0,45900.0,0.009577209991302824,89534.17961665703,6669.539053913144,0.006974253788960543,0.0,0.0
BC,HG,2039-01-01T00:00:00,F,34,726.0641006421429,65200.0,45800.00000000001,0.011135952463836547,89534.17961665703,6669.539053913144,0.008109351129935022,0.0,0.0
BC,HG,2039-01-01T00:00:00,F,35,727.9253171229284,65200.0,46000.0,0.01116449872887927,89534.17961665703,6669.539053913144,0.008130138906053085,0.0,0.0
BC,HG,2039-01-01T00:00:00,F,36,630.034068842222,65200.0,45400.0,0.009663099215371503,89534.17961665703,6669.539053913144,0.007036799483054736,0.0,0.0
BC,HG,2039-01-01T00:00:00,F,37,632.233818080851,65200.0,45100.0,0.00969683770062655,89534.17961665703,6669.539053913144,0.007061368304124491,0.0,0.0
BC,HG,2039-01-01T00:00:00,F,38,436.2692151072406,65200.0,47000.00000000001,0.00669124563047915,89534.17961665703,6669.539053913144,0.004872655526360311,0.0,0.0
BC,HG,2039-01-01T00:00:00,F,39,439.0453765051352,65200.0,48200.0,0.006733824793023546,89534.17961665703,6669.539053913144,0.004903662248148357,0.0,0.0
BC,HG,2039-01-01T00:00:00,F,40,341.14422579437814,65200.0,48400.0,0.005232273401754266,89534.17961665703,6669.539053913144,0.003810212225710854,0.0,0.0
BC,HG,2039-01-01T00:00:00,F,41,442.62729214461433,65200.0,48500.0,0.006788762149457275,89534.17961665703,6669.539053913144,0.0049436683737957374,0.0,0.0
BC,HG,2039-01-01T00:00:00,F,42,343.9269745730344,65200.0,48200.0,0.005274953597745926,89534.17961665703,6669.539053913144,0.0038412925214210583,0.0,0.0
BC,HG,2039-01-01T00:00:00,F,43,446.25702954712324,65200.0,49200.0,0.0068444329685141605,89534.17961665703,6669.539053913144,0.004984208616840904,0.0,0.0
BC,HG,2039-01-01T00:00:00,F,44,347.9406626448035,65200.0,48900.0,0.00533651323074852,89534.17961665703,6669.539053913144,0.0038861210783917464,0.0,0.0
BC,HG,2039-01-01T00:00:00,F,45,350.0853040649454,65200.0,48799.99999999999,0.005369406504063579,89534.17961665703,6669.539053913144,0.003910074404700472,0.0,0.0
BC,HG,2039-01-01T00:00:00,F,46,352.8112127979912,65200.0,48900.0,0.005411214920214589,89534.17961665703,6669.539053913144,0.003940519858545214,0.0,0.0
BC,HG,2039-01-01T00:00:00,F,47,255.8901835811921,65200.0,49200.0,0.003924696067196198,89534.17961665703,6669.539053913144,0.0028580167336853114,0.0,0.0
BC,HG,2039-01-01T00:00:00,F,48,159.16913613910583,65200.0,49000.00000000001,0.0024412444193114393,89534.17961665703,6669.539053913144,0.0017777471890689425,0.0,0.0
BC,HG,2039-01-01T00:00:00,F,49,262.68189586086373,65200.0,48900.00000000001,0.00402886343344883,89534.17961665703,6669.539053913144,0.0029338728180181386,0.0,0.0
BC,HG,2039-01-01T00:00:00,F,50,165.67024613521062,65200.0,47699.99999999999,0.002540954695325316,89534.17961665703,6669.539053913144,0.0018503575600349743,0.0,0.0
BC,HG,2039-01-01T00:00:00,F,51,169.32116463095736,65200.0,46700.00000000001,0.0025969503777754197,89534.17961665703,6669.539053913144,0.0018911343729948766,0.0,0.0
BC,HG,2039-01-01T00:00:00,F,52,172.94782016377576,65200.0,45600.0,0.002652573928892266,89534.17961665703,6669.539053913144,0.0019316401948870974,0.0,0.0
BC,HG,2039-01-01T00:00:00,F,53,178.2167502555385,65200.0,45400.0,0.002733385740115621,89534.17961665703,6669.539053913144,0.0019904884483063147,0.0,0.0
BC,HG,2039-01-01T00:00:00,F,54,182.64005470702978,65200.0,44400.00000000001,0.0028012278329299046,89534.17961665703,6669.539053913144,0.0020398919774437876,0.0,0.0
BC,HG,2039-01-01T00:00:00,F,55,288.06011263214896,65200.0,43800.00000000001,0.004418099886996149,89534.17961665703,6669.539053913144,0.003217320065537943,0.0,0.0
BC,HG,2039-01-01T00:00:00,F,56,293.7077507170907,65200.0,42999.99999999999,0.004504720103022863,89534.17961665703,6669.539053913144,0.003280398077858179,0.0,0.0
BC,HG,2039-01-01T00:00:00,F,57,300.20756683145737,65200.0,42400.0,0.0046044105342248065,89534.17961665703,6669.539053913144,0.0033529939975638808,0.0,0.0
BC,HG,2039-01-01T00:00:00,F,58,304.81034911482857,65200.0,40900.0,0.00467500535452191,89534.17961665703,6669.539053913144,0.0034044021000681772,0.0,0.0
BC,HG,2039-01-01T00:00:00,F,59,311.6790598813168,65200.0,40099.99999999999,0.0047803536791613,89534.17961665703,6669.539053913144,0.0034811181742634935,0.0,0.0
BC,HG,2039-01-01T00:00:00,F,60,216.64972204511287,65200.0,38300.0,0.0033228484976244306,89534.17961665703,6669.539053913144,0.0024197431972092045,0.0,0.0
BC,HG,2039-01-01T00:00:00,F,61,322.98130098043475,65200.0,37200.00000000001,0.004953700935282742,89534.17961665703,6669.539053913144,0.003607351989634437,0.0,0.0
BC,HG,2039-01-01T00:00:00,F,62,233.3174452778985,65200.0,36800.0,0.003578488424507646,89534.17961665703,6669.539053913144,0.002605903647934826,0.0,0.0
BC,HG,2039-01-01T00:00:00,F,63,346.1837095481751,65200.0,37000.0,0.005309566097364648,89534.17961665703,6669.539053913144,0.003866497811566151,0.0,0.0
BC,HG,2039-01-01T00:00:00,F,64,257.9350691277068,65200.0,36400.0,0.003956059342449491,89534.17961665703,6669.539053913144,0.002880855894721576,0.0,0.0
BC,HG,2039-01-01T00:00:00,F,65,172.1243985596593,65200.0,36100.0,0.0026399447631849588,89534.17961665703,6669.539053913144,0.0019224434656866741,0.0,0.0
BC,HG,2039-01-01T00:00:00,F,66,188.86155695535854,65200.0,36100.0,0.002896649646554579,89534.17961665703,6669.539053913144,0.00210937943212273,0.0,0.0
BC,HG,2039-01-01T00:00:00,F,67,108.70674178985792,65200.0,36200.0,0.0016672813157953667,89534.17961665703,6669.539053913144,0.0012141367939628052,0.0,0.0
BC,HG,2039-01-01T00:00:00,F,68,141.7829698372443,65200.0,38099.99999999999,0.0021745854269515997,89534.17961665703,6669.539053913144,0.0015835625058976568,0.0,0.0
BC,HG,2039-01-01T00:00:00,F,69,265.20666629811603,65200.0,38000.0,0.004067586906412822,89534.17961665703,6669.539053913144,0.002962071774529073,0.0,0.0
BC,HG,2039-01-01T00:00:00,F,70,290.2430603790781,65200.0,37700.00000000001,0.004451580680660707,89534.17961665703,6669.539053913144,0.003241701232107799,0.0,0.0
BC,HG,2039-01-01T00:00:00,F,71,209.54085693509114,65200.0,36300.00000000001,0.0032138168241578396,89534.17961665703,6669.539053913144,0.0023403448586031155,0.0,0.0
BC,HG,2039-01-01T00:00:00,F,72,133.11699680871243,65200.0,35199.99999999999,0.0020416717301949758,89534.17961665703,6669.539053913144,0.0014867729550732066,0.0,0.0
BC,HG,2039-01-01T00:00:00,F,73,179.48146877811087,65200.0,36199.99999999999,0.002752783263467958,89534.17961665703,6669.539053913144,0.002004613987044563,0.0,0.0
BC,HG,2039-01-01T00:00:00,F,74,233.69772583672602,65200.0,37300.00000000001,0.0035843209484160434,89534.17961665703,6669.539053913144,0.002610150970694198,0.0,0.0
BC,HG,2039-01-01T00:00:00,F,75,100.98374152244651,65200.0,38600.0,0.001548830391448566,89534.17961665703,6669.539053913144,0.0011278792295278863,0.0,0.0
BC,HG,2039-01-01T00:00:00,F,76,51.6070275050879,65200.0,38100.0,0.0007915188267651518,89534.17961665703,6669.539053913144,0.0005763947101100916,0.0,0.0
BC,HG,2039-01-01T00:00:00,F,77,-14.326145122489834,65200.0,36200.00000000001,-0.0002197261521854269,89534.17961665703,6669.539053913144,0.0,0.002147996286802521,0.00039574986526215
BC,HG,2039-01-01T00:00:00,F,78,44.38085168826365,65200.0,35700.00000000001,0.000680687909329197,89534.17961665703,6669.539053913144,0.000495686137721722,0.0,0.0
BC,HG,2039-01-01T00:00:00,F,79,101.76529349297925,65200.0,34800.00000000001,0.001560817384861645,89534.17961665703,6669.539053913144,0.0011366083201821927,0.0,0.0
BC,HG,2039-01-01T00:00:00,F,80,-43.935924677105504,65200.0,33300.0,-0.0006738638754157285,89534.17961665703,6669.539053913144,0.0,0.006587550402201704,0.0013193971374506157
BC,HG,2039-01-01T00:00:00,F,81,-182.89416033203088,65200.0,31900.000000000004,-0.0028051251584667314,89534.17961665703,6669.539053913144,0.0,0.027422308926240327,0.0057333592580573935
BC,HG,2039-01-01T00:00:00,F,82,-133.65477013654527,65200.0,30100.0,-0.0020499197873703264,89534.17961665703,6669.539053913144,0.0,0.020039581304817086,0.004440357811845358
BC,HG,2039-01-01T00:00:00,F,83,-177.14832378829306,65200.0,28400.000000000004,-0.002716998831108789,89534.17961665703,6669.539053913144,0.0,0.026560804630772317,0.006237617034799051
BC,HG,2039-01-01T00:00:00,F,84,-218.24543833475764,65200.0,26700.0,-0.003347322673845976,89534.17961665703,6669.539053913144,0.0,0.0327227169030083,0.008173986454485305
BC,HG,2039-01-01T00:00:00,F,85,-185.44781134100776,65200.0,24400.0,-0.0028442915849847816,89534.17961665703,6669.539053913144,0.0,0.027805191609486423,0.007600320136926548
BC,HG,2039-01-01T00:00:00,F,86,-162.7266951203128,65200.0,21999.999999999996,-0.002495808207366761,89534.17961665703,6669.539053913144,0.0,0.024398491980467223,0.007396667960014219
BC,HG,2039-01-01T00:00:00,F,87,-39.27502499382899,65200.0,19900.0,-0.0006023776839544324,89534.17961665703,6669.539053913144,0.0,0.00588871654792779,0.0019736193464235676
BC,HG,2039-01-01T00:00:00,F,88,-202.53259411099134,65200.0,17899.999999999996,-0.003106328130536677,89534.17961665703,6669.539053913144,0.0,0.03036680533299549,0.011314670062066557
BC,HG,2039-01-01T00:00:00,F,89,-253.41006382011983,65200.0,16300.0,-0.0038866574205539853,89534.17961665703,6669.539053913144,0.0,0.03799513906008833,0.015546629682215941
BC,HG,2039-01-01T00:00:00,F,90,-267.57009140832815,65200.0,14000.000000000002,-0.004103835757796444,89534.17961665703,6669.539053913144,0.0,0.04011822844808739,0.01911214938630915
BC,HG,2039-01-01T00:00:00,F,91,-246.14239093184915,65200.0,12400.000000000002,-0.0037751900449670113,89534.17961665703,6669.539053913144,0.0,0.036905457624906296,0.019850192817084607
BC,HG,2039-01-01T00:00:00,F,92,-341.7356898628259,65200.0,10700.0,-0.005241344936546409,89534.17961665703,6669.539053913144,0.0,0.05123827705339294,0.03193791494045102
BC,HG,2039-01-01T00:00:00,F,93,-255.82279418710368,65200.0,7599.999999999999,-0.003923662487532265,89534.17961665703,6669.539053913144,0.0,0.03835689275063284,0.03366089397198733
BC,HG,2039-01-01T00:00:00,F,94,-155.02862557517165,65200.0,6000.0,-0.0023777396560609146,89534.17961665703,6669.539053913144,0.0,0.023244278850757076,0.025838104262528607
BC,HG,2039-01-01T00:00:00,F,95,-215.99213344979762,65200.0,4800.0,-0.003312762782972356,89534.17961665703,6669.539053913144,0.0,0.03238486673574105,0.044998361135374504
BC,HG,2039-01-01T00:00:00,F,96,-211.11231709216918,65200.0,3700.0,-0.003237918973806276,89534.17961665703,6669.539053913144,0.0,0.03165320952252399,0.057057382997883564
BC,HG,2039-01-01T00:00:00,F,97,-136.03222224826095,65200.0,2700.0,-0.0020863837768138184,89534.17961665703,6669.539053913144,0.0,0.020396045536077684,0.05038230453639295
BC,HG,2039-01-01T00:00:00,F,98,-124.12929240173526,65200.0,2000.0,-0.001903823503094099,89534.17961665703,6669.539053913144,0.0,0.01861137499883238,0.06206464620086763
BC,HG,2039-01-01T00:00:00,F,99,-37.937963644657884,65200.0,1400.0000000000002,-0.0005818706080469001,89534.17961665703,6669.539053913144,0.0,0.005688243720890871,0.027098545460469914
BC,HG,2039-01-01T00:00:00,F,100,1686.1610854031778,65200.0,2700.0,0.025861366340539538,89534.17961665703,6669.539053913144,0.01883259658627042,0.0,0.0
BC,HG,2039-01-01T00:00:00,M,1,585.381123138206,65200.0,33100.0,0.00897823808494181,89534.17961665703,6669.539053913144,0.006538074349310296,0.0,0.0
BC,HG,2039-01-01T00:00:00,M,2,505.4621207690834,65200.0,32900.0,0.007752486514863243,89534.17961665703,6669.539053913144,0.005645465485172623,0.0,0.0
BC,HG,2039-01-01T00:00:00,M,3,503.78793778656836,65200.0,32800.0,0.007726808861757184,89534.17961665703,6669.539053913144,0.005626766671047301,0.0,0.0
BC,HG,2039-01-01T00:00:00,M,4,502.59610999839424,65200.0,32700.0,0.007708529294453899,89534.17961665703,6669.539053913144,0.005613455243017503,0.0,0.0
BC,HG,2039-01-01T00:00:00,M,5,602.1240786527414,65200.0,32800.0,0.009235031881177016,89534.17961665703,6669.539053913144,0.006725075063297075,0.0,0.0
BC,HG,2039-01-01T00:00:00,M,6,701.6571829471868,65200.0,33000.0,0.0107616132353863,89534.17961665703,6669.539053913144,0.007836752243124924,0.0,0.0
BC,HG,2039-01-01T00:00:00,M,7,601.4292340187785,65200.0,33100.0,0.009224374754889242,89534.17961665703,6669.539053913144,0.006717314399861749,0.0,0.0
BC,HG,2039-01-01T00:00:00,M,8,501.438029305049,65200.0,33200.0,0.007690767320629586,89534.17961665703,6669.539053913144,0.0056005207335563835,0.0,0.0
BC,HG,2039-01-01T00:00:00,M,9,501.438029305049,65200.0,33200.0,0.007690767320629586,89534.17961665703,6669.539053913144,0.0056005207335563835,0.0,0.0
BC,HG,2039-01-01T00:00:00,M,10,601.4380293050526,65200.0,33300.0,0.009224509651917985,89534.17961665703,6669.539053913144,0.0067174126337017385,0.0,0.0
BC,HG,2039-01-01T00:00:00,M,11,501.4424269481824,65200.0,33300.0,0.007690834769143902,89534.17961665703,6669.539053913144,0.0056005698504763375,0.0,0.0
BC,HG,2039-01-01T00:00:00,M,12,501.9173826484548,65200.0,33200.0,0.007698119365773847,89534.17961665703,6669.539053913144,0.005605874592221958,0.0,0.0
BC,HG,2039-01-01T00:00:00,M,13,502.1504647229631,65200.0,33100.0,0.007701694244217225,89534.17961665703,6669.539053913144,0.005608477867032832,0.0,0.0
BC,HG,2039-01-01T00:00:00,M,14,802.8497184166881,65200.0,33200.0,0.012313645987986014,89534.17961665703,6669.539053913144,0.00896696347533546,0.0,0.0
BC,HG,2039-01-01T00:00:00,M,15,1303.8231198712783,65200.0,33900.0,0.01999728711459016,89534.17961665703,6669.539053913144,0.014562294818064248,0.0,0.0
BC,HG,2039-01-01T00:00:00,M,16,2005.8403508495321,65200.0,35200.0,0.030764422559041903,89534.17961665703,6669.539053913144,0.022403068408484793,0.0,0.0
BC,HG,2039-01-01T00:00:00,M,17,1808.5980352992483,65200.0,36300.0,0.02773923367023387,89534.17961665703,6669.539053913144,0.02020008496244461,0.0,0.0
BC,HG,2039-01-01T00:00:00,M,18,2711.3800869546103,65200.0,37200.0,0.04158558415574556,89534.17961665703,6669.539053913144,0.030283184573349043,0.0,0.0
BC,HG,2039-01-01T00:00:00,M,19,5415.668737882785,65200.0,42900.0,0.08306240395525744,89534.17961665703,6669.539053913144,0.060487165472114836,0.0,0.0
BC,HG,2039-01-01T00:00:00,M,20,3521.699423497281,65200.0,46400.0,0.05401379483891535,89534.17961665703,6669.539053913144,0.03933357560850539,0.0,0.0
BC,HG,2039-01-01T00:00:00,M,21,1127.6711156683014,65200.0,47700.0,0.017295569258716278,89534.17961665703,6669.539053913144,0.012594867351177564,0.0,0.0
BC,HG,2039-01-01T00:00:00,M,22,-67.20575167907373,65200.0,48000.0,-0.0010307630625624804,89534.17961665703,6669.539053913144,0.0,0.010076521201212977,0.0014001198266473693
BC,HG,2039-01-01T00:00:00,M,23,-263.55452172735386,65200.0,47500.0,-0.004042247265756961,89534.17961665703,6669.539053913144,0.0,0.039516152405273265,0.00554851624689166
BC,HG,2039-01-01T00:00:00,M,24,-160.5653259005121,65200.0,47400.0,-0.002462658372707241,89534.17961665703,6669.539053913144,0.0,0.02407442622384907,0.0033874541329221965
BC,HG,2039-01-01T00:00:00,M,25,40.83124625530036,65200.0,46799.99999999999,0.0006262461082101281,89534.17961665703,6669.539053913144,0.00045604088215383696,0.0,0.0
BC,HG,2039-01-01T00:00:00,M,26,242.70735867905023,65200.0,46800.0,0.0037225055012124267,89534.17961665703,6669.539053913144,0.0027107788301429492,0.0,0.0
BC,HG,2039-01-01T00:00:00,M,27,544.6159106013001,65200.0,46600.0,0.008353004763823621,89534.17961665703,6669.539053913144,0.0060827709924085715,0.0,0.0
BC,HG,2039-01-01T00:00:00,M,28,546.778954644964,65200.0,46400.0,0.008386180285965704,89534.17961665703,6669.539053913144,0.006106929856128828,0.0,0.0
BC,HG,2039-01-01T00:00:00,M,29,650.460103608777,65200.0,47099.99999999999,0.00997638195718983,89534.17961665703,6669.539053913144,0.007264936210883254,0.0,0.0
BC,HG,2039-01-01T00:00:00,M,30,654.1027126435292,65200.0,47300.0,0.01003225019391916,89534.17961665703,6669.539053913144,0.0073056202161463635,0.0,0.0
BC,HG,2039-01-01T00:00:00,M,31,757.9643369009937,65200.0,47200.0,0.011625219891119535,89534.17961665703,6669.539053913144,0.008465642284837345,0.0,0.0
BC,HG,2039-01-01T00:00:00,M,32,561.2571794784308,65200.0,46399.99999999999,0.008608238949055687,89534.17961665703,6669.539053913144,0.006268635976578647,0.0,0.0
BC,HG,2039-01-01T00:00:00,M,33,563.9707484035316,65200.0,45700.0,0.008649858104348644,89534.17961665703,6669.539053913144,0.0062989436081079585,0.0,0.0
BC,HG,2039-01-01T00:00:00,M,34,767.0203412206392,65200.0,45499.99999999999,0.01176411566289324,89534.17961665703,6669.539053913144,0.008566788063560277,0.0,0.0
BC,HG,2039-01-01T00:00:00,M,35,670.116485607592,65200.0,45700.0,0.0102778602087054,89534.17961665703,6669.539053913144,0.007484476749289641,0.0,0.0
BC,HG,2039-01-01T00:00:00,M,36,771.7905861339386,65200.0,45400.0,0.011837278928434641,89534.17961665703,6669.539053913144,0.008620066542614012,0.0,0.0
BC,HG,2039-01-01T00:00:00,M,37,573.0986016075185,65200.0,44800.0,0.00878985585287605,89534.17961665703,6669.539053913144,0.006400891861200442,0.0,0.0
BC,HG,2039-01-01T00:00:00,M,38,579.1168561167142,65200.0,46800.0,0.008882160369888254,89534.17961665703,6669.539053913144,0.006468109258343779,0.0,0.0
BC,HG,2039-01-01T00:00:00,M,39,385.54703444139886,65200.0,48500.0,0.005913298074254583,89534.17961665703,6669.539053913144,0.004306143598926452,0.0,0.0
BC,HG,2039-01-01T00:00:00,M,40,490.0085287969996,65200.0,49100.0,0.007515468233082816,89534.17961665703,6669.539053913144,0.005472865568154912,0.0,0.0
BC,HG,2039-01-01T00:00:00,M,41,394.518921407529,65200.0,49300.0,0.0060509037025694625,89534.17961665703,6669.539053913144,0.004406349877741352,0.0,0.0
BC,HG,2039-01-01T00:00:00,M,42,400.40903110102954,65200.0,49900.0,0.006141242808297999,89534.17961665703,6669.539053913144,0.004472136035817734,0.0,0.0
BC,HG,2039-01-01T00:00:00,M,43,406.3570469828046,65200.0,50300.0,0.006232470045748537,89534.17961665703,6669.539053913144,0.0045385689434206365,0.0,0.0
BC,HG,2039-01-01T00:00:00,M,44,412.53393487284484,65200.0,50600.0,0.006327207590074308,89534.17961665703,6669.539053913144,0.004607558103945553,0.0,0.0
BC,HG,2039-01-01T00:00:00,M,45,317.60364898777334,65200.0,50300.00000000001,0.004871221610241922,89534.17961665703,6669.539053913144,0.003547289430110398,0.0,0.0
BC,HG,2039-01-01T00:00:00,M,46,323.1153125087076,65200.0,50000.0,0.004955756326820668,89534.17961665703,6669.539053913144,0.003608848753538977,0.0,0.0
BC,HG,2039-01-01T00:00:00,M,47,329.4370084733382,65200.0,49900.0,0.005052714853885555,89534.17961665703,6669.539053913144,0.0036794552637197495,0.0,0.0
BC,HG,2039-01-01T00:00:00,M,48,335.82277068109397,65200.0,49699.99999999999,0.0051506559920413185,89534.17961665703,6669.539053913144,0.003750777324580714,0.0,0.0
BC,HG,2039-01-01T00:00:00,M,49,242.87761157695059,65200.0,49399.99999999999,0.0037251167419777697,89534.17961665703,6669.539053913144,0.002712680370969361,0.0,0.0
BC,HG,2039-01-01T00:00:00,M,50,247.17255959317845,65200.0,48200.00000000001,0.0037909901778094856,89534.17961665703,6669.539053913144,0.002760650297478062,0.0,0.0
BC,HG,2039-01-01T00:00:00,M,51,250.15166443175258,65200.0,46500.0,0.003836681969812156,89534.17961665703,6669.539053913144,0.0027939236781169335,0.0,0.0
BC,HG,2039-01-01T00:00:00,M,52,156.27355696349696,65200.0,45600.0,0.0023968336957591557,89534.17961665703,6669.539053913144,0.0017454066997942724,0.0,0.0
BC,HG,2039-01-01T00:00:00,M,53,64.92912091140897,65200.0,45300.0,0.0009958454127516714,89534.17961665703,6669.539053913144,0.0007251880922950848,0.0,0.0
BC,HG,2039-01-01T00:00:00,M,54,170.7002533611958,65200.0,44299.99999999999,0.0026181020454171134,89534.17961665703,6669.539053913144,0.0019065373033187267,0.0,0.0
BC,HG,2039-01-01T00:00:00,M,55,176.43749878040398,65200.0,43000.0,0.002706096607061411,89534.17961665703,6669.539053913144,0.001970616132697321,0.0,0.0
BC,HG,2039-01-01T00:00:00,M,56,182.14005764599278,65200.0,41700.0,0.0027935591663495827,89534.17961665703,6669.539053913144,0.002034307550768101,0.0,0.0
BC,HG,2039-01-01T00:00:00,M,57,188.51331892676535,65200.0,40500.0,0.002891308572496401,89534.17961665703,6669.539053913144,0.002105489989788147,0.0,0.0
BC,HG,2039-01-01T00:00:00,M,58,294.36279990596086,65200.0,39200.0,0.004514766869723326,89534.17961665703,6669.539053913144,0.003287714269190638,0.0,0.0
BC,HG,2039-01-01T00:00:00,M,59,200.43901199349057,65200.0,37700.0,0.003074217975360285,89534.17961665703,6669.539053913144,0.002238687089686593,0.0,0.0
BC,HG,2039-01-01T00:00:00,M,60,304.6062714914078,65200.0,36000.0,0.004671875329622819,89534.17961665703,6669.539053913144,0.003402122773622182,0.0,0.0
BC,HG,2039-01-01T00:00:00,M,61,312.0706978095768,65200.0,34799.99999999999,0.0047863603958524055,89534.17961665703,6669.539053913144,0.0034854923465621264,0.0,0.0
BC,HG,2039-01-01T00:00:00,M,62,325.28463959876535,65200.0,34400.0,0.00498902821470499,89534.17961665703,6669.539053913144,0.00363307779209549,0.0,0.0
BC,HG,2039-01-01T00:00:00,M,63,338.2231610682793,65200.0,33800.0,0.005187471795525756,89534.17961665703,6669.539053913144,0.003777587090387054,0.0,0.0
BC,HG,2039-01-01T00:00:00,M,64,255.0760206518462,65200.0,33500.0,0.003912208905703162,89534.17961665703,6669.539053913144,0.0028489234138734613,0.0,0.0
BC,HG,2039-01-01T00:00:00,M,65,270.39468851406855,65200.0,32899.99999999999,0.00414715779929553,89534.17961665703,6669.539053913144,0.003020016374436786,0.0,0.0
BC,HG,2039-01-01T00:00:00,M,66,291.34391164212866,65200.0,32800.0,0.004468464902486636,89534.17961665703,6669.539053913144,0.0032539965506974584,0.0,0.0
BC,HG,2039-01-01T00:00:00,M,67,319.3944572218388,65200.0,33200.0,0.0048986879941999815,89534.17961665703,6669.539053913144,0.003567290822223811,0.0,0.0
BC,HG,2039-01-01T00:00:00,M,68,362.00561388523056,65200.0,34700.0,0.0055522333417980145,89534.17961665703,6669.539053913144,0.004043211379555464,0.0,0.0
BC,HG,2039-01-01T00:00:00,M,69,293.02356963351485,65200.0,34600.0,0.0044942265281213934,89534.17961665703,6669.539053913144,0.0032727565147533944,0.0,0.0
BC,HG,2039-01-01T00:00:00,M,70,317.54398636953556,65200.0,33800.0,0.004870306539410054,89534.17961665703,6669.539053913144,0.003546623063159886,0.0,0.0
BC,HG,2039-01-01T00:00:00,M,71,241.25018861492572,65200.0,32699.999999999996,0.0037001562671000877,89534.17961665703,6669.539053913144,0.0026945038157254004,0.0,0.0
BC,HG,2039-01-01T00:00:00,M,72,272.66471635677226,65200.0,32100.0,0.0041819741772511085,89534.17961665703,6669.539053913144,0.0030453701315429874,0.0,0.0
BC,HG,2039-01-01T00:00:00,M,73,130.6168707544566,65200.0,32800.0,0.0020033262385652853,89534.17961665703,6669.539053913144,0.0014588492496798008,0.0,0.0
BC,HG,2039-01-01T00:00:00,M,74,201.603812275338,65200.0,33999.99999999999,0.0030920830103579448,89534.17961665703,6669.539053913144,0.0022516966496874164,0.0,0.0
BC,HG,2039-01-01T00:00:00,M,75,74.68193016108853,65200.0,34600.0,0.0011454283767038118,89534.17961665703,6669.539053913144,0.0008341164288413788,0.0,0.0
BC,HG,2039-01-01T00:00:00,M,76,138.28633162433107,65200.0,34500.0,0.0021209560065081454,89534.17961665703,6669.539053913144,0.001544508836920243,0.0,0.0
BC,HG,2039-01-01T00:00:00,M,77,165.243840353236,65200.0,32499.999999999993,0.0025344147293441107,89534.17961665703,6669.539053913144,0.0018455950683943486,0.0,0.0
BC,HG,2039-01-01T00:00:00,M,78,124.7095830196813,65200.0,31699.999999999996,0.0019127236659460323,89534.17961665703,6669.539053913144,0.0013928712314518177,0.0,0.0
BC,HG,2039-01-01T00:00:00,M,79,72.9622161302832,65200.0,30299.999999999996,0.0011190523946362453,89534.17961665703,6669.539053913144,0.0008149090821256515,0.0,0.0
BC,HG,2039-01-01T00:00:00,M,80,111.54063409830633,65200.0,28600.0,0.0017107459217531645,89534.17961665703,6669.539053913144,0.0012457883076147068,0.0,0.0
BC,HG,2039-01-01T00:00:00,M,81,74.10183823939951,65200.0,27499.999999999996,0.0011365312613404834,89534.17961665703,6669.539053913144,0.0008276374291546368,0.0,0.0
BC,HG,2039-01-01T00:00:00,M,82,99.62433461499313,65200.0,25399.999999999996,0.0015279805922544958,89534.17961665703,6669.539053913144,0.0011126961238885236,0.0,0.0
BC,HG,2039-01-01T00:00:00,M,83,50.493083219989785,65200.0,23900.0,0.0007744337917176347,89534.17961665703,6669.539053913144,0.0005639531566176991,0.0,0.0
BC,HG,2039-01-01T00:00:00,M,84,-111.82580324116134,65200.0,22000.0,-0.001715119681612904,89534.17961665703,6669.539053913144,0.0,0.016766646440963717,0.005082991056416425
BC,HG,2039-01-01T00:00:00,M,85,-108.25156426636386,65200.0,19700.0,-0.0016603000654350285,89534.17961665703,6669.539053913144,0.0,0.01623074149372446,0.005495003262251973
BC,HG,2039-01-01T00:00:00,M,86,-92.86950072769469,65200.0,17800.0,-0.0014243788455167896,89534.17961665703,6669.539053913144,0.0,0.013924425657753125,0.005217387681331162
BC,HG,2039-01-01T00:00:00,M,87,-92.8239825689252,65200.0,15800.0,-0.0014236807142473191,89534.17961665703,6669.539053913144,0.0,0.01391760087445078,0.005874935605628177
BC,HG,2039-01-01T00:00:00,M,88,-184.3957166268392,65200.0,14000.0,-0.0028281551629883313,89534.17961665703,6669.539053913144,0.0,0.027647445368604712,0.013171122616202801
BC,HG,2039-01-01T00:00:00,M,89,-179.51718515316134,65200.0,12399.999999999998,-0.002753331060631309,89534.17961665703,6669.539053913144,0.0,0.026915980804975603,0.0144771923510614
BC,HG,2039-01-01T00:00:00,M,90,-215.34459784912178,65200.0,10499.999999999998,-0.0033028312553546285,89534.17961665703,6669.539053913144,0.0,0.03228777822700882,0.020509009318963982
BC,HG,2039-01-01T00:00:00,M,91,-213.18397401739276,65200.0,9199.999999999998,-0.003269692853027496,89534.17961665703,6669.539053913144,0.0,0.03196382423044868,0.023172171088847043
BC,HG,2039-01-01T00:00:00,M,92,-163.9893667501192,65200.0,7699.999999999999,-0.0025151743366582696,89534.17961665703,6669.539053913144,0.0,0.024587811155240714,0.02129732035715834
BC,HG,2039-01-01T00:00:00,M,93,-179.1177674484079,65200.0,5300.0,-0.002747205022214845,89534.17961665703,6669.539053913144,0.0,0.0268560939519975,0.033795805178944885
BC,HG,2039-01-01T00:00:00,M,94,-188.65610762368487,65200.0,4000.0,-0.0028934985831853507,89534.17961665703,6669.539053913144,0.0,0.028286228793127283,0.04716402690592122
BC,HG,2039-01-01T00:00:00,M,95,-72.17586454181946,65200.0,3200.0,-0.0011069917874512187,89534.17961665703,6669.539053913144,0.0,0.010821717056964008,0.022554957669318584
BC,HG,2039-01-01T00:00:00,M,96,-173.12108598704617,65200.0,2300.0,-0.00265523138016942,89534.17961665703,6669.539053913144,0.0,0.02595697912368813,0.07527003738567224
BC,HG,2039-01-01T00:00:00,M,97,-96.38322343432378,65200.0,1599.9999999999998,-0.0014782702980724507,89534.17961665703,6669.539053913144,0.0,0.014451257074171255,0.06023951464645237
BC,HG,2039-01-01T00:00:00,M,98,-85.66887397498112,65200.0,1100.0,-0.0013139397848923485,89534.17961665703,6669.539053913144,0.0,0.012844796811665355,0.07788079452271011
BC,HG,2039-01-01T00:00:00,M,99,-49.652381322119254,65200.0,799.9999999999999,-0.0007615395908300499,89534.17961665703,6669.539053913144,0.0,0.0074446496108283924,0.062065476652649075
BC,HG,2039-01-01T00:00:00,M,100,772.3229624656177,65200.0,1300.0,0.011845444209595364,89534.17961665703,6669.539053913144,0.008626012610740825,0.0,0.0
BC,HG,2040-01-01T00:00:00,F,1,481.77754857478067,66700.0,32200.0,0.007223051702770325,91225.1142764732,7085.845124342564,0.005281194245640208,0.0,0.0
BC,HG,2040-01-01T00:00:00,F,2,403.57015822385074,66700.0,31799.999999999996,0.0060505271098028595,91225.1142764732,7085.845124342564,0.0044238931507475324,0.0,0.0
BC,HG,2040-01-01T00:00:00,F,3,302.83791408330944,66700.0,31500.0,0.004540298561968657,91225.1142764732,7085.845124342564,0.003319677004355486,0.0,0.0
BC,HG,2040-01-01T00:00:00,F,4,402.3421773686059,66700.0,31300.000000000004,0.006032116602227975,91225.1142764732,7085.845124342564,0.004410432155220322,0.0,0.0
BC,HG,2040-01-01T00:00:00,F,5,502.0943108110514,66700.0,31200.0,0.007527650836747397,91225.1142764732,7085.845124342564,0.005503904432384368,0.0,0.0
BC,HG,2040-01-01T00:00:00,F,6,501.8616051040408,66700.0,31200.0,0.007524161995562831,91225.1142764732,7085.845124342564,0.0055013535371746854,0.0,0.0
BC,HG,2040-01-01T00:00:00,F,7,501.6289005234976,66700.0,31200.000000000004,0.00752067317126683,91225.1142764732,7085.845124342564,0.005498802654313219,0.0,0.0
BC,HG,2040-01-01T00:00:00,F,8,401.4007449426099,66700.0,31200.000000000004,0.006018002173052622,91225.1142764732,7085.845124342564,0.00440011227309726,0.0,0.0
BC,HG,2040-01-01T00:00:00,F,9,401.3961970694072,66700.0,31100.0,0.006017933989046585,91225.1142764732,7085.845124342564,0.004400062419794924,0.0,0.0
BC,HG,2040-01-01T00:00:00,F,10,401.39619706940357,66700.0,31099.999999999996,0.00601793398904653,91225.1142764732,7085.845124342564,0.004400062419794884,0.0,0.0
BC,HG,2040-01-01T00:00:00,F,11,401.3916491962191,66700.0,31000.0,0.006017865805040766,91225.1142764732,7085.845124342564,0.004400012566492748,0.0,0.0
BC,HG,2040-01-01T00:00:00,F,12,401.61828879370296,66700.0,30900.0,0.006021263700055517,91225.1142764732,7085.845124342564,0.00440249696565499,0.0,0.0
BC,HG,2040-01-01T00:00:00,F,13,501.84341352321644,66700.0,30899.999999999996,0.007523889258219137,91225.1142764732,7085.845124342564,0.005501154123000545,0.0,0.0
BC,HG,2040-01-01T00:00:00,F,14,802.0670233737765,66700.0,31100.000000000004,0.012024992854179557,91225.1142764732,7085.845124342564,0.008792173402413903,0.0,0.0
BC,HG,2040-01-01T00:00:00,F,15,1302.774242933996,66700.0,31799.999999999996,0.019531847720149865,91225.1142764732,7085.845124342564,0.01428087268803761,0.0,0.0
BC,HG,2040-01-01T00:00:00,F,16,2304.020426939718,66700.0,33500.0,0.034543034886652446,91225.1142764732,7085.845124342564,0.025256426864613102,0.0,0.0
BC,HG,2040-01-01T00:00:00,F,17,1805.9852618747973,66700.0,34700.0,0.0270762408077181,91225.1142764732,7085.845124342564,0.019797018356167272,0.0,0.0
BC,HG,2040-01-01T00:00:00,F,18,2607.7545742414222,66700.0,36700.0,0.03909677022850708,91225.1142764732,7085.845124342564,0.02858592828218531,0.0,0.0
BC,HG,2040-01-01T00:00:00,F,19,5109.523938000166,66700.0,39999.99999999999,0.07660455679160669,91225.1142764732,7085.845124342564,0.056010057959641306,0.0,0.0
BC,HG,2040-01-01T00:00:00,F,20,2912.4629862906513,66700.0,43000.00000000001,0.04366511223824065,91225.1142764732,7085.845124342564,0.031926109486297136,0.0,0.0
BC,HG,2040-01-01T00:00:00,F,21,714.7706124411707,66700.0,44000.0,0.010716201086074522,91225.1142764732,7085.845124342564,0.00783523943061268,0.0,0.0
BC,HG,2040-01-01T00:00:00,F,22,-283.84431212214986,66700.0,44099.99999999999,-0.00425553691337556,91225.1142764732,7085.845124342564,0.0,0.04005793340684755,0.006436378959685939
BC,HG,2040-01-01T00:00:00,F,23,-82.87311810983374,66700.0,44200.0,-0.0012424755338805659,91225.1142764732,7085.845124342564,0.0,0.011695586998526564,0.001874957423299406
BC,HG,2040-01-01T00:00:00,F,24,317.7182555839754,66700.0,44400.0,0.004763392137690786,91225.1142764732,7085.845124342564,0.0034827937252133907,0.0,0.0
BC,HG,2040-01-01T00:00:00,F,25,617.7182555839827,66700.0,44700.00000000001,0.009261143262128676,91225.1142764732,7085.845124342564,0.006771361817228122,0.0,0.0
BC,HG,2040-01-01T00:00:00,F,26,417.8789653851927,66700.0,44900.00000000001,0.00626505195480049,91225.1142764732,7085.845124342564,0.004580744772966132,0.0,0.0
BC,HG,2040-01-01T00:00:00,F,27,718.3391552932808,66700.0,45500.0,0.010769702478160132,91225.1142764732,7085.845124342564,0.007874357417807468,0.0,0.0
BC,HG,2040-01-01T00:00:00,F,28,818.7622020595445,66700.0,45800.0,0.012275295383201566,91225.1142764732,7085.845124342564,0.008975184175468902,0.0,0.0
BC,HG,2040-01-01T00:00:00,F,29,919.4877682183942,66700.0,46000.0,0.013785423811370228,91225.1142764732,7085.845124342564,0.010079327118535914,0.0,0.0
BC,HG,2040-01-01T00:00:00,F,30,920.5741856311142,66700.0,46899.99999999999,0.013801711928502462,91225.1142764732,7085.845124342564,0.010091236310662848,0.0,0.0
BC,HG,2040-01-01T00:00:00,F,31,821.8554929720121,66700.0,47300.00000000001,0.012321671558800781,91225.1142764732,7085.845124342564,0.0090090925014491,0.0,0.0
BC,HG,2040-01-01T00:00:00,F,32,623.5159194082298,66700.0,47600.0,0.009348064758744076,91225.1142764732,7085.845124342564,0.0068349151914302774,0.0,0.0
BC,HG,2040-01-01T00:00:00,F,33,624.6760344444774,66700.0,47100.0,0.009365457787773274,91225.1142764732,7085.845124342564,0.006847632249067845,0.0,0.0
BC,HG,2040-01-01T00:00:00,F,34,726.0977808786483,66700.0,46600.0,0.01088602370132906,91225.1142764732,7085.845124342564,0.00795940664626723,0.0,0.0
BC,HG,2040-01-01T00:00:00,F,35,727.777320710702,66700.0,46500.0,0.010911204208556253,91225.1142764732,7085.845124342564,0.007977817583270427,0.0,0.0
BC,HG,2040-01-01T00:00:00,F,36,730.340262353544,66700.0,46700.0,0.010949629120742788,91225.1142764732,7085.845124342564,0.008005912276964913,0.0,0.0
BC,HG,2040-01-01T00:00:00,F,37,632.3543972522384,66700.0,46000.0,0.009480575670948102,91225.1142764732,7085.845124342564,0.006931801645496228,0.0,0.0
BC,HG,2040-01-01T00:00:00,F,38,434.53463596420625,66700.0,45499.99999999999,0.006514762158383902,91225.1142764732,7085.845124342564,0.004763322462356969,0.0,0.0
BC,HG,2040-01-01T00:00:00,F,39,437.7716491423562,66700.0,47400.0,0.006563293090590048,91225.1142764732,7085.845124342564,0.004798806256527285,0.0,0.0
BC,HG,2040-01-01T00:00:00,F,40,440.56369399088726,66700.0,48600.00000000001,0.006605152833446586,91225.1142764732,7085.845124342564,0.004829412355195129,0.0,0.0
BC,HG,2040-01-01T00:00:00,F,41,442.2002368469257,66700.0,48800.0,0.00662968870834971,91225.1142764732,7085.845124342564,0.004847351963920404,0.0,0.0
BC,HG,2040-01-01T00:00:00,F,42,343.75871821818873,66700.0,48800.0,0.005153803871337162,91225.1142764732,7085.845124342564,0.0037682465069473034,0.0,0.0
BC,HG,2040-01-01T00:00:00,F,43,444.9502640859864,66700.0,48600.0,0.0066709185020387765,91225.1142764732,7085.845124342564,0.004877497470022225,0.0,0.0
BC,HG,2040-01-01T00:00:00,F,44,347.74857637177774,66700.0,49500.0,0.005213621834659336,91225.1142764732,7085.845124342564,0.0038119829076658277,0.0,0.0
BC,HG,2040-01-01T00:00:00,F,45,349.68271509620536,66700.0,49200.0,0.005242619416734713,91225.1142764732,7085.845124342564,0.003833184730648103,0.0,0.0
BC,HG,2040-01-01T00:00:00,F,46,352.1720568682722,66700.0,49100.0,0.005279940882582792,91225.1142764732,7085.845124342564,0.0038604726303872305,0.0,0.0
BC,HG,2040-01-01T00:00:00,F,47,354.875306549744,66700.0,49200.0,0.005320469363564378,91225.1142764732,7085.845124342564,0.0038901053658780198,0.0,0.0
BC,HG,2040-01-01T00:00:00,F,48,158.5707255194793,66700.0,49300.0,0.0023773721966938426,91225.1142764732,7085.845124342564,0.0017382354275699101,0.0,0.0
BC,HG,2040-01-01T00:00:00,F,49,262.0495898497975,66700.0,49200.0,0.003928779458017954,91225.1142764732,7085.845124342564,0.002872559732351901,0.0,0.0
BC,HG,2040-01-01T00:00:00,F,50,166.3744404537356,66700.0,48999.99999999999,0.0024943694220949863,91225.1142764732,7085.845124342564,0.001823778920676488,0.0,0.0
BC,HG,2040-01-01T00:00:00,F,51,169.8118896222295,66700.0,47800.0,0.0025459053916376236,91225.1142764732,7085.845124342564,0.0018614598728545926,0.0,0.0
BC,HG,2040-01-01T00:00:00,F,52,173.66304978582048,66700.0,46800.0,0.0026036439248248947,91225.1142764732,7085.845124342564,0.00190367588095867,0.0,0.0
BC,HG,2040-01-01T00:00:00,F,53,277.4638660495839,66700.0,45800.0,0.0041598780517179,91225.1142764732,7085.845124342564,0.003041529388592296,0.0,0.0
BC,HG,2040-01-01T00:00:00,F,54,283.3252176547394,66700.0,45600.00000000001,0.004247754387627277,91225.1142764732,7085.845124342564,0.00310578090147494,0.0,0.0
BC,HG,2040-01-01T00:00:00,F,55,288.2288329930525,66700.0,44600.00000000001,0.004321271858966304,91225.1142764732,7085.845124342564,0.0031595338112652403,0.0,0.0
BC,HG,2040-01-01T00:00:00,F,56,294.349991233139,66700.0,44000.00000000001,0.004413043346823673,91225.1142764732,7085.845124342564,0.0032266332968469776,0.0,0.0
BC,HG,2040-01-01T00:00:00,F,57,300.4601520017968,66700.0,43200.00000000001,0.004504649955049428,91225.1142764732,7085.845124342564,0.0032936122293166035,0.0,0.0
BC,HG,2040-01-01T00:00:00,F,58,307.42721894542774,66700.0,42600.00000000001,0.004609103732315259,91225.1142764732,7085.845124342564,0.0033699844761357857,0.0,0.0
BC,HG,2040-01-01T00:00:00,F,59,312.63216993084643,66700.0,41100.00000000001,0.00468713897947296,91225.1142764732,7085.845124342564,0.003427040595239613,0.0,0.0
BC,HG,2040-01-01T00:00:00,F,60,220.47773549408157,66700.0,40199.99999999999,0.003305513275773337,91225.1142764732,7085.845124342564,0.0024168534864849427,0.0,0.0
BC,HG,2040-01-01T00:00:00,F,61,325.2506844990785,66700.0,38500.0,0.004876322106432961,91225.1142764732,7085.845124342564,0.0035653634098319793,0.0,0.0
BC,HG,2040-01-01T00:00:00,F,62,332.95663104375853,66700.0,37399.99999999999,0.004991853538886934,91225.1142764732,7085.845124342564,0.003649835176250664,0.0,0.0
BC,HG,2040-01-01T00:00:00,F,63,343.829346719911,66700.0,37000.0,0.0051548627694139575,91225.1142764732,7085.845124342564,0.0037690207290711386,0.0,0.0
BC,HG,2040-01-01T00:00:00,F,64,258.38894316458754,66700.0,37100.00000000001,0.0038738971988693783,91225.1142764732,7085.845124342564,0.0028324321127348325,0.0,0.0
BC,HG,2040-01-01T00:00:00,F,65,270.76180397519056,66700.0,36499.99999999999,0.004059397360947385,91225.1142764732,7085.845124342564,0.002968062096963791,0.0,0.0
BC,HG,2040-01-01T00:00:00,F,66,185.82362939552695,66700.0,36100.0,0.002785961460202803,91225.1142764732,7085.845124342564,0.002036978861241619,0.0,0.0
BC,HG,2040-01-01T00:00:00,F,67,104.21990246132191,66700.0,36000.0,0.0015625172782806882,91225.1142764732,7085.845124342564,0.0011424474859572748,0.0,0.0
BC,HG,2040-01-01T00:00:00,F,68,225.44260661573207,66700.0,36200.0,0.0033799491246736444,91225.1142764732,7085.845124342564,0.002471277875657025,0.0,0.0
BC,HG,2040-01-01T00:00:00,F,69,261.6347706073211,66700.0,38100.0,0.0039225602789703315,91225.1142764732,7085.845124342564,0.0028680125279360296,0.0,0.0
BC,HG,2040-01-01T00:00:00,F,70,287.8583221136141,66700.0,38000.00000000001,0.004315716973217603,91225.1142764732,7085.845124342564,0.0031554723104123563,0.0,0.0
BC,HG,2040-01-01T00:00:00,F,71,215.4556424405091,66700.0,37600.00000000001,0.0032302195268442144,91225.1142764732,7085.845124342564,0.0023618018365812532,0.0,0.0
BC,HG,2040-01-01T00:00:00,F,72,136.1142091935253,66700.0,36100.0,0.002040692791507126,91225.1142764732,7085.845124342564,0.001492069484078782,0.0,0.0
BC,HG,2040-01-01T00:00:00,F,73,161.0985128616594,66700.0,35000.00000000001,0.002415270057895943,91225.1142764732,7085.845124342564,0.00176594476355955,0.0,0.0
BC,HG,2040-01-01T00:00:00,F,74,211.97067305087694,66700.0,36000.0,0.00317797111020805,91225.1142764732,7085.845124342564,0.0023235999727932795,0.0,0.0
BC,HG,2040-01-01T00:00:00,F,75,171.49674964800943,66700.0,37000.0,0.002571165661889197,91225.1142764732,7085.845124342564,0.0018799291292555622,0.0,0.0
BC,HG,2040-01-01T00:00:00,F,76,142.81367868756934,66700.0,38200.00000000001,0.0021411346130070365,91225.1142764732,7085.845124342564,0.0015655083561172444,0.0,0.0
BC,HG,2040-01-01T00:00:00,F,77,96.71286090979993,66700.0,37600.0,0.0014499679296821578,91225.1142764732,7085.845124342564,0.0010601560949180637,0.0,0.0
BC,HG,2040-01-01T00:00:00,F,78,32.39710841335909,66700.0,35600.0,0.0004857137693157285,91225.1142764732,7085.845124342564,0.0003551336566723737,0.0,0.0
BC,HG,2040-01-01T00:00:00,F,79,96.49290999073855,66700.0,35099.99999999999,0.0014466703147037263,91225.1142764732,7085.845124342564,0.001057745016337282,0.0,0.0
BC,HG,2040-01-01T00:00:00,F,80,-40.61883432192553,66700.0,33999.99999999999,-0.000608978025815975,91225.1142764732,7085.845124342564,0.0,0.0057323909299660586,0.0011946715977036923
BC,HG,2040-01-01T00:00:00,F,81,-186.00503657140143,66700.0,32300.000000000004,-0.002788681207967038,91225.1142764732,7085.845124342564,0.0,0.02625022609263694,0.0057586698628916844
BC,HG,2040-01-01T00:00:00,F,82,-125.34341367441084,66700.0,30900.0,-0.0018792115993165044,91225.1142764732,7085.845124342564,0.0,0.01768926803717579,0.004056421154511678
BC,HG,2040-01-01T00:00:00,F,83,-173.13444135697864,66700.0,29000.0,-0.0025957187609741924,91225.1142764732,7085.845124342564,0.0,0.024433844985151623,0.005970153150240643
BC,HG,2040-01-01T00:00:00,F,84,-116.24973729542762,66700.0,27300.000000000004,-0.001742874622120354,91225.1142764732,7085.845124342564,0.0,0.016405909987513796,0.004258232135363649
BC,HG,2040-01-01T00:00:00,F,85,-158.29511771207763,66700.0,25500.0,-0.0023732401456083604,91225.1142764732,7085.845124342564,0.0,0.02233962426983817,0.006207651674983436
BC,HG,2040-01-01T00:00:00,F,86,-125.93703022334012,66700.0,23200.0,-0.001888111397651276,91225.1142764732,7085.845124342564,0.0,0.0177730430193427,0.005428320268247419
BC,HG,2040-01-01T00:00:00,F,87,-105.83795577153069,66700.0,20800.0,-0.001586775948598661,91225.1142764732,7085.845124342564,0.0,0.014936532469209238,0.005088363258246667
BC,HG,2040-01-01T00:00:00,F,88,-279.8771071178053,66700.0,18500.0,-0.00419605857747834,91225.1142764732,7085.845124342564,0.0,0.03949805594202466,0.015128492276638122
BC,HG,2040-01-01T00:00:00,F,89,-258.0064773920749,66700.0,16500.0,-0.0038681630793414527,91225.1142764732,7085.845124342564,0.0,0.03641153212701825,0.015636756205580297
BC,HG,2040-01-01T00:00:00,F,90,-319.36538151357854,66700.0,14800.0,-0.004788086679363996,91225.1142764732,7085.845124342564,0.0,0.04507089498984918,0.02157874199416071
BC,HG,2040-01-01T00:00:00,F,91,-246.78753703750954,66700.0,12600.000000000002,-0.0036999630740256304,91225.1142764732,7085.845124342564,0.0,0.03482824316745236,0.019586312463294404
BC,HG,2040-01-01T00:00:00,F,92,-340.00173316224755,66700.0,10900.0,-0.005097477258804311,91225.1142764732,7085.845124342564,0.0,0.047983229550729624,0.0311928195561695
BC,HG,2040-01-01T00:00:00,F,93,-268.56576862203474,66700.0,9300.0,-0.004026473292684179,91225.1142764732,7085.845124342564,0.0,0.037901727162989986,0.02887803963677793
BC,HG,2040-01-01T00:00:00,F,94,-295.67062967506627,66700.0,6400.0,-0.004432843023614187,91225.1142764732,7085.845124342564,0.0,0.04172693933985737,0.046198535886729106
BC,HG,2040-01-01T00:00:00,F,95,-200.32312409528004,66700.0,5000.0,-0.003003345188834783,91225.1142764732,7085.845124342564,0.0,0.02827088661691097,0.04006462481905601
BC,HG,2040-01-01T00:00:00,F,96,-91.06676928076149,66700.0,4000.0,-0.0013653188797715366,91225.1142764732,7085.845124342564,0.0,0.012851927706959415,0.022766692320190372
BC,HG,2040-01-01T00:00:00,F,97,-94.56983795316273,66700.0,3000.0,-0.0014178386499724548,91225.1142764732,7085.845124342564,0.0,0.013346303269920406,0.03152327931772091
BC,HG,2040-01-01T00:00:00,F,98,-112.3736769737202,66700.0,2100.0000000000005,-0.0016847627732191933,91225.1142764732,7085.845124342564,0.0,0.015858895446031415,0.053511274749390554
BC,HG,2040-01-01T00:00:00,F,99,-102.92197189765102,66700.0,1500.0,-0.0015430580494400453,91225.1142764732,7085.845124342564,0.0,0.014525010085822371,0.06861464793176734
BC,HG,2040-01-01T00:00:00,F,100,1704.2736574718585,66700.0,2800.0000000000005,0.02555132919747914,91225.1142764732,7085.845124342564,0.018682066566743535,0.0,0.0
BC,HG,2040-01-01T00:00:00,M,1,585.7983560608409,66700.0,33900.0,0.008782584048888169,91225.1142764732,7085.845124342564,0.006421459273654396,0.0,0.0
BC,HG,2040-01-01T00:00:00,M,2,505.47283116865583,66700.0,33600.0,0.007578303315871901,91225.1142764732,7085.845124342564,0.005540939413205168,0.0,0.0
BC,HG,2040-01-01T00:00:00,M,3,503.7841082670784,66700.0,33400.0,0.007552985131440456,91225.1142764732,7085.845124342564,0.005522427812370561,0.0,0.0
BC,HG,2040-01-01T00:00:00,M,4,502.59363044876227,66700.0,33300.0,0.0075351368882872905,91225.1142764732,7085.845124342564,0.0055093779211453425,0.0,0.0
BC,HG,2040-01-01T00:00:00,M,5,602.1155796802668,66700.0,33300.0,0.009027220085161422,91225.1142764732,7085.845124342564,0.006600326943471436,0.0,0.0
BC,HG,2040-01-01T00:00:00,M,6,701.6504735408525,66700.0,33500.0,0.01051949735443557,91225.1142764732,7085.845124342564,0.007691417863444726,0.0,0.0
BC,HG,2040-01-01T00:00:00,M,7,601.4233137728079,66700.0,33600.0,0.009016841285949144,91225.1142764732,7085.845124342564,0.006592738398223239,0.0,0.0
BC,HG,2040-01-01T00:00:00,M,8,501.42762684485206,66700.0,33600.0,0.007517655574885338,91225.1142764732,7085.845124342564,0.005496596313655365,0.0,0.0
BC,HG,2040-01-01T00:00:00,M,9,501.43193991688895,66700.0,33700.0,0.007517720238634017,91225.1142764732,7085.845124342564,0.005496643593092296,0.0,0.0
BC,HG,2040-01-01T00:00:00,M,10,601.431939916889,66700.0,33800.0,0.00901697061344661,91225.1142764732,7085.845124342564,0.006592832957097179,0.0,0.0
BC,HG,2040-01-01T00:00:00,M,11,501.43625298892584,66700.0,33800.0,0.007517784902382696,91225.1142764732,7085.845124342564,0.005496690872529226,0.0,0.0
BC,HG,2040-01-01T00:00:00,M,12,501.9150147541877,66700.0,33800.0,0.0075249627399428445,91225.1142764732,7085.845124342564,0.005501939008078949,0.0,0.0
BC,HG,2040-01-01T00:00:00,M,13,502.14792799342104,66700.0,33700.0,0.007528454692555038,91225.1142764732,7085.845124342564,0.005504492178234783,0.0,0.0
BC,HG,2040-01-01T00:00:00,M,14,802.8553018594757,66700.0,33900.0,0.01203681112233097,91225.1142764732,7085.845124342564,0.008800814427332876,0.0,0.0
BC,HG,2040-01-01T00:00:00,M,15,1403.8186138135861,66700.0,34600.0,0.021046755829289148,91225.1142764732,7085.845124342564,0.015388510334545325,0.0,0.0
BC,HG,2040-01-01T00:00:00,M,16,2005.8488216986298,66700.0,35900.0,0.0300726959774907,91225.1142764732,7085.845124342564,0.021987901441477664,0.0,0.0
BC,HG,2040-01-01T00:00:00,M,17,1908.6038183884302,66700.0,37100.0,0.028614749900876014,91225.1142764732,7085.845124342564,0.02092191205816506,0.0,0.0
BC,HG,2040-01-01T00:00:00,M,18,2711.743626395313,66700.0,39000.0,0.040655826482688354,91225.1142764732,7085.845124342564,0.029725845211625752,0.0,0.0
BC,HG,2040-01-01T00:00:00,M,19,5415.24458261994,66700.0,42600.00000000001,0.08118807470194812,91225.1142764732,7085.845124342564,0.05936133514953044,0.0,0.0
BC,HG,2040-01-01T00:00:00,M,20,3521.2823108108496,66700.0,46399.99999999999,0.05279283824304122,91225.1142764732,7085.845124342564,0.03859992216769392,0.0,0.0
BC,HG,2040-01-01T00:00:00,M,21,1127.0227817788546,66700.0,47500.0,0.016896893280042798,91225.1142764732,7085.845124342564,0.012354303863771773,0.0,0.0
BC,HG,2040-01-01T00:00:00,M,22,31.89650061649445,66700.0,47700.00000000001,0.0004782084050448943,91225.1142764732,7085.845124342564,0.0003496460472477643,0.0,0.0
BC,HG,2040-01-01T00:00:00,M,23,-264.1053499343907,66700.0,47700.0,-0.003959600448791465,91225.1142764732,7085.845124342564,0.0,0.03727224421362085,0.005536799788980937
BC,HG,2040-01-01T00:00:00,M,24,-161.4043647526487,66700.0,47300.0,-0.0024198555435179714,91225.1142764732,7085.845124342564,0.0,0.022778421193283424,0.0034123544345168854
BC,HG,2040-01-01T00:00:00,M,25,140.56007713997678,66700.0,47499.99999999999,0.002107347483357973,91225.1142764732,7085.845124342564,0.0015408046156454853,0.0,0.0
BC,HG,2040-01-01T00:00:00,M,26,242.0665275913343,66700.0,46999.99999999999,0.00362918332220891,91225.1142764732,7085.845124342564,0.0026535075292721537,0.0,0.0
BC,HG,2040-01-01T00:00:00,M,27,544.423127765418,66700.0,47300.0,0.008162265783589476,91225.1142764732,7085.845124342564,0.005967908421747231,0.0,0.0
BC,HG,2040-01-01T00:00:00,M,28,646.5799069755958,66700.0,47200.0,0.00969385167879454,91225.1142764732,7085.845124342564,0.007087740170059152,0.0,0.0
BC,HG,2040-01-01T00:00:00,M,29,649.3842645128971,66700.0,47000.0,0.009735896019683615,91225.1142764732,7085.845124342564,0.007118481239111718,0.0,0.0
BC,HG,2040-01-01T00:00:00,M,30,653.5179050186271,66700.0,47700.00000000001,0.009797869640459176,91225.1142764732,7085.845124342564,0.0071637937666817275,0.0,0.0
BC,HG,2040-01-01T00:00:00,M,31,757.8290199670373,66700.0,47999.99999999999,0.011361754422294413,91225.1142764732,7085.845124342564,0.00830724111422111,0.0,0.0
BC,HG,2040-01-01T00:00:00,M,32,561.7822637585195,66700.0,47700.0,0.008422522695030278,91225.1142764732,7085.845124342564,0.006158197424186753,0.0,0.0
BC,HG,2040-01-01T00:00:00,M,33,564.4079029504574,66700.0,46900.0,0.008461887600456632,91225.1142764732,7085.845124342564,0.00618697940174592,0.0,0.0
BC,HG,2040-01-01T00:00:00,M,34,767.053843530186,66700.0,46400.0,0.01150005762414072,91225.1142764732,7085.845124342564,0.008408362648968562,0.0,0.0
BC,HG,2040-01-01T00:00:00,M,35,769.3800073041057,66700.0,46200.0,0.011534932643239966,91225.1142764732,7085.845124342564,0.008433861808847604,0.0,0.0
BC,HG,2040-01-01T00:00:00,M,36,771.9873110100962,66700.0,46400.0,0.01157402265382453,91225.1142764732,7085.845124342564,0.008462442794759977,0.0,0.0
BC,HG,2040-01-01T00:00:00,M,37,573.4752950238544,66700.0,45900.0,0.008597830510102765,91225.1142764732,7085.845124342564,0.00628637518924712,0.0,0.0
BC,HG,2040-01-01T00:00:00,M,38,575.0838749370814,66700.0,45300.0,0.008621947150480981,91225.1142764732,7085.845124342564,0.006304008271167434,0.0,0.0
BC,HG,2040-01-01T00:00:00,M,39,381.46760684200126,66700.0,47100.0,0.005719154525367335,91225.1142764732,7085.845124342564,0.0041816073333259835,0.0,0.0
BC,HG,2040-01-01T00:00:00,M,40,487.9180887871844,66700.0,48899.99999999999,0.007315113774920306,91225.1142764732,7085.845124342564,0.00534850619434102,0.0,0.0
BC,HG,2040-01-01T00:00:00,M,41,392.8937813175726,66700.0,49400.0,0.005890461489019079,91225.1142764732,7085.845124342564,0.004306859842639837,0.0,0.0
BC,HG,2040-01-01T00:00:00,M,42,397.8861592596586,66700.0,49600.0,0.005965309734027865,91225.1142764732,7085.845124342564,0.00436158575865191,0.0,0.0
BC,HG,2040-01-01T00:00:00,M,43,404.1072415815215,66700.0,50200.0,0.006058579334055795,91225.1142764732,7085.845124342564,0.004429780601390159,0.0,0.0
BC,HG,2040-01-01T00:00:00,M,44,410.37444992345263,66700.0,50600.0,0.006152540478612484,91225.1142764732,7085.845124342564,0.004498481072654435,0.0,0.0
BC,HG,2040-01-01T00:00:00,M,45,316.4982912699488,66700.0,50800.0,0.004745101818140162,91225.1142764732,7085.845124342564,0.0034694206061583765,0.0,0.0
BC,HG,2040-01-01T00:00:00,M,46,321.9657031635579,66700.0,50500.0,0.004827072011447645,91225.1142764732,7085.845124342564,0.0035293537938224573,0.0,0.0
BC,HG,2040-01-01T00:00:00,M,47,327.72037837169046,66700.0,50200.0,0.004913349001074819,91225.1142764732,7085.845124342564,0.003592435931387032,0.0,0.0
BC,HG,2040-01-01T00:00:00,M,48,234.2941860889332,66700.0,50000.0,0.003512656463102447,91225.1142764732,7085.845124342564,0.0025683079483886954,0.0,0.0
BC,HG,2040-01-01T00:00:00,M,49,241.274643049117,66700.0,49800.0,0.0036173109902416342,91225.1142764732,7085.845124342564,0.002644826975145169,0.0,0.0
BC,HG,2040-01-01T00:00:00,M,50,148.25202457079286,66700.0,49400.00000000001,0.0022226690340448703,91225.1142764732,7085.845124342564,0.001625122925266938,0.0,0.0
BC,HG,2040-01-01T00:00:00,M,51,152.98632009958965,66700.0,48200.0,0.0022936479775050923,91225.1142764732,7085.845124342564,0.0016770197693141674,0.0,0.0
BC,HG,2040-01-01T00:00:00,M,52,156.3034604285349,66700.0,46500.0,0.0023433802163198634,91225.1142764732,7085.845124342564,0.0017133819087891816,0.0,0.0
BC,HG,2040-01-01T00:00:00,M,53,162.48117013814044,66700.0,45600.0,0.002435999552295959,91225.1142764732,7085.845124342564,0.0017811013055649748,0.0,0.0
BC,HG,2040-01-01T00:00:00,M,54,171.2092351931351,66700.0,45299.99999999999,0.002566855100346853,91225.1142764732,7085.845124342564,0.0018767774263812533,0.0,0.0
BC,HG,2040-01-01T00:00:00,M,55,178.28992259167717,66700.0,44300.0,0.002673012332708803,91225.1142764732,7085.845124342564,0.0019543951685425053,0.0,0.0
BC,HG,2040-01-01T00:00:00,M,56,284.22166975394794,66700.0,43099.99999999999,0.004261194449084677,91225.1142764732,7085.845124342564,0.0031156077140398627,0.0,0.0
BC,HG,2040-01-01T00:00:00,M,57,190.3830635139093,66700.0,41700.0,0.0028543187933119836,91225.1142764732,7085.845124342564,0.0020869588931061362,0.0,0.0
BC,HG,2040-01-01T00:00:00,M,58,297.46916686384066,66700.0,40600.0,0.004459807599158031,91225.1142764732,7085.845124342564,0.003260825368355361,0.0,0.0
BC,HG,2040-01-01T00:00:00,M,59,204.42675730567862,66700.0,39199.99999999999,0.003064868925122618,91225.1142764732,7085.845124342564,0.0022409043707649254,0.0,0.0
BC,HG,2040-01-01T00:00:00,M,60,310.7559328252755,66700.0,37800.0,0.004659009487635315,91225.1142764732,7085.845124342564,0.0034064734836448314,0.0,0.0
BC,HG,2040-01-01T00:00:00,M,61,315.8097693695454,66700.0,36100.0,0.004734779150967697,91225.1142764732,7085.845124342564,0.0034618731023173094,0.0,0.0
BC,HG,2040-01-01T00:00:00,M,62,224.20119762254762,66700.0,34800.0,0.003361337295690369,91225.1142764732,7085.845124342564,0.0024576696823099373,0.0,0.0
BC,HG,2040-01-01T00:00:00,M,63,238.52721171538724,66700.0,34400.0,0.003576120115672972,91225.1142764732,7085.845124342564,0.0026147099250814856,0.0,0.0
BC,HG,2040-01-01T00:00:00,M,64,252.44774045911618,66700.0,33800.0,0.003784823695039223,91225.1142764732,7085.845124342564,0.002767305280583485,0.0,0.0
BC,HG,2040-01-01T00:00:00,M,65,270.0735645286186,66700.0,33500.0,0.004049078928465046,91225.1142764732,7085.845124342564,0.0029605176893515834,0.0,0.0
BC,HG,2040-01-01T00:00:00,M,66,386.6609639303424,66700.0,32999.99999999999,0.005797015950979647,91225.1142764732,7085.845124342564,0.004238536361363173,0.0,0.0
BC,HG,2040-01-01T00:00:00,M,67,309.53506553834814,66700.0,32800.0,0.004640705630260092,91225.1142764732,7085.845124342564,0.0033930904662969183,0.0,0.0
BC,HG,2040-01-01T00:00:00,M,68,339.76404520084907,66700.0,33200.0,0.00509391372115216,91225.1142764732,7085.845124342564,0.003724457326204453,0.0,0.0
BC,HG,2040-01-01T00:00:00,M,69,285.5489881189933,66700.0,34600.0,0.0042810942746475756,91225.1142764732,7085.845124342564,0.0031301576367839734,0.0,0.0
BC,HG,2040-01-01T00:00:00,M,70,218.06891883420758,66700.0,34400.0,0.003269399082971628,91225.1142764732,7085.845124342564,0.002390448294461026,0.0,0.0
BC,HG,2040-01-01T00:00:00,M,71,244.7173788269938,66700.0,33599.99999999999,0.0036689262192952593,91225.1142764732,7085.845124342564,0.0026825658785730455,0.0,0.0
BC,HG,2040-01-01T00:00:00,M,72,269.4474845667246,66700.0,32500.0,0.004039692422289724,91225.1142764732,7085.845124342564,0.0029536546673991355,0.0,0.0
BC,HG,2040-01-01T00:00:00,M,73,103.32427189448572,66700.0,31700.0,0.0015490895336504606,91225.1142764732,7085.845124342564,0.00113262967894284,0.0,0.0
BC,HG,2040-01-01T00:00:00,M,74,262.7797146580742,66700.0,32500.0,0.003939725856942642,91225.1142764732,7085.845124342564,0.002880563282844192,0.0,0.0
BC,HG,2040-01-01T00:00:00,M,75,139.384069780157,66700.0,33500.0,0.002089716188608051,91225.1142764732,7085.845124342564,0.0015279133480472263,0.0,0.0
BC,HG,2040-01-01T00:00:00,M,76,214.06194253748254,66700.0,34099.99999999999,0.003209324475824326,91225.1142764732,7085.845124342564,0.0023465242464781296,0.0,0.0
BC,HG,2040-01-01T00:00:00,M,77,82.619104502337,66700.0,33800.0,0.001238667233918096,91225.1142764732,7085.845124342564,0.0009056618361906982,0.0,0.0
BC,HG,2040-01-01T00:00:00,M,78,111.74272234861564,66700.0,31799.999999999996,0.001675303183637416,91225.1142764732,7085.845124342564,0.001224911837435033,0.0,0.0
BC,HG,2040-01-01T00:00:00,M,79,73.16272731314893,66700.0,30900.0,0.0010968924634655014,91225.1142764732,7085.845124342564,0.0008020020352226346,0.0,0.0
BC,HG,2040-01-01T00:00:00,M,80,121.92741573203602,66700.0,29500.0,0.0018279972373618594,91225.1142764732,7085.845124342564,0.0013365553630605962,0.0,0.0
BC,HG,2040-01-01T00:00:00,M,81,-37.26892708120431,66700.0,27600.0,-0.0005587545289535879,91225.1142764732,7085.845124342564,0.0,0.005259630492511248,0.0013503234449711706
BC,HG,2040-01-01T00:00:00,M,82,25.882685759232118,66700.0,26500.0,0.00038804626325685335,91225.1142764732,7085.845124342564,0.00028372324841150913,0.0,0.0
BC,HG,2040-01-01T00:00:00,M,83,-48.16785144597816,66700.0,24299.999999999996,-0.0007221566933430009,91225.1142764732,7085.845124342564,0.0,0.006797756739066075,0.0019822161088879904
BC,HG,2040-01-01T00:00:00,M,84,-99.55932888415191,66700.0,22700.0,-0.0014926436114565504,91225.1142764732,7085.845124342564,0.0,0.014050452294268734,0.004385873519125635
BC,HG,2040-01-01T00:00:00,M,85,-71.75907410595755,66700.0,20799.999999999996,-0.0010758481874956155,91225.1142764732,7085.845124342564,0.0,0.010127101686069588,0.0034499554858633446
BC,HG,2040-01-01T00:00:00,M,86,-172.89400069185285,66700.0,18400.0,-0.002592113953401092,91225.1142764732,7085.845124342564,0.0,0.02439991245333551,0.009396413081078959
BC,HG,2040-01-01T00:00:00,M,87,-161.59073928968792,66700.0,16500.0,-0.0024226497644630873,91225.1142764732,7085.845124342564,0.0,0.022804723565656618,0.009793378138768965
BC,HG,2040-01-01T00:00:00,M,88,-168.50763821356668,66700.0,14500.0,-0.002526351397504748,91225.1142764732,7085.845124342564,0.0,0.02378088079214137,0.01162121642852184
BC,HG,2040-01-01T00:00:00,M,89,-275.23271575745457,66700.0,12600.0,-0.004126427522600519,91225.1142764732,7085.845124342564,0.0,0.03884260958681214,0.02184386632995671
BC,HG,2040-01-01T00:00:00,M,90,-280.133526761716,66700.0,11000.0,-0.004199902949950764,91225.1142764732,7085.845124342564,0.0,0.03953424353001325,0.02546668425106509
BC,HG,2040-01-01T00:00:00,M,91,-231.95938113762895,66700.0,9200.0,-0.003477651891118875,91225.1142764732,7085.845124342564,0.0,0.03273559851608392,0.025212976210611842
BC,HG,2040-01-01T00:00:00,M,92,-247.3069947420554,66700.0,7899.999999999999,-0.003707751045608027,91225.1142764732,7085.845124342564,0.0,0.034901552376929906,0.03130468287874119
BC,HG,2040-01-01T00:00:00,M,93,-213.52280484463063,66700.0,6500.0,-0.0032012414519434875,91225.1142764732,7085.845124342564,0.0,0.030133710389900967,0.03284966228378933
BC,HG,2040-01-01T00:00:00,M,94,-143.2717064962426,66700.0,4400.0,-0.002148001596645316,91225.1142764732,7085.845124342564,0.0,0.020219423933505117,0.03256175147641877
BC,HG,2040-01-01T00:00:00,M,95,-166.5003305271821,66700.0,3200.0,-0.002496256829492985,91225.1142764732,7085.845124342564,0.0,0.023497596631796302,0.052031353289744404
BC,HG,2040-01-01T00:00:00,M,96,-146.93615890390765,66700.0,2500.0,-0.0022029409131020636,91225.1142764732,7085.845124342564,0.0,0.020736575006293355,0.05877446356156306
BC,HG,2040-01-01T00:00:00,M,97,-64.83657998491071,66700.0,1800.0,-0.0009720626684394409,91225.1142764732,7085.845124342564,0.0,0.009150154829403833,0.03602032221383929
BC,HG,2040-01-01T00:00:00,M,98,-69.83102351860475,66700.0,1199.9999999999998,-0.0010469418818381522,91225.1142764732,7085.845124342564,0.0,0.009855002796872982,0.058192519598837304
BC,HG,2040-01-01T00:00:00,M,99,-53.38761538882363,66700.0,799.9999999999999,-0.0008004140238204443,91225.1142764732,7085.845124342564,0.0,0.007534403370660323,0.06673451923602955
BC,HG,2040-01-01T00:00:00,M,100,794.0718163886509,66700.0,1400.0,0.01190512468348802,91225.1142764732,7085.845124342564,0.00870453079381278,0.0,0.0
BC,HG,2041-01-01T00:00:00,F,1,482.22975978696195,68300.0,32900.0,0.007060465004201493,91822.5173022416,7366.890390101988,0.005251759306485378,0.0,0.0
BC,HG,2041-01-01T00:00:00,F,2,403.6019287725794,68300.0,32600.000000000004,0.005909252251428688,91822.5173022416,7366.890390101988,0.004395457025471099,0.0,0.0
BC,HG,2041-01-01T00:00:00,F,3,402.8457257428272,68300.0,32200.000000000004,0.0058981804647558886,91822.5173022416,7366.890390101988,0.004387221539753984,0.0,0.0
BC,HG,2041-01-01T00:00:00,F,4,402.3490541142237,68300.0,31900.0,0.005890908552184827,91822.5173022416,7366.890390101988,0.0043818125001938,0.0,0.0
BC,HG,2041-01-01T00:00:00,F,5,502.1007201944267,68300.0,31800.0,0.0073514014669755,91822.5173022416,7366.890390101988,0.005468165488664612,0.0,0.0
BC,HG,2041-01-01T00:00:00,F,6,501.86133626969604,68300.0,31700.000000000004,0.007347896577887204,91822.5173022416,7366.890390101988,0.005465558460108177,0.0,0.0
BC,HG,2041-01-01T00:00:00,F,7,501.62866509440573,68300.0,31700.000000000004,0.007344489972099645,91822.5173022416,7366.890390101988,0.005463024537252148,0.0,0.0
BC,HG,2041-01-01T00:00:00,F,8,401.3959951024408,68300.0,31600.0,0.0058769545402992795,91822.5173022416,7366.890390101988,0.0043714331396645534,0.0,0.0
BC,HG,2041-01-01T00:00:00,F,9,301.39599510244443,68300.0,31500.000000000004,0.0044128256969611195,91822.5173022416,7366.890390101988,0.003282375652045935,0.0,0.0
BC,HG,2041-01-01T00:00:00,F,10,501.3915207591672,68300.0,31600.0,0.007341017873487074,91822.5173022416,7366.890390101988,0.0054604418991127685,0.0,0.0
BC,HG,2041-01-01T00:00:00,F,11,401.3915207591672,68300.0,31499.999999999996,0.0058768890301488606,91822.5173022416,7366.890390101988,0.00437138441149411,0.0,0.0
BC,HG,2041-01-01T00:00:00,F,12,401.61822493353975,68300.0,31400.0,0.005880208271354901,91822.5173022416,7366.890390101988,0.004373853350279859,0.0,0.0
BC,HG,2041-01-01T00:00:00,F,13,501.84343880556116,68300.0,31400.0,0.00734763453595258,91822.5173022416,7366.890390101988,0.0054653635464349225,0.0,0.0
BC,HG,2041-01-01T00:00:00,F,14,702.0738739299668,68300.0,31600.0,0.010279266089750612,91822.5173022416,7366.890390101988,0.0076459880926486815,0.0,0.0
BC,HG,2041-01-01T00:00:00,F,15,1302.7830839811795,68300.0,32400.0,0.019074422898699553,91822.5173022416,7366.890390101988,0.014188056723526306,0.0,0.0
BC,HG,2041-01-01T00:00:00,F,16,2304.0314960618452,68300.0,34100.0,0.03373398969343844,91822.5173022416,7366.890390101988,0.025092227524953714,0.0,0.0
BC,HG,2041-01-01T00:00:00,F,17,1905.9958944380196,68300.0,35400.0,0.02790623564330922,91822.5173022416,7366.890390101988,0.020757391002081467,0.0,0.0
BC,HG,2041-01-01T00:00:00,F,18,2607.763459389069,68300.0,37299.99999999999,0.038181016974949765,91822.5173022416,7366.890390101988,0.02840004321386,0.0,0.0
BC,HG,2041-01-01T00:00:00,F,19,5109.85325557545,68300.0,41799.99999999999,0.0748148353671369,91822.5173022416,7366.890390101988,0.055649239486170204,0.0,0.0
BC,HG,2041-01-01T00:00:00,F,20,2912.230960203662,68300.0,42900.0,0.04263881347296723,91822.5173022416,7366.890390101988,0.03171586932884673,0.0,0.0
BC,HG,2041-01-01T00:00:00,F,21,814.4311882619222,68300.0,43800.0,0.011924321936484952,91822.5173022416,7366.890390101988,0.008869623837268074,0.0,0.0
BC,HG,2041-01-01T00:00:00,F,22,-284.24862938091246,68300.0,43700.0,-0.00416176616955948,91822.5173022416,7366.890390101988,0.0,0.03858461499071894,0.006504545294757722
BC,HG,2041-01-01T00:00:00,F,23,16.773995241106604,68300.0,44100.0,0.00024559290250522115,91822.5173022416,7366.890390101988,0.00018267845114606886,0.0,0.0
BC,HG,2041-01-01T00:00:00,F,24,317.471415731663,68300.0,44500.0,0.0046481905670814495,91822.5173022416,7366.890390101988,0.0034574462240746346,0.0,0.0
BC,HG,2041-01-01T00:00:00,F,25,617.550471911447,68300.0,45000.0,0.00904173458142675,91822.5173022416,7366.890390101988,0.006725479654175971,0.0,0.0
BC,HG,2041-01-01T00:00:00,F,26,417.66905618111196,68300.0,45100.0,0.006115213121246149,91822.5173022416,7366.890390101988,0.004548656129806579,0.0,0.0
BC,HG,2041-01-01T00:00:00,F,27,718.0830283945106,68300.0,45600.0,0.010513660737840566,91822.5173022416,7366.890390101988,0.007820336988049233,0.0,0.0
BC,HG,2041-01-01T00:00:00,F,28,718.6640656790987,68300.0,46200.0,0.01052216787231477,91822.5173022416,7366.890390101988,0.007826664818102895,0.0,0.0
BC,HG,2041-01-01T00:00:00,F,29,819.4703926864895,68300.0,46600.0,0.011998102381939817,91822.5173022416,7366.890390101988,0.008924503670370235,0.0,0.0
BC,HG,2041-01-01T00:00:00,F,30,820.2416741499837,68300.0,46800.0,0.012009394936310158,91822.5173022416,7366.890390101988,0.008932903368899034,0.0,0.0
BC,HG,2041-01-01T00:00:00,F,31,821.6872473011754,68300.0,47700.0,0.012030559989768307,91822.5173022416,7366.890390101988,0.00894864649154109,0.0,0.0
BC,HG,2041-01-01T00:00:00,F,32,723.2835605557339,68300.0,48000.0,0.010589803229220115,91822.5173022416,7366.890390101988,0.00787697377294705,0.0,0.0
BC,HG,2041-01-01T00:00:00,F,33,624.8515641698905,68300.0,48200.0,0.009148631979061354,91822.5173022416,7366.890390101988,0.006804992746094496,0.0,0.0
BC,HG,2041-01-01T00:00:00,F,34,726.347318971937,68300.0,47800.0,0.010634660599881949,91822.5173022416,7366.890390101988,0.007910339863381258,0.0,0.0
BC,HG,2041-01-01T00:00:00,F,35,727.8058186052585,68300.0,47300.00000000001,0.01065601491369339,91822.5173022416,7366.890390101988,0.007926223762844837,0.0,0.0
BC,HG,2041-01-01T00:00:00,F,36,730.1744747636476,68300.0,47200.0,0.01069069509170787,91822.5173022416,7366.890390101988,0.007952019790093714,0.0,0.0
BC,HG,2041-01-01T00:00:00,F,37,632.7431139992914,68300.0,47300.0,0.00926417443630002,91822.5173022416,7366.890390101988,0.006890936260400745,0.0,0.0
BC,HG,2041-01-01T00:00:00,F,38,534.6547032146336,68300.0,46500.00000000001,0.007828033722029774,91822.5173022416,7366.890390101988,0.005822697078264282,0.0,0.0
BC,HG,2041-01-01T00:00:00,F,39,535.9754109455534,68300.0,45999.99999999999,0.00784737058485437,91822.5173022416,7366.890390101988,0.005837080344697423,0.0,0.0
BC,HG,2041-01-01T00:00:00,F,40,539.2459951105775,68300.0,47899.99999999999,0.007895256150960138,91822.5173022416,7366.890390101988,0.0058726988864354875,0.0,0.0
BC,HG,2041-01-01T00:00:00,F,41,441.6900631775061,68300.0,49000.0,0.0064669116131406456,91822.5173022416,7366.890390101988,0.004810258705102211,0.0,0.0
BC,HG,2041-01-01T00:00:00,F,42,443.3181245617743,68300.0,49200.0,0.006490748529454968,91822.5173022416,7366.890390101988,0.004827989229510612,0.0,0.0
BC,HG,2041-01-01T00:00:00,F,43,544.7746515388353,68300.0,49300.0,0.007976202804375334,91822.5173022416,7366.890390101988,0.005932909133232139,0.0,0.0
BC,HG,2041-01-01T00:00:00,F,44,446.4043873839619,68300.0,49000.0,0.00653593539361584,91822.5173022416,7366.890390101988,0.004861600405863237,0.0,0.0
BC,HG,2041-01-01T00:00:00,F,45,349.47997031003615,68300.0,49800.0,0.005116837046999065,91822.5173022416,7366.890390101988,0.003806037784388912,0.0,0.0
BC,HG,2041-01-01T00:00:00,F,46,351.75012244274694,68300.0,49500.0,0.005150074999161741,91822.5173022416,7366.890390101988,0.0038307610461705333,0.0,0.0
BC,HG,2041-01-01T00:00:00,F,47,354.2098377101429,68300.0,49400.00000000001,0.005186088399855679,91822.5173022416,7366.890390101988,0.0038575487594642082,0.0,0.0
BC,HG,2041-01-01T00:00:00,F,48,157.62482212689793,68300.0,49299.99999999999,0.0023078304850204672,91822.5173022416,7366.890390101988,0.0017166249277185733,0.0,0.0
BC,HG,2041-01-01T00:00:00,F,49,261.4213391802041,68300.0,49499.99999999999,0.003827545229578391,91822.5173022416,7366.890390101988,0.0028470286685749815,0.0,0.0
BC,HG,2041-01-01T00:00:00,F,50,165.70331509132666,68300.0,49300.0,0.002426110030619717,91822.5173022416,7366.890390101988,0.0018046043602344308,0.0,0.0
BC,HG,2041-01-01T00:00:00,F,51,170.55665873165708,68300.0,49100.00000000001,0.002497169234724115,91822.5173022416,7366.890390101988,0.0018574600625493132,0.0,0.0
BC,HG,2041-01-01T00:00:00,F,52,174.18095542262745,68300.0,47900.0,0.002550233607944765,91822.5173022416,7366.890390101988,0.0018969307370358414,0.0,0.0
BC,HG,2041-01-01T00:00:00,F,53,178.21908689459815,68300.0,46900.00000000001,0.002609357055557806,91822.5173022416,7366.890390101988,0.0019409083101912237,0.0,0.0
BC,HG,2041-01-01T00:00:00,F,54,182.7026840769031,68300.0,45900.0,0.002675002695123032,91822.5173022416,7366.890390101988,0.001989737261019775,0.0,0.0
BC,HG,2041-01-01T00:00:00,F,55,189.15115948298626,68300.0,45700.0,0.0027694166834990666,91822.5173022416,7366.890390101988,0.0020599648652669714,0.0,0.0
BC,HG,2041-01-01T00:00:00,F,56,294.52319075631385,68300.0,44800.00000000001,0.004312198986183219,91822.5173022416,7366.890390101988,0.0032075268617050194,0.0,0.0
BC,HG,2041-01-01T00:00:00,F,57,301.1381702163999,68300.0,44200.0,0.004409050808439237,91822.5173022416,7366.890390101988,0.003279567790819523,0.0,0.0
BC,HG,2041-01-01T00:00:00,F,58,307.6888277631733,68300.0,43400.000000000015,0.0045049608750098585,91822.5173022416,7366.890390101988,0.0033509082173209157,0.0,0.0
BC,HG,2041-01-01T00:00:00,F,59,315.42203173370945,68300.0,42799.99999999999,0.004618184944856654,91822.5173022416,7366.890390101988,0.0034351272541948627,0.0,0.0
BC,HG,2041-01-01T00:00:00,F,60,321.49152329620847,68300.0,41300.0,0.004707050121467181,91822.5173022416,7366.890390101988,0.003501227506516641,0.0,0.0
BC,HG,2041-01-01T00:00:00,F,61,329.3453993458461,68300.0,40400.0,0.004822040986029957,91822.5173022416,7366.890390101988,0.0035867607317035077,0.0,0.0
BC,HG,2041-01-01T00:00:00,F,62,335.38592744515336,68300.0,38700.00000000001,0.0049104821002218645,91822.5173022416,7366.890390101988,0.003652545555260723,0.0,0.0
BC,HG,2041-01-01T00:00:00,F,63,243.8200288963344,68300.0,37500.0,0.0035698393689067996,91822.5173022416,7366.890390101988,0.0026553402810095056,0.0,0.0
BC,HG,2041-01-01T00:00:00,F,64,255.83878598073352,68300.0,37100.0,0.0037458094579902418,91822.5173022416,7366.890390101988,0.002786231454955852,0.0,0.0
BC,HG,2041-01-01T00:00:00,F,65,271.24458129188133,68300.0,37200.0,0.003971370150686403,91822.5173022416,7366.890390101988,0.0029540094223191116,0.0,0.0
BC,HG,2041-01-01T00:00:00,F,66,84.86018458136823,68300.0,36400.0,0.00124246243896586,91822.5173022416,7366.890390101988,0.0009241761941904047,0.0,0.0
BC,HG,2041-01-01T00:00:00,F,67,200.93631095927412,68300.0,36100.0,0.002941966485494497,91822.5173022416,7366.890390101988,0.0021883119398466854,0.0,0.0
BC,HG,2041-01-01T00:00:00,F,68,220.59430440040887,68300.0,36000.0,0.003229784837487685,91822.5173022416,7366.890390101988,0.002402398789332948,0.0,0.0
BC,HG,2041-01-01T00:00:00,F,69,244.59519018432184,68300.0,36200.0,0.0035811887289066155,91822.5173022416,7366.890390101988,0.002663782233057454,0.0,0.0
BC,HG,2041-01-01T00:00:00,F,70,283.98408341435425,68300.0,38100.0,0.004157892875759213,91822.5173022416,7366.890390101988,0.0030927499240692405,0.0,0.0
BC,HG,2041-01-01T00:00:00,F,71,212.8671322945229,68300.0,37900.0,0.003116649081911023,91822.5173022416,7366.890390101988,0.0023182454429326164,0.0,0.0
BC,HG,2041-01-01T00:00:00,F,72,42.57348908443237,68300.0,37300.00000000001,0.0006233307333006203,91822.5173022416,7366.890390101988,0.0004636497706145228,0.0,0.0
BC,HG,2041-01-01T00:00:00,F,73,164.40381392376003,68300.0,35900.00000000001,0.002407083659205857,91822.5173022416,7366.890390101988,0.0017904520454673546,0.0,0.0
BC,HG,2041-01-01T00:00:00,F,74,191.94608410738147,68300.0,34800.00000000001,0.0028103379810743992,91822.5173022416,7366.890390101988,0.002090403201162245,0.0,0.0
BC,HG,2041-01-01T00:00:00,F,75,147.79761725192657,68300.0,35700.0,0.002163947543952073,91822.5173022416,7366.890390101988,0.001609601017204072,0.0,0.0
BC,HG,2041-01-01T00:00:00,F,76,12.017252973215363,68300.0,36500.00000000001,0.0001759480669577652,91822.5173022416,7366.890390101988,0.00013087479331087774,0.0,0.0
BC,HG,2041-01-01T00:00:00,F,77,-11.245268157421378,68300.0,37600.0,-0.0001646452146035341,91822.5173022416,7366.890390101988,0.0,0.0015264606315481908,0.0002990762807824835
BC,HG,2041-01-01T00:00:00,F,78,-53.58344175307866,68300.0,36900.0,-0.0007845306259601561,91822.5173022416,7366.890390101988,0.0,0.007273549478226572,0.0014521257927663594
BC,HG,2041-01-01T00:00:00,F,79,83.52772350219311,68300.0,35000.0,0.0012229534919794014,91822.5173022416,7366.890390101988,0.0009096649270380437,0.0,0.0
BC,HG,2041-01-01T00:00:00,F,80,-46.19053824745788,68300.0,34300.0,-0.0006762889933742003,91822.5173022416,7366.890390101988,0.0,0.006270018393312679,0.0013466629226664105
BC,HG,2041-01-01T00:00:00,F,81,-182.0086387695119,68300.0,33000.0,-0.002664840977591682,91822.5173022416,7366.890390101988,0.0,0.024706304713594654,0.005515413296045815
BC,HG,2041-01-01T00:00:00,F,82,-128.3088817139287,68300.0,31300.0,-0.0018786073457383414,91822.5173022416,7366.890390101988,0.0,0.017416966307293245,0.004099325294374719
BC,HG,2041-01-01T00:00:00,F,83,-163.41835181025453,68300.0,29799.999999999996,-0.0023926552241618528,91822.5173022416,7366.890390101988,0.0,0.02218281298576402,0.005483837309068945
BC,HG,2041-01-01T00:00:00,F,84,-111.1544648357667,68300.0,27900.0,-0.0016274445803186926,91822.5173022416,7366.890390101988,0.0,0.015088383150794764,0.003984030997697731
BC,HG,2041-01-01T00:00:00,F,85,-251.44607553487003,68300.0,26000.0,-0.003681494517348024,91822.5173022416,7366.890390101988,0.0,0.03413191485415721,0.009671002905187309
BC,HG,2041-01-01T00:00:00,F,86,-194.87871704120334,68300.0,24200.0,-0.002853275505727721,91822.5173022416,7366.890390101988,0.0,0.026453321105881885,0.008052839547157162
BC,HG,2041-01-01T00:00:00,F,87,-63.898953022242495,68300.0,22000.0,-0.0009355630017897877,91822.5173022416,7366.890390101988,0.0,0.008673802600361193,0.002904497864647386
BC,HG,2041-01-01T00:00:00,F,88,-247.0990509087278,68300.0,19400.0,-0.0036178484759696603,91822.5173022416,7366.890390101988,0.0,0.03354183893393138,0.01273706447983133
BC,HG,2041-01-01T00:00:00,F,89,-237.61179159907624,68300.0,17100.0,-0.003478942775974762,91822.5173022416,7366.890390101988,0.0,0.03225401479005672,0.013895426409302703
BC,HG,2041-01-01T00:00:00,F,90,-322.824001006009,68300.0,15000.0,-0.004726559311947423,91822.5173022416,7366.890390101988,0.0,0.04382093175157718,0.021521600067067267
BC,HG,2041-01-01T00:00:00,F,91,-299.00155875670316,68300.0,13300.0,-0.004377768063787747,91822.5173022416,7366.890390101988,0.0,0.040587214268646636,0.022481320207270915
BC,HG,2041-01-01T00:00:00,F,92,-338.5935703996747,68300.0,11100.0,-0.004957446125910318,91822.5173022416,7366.890390101988,0.0,0.04596153227073971,0.030503925261231957
BC,HG,2041-01-01T00:00:00,F,93,-264.11119549821524,68300.0,9500.000000000002,-0.003866928191774747,91822.5173022416,7366.890390101988,0.0,0.03585110969657835,0.027801178473496335
BC,HG,2041-01-01T00:00:00,F,94,-309.18027720185637,68300.0,7900.0,-0.004526797616425423,91822.5173022416,7366.890390101988,0.0,0.04196889879307354,0.03913674394960207
BC,HG,2041-01-01T00:00:00,F,95,-158.99071329010167,68300.0,5400.0,-0.002327828891509541,91822.5173022416,7366.890390101988,0.0,0.021581794335330213,0.02944272468335216
BC,HG,2041-01-01T00:00:00,F,96,-171.7288886571041,68300.0,4100.0,-0.0025143321911728273,91822.5173022416,7366.890390101988,0.0,0.023310905899704405,0.041885094794415635
BC,HG,2041-01-01T00:00:00,F,97,-154.3554601953806,68300.0,3200.0,-0.0022599628139880028,91822.5173022416,7366.890390101988,0.0,0.020952593566855512,0.04823608131105644
BC,HG,2041-01-01T00:00:00,F,98,-165.39217924918466,68300.0,2300.0,-0.0024215546010129528,91822.5173022416,7366.890390101988,0.0,0.022450745225068423,0.07190964315181941
BC,HG,2041-01-01T00:00:00,F,99,-88.48831726950857,68300.0,1600.0,-0.0012955829761275048,91822.5173022416,7366.890390101988,0.0,0.012011623980234561,0.05530519829344285
BC,HG,2041-01-01T00:00:00,F,100,1821.8674398551705,68300.0,3000.0000000000005,0.026674486674307035,91822.5173022416,7366.890390101988,0.019841183768229086,0.0,0.0
BC,HG,2041-01-01T00:00:00,M,1,586.1680813177445,68300.0,34700.0,0.008582255949015292,91822.5173022416,7366.890390101988,0.0063837073796215215,0.0,0.0
BC,HG,2041-01-01T00:00:00,M,2,505.49732606364705,68300.0,34400.0,0.007401132153201275,91822.5173022416,7366.890390101988,0.005505156479208251,0.0,0.0
BC,HG,2041-01-01T00:00:00,M,3,503.7903058387892,68300.0,34100.0,0.0073761391777275144,91822.5173022416,7366.890390101988,0.0054865660476342715,0.0,0.0
BC,HG,2041-01-01T00:00:00,M,4,602.5902861325885,68300.0,34000.0,0.008822698186421502,91822.5173022416,7366.890390101988,0.006562554630789651,0.0,0.0
BC,HG,2041-01-01T00:00:00,M,5,602.1129672665411,68300.0,33900.0,0.008815709623229006,91822.5173022416,7366.890390101988,0.006557356353939146,0.0,0.0
BC,HG,2041-01-01T00:00:00,M,6,701.6434092890049,68300.0,34000.0,0.010272963532781917,91822.5173022416,7366.890390101988,0.007641300085244735,0.0,0.0
BC,HG,2041-01-01T00:00:00,M,7,601.4170926325241,68300.0,34100.0,0.008805521121998889,91822.5173022416,7366.890390101988,0.006549777879132945,0.0,0.0
BC,HG,2041-01-01T00:00:00,M,8,501.42132275978656,68300.0,34100.0,0.007341454213174035,91822.5173022416,7366.890390101988,0.005460766460031974,0.0,0.0
BC,HG,2041-01-01T00:00:00,M,9,601.4213227597866,68300.0,34200.0,0.008805583056512249,91822.5173022416,7366.890390101988,0.006549823947650632,0.0,0.0
BC,HG,2041-01-01T00:00:00,M,10,601.425552887049,68300.0,34300.0,0.008805644991025607,91822.5173022416,7366.890390101988,0.0065498700161683195,0.0,0.0
BC,HG,2041-01-01T00:00:00,M,11,501.4297830143114,68300.0,34300.0,0.007341578082200753,91822.5173022416,7366.890390101988,0.0054608585970673485,0.0,0.0
BC,HG,2041-01-01T00:00:00,M,12,501.90638859997125,68300.0,34300.0,0.007348556202049359,91822.5173022416,7366.890390101988,0.005466049105884386,0.0,0.0
BC,HG,2041-01-01T00:00:00,M,13,502.14469350178115,68300.0,34300.0,0.007352045292851847,91822.5173022416,7366.890390101988,0.005468644383260909,0.0,0.0
BC,HG,2041-01-01T00:00:00,M,14,802.8511562389685,68300.0,34500.0,0.011754775347569085,91822.5173022416,7366.890390101988,0.008743510631453458,0.0,0.0
BC,HG,2041-01-01T00:00:00,M,15,1303.8241478552081,68300.0,35200.0,0.019089665415156783,91822.5173022416,7366.890390101988,0.014199394507597309,0.0,0.0
BC,HG,2041-01-01T00:00:00,M,16,2005.854807016156,68300.0,36600.0,0.029368298785009603,91822.5173022416,7366.890390101988,0.02184491196656823,0.0,0.0
BC,HG,2041-01-01T00:00:00,M,17,1908.6061997554934,68300.0,37800.0,0.027944453876361543,91822.5173022416,7366.890390101988,0.020785818727591124,0.0,0.0
BC,HG,2041-01-01T00:00:00,M,18,2711.771683420564,68300.0,39800.00000000001,0.03970383138243871,91822.5173022416,7366.890390101988,0.029532752565414183,0.0,0.0
BC,HG,2041-01-01T00:00:00,M,19,5515.674979775671,68300.0,44500.00000000001,0.08075658828368479,91822.5173022416,7366.890390101988,0.06006887135995585,0.0,0.0
BC,HG,2041-01-01T00:00:00,M,20,3520.727245565722,68300.0,46100.0,0.05154798309759476,91822.5173022416,7366.890390101988,0.038342743686463635,0.0,0.0
BC,HG,2041-01-01T00:00:00,M,21,1226.5033809678935,68300.0,47600.0,0.017957589765269302,91822.5173022416,7366.890390101988,0.01335732690632684,0.0,0.0
BC,HG,2041-01-01T00:00:00,M,22,31.15230710560718,68300.0,47500.0,0.0004561099136984946,91822.5173022416,7366.890390101988,0.00033926653309957426,0.0,0.0
BC,HG,2041-01-01T00:00:00,M,23,-265.01519381668186,68300.0,47400.0,-0.0038801638918987097,91822.5173022416,7366.890390101988,0.0,0.03597382067374739,0.005591037844233794
BC,HG,2041-01-01T00:00:00,M,24,-161.98665297814296,68300.0,47500.0,-0.0023716933086111707,91822.5173022416,7366.890390101988,0.0,0.02198847063012979,0.003410245325855641
BC,HG,2041-01-01T00:00:00,M,25,39.696761617240554,68300.0,47300.0,0.0005812117367092321,91822.5173022416,7366.890390101988,0.0004323205547346878,0.0,0.0
BC,HG,2041-01-01T00:00:00,M,26,241.87533451761556,68300.0,47700.0,0.0035413665375931998,91822.5173022416,7366.890390101988,0.002634161441266769,0.0,0.0
BC,HG,2041-01-01T00:00:00,M,27,643.7557797113623,68300.0,47600.0,0.009425414051410867,91822.5173022416,7366.890390101988,0.007010870520924465,0.0,0.0
BC,HG,2041-01-01T00:00:00,M,28,646.3712230406963,68300.0,47900.0,0.009463707511576814,91822.5173022416,7366.890390101988,0.007039354202337001,0.0,0.0
BC,HG,2041-01-01T00:00:00,M,29,649.2706008696914,68300.0,47800.0,0.009506158138648484,91822.5173022416,7366.890390101988,0.007070930093678027,0.0,0.0
BC,HG,2041-01-01T00:00:00,M,30,752.3783612480693,68300.0,47700.0,0.011015788598068364,91822.5173022416,7366.890390101988,0.008193832878394655,0.0,0.0
BC,HG,2041-01-01T00:00:00,M,31,757.1978419227453,68300.0,48400.0,0.011086352004725407,91822.5173022416,7366.890390101988,0.008246319793546548,0.0,0.0
BC,HG,2041-01-01T00:00:00,M,32,561.6226470217662,68300.0,48500.0,0.008222879165765244,91822.5173022416,7366.890390101988,0.006116393489552651,0.0,0.0
BC,HG,2041-01-01T00:00:00,M,33,564.940781789337,68300.0,48200.0,0.008271460933958082,91822.5173022416,7366.890390101988,0.00615252988468816,0.0,0.0
BC,HG,2041-01-01T00:00:00,M,34,767.4930315188758,68300.0,47600.0,0.011237086845078709,91822.5173022416,7366.890390101988,0.008358440326707744,0.0,0.0
BC,HG,2041-01-01T00:00:00,M,35,769.3936964536915,68300.0,47100.0,0.011264915028604562,91822.5173022416,7366.890390101988,0.008379139660494897,0.0,0.0
BC,HG,2041-01-01T00:00:00,M,36,771.3774855161901,68300.0,46900.0,0.01129396025645959,91822.5173022416,7366.890390101988,0.008400744263818597,0.0,0.0
BC,HG,2041-01-01T00:00:00,M,37,673.651796523096,68300.0,47000.0,0.009863130256560703,91822.5173022416,7366.890390101988,0.007336455330512384,0.0,0.0
BC,HG,2041-01-01T00:00:00,M,38,575.4504281465415,68300.0,46399.99999999999,0.008425335697606758,91822.5173022416,7366.890390101988,0.006266985975263537,0.0,0.0
BC,HG,2041-01-01T00:00:00,M,39,377.34250039876497,68300.0,45600.0,0.005524780386511932,91822.5173022416,7366.890390101988,0.004109476754560215,0.0,0.0
BC,HG,2041-01-01T00:00:00,M,40,483.74114771026507,68300.0,47500.0,0.007082593670721304,91822.5173022416,7366.890390101988,0.005268219189831075,0.0,0.0
BC,HG,2041-01-01T00:00:00,M,41,490.73945608178474,68300.0,49300.0,0.007185057922134476,91822.5173022416,7366.890390101988,0.005344434791157753,0.0,0.0
BC,HG,2041-01-01T00:00:00,M,42,496.2020358949667,68300.0,49800.0,0.007265037128769644,91822.5173022416,7366.890390101988,0.005403925425630356,0.0,0.0
BC,HG,2041-01-01T00:00:00,M,43,401.49528261285013,68300.0,49900.0,0.0058784082373770155,91822.5173022416,7366.890390101988,0.004372514437730937,0.0,0.0
BC,HG,2041-01-01T00:00:00,M,44,408.04109400857124,68300.0,50500.0,0.005974247350052288,91822.5173022416,7366.890390101988,0.004443802086861433,0.0,0.0
BC,HG,2041-01-01T00:00:00,M,45,314.26287479902385,68300.0,50800.0,0.004601213393836367,91822.5173022416,7366.890390101988,0.0034225033688044183,0.0,0.0
BC,HG,2041-01-01T00:00:00,M,46,320.81477929095126,68300.0,51000.0,0.004697141717290648,91822.5173022416,7366.890390101988,0.003493857375255377,0.0,0.0
BC,HG,2041-01-01T00:00:00,M,47,326.52293760114117,68300.0,50699.99999999999,0.0047807165095335455,91822.5173022416,7366.890390101988,0.0035560225007376265,0.0,0.0
BC,HG,2041-01-01T00:00:00,M,48,332.5101735075077,68300.0,50400.00000000001,0.004868377357357361,91822.5173022416,7366.890390101988,0.0036212269416773047,0.0,0.0
BC,HG,2041-01-01T00:00:00,M,49,239.40165748539584,68300.0,50100.00000000001,0.0035051487186734385,91822.5173022416,7366.890390101988,0.0026072216763278772,0.0,0.0
BC,HG,2041-01-01T00:00:00,M,50,146.58666152280057,68300.0,49800.0,0.0021462175918418825,91822.5173022416,7366.890390101988,0.0015964130131642781,0.0,0.0
BC,HG,2041-01-01T00:00:00,M,51,253.78903816441016,68300.0,49499.99999999999,0.0037157985089957563,91822.5173022416,7366.890390101988,0.0027639085228848828,0.0,0.0
BC,HG,2041-01-01T00:00:00,M,52,158.91215430411103,68300.0,48200.0,0.002326678686736618,91822.5173022416,7366.890390101988,0.0017306447151850368,0.0,0.0
BC,HG,2041-01-01T00:00:00,M,53,62.51268694749888,68300.0,46399.99999999999,0.0009152662803440538,91822.5173022416,7366.890390101988,0.0006807990979133481,0.0,0.0
BC,HG,2041-01-01T00:00:00,M,54,169.0408846915816,68300.0,45600.0,0.002474976349803537,91822.5173022416,7366.890390101988,0.0018409524118704914,0.0,0.0
BC,HG,2041-01-01T00:00:00,M,55,278.822123999038,68300.0,45400.0,0.004082315139078156,91822.5173022416,7366.890390101988,0.003036533218548903,0.0,0.0
BC,HG,2041-01-01T00:00:00,M,56,186.1564680157826,68300.0,44299.99999999999,0.0027255705419587497,91822.5173022416,7366.890390101988,0.0020273509536123126,0.0,0.0
BC,HG,2041-01-01T00:00:00,M,57,193.00742707985773,68300.0,43100.0,0.0028258774096611675,91822.5173022416,7366.890390101988,0.002101961836273312,0.0,0.0
BC,HG,2041-01-01T00:00:00,M,58,299.4285870529566,68300.0,41799.99999999999,0.00438402030824241,91822.5173022416,7366.890390101988,0.0032609494473709753,0.0,0.0
BC,HG,2041-01-01T00:00:00,M,59,207.67662924862816,68300.0,40600.0,0.00304065342970173,91822.5173022416,7366.890390101988,0.0022617178808662253,0.0,0.0
BC,HG,2041-01-01T00:00:00,M,60,314.9500652399656,68300.0,39299.99999999999,0.004611274747290858,91822.5173022416,7366.890390101988,0.003429987267755694,0.0,0.0
BC,HG,2041-01-01T00:00:00,M,61,222.26794438213255,68300.0,37800.0,0.0032542890831937414,91822.5173022416,7366.890390101988,0.002420625690869689,0.0,0.0
BC,HG,2041-01-01T00:00:00,M,62,228.13192252948647,68300.0,36099.99999999999,0.0033401452786162,91822.5173022416,7366.890390101988,0.002484487783955769,0.0,0.0
BC,HG,2041-01-01T00:00:00,M,63,336.6916906327024,68300.0,34900.0,0.004929600155676462,91822.5173022416,7366.890390101988,0.0036667660670252934,0.0,0.0
BC,HG,2041-01-01T00:00:00,M,64,252.02404492832284,68300.0,34400.0,0.0036899567339432333,91822.5173022416,7366.890390101988,0.0027446867318913107,0.0,0.0
BC,HG,2041-01-01T00:00:00,M,65,267.29305269593897,68300.0,33800.0,0.003913514680760453,91822.5173022416,7366.890390101988,0.0029109750042696086,0.0,0.0
BC,HG,2041-01-01T00:00:00,M,66,286.3232448612107,68300.0,33500.0,0.004192141213194886,91822.5173022416,7366.890390101988,0.00311822473695372,0.0,0.0
BC,HG,2041-01-01T00:00:00,M,67,305.4886927334228,68300.0,32999.99999999999,0.004472748063446893,91822.5173022416,7366.890390101988,0.0033269474820416963,0.0,0.0
BC,HG,2041-01-01T00:00:00,M,68,329.27975050591704,68300.0,32800.0,0.004821079802429239,91822.5173022416,7366.890390101988,0.003586045778096726,0.0,0.0
BC,HG,2041-01-01T00:00:00,M,69,261.86564092310437,68300.0,33099.99999999999,0.003834050379547648,91822.5173022416,7366.890390101988,0.002851867369973657,0.0,0.0
BC,HG,2041-01-01T00:00:00,M,70,210.12398994031537,68300.0,34400.0,0.003076485943489244,91822.5173022416,7366.890390101988,0.0022883710457280806,0.0,0.0
BC,HG,2041-01-01T00:00:00,M,71,244.0195700788463,68300.0,34200.0,0.0035727609089142944,91822.5173022416,7366.890390101988,0.0026575133991985343,0.0,0.0
BC,HG,2041-01-01T00:00:00,M,72,173.22188965544046,68300.0,33300.0,0.0025361916494207972,91822.5173022416,7366.890390101988,0.0018864859594871042,0.0,0.0
BC,HG,2041-01-01T00:00:00,M,73,199.94651565423192,68300.0,32199.999999999996,0.0029274746069433664,91822.5173022416,7366.890390101988,0.002177532499965025,0.0,0.0
BC,HG,2041-01-01T00:00:00,M,74,233.62177818296914,68300.0,31400.0,0.0034205238386964733,91822.5173022416,7366.890390101988,0.002544275468009478,0.0,0.0
BC,HG,2041-01-01T00:00:00,M,75,99.63878145343915,68300.0,32000.0,0.0014588401384105292,91822.5173022416,7366.890390101988,0.0010851236099906699,0.0,0.0
BC,HG,2041-01-01T00:00:00,M,76,178.33365005334053,68300.0,33000.0,0.0026110344078087927,91822.5173022416,7366.890390101988,0.0019421559688495601,0.0,0.0
BC,HG,2041-01-01T00:00:00,M,77,58.99969191029231,68300.0,33400.0,0.0008638315067392725,91822.5173022416,7366.890390101988,0.0006425405624209781,0.0,0.0
BC,HG,2041-01-01T00:00:00,M,78,128.37458558871003,68300.0,33100.0,0.0018795693351202054,91822.5173022416,7366.890390101988,0.0013980730365532694,0.0,0.0
BC,HG,2041-01-01T00:00:00,M,79,59.5270092152532,68300.0,31000.0,0.0008715521114971187,91822.5173022416,7366.890390101988,0.0006482833510141636,0.0,0.0
BC,HG,2041-01-01T00:00:00,M,80,22.641846133425133,68300.0,30000.0,0.0003315057999037355,91822.5173022416,7366.890390101988,0.00024658272065116203,0.0,0.0
BC,HG,2041-01-01T00:00:00,M,81,-25.440009706468118,68300.0,28500.0,-0.00037247451986044096,91822.5173022416,7366.890390101988,0.0,0.003453290107403909,0.0008926319195251972
BC,HG,2041-01-01T00:00:00,M,82,110.5368182511047,68300.0,26700.0,0.0016184014385227628,91822.5173022416,7366.890390101988,0.0012038094957390832,0.0,0.0
BC,HG,2041-01-01T00:00:00,M,83,-22.862935110315448,68300.0,25400.0,-0.0003347428273838279,91822.5173022416,7366.890390101988,0.0,0.0031034716005865445,0.0009001155555242302
BC,HG,2041-01-01T00:00:00,M,84,-1.6870469708410383,68300.0,23199.999999999996,-2.4700541300747265e-05,91822.5173022416,7366.890390101988,0.0,0.00022900394623866295,7.271754184659648e-05
BC,HG,2041-01-01T00:00:00,M,85,-57.121840103365685,68300.0,21500.0,-0.0008363373367989119,91822.5173022416,7366.890390101988,0.0,0.00775386045923983,0.0026568297722495667
BC,HG,2041-01-01T00:00:00,M,86,-131.56015788097284,68300.0,19500.0,-0.0019262102178766154,91822.5173022416,7366.890390101988,0.0,0.017858302609977006,0.006746674763126812
BC,HG,2041-01-01T00:00:00,M,87,-144.42774713244216,68300.0,17100.0,-0.0021146083035496655,91822.5173022416,7366.890390101988,0.0,0.019604981136476865,0.008446067083768547
BC,HG,2041-01-01T00:00:00,M,88,-239.50468251043822,68300.0,15099.999999999998,-0.00350665713778094,91822.5173022416,7366.890390101988,0.0,0.03251096050407267,0.015861237252346904
BC,HG,2041-01-01T00:00:00,M,89,-255.69828581365437,68300.0,13100.0,-0.0037437523545190976,91822.5173022416,7366.890390101988,0.0,0.034709120439365526,0.019518953115546134
BC,HG,2041-01-01T00:00:00,M,90,-182.01383553131927,68300.0,11300.0,-0.0026649170648802237,91822.5173022416,7366.890390101988,0.0,0.024707010134950504,0.016107419073568077
BC,HG,2041-01-01T00:00:00,M,91,-200.4678633958829,68300.0,9700.0,-0.0029351078096029703,91822.5173022416,7366.890390101988,0.0,0.027212005714816617,0.02066679004081267
BC,HG,2041-01-01T00:00:00,M,92,-265.27523080035553,68300.0,7899.999999999999,-0.0038839711683800225,91822.5173022416,7366.890390101988,0.0,0.036009118739811066,0.03357914313928551
BC,HG,2041-01-01T00:00:00,M,93,-304.91279833707904,68300.0,6599.999999999999,-0.004464316227482856,91822.5173022416,7366.890390101988,0.0,0.04138962061207725,0.04619890883895138
BC,HG,2041-01-01T00:00:00,M,94,-287.2791114911406,68300.0,5300.0,-0.004206136332227535,91822.5173022416,7366.890390101988,0.0,0.03899598015970528,0.054203605941724645
BC,HG,2041-01-01T00:00:00,M,95,-214.46402726120323,68300.0,3499.9999999999995,-0.0031400296817160065,91822.5173022416,7366.890390101988,0.0,0.029111879762640826,0.061275436360343785
BC,HG,2041-01-01T00:00:00,M,96,-55.76361181705079,68300.0,2600.0,-0.0008164511247005972,91822.5173022416,7366.890390101988,0.0,0.0075694911779838215,0.021447543006557997
BC,HG,2041-01-01T00:00:00,M,97,-134.39883259370708,68300.0,1899.9999999999998,-0.001967772073114306,91822.5173022416,7366.890390101988,0.0,0.018243631366401593,0.07073622768089848
BC,HG,2041-01-01T00:00:00,M,98,-134.25186895726847,68300.0,1300.0,-0.0019656203361239893,91822.5173022416,7366.890390101988,0.0,0.01822368215735186,0.10327066842866806
BC,HG,2041-01-01T00:00:00,M,99,-34.99969359546742,68300.0,900.0,-0.000512440609011236,91822.5173022416,7366.890390101988,0.0,0.0047509453435729595,0.03888854843940825
BC,HG,2041-01-01T00:00:00,M,100,891.2316403304643,68300.0,1500.0,0.013048779507034616,91822.5173022416,7366.890390101988,0.00970602491104551,0.0,0.0
BC,HG,2042-01-01T00:00:00,F,1,482.8949923444379,70000.0,33700.0,0.006898499890634828,94094.99598665627,7990.86105391183,0.005131994398649189,0.0,0.0
BC,HG,2042-01-01T00:00:00,F,2,403.6207335554791,70000.0,33300.0,0.005766010479363987,94094.99598665627,7990.86105391183,0.004289502638511373,0.0,0.0
BC,HG,2042-01-01T00:00:00,F,3,302.8701512639818,70000.0,32900.0,0.004326716446628312,94094.99598665627,7990.86105391183,0.0032187700109677694,0.0,0.0
BC,HG,2042-01-01T00:00:00,F,4,402.3624329852173,70000.0,32600.000000000004,0.005748034756931676,94094.99598665627,7990.86105391183,0.004276129976585331,0.0,0.0
BC,HG,2042-01-01T00:00:00,F,5,502.1063748556444,70000.0,32400.0,0.0071729482122234916,94094.99598665627,7990.86105391183,0.005336164474961546,0.0,0.0
BC,HG,2042-01-01T00:00:00,F,6,501.86645885059625,70000.0,32300.0,0.007169520840722803,94094.99598665627,7990.86105391183,0.005333614753772523,0.0,0.0
BC,HG,2042-01-01T00:00:00,F,7,501.62801146152924,70000.0,32199.999999999996,0.007166114449450417,94094.99598665627,7990.86105391183,0.005331080640384593,0.0,0.0
BC,HG,2042-01-01T00:00:00,F,8,401.39543467886324,70000.0,32100.0,0.005734220495412332,94094.99598665627,7990.86105391183,0.004265853146279804,0.0,0.0
BC,HG,2042-01-01T00:00:00,F,9,401.3910326767291,70000.0,32000.000000000004,0.005734157609667558,94094.99598665627,7990.86105391183,0.004265806363748088,0.0,0.0
BC,HG,2042-01-01T00:00:00,F,10,501.3866306745804,70000.0,32000.0,0.007162666152494005,94094.99598665627,7990.86105391183,0.00532851535214139,0.0,0.0
BC,HG,2042-01-01T00:00:00,F,11,401.39103267672544,70000.0,32000.0,0.005734157609667507,94094.99598665627,7990.86105391183,0.004265806363748049,0.0,0.0
BC,HG,2042-01-01T00:00:00,F,12,401.61774009585133,70000.0,31900.0,0.00573739628708359,94094.99598665627,7990.86105391183,0.004268215709927925,0.0,0.0
BC,HG,2042-01-01T00:00:00,F,13,501.8429813807779,70000.0,31900.0,0.007169185448296827,94094.99598665627,7990.86105391183,0.005333365245607162,0.0,0.0
BC,HG,2042-01-01T00:00:00,F,14,802.0733595757738,70000.0,32199.999999999996,0.011458190851082482,94094.99598665627,7990.86105391183,0.008524080915944955,0.0,0.0
BC,HG,2042-01-01T00:00:00,F,15,1402.7821098141649,70000.0,32999.99999999999,0.02003974442591664,94094.99598665627,7990.86105391183,0.014908147825555943,0.0,0.0
BC,HG,2042-01-01T00:00:00,F,16,2304.0411563652815,70000.0,34700.0,0.03291487366236116,94094.99598665627,7990.86105391183,0.02448633035376313,0.0,0.0
BC,HG,2042-01-01T00:00:00,F,17,1906.0046187993576,70000.0,36000.0,0.027228637411419395,94094.99598665627,7990.86105391183,0.02025617408039053,0.0,0.0
BC,HG,2042-01-01T00:00:00,F,18,2507.7920418870417,70000.0,37900.0,0.03582560059838631,94094.99598665627,7990.86105391183,0.026651704647956784,0.0,0.0
BC,HG,2042-01-01T00:00:00,F,19,5109.8524680511255,70000.0,42400.0,0.07299789240073036,94094.99598665627,7990.86105391183,0.054305251989975746,0.0,0.0
BC,HG,2042-01-01T00:00:00,F,20,2912.5747576960275,70000.0,44700.00000000001,0.04160821082422896,94094.99598665627,7990.86105391183,0.030953556319924424,0.0,0.0
BC,HG,2042-01-01T00:00:00,F,21,814.1649132862221,70000.0,43699.99999999999,0.011630927332660317,94094.99598665627,7990.86105391183,0.00865258460079726,0.0,0.0
BC,HG,2042-01-01T00:00:00,F,22,-284.57365880432917,70000.0,43500.0,-0.004065337982918988,94094.99598665627,7990.86105391183,0.0,0.035612389814364195,0.006541923190904119
BC,HG,2042-01-01T00:00:00,F,23,16.353197000345972,70000.0,43700.0,0.00023361710000494246,94094.99598665627,7990.86105391183,0.00017379454485193918,0.0,0.0
BC,HG,2042-01-01T00:00:00,F,24,217.1501462664164,70000.0,44300.00000000001,0.0031021449466630915,94094.99598665627,7990.86105391183,0.0023077757110187957,0.0,0.0
BC,HG,2042-01-01T00:00:00,F,25,617.3057031486387,70000.0,45100.0,0.00881865290212341,94094.99598665627,7990.86105391183,0.006560451984462379,0.0,0.0
BC,HG,2042-01-01T00:00:00,F,26,517.5001492514348,70000.0,45500.0,0.007392859275020497,94094.99598665627,7990.86105391183,0.00549976270071601,0.0,0.0
BC,HG,2042-01-01T00:00:00,F,27,817.8700113287341,70000.0,45900.0,0.011683857304696201,94094.99598665627,7990.86105391183,0.008691960744062492,0.0,0.0
BC,HG,2042-01-01T00:00:00,F,28,818.4027707154019,70000.0,46400.0,0.011691468153077169,94094.99598665627,7990.86105391183,0.00869762267518945,0.0,0.0
BC,HG,2042-01-01T00:00:00,F,29,919.3230121978922,70000.0,47100.0,0.013133185888541317,94094.99598665627,7990.86105391183,0.009770158365576237,0.0,0.0
BC,HG,2042-01-01T00:00:00,F,30,920.1742890489913,70000.0,47500.0,0.013145346986414163,94094.99598665627,7990.86105391183,0.009779205359437843,0.0,0.0
BC,HG,2042-01-01T00:00:00,F,31,921.2912580628908,70000.0,47700.0,0.013161303686612726,94094.99598665627,7990.86105391183,0.009791076012092507,0.0,0.0
BC,HG,2042-01-01T00:00:00,F,32,723.1009969924853,70000.0,48400.0,0.01033001424274979,94094.99598665627,7990.86105391183,0.007684797575155103,0.0,0.0
BC,HG,2042-01-01T00:00:00,F,33,624.6554148367504,70000.0,48600.0,0.008923648783382148,94094.99598665627,7990.86105391183,0.006638561469574148,0.0,0.0
BC,HG,2042-01-01T00:00:00,F,34,826.5269380441023,70000.0,49000.00000000001,0.011807527686344318,94094.99598665627,7990.86105391183,0.008783962732314831,0.0,0.0
BC,HG,2042-01-01T00:00:00,F,35,828.060957747075,70000.0,48600.0,0.011829442253529643,94094.99598665627,7990.86105391183,0.008800265615235303,0.0,0.0
BC,HG,2042-01-01T00:00:00,F,36,730.1976466081396,70000.0,48000.0,0.010431394951544852,94094.99598665627,7990.86105391183,0.0077602176284878085,0.0,0.0
BC,HG,2042-01-01T00:00:00,F,37,632.5589699045304,70000.0,47800.0,0.009036556712921863,94094.99598665627,7990.86105391183,0.006722556957165228,0.0,0.0
BC,HG,2042-01-01T00:00:00,F,38,535.0583455840024,70000.0,47800.000000000015,0.007643690651200034,94094.99598665627,7990.86105391183,0.005686363445510744,0.0,0.0
BC,HG,2042-01-01T00:00:00,F,39,536.1720819889888,70000.0,47000.00000000001,0.007659601171271268,94094.99598665627,7990.86105391183,0.005698199743427631,0.0,0.0
BC,HG,2042-01-01T00:00:00,F,40,537.4715177490943,70000.0,46500.0,0.007678164539272776,94094.99598665627,7990.86105391183,0.005712009571957619,0.0,0.0
BC,HG,2042-01-01T00:00:00,F,41,440.42578442279046,70000.0,48299.99999999999,0.006291796920325578,94094.99598665627,7990.86105391183,0.00468065044059567,0.0,0.0
BC,HG,2042-01-01T00:00:00,F,42,442.7930037407132,70000.0,49400.0,0.006325614339153045,94094.99598665627,7990.86105391183,0.004705808200507349,0.0,0.0
BC,HG,2042-01-01T00:00:00,F,43,444.41243376981583,70000.0,49599.99999999999,0.006348749053854512,94094.99598665627,7990.86105391183,0.004723018786597733,0.0,0.0
BC,HG,2042-01-01T00:00:00,F,44,346.3123728642313,70000.0,49600.0,0.004947319612346161,94094.99598665627,7990.86105391183,0.003680454728042523,0.0,0.0
BC,HG,2042-01-01T00:00:00,F,45,348.18900568582467,70000.0,49300.0,0.004974128652654638,94094.99598665627,7990.86105391183,0.0037003987516530824,0.0,0.0
BC,HG,2042-01-01T00:00:00,F,46,451.53516161668813,70000.0,50200.00000000001,0.0064505023088098305,94094.99598665627,7990.86105391183,0.004798715987837663,0.0,0.0
BC,HG,2042-01-01T00:00:00,F,47,353.76878233601747,70000.0,49800.0,0.005053839747657393,94094.99598665627,7990.86105391183,0.0037596981500077416,0.0,0.0
BC,HG,2042-01-01T00:00:00,F,48,156.92464136195485,70000.0,49500.0,0.0022417805908850692,94094.99598665627,7990.86105391183,0.001667725682077807,0.0,0.0
BC,HG,2042-01-01T00:00:00,F,49,260.4294531872365,70000.0,49500.0,0.0037204207598176644,94094.99598665627,7990.86105391183,0.0027677290429362292,0.0,0.0
BC,HG,2042-01-01T00:00:00,F,50,165.03653439976915,70000.0,49600.00000000001,0.0023576647771395595,94094.99598665627,7990.86105391183,0.001753935293468456,0.0,0.0
BC,HG,2042-01-01T00:00:00,F,51,169.8424702446864,70000.0,49400.00000000001,0.0024263210034955202,94094.99598665627,7990.86105391183,0.0018050106540072755,0.0,0.0
BC,HG,2042-01-01T00:00:00,F,52,174.9682805862176,70000.0,49199.99999999999,0.002499546865517394,94094.99598665627,7990.86105391183,0.0018594854992185776,0.0,0.0
BC,HG,2042-01-01T00:00:00,F,53,178.76527128731686,70000.0,48000.0,0.002553789589818812,94094.99598665627,7990.86105391183,0.0018998382370160024,0.0,0.0
BC,HG,2042-01-01T00:00:00,F,54,283.322114753013,70000.0,47100.0,0.0040474587821859006,94094.99598665627,7990.86105391183,0.0030110221248448883,0.0,0.0
BC,HG,2042-01-01T00:00:00,F,55,288.28952943241165,70000.0,46100.00000000001,0.004118421849034452,94094.99598665627,7990.86105391183,0.0030638136110159816,0.0,0.0
BC,HG,2042-01-01T00:00:00,F,56,295.29173443191394,70000.0,45900.0,0.004218453349027342,94094.99598665627,7990.86105391183,0.0031382299487402033,0.0,0.0
BC,HG,2042-01-01T00:00:00,F,57,301.31580636816216,70000.0,45000.0,0.004304511519545174,94094.99598665627,7990.86105391183,0.003202251120887365,0.0,0.0
BC,HG,2042-01-01T00:00:00,F,58,308.404500194265,70000.0,44400.0,0.004405778574203785,94094.99598665627,7990.86105391183,0.0032775866236074893,0.0,0.0
BC,HG,2042-01-01T00:00:00,F,59,315.69337910503964,70000.0,43600.0,0.00450990541578628,94094.99598665627,7990.86105391183,0.0033550496048674948,0.0,0.0
BC,HG,2042-01-01T00:00:00,F,60,224.47705839934497,70000.0,42899.99999999999,0.0032068151199906424,94094.99598665627,7990.86105391183,0.002385642892542111,0.0,0.0
BC,HG,2042-01-01T00:00:00,F,61,330.74292998290184,70000.0,41500.00000000001,0.004724898999755741,94094.99598665627,7990.86105391183,0.0035149895753202954,0.0,0.0
BC,HG,2042-01-01T00:00:00,F,62,339.7782144012381,70000.0,40600.00000000001,0.004853974491446258,94094.99598665627,7990.86105391183,0.003611012581895667,0.0,0.0
BC,HG,2042-01-01T00:00:00,F,63,246.42201283005852,70000.0,38800.0,0.003520314469000836,94094.99598665627,7990.86105391183,0.0026188641621814187,0.0,0.0
BC,HG,2042-01-01T00:00:00,F,64,255.401537478072,70000.0,37600.00000000001,0.0036485933925438857,94094.99598665627,7990.86105391183,0.0027142945785798302,0.0,0.0
BC,HG,2042-01-01T00:00:00,F,65,268.48835322118975,70000.0,37200.0,0.0038355479031598537,94094.99598665627,7990.86105391183,0.002853375468120158,0.0,0.0
BC,HG,2042-01-01T00:00:00,F,66,85.37435709380225,70000.0,37100.00000000001,0.0012196336727686035,94094.99598665627,7990.86105391183,0.0009073209069046487,0.0,0.0
BC,HG,2042-01-01T00:00:00,F,67,199.34820427387604,70000.0,36400.0,0.0028478314896268004,94094.99598665627,7990.86105391183,0.0021185845451563213,0.0,0.0
BC,HG,2042-01-01T00:00:00,F,68,117.65199938105798,70000.0,36000.0,0.0016807428483008283,94094.99598665627,7990.86105391183,0.0012503534130310432,0.0,0.0
BC,HG,2042-01-01T00:00:00,F,69,239.33704576649325,70000.0,36000.0,0.0034191006538070463,94094.99598665627,7990.86105391183,0.0025435682658452308,0.0,0.0
BC,HG,2042-01-01T00:00:00,F,70,265.49146970893344,70000.0,36200.0,0.0037927352815561918,94094.99598665627,7990.86105391183,0.0028215259156457494,0.0,0.0
BC,HG,2042-01-01T00:00:00,F,71,208.65958892042545,70000.0,38000.00000000001,0.002980851270291792,94094.99598665627,7990.86105391183,0.0022175418228405656,0.0,0.0
BC,HG,2042-01-01T00:00:00,F,72,139.77367894819326,70000.0,37700.0,0.0019967668421170467,94094.99598665627,7990.86105391183,0.0014854528392563484,0.0,0.0
BC,HG,2042-01-01T00:00:00,F,73,270.489637999759,70000.0,37200.0,0.003864137685710843,94094.99598665627,7990.86105391183,0.00287464423759705,0.0,0.0
BC,HG,2042-01-01T00:00:00,F,74,195.59610886224255,70000.0,35700.00000000001,0.002794230126603465,94094.99598665627,7990.86105391183,0.0020787089346385674,0.0,0.0
BC,HG,2042-01-01T00:00:00,F,75,125.95773606210423,70000.0,34500.0,0.001799396229458632,94094.99598665627,7990.86105391183,0.0013386231089267111,0.0,0.0
BC,HG,2042-01-01T00:00:00,F,76,86.14844963927317,70000.0,35300.0,0.0012306921377039023,94094.99598665627,7990.86105391183,0.0009155476201039424,0.0,0.0
BC,HG,2042-01-01T00:00:00,F,77,53.59579929229949,70000.0,36000.00000000001,0.0007656542756042784,94094.99598665627,7990.86105391183,0.0005695924499523862,0.0,0.0
BC,HG,2042-01-01T00:00:00,F,78,36.141671026838594,70000.0,37000.0,0.0005163095860976942,94094.99598665627,7990.86105391183,0.0003840976945465186,0.0,0.0
BC,HG,2042-01-01T00:00:00,F,79,97.24913039243256,70000.0,36300.0,0.0013892732913204653,94094.99598665627,7990.86105391183,0.0010335207454201239,0.0,0.0
BC,HG,2042-01-01T00:00:00,F,80,39.76533641754213,70000.0,34299.99999999999,0.0005680762345363162,94094.99598665627,7990.86105391183,0.00042260840760523867,0.0,0.0
BC,HG,2042-01-01T00:00:00,F,81,-87.81768917078443,70000.0,33400.0,-0.001254538416725492,94094.99598665627,7990.86105391183,0.0,0.010989765505657783,0.0026292721308618094
BC,HG,2042-01-01T00:00:00,F,82,-123.43481201148825,70000.0,32000.000000000004,-0.001763354457306975,94094.99598665627,7990.86105391183,0.0,0.015446997661292362,0.0038573378753590072
BC,HG,2042-01-01T00:00:00,F,83,-166.17601283367912,70000.0,30200.000000000007,-0.0023739430404811305,94094.99598665627,7990.86105391183,0.0,0.020795758018133687,0.0055025169812476515
BC,HG,2042-01-01T00:00:00,F,84,-99.75391529830085,70000.0,28700.000000000004,-0.0014250559328328693,94094.99598665627,7990.86105391183,0.0,0.012483500166664458,0.0034757461776411445
BC,HG,2042-01-01T00:00:00,F,85,-245.07217181043234,70000.0,26600.000000000004,-0.0035010310258633192,94094.99598665627,7990.86105391183,0.0,0.030669056833426005,0.009213239541745575
BC,HG,2042-01-01T00:00:00,F,86,-190.65106487490993,70000.0,24700.0,-0.002723586641070142,94094.99598665627,7990.86105391183,0.0,0.02385863846069242,0.007718666594125908
BC,HG,2042-01-01T00:00:00,F,87,-33.166263334220275,70000.0,23000.0,-0.0004738037619174325,94094.99598665627,7990.86105391183,0.0,0.004150524344054779,0.001442011449313925
BC,HG,2042-01-01T00:00:00,F,88,-299.2257518522092,70000.0,20500.000000000004,-0.004274653597888703,94094.99598665627,7990.86105391183,0.0,0.037445996098971944,0.014596378139132154
BC,HG,2042-01-01T00:00:00,F,89,-299.55225640900244,70000.0,17900.000000000004,-0.004279317948700035,94094.99598665627,7990.86105391183,0.0,0.03748685584544863,0.016734762927877227
BC,HG,2042-01-01T00:00:00,F,90,-298.3569890160743,70000.0,15600.000000000002,-0.004262242700229632,94094.99598665627,7990.86105391183,0.0,0.037337276546689196,0.019125448013850913
BC,HG,2042-01-01T00:00:00,F,91,-300.879522624753,70000.0,13499.999999999998,-0.004298278894639329,94094.99598665627,7990.86105391183,0.0,0.03765295386752609,0.022287372046278002
BC,HG,2042-01-01T00:00:00,F,92,-392.09246371641893,70000.0,11700.0,-0.005601320910234556,94094.99598665627,7990.86105391183,0.0,0.049067611246284254,0.033512176386018715
BC,HG,2042-01-01T00:00:00,F,93,-360.05128866357154,70000.0,9599.999999999998,-0.005143589838051022,94094.99598665627,7990.86105391183,0.0,0.045057883779284685,0.037505342569122045
BC,HG,2042-01-01T00:00:00,F,94,-301.6552461319279,70000.0,8100.000000000002,-0.004309360659027542,94094.99598665627,7990.86105391183,0.0,0.03775003020284732,0.037241388411349115
BC,HG,2042-01-01T00:00:00,F,95,-276.48958324002797,70000.0,6599.999999999999,-0.0039498511891432565,94094.99598665627,7990.86105391183,0.0,0.034600724674680186,0.04189236109697394
BC,HG,2042-01-01T00:00:00,F,96,-224.35774544931155,70000.0,4400.0,-0.0032051106492758793,94094.99598665627,7990.86105391183,0.0,0.028076792217464463,0.05099039669302535
BC,HG,2042-01-01T00:00:00,F,97,-247.2109067966462,70000.0,3200.0,-0.0035315843828092317,94094.99598665627,7990.86105391183,0.0,0.030936704458855168,0.07725340837395195
BC,HG,2042-01-01T00:00:00,F,98,-237.350668818975,70000.0,2400.0,-0.0033907238402710715,94094.99598665627,7990.86105391183,0.0,0.029702765098484955,0.09889611200790625
BC,HG,2042-01-01T00:00:00,F,99,-155.17463680832907,70000.0,1700.0000000000005,-0.0022167805258332725,94094.99598665627,7990.86105391183,0.0,0.01941901326545594,0.09127919812254649
BC,HG,2042-01-01T00:00:00,F,100,1938.950116714625,70000.0,3200.0000000000005,0.0276992873816375,94094.99598665627,7990.86105391183,0.020606304260745067,0.0,0.0
BC,HG,2042-01-01T00:00:00,M,1,586.4919654723708,70000.0,35500.0,0.008378456649605298,94094.99598665627,7990.86105391183,0.006232977209070097,0.0,0.0
BC,HG,2042-01-01T00:00:00,M,2,505.5188550667008,70000.0,35200.0,0.007221697929524297,94094.99598665627,7990.86105391183,0.005372430805336227,0.0,0.0
BC,HG,2042-01-01T00:00:00,M,3,503.80592935518507,70000.0,34900.0,0.00719722756221693,94094.99598665627,7990.86105391183,0.005354226588485432,0.0,0.0
BC,HG,2042-01-01T00:00:00,M,4,602.59371743464,70000.0,34699.99999999999,0.008608481677637714,94094.99598665627,7990.86105391183,0.00640409950726917,0.0,0.0
BC,HG,2042-01-01T00:00:00,M,5,602.1158961265901,70000.0,34600.0,0.008601655658951287,94094.99598665627,7990.86105391183,0.00639902143374316,0.0,0.0
BC,HG,2042-01-01T00:00:00,M,6,701.6408465761488,70000.0,34600.0,0.010023440665373553,94094.99598665627,7990.86105391183,0.007456728588156264,0.0,0.0
BC,HG,2042-01-01T00:00:00,M,7,601.4105843602956,70000.0,34600.0,0.008591579776575651,94094.99598665627,7990.86105391183,0.006391525692243851,0.0,0.0
BC,HG,2042-01-01T00:00:00,M,8,501.41473313782626,70000.0,34600.0,0.0071630676162546605,94094.99598665627,7990.86105391183,0.0053288140126913075,0.0,0.0
BC,HG,2042-01-01T00:00:00,M,9,501.41473313782626,70000.0,34600.0,0.0071630676162546605,94094.99598665627,7990.86105391183,0.0053288140126913075,0.0,0.0
BC,HG,2042-01-01T00:00:00,M,10,601.4188819153569,70000.0,34800.0,0.008591698313076527,94094.99598665627,7990.86105391183,0.006391613874989111,0.0,0.0
BC,HG,2042-01-01T00:00:00,M,11,501.42303069288755,70000.0,34800.0,0.007163186152755537,94094.99598665627,7990.86105391183,0.005328902195436567,0.0,0.0
BC,HG,2042-01-01T00:00:00,M,12,501.8973859661637,70000.0,34800.0,0.007169962656659481,94094.99598665627,7990.86105391183,0.005333943433477997,0.0,0.0
BC,HG,2042-01-01T00:00:00,M,13,502.13456579829653,70000.0,34800.0,0.007173350939975664,94094.99598665627,7990.86105391183,0.005336464075831459,0.0,0.0
BC,HG,2042-01-01T00:00:00,M,14,802.846114076834,70000.0,35100.0,0.011469230201097629,94094.99598665627,7990.86105391183,0.008532293409000056,0.0,0.0
BC,HG,2042-01-01T00:00:00,M,15,1403.816993103319,70000.0,35900.00000000001,0.020054528472904558,94094.99598665627,7990.86105391183,0.014919146107433768,0.0,0.0
BC,HG,2042-01-01T00:00:00,M,16,2105.841803216419,70000.0,37300.0,0.03008345433166313,94094.99598665627,7990.86105391183,0.02237995529023723,0.0,0.0
BC,HG,2042-01-01T00:00:00,M,17,1908.605308058257,70000.0,38500.0,0.027265790115117955,94094.99598665627,7990.86105391183,0.02028381305557331,0.0,0.0
BC,HG,2042-01-01T00:00:00,M,18,2711.7631998427605,70000.0,40500.0,0.03873947428346801,94094.99598665627,7990.86105391183,0.028819419900154086,0.0,0.0
BC,HG,2042-01-01T00:00:00,M,19,5415.6889967150855,70000.0,45200.0,0.07736698566735836,94094.99598665627,7990.86105391183,0.0575555473479492,0.0,0.0
BC,HG,2042-01-01T00:00:00,M,20,3521.235496979927,70000.0,47999.99999999999,0.05030336424257039,94094.99598665627,7990.86105391183,0.03742213345201989,0.0,0.0
BC,HG,2042-01-01T00:00:00,M,21,1225.8258935025806,70000.0,47300.00000000001,0.017511798478608294,94094.99598665627,7990.86105391183,0.013027535424693747,0.0,0.0
BC,HG,2042-01-01T00:00:00,M,22,-69.38210020956467,70000.0,47500.0,-0.0009911728601366381,94094.99598665627,7990.86105391183,0.0,0.00868268134578557,0.001460675793885572
BC,HG,2042-01-01T00:00:00,M,23,-265.8313996129218,70000.0,47200.0,-0.00379759142304174,94094.99598665627,7990.86105391183,0.0,0.03326692803434334,0.005632021178239869
BC,HG,2042-01-01T00:00:00,M,24,-162.9516313021959,70000.0,47199.99999999999,-0.002327880447174227,94094.99598665627,7990.86105391183,0.0,0.02039224937122701,0.003452365069961778
BC,HG,2042-01-01T00:00:00,M,25,139.0985740643664,70000.0,47600.0,0.0019871224866338058,94094.99598665627,7990.86105391183,0.0014782781231436808,0.0,0.0
BC,HG,2042-01-01T00:00:00,M,26,340.89776213378354,70000.0,47600.0,0.004869968030482622,94094.99598665627,7990.86105391183,0.003622910640031556,0.0,0.0
BC,HG,2042-01-01T00:00:00,M,27,643.5542044083122,70000.0,48300.0,0.009193631491547317,94094.99598665627,7990.86105391183,0.0068394094463809256,0.0,0.0
BC,HG,2042-01-01T00:00:00,M,28,645.7687352771536,70000.0,48200.0,0.00922526764681648,94094.99598665627,7990.86105391183,0.0068629445009884575,0.0,0.0
BC,HG,2042-01-01T00:00:00,M,29,749.0406765665466,70000.0,48600.0,0.01070058109380781,94094.99598665627,7990.86105391183,0.007960473016787938,0.0,0.0
BC,HG,2042-01-01T00:00:00,M,30,752.2465495662836,70000.0,48500.0,0.010746379279518338,94094.99598665627,7990.86105391183,0.007994543617101176,0.0,0.0
BC,HG,2042-01-01T00:00:00,M,31,756.0991162231512,70000.0,48400.0,0.010801415946045017,94094.99598665627,7990.86105391183,0.008035486991575774,0.0,0.0
BC,HG,2042-01-01T00:00:00,M,32,560.9426812487873,70000.0,48900.0,0.008013466874982675,94094.99598665627,7990.86105391183,0.005961450716553888,0.0,0.0
BC,HG,2042-01-01T00:00:00,M,33,564.7617542515727,70000.0,49000.0,0.008068025060736754,94094.99598665627,7990.86105391183,0.006002038135286836,0.0,0.0
BC,HG,2042-01-01T00:00:00,M,34,768.0317294758643,70000.0,48899.99999999999,0.010971881849655203,94094.99598665627,7990.86105391183,0.008162301527541166,0.0,0.0
BC,HG,2042-01-01T00:00:00,M,35,869.8212864775269,70000.0,48399.99999999999,0.012426018378250385,94094.99598665627,7990.86105391183,0.009244075918775503,0.0,0.0
BC,HG,2042-01-01T00:00:00,M,36,771.370615350992,70000.0,47800.0,0.011019580219299887,94094.99598665627,7990.86105391183,0.008197785729863691,0.0,0.0
BC,HG,2042-01-01T00:00:00,M,37,573.0159643839288,70000.0,47399.99999999999,0.00818594234834184,94094.99598665627,7990.86105391183,0.0060897602298127405,0.0,0.0
BC,HG,2042-01-01T00:00:00,M,38,575.775179098142,70000.0,47499.99999999999,0.008225359701402028,94094.99598665627,7990.86105391183,0.006119083943420258,0.0,0.0
BC,HG,2042-01-01T00:00:00,M,39,477.69956869520684,70000.0,46800.0,0.006824279552788669,94094.99598665627,7990.86105391183,0.005076779733992975,0.0,0.0
BC,HG,2042-01-01T00:00:00,M,40,579.517744946199,70000.0,46100.0,0.008278824927802842,94094.99598665627,7990.86105391183,0.0061588582779511574,0.0,0.0
BC,HG,2042-01-01T00:00:00,M,41,486.4495589466678,70000.0,47900.0,0.006949279413523826,94094.99598665627,7990.86105391183,0.005169770760345766,0.0,0.0
BC,HG,2042-01-01T00:00:00,M,42,394.1644252234837,70000.0,49600.0,0.005630920360335481,94094.99598665627,7990.86105391183,0.004189005175996614,0.0,0.0
BC,HG,2042-01-01T00:00:00,M,43,399.94865995266446,70000.0,50100.00000000001,0.005713552285038064,94094.99598665627,7990.86105391183,0.00425047746438484,0.0,0.0
BC,HG,2042-01-01T00:00:00,M,44,505.3343788898055,70000.0,50300.0,0.00721906255556865,94094.99598665627,7990.86105391183,0.00537047027412029,0.0,0.0
BC,HG,2042-01-01T00:00:00,M,45,311.8487744622398,70000.0,50700.0,0.0044549824923177115,94094.99598665627,7990.86105391183,0.0033141908471568827,0.0,0.0
BC,HG,2042-01-01T00:00:00,M,46,418.496709287203,70000.0,51099.99999999999,0.0059785244183886135,94094.99598665627,7990.86105391183,0.004447597929081696,0.0,0.0
BC,HG,2042-01-01T00:00:00,M,47,325.32431859841745,70000.0,51200.0,0.004647490265691678,94094.99598665627,7990.86105391183,0.003457402970127679,0.0,0.0
BC,HG,2042-01-01T00:00:00,M,48,331.2628632461856,70000.0,50900.0,0.004732326617802651,94094.99598665627,7990.86105391183,0.003520515196080803,0.0,0.0
BC,HG,2042-01-01T00:00:00,M,49,237.82186345338414,70000.0,50500.0,0.003397455192191202,94094.99598665627,7990.86105391183,0.0025274655783726263,0.0,0.0
BC,HG,2042-01-01T00:00:00,M,50,244.64178864980204,70000.0,50199.99999999999,0.003494882694997172,94094.99598665627,7990.86105391183,0.0025999447269703375,0.0,0.0
BC,HG,2042-01-01T00:00:00,M,51,252.06180385214248,70000.0,49899.99999999999,0.003600882912173464,94094.99598665627,7990.86105391183,0.002678801366736736,0.0,0.0
BC,HG,2042-01-01T00:00:00,M,52,160.0697160692289,70000.0,49500.00000000001,0.0022867102295604127,94094.99598665627,7990.86105391183,0.0017011501450292699,0.0,0.0
BC,HG,2042-01-01T00:00:00,M,53,165.22543671786116,70000.0,48200.0,0.002360363381683731,94094.99598665627,7990.86105391183,0.0017559428637553903,0.0,0.0
BC,HG,2042-01-01T00:00:00,M,54,168.71054138425825,70000.0,46400.0,0.002410150591203689,94094.99598665627,7990.86105391183,0.0017929810147203078,0.0,0.0
BC,HG,2042-01-01T00:00:00,M,55,176.55792758133612,70000.0,45599.99999999999,0.002522256108304802,94094.99598665627,7990.86105391183,0.0018763795643965383,0.0,0.0
BC,HG,2042-01-01T00:00:00,M,56,187.1249585263431,70000.0,45400.0,0.002673213693233473,94094.99598665627,7990.86105391183,0.001988681295580049,0.0,0.0
BC,HG,2042-01-01T00:00:00,M,57,194.58270769625233,70000.0,44299.99999999999,0.002779752967089319,94094.99598665627,7990.86105391183,0.0020679389552643833,0.0,0.0
BC,HG,2042-01-01T00:00:00,M,58,302.178483491567,70000.0,43200.0,0.0043168354784509574,94094.99598665627,7990.86105391183,0.0032114192718008016,0.0,0.0
BC,HG,2042-01-01T00:00:00,M,59,209.72343433331844,70000.0,41800.0,0.002996049061904549,94094.99598665627,7990.86105391183,0.0022288479013598084,0.0,0.0
BC,HG,2042-01-01T00:00:00,M,60,318.36835885507753,70000.0,40700.0,0.0045481194122153935,94094.99598665627,7990.86105391183,0.0033834781065321022,0.0,0.0
BC,HG,2042-01-01T00:00:00,M,61,326.6694858241899,70000.0,39399.99999999999,0.00466670694034557,94094.99598665627,7990.86105391183,0.00347169881244817,0.0,0.0
BC,HG,2042-01-01T00:00:00,M,62,334.3094497795464,70000.0,37899.99999999999,0.004775849282564948,94094.99598665627,7990.86105391183,0.0035528929702803246,0.0,0.0
BC,HG,2042-01-01T00:00:00,M,63,340.8430631884039,70000.0,36200.0,0.004869186616977199,94094.99598665627,7990.86105391183,0.0036223293238328985,0.0,0.0
BC,HG,2042-01-01T00:00:00,M,64,250.80518946555094,70000.0,34899.99999999999,0.0035829312780792993,94094.99598665627,7990.86105391183,0.002665446624824958,0.0,0.0
BC,HG,2042-01-01T00:00:00,M,65,366.84669587361714,70000.0,34500.0,0.005240667083908817,94094.99598665627,7990.86105391183,0.0038986844308451867,0.0,0.0
BC,HG,2042-01-01T00:00:00,M,66,383.37808023940306,70000.0,33899.99999999999,0.0054768297177057584,94094.99598665627,7990.86105391183,0.004074372672206399,0.0,0.0
BC,HG,2042-01-01T00:00:00,M,67,304.20734373379673,70000.0,33500.0,0.004345819196197096,94094.99598665627,7990.86105391183,0.0032329811011091044,0.0,0.0
BC,HG,2042-01-01T00:00:00,M,68,224.9790298334883,70000.0,32899.99999999999,0.0032139861404784044,94094.99598665627,7990.86105391183,0.002390977622926865,0.0,0.0
BC,HG,2042-01-01T00:00:00,M,69,250.70383545664663,70000.0,32700.0,0.0035814833636663803,94094.99598665627,7990.86105391183,0.0026643694792462635,0.0,0.0
BC,HG,2042-01-01T00:00:00,M,70,284.8862914018937,70000.0,33000.0,0.0040698041628841955,94094.99598665627,7990.86105391183,0.003027645502448332,0.0,0.0
BC,HG,2042-01-01T00:00:00,M,71,235.58838794558687,70000.0,34199.99999999999,0.0033655483992226696,94094.99598665627,7990.86105391183,0.0025037291885213107,0.0,0.0
BC,HG,2042-01-01T00:00:00,M,72,172.53683083438955,70000.0,33900.0,0.002464811869062708,94094.99598665627,7990.86105391183,0.0018336451266638793,0.0,0.0
BC,HG,2042-01-01T00:00:00,M,73,202.55000450711668,70000.0,33000.0,0.00289357149295881,94094.99598665627,7990.86105391183,0.002152611861908582,0.0,0.0
BC,HG,2042-01-01T00:00:00,M,74,131.7862903678615,70000.0,31800.0,0.0018826612909694502,94094.99598665627,7990.86105391183,0.0014005664061726543,0.0,0.0
BC,HG,2042-01-01T00:00:00,M,75,168.40317004322787,70000.0,31000.0,0.0024057595720461127,94094.99598665627,7990.86105391183,0.0017897144080553373,0.0,0.0
BC,HG,2042-01-01T00:00:00,M,76,135.7466056244848,70000.0,31499.999999999996,0.0019392372232069257,94094.99598665627,7990.86105391183,0.0014426548851092485,0.0,0.0
BC,HG,2042-01-01T00:00:00,M,77,120.69824862261157,70000.0,32399.999999999993,0.0017242606946087367,94094.99598665627,7990.86105391183,0.0012827276026424184,0.0,0.0
BC,HG,2042-01-01T00:00:00,M,78,103.2072884856425,70000.0,32699.999999999996,0.0014743898355091785,94094.99598665627,7990.86105391183,0.0010968414143965577,0.0,0.0
BC,HG,2042-01-01T00:00:00,M,79,77.91521670488873,70000.0,32300.0,0.0011130745243555533,94094.99598665627,7990.86105391183,0.0008280484619600599,0.0,0.0
BC,HG,2042-01-01T00:00:00,M,80,108.34783478789177,70000.0,30200.0,0.0015478262112555968,94094.99598665627,7990.86105391183,0.0011514728668807926,0.0,0.0
BC,HG,2042-01-01T00:00:00,M,81,72.63566515757338,70000.0,29100.0,0.0010376523593939055,94094.99598665627,7990.86105391183,0.0007719397232119967,0.0,0.0
BC,HG,2042-01-01T00:00:00,M,82,24.142043590720277,70000.0,27499.999999999996,0.00034488633701028966,94094.99598665627,7990.86105391183,0.00025657096147965074,0.0,0.0
BC,HG,2042-01-01T00:00:00,M,83,-34.77256306927302,70000.0,25599.999999999996,-0.0004967509009896145,94094.99598665627,7990.86105391183,0.0,0.004351541446494121,0.0013583032448934774
BC,HG,2042-01-01T00:00:00,M,84,-73.0683391650673,70000.0,24199.999999999996,-0.0010438334166438185,94094.99598665627,7990.86105391183,0.0,0.009143988197529424,0.003019352858060633
BC,HG,2042-01-01T00:00:00,M,85,-153.3017795959422,70000.0,21900.0,-0.0021900254227991745,94094.99598665627,7990.86105391183,0.0,0.01918463837146751,0.007000081260088685
BC,HG,2042-01-01T00:00:00,M,86,-114.18405416270616,70000.0,20199.999999999996,-0.0016312007737529451,94094.99598665627,7990.86105391183,0.0,0.014289330447913211,0.005652675948648821
BC,HG,2042-01-01T00:00:00,M,87,-197.44452938573158,70000.0,18100.0,-0.0028206361340818798,94094.99598665627,7990.86105391183,0.0,0.024708792713780826,0.010908537535123292
BC,HG,2042-01-01T00:00:00,M,88,-218.8372060332058,70000.0,15699.999999999998,-0.003126245800474369,94094.99598665627,7990.86105391183,0.0,0.027385935577753123,0.013938675543516296
BC,HG,2042-01-01T00:00:00,M,89,-229.48901178389133,70000.0,13699.999999999998,-0.0032784144540555903,94094.99598665627,7990.86105391183,0.0,0.028718934071760356,0.016751022757948274
BC,HG,2042-01-01T00:00:00,M,90,-258.0547999667524,70000.0,11699.999999999998,-0.003686497142382177,94094.99598665627,7990.86105391183,0.0,0.03229374134098162,0.02205596580912414
BC,HG,2042-01-01T00:00:00,M,91,-290.06966097466466,70000.0,9900.0,-0.004143852299638067,94094.99598665627,7990.86105391183,0.0,0.03630017579052567,0.029299965755016633
BC,HG,2042-01-01T00:00:00,M,92,-327.70196011042935,70000.0,8300.0,-0.0046814565730061335,94094.99598665627,7990.86105391183,0.0,0.04100959307132575,0.039482163868726425
BC,HG,2042-01-01T00:00:00,M,93,-221.6802200293423,70000.0,6700.0,-0.0031668602861334616,94094.99598665627,7990.86105391183,0.0,0.027741718762688463,0.03308660000437945
BC,HG,2042-01-01T00:00:00,M,94,-188.59935518734892,70000.0,5499.999999999999,-0.0026942765026764133,94094.99598665627,7990.86105391183,0.0,0.023601881438674543,0.03429079185224526
BC,HG,2042-01-01T00:00:00,M,95,-187.6876205522094,70000.0,4300.0,-0.00268125172217442,94094.99598665627,7990.86105391183,0.0,0.02348778426829599,0.04364828384935102
BC,HG,2042-01-01T00:00:00,M,96,-114.27355105670131,70000.0,2800.0,-0.0016324793008100187,94094.99598665627,7990.86105391183,0.0,0.014300530354079936,0.040811982520250464
BC,HG,2042-01-01T00:00:00,M,97,-123.38019395259903,70000.0,1999.9999999999998,-0.0017625741993228432,94094.99598665627,7990.86105391183,0.0,0.015440162595769294,0.06169009697629952
BC,HG,2042-01-01T00:00:00,M,98,-119.87185607071888,70000.0,1400.0,-0.0017124550867245554,94094.99598665627,7990.86105391183,0.0,0.015001118810849182,0.08562275433622776
BC,HG,2042-01-01T00:00:00,M,99,-17.236574025172217,70000.0,999.9999999999998,-0.00024623677178817454,94094.99598665627,7990.86105391183,0.0,0.002157035882476552,0.01723657402517222
BC,HG,2042-01-01T00:00:00,M,100,911.9726172151219,70000.0,1600.0,0.013028180245930313,94094.99598665627,7990.86105391183,0.009692041618711051,0.0,0.0
BC,HG,2043-01-01T00:00:00,F,1,583.5173212744485,71800.0,34600.0,0.008126982190451928,94421.3671031367,9257.678869939082,0.006179928751053467,0.0,0.0
BC,HG,2043-01-01T00:00:00,F,2,403.6488161147863,71800.0,34100.0,0.005621849806612623,94421.3671031367,9257.678869939082,0.004274973223739492,0.0,0.0
BC,HG,2043-01-01T00:00:00,F,3,402.8843813051062,71800.0,33700.0,0.005611203082243819,94421.3671031367,9257.678869939082,0.004266877229865086,0.0,0.0
BC,HG,2043-01-01T00:00:00,F,4,402.37476518788753,71800.0,33300.0,0.00560410536473381,94421.3671031367,9257.678869939082,0.004261479975696312,0.0,0.0
BC,HG,2043-01-01T00:00:00,F,5,502.1177938226501,71800.0,33100.0,0.00699328403652716,94421.3671031367,9257.678869939082,0.005317840751809764,0.0,0.0
BC,HG,2043-01-01T00:00:00,F,6,501.8709292148269,71800.0,32900.0,0.006989845810791461,94421.3671031367,9257.678869939082,0.005315226252407805,0.0,0.0
BC,HG,2043-01-01T00:00:00,F,7,501.6320058587444,71800.0,32800.0,0.006986518187447693,94421.3671031367,9257.678869939082,0.005312695857398575,0.0,0.0
BC,HG,2043-01-01T00:00:00,F,8,401.3945274422804,71800.0,32600.0,0.005590453028444017,94421.3671031367,9257.678869939082,0.004251098451093555,0.0,0.0
BC,HG,2043-01-01T00:00:00,F,9,401.3901966117155,71800.0,32500.000000000004,0.005590392710469575,94421.3671031367,9257.678869939082,0.0042510525840329765,0.0,0.0
BC,HG,2043-01-01T00:00:00,F,10,501.385865781147,71800.0,32500.000000000004,0.006983090052662215,94421.3671031367,9257.678869939082,0.0053100890313681,0.0,0.0
BC,HG,2043-01-01T00:00:00,F,11,401.38586578114337,71800.0,32399.999999999996,0.005590332392495033,94421.3671031367,9257.678869939082,0.00425100671697232,0.0,0.0
BC,HG,2043-01-01T00:00:00,F,12,401.6168479095868,71800.0,32399.999999999996,0.005593549413782546,94421.3671031367,9257.678869939082,0.0042534530078440795,0.0,0.0
BC,HG,2043-01-01T00:00:00,F,13,501.84205685039706,71800.0,32399.999999999996,0.006989443688724193,94421.3671031367,9257.678869939082,0.005314920470302381,0.0,0.0
BC,HG,2043-01-01T00:00:00,F,14,802.0723197221705,71800.0,32700.000000000004,0.011170923673010731,94421.3671031367,9257.678869939082,0.00849460608684118,0.0,0.0
BC,HG,2043-01-01T00:00:00,F,15,1302.7891014421766,71800.0,33500.0,0.018144695006158448,94421.3671031367,9257.678869939082,0.013797608967249296,0.0,0.0
BC,HG,2043-01-01T00:00:00,F,16,2304.049450505736,71800.0,35300.0,0.032089825215957324,94421.3671031367,9257.678869939082,0.024401780245238525,0.0,0.0
BC,HG,2043-01-01T00:00:00,F,17,1906.0114938698316,71800.0,36600.0,0.026546121084538046,94421.3671031367,9257.678869939082,0.02018623064192547,0.0,0.0
BC,HG,2043-01-01T00:00:00,F,18,2507.7960155649926,71800.0,38499.99999999999,0.03492752110814753,94421.3671031367,9257.678869939082,0.026559624081969928,0.0,0.0
BC,HG,2043-01-01T00:00:00,F,19,5109.849130749979,71800.0,43000.00000000001,0.07116781519150389,94421.3671031367,9257.678869939082,0.054117508436077585,0.0,0.0
BC,HG,2043-01-01T00:00:00,F,20,2912.5490817151294,71800.0,45299.99999999999,0.0405647504417149,94421.3671031367,9257.678869939082,0.030846292222540525,0.0,0.0
BC,HG,2043-01-01T00:00:00,F,21,714.5206850037212,71800.0,45400.0,0.009951541573867982,94421.3671031367,9257.678869939082,0.00756736220757372,0.0,0.0
BC,HG,2043-01-01T00:00:00,F,22,-284.85764697413833,71800.0,43400.0,-0.003967376698804155,94421.3671031367,9257.678869939082,0.0,0.030769877738912408,0.00656354025286033
BC,HG,2043-01-01T00:00:00,F,23,16.015251050921506,71800.0,43500.0,0.00022305363580670621,94421.3671031367,9257.678869939082,0.0001696146914863879,0.0,0.0
BC,HG,2043-01-01T00:00:00,F,24,316.7199140769226,71800.0,43999.99999999999,0.004411140864581094,94421.3671031367,9257.678869939082,0.0033543245961580774,0.0,0.0
BC,HG,2043-01-01T00:00:00,F,25,716.9494781145913,71800.0,45000.0,0.009985368775969238,94421.3671031367,9257.678869939082,0.007593085125864208,0.0,0.0
BC,HG,2043-01-01T00:00:00,F,26,517.2555634981618,71800.0,45600.0,0.007204116483261306,94421.3671031367,9257.678869939082,0.0054781621932370695,0.0,0.0
BC,HG,2043-01-01T00:00:00,F,27,817.7371198108522,71800.0,46300.0,0.011389096376195713,94421.3671031367,9257.678869939082,0.008660509214165855,0.0,0.0
BC,HG,2043-01-01T00:00:00,F,28,818.2244540314568,71800.0,46700.0,0.0113958837608838,94421.3671031367,9257.678869939082,0.008665670484708277,0.0,0.0
BC,HG,2043-01-01T00:00:00,F,29,919.0930102026687,71800.0,47300.0,0.012800738303658339,94421.3671031367,9257.678869939082,0.009733951523903918,0.0,0.0
BC,HG,2043-01-01T00:00:00,F,30,920.0611998337627,71800.0,48000.0,0.012814222838910344,94421.3671031367,9257.678869939082,0.009744205449056647,0.0,0.0
BC,HG,2043-01-01T00:00:00,F,31,921.2604723780896,71800.0,48400.00000000001,0.012830925799137739,94421.3671031367,9257.678869939082,0.009756906732475017,0.0,0.0
BC,HG,2043-01-01T00:00:00,F,32,722.7276618396718,71800.0,48400.00000000001,0.010065844872418827,94421.3671031367,9257.678869939082,0.007654280847789828,0.0,0.0
BC,HG,2043-01-01T00:00:00,F,33,724.4591116739102,71800.0,49100.00000000001,0.010089959772617134,94421.3671031367,9257.678869939082,0.007672618326766883,0.0,0.0
BC,HG,2043-01-01T00:00:00,F,34,826.3148472449393,71800.0,49400.0,0.011508563332102218,94421.3671031367,9257.678869939082,0.008751354408397345,0.0,0.0
BC,HG,2043-01-01T00:00:00,F,35,828.3005861263009,71800.0,49800.0,0.0115362198624833,94421.3671031367,9257.678869939082,0.008772385017699925,0.0,0.0
BC,HG,2043-01-01T00:00:00,F,36,730.5262421303705,71800.0,49300.00000000001,0.010174460196801818,94421.3671031367,9257.678869939082,0.007736874232422571,0.0,0.0
BC,HG,2043-01-01T00:00:00,F,37,732.57582127161,71800.0,48699.99999999999,0.010203005867292619,94421.3671031367,9257.678869939082,0.007758580962626983,0.0,0.0
BC,HG,2043-01-01T00:00:00,F,38,534.8565189582732,71800.0,48299.99999999999,0.007449255138694613,94421.3671031367,9257.678869939082,0.0056645707996797814,0.0,0.0
BC,HG,2043-01-01T00:00:00,F,39,536.5825982234091,71800.0,48299.99999999999,0.00747329523988035,94421.3671031367,9257.678869939082,0.005682851399909288,0.0,0.0
BC,HG,2043-01-01T00:00:00,F,40,437.66757530615723,71800.0,47400.0,0.006095648681144251,94421.3671031367,9257.678869939082,0.004635259885912177,0.0,0.0
BC,HG,2043-01-01T00:00:00,F,41,438.61023599899636,71800.0,46900.0,0.006108777660153153,94421.3671031367,9257.678869939082,0.004645243438594797,0.0,0.0
BC,HG,2043-01-01T00:00:00,F,42,341.5002382155071,71800.0,48600.0,0.004756270727235475,94421.3671031367,9257.678869939082,0.0036167686265597652,0.0,0.0
BC,HG,2043-01-01T00:00:00,F,43,443.87260200671153,71800.0,49800.00000000001,0.006182069665831637,94421.3671031367,9257.678869939082,0.0047009762263012815,0.0,0.0
BC,HG,2043-01-01T00:00:00,F,44,345.84152127416746,71800.0,49900.0,0.004816734279584505,94421.3671031367,9257.678869939082,0.0036627463876518955,0.0,0.0
BC,HG,2043-01-01T00:00:00,F,45,347.9911439574571,71800.0,49900.0,0.004846673314170711,94421.3671031367,9257.678869939082,0.003685512661316855,0.0,0.0
BC,HG,2043-01-01T00:00:00,F,46,350.1936895531544,71800.0,49600.0,0.00487734943667346,94421.3671031367,9257.678869939082,0.0037088394321873877,0.0,0.0
BC,HG,2043-01-01T00:00:00,F,47,253.64842566174048,71800.0,50400.0,0.003532707878297221,94421.3671031367,9257.678869939082,0.0026863456169267243,0.0,0.0
BC,HG,2043-01-01T00:00:00,F,48,256.4587714089139,71800.0,50000.0,0.00357184918396816,94421.3671031367,9257.678869939082,0.002716109491708411,0.0,0.0
BC,HG,2043-01-01T00:00:00,F,49,259.6947566396848,71800.0,49700.00000000001,0.0036169186161515987,94421.3671031367,9257.678869939082,0.002750381238983964,0.0,0.0
BC,HG,2043-01-01T00:00:00,F,50,163.98633739677462,71800.0,49600.0,0.002283932275721095,94421.3671031367,9257.678869939082,0.001736750297394571,0.0,0.0
BC,HG,2043-01-01T00:00:00,F,51,169.13292486896535,71800.0,49700.0,0.002355611766977233,94421.3671031367,9257.678869939082,0.00179125689510745,0.0,0.0
BC,HG,2043-01-01T00:00:00,F,52,174.20862136650976,71800.0,49500.0,0.0024263039187536178,94421.3671031367,9257.678869939082,0.0018450126990453468,0.0,0.0
BC,HG,2043-01-01T00:00:00,F,53,179.5969715031024,71800.0,49299.99999999999,0.002501350578037638,94421.3671031367,9257.678869939082,0.0019020797623797183,0.0,0.0
BC,HG,2043-01-01T00:00:00,F,54,283.8999667466851,71800.0,48200.0,0.003954038534076394,94421.3671031367,9257.678869939082,0.0030067343383895348,0.0,0.0
BC,HG,2043-01-01T00:00:00,F,55,189.13567661485285,71800.0,47200.00000000001,0.002634201624162296,94421.3671031367,9257.678869939082,0.00200310250124063,0.0,0.0
BC,HG,2043-01-01T00:00:00,F,56,294.5747569602536,71800.0,46300.0,0.00410271249248264,94421.3671031367,9257.678869939082,0.003119789153640286,0.0,0.0
BC,HG,2043-01-01T00:00:00,F,57,302.1288383484498,71800.0,46100.0,0.004207922539672003,94421.3671031367,9257.678869939082,0.0031997930936377324,0.0,0.0
BC,HG,2043-01-01T00:00:00,F,58,308.58639446167217,71800.0,45200.0,0.004297860647098499,94421.3671031367,9257.678869939082,0.0032681839283750518,0.0,0.0
BC,HG,2043-01-01T00:00:00,F,59,316.450431028039,71800.0,44600.00000000001,0.004407387618774916,94421.3671031367,9257.678869939082,0.0033514705488470573,0.0,0.0
BC,HG,2043-01-01T00:00:00,F,60,324.75934740942466,71800.0,43800.00000000001,0.004523110688153547,94421.3671031367,9257.678869939082,0.0034394688127602434,0.0,0.0
BC,HG,2043-01-01T00:00:00,F,61,333.6190311874525,71800.0,43100.00000000001,0.004646504612638614,94421.3671031367,9257.678869939082,0.0035333001567647245,0.0,0.0
BC,HG,2043-01-01T00:00:00,F,62,241.2703920025233,71800.0,41600.0,0.003360311866330408,94421.3671031367,9257.678869939082,0.0025552520515720032,0.0,0.0
BC,HG,2043-01-01T00:00:00,F,63,251.13625077343022,71800.0,40700.0,0.003497719370103485,94421.3671031367,9257.678869939082,0.0026597396169779396,0.0,0.0
BC,HG,2043-01-01T00:00:00,F,64,358.19964481217903,71800.0,39000.00000000001,0.004988852991813078,94421.3671031367,9257.678869939082,0.0037936290884341534,0.0,0.0
BC,HG,2043-01-01T00:00:00,F,65,268.0104700267184,71800.0,37700.0,0.003732736351347053,94421.3671031367,9257.678869939082,0.0028384514887818757,0.0,0.0
BC,HG,2043-01-01T00:00:00,F,66,82.39179007238272,71800.0,37099.99999999999,0.001147517967581932,94421.3671031367,9257.678869939082,0.0008725968771706721,0.0,0.0
BC,HG,2043-01-01T00:00:00,F,67,199.9143396778236,71800.0,37100.00000000001,0.002784322279635426,94421.3671031367,9257.678869939082,0.0021172574154688594,0.0,0.0
BC,HG,2043-01-01T00:00:00,F,68,215.93339648785332,71800.0,36400.0,0.0030074289204436396,94421.3671031367,9257.678869939082,0.002286912413076891,0.0,0.0
BC,HG,2043-01-01T00:00:00,F,69,335.49259049849206,71800.0,36100.0,0.004672598753460893,94421.3671031367,9257.678869939082,0.003553142692077659,0.0,0.0
BC,HG,2043-01-01T00:00:00,F,70,259.7865359300049,71800.0,36000.0,0.0036181968792479793,94421.3671031367,9257.678869939082,0.002751353257216022,0.0,0.0
BC,HG,2043-01-01T00:00:00,F,71,288.5631657468766,71800.0,36199.99999999999,0.004018985595360398,94421.3671031367,9257.678869939082,0.0030561214542856423,0.0,0.0
BC,HG,2043-01-01T00:00:00,F,72,135.2105746403904,71800.0,37800.0,0.0018831556356600336,94421.3671031367,9257.678869939082,0.001431991283209229,0.0,0.0
BC,HG,2043-01-01T00:00:00,F,73,168.46731681052916,71800.0,37500.0,0.0023463414597566733,94421.3671031367,9257.678869939082,0.0017842075578773592,0.0,0.0
BC,HG,2043-01-01T00:00:00,F,74,103.36528809718584,71800.0,36900.00000000001,0.0014396279679273795,94421.3671031367,9257.678869939082,0.0010947234854615023,0.0,0.0
BC,HG,2043-01-01T00:00:00,F,75,129.99368318434426,71800.0,35400.00000000001,0.0018104969802833462,94421.3671031367,9257.678869939082,0.001376740108437022,0.0,0.0
BC,HG,2043-01-01T00:00:00,F,76,62.31294253908709,71800.0,34100.00000000001,0.0008678682804886781,94421.3671031367,9257.678869939082,0.0006599453540110525,0.0,0.0
BC,HG,2043-01-01T00:00:00,F,77,-73.13205443516927,71800.0,34700.0,-0.001018552290183416,94421.3671031367,9257.678869939082,0.0,0.007899610200634503,0.0021075520010135234
BC,HG,2043-01-01T00:00:00,F,78,-0.6121233241065056,71800.0,35400.00000000001,-8.52539448616303e-06,94421.3671031367,9257.678869939082,0.0,6.61206046036174e-05,1.7291619325042528e-05
BC,HG,2043-01-01T00:00:00,F,79,88.04473971770494,71800.0,36400.0,0.001226249856792548,94421.3671031367,9257.678869939082,0.0009324662671059766,0.0,0.0
BC,HG,2043-01-01T00:00:00,F,80,55.095071779345744,71800.0,35600.0,0.000767340832581417,94421.3671031367,9257.678869939082,0.0005835021613186902,0.0,0.0
BC,HG,2043-01-01T00:00:00,F,81,-200.64358462858945,71800.0,33299.99999999999,-0.0027944788945485997,94421.3671031367,9257.678869939082,0.0,0.021673206367106332,0.006025332871729414
BC,HG,2043-01-01T00:00:00,F,82,-226.77946024145058,71800.0,32300.000000000007,-0.003158488304198476,94421.3671031367,9257.678869939082,0.0,0.02449636279541233,0.007021035920787942
BC,HG,2043-01-01T00:00:00,F,83,-160.2748511016398,71800.0,30899.999999999996,-0.0022322402660395514,94421.3671031367,9257.678869939082,0.0,0.017312638875612074,0.005186888385166337
BC,HG,2043-01-01T00:00:00,F,84,-102.1760300766,71800.0,29100.000000000004,-0.001423064485746518,94421.3671031367,9257.678869939082,0.0,0.01103689504810749,0.0035112037827010304
BC,HG,2043-01-01T00:00:00,F,85,-231.7161414214279,71800.0,27400.000000000004,-0.003227244309490639,94421.3671031367,9257.678869939082,0.0,0.025029615379492273,0.008456793482533864
BC,HG,2043-01-01T00:00:00,F,86,-182.63051653725051,71800.0,25300.000000000004,-0.0025436005088753555,94421.3671031367,9257.678869939082,0.0,0.01972746290976631,0.007218597491590929
BC,HG,2043-01-01T00:00:00,F,87,-27.399959203827166,71800.0,23499.999999999996,-0.0003816150306939717,94421.3671031367,9257.678869939082,0.0,0.0029597007617966193,0.0011659557108011562
BC,HG,2043-01-01T00:00:00,F,88,-363.85166392088286,71800.0,21400.0,-0.005067571920903661,94421.3671031367,9257.678869939082,0.0,0.03930268796667356,0.017002414201910412
BC,HG,2043-01-01T00:00:00,F,89,-350.7459843119723,71800.0,18900.0,-0.004885041564233597,94421.3671031367,9257.678869939082,0.0,0.03788703294201436,0.018557988587935042
BC,HG,2043-01-01T00:00:00,F,90,-361.0700672309613,71800.0,16300.0,-0.005028831019929823,94421.3671031367,9257.678869939082,0.0,0.03900222424039831,0.02215153786693014
BC,HG,2043-01-01T00:00:00,F,91,-371.49054572070236,71800.0,14000.000000000002,-0.00517396303232176,94421.3671031367,9257.678869939082,0.0,0.040127828037650096,0.026535038980050166
BC,HG,2043-01-01T00:00:00,F,92,-391.9785143908339,71800.0,11899.999999999998,-0.005459310785387659,94421.3671031367,9257.678869939082,0.0,0.04234090638676617,0.032939370957212936
BC,HG,2043-01-01T00:00:00,F,93,-315.89402482708465,71800.0,10200.0,-0.0043996382287894795,94421.3671031367,9257.678869939082,0.0,0.03412237875876584,0.030970002434027907
BC,HG,2043-01-01T00:00:00,F,94,-305.99438805467435,71800.0,8200.0,-0.0042617602793130135,94421.3671031367,9257.678869939082,0.0,0.03305303546964444,0.03731638878715541
BC,HG,2043-01-01T00:00:00,F,95,-365.37840510609567,71800.0,6700.000000000001,-0.005088835725711639,94421.3671031367,9257.678869939082,0.0,0.03946760416291043,0.05453409031434263
BC,HG,2043-01-01T00:00:00,F,96,-265.1497199080586,71800.0,5400.000000000001,-0.0036928930349311787,94421.3671031367,9257.678869939082,0.0,0.02864105826451111,0.04910179998297381
BC,HG,2043-01-01T00:00:00,F,97,-208.9940247744662,71800.0,3500.0,-0.0029107802893379693,94421.3671031367,9257.678869939082,0.0,0.022575207858321556,0.05971257850699034
BC,HG,2043-01-01T00:00:00,F,98,-144.86979311727964,71800.0,2500.0,-0.002017685140909187,94421.3671031367,9257.678869939082,0.0,0.015648608593207006,0.057947917246911854
BC,HG,2043-01-01T00:00:00,F,99,-141.90687174673758,71800.0,1800.0000000000002,-0.001976418826556234,94421.3671031367,9257.678869939082,0.0,0.015328558458376444,0.07883715097040976
BC,HG,2043-01-01T00:00:00,F,100,2055.5293650796184,71800.0,3400.0000000000005,0.028628542689131176,94421.3671031367,9257.678869939082,0.021769747972769326,0.0,0.0
BC,HG,2043-01-01T00:00:00,M,1,587.0140077244869,71800.0,36400.0,0.008175682558836864,94421.3671031367,9257.678869939082,0.006216961538835696,0.0,0.0
BC,HG,2043-01-01T00:00:00,M,2,505.53752317168255,71800.0,36000.0,0.007040912578992793,94421.3671031367,9257.678869939082,0.005354058500545567,0.0,0.0
BC,HG,2043-01-01T00:00:00,M,3,503.81955025557545,71800.0,35700.0,0.0070169853796041145,94421.3671031367,9257.678869939082,0.005335863753224967,0.0,0.0
BC,HG,2043-01-01T00:00:00,M,4,502.6035187244415,71800.0,35400.0,0.007000049007304199,94421.3671031367,9257.678869939082,0.005322984978341252,0.0,0.0
BC,HG,2043-01-01T00:00:00,M,5,602.1179308771607,71800.0,35300.0,0.008386043605531485,94421.3671031367,9257.678869939082,0.006376924517725588,0.0,0.0
BC,HG,2043-01-01T00:00:00,M,6,701.6425217946016,71800.0,35300.0,0.009772179969284145,94421.3671031367,9257.678869939082,0.007430971858606916,0.0,0.0
BC,HG,2043-01-01T00:00:00,M,7,701.4078712926348,71800.0,35300.0,0.009768911856443381,94421.3671031367,9257.678869939082,0.007428486716639945,0.0,0.0
BC,HG,2043-01-01T00:00:00,M,8,601.4078712926348,71800.0,35200.0,0.00837615419627625,94421.3671031367,9257.678869939082,0.006369404402244203,0.0,0.0
BC,HG,2043-01-01T00:00:00,M,9,601.4078712926348,71800.0,35200.0,0.00837615419627625,94421.3671031367,9257.678869939082,0.006369404402244203,0.0,0.0
BC,HG,2043-01-01T00:00:00,M,10,701.4078712926348,71800.0,35300.0,0.009768911856443381,94421.3671031367,9257.678869939082,0.007428486716639945,0.0,0.0
BC,HG,2043-01-01T00:00:00,M,11,501.4160092769962,71800.0,35300.00000000001,0.006983509878509696,94421.3671031367,9257.678869939082,0.00531040827580158,0.0,0.0
BC,HG,2043-01-01T00:00:00,M,12,501.8880245226901,71800.0,35300.00000000001,0.006990083907001255,94421.3671031367,9257.678869939082,0.005315407305789976,0.0,0.0
BC,HG,2043-01-01T00:00:00,M,13,602.1240344243488,71800.0,35400.0,0.00838612861315249,94421.3671031367,9257.678869939082,0.0063769891593144085,0.0,0.0
BC,HG,2043-01-01T00:00:00,M,14,902.8320732448119,71800.0,35700.0,0.01257426285856284,94421.3671031367,9257.678869939082,0.009561734816428216,0.0,0.0
BC,HG,2043-01-01T00:00:00,M,15,1403.8086992605313,71800.0,36500.0,0.01955165319304361,94421.3671031367,9257.678869939082,0.014867489661817198,0.0,0.0
BC,HG,2043-01-01T00:00:00,M,16,2005.8434112941613,71800.0,37900.0,0.02793653776175712,94421.3671031367,9257.678869939082,0.021243532823488707,0.0,0.0
BC,HG,2043-01-01T00:00:00,M,17,1808.601268266364,71800.0,39100.0,0.025189432705659667,94421.3671031367,9257.678869939082,0.019154576170146154,0.0,0.0
BC,HG,2043-01-01T00:00:00,M,18,2711.750689888373,71800.0,41200.00000000001,0.037768115458055335,94421.3671031367,9257.678869939082,0.028719671967112285,0.0,0.0
BC,HG,2043-01-01T00:00:00,M,19,5415.65801758763,71800.0,45899.99999999999,0.0754269918884071,94421.3671031367,9257.678869939082,0.057356276272425635,0.0,0.0
BC,HG,2043-01-01T00:00:00,M,20,3521.154910865691,71800.0,48700.00000000001,0.04904115474743302,94421.3671031367,9257.678869939082,0.03729192892345569,0.0,0.0
BC,HG,2043-01-01T00:00:00,M,21,1126.3734355914494,71800.0,49100.0,0.015687652306287596,94421.3671031367,9257.678869939082,0.011929221850400755,0.0,0.0
BC,HG,2043-01-01T00:00:00,M,22,-70.15982823303784,71800.0,47200.0,-0.000977156382075736,94421.3671031367,9257.678869939082,0.0,0.0075785549724408955,0.0014864370388355476
BC,HG,2043-01-01T00:00:00,M,23,-266.48806085946126,71800.0,47200.0,-0.0037115328810509926,94421.3671031367,9257.678869939082,0.0,0.028785623761997572,0.005645933492785196
BC,HG,2043-01-01T00:00:00,M,24,-163.81691135657456,71800.0,47000.00000000001,-0.002281572581567891,94421.3671031367,9257.678869939082,0.0,0.017695246687429386,0.003485466199076054
BC,HG,2043-01-01T00:00:00,M,25,138.10505069826468,71800.0,47300.0,0.001923468672677781,94421.3671031367,9257.678869939082,0.0014626461672325945,0.0,0.0
BC,HG,2043-01-01T00:00:00,M,26,240.36629961425933,71800.0,47800.0,0.003347720050337874,94421.3671031367,9257.678869939082,0.0025456769689821013,0.0,0.0
BC,HG,2043-01-01T00:00:00,M,27,642.6277731548325,71800.0,48200.0,0.008950247536975384,94421.3671031367,9257.678869939082,0.00680595709287802,0.0,0.0
BC,HG,2043-01-01T00:00:00,M,28,645.5494861200423,71800.0,48900.0,0.008990939918106438,94421.3671031367,9257.678869939082,0.006836900438169964,0.0,0.0
BC,HG,2043-01-01T00:00:00,M,29,748.3997245546343,71800.0,48900.0,0.010423394492404377,94421.3671031367,9257.678869939082,0.007926169123744579,0.0,0.0
BC,HG,2043-01-01T00:00:00,M,30,652.1004503371369,71800.0,49200.0,0.009082178974054831,94421.3671031367,9257.678869939082,0.0069062805416156055,0.0,0.0
BC,HG,2043-01-01T00:00:00,M,31,755.9442637884422,71800.0,49199.99999999999,0.01052847164050755,94421.3671031367,9257.678869939082,0.008006072004472488,0.0,0.0
BC,HG,2043-01-01T00:00:00,M,32,659.7720891295612,71800.0,48999.99999999999,0.009189026310996674,94421.3671031367,9257.678869939082,0.006987529511290495,0.0,0.0
BC,HG,2043-01-01T00:00:00,M,33,664.0417570334175,71800.0,49499.99999999999,0.00924849243779133,94421.3671031367,9257.678869939082,0.007032748808943669,0.0,0.0
BC,HG,2043-01-01T00:00:00,M,34,767.8326374001044,71800.0,49700.0,0.010694047874653265,94421.3671031367,9257.678869939082,0.008131979666862892,0.0,0.0
BC,HG,2043-01-01T00:00:00,M,35,870.3506906580806,71800.0,49700.0,0.012121875914457946,94421.3671031367,9257.678869939082,0.009217730237980925,0.0,0.0
BC,HG,2043-01-01T00:00:00,M,36,771.932128760578,71800.0,49099.99999999999,0.01075114385460415,94421.3671031367,9257.678869939082,0.00817539665484185,0.0,0.0
BC,HG,2043-01-01T00:00:00,M,37,672.9881311663557,71800.0,48400.0,0.009373093748835038,94421.3671031367,9257.678869939082,0.007127498275165293,0.0,0.0
BC,HG,2043-01-01T00:00:00,M,38,674.9527000469461,71800.0,48000.0,0.00940045543240872,94421.3671031367,9257.678869939082,0.007148304676733748,0.0,0.0
BC,HG,2043-01-01T00:00:00,M,39,478.01436621136236,71800.0,47900.0,0.0066575817021081105,94421.3671031367,9257.678869939082,0.0050625656128154345,0.0,0.0
BC,HG,2043-01-01T00:00:00,M,40,480.0434854840132,71800.0,47200.0,0.0066858424162118835,94421.3671031367,9257.678869939082,0.005084055656170075,0.0,0.0
BC,HG,2043-01-01T00:00:00,M,41,482.29087115021684,71800.0,46499.99999999999,0.006717143052231433,94421.3671031367,9257.678869939082,0.005107857320297103,0.0,0.0
BC,HG,2043-01-01T00:00:00,M,42,489.7341530766207,71800.0,48300.0,0.006820809931429258,94421.3671031367,9257.678869939082,0.005186687802790261,0.0,0.0
BC,HG,2043-01-01T00:00:00,M,43,397.63655192386796,71800.0,49899.99999999999,0.0055381135365441215,94421.3671031367,9257.678869939082,0.004211298396998728,0.0,0.0
BC,HG,2043-01-01T00:00:00,M,44,503.7268790911112,71800.0,50500.0,0.007015694694862273,94421.3671031367,9257.678869939082,0.005334882289311582,0.0,0.0
BC,HG,2043-01-01T00:00:00,M,45,309.2679252583257,71800.0,50500.0,0.004307352719475289,94421.3671031367,9257.678869939082,0.0032754019005095695,0.0,0.0
BC,HG,2043-01-01T00:00:00,M,46,415.9942285722791,71800.0,51000.0,0.0057937914842935805,94421.3671031367,9257.678869939082,0.004405721303716007,0.0,0.0
BC,HG,2043-01-01T00:00:00,M,47,323.16093060515414,71800.0,51300.0,0.004500848615670671,94421.3671031367,9257.678869939082,0.0034225402630758844,0.0,0.0
BC,HG,2043-01-01T00:00:00,M,48,330.01452107068326,71800.0,51400.0,0.004596302521875812,94421.3671031367,9257.678869939082,0.003495125427597416,0.0,0.0
BC,HG,2043-01-01T00:00:00,M,49,236.51946095027233,71800.0,50999.99999999999,0.0032941429101709238,94421.3671031367,9257.678869939082,0.002504935781028478,0.0,0.0
BC,HG,2043-01-01T00:00:00,M,50,143.0006169083499,71800.0,50500.0,0.001991652046077297,94421.3671031367,9257.678869939082,0.0015144942431531412,0.0,0.0
BC,HG,2043-01-01T00:00:00,M,51,150.34409574822348,71800.0,50200.0,0.002093928910142388,94421.3671031367,9257.678869939082,0.0015922677288076356,0.0,0.0
BC,HG,2043-01-01T00:00:00,M,52,158.26974113605684,71800.0,49900.0,0.0022043139433991204,94421.3671031367,9257.678869939082,0.0016762068374119006,0.0,0.0
BC,HG,2043-01-01T00:00:00,M,53,166.42940550794447,71800.0,49500.00000000001,0.0023179582939825134,94421.3671031367,9257.678869939082,0.001762624399688613,0.0,0.0
BC,HG,2043-01-01T00:00:00,M,54,171.89688532929722,71800.0,48200.0,0.0023941070380124963,94421.3671031367,9257.678869939082,0.0018205295115197159,0.0,0.0
BC,HG,2043-01-01T00:00:00,M,55,276.2134530008334,71800.0,46499.99999999999,0.003846984025081245,94421.3671031367,9257.678869939082,0.0029253278307136217,0.0,0.0
BC,HG,2043-01-01T00:00:00,M,56,184.34930077687022,71800.0,45600.0,0.002567539008034404,94421.3671031367,9257.678869939082,0.001952410841240045,0.0,0.0
BC,HG,2043-01-01T00:00:00,M,57,195.59575179739477,71800.0,45400.0,0.002724174816119704,94421.3671031367,9257.678869939082,0.0020715200149955997,0.0,0.0
BC,HG,2043-01-01T00:00:00,M,58,303.82945027863025,71800.0,44400.0,0.004231607942599307,94421.3671031367,9257.678869939082,0.003217803973826778,0.0,0.0
BC,HG,2043-01-01T00:00:00,M,59,212.59972322545946,71800.0,43200.0,0.0029609989307167054,94421.3671031367,9257.678869939082,0.002251606069135138,0.0,0.0
BC,HG,2043-01-01T00:00:00,M,60,320.52165571280057,71800.0,41899.99999999999,0.004464089912434548,94421.3671031367,9257.678869939082,0.0033945881694626805,0.0,0.0
BC,HG,2043-01-01T00:00:00,M,61,230.25520432149642,71800.0,40699.99999999999,0.00320689699612112,94421.3671031367,9257.678869939082,0.002438592146944749,0.0,0.0
BC,HG,2043-01-01T00:00:00,M,62,239.5589291677461,71800.0,39400.0,0.003336475336598135,94421.3671031367,9257.678869939082,0.0025371262513714217,0.0,0.0
BC,HG,2043-01-01T00:00:00,M,63,348.02087617657526,71800.0,38000.0,0.004847087411930018,94421.3671031367,9257.678869939082,0.003685827549991213,0.0,0.0
BC,HG,2043-01-01T00:00:00,M,64,255.17965722217195,71800.0,36199.99999999999,0.0035540342231500273,94421.3671031367,9257.678869939082,0.0027025626195757,0.0,0.0
BC,HG,2043-01-01T00:00:00,M,65,365.5583550652591,71800.0,35000.0,0.005091341992552355,94421.3671031367,9257.678869939082,0.0038715638872921505,0.0,0.0
BC,HG,2043-01-01T00:00:00,M,66,283.7298577858237,71800.0,34500.0,0.003951669328493366,94421.3671031367,9257.678869939082,0.003004932744469849,0.0,0.0
BC,HG,2043-01-01T00:00:00,M,67,301.97208535876416,71800.0,33899.99999999999,0.004205739350400615,94421.3671031367,9257.678869939082,0.003198132950446685,0.0,0.0
BC,HG,2043-01-01T00:00:00,M,68,323.6196066341581,71800.0,33500.0,0.004507236861199974,94421.3671031367,9257.678869939082,0.0034273980197794384,0.0,0.0
BC,HG,2043-01-01T00:00:00,M,69,345.0787721012857,71800.0,32899.99999999999,0.004806111032051333,94421.3671031367,9257.678869939082,0.0036546682460587053,0.0,0.0
BC,HG,2043-01-01T00:00:00,M,70,273.0058935583802,71800.0,32600.0,0.003802310495242064,94421.3671031367,9257.678869939082,0.002891357135934869,0.0,0.0
BC,HG,2043-01-01T00:00:00,M,71,209.92454670019652,71800.0,32800.0,0.002923740204738113,94421.3671031367,9257.678869939082,0.002223273747677212,0.0,0.0
BC,HG,2043-01-01T00:00:00,M,72,263.5722629774755,71800.0,34000.0,0.0036709228826946444,94421.3671031367,9257.678869939082,0.0027914472228470787,0.0,0.0
BC,HG,2043-01-01T00:00:00,M,73,201.91153207902244,71800.0,33599.99999999999,0.0028121383297913987,94421.3671031367,9257.678869939082,0.002138409326974412,0.0,0.0
BC,HG,2043-01-01T00:00:00,M,74,134.6868787326748,71800.0,32599.999999999996,0.001875861820789343,94421.3671031367,9257.678869939082,0.0014264449124693989,0.0,0.0
BC,HG,2043-01-01T00:00:00,M,75,164.76990138068868,71800.0,31399.999999999996,0.002294845423129369,94421.3671031367,9257.678869939082,0.0017450488849701795,0.0,0.0
BC,HG,2043-01-01T00:00:00,M,76,104.26590946922443,71800.0,30499.999999999996,0.001452171441075549,94421.3671031367,9257.678869939082,0.0011042618071324312,0.0,0.0
BC,HG,2043-01-01T00:00:00,M,77,174.99240792089768,71800.0,31000.0,0.0024372201660292155,94421.3671031367,9257.678869939082,0.001853313643825481,0.0,0.0
BC,HG,2043-01-01T00:00:00,M,78,64.52809239220733,71800.0,31699.999999999996,0.0008987199497521911,94421.3671031367,9257.678869939082,0.0006834056143428122,0.0,0.0
BC,HG,2043-01-01T00:00:00,M,79,151.06020054310648,71800.0,32000.0,0.0021039025145279454,94421.3671031367,9257.678869939082,0.0015998518680427813,0.0,0.0
BC,HG,2043-01-01T00:00:00,M,80,28.76144455534086,71800.0,31399.999999999996,0.000400577222219232,94421.3671031367,9257.678869939082,0.0003046073726503521,0.0,0.0
BC,HG,2043-01-01T00:00:00,M,81,-39.11123638229401,71800.0,29200.0,-0.0005447247407004736,94421.3671031367,9257.678869939082,0.0,0.004224734615638204,0.0013394259035032195
BC,HG,2043-01-01T00:00:00,M,82,-73.69858765064419,71800.0,27999.999999999996,-0.001026442724939334,94421.3671031367,9257.678869939082,0.0,0.007960806232969835,0.0026320924160944353
BC,HG,2043-01-01T00:00:00,M,83,-23.1294773849404,71800.0,26400.0,-0.00032213756803538165,94421.3671031367,9257.678869939082,0.0,0.0024984099913040727,0.0008761165676113788
BC,HG,2043-01-01T00:00:00,M,84,-85.08716013024969,71800.0,24399.999999999996,-0.0011850579405327255,94421.3671031367,9257.678869939082,0.0,0.009190982029689865,0.0034871786938626926
BC,HG,2043-01-01T00:00:00,M,85,-125.76261825045367,71800.0,22900.0,-0.0017515684993099398,94421.3671031367,9257.678869939082,0.0,0.013584681432277984,0.005491817390849505
BC,HG,2043-01-01T00:00:00,M,86,-114.09415411782174,71800.0,20599.999999999996,-0.0015890550712788544,94421.3671031367,9257.678869939082,0.0,0.01232427217672247,0.0055385511707680465
BC,HG,2043-01-01T00:00:00,M,87,-276.7826738283402,71800.0,18700.0,-0.0038549118917596127,94421.3671031367,9257.678869939082,0.0,0.029897631762437826,0.014801212504189315
BC,HG,2043-01-01T00:00:00,M,88,-272.1766410814744,71800.0,16600.0,-0.0037907610178478323,94421.3671031367,9257.678869939082,0.0,0.029400095305235553,0.01639618319767918
BC,HG,2043-01-01T00:00:00,M,89,-304.60209572172243,71800.0,14199.999999999998,-0.004242369021193906,94421.3671031367,9257.678869939082,0.0,0.03290264222825941,0.021450851811388907
BC,HG,2043-01-01T00:00:00,M,90,-326.7526375910984,71800.0,12200.0,-0.004550872389848167,94421.3671031367,9257.678869939082,0.0,0.035295309135436506,0.026783003081237572
BC,HG,2043-01-01T00:00:00,M,91,-370.7485125317835,71800.0,10200.0,-0.00516362830824211,94421.3671031367,9257.678869939082,0.0,0.04004767477252353,0.03634789338546897
BC,HG,2043-01-01T00:00:00,M,92,-324.35335027193105,71800.0,8500.0,-0.004517456131921045,94421.3671031367,9257.678869939082,0.0,0.035036141869767126,0.038159217679050714
BC,HG,2043-01-01T00:00:00,M,93,-189.5059536427798,71800.0,7099.999999999999,-0.0026393586858325874,94421.3671031367,9257.678869939082,0.0,0.020470136878276358,0.026690979386307014
BC,HG,2043-01-01T00:00:00,M,94,-290.1674532047509,71800.0,5499.999999999999,-0.004041329431821044,94421.3671031367,9257.678869939082,0.0,0.03134343470769583,0.05275771876450018
BC,HG,2043-01-01T00:00:00,M,95,-270.80195880249994,71800.0,4400.0,-0.003771615025104456,94421.3671031367,9257.678869939082,0.0,0.029251604274353263,0.06154589972784089
BC,HG,2043-01-01T00:00:00,M,96,-191.95376291146385,71800.0,3399.9999999999995,-0.002673450736928466,94421.3671031367,9257.678869939082,0.0,0.020734545409083406,0.05645698909160703
BC,HG,2043-01-01T00:00:00,M,97,-194.80745186812055,71800.0,2100.0,-0.0027131957084696456,94421.3671031367,9257.678869939082,0.0,0.021042796429317324,0.0927654532705336
BC,HG,2043-01-01T00:00:00,M,98,-106.04463163024684,71800.0,1500.0,-0.0014769447302262792,94421.3671031367,9257.678869939082,0.0,0.011454775340564891,0.07069642108683123
BC,HG,2043-01-01T00:00:00,M,99,-100.08734143344316,71800.0,999.9999999999999,-0.0013939741146719103,94421.3671031367,9257.678869939082,0.0,0.010811278165895352,0.10008734143344317
BC,HG,2043-01-01T00:00:00,M,100,932.0466237887142,71800.0,1700.0,0.012981150749146438,94421.3671031367,9257.678869939082,0.00987114095446889,0.0,0.0
