province,projection_scenario,timepoint,sex,age,delta_n,n_birth,n,prop_migrants_birth,n_immigrants_timepoint,n_emigrants_timepoint,prop_immigrants_timepoint,prop_emigrants_timepoint,prob_emigration
BC,SA,2023-01-01T00:00:00,F,1,376.61400000000503,48000.0,22900.0,0.007846125000000105,124651.02199999997,1574.2230000000218,0.0030213470692603316,0.0,0.0
BC,SA,2023-01-01T00:00:00,F,2,403.1650000000045,48000.0,21500.000000000004,0.008399270833333427,124651.02199999997,1574.2230000000218,0.0032343497352152043,0.0,0.0
BC,SA,2023-01-01T00:00:00,F,3,402.56799999999566,48000.0,21800.0,0.008386833333333243,124651.02199999997,1574.2230000000218,0.003229560364134004,0.0,0.0
BC,SA,2023-01-01T00:00:00,F,4,502.20000000000437,48000.0,22500.0,0.010462500000000092,124651.02199999997,1574.2230000000218,0.004028847834075556,0.0,0.0
BC,SA,2023-01-01T00:00:00,F,5,502.06100000000515,48000.0,23400.000000000004,0.010459604166666773,124651.02199999997,1574.2230000000218,0.004027732720875769,0.0,0.0
BC,SA,2023-01-01T00:00:00,F,6,601.880000000001,48000.0,24100.0,0.012539166666666688,124651.02199999997,1574.2230000000218,0.004828520379078811,0.0,0.0
BC,SA,2023-01-01T00:00:00,F,7,501.66599999999744,48000.0,24299.999999999996,0.010451374999999947,124651.02199999997,1574.2230000000218,0.004024563874012983,0.0,0.0
BC,SA,2023-01-01T00:00:00,F,8,501.4459999999999,48000.0,24600.0,0.010446791666666665,124651.02199999997,1574.2230000000218,0.004022798946646423,0.0,0.0
BC,SA,2023-01-01T00:00:00,F,9,501.46399999999994,48000.0,24900.0,0.010447166666666665,124651.02199999997,1574.2230000000218,0.004022943349794597,0.0,0.0
BC,SA,2023-01-01T00:00:00,F,10,501.48799999999756,48000.0,25300.0,0.010447666666666616,124651.02199999997,1574.2230000000218,0.0040231358873254785,0.0,0.0
BC,SA,2023-01-01T00:00:00,F,11,501.48799999999756,48000.0,25300.000000000004,0.010447666666666616,124651.02199999997,1574.2230000000218,0.0040231358873254785,0.0,0.0
BC,SA,2023-01-01T00:00:00,F,12,501.7220000000016,48000.0,25100.0,0.0104525416666667,124651.02199999997,1574.2230000000218,0.004025013128251782,0.0,0.0
BC,SA,2023-01-01T00:00:00,F,13,502.00800000000163,48000.0,25600.000000000004,0.010458500000000034,124651.02199999997,1574.2230000000218,0.0040273075338283365,0.0,0.0
BC,SA,2023-01-01T00:00:00,F,14,602.2860000000001,48000.0,26000.0,0.012547625000000001,124651.02199999997,1574.2230000000218,0.004831777472309856,0.0,0.0
BC,SA,2023-01-01T00:00:00,F,15,1103.083999999999,48000.0,26800.0,0.022980916666666643,124651.02199999997,1574.2230000000218,0.008849377905621979,0.0,0.0
BC,SA,2023-01-01T00:00:00,F,16,1904.3520000000026,48000.0,27500.000000000004,0.039674000000000056,124651.02199999997,1574.2230000000218,0.015277468001826756,0.0,0.0
BC,SA,2023-01-01T00:00:00,F,17,1706.2640000000029,48000.0,27800.0,0.03554716666666673,124651.02199999997,1574.2230000000218,0.013688327400957878,0.0,0.0
BC,SA,2023-01-01T00:00:00,F,18,2308.0099999999984,48000.0,29000.0,0.04808354166666663,124651.02199999997,1574.2230000000218,0.018515772778822454,0.0,0.0
BC,SA,2023-01-01T00:00:00,F,19,4110.079999999998,48000.0,32100.0,0.08562666666666663,124651.02199999997,1574.2230000000218,0.03297269395833753,0.0,0.0
BC,SA,2023-01-01T00:00:00,F,20,3012.217999999997,48000.0,32800.0,0.06275454166666661,124651.02199999997,1574.2230000000218,0.02416520901048046,0.0,0.0
BC,SA,2023-01-01T00:00:00,F,21,1813.8150000000023,48000.0,32500.000000000004,0.037787812500000045,124651.02199999997,1574.2230000000218,0.014551144233699125,0.0,0.0
BC,SA,2023-01-01T00:00:00,F,22,1115.984000000004,48000.0,34400.0,0.023249666666666752,124651.02199999997,1574.2230000000218,0.00895286682848059,0.0,0.0
BC,SA,2023-01-01T00:00:00,F,23,1317.492999999995,48000.0,35599.99999999999,0.02744777083333323,124651.02199999997,1574.2230000000218,0.010569452049899722,0.0,0.0
BC,SA,2023-01-01T00:00:00,F,24,1518.2850000000035,48000.0,36000.0,0.031630937500000074,124651.02199999997,1574.2230000000218,0.012180285212583367,0.0,0.0
BC,SA,2023-01-01T00:00:00,F,25,1818.3910000000033,48000.0,36500.0,0.0378831458333334,124651.02199999997,1574.2230000000218,0.014587854722924003,0.0,0.0
BC,SA,2023-01-01T00:00:00,F,26,1818.3910000000033,48000.0,36500.0,0.0378831458333334,124651.02199999997,1574.2230000000218,0.014587854722924003,0.0,0.0
BC,SA,2023-01-01T00:00:00,F,27,1919.5480000000025,48000.0,38100.0,0.039990583333333385,124651.02199999997,1574.2230000000218,0.015399376348474728,0.0,0.0
BC,SA,2023-01-01T00:00:00,F,28,2020.0199999999968,48000.0,38400.0,0.042083749999999934,124651.02199999997,1574.2230000000218,0.016205402631997653,0.0,0.0
BC,SA,2023-01-01T00:00:00,F,29,1921.1469999999972,48000.0,39000.0,0.040023895833333274,124651.02199999997,1574.2230000000218,0.015412204161470875,0.0,0.0
BC,SA,2023-01-01T00:00:00,F,30,1822.4199999999983,48000.0,39800.0,0.0379670833333333,124651.02199999997,1574.2230000000218,0.014620176960923744,0.0,0.0
BC,SA,2023-01-01T00:00:00,F,31,1724.3039999999964,48000.0,40900.0,0.03592299999999993,124651.02199999997,1574.2230000000218,0.013833051445017409,0.0,0.0
BC,SA,2023-01-01T00:00:00,F,32,1426.2679999999964,48000.0,41200.0,0.02971391666666659,124651.02199999997,1574.2230000000218,0.011442088296716868,0.0,0.0
BC,SA,2023-01-01T00:00:00,F,33,1328.2099999999991,48000.0,41600.0,0.02767104166666665,124651.02199999997,1574.2230000000218,0.010655428079843578,0.0,0.0
BC,SA,2023-01-01T00:00:00,F,34,1329.925000000003,48000.0,41200.0,0.027706770833333394,124651.02199999997,1574.2230000000218,0.010669186490905813,0.0,0.0
BC,SA,2023-01-01T00:00:00,F,35,1131.760000000002,48000.0,40800.0,0.023578333333333375,124651.02199999997,1574.2230000000218,0.009079428165458621,0.0,0.0
BC,SA,2023-01-01T00:00:00,F,36,1134.0169999999925,48000.0,40200.0,0.02362535416666651,124651.02199999997,1574.2230000000218,0.009097534715760235,0.0,0.0
BC,SA,2023-01-01T00:00:00,F,37,1037.0359999999928,48000.0,40399.99999999999,0.021604916666666515,124651.02199999997,1574.2230000000218,0.008319514620586048,0.0,0.0
BC,SA,2023-01-01T00:00:00,F,38,839.2890000000043,48000.0,39700.0,0.01748518750000009,124651.02199999997,1574.2230000000218,0.006733109657135459,0.0,0.0
BC,SA,2023-01-01T00:00:00,F,39,840.8099999999904,48000.0,39300.0,0.0175168749999998,124651.02199999997,1574.2230000000218,0.0067453117231561135,0.0,0.0
BC,SA,2023-01-01T00:00:00,F,40,742.291000000012,48000.0,38800.0,0.015464395833333583,124651.02199999997,1574.2230000000218,0.005954953181210277,0.0,0.0
BC,SA,2023-01-01T00:00:00,F,41,743.3549999999959,48000.0,38400.0,0.015486562499999915,124651.02199999997,1574.2230000000218,0.0059634890117467,0.0,0.0
BC,SA,2023-01-01T00:00:00,F,42,743.3160000000062,48000.0,37100.0,0.015485750000000128,124651.02199999997,1574.2230000000218,0.00596317613825907,0.0,0.0
BC,SA,2023-01-01T00:00:00,F,43,744.0339999999997,48000.0,36500.00000000001,0.015500708333333326,124651.02199999997,1574.2230000000218,0.005968936219391766,0.0,0.0
BC,SA,2023-01-01T00:00:00,F,44,643.9040000000023,48000.0,34900.00000000001,0.013414666666666714,124651.02199999997,1574.2230000000218,0.005165653595684137,0.0,0.0
BC,SA,2023-01-01T00:00:00,F,45,544.755999999994,48000.0,33900.0,0.011349083333333208,124651.02199999997,1574.2230000000218,0.004370248965949065,0.0,0.0
BC,SA,2023-01-01T00:00:00,F,46,546.8119999999981,48000.0,33700.0,0.011391916666666627,124651.02199999997,1574.2230000000218,0.004386743014429502,0.0,0.0
BC,SA,2023-01-01T00:00:00,F,47,449.87600000000384,48000.0,34100.0,0.009372416666666746,124651.02199999997,1574.2230000000218,0.0036090839271257957,0.0,0.0
BC,SA,2023-01-01T00:00:00,F,48,452.2810000000027,48000.0,33700.00000000001,0.009422520833333389,124651.02199999997,1574.2230000000218,0.003628377792201357,0.0,0.0
BC,SA,2023-01-01T00:00:00,F,49,355.6109999999899,48000.0,33599.99999999999,0.007408562499999789,124651.02199999997,1574.2230000000218,0.0028528526625316393,0.0,0.0
BC,SA,2023-01-01T00:00:00,F,50,360.14399999999296,48000.0,33900.00000000001,0.0075029999999998535,124651.02199999997,1574.2230000000218,0.0028892181886803385,0.0,0.0
BC,SA,2023-01-01T00:00:00,F,51,265.8130000000092,48000.0,34300.00000000001,0.005537770833333525,124651.02199999997,1574.2230000000218,0.0021324574458764507,0.0,0.0
BC,SA,2023-01-01T00:00:00,F,52,375.91999999999825,48000.0,36800.0,0.007831666666666631,124651.02199999997,1574.2230000000218,0.003015779525658429,0.0,0.0
BC,SA,2023-01-01T00:00:00,F,53,382.2079999999987,48000.0,37000.0,0.00796266666666664,124651.02199999997,1574.2230000000218,0.003066224358754145,0.0,0.0
BC,SA,2023-01-01T00:00:00,F,54,288.8139999999985,48000.0,36900.0,0.006016958333333302,124651.02199999997,1574.2230000000218,0.0023169806020523326,0.0,0.0
BC,SA,2023-01-01T00:00:00,F,55,293.01000000000204,48000.0,35700.0,0.006104375000000042,124651.02199999997,1574.2230000000218,0.0023506425803713196,0.0,0.0
BC,SA,2023-01-01T00:00:00,F,56,298.2639999999956,48000.0,34800.00000000001,0.006213833333333241,124651.02199999997,1574.2230000000218,0.002392792254844053,0.0,0.0
BC,SA,2023-01-01T00:00:00,F,57,311.18799999998737,48000.0,36300.0,0.00648308333333307,124651.02199999997,1574.2230000000218,0.0024964737152334575,0.0,0.0
BC,SA,2023-01-01T00:00:00,F,58,225.91799999999057,48000.0,37800.0,0.004706624999999804,124651.02199999997,1574.2230000000218,0.0018124039127412098,0.0,0.0
BC,SA,2023-01-01T00:00:00,F,59,244.4739999999947,48000.0,39900.0,0.005093208333333223,124651.02199999997,1574.2230000000218,0.0019612675137151685,0.0,0.0
BC,SA,2023-01-01T00:00:00,F,60,357.6079999999929,48000.0,39999.99999999999,0.007450166666666519,124651.02199999997,1574.2230000000218,0.00286887338958194,0.0,0.0
BC,SA,2023-01-01T00:00:00,F,61,265.5040000000008,48000.0,38500.00000000001,0.00553133333333335,124651.02199999997,1574.2230000000218,0.0021299785251660502,0.0,0.0
BC,SA,2023-01-01T00:00:00,F,62,381.80599999999686,48000.0,38800.0,0.007954291666666601,124651.02199999997,1574.2230000000218,0.0030629993551115607,0.0,0.0
BC,SA,2023-01-01T00:00:00,F,63,298.2749999999942,48000.0,38600.0,0.0062140624999998785,124651.02199999997,1574.2230000000218,0.0023928805012123707,0.0,0.0
BC,SA,2023-01-01T00:00:00,F,64,313.19200000000274,48000.0,37900.0,0.00652483333333339,124651.02199999997,1574.2230000000218,0.002512550599063703,0.0,0.0
BC,SA,2023-01-01T00:00:00,F,65,232.3680000000095,48000.0,37600.0,0.004841000000000198,124651.02199999997,1574.2230000000218,0.0018641483741706469,0.0,0.0
BC,SA,2023-01-01T00:00:00,F,66,248.14799999999377,48000.0,36600.0,0.005169749999999871,124651.02199999997,1574.2230000000218,0.0019907418007370516,0.0,0.0
BC,SA,2023-01-01T00:00:00,F,67,268.1999999999971,48000.0,36000.0,0.00558749999999994,124651.02199999997,1574.2230000000218,0.0021516069078037496,0.0,0.0
BC,SA,2023-01-01T00:00:00,F,68,290.2800000000061,48000.0,35400.0,0.006047500000000127,124651.02199999997,1574.2230000000218,0.002328741436231515,0.0,0.0
BC,SA,2023-01-01T00:00:00,F,69,207.3599999999933,48000.0,33900.0,0.00431999999999986,124651.02199999997,1574.2230000000218,0.0016635242669730647,0.0,0.0
BC,SA,2023-01-01T00:00:00,F,70,223.02800000000207,48000.0,32300.0,0.00464641666666671,124651.02199999997,1574.2230000000218,0.001789219185062134,0.0,0.0
BC,SA,2023-01-01T00:00:00,F,71,141.31000000000859,48000.0,30800.000000000007,0.0029439583333335123,124651.02199999997,1574.2230000000218,0.0011336449371430635,0.0,0.0
BC,SA,2023-01-01T00:00:00,F,72,165.39999999999782,48000.0,29800.000000000004,0.0034458333333332878,124651.02199999997,1574.2230000000218,0.0013269044837835172,0.0,0.0
BC,SA,2023-01-01T00:00:00,F,73,99.30400000000009,48000.0,29300.0,0.0020688333333333353,124651.02199999997,1574.2230000000218,0.0007966561236858541,0.0,0.0
BC,SA,2023-01-01T00:00:00,F,74,118.8800000000083,48000.0,27700.000000000007,0.0024766666666668396,124651.02199999997,1574.2230000000218,0.0009537025697230812,0.0,0.0
BC,SA,2023-01-01T00:00:00,F,75,56.77500000000509,48000.0,27100.000000000004,0.001182812500000106,124651.02199999997,1574.2230000000218,0.00045547159653456436,0.0,0.0
BC,SA,2023-01-01T00:00:00,F,76,-5.004000000000815,48000.0,26300.0,-0.00010425000000001698,124651.02199999997,1574.2230000000218,0.0,0.003178711021247146,0.00019026615969584848
BC,SA,2023-01-01T00:00:00,F,77,44.09600000000137,48000.0,21200.0,0.0009186666666666952,124651.02199999997,1574.2230000000218,0.00035375562343966483,0.0,0.0
BC,SA,2023-01-01T00:00:00,F,78,-46.184000000004744,48000.0,19299.999999999996,-0.0009621666666667655,124651.02199999997,1574.2230000000218,0.0,0.029337647842779646,0.002392953367875894
BC,SA,2023-01-01T00:00:00,F,79,-13.980000000003201,48000.0,18500.0,-0.0002912500000000667,124651.02199999997,1574.2230000000218,0.0,0.008880571558161078,0.0007556756756758487
BC,SA,2023-01-01T00:00:00,F,80,3.184000000001106,48000.0,17100.000000000004,6.633333333335638e-05,124651.02199999997,1574.2230000000218,2.5543312432697958e-05,0.0,0.0
BC,SA,2023-01-01T00:00:00,F,81,5.600000000002183,48000.0,15300.000000000002,0.00011666666666671215,124651.02199999997,1574.2230000000218,4.4925423876606355e-05,0.0,0.0
BC,SA,2023-01-01T00:00:00,F,82,30.728000000000975,48000.0,14300.000000000002,0.000640166666666687,124651.02199999997,1574.2230000000218,0.0002465122187285475,0.0,0.0
BC,SA,2023-01-01T00:00:00,F,83,-64.94100000000253,48000.0,12700.0,-0.0013529375000000527,124651.02199999997,1574.2230000000218,0.0,0.04125273230031681,0.005113464566929333
BC,SA,2023-01-01T00:00:00,F,84,-53.080000000001746,48000.0,11500.0,-0.0011058333333333697,124651.02199999997,1574.2230000000218,0.0,0.03371822162425591,0.004615652173913195
BC,SA,2023-01-01T00:00:00,F,85,-20.424000000000888,48000.0,10800.0,-0.0004255000000000185,124651.02199999997,1574.2230000000218,0.0,0.012974019563937641,0.0018911111111111934
BC,SA,2023-01-01T00:00:00,F,86,1.3350000000027649,48000.0,9900.000000000002,2.78125000000576e-05,124651.02199999997,1574.2230000000218,1.070990015631613e-05,0.0,0.0
BC,SA,2023-01-01T00:00:00,F,87,-79.93599999999788,48000.0,8900.000000000002,-0.001665333333333289,124651.02199999997,1574.2230000000218,0.0,0.05077806638576413,0.008981573033707625
BC,SA,2023-01-01T00:00:00,F,88,-72.62999999999738,48000.0,7900.000000000001,-0.0015131249999999455,124651.02199999997,1574.2230000000218,0.0,0.04613704665730101,0.009193670886075617
BC,SA,2023-01-01T00:00:00,F,89,-73.07600000000184,48000.0,6899.999999999999,-0.001522416666666705,124651.02199999997,1574.2230000000218,0.0,0.04642036102890177,0.010590724637681428
BC,SA,2023-01-01T00:00:00,F,90,-46.19999999999982,48000.0,6300.0,-0.0009624999999999962,124651.02199999997,1574.2230000000218,0.0,0.029347811587049088,0.007333333333333305
BC,SA,2023-01-01T00:00:00,F,91,-54.07099999999991,48000.0,5400.0,-0.001126479166666665,124651.02199999997,1574.2230000000218,0.0,0.03434773853513712,0.010013148148148132
BC,SA,2023-01-01T00:00:00,F,92,-140.8800000000001,48000.0,4700.0,-0.0029350000000000023,124651.02199999997,1574.2230000000218,0.0,0.08949176831998908,0.029974468085106405
BC,SA,2023-01-01T00:00:00,F,93,7.275000000000091,48000.0,3900.0,0.0001515625000000019,124651.02199999997,1574.2230000000218,5.8362939053962135e-05,0.0,0.0
BC,SA,2023-01-01T00:00:00,F,94,-25.287999999999556,48000.0,3200.0000000000005,-0.000526833333333324,124651.02199999997,1574.2230000000218,0.0,0.016063797822798424,0.007902499999999861
BC,SA,2023-01-01T00:00:00,F,95,-60.288000000000466,48000.0,2600.0,-0.0012560000000000097,124651.02199999997,1574.2230000000218,0.0,0.038296988419048404,0.023187692307692485
BC,SA,2023-01-01T00:00:00,F,96,-34.799999999999955,48000.0,2000.0,-0.0007249999999999991,124651.02199999997,1574.2230000000218,0.0,0.02210614379284223,0.017399999999999978
BC,SA,2023-01-01T00:00:00,F,97,-89.68000000000029,48000.0,1500.0,-0.0018683333333333395,124651.02199999997,1574.2230000000218,0.0,0.0569677866477615,0.05978666666666686
BC,SA,2023-01-01T00:00:00,F,98,-62.07999999999993,48000.0,1100.0,-0.0012933333333333319,124651.02199999997,1574.2230000000218,0.0,0.03943532777757603,0.05643636363636357
BC,SA,2023-01-01T00:00:00,F,99,-29.048000000000116,48000.0,800.0,-0.0006051666666666691,124651.02199999997,1574.2230000000218,0.0,0.018452277726853,0.03631000000000015
BC,SA,2023-01-01T00:00:00,F,100,1041.317,48000.0,1700.0,0.021694104166666665,124651.02199999997,1574.2230000000218,0.008353858502660334,0.0,0.0
BC,SA,2023-01-01T00:00:00,M,1,484.9659999999967,48000.0,24200.0,0.010103458333333265,124651.02199999997,1574.2230000000218,0.0038905898420952927,0.0,0.0
BC,SA,2023-01-01T00:00:00,M,2,505.1519999999946,48000.0,22899.999999999996,0.010523999999999888,124651.02199999997,1574.2230000000218,0.004052529950376136,0.0,0.0
BC,SA,2023-01-01T00:00:00,M,3,503.7120000000032,48000.0,23700.0,0.010494000000000066,124651.02199999997,1574.2230000000218,0.004040977698522226,0.0,0.0
BC,SA,2023-01-01T00:00:00,M,4,502.5849999999991,48000.0,24000.0,0.010470520833333314,124651.02199999997,1574.2230000000218,0.004031936456967029,0.0,0.0
BC,SA,2023-01-01T00:00:00,M,5,602.1779999999962,48000.0,24799.999999999996,0.012545374999999921,124651.02199999997,1574.2230000000218,0.004830911053420777,0.0,0.0
BC,SA,2023-01-01T00:00:00,M,6,601.7570000000014,48000.0,25700.0,0.012536604166666696,124651.02199999997,1574.2230000000218,0.004827533624232953,0.0,0.0
BC,SA,2023-01-01T00:00:00,M,7,601.5240000000013,48000.0,26000.000000000004,0.012531750000000026,124651.02199999997,1574.2230000000218,0.004825664405703801,0.0,0.0
BC,SA,2023-01-01T00:00:00,M,8,601.5779999999977,48000.0,26900.0,0.012532874999999952,124651.02199999997,1574.2230000000218,0.0048260976151482966,0.0,0.0
BC,SA,2023-01-01T00:00:00,M,9,601.5659999999989,48000.0,26700.0,0.012532624999999978,124651.02199999997,1574.2230000000218,0.004826001346382856,0.0,0.0
BC,SA,2023-01-01T00:00:00,M,10,601.5839999999989,48000.0,27000.0,0.012532999999999978,124651.02199999997,1574.2230000000218,0.004826145749531031,0.0,0.0
BC,SA,2023-01-01T00:00:00,M,11,601.5659999999989,48000.0,26699.999999999996,0.012532624999999978,124651.02199999997,1574.2230000000218,0.004826001346382856,0.0,0.0
BC,SA,2023-01-01T00:00:00,M,12,502.0720000000001,48000.0,26400.0,0.010459833333333337,124651.02199999997,1574.2230000000218,0.004027820967244057,0.0,0.0
BC,SA,2023-01-01T00:00:00,M,13,602.3759999999966,48000.0,26999.999999999996,0.012549499999999929,124651.02199999997,1574.2230000000218,0.004832499488050701,0.0,0.0
BC,SA,2023-01-01T00:00:00,M,14,703.2040000000015,48000.0,27400.0,0.014650083333333366,124651.02199999997,1574.2230000000218,0.005641381744948723,0.0,0.0
BC,SA,2023-01-01T00:00:00,M,15,1004.2560000000012,48000.0,27600.0,0.020922000000000024,124651.02199999997,1574.2230000000218,0.008056540442965655,0.0,0.0
BC,SA,2023-01-01T00:00:00,M,16,1606.3359999999957,48000.0,27999.999999999996,0.03346533333333324,124651.02199999997,1574.2230000000218,0.012886665301468576,0.0,0.0
BC,SA,2023-01-01T00:00:00,M,17,1509.077999999994,48000.0,28200.0,0.03143912499999987,124651.02199999997,1574.2230000000218,0.012106423002291906,0.0,0.0
BC,SA,2023-01-01T00:00:00,M,18,2212.1949999999997,48000.0,29300.0,0.04608739583333333,124651.02199999997,1574.2230000000218,0.01774710679869115,0.0,0.0
BC,SA,2023-01-01T00:00:00,M,19,4216.244999999999,48000.0,32700.0,0.08783843749999998,124651.02199999997,1574.2230000000218,0.03382439174866934,0.0,0.0
BC,SA,2023-01-01T00:00:00,M,20,3321.3899999999994,48000.0,34300.0,0.06919562499999998,124651.02199999997,1574.2230000000218,0.026645509573118464,0.0,0.0
BC,SA,2023-01-01T00:00:00,M,21,2125.839,48000.0,34000.0,0.044288312499999996,124651.02199999997,1574.2230000000218,0.01705432467292567,0.0,0.0
BC,SA,2023-01-01T00:00:00,M,22,1432.1779999999999,48000.0,36000.0,0.029837041666666664,124651.02199999997,1574.2230000000218,0.011489500663700938,0.0,0.0
BC,SA,2023-01-01T00:00:00,M,23,1237.9600000000064,48000.0,37700.00000000001,0.025790833333333468,124651.02199999997,1574.2230000000218,0.009931406739689681,0.0,0.0
BC,SA,2023-01-01T00:00:00,M,24,1241.9229999999952,48000.0,38300.0,0.025873395833333233,124651.02199999997,1574.2230000000218,0.0099631994994794,0.0,0.0
BC,SA,2023-01-01T00:00:00,M,25,1444.2679999999964,48000.0,38600.0,0.03008891666666659,124651.02199999997,1574.2230000000218,0.011586491444891617,0.0,0.0
BC,SA,2023-01-01T00:00:00,M,26,1647.375,48000.0,39500.0,0.0343203125,124651.02199999997,1574.2230000000218,0.01321589645690992,0.0,0.0
BC,SA,2023-01-01T00:00:00,M,27,1850.8199999999997,48000.0,40300.0,0.038558749999999996,124651.02199999997,1574.2230000000218,0.014848013039155027,0.0,0.0
BC,SA,2023-01-01T00:00:00,M,28,1854.6270000000077,48000.0,41100.0,0.03863806250000016,124651.02199999997,1574.2230000000218,0.014878554304994051,0.0,0.0
BC,SA,2023-01-01T00:00:00,M,29,1758.7560000000012,48000.0,41400.0,0.03664075000000003,124651.02199999997,1574.2230000000218,0.01410943907062392,0.0,0.0
BC,SA,2023-01-01T00:00:00,M,30,1663.3580000000002,48000.0,41700.0,0.03465329166666667,124651.02199999997,1574.2230000000218,0.013344118430091978,0.0,0.0
BC,SA,2023-01-01T00:00:00,M,31,1569.1900000000023,48000.0,42200.0,0.03269145833333338,124651.02199999997,1574.2230000000218,0.012588665338018671,0.0,0.0
BC,SA,2023-01-01T00:00:00,M,32,1474.8020000000033,48000.0,42500.0,0.030725041666666737,124651.02199999997,1574.2230000000218,0.011831447318578773,0.0,0.0
BC,SA,2023-01-01T00:00:00,M,33,1380.0950000000012,48000.0,42800.0,0.02875197916666669,124651.02199999997,1574.2230000000218,0.01107167015445731,0.0,0.0
BC,SA,2023-01-01T00:00:00,M,34,1383.8440000000046,48000.0,42400.0,0.02883008333333343,124651.02199999997,1574.2230000000218,0.01110174612126329,0.0,0.0
BC,SA,2023-01-01T00:00:00,M,35,1185.224000000002,48000.0,41300.0,0.02469216666666671,124651.02199999997,1574.2230000000218,0.009508337605126111,0.0,0.0
BC,SA,2023-01-01T00:00:00,M,36,1187.6000000000058,48000.0,41100.0,0.024741666666666787,124651.02199999997,1574.2230000000218,0.00952739882068521,0.0,0.0
BC,SA,2023-01-01T00:00:00,M,37,990.9000000000087,48000.0,41300.00000000001,0.020643750000000183,124651.02199999997,1574.2230000000218,0.007949393307020049,0.0,0.0
BC,SA,2023-01-01T00:00:00,M,38,792.9669999999969,48000.0,40600.0,0.01652014583333327,124651.02199999997,1574.2230000000218,0.006361496177704802,0.0,0.0
BC,SA,2023-01-01T00:00:00,M,39,694.3800000000047,48000.0,39600.0,0.014466250000000097,124651.02199999997,1574.2230000000218,0.005570592112754638,0.0,0.0
BC,SA,2023-01-01T00:00:00,M,40,795.5080000000016,48000.0,38600.0,0.016573083333333367,124651.02199999997,1574.2230000000218,0.006381881088788842,0.0,0.0
BC,SA,2023-01-01T00:00:00,M,41,697.8359999999957,48000.0,37799.99999999999,0.01453824999999991,124651.02199999997,1574.2230000000218,0.005598317517204117,0.0,0.0
BC,SA,2023-01-01T00:00:00,M,42,699.3600000000006,48000.0,36600.0,0.014570000000000012,124651.02199999997,1574.2230000000218,0.005610543650416286,0.0,0.0
BC,SA,2023-01-01T00:00:00,M,43,700.9199999999983,48000.0,35399.99999999999,0.014602499999999964,124651.02199999997,1574.2230000000218,0.0056230585899247456,0.0,0.0
BC,SA,2023-01-01T00:00:00,M,44,701.564999999995,48000.0,33899.99999999999,0.014615937499999896,124651.02199999997,1574.2230000000218,0.005628233036067649,0.0,0.0
BC,SA,2023-01-01T00:00:00,M,45,603.3600000000006,48000.0,32800.0,0.012570000000000012,124651.02199999997,1574.2230000000218,0.00484039352681762,0.0,0.0
BC,SA,2023-01-01T00:00:00,M,46,608.5139999999956,48000.0,32700.0,0.012677374999999907,124651.02199999997,1574.2230000000218,0.004881740961578283,0.0,0.0
BC,SA,2023-01-01T00:00:00,M,47,512.890000000003,48000.0,32200.0,0.010685208333333397,124651.02199999997,1574.2230000000218,0.004114607259297106,0.0,0.0
BC,SA,2023-01-01T00:00:00,M,48,419.30599999999686,48000.0,32199.999999999996,0.008735541666666602,124651.02199999997,1574.2230000000218,0.0033638392471422897,0.0,0.0
BC,SA,2023-01-01T00:00:00,M,49,424.81999999999607,48000.0,31900.0,0.008850416666666585,124651.02199999997,1574.2230000000218,0.0034080747448664815,0.0,0.0
BC,SA,2023-01-01T00:00:00,M,50,432.1889999999985,48000.0,31999.999999999996,0.009003937499999969,124651.02199999997,1574.2230000000218,0.0034671917892498193,0.0,0.0
BC,SA,2023-01-01T00:00:00,M,51,342.4429999999993,48000.0,32500.0,0.0071342291666666524,124651.02199999997,1574.2230000000218,0.002747213737244765,0.0,0.0
BC,SA,2023-01-01T00:00:00,M,52,260.18099999999686,48000.0,34400.0,0.005420437499999935,124651.02199999997,1574.2230000000218,0.0020872753052918968,0.0,0.0
BC,SA,2023-01-01T00:00:00,M,53,270.77500000000146,48000.0,34600.0,0.0056411458333333634,124651.02199999997,1574.2230000000218,0.0021722645803898947,0.0,0.0
BC,SA,2023-01-01T00:00:00,M,54,278.5,48000.0,34100.0,0.005802083333333334,124651.02199999997,1574.2230000000218,0.0022342375981482133,0.0,0.0
BC,SA,2023-01-01T00:00:00,M,55,285.02900000000227,48000.0,33200.0,0.005938104166666714,124651.02199999997,1574.2230000000218,0.0022866158289500615,0.0,0.0
BC,SA,2023-01-01T00:00:00,M,56,195.15999999999258,48000.0,32799.99999999999,0.004065833333333178,124651.02199999997,1574.2230000000218,0.0015656510220990617,0.0,0.0
BC,SA,2023-01-01T00:00:00,M,57,316.19400000000314,48000.0,34200.0,0.006587375000000065,124651.02199999997,1574.2230000000218,0.0025366338352204062,0.0,0.0
BC,SA,2023-01-01T00:00:00,M,58,343.0430000000124,48000.0,36000.0,0.007146729166666925,124651.02199999997,1574.2230000000218,0.0027520271755173613,0.0,0.0
BC,SA,2023-01-01T00:00:00,M,59,370.775999999998,48000.0,37500.0,0.007724499999999959,124651.02199999997,1574.2230000000218,0.0029745123148689316,0.0,0.0
BC,SA,2023-01-01T00:00:00,M,60,296.4319999999934,48000.0,38200.0,0.00617566666666653,124651.02199999997,1574.2230000000218,0.0023780952233186945,0.0,0.0
BC,SA,2023-01-01T00:00:00,M,61,305.3440000000046,48000.0,36700.0,0.006361333333333429,124651.02199999997,1574.2230000000218,0.002449590826459527,0.0,0.0
BC,SA,2023-01-01T00:00:00,M,62,228.09799999999814,48000.0,36600.0,0.0047520416666666275,124651.02199999997,1574.2230000000218,0.001829892738464657,0.0,0.0
BC,SA,2023-01-01T00:00:00,M,63,248.24399999999878,48000.0,36100.0,0.005171749999999974,124651.02199999997,1574.2230000000218,0.0019915119508606906,0.0,0.0
BC,SA,2023-01-01T00:00:00,M,64,264.67199999999866,48000.0,35100.0,0.005513999999999972,124651.02199999997,1574.2230000000218,0.002123303890761511,0.0,0.0
BC,SA,2023-01-01T00:00:00,M,65,193.53600000000006,48000.0,35000.0,0.004032000000000001,124651.02199999997,1574.2230000000218,0.001552622649174911,0.0,0.0
BC,SA,2023-01-01T00:00:00,M,66,307.09599999999773,48000.0,33600.0,0.006397833333333286,124651.02199999997,1574.2230000000218,0.0024636460662151474,0.0,0.0
BC,SA,2023-01-01T00:00:00,M,67,235.5639999999985,48000.0,33100.0,0.004907583333333302,124651.02199999997,1574.2230000000218,0.0018897879553686975,0.0,0.0
BC,SA,2023-01-01T00:00:00,M,68,158.01399999999558,48000.0,31999.999999999996,0.003291958333333241,124651.02199999997,1574.2230000000218,0.001267651058649127,0.0,0.0
BC,SA,2023-01-01T00:00:00,M,69,170.93400000000474,48000.0,30300.0,0.003561125000000099,124651.02199999997,1574.2230000000218,0.0013713004294501876,0.0,0.0
BC,SA,2023-01-01T00:00:00,M,70,195.20799999999872,48000.0,29299.999999999996,0.004066833333333307,124651.02199999997,1574.2230000000218,0.0015660360971609102,0.0,0.0
BC,SA,2023-01-01T00:00:00,M,71,215.34299999999348,48000.0,27999.999999999996,0.0044863124999998645,124651.02199999997,1574.2230000000218,0.0017275670631885676,0.0,0.0
BC,SA,2023-01-01T00:00:00,M,72,144.1640000000043,48000.0,27000.0,0.0030034166666667566,124651.02199999997,1574.2230000000218,0.0011565408585258478,0.0,0.0
BC,SA,2023-01-01T00:00:00,M,73,181.02400000000125,48000.0,26400.0,0.0037713333333333596,124651.02199999997,1574.2230000000218,0.0014522464163992277,0.0,0.0
BC,SA,2023-01-01T00:00:00,M,74,102.23399999999674,48000.0,24899.999999999996,0.002129874999999932,124651.02199999997,1574.2230000000218,0.0008201617472498281,0.0,0.0
BC,SA,2023-01-01T00:00:00,M,75,151.84700000000157,48000.0,24600.0,0.0031634791666666994,124651.02199999997,1574.2230000000218,0.0012181769356050815,0.0,0.0
BC,SA,2023-01-01T00:00:00,M,76,-7.936000000001513,48000.0,23600.0,-0.00016533333333336485,124651.02199999997,1574.2230000000218,0.0,0.005041217159196253,0.0003362711864407421
BC,SA,2023-01-01T00:00:00,M,77,13.087999999999738,48000.0,19000.0,0.0002726666666666612,124651.02199999997,1574.2230000000218,0.00010499713351728269,0.0,0.0
BC,SA,2023-01-01T00:00:00,M,78,12.497999999999593,48000.0,17200.0,0.0002603749999999915,124651.02199999997,1574.2230000000218,0.00010026391921599805,0.0,0.0
BC,SA,2023-01-01T00:00:00,M,79,48.26100000000224,48000.0,16500.0,0.0010054375000000467,124651.02199999997,1574.2230000000218,0.0003871689074478848,0.0,0.0
BC,SA,2023-01-01T00:00:00,M,80,-34.903000000002066,48000.0,15199.999999999998,-0.0007271458333333764,124651.02199999997,1574.2230000000218,0.0,0.022171572896598248,0.0022962500000001363
BC,SA,2023-01-01T00:00:00,M,81,-52.92000000000189,48000.0,13299.999999999998,-0.0011025000000000394,124651.02199999997,1574.2230000000218,0.0,0.03361658418153029,0.0039789473684211955
BC,SA,2023-01-01T00:00:00,M,82,-50.395000000002256,48000.0,11999.999999999998,-0.0010498958333333803,124651.02199999997,1574.2230000000218,0.0,0.032012618288515385,0.004199583333333522
BC,SA,2023-01-01T00:00:00,M,83,-48.06500000000051,48000.0,10800.0,-0.0010013541666666773,124651.02199999997,1574.2230000000218,0.0,0.030532523028821104,0.00445046296296301
BC,SA,2023-01-01T00:00:00,M,84,-51.92399999999907,48000.0,9600.0,-0.0010817499999999805,124651.02199999997,1574.2230000000218,0.0,0.03298389110056094,0.005408749999999903
BC,SA,2023-01-01T00:00:00,M,85,36.45400000000154,48000.0,8500.0,0.0007594583333333654,124651.02199999997,1574.2230000000218,0.00029244846464236414,0.0,0.0
BC,SA,2023-01-01T00:00:00,M,86,-61.63000000000193,48000.0,7499.999999999998,-0.0012839583333333735,124651.02199999997,1574.2230000000218,0.0,0.03914947246991123,0.008217333333333592
BC,SA,2023-01-01T00:00:00,M,87,-40.32000000000062,48000.0,6899.999999999999,-0.0008400000000000129,124651.02199999997,1574.2230000000218,0.0,0.025612635566879698,0.005843478260869656
BC,SA,2023-01-01T00:00:00,M,88,20.22400000000016,48000.0,5800.0,0.00042133333333333665,124651.02199999997,1574.2230000000218,0.00016224495937145356,0.0,0.0
BC,SA,2023-01-01T00:00:00,M,89,17.652000000000953,48000.0,5100.0,0.00036775000000001986,124651.02199999997,1574.2230000000218,0.00014161135397671235,0.0,0.0
BC,SA,2023-01-01T00:00:00,M,90,-5.385000000001128,48000.0,4300.0,-0.0001121875000000235,124651.02199999997,1574.2230000000218,0.0,0.0034207351817379453,0.001252325581395611
BC,SA,2023-01-01T00:00:00,M,91,-28.422000000000025,48000.0,3600.0,-0.0005921250000000005,124651.02199999997,1574.2230000000218,0.0,0.018054621232188598,0.007895000000000008
BC,SA,2023-01-01T00:00:00,M,92,-66.73999999999978,48000.0,2900.0,-0.0013904166666666622,124651.02199999997,1574.2230000000218,0.0,0.04239551829696228,0.0230137931034482
BC,SA,2023-01-01T00:00:00,M,93,-24.784000000000106,48000.0,2300.0,-0.0005163333333333355,124651.02199999997,1574.2230000000218,0.0,0.015743639878212784,0.010775652173913089
BC,SA,2023-01-01T00:00:00,M,94,-4.947999999999865,48000.0,1700.0,-0.00010308333333333053,124651.02199999997,1574.2230000000218,0.0,0.003143137916292544,0.0029105882352940386
BC,SA,2023-01-01T00:00:00,M,95,-68.048,48000.0,1200.0,-0.0014176666666666667,124651.02199999997,1574.2230000000218,0.0,0.043226404391245116,0.05670666666666667
BC,SA,2023-01-01T00:00:00,M,96,-52.269000000000005,48000.0,800.0,-0.0010889375,124651.02199999997,1574.2230000000218,0.0,0.033203046836438856,0.06533625000000001
BC,SA,2023-01-01T00:00:00,M,97,-3.94399999999996,48000.0,600.0,-8.216666666666583e-05,124651.02199999997,1574.2230000000218,0.0,0.0025053629631887637,0.006573333333333267
BC,SA,2023-01-01T00:00:00,M,98,32.814999999999884,48000.0,399.9999999999999,0.0006836458333333309,124651.02199999997,1574.2230000000218,0.0002632549615196889,0.0,0.0
BC,SA,2023-01-01T00:00:00,M,99,14.696000000000083,48000.0,300.0,0.0003061666666666684,124651.02199999997,1574.2230000000218,0.00011789714808756311,0.0,0.0
BC,SA,2023-01-01T00:00:00,M,100,261.6459999999999,48000.0,399.9999999999999,0.005450958333333331,124651.02199999997,1574.2230000000218,0.0020990281170739215,0.0,0.0
BC,SA,2024-01-01T00:00:00,F,1,378.35309038339983,49300.0,23700.000000000004,0.007674504875931031,120837.56256049866,1849.6624896512951,0.003131088399718202,0.0,0.0
BC,SA,2024-01-01T00:00:00,F,2,403.39273547659104,49300.0,23300.000000000004,0.00818240842751706,120837.56256049866,1849.6624896512951,0.0033383057960526805,0.0,0.0
BC,SA,2024-01-01T00:00:00,F,3,402.5482545263658,49300.0,21900.0,0.008165278996478008,120837.56256049866,1849.6624896512951,0.0033313172327919605,0.0,0.0
BC,SA,2024-01-01T00:00:00,F,4,502.1531757752964,49300.0,22300.000000000004,0.010185662794630759,120837.56256049866,1849.6624896512951,0.004155604971954709,0.0,0.0
BC,SA,2024-01-01T00:00:00,F,5,502.0000827561453,49300.0,22999.999999999996,0.0101825574595567,120837.56256049866,1849.6624896512951,0.00415433803958776,0.0,0.0
BC,SA,2024-01-01T00:00:00,F,6,601.848965164816,49300.0,24000.0,0.012207889759935416,120837.56256049866,1849.6624896512951,0.0049806446969955535,0.0,0.0
BC,SA,2024-01-01T00:00:00,F,7,601.6662413724371,49300.0,24699.999999999996,0.01220418339497844,120837.56256049866,1849.6624896512951,0.004979132553018903,0.0,0.0
BC,SA,2024-01-01T00:00:00,F,8,601.4400590527948,49300.0,24900.0,0.012199595518312269,120837.56256049866,1849.6624896512951,0.004977260764852628,0.0,0.0
BC,SA,2024-01-01T00:00:00,F,9,501.4578375596175,49300.0,25100.0,0.010171558571188996,120837.56256049866,1849.6624896512951,0.004149850650194612,0.0,0.0
BC,SA,2024-01-01T00:00:00,F,10,501.4756160664401,49300.0,25400.0,0.010171919189988644,120837.56256049866,1849.6624896512951,0.0041499977775153385,0.0,0.0
BC,SA,2024-01-01T00:00:00,F,11,501.4993207422049,49300.0,25800.0,0.010172400015054865,120837.56256049866,1849.6624896512951,0.004150193947276317,0.0,0.0
BC,SA,2024-01-01T00:00:00,F,12,501.7492077478273,49300.0,25800.0,0.01017746871699447,120837.56256049866,1849.6624896512951,0.00415226190528811,0.0,0.0
BC,SA,2024-01-01T00:00:00,F,13,501.9832916938867,49300.0,25600.0,0.010182216870058554,120837.56256049866,1849.6624896512951,0.004154199083936034,0.0,0.0
BC,SA,2024-01-01T00:00:00,F,14,702.2756497136616,49300.0,26300.0,0.01424494218486129,120837.56256049866,1849.6624896512951,0.005811732997858671,0.0,0.0
BC,SA,2024-01-01T00:00:00,F,15,1203.081610124911,49300.0,27200.0,0.024403278095839982,120837.56256049866,1849.6624896512951,0.00995618899150316,0.0,0.0
BC,SA,2024-01-01T00:00:00,F,16,2004.4999437076149,49300.0,28800.0,0.04065922806709158,120837.56256049866,1849.6624896512951,0.01658838444961218,0.0,0.0
BC,SA,2024-01-01T00:00:00,F,17,1706.5188002752366,49300.0,29200.0,0.03461498580679993,120837.56256049866,1849.6624896512951,0.01412241991740647,0.0,0.0
BC,SA,2024-01-01T00:00:00,F,18,2308.237399157213,49300.0,30099.999999999996,0.046820231220227444,120837.56256049866,1849.6624896512951,0.019101985758787285,0.0,0.0
BC,SA,2024-01-01T00:00:00,F,19,4410.31157202625,49300.0,33400.0,0.08945865257659737,120837.56256049866,1849.6624896512951,0.03649785280812975,0.0,0.0
BC,SA,2024-01-01T00:00:00,F,20,3112.9991075613034,49300.0,35200.0,0.06314399812497573,120837.56256049866,1849.6624896512951,0.025761849557357185,0.0,0.0
BC,SA,2024-01-01T00:00:00,F,21,1814.5784455625835,49300.0,34600.0,0.03680686502155342,120837.56256049866,1849.6624896512951,0.01501667533763845,0.0,0.0
BC,SA,2024-01-01T00:00:00,F,22,1015.4081188845812,49300.0,33500.0,0.020596513567638565,120837.56256049866,1849.6624896512951,0.00840308342346947,0.0,0.0
BC,SA,2024-01-01T00:00:00,F,23,1217.3282139428047,49300.0,35600.0,0.024692255860908816,120837.56256049866,1849.6624896512951,0.010074087793134158,0.0,0.0
BC,SA,2024-01-01T00:00:00,F,24,1418.6359337175963,49300.0,37000.0,0.028775576748835626,120837.56256049866,1849.6624896512951,0.01174002440679272,0.0,0.0
BC,SA,2024-01-01T00:00:00,F,25,1718.8453262312614,49300.0,37699.99999999999,0.0348650167592548,120837.56256049866,1849.6624896512951,0.014224428975639943,0.0,0.0
BC,SA,2024-01-01T00:00:00,F,26,1619.1070668733737,49300.0,38100.0,0.03284192833414551,120837.56256049866,1849.6624896512951,0.013399037787300203,0.0,0.0
BC,SA,2024-01-01T00:00:00,F,27,1819.467579964774,49300.0,38300.0,0.03690603610476215,120837.56256049866,1849.6624896512951,0.015057135723453852,0.0,0.0
BC,SA,2024-01-01T00:00:00,F,28,1720.6972698307072,49300.0,39800.0,0.03490258153814822,120837.56256049866,1849.6624896512951,0.014239754869014519,0.0,0.0
BC,SA,2024-01-01T00:00:00,F,29,1721.618799978627,49300.0,40100.0,0.03492127383323787,120837.56256049866,1849.6624896512951,0.014247381058490646,0.0,0.0
BC,SA,2024-01-01T00:00:00,F,30,1622.7270061193485,49300.0,40600.0,0.03291535509369875,120837.56256049866,1849.6624896512951,0.013428994856685498,0.0,0.0
BC,SA,2024-01-01T00:00:00,F,31,1524.372525425526,49300.0,41300.0,0.030920335201329127,120837.56256049866,1849.6624896512951,0.012615055228893186,0.0,0.0
BC,SA,2024-01-01T00:00:00,F,32,1226.662030928339,49300.0,42100.00000000001,0.024881582777451092,120837.56256049866,1849.6624896512951,0.01015133047155099,0.0,0.0
BC,SA,2024-01-01T00:00:00,F,33,1228.4853430567164,49300.0,42400.0,0.02491856679628228,120837.56256049866,1849.6624896512951,0.010166419423113252,0.0,0.0
BC,SA,2024-01-01T00:00:00,F,34,1230.8163401599813,49300.0,42800.0,0.02496584868478664,120837.56256049866,1849.6624896512951,0.010185709758451638,0.0,0.0
BC,SA,2024-01-01T00:00:00,F,35,1132.5547178409834,49300.0,42300.0,0.02297271232943171,120837.56256049866,1849.6624896512951,0.00937253858686497,0.0,0.0
BC,SA,2024-01-01T00:00:00,F,36,1135.0595649244788,49300.0,41900.0,0.023023520586703424,120837.56256049866,1849.6624896512951,0.009393267630304928,0.0,0.0
BC,SA,2024-01-01T00:00:00,F,37,937.3234161766522,49300.0,41100.0,0.019012645358552783,120837.56256049866,1849.6624896512951,0.007756887811332432,0.0,0.0
BC,SA,2024-01-01T00:00:00,F,38,840.3023707413377,49300.0,41200.0,0.017044672834509892,120837.56256049866,1849.6624896512951,0.006953983123589,0.0,0.0
BC,SA,2024-01-01T00:00:00,F,39,741.5646850576813,49300.0,40400.0,0.015041880021453983,120837.56256049866,1849.6624896512951,0.006136872255151695,0.0,0.0
BC,SA,2024-01-01T00:00:00,F,40,743.0867680225638,49300.0,40000.0,0.015072753915264985,120837.56256049866,1849.6624896512951,0.006149468362956503,0.0,0.0
BC,SA,2024-01-01T00:00:00,F,41,644.0715341796677,49300.0,39400.0,0.013064331322102793,120837.56256049866,1849.6624896512951,0.005330060624627431,0.0,0.0
BC,SA,2024-01-01T00:00:00,F,42,645.1343302823807,49300.0,39000.0,0.013085889052380947,120837.56256049866,1849.6624896512951,0.0053388558707429,0.0,0.0
BC,SA,2024-01-01T00:00:00,F,43,645.072126829662,49300.0,37700.0,0.013084627319060082,120837.56256049866,1849.6624896512951,0.005338341101565166,0.0,0.0
BC,SA,2024-01-01T00:00:00,F,44,546.1457949547912,49300.0,37000.0,0.011078008011253372,120837.56256049866,1849.6624896512951,0.004519669077910747,0.0,0.0
BC,SA,2024-01-01T00:00:00,F,45,446.19126370485174,49300.0,35300.0,0.009050532732349934,120837.56256049866,1849.6624896512951,0.003692488115865968,0.0,0.0
BC,SA,2024-01-01T00:00:00,F,46,547.2116091984135,49300.0,34400.0,0.011099626961428266,120837.56256049866,1849.6624896512951,0.004528489300869885,0.0,0.0
BC,SA,2024-01-01T00:00:00,F,47,449.26312786481867,49300.0,34100.00000000001,0.009112842350199163,120837.56256049866,1849.6624896512951,0.003717909550185524,0.0,0.0
BC,SA,2024-01-01T00:00:00,F,48,352.8792003680792,49300.0,34400.00000000001,0.007157793110914385,120837.56256049866,1849.6624896512951,0.002920277378082716,0.0,0.0
BC,SA,2024-01-01T00:00:00,F,49,355.5875783068477,49300.0,34000.00000000001,0.007212729783100359,120837.56256049866,1849.6624896512951,0.0029426907558551497,0.0,0.0
BC,SA,2024-01-01T00:00:00,F,50,359.4051821605972,49300.0,33900.0,0.007290165966746393,120837.56256049866,1849.6624896512951,0.0029742836130169127,0.0,0.0
BC,SA,2024-01-01T00:00:00,F,51,264.62339634037926,49300.0,34100.0,0.0053676145302308164,120837.56256049866,1849.6624896512951,0.0021899100803849185,0.0,0.0
BC,SA,2024-01-01T00:00:00,F,52,370.4678511802049,49300.0,34600.00000000001,0.007514560875866225,120837.56256049866,1849.6624896512951,0.003065833531644815,0.0,0.0
BC,SA,2024-01-01T00:00:00,F,53,281.41984393951134,49300.0,37000.0,0.005708313264493131,120837.56256049866,1849.6624896512951,0.002328910298886701,0.0,0.0
BC,SA,2024-01-01T00:00:00,F,54,288.4407629970374,49300.0,37200.0,0.005850725415761407,120837.56256049866,1849.6624896512951,0.0023870124230007234,0.0,0.0
BC,SA,2024-01-01T00:00:00,F,55,295.4913684329367,49300.0,37100.00000000001,0.005993739724806019,120837.56256049866,1849.6624896512951,0.002445360218888855,0.0,0.0
BC,SA,2024-01-01T00:00:00,F,56,300.1438287386627,49300.0,35900.00000000001,0.006088110116402895,120837.56256049866,1849.6624896512951,0.002483861991079077,0.0,0.0
BC,SA,2024-01-01T00:00:00,F,57,305.8690164729851,49300.0,34999.99999999999,0.006204239685050407,120837.56256049866,1849.6624896512951,0.0025312411967913406,0.0,0.0
BC,SA,2024-01-01T00:00:00,F,58,219.75492951758497,49300.0,36400.0,0.004457503641330324,120837.56256049866,1849.6624896512951,0.0018185978338280554,0.0,0.0
BC,SA,2024-01-01T00:00:00,F,59,335.5315117098071,49300.0,38000.0,0.006805913016426107,120837.56256049866,1849.6624896512951,0.00277671532427526,0.0,0.0
BC,SA,2024-01-01T00:00:00,F,60,256.0672230509299,49300.0,40000.0,0.005194061319491478,120837.56256049866,1849.6624896512951,0.00211910284869183,0.0,0.0
BC,SA,2024-01-01T00:00:00,F,61,270.2874936458902,49300.0,40100.0,0.005482504942107306,120837.56256049866,1849.6624896512951,0.0022367837278293974,0.0,0.0
BC,SA,2024-01-01T00:00:00,F,62,279.1138901804952,49300.0,38600.0,0.00566153935457394,120837.56256049866,1849.6624896512951,0.002309827211557282,0.0,0.0
BC,SA,2024-01-01T00:00:00,F,63,297.3735425568084,49300.0,38899.99999999999,0.006031917698921063,120837.56256049866,1849.6624896512951,0.002460936287157605,0.0,0.0
BC,SA,2024-01-01T00:00:00,F,64,315.0398800187104,49300.0,38700.0,0.006390261257986012,120837.56256049866,1849.6624896512951,0.0026071353422159787,0.0,0.0
BC,SA,2024-01-01T00:00:00,F,65,231.3572809957841,49300.0,37900.0,0.004692845456303937,120837.56256049866,1849.6624896512951,0.0019146139337257197,0.0,0.0
BC,SA,2024-01-01T00:00:00,F,66,251.81188975994155,49300.0,37600.00000000001,0.005107746242595163,120837.56256049866,1849.6624896512951,0.0020838875298719232,0.0,0.0
BC,SA,2024-01-01T00:00:00,F,67,269.339241449532,49300.0,36600.00000000001,0.005463270617637565,120837.56256049866,1849.6624896512951,0.0022289363981062124,0.0,0.0
BC,SA,2024-01-01T00:00:00,F,68,191.5967212092728,49300.0,35900.00000000001,0.0038863432293970144,120837.56256049866,1849.6624896512951,0.001585572541761158,0.0,0.0
BC,SA,2024-01-01T00:00:00,F,69,216.11307940952247,49300.0,35300.0,0.004383632442383823,120837.56256049866,1849.6624896512951,0.0017884594395167735,0.0,0.0
BC,SA,2024-01-01T00:00:00,F,70,233.86477490922698,49300.0,33800.0,0.004743707401809878,120837.56256049866,1849.6624896512951,0.0019353648811985926,0.0,0.0
BC,SA,2024-01-01T00:00:00,F,71,151.2943330781345,49300.0,32100.0,0.003068850569536197,120837.56256049866,1849.6624896512951,0.001252047210091542,0.0,0.0
BC,SA,2024-01-01T00:00:00,F,72,170.58305850596662,49300.0,30600.0,0.003460102606611899,120837.56256049866,1849.6624896512951,0.0014116724542549617,0.0,0.0
BC,SA,2024-01-01T00:00:00,F,73,97.12092602595294,49300.0,29500.0,0.00196999849951223,120837.56256049866,1849.6624896512951,0.0008037312568045907,0.0,0.0
BC,SA,2024-01-01T00:00:00,F,74,133.01369321458333,49300.0,28999.999999999996,0.0026980465155087897,120837.56256049866,1849.6624896512951,0.0011007644510206713,0.0,0.0
BC,SA,2024-01-01T00:00:00,F,75,54.527995733122225,49300.0,27300.000000000004,0.0011060445381972054,120837.56256049866,1849.6624896512951,0.0004512503775953126,0.0,0.0
BC,SA,2024-01-01T00:00:00,F,76,-5.510168479573622,49300.0,26600.0,-0.00011176812331792337,120837.56256049866,1849.6624896512951,0.0,0.002979012933658193,0.00020714919096141436
BC,SA,2024-01-01T00:00:00,F,77,34.20901214560945,49300.0,25800.0,0.0006938947696878185,120837.56256049866,1849.6624896512951,0.0002830991574203785,0.0,0.0
BC,SA,2024-01-01T00:00:00,F,78,-19.940087243659946,49300.0,20700.000000000004,-0.0004044642442933052,120837.56256049866,1849.6624896512951,0.0,0.010780392290606013,0.0009632892388241518
BC,SA,2024-01-01T00:00:00,F,79,87.77219160284221,49300.0,18900.0,0.001780368998029254,120837.56256049866,1849.6624896512951,0.0007263651280527783,0.0,0.0
BC,SA,2024-01-01T00:00:00,F,80,22.590082593247644,49300.0,18000.000000000004,0.0004582166854614126,120837.56256049866,1849.6624896512951,0.00018694586446940016,0.0,0.0
BC,SA,2024-01-01T00:00:00,F,81,-59.320878107821045,49300.0,16500.000000000004,-0.0012032632476231449,120837.56256049866,1849.6624896512951,0.0,0.03207119052244198,0.003595204733807335
BC,SA,2024-01-01T00:00:00,F,82,-57.85449032773431,49300.0,14700.000000000002,-0.0011735190735848746,120837.56256049866,1849.6624896512951,0.0,0.031278403844715065,0.003935679614131585
BC,SA,2024-01-01T00:00:00,F,83,-31.509011280684717,49300.0,13700.000000000002,-0.0006391280178637874,120837.56256049866,1849.6624896512951,0.0,0.017035005822400015,0.002299927830706913
BC,SA,2024-01-01T00:00:00,F,84,-32.708539305744125,49300.0,12100.0,-0.0006634592151266557,120837.56256049866,1849.6624896512951,0.0,0.017683517662679345,0.0027031850665904236
BC,SA,2024-01-01T00:00:00,F,85,-22.17326377741847,49300.0,10900.0,-0.00044976194274682496,120837.56256049866,1849.6624896512951,0.0,0.011987735006508486,0.0020342443832494007
BC,SA,2024-01-01T00:00:00,F,86,-88.6645552680784,49300.0,10100.000000000002,-0.0017984696808940853,120837.56256049866,1849.6624896512951,0.0,0.04793553189522363,0.008778668838423603
BC,SA,2024-01-01T00:00:00,F,87,-67.92550352287799,49300.0,9200.0,-0.001377799260098945,120837.56256049866,1849.6624896512951,0.0,0.03672318809670166,0.007383206904660651
BC,SA,2024-01-01T00:00:00,F,88,-58.158479506477306,49300.0,8200.0,-0.0011796851826871664,120837.56256049866,1849.6624896512951,0.0,0.03144275230311966,0.007092497500789915
BC,SA,2024-01-01T00:00:00,F,89,-55.694358080875645,49300.0,7200.000000000001,-0.0011297030036688772,120837.56256049866,1849.6624896512951,0.0,0.030110551731724496,0.007735327511232727
BC,SA,2024-01-01T00:00:00,F,90,-62.73821338192829,49300.0,6200.000000000001,-0.0012725803931425616,120837.56256049866,1849.6624896512951,0.0,0.033918735841237675,0.010119066674504561
BC,SA,2024-01-01T00:00:00,F,91,-40.24264425153069,49300.0,5600.0,-0.0008162808164610688,120837.56256049866,1849.6624896512951,0.0,0.02175674993502051,0.007186186473487624
BC,SA,2024-01-01T00:00:00,F,92,-59.883589472055974,49300.0,4700.000000000001,-0.0012146772712384579,120837.56256049866,1849.6624896512951,0.0,0.032375414329424736,0.012741189249373609
BC,SA,2024-01-01T00:00:00,F,93,-72.49812421453089,49300.0,4000.0,-0.0014705501869073203,120837.56256049866,1849.6624896512951,0.0,0.03919532596900881,0.018124531053632723
BC,SA,2024-01-01T00:00:00,F,94,-116.33618308653377,49300.0,3200.0,-0.002359760306014884,120837.56256049866,1849.6624896512951,0.0,0.06289589789349401,0.036355057214541804
BC,SA,2024-01-01T00:00:00,F,95,-65.82094883990612,49300.0,2600.0000000000005,-0.001335110524136027,120837.56256049866,1849.6624896512951,0.0,0.03558538339192623,0.02531574955381004
BC,SA,2024-01-01T00:00:00,F,96,-21.04895379116215,49300.0,2100.0,-0.0004269564663521734,120837.56256049866,1849.6624896512951,0.0,0.011379888984573813,0.010023311329124833
BC,SA,2024-01-01T00:00:00,F,97,6.296409040256094,49300.0,1600.0,0.00012771620771310536,120837.56256049866,1849.6624896512951,5.2106388997243534e-05,0.0,0.0
BC,SA,2024-01-01T00:00:00,F,98,34.689439327491755,49300.0,1200.0,0.0007036397429511512,120837.56256049866,1849.6624896512951,0.0002870749673564799,0.0,0.0
BC,SA,2024-01-01T00:00:00,F,99,-31.568643126957795,49300.0,800.0,-0.0006403375887821054,120837.56256049866,1849.6624896512951,0.0,0.017067245134494362,0.039460803908697245
BC,SA,2024-01-01T00:00:00,F,100,1012.5657121094873,49300.0,1600.0,0.02053885825779893,120837.56256049866,1849.6624896512951,0.008379560880355685,0.0,0.0
BC,SA,2024-01-01T00:00:00,M,1,486.49987960222643,49300.0,24999.999999999996,0.009868151716069501,120837.56256049866,1849.6624896512951,0.004026064985866087,0.0,0.0
BC,SA,2024-01-01T00:00:00,M,2,505.481929762238,49300.0,24699.999999999996,0.010253183159477444,120837.56256049866,1849.6624896512951,0.0041831523166413,0.0,0.0
BC,SA,2024-01-01T00:00:00,M,3,503.6086542233825,49300.0,23400.0,0.010215185684044269,120837.56256049866,1849.6624896512951,0.004167649889257285,0.0,0.0
BC,SA,2024-01-01T00:00:00,M,4,502.567618573652,49300.0,24199.999999999996,0.010194069342264746,120837.56256049866,1849.6624896512951,0.00415903472334636,0.0,0.0
BC,SA,2024-01-01T00:00:00,M,5,602.1273703273291,49300.0,24600.000000000004,0.012213536923475236,120837.56256049866,1849.6624896512951,0.004982948659079973,0.0,0.0
BC,SA,2024-01-01T00:00:00,M,6,601.7097748946107,49300.0,25400.0,0.01220506642788257,120837.56256049866,1849.6624896512951,0.00497949281783434,0.0,0.0
BC,SA,2024-01-01T00:00:00,M,7,601.5187053509107,49300.0,26300.000000000004,0.01220119077790894,120837.56256049866,1849.6624896512951,0.004977911607988234,0.0,0.0
BC,SA,2024-01-01T00:00:00,M,8,601.5364334289297,49300.0,26600.0,0.012201550373811963,120837.56256049866,1849.6624896512951,0.004978058317981745,0.0,0.0
BC,SA,2024-01-01T00:00:00,M,9,501.5896176630122,49300.0,27400.0,0.010174231595598625,120837.56256049866,1849.6624896512951,0.004150941205983742,0.0,0.0
BC,SA,2024-01-01T00:00:00,M,10,501.5777989443268,49300.0,27200.0,0.010173991864996486,120837.56256049866,1849.6624896512951,0.0041508433993213524,0.0,0.0
BC,SA,2024-01-01T00:00:00,M,11,501.59552702235305,49300.0,27500.0,0.010174351460899657,120837.56256049866,1849.6624896512951,0.004150990109314922,0.0,0.0
BC,SA,2024-01-01T00:00:00,M,12,502.1037325614234,49300.0,27200.0,0.010184659889684044,120837.56256049866,1849.6624896512951,0.004155195801057636,0.0,0.0
BC,SA,2024-01-01T00:00:00,M,13,502.340107360058,49300.0,26900.0,0.010189454510346004,120837.56256049866,1849.6624896512951,0.004157151937821949,0.0,0.0
BC,SA,2024-01-01T00:00:00,M,14,703.191056937274,49300.0,27700.0,0.014263510282703326,120837.56256049866,1849.6624896512951,0.005819308516631272,0.0,0.0
BC,SA,2024-01-01T00:00:00,M,15,1104.3177784157488,49300.0,28500.0,0.022399954937439123,120837.56256049866,1849.6624896512951,0.009138861749738289,0.0,0.0
BC,SA,2024-01-01T00:00:00,M,16,1806.5239504547353,49300.0,29400.0,0.036643487838838446,120837.56256049866,1849.6624896512951,0.01495001978006863,0.0,0.0
BC,SA,2024-01-01T00:00:00,M,17,1709.3762231522196,49300.0,29700.0,0.03467294570288478,120837.56256049866,1849.6624896512951,0.014146066727358901,0.0,0.0
BC,SA,2024-01-01T00:00:00,M,18,2412.498368648765,49300.0,30600.000000000004,0.04893505818760172,120837.56256049866,1849.6624896512951,0.01996480496237187,0.0,0.0
BC,SA,2024-01-01T00:00:00,M,19,4616.448828465458,49300.0,33900.0,0.09363993566867054,120837.56256049866,1849.6624896512951,0.038203756602208705,0.0,0.0
BC,SA,2024-01-01T00:00:00,M,20,3622.2223573145966,49300.0,36300.0,0.07347307012808513,120837.56256049866,1849.6624896512951,0.02997596343853006,0.0,0.0
BC,SA,2024-01-01T00:00:00,M,21,2127.36359848376,49300.0,36400.0,0.04315139144997485,120837.56256049866,1849.6624896512951,0.01760515152247193,0.0,0.0
BC,SA,2024-01-01T00:00:00,M,22,1331.142733062814,49300.0,35300.0,0.02700086679640596,120837.56256049866,1849.6624896512951,0.011015968088535074,0.0,0.0
BC,SA,2024-01-01T00:00:00,M,23,1136.874948247474,49300.0,37100.0,0.02306034377783923,120837.56256049866,1849.6624896512951,0.00940829096646405,0.0,0.0
BC,SA,2024-01-01T00:00:00,M,24,1141.958114483903,49300.0,38800.0,0.02316345059805077,120837.56256049866,1849.6624896512951,0.009450357076775436,0.0,0.0
BC,SA,2024-01-01T00:00:00,M,25,1344.8892447902908,49300.0,39600.00000000001,0.027279700705685413,120837.56256049866,1849.6624896512951,0.011129728341855267,0.0,0.0
BC,SA,2024-01-01T00:00:00,M,26,1447.5219523987034,49300.0,40000.0,0.029361500048655242,120837.56256049866,1849.6624896512951,0.011979072746307553,0.0,0.0
BC,SA,2024-01-01T00:00:00,M,27,1651.3533102275615,49300.0,41100.0,0.03349601034944344,120837.56256049866,1849.6624896512951,0.013665893909443873,0.0,0.0
BC,SA,2024-01-01T00:00:00,M,28,1655.1718722910082,49300.0,41900.0,0.03357346596939165,120837.56256049866,1849.6624896512951,0.013697494696339378,0.0,0.0
BC,SA,2024-01-01T00:00:00,M,29,1559.910370261401,49300.0,42600.0,0.03164118398096148,120837.56256049866,1849.6624896512951,0.012909151237475639,0.0,0.0
BC,SA,2024-01-01T00:00:00,M,30,1564.4253149891447,49300.0,42900.0,0.031732765009921796,120837.56256049866,1849.6624896512951,0.012946514989541419,0.0,0.0
BC,SA,2024-01-01T00:00:00,M,31,1469.8208105485319,49300.0,43100.0,0.029813809544594966,120837.56256049866,1849.6624896512951,0.012163608561805025,0.0,0.0
BC,SA,2024-01-01T00:00:00,M,32,1275.6457505353828,49300.0,43399.99999999999,0.02587516735365888,120837.56256049866,1849.6624896512951,0.010556698790549641,0.0,0.0
BC,SA,2024-01-01T00:00:00,M,33,1180.7881490474902,49300.0,43600.0,0.023951078073985603,120837.56256049866,1849.6624896512951,0.00977169783986925,0.0,0.0
BC,SA,2024-01-01T00:00:00,M,34,1285.9955695491226,49300.0,44000.0,0.026085102830611006,120837.56256049866,1849.6624896512951,0.010642349467329539,0.0,0.0
BC,SA,2024-01-01T00:00:00,M,35,1088.5328373932207,49300.0,43400.0,0.022079773577955795,120837.56256049866,1849.6624896512951,0.009008232327164285,0.0,0.0
BC,SA,2024-01-01T00:00:00,M,36,1089.083504052178,49300.0,42300.0,0.02209094328706243,120837.56256049866,1849.6624896512951,0.009012789408979647,0.0,0.0
BC,SA,2024-01-01T00:00:00,M,37,891.0810143497802,49300.0,41900.0,0.018074665605472214,120837.56256049866,1849.6624896512951,0.007374205466149242,0.0,0.0
BC,SA,2024-01-01T00:00:00,M,38,794.7785403978778,49300.0,42000.0,0.016121268567908274,120837.56256049866,1849.6624896512951,0.006577247368755582,0.0,0.0
BC,SA,2024-01-01T00:00:00,M,39,696.7711793047638,49300.0,41200.0,0.01413328964107026,120837.56256049866,1849.6624896512951,0.005766180354357261,0.0,0.0
BC,SA,2024-01-01T00:00:00,M,40,798.2881174448994,49300.0,40300.0,0.01619245674330425,120837.56256049866,1849.6624896512951,0.006606291127771033,0.0,0.0
BC,SA,2024-01-01T00:00:00,M,41,699.9882725000789,49300.0,39200.0,0.014198545081137503,120837.56256049866,1849.6624896512951,0.005792803642076296,0.0,0.0
BC,SA,2024-01-01T00:00:00,M,42,702.7561317384825,49300.0,38399.99999999999,0.014254688270557455,120837.56256049866,1849.6624896512951,0.005815709261651483,0.0,0.0
BC,SA,2024-01-01T00:00:00,M,43,704.5410521802405,49300.0,37200.0,0.014290893553351735,120837.56256049866,1849.6624896512951,0.00583048050003081,0.0,0.0
BC,SA,2024-01-01T00:00:00,M,44,606.3437251158175,49300.0,35900.0,0.012299061361375608,120837.56256049866,1849.6624896512951,0.005017841408479626,0.0,0.0
BC,SA,2024-01-01T00:00:00,M,45,506.8462854915051,49300.0,34300.0,0.010280857717880428,120837.56256049866,1849.6624896512951,0.004194443141285202,0.0,0.0
BC,SA,2024-01-01T00:00:00,M,46,608.8716016521648,49300.0,33300.0,0.012350336747508414,120837.56256049866,1849.6624896512951,0.005038761033824449,0.0,0.0
BC,SA,2024-01-01T00:00:00,M,47,514.3373584003712,49300.0,33100.0,0.010432806458425379,120837.56256049866,1849.6624896512951,0.004256436057644431,0.0,0.0
BC,SA,2024-01-01T00:00:00,M,48,518.6153157100453,49300.0,32599.999999999993,0.010519580440366029,120837.56256049866,1849.6624896512951,0.004291838603169397,0.0,0.0
BC,SA,2024-01-01T00:00:00,M,49,425.2759314460345,49300.0,32499.999999999993,0.008626286641907394,120837.56256049866,1849.6624896512951,0.0035194017690742103,0.0,0.0
BC,SA,2024-01-01T00:00:00,M,50,331.02158676065665,49300.0,32100.0,0.0067144338085325895,120837.56256049866,1849.6624896512951,0.00273939311375076,0.0,0.0
BC,SA,2024-01-01T00:00:00,M,51,338.99726640563676,49300.0,32200.0,0.006876212300317176,120837.56256049866,1849.6624896512951,0.002805396428249817,0.0,0.0
BC,SA,2024-01-01T00:00:00,M,52,349.49258064583046,49300.0,32699.999999999996,0.007089098998901226,120837.56256049866,1849.6624896512951,0.0028922511613129662,0.0,0.0
BC,SA,2024-01-01T00:00:00,M,53,267.72000870598276,49300.0,34500.0,0.005430426140080786,120837.56256049866,1849.6624896512951,0.0022155363202724797,0.0,0.0
BC,SA,2024-01-01T00:00:00,M,54,278.91988298688375,49300.0,34699.99999999999,0.0056576041173810095,120837.56256049866,1849.6624896512951,0.0023082216909765907,0.0,0.0
BC,SA,2024-01-01T00:00:00,M,55,287.75504749018,49300.0,34200.0,0.005836816379111156,120837.56256049866,1849.6624896512951,0.002381337734664354,0.0,0.0
BC,SA,2024-01-01T00:00:00,M,56,294.57312134814856,49300.0,33299.99999999999,0.0059751140232890175,120837.56256049866,1849.6624896512951,0.0024377611986394323,0.0,0.0
BC,SA,2024-01-01T00:00:00,M,57,304.8299491465077,49300.0,32900.0,0.00618316326869184,120837.56256049866,1849.6624896512951,0.002522642319882042,0.0,0.0
BC,SA,2024-01-01T00:00:00,M,58,228.05938661205437,49300.0,34199.99999999999,0.004625951046897655,120837.56256049866,1849.6624896512951,0.0018873219699203543,0.0,0.0
BC,SA,2024-01-01T00:00:00,M,59,256.73041817874764,49300.0,36000.0,0.005207513553321453,120837.56256049866,1849.6624896512951,0.0021245911680005357,0.0,0.0
BC,SA,2024-01-01T00:00:00,M,60,286.6372723615423,49300.0,37500.0,0.0058141434556093765,120837.56256049866,1849.6624896512951,0.002372087505638275,0.0,0.0
BC,SA,2024-01-01T00:00:00,M,61,313.06177073024446,49300.0,38200.0,0.006350137337327474,120837.56256049866,1849.6624896512951,0.0025907653555450245,0.0,0.0
BC,SA,2024-01-01T00:00:00,M,62,223.1848541604195,49300.0,36600.0,0.00452707614929857,120837.56256049866,1849.6624896512951,0.001846982423604246,0.0,0.0
BC,SA,2024-01-01T00:00:00,M,63,346.82311638090323,49300.0,36600.0,0.0070349516507282606,120837.56256049866,1849.6624896512951,0.0028701598164665265,0.0,0.0
BC,SA,2024-01-01T00:00:00,M,64,268.40345302301284,49300.0,36000.0,0.005444289107971863,120837.56256049866,1849.6624896512951,0.0022211922132129545,0.0,0.0
BC,SA,2024-01-01T00:00:00,M,65,286.554769256516,49300.0,35000.0,0.0058124699646352135,120837.56256049866,1849.6624896512951,0.002371404745217773,0.0,0.0
BC,SA,2024-01-01T00:00:00,M,66,316.4884869242378,49300.0,34899.99999999999,0.006419644765197521,120837.56256049866,1849.6624896512951,0.002619123393570475,0.0,0.0
BC,SA,2024-01-01T00:00:00,M,67,232.93391206536035,49300.0,33399.99999999999,0.004724825802542806,120837.56256049866,1849.6624896512951,0.001927661458321285,0.0,0.0
BC,SA,2024-01-01T00:00:00,M,68,162.36614584581548,49300.0,32800.0,0.003293430950219381,120837.56256049866,1849.6624896512951,0.001343672798468813,0.0,0.0
BC,SA,2024-01-01T00:00:00,M,69,285.152576508739,49300.0,31799.999999999996,0.005784027921069757,120837.56256049866,1849.6624896512951,0.0023598007975870437,0.0,0.0
BC,SA,2024-01-01T00:00:00,M,70,199.38685617040392,49300.0,30000.0,0.004044358137330708,120837.56256049866,1849.6624896512951,0.0016500403677919165,0.0,0.0
BC,SA,2024-01-01T00:00:00,M,71,125.63686613484606,49300.0,28900.0,0.002548415134581056,120837.56256049866,1849.6624896512951,0.0010397169842940566,0.0,0.0
BC,SA,2024-01-01T00:00:00,M,72,47.84330134837728,49300.0,27499.999999999996,0.0009704523600076527,120837.56256049866,1849.6624896512951,0.0003959307051102095,0.0,0.0
BC,SA,2024-01-01T00:00:00,M,73,76.70546562140953,49300.0,26500.0,0.0015558917975945139,120837.56256049866,1849.6624896512951,0.0006347816357434891,0.0,0.0
BC,SA,2024-01-01T00:00:00,M,74,16.70835185712349,49300.0,25800.0,0.00033891180237573,120837.56256049866,1849.6624896512951,0.00013827117580891512,0.0,0.0
BC,SA,2024-01-01T00:00:00,M,75,37.133557367065805,49300.0,24299.999999999996,0.0007532161737741543,120837.56256049866,1849.6624896512951,0.00030730144319548384,0.0,0.0
BC,SA,2024-01-01T00:00:00,M,76,-9.679532114056201,49300.0,23899.999999999996,-0.00019633939379424343,120837.56256049866,1849.6624896512951,0.0,0.005233134243794402,0.00040500134368435994
BC,SA,2024-01-01T00:00:00,M,77,27.39914329239764,49300.0,22900.0,0.0005557635556267269,120837.56256049866,1849.6624896512951,0.00022674359455636948,0.0,0.0
BC,SA,2024-01-01T00:00:00,M,78,44.247672329143825,49300.0,18399.999999999996,0.0008975187085019031,120837.56256049866,1849.6624896512951,0.0003661748167668538,0.0,0.0
BC,SA,2024-01-01T00:00:00,M,79,42.56903383075405,49300.0,16600.0,0.0008634692460599199,120837.56256049866,1849.6624896512951,0.000352283122306786,0.0,0.0
BC,SA,2024-01-01T00:00:00,M,80,-19.802384202446774,49300.0,15799.999999999998,-0.00040167107915713537,120837.56256049866,1849.6624896512951,0.0,0.010705944632190703,0.0012533154558510618
BC,SA,2024-01-01T00:00:00,M,81,-7.586306088036508,49300.0,14499.999999999998,-0.0001538804480331949,120837.56256049866,1849.6624896512951,0.0,0.004101454254752555,0.0005231935233128627
BC,SA,2024-01-01T00:00:00,M,82,-29.464510568226615,49300.0,12600.0,-0.0005976574151770104,120837.56256049866,1849.6624896512951,0.0,0.015929668646619616,0.002338453219700525
BC,SA,2024-01-01T00:00:00,M,83,-29.42312704539654,49300.0,11300.0,-0.0005968179928072321,120837.56256049866,1849.6624896512951,0.0,0.015907295093032618,0.0026038165526899595
BC,SA,2024-01-01T00:00:00,M,84,-30.093408875143723,49300.0,10100.0,-0.0006104139731266475,120837.56256049866,1849.6624896512951,0.0,0.016269675707602762,0.002979545433182547
BC,SA,2024-01-01T00:00:00,M,85,-38.02018363020579,49300.0,8900.0,-0.0007712004793145192,120837.56256049866,1849.6624896512951,0.0,0.020555200661161427,0.004271930744966943
BC,SA,2024-01-01T00:00:00,M,86,-47.50470170464905,49300.0,7799.999999999999,-0.0009635842130760457,120837.56256049866,1849.6624896512951,0.0,0.02568290267572264,0.0060903463723909045
BC,SA,2024-01-01T00:00:00,M,87,-57.99319973687943,49300.0,6800.0,-0.0011763326518636802,120837.56256049866,1849.6624896512951,0.0,0.03135339558505753,0.008528411726011681
BC,SA,2024-01-01T00:00:00,M,88,-40.45755538089361,49300.0,6200.0,-0.0008206400685779637,120837.56256049866,1849.6624896512951,0.0,0.021872939310414848,0.006525412158208646
BC,SA,2024-01-01T00:00:00,M,89,-79.99199407213473,49300.0,5100.0,-0.001622555660692388,120837.56256049866,1849.6624896512951,0.0,0.043246805576521746,0.015684704720026418
BC,SA,2024-01-01T00:00:00,M,90,-89.3453871311749,49300.0,4400.0,-0.0018122796578331623,120837.56256049866,1849.6624896512951,0.0,0.04830361627110609,0.02030576980253975
BC,SA,2024-01-01T00:00:00,M,91,-122.4664009217604,49300.0,3600.0,-0.0024841054953703935,120837.56256049866,1849.6624896512951,0.0,0.06621013379843595,0.034018444700489
BC,SA,2024-01-01T00:00:00,M,92,-58.5441706219699,49300.0,2999.9999999999995,-0.0011875085318857992,120837.56256049866,1849.6624896512951,0.0,0.03165127202909697,0.019514723540656635
BC,SA,2024-01-01T00:00:00,M,93,-14.001677968881268,49300.0,2400.0,-0.0002840096951091535,120837.56256049866,1849.6624896512951,0.0,0.007569855607290232,0.0058340324870338614
BC,SA,2024-01-01T00:00:00,M,94,-72.64616284664908,49300.0,1800.0,-0.0014735529989178312,120837.56256049866,1849.6624896512951,0.0,0.03927536145275054,0.04035897935924949
BC,SA,2024-01-01T00:00:00,M,95,-51.53724225775977,49300.0,1300.0,-0.0010453801675001982,120837.56256049866,1849.6624896512951,0.0,0.027863052068205024,0.039644032505969054
BC,SA,2024-01-01T00:00:00,M,96,-32.92217268029822,49300.0,900.0,-0.0006677925492961099,120837.56256049866,1849.6624896512951,0.0,0.017799016233769664,0.03658019186699802
BC,SA,2024-01-01T00:00:00,M,97,-6.188373940015936,49300.0,600.0,-0.0001255248263694916,120837.56256049866,1849.6624896512951,0.0,0.0033456773733799346,0.010313956566693226
BC,SA,2024-01-01T00:00:00,M,98,-42.39736279916542,49300.0,400.0,-0.0008599870750337814,120837.56256049866,1849.6624896512951,0.0,0.02292167519013608,0.10599340699791356
BC,SA,2024-01-01T00:00:00,M,99,13.454693458598058,49300.0,300.0,0.00027291467461659346,120837.56256049866,1849.6624896512951,0.00011134529010266834,0.0,0.0
BC,SA,2024-01-01T00:00:00,M,100,191.49808228786398,49300.0,400.0,0.003884342439916105,120837.56256049866,1849.6624896512951,0.0015847562482236297,0.0,0.0
BC,SA,2025-01-01T00:00:00,F,1,479.3764857565293,50700.0,24400.0,0.009455157509990715,114838.44076603036,1639.9031428340993,0.0041743555777912535,0.0,0.0
BC,SA,2025-01-01T00:00:00,F,2,403.4680560876368,50700.0,24099.999999999996,0.007957949824213743,114838.44076603036,1639.9031428340993,0.003513353659247733,0.0,0.0
BC,SA,2025-01-01T00:00:00,F,3,402.72761679478936,50700.0,23700.0,0.007943345498911033,114838.44076603036,1639.9031428340993,0.0035069059986220026,0.0,0.0
BC,SA,2025-01-01T00:00:00,F,4,402.13643700226385,50700.0,22300.0,0.007931685147973646,114838.44076603036,1639.9031428340993,0.0035017580726437146,0.0,0.0
BC,SA,2025-01-01T00:00:00,F,5,501.9579123354815,50700.0,22800.0,0.009900550539161371,114838.44076603036,1639.9031428340993,0.004370992056206693,0.0,0.0
BC,SA,2025-01-01T00:00:00,F,6,601.79499642058,50700.0,23600.0,0.011869723795277712,114838.44076603036,1639.9031428340993,0.005240361958994772,0.0,0.0
BC,SA,2025-01-01T00:00:00,F,7,501.6389093744219,50700.0,24500.0,0.009894258567542839,114838.44076603036,1639.9031428340993,0.0043682142149287055,0.0,0.0
BC,SA,2025-01-01T00:00:00,F,8,501.4457518445197,50700.0,25200.0,0.009890448754329777,114838.44076603036,1639.9031428340993,0.0043665322212633985,0.0,0.0
BC,SA,2025-01-01T00:00:00,F,9,401.4574583371832,50700.0,25300.0,0.007918293063849767,114838.44076603036,1639.9031428340993,0.0034958456041309805,0.0,0.0
BC,SA,2025-01-01T00:00:00,F,10,501.4691648298576,50700.0,25600.000000000004,0.009890910548912378,114838.44076603036,1639.9031428340993,0.004366736098860322,0.0,0.0
BC,SA,2025-01-01T00:00:00,F,11,401.4867245688547,50700.0,25800.0,0.007918870307078002,114838.44076603036,1639.9031428340993,0.003496100451127128,0.0,0.0
BC,SA,2025-01-01T00:00:00,F,12,401.76182757750576,50700.0,26200.0,0.00792429640192319,114838.44076603036,1639.9031428340993,0.003498496016643483,0.0,0.0
BC,SA,2025-01-01T00:00:00,F,13,502.0135177239499,50700.0,26300.0,0.0099016472923856,114838.44076603036,1639.9031428340993,0.004371476261565956,0.0,0.0
BC,SA,2025-01-01T00:00:00,F,14,702.2476482416314,50700.0,26299.999999999996,0.013851038426856635,114838.44076603036,1639.9031428340993,0.006115092155181533,0.0,0.0
BC,SA,2025-01-01T00:00:00,F,15,1203.078812090258,50700.0,27499.999999999996,0.023729365129985365,114838.44076603036,1639.9031428340993,0.01047627261451057,0.0,0.0
BC,SA,2025-01-01T00:00:00,F,16,2004.5109139787273,50700.0,29200.000000000004,0.03953670441772638,114838.44076603036,1639.9031428340993,0.017455051641311288,0.0,0.0
BC,SA,2025-01-01T00:00:00,F,17,1806.7429694652928,50700.0,30599.999999999996,0.0356359560052326,114838.44076603036,1639.9031428340993,0.015732911013188664,0.0,0.0
BC,SA,2025-01-01T00:00:00,F,18,2508.5457898157983,50700.0,31700.000000000004,0.049478220706426004,114838.44076603036,1639.9031428340993,0.021844129658000682,0.0,0.0
BC,SA,2025-01-01T00:00:00,F,19,4710.571040450937,50700.0,34800.0,0.0929106714092887,114838.44076603036,1639.9031428340993,0.0410191135392387,0.0,0.0
BC,SA,2025-01-01T00:00:00,F,20,3213.359173586279,50700.0,36600.00000000001,0.06337986535673135,114838.44076603036,1639.9031428340993,0.02798156394454289,0.0,0.0
BC,SA,2025-01-01T00:00:00,F,21,1615.452717734086,50700.0,36800.0,0.03186297273637251,114838.44076603036,1639.9031428340993,0.014067177392502033,0.0,0.0
BC,SA,2025-01-01T00:00:00,F,22,816.2019523014096,50700.0,35400.0,0.016098657836319717,114838.44076603036,1639.9031428340993,0.007107393193924706,0.0,0.0
BC,SA,2025-01-01T00:00:00,F,23,1116.6673023963522,50700.0,34600.0,0.02202499610249215,114838.44076603036,1639.9031428340993,0.009723811077088976,0.0,0.0
BC,SA,2025-01-01T00:00:00,F,24,1318.4067202494407,50700.0,36900.0,0.026004077322474176,114838.44076603036,1639.9031428340993,0.011480534840555154,0.0,0.0
BC,SA,2025-01-01T00:00:00,F,25,1619.130580034529,50700.0,38600.0,0.03193551439910314,114838.44076603036,1639.9031428340993,0.014099203796517185,0.0,0.0
BC,SA,2025-01-01T00:00:00,F,26,1419.492509927084,50700.0,39100.0,0.02799787988021862,114838.44076603036,1639.9031428340993,0.012360778328740381,0.0,0.0
BC,SA,2025-01-01T00:00:00,F,27,1620.071017333299,50700.0,39700.0,0.03195406345825048,114838.44076603036,1639.9031428340993,0.01410739301689058,0.0,0.0
BC,SA,2025-01-01T00:00:00,F,28,1520.5500186422069,50700.0,39800.0,0.029991124628051417,114838.44076603036,1639.9031428340993,0.013240775549540475,0.0,0.0
BC,SA,2025-01-01T00:00:00,F,29,1622.1314004741434,50700.0,41400.0,0.03199470217897719,114838.44076603036,1639.9031428340993,0.01412533459748938,0.0,0.0
BC,SA,2025-01-01T00:00:00,F,30,1423.080625053939,50700.0,41500.0,0.028068651381734498,114838.44076603036,1639.9031428340993,0.012392023224638659,0.0,0.0
BC,SA,2025-01-01T00:00:00,F,31,1324.55665582644,50700.0,41899.99999999999,0.026125377826951478,114838.44076603036,1639.9031428340993,0.011534087775756782,0.0,0.0
BC,SA,2025-01-01T00:00:00,F,32,1126.5916883618702,50700.0,42400.0,0.022220743360194677,114838.44076603036,1639.9031428340993,0.009810231494323113,0.0,0.0
BC,SA,2025-01-01T00:00:00,F,33,1128.7496449768587,50700.0,43200.0,0.02226330660703863,114838.44076603036,1639.9031428340993,0.009829022733568385,0.0,0.0
BC,SA,2025-01-01T00:00:00,F,34,1131.0227291624033,50700.0,43500.0,0.022308140614643063,114838.44076603036,1639.9031428340993,0.00984881649052278,0.0,0.0
BC,SA,2025-01-01T00:00:00,F,35,1033.4031303666197,50700.0,43799.99999999999,0.02038270474095897,114838.44076603036,1639.9031428340993,0.008998756195863504,0.0,0.0
BC,SA,2025-01-01T00:00:00,F,36,935.9015977059898,50700.0,43199.99999999999,0.018459597587889346,114838.44076603036,1639.9031428340993,0.008149724007597578,0.0,0.0
BC,SA,2025-01-01T00:00:00,F,37,838.423487090753,50700.0,42700.0,0.016536952408101636,114838.44076603036,1639.9031428340993,0.0073008957758224965,0.0,0.0
BC,SA,2025-01-01T00:00:00,F,38,740.4966257982087,50700.0,41800.0,0.014605456130142183,114838.44076603036,1639.9031428340993,0.0064481598745047605,0.0,0.0
BC,SA,2025-01-01T00:00:00,F,39,642.6048711162875,50700.0,41800.0,0.012674652290262082,114838.44076603036,1639.9031428340993,0.005595729677534707,0.0,0.0
BC,SA,2025-01-01T00:00:00,F,40,643.7482867070139,50700.0,41000.0,0.012697204866016054,114838.44076603036,1639.9031428340993,0.005605686409645481,0.0,0.0
BC,SA,2025-01-01T00:00:00,F,41,544.8760850406106,50700.0,40500.0,0.010747062821313819,114838.44076603036,1639.9031428340993,0.004744718592537587,0.0,0.0
BC,SA,2025-01-01T00:00:00,F,42,645.7404822156168,50700.0,40000.0,0.012736498663029916,114838.44076603036,1639.9031428340993,0.005623034220146162,0.0,0.0
BC,SA,2025-01-01T00:00:00,F,43,646.7980437392325,50700.0,39600.00000000001,0.012757357864679143,114838.44076603036,1639.9031428340993,0.005632243344865736,0.0,0.0
BC,SA,2025-01-01T00:00:00,F,44,547.0771140440556,50700.0,38200.00000000001,0.010790475622170722,114838.44076603036,1639.9031428340993,0.004763884901212305,0.0,0.0
BC,SA,2025-01-01T00:00:00,F,45,448.36883993637457,50700.0,37400.0,0.008843566862650386,114838.44076603036,1639.9031428340993,0.0039043445465257814,0.0,0.0
BC,SA,2025-01-01T00:00:00,F,46,548.5572083988736,50700.0,35800.00000000001,0.010819668804711512,114838.44076603036,1639.9031428340993,0.0047767733934710385,0.0,0.0
BC,SA,2025-01-01T00:00:00,F,47,349.66847140070604,50700.0,34700.0,0.0068968140315721115,114838.44076603036,1639.9031428340993,0.0030448730326556235,0.0,0.0
BC,SA,2025-01-01T00:00:00,F,48,352.22947060494334,50700.0,34400.0,0.006947326836389415,114838.44076603036,1639.9031428340993,0.0030671739206436016,0.0,0.0
BC,SA,2025-01-01T00:00:00,F,49,356.04508969303424,50700.0,34700.0,0.007022585595523358,114838.44076603036,1639.9031428340993,0.0031003998950006094,0.0,0.0
BC,SA,2025-01-01T00:00:00,F,50,259.3739411467177,50700.0,34200.0,0.005115856827351434,114838.44076603036,1639.9031428340993,0.00225859859657239,0.0,0.0
BC,SA,2025-01-01T00:00:00,F,51,263.8296442797364,50700.0,34100.0,0.005203740518337996,114838.44076603036,1639.9031428340993,0.002297398349540968,0.0,0.0
BC,SA,2025-01-01T00:00:00,F,52,269.1965950031372,50700.0,34300.0,0.005309597534578643,114838.44076603036,1639.9031428340993,0.0023441331422427896,0.0,0.0
BC,SA,2025-01-01T00:00:00,F,53,275.6123659102668,50700.0,34800.00000000001,0.005436141339452995,114838.44076603036,1639.9031428340993,0.002400000941076814,0.0,0.0
BC,SA,2025-01-01T00:00:00,F,54,287.35498882950924,50700.0,37199.99999999999,0.005667751258964679,114838.44076603036,1639.9031428340993,0.0025022543576236882,0.0,0.0
BC,SA,2025-01-01T00:00:00,F,55,295.08608761351206,50700.0,37399.99999999999,0.005820238414467694,114838.44076603036,1639.9031428340993,0.0025695758810824923,0.0,0.0
BC,SA,2025-01-01T00:00:00,F,56,202.79389776990865,50700.0,37199.99999999999,0.003999879640432124,114838.44076603036,1639.9031428340993,0.001765906053906436,0.0,0.0
BC,SA,2025-01-01T00:00:00,F,57,207.87549441914598,50700.0,36000.0,0.004100108371186312,114838.44076603036,1639.9031428340993,0.0018101560159865593,0.0,0.0
BC,SA,2025-01-01T00:00:00,F,58,214.049899649508,50700.0,35100.0,0.004221891511824616,114838.44076603036,1639.9031428340993,0.0018639220301293466,0.0,0.0
BC,SA,2025-01-01T00:00:00,F,59,228.9114477897092,50700.0,36500.0,0.004515018694077105,114838.44076603036,1639.9031428340993,0.00199333469056837,0.0,0.0
BC,SA,2025-01-01T00:00:00,F,60,246.8134234140889,50700.0,38100.00000000001,0.00486811486023844,114838.44076603036,1639.9031428340993,0.0021492230455909954,0.0,0.0
BC,SA,2025-01-01T00:00:00,F,61,268.2007636038252,50700.0,40099.99999999999,0.005289955889621799,114838.44076603036,1639.9031428340993,0.0023354615563812146,0.0,0.0
BC,SA,2025-01-01T00:00:00,F,62,284.27237403558684,50700.0,40200.00000000001,0.005606950178216703,114838.44076603036,1639.9031428340993,0.002475411300774781,0.0,0.0
BC,SA,2025-01-01T00:00:00,F,63,293.9519541548216,50700.0,38700.0,0.005797868918241056,114838.44076603036,1639.9031428340993,0.002559699976715233,0.0,0.0
BC,SA,2025-01-01T00:00:00,F,64,214.0590221746388,50700.0,38900.00000000001,0.0042220714432867614,114838.44076603036,1639.9031428340993,0.0018640014680341974,0.0,0.0
BC,SA,2025-01-01T00:00:00,F,65,233.3511842628941,50700.0,38700.0,0.00460258746080659,114838.44076603036,1639.9031428340993,0.002031995407690351,0.0,0.0
BC,SA,2025-01-01T00:00:00,F,66,250.71819229343237,50700.0,37900.0,0.004945131997898074,114838.44076603036,1639.9031428340993,0.002183225326127867,0.0,0.0
BC,SA,2025-01-01T00:00:00,F,67,173.31796614026098,50700.0,37500.0,0.0034185003183483426,114838.44076603036,1639.9031428340993,0.0015092330145214676,0.0,0.0
BC,SA,2025-01-01T00:00:00,F,68,192.83768788430461,50700.0,36500.0,0.0038035046919981186,114838.44076603036,1639.9031428340993,0.0016792085176181419,0.0,0.0
BC,SA,2025-01-01T00:00:00,F,69,216.6677495416152,50700.0,35800.0,0.0042735256319845205,114838.44076603036,1639.9031428340993,0.0018867179674012635,0.0,0.0
BC,SA,2025-01-01T00:00:00,F,70,143.41613966997102,50700.0,35100.00000000001,0.0028287207035497244,114838.44076603036,1639.9031428340993,0.001248851331603886,0.0,0.0
BC,SA,2025-01-01T00:00:00,F,71,163.13315951214463,50700.0,33600.00000000001,0.0032176165584249434,114838.44076603036,1639.9031428340993,0.0014205448839601455,0.0,0.0
BC,SA,2025-01-01T00:00:00,F,72,81.52819879042363,50700.0,31800.000000000004,0.0016080512581937599,114838.44076603036,1639.9031428340993,0.0007099382249235482,0.0,0.0
BC,SA,2025-01-01T00:00:00,F,73,102.82982547780557,50700.0,30300.0,0.0020282016859527728,114838.44076603036,1639.9031428340993,0.0008954303523443783,0.0,0.0
BC,SA,2025-01-01T00:00:00,F,74,130.68274538484184,50700.0,29200.000000000007,0.0025775689425018115,114838.44076603036,1639.9031428340993,0.0011379703913874306,0.0,0.0
BC,SA,2025-01-01T00:00:00,F,75,70.09867637023854,50700.0,28600.000000000004,0.0013826168909317265,114838.44076603036,1639.9031428340993,0.0006104112516910278,0.0,0.0
BC,SA,2025-01-01T00:00:00,F,76,-7.880348510705517,50700.0,26800.0,-0.00015543093709478336,114838.44076603036,1639.9031428340993,0.0,0.00480537435710173,0.00029404285487707153
BC,SA,2025-01-01T00:00:00,F,77,33.7871625910484,50700.0,26100.000000000007,0.000666413463334288,114838.44076603036,1639.9031428340993,0.00029421474521659275,0.0,0.0
BC,SA,2025-01-01T00:00:00,F,78,-22.804706883380277,50700.0,25200.000000000004,-0.00044979697994832895,114838.44076603036,1639.9031428340993,0.0,0.01390613036082663,0.0009049486858484236
BC,SA,2025-01-01T00:00:00,F,79,16.877492516818165,50700.0,20200.000000000004,0.00033288939875381,114838.44076603036,1639.9031428340993,0.00014696727336453518,0.0,0.0
BC,SA,2025-01-01T00:00:00,F,80,-72.49729433080574,50700.0,18300.0,-0.0014299269098778254,114838.44076603036,1639.9031428340993,0.0,0.0442082781825243,0.003961600783104139
BC,SA,2025-01-01T00:00:00,F,81,-37.649006466701394,50700.0,17400.0,-0.0007425839539783312,114838.44076603036,1639.9031428340993,0.0,0.022958067146353504,0.0021637360038334135
BC,SA,2025-01-01T00:00:00,F,82,-22.27621000979707,50700.0,15900.000000000004,-0.00043937297849698363,114838.44076603036,1639.9031428340993,0.0,0.013583857136403232,0.0014010194974715135
BC,SA,2025-01-01T00:00:00,F,83,-22.516133887666,50700.0,14100.000000000002,-0.000444105204884931,114838.44076603036,1639.9031428340993,0.0,0.013730160824470013,0.0015968889282032624
BC,SA,2025-01-01T00:00:00,F,84,-95.23821319096896,50700.0,13000.0,-0.0018784657434116167,114838.44076603036,1639.9031428340993,0.0,0.058075511109989826,0.007326016399305305
BC,SA,2025-01-01T00:00:00,F,85,0.8640710689960542,50700.0,11500.000000000002,1.7042821873689433e-05,114838.44076603036,1639.9031428340993,7.524231983926847e-06,0.0,0.0
BC,SA,2025-01-01T00:00:00,F,86,-90.17194349228339,50700.0,10200.0,-0.0017785393193744258,114838.44076603036,1639.9031428340993,0.0,0.054986139813383864,0.008840386616890529
BC,SA,2025-01-01T00:00:00,F,87,-62.59090657926936,50700.0,9400.0,-0.0012345346465339124,114838.44076603036,1639.9031428340993,0.0,0.03816744107892801,0.0066586070829009955
BC,SA,2025-01-01T00:00:00,F,88,-44.10596968340906,50700.0,8500.0,-0.0008699402304419932,114838.44076603036,1639.9031428340993,0.0,0.026895472379658118,0.005188937609812831
BC,SA,2025-01-01T00:00:00,F,89,-38.79329780108492,50700.0,7499.999999999999,-0.00076515380278274,114838.44076603036,1639.9031428340993,0.0,0.023655846975231657,0.005172439706811323
BC,SA,2025-01-01T00:00:00,F,90,-142.46691417337115,50700.0,6400.0,-0.002809998307167084,114838.44076603036,1639.9031428340993,0.0,0.08687520040187142,0.022260455339589244
BC,SA,2025-01-01T00:00:00,F,91,-57.87750977993892,50700.0,5500.0,-0.0011415682402354816,114838.44076603036,1639.9031428340993,0.0,0.035293248892684204,0.01052318359635253
BC,SA,2025-01-01T00:00:00,F,92,-143.38670499470754,50700.0,4800.0,-0.0028281401379626732,114838.44076603036,1639.9031428340993,0.0,0.08743608158888275,0.02987223020723074
BC,SA,2025-01-01T00:00:00,F,93,-79.20014494656789,50700.0,4000.0,-0.0015621330364214573,114838.44076603036,1639.9031428340993,0.0,0.04829562361207095,0.019800036236641973
BC,SA,2025-01-01T00:00:00,F,94,-7.6462029957469895,50700.0,3400.0000000000005,-0.00015081268236187355,114838.44076603036,1639.9031428340993,0.0,0.004662594269154661,0.002248883234043232
BC,SA,2025-01-01T00:00:00,F,95,-71.30844834123809,50700.0,2600.0,-0.0014064782710303371,114838.44076603036,1639.9031428340993,0.0,0.043483329276387636,0.027426326285091573
BC,SA,2025-01-01T00:00:00,F,96,-25.868073006359737,50700.0,2100.0,-0.0005102184024923025,114838.44076603036,1639.9031428340993,0.0,0.015774146857023663,0.012318130003028446
BC,SA,2025-01-01T00:00:00,F,97,-77.5825972299167,50700.0,1600.0,-0.00153022874220743,114838.44076603036,1639.9031428340993,0.0,0.04730925577460482,0.04848912326869794
BC,SA,2025-01-01T00:00:00,F,98,-46.42031628589052,50700.0,1200.0,-0.0009155880924238761,114838.44076603036,1639.9031428340993,0.0,0.02830674268095273,0.03868359690490877
BC,SA,2025-01-01T00:00:00,F,99,-9.898209346709905,50700.0,900.0,-0.0001952309535840218,114838.44076603036,1639.9031428340993,0.0,0.006035849976849064,0.010998010385233228
BC,SA,2025-01-01T00:00:00,F,100,1110.638637773065,50700.0,1700.0,0.02190608753004073,114838.44076603036,1639.9031428340993,0.009671314155473941,0.0,0.0
BC,SA,2025-01-01T00:00:00,M,1,487.62191572610027,50700.0,25700.0,0.0096177892648146,114838.44076603036,1639.9031428340993,0.004246155838353569,0.0,0.0
BC,SA,2025-01-01T00:00:00,M,2,505.57761266399393,50700.0,25500.000000000004,0.009971945022958461,114838.44076603036,1639.9031428340993,0.00440251199242637,0.0,0.0
BC,SA,2025-01-01T00:00:00,M,3,503.83350938748845,50700.0,25200.0,0.009937544563855788,114838.44076603036,1639.9031428340993,0.004387324540690945,0.0,0.0
BC,SA,2025-01-01T00:00:00,M,4,502.49682144952385,50700.0,23900.0,0.00991117991024702,114838.44076603036,1639.9031428340993,0.004375684815098642,0.0,0.0
BC,SA,2025-01-01T00:00:00,M,5,502.11269380560407,50700.0,24700.0,0.009903603428118423,114838.44076603036,1639.9031428340993,0.004372339875535222,0.0,0.0
BC,SA,2025-01-01T00:00:00,M,6,601.6703657260477,50700.0,25200.0,0.011867265596174513,114838.44076603036,1639.9031428340993,0.005239276689169609,0.0,0.0
BC,SA,2025-01-01T00:00:00,M,7,601.4783023247037,50700.0,26000.0,0.011863477363406384,114838.44076603036,1639.9031428340993,0.0052376042230505735,0.0,0.0
BC,SA,2025-01-01T00:00:00,M,8,601.5306831157322,50700.0,26900.0,0.0118645105151032,114838.44076603036,1639.9031428340993,0.005238060348984356,0.0,0.0
BC,SA,2025-01-01T00:00:00,M,9,501.5481433794157,50700.0,27100.0,0.009892468311231079,114838.44076603036,1639.9031428340993,0.004367423835031515,0.0,0.0
BC,SA,2025-01-01T00:00:00,M,10,601.5947040825522,50700.0,27999.999999999996,0.011865773256066118,114838.44076603036,1639.9031428340993,0.00523861783623682,0.0,0.0
BC,SA,2025-01-01T00:00:00,M,11,601.5830639067717,50700.0,27800.0,0.01186554366680023,114838.44076603036,1639.9031428340993,0.0052385164749182336,0.0,0.0
BC,SA,2025-01-01T00:00:00,M,12,502.1340335071327,50700.0,28000.0,0.009904024329529245,114838.44076603036,1639.9031428340993,0.004372525699214002,0.0,0.0
BC,SA,2025-01-01T00:00:00,M,13,502.3745979963751,50700.0,27700.0,0.009908769191250002,114838.44076603036,1639.9031428340993,0.004374620507255959,0.0,0.0
BC,SA,2025-01-01T00:00:00,M,14,703.1312129199541,50700.0,27600.000000000004,0.013868465738066157,114838.44076603036,1639.9031428340993,0.006122786135284614,0.0,0.0
BC,SA,2025-01-01T00:00:00,M,15,1204.299117815117,50700.0,28900.000000000004,0.023753434276432287,114838.44076603036,1639.9031428340993,0.01048689889711001,0.0,0.0
BC,SA,2025-01-01T00:00:00,M,16,1806.6349360107924,50700.0,30299.999999999996,0.03563382516786573,114838.44076603036,1639.9031428340993,0.015731970270230298,0.0,0.0
BC,SA,2025-01-01T00:00:00,M,17,1709.6963478434045,50700.0,31100.000000000004,0.033721821456477404,114838.44076603036,1639.9031428340993,0.014887840138187763,0.0,0.0
BC,SA,2025-01-01T00:00:00,M,18,2512.9643973991006,50700.0,32199.999999999996,0.0495653727297653,114838.44076603036,1639.9031428340993,0.02188260638716757,0.0,0.0
BC,SA,2025-01-01T00:00:00,M,19,4916.919254257311,50700.0,35500.0,0.09698065590251106,114838.44076603036,1639.9031428340993,0.04281597017043229,0.0,0.0
BC,SA,2025-01-01T00:00:00,M,20,3722.6900413071417,50700.0,37599.99999999999,0.07342583907903633,114838.44076603036,1639.9031428340993,0.03241675885247936,0.0,0.0
BC,SA,2025-01-01T00:00:00,M,21,2028.5219821870996,50700.0,38300.0,0.040010295506648905,114838.44076603036,1639.9031428340993,0.017664137275426543,0.0,0.0
BC,SA,2025-01-01T00:00:00,M,22,1132.8377925889727,50700.0,37500.0,0.022343940682228256,114838.44076603036,1639.9031428340993,0.009864621855124232,0.0,0.0
BC,SA,2025-01-01T00:00:00,M,23,935.6122243360733,50700.0,36200.0,0.01845389002635253,114838.44076603036,1639.9031428340993,0.008147204177408432,0.0,0.0
BC,SA,2025-01-01T00:00:00,M,24,1040.6672289787166,50700.0,38100.0,0.020525980847706442,114838.44076603036,1639.9031428340993,0.009062011135269174,0.0,0.0
BC,SA,2025-01-01T00:00:00,M,25,1244.7890340602753,50700.0,40000.0,0.024552051953851583,114838.44076603036,1639.9031428340993,0.010839480454078829,0.0,0.0
BC,SA,2025-01-01T00:00:00,M,26,1248.0174386017388,50700.0,40800.0,0.024615728572026405,114838.44076603036,1639.9031428340993,0.010867593031365044,0.0,0.0
BC,SA,2025-01-01T00:00:00,M,27,1551.2187086922495,50700.0,41500.0,0.03059602975724358,114838.44076603036,1639.9031428340993,0.013507834992750144,0.0,0.0
BC,SA,2025-01-01T00:00:00,M,28,1455.4181771069561,50700.0,42500.0,0.02870647292124174,114838.44076603036,1639.9031428340993,0.012673614927184508,0.0,0.0
BC,SA,2025-01-01T00:00:00,M,29,1360.1551099087228,50700.0,43200.0,0.026827516960724315,114838.44076603036,1639.9031428340993,0.011844075039993593,0.0,0.0
BC,SA,2025-01-01T00:00:00,M,30,1365.2927220513375,50700.0,43900.0,0.026928850533556953,114838.44076603036,1639.9031428340993,0.011888812778579593,0.0,0.0
BC,SA,2025-01-01T00:00:00,M,31,1270.7466475779802,50700.0,44100.00000000001,0.02506403644138028,114838.44076603036,1639.9031428340993,0.011065516381983756,0.0,0.0
BC,SA,2025-01-01T00:00:00,M,32,1176.0939051150272,50700.0,44200.0,0.023197118444083377,114838.44076603036,1639.9031428340993,0.010241291132741678,0.0,0.0
BC,SA,2025-01-01T00:00:00,M,33,1081.2549234578692,50700.0,44400.0,0.0213265270898988,114838.44076603036,1639.9031428340993,0.009415444133909805,0.0,0.0
BC,SA,2025-01-01T00:00:00,M,34,1186.2821058808477,50700.0,44700.0,0.023398069149523623,114838.44076603036,1639.9031428340993,0.0103300088190657,0.0,0.0
BC,SA,2025-01-01T00:00:00,M,35,1090.488556233504,50700.0,45000.00000000001,0.021508650024329466,114838.44076603036,1639.9031428340993,0.009495849551416712,0.0,0.0
BC,SA,2025-01-01T00:00:00,M,36,992.2019014836551,50700.0,44300.00000000001,0.01957005722847446,114838.44076603036,1639.9031428340993,0.00863998060984778,0.0,0.0
BC,SA,2025-01-01T00:00:00,M,37,792.3272074947454,50700.0,43000.0,0.01562775557188847,114838.44076603036,1639.9031428340993,0.0068994946483905825,0.0,0.0
BC,SA,2025-01-01T00:00:00,M,38,694.7060668348204,50700.0,42500.0,0.013702289286682847,114838.44076603036,1639.9031428340993,0.006049420927354815,0.0,0.0
BC,SA,2025-01-01T00:00:00,M,39,598.5992667376267,50700.0,42500.0,0.011806691651629718,114838.44076603036,1639.9031428340993,0.005212533910637131,0.0,0.0
BC,SA,2025-01-01T00:00:00,M,40,700.7182307141775,50700.0,41800.0,0.013820872400674112,114838.44076603036,1639.9031428340993,0.006101774162380064,0.0,0.0
BC,SA,2025-01-01T00:00:00,M,41,602.818806541567,50700.0,40800.0,0.011889917288788304,114838.44076603036,1639.9031428340993,0.005249277180362789,0.0,0.0
BC,SA,2025-01-01T00:00:00,M,42,604.9563226990213,50700.0,39700.0,0.011932077370789374,114838.44076603036,1639.9031428340993,0.0052678904264430735,0.0,0.0
BC,SA,2025-01-01T00:00:00,M,43,508.0300315018467,50700.0,38799.99999999999,0.010020316203192242,114838.44076603036,1639.9031428340993,0.004423867375009883,0.0,0.0
BC,SA,2025-01-01T00:00:00,M,44,610.0677308944942,50700.0,37699.99999999999,0.012032894100483119,114838.44076603036,1639.9031428340993,0.005312399984056162,0.0,0.0
BC,SA,2025-01-01T00:00:00,M,45,511.4457765446714,50700.0,36300.0,0.010087687900289376,114838.44076603036,1639.9031428340993,0.004453611291942576,0.0,0.0
BC,SA,2025-01-01T00:00:00,M,46,512.136093609086,50700.0,34700.0,0.010101303621480985,114838.44076603036,1639.9031428340993,0.004459622493939135,0.0,0.0
BC,SA,2025-01-01T00:00:00,M,47,414.682283794893,50700.0,33600.0,0.008179137747433788,114838.44076603036,1639.9031428340993,0.0036110058707585447,0.0,0.0
BC,SA,2025-01-01T00:00:00,M,48,420.09524626442726,50700.0,33400.0,0.00828590229318397,114838.44076603036,1639.9031428340993,0.00365814132848008,0.0,0.0
BC,SA,2025-01-01T00:00:00,M,49,324.92335863201515,50700.0,32800.0,0.006408744746193593,114838.44076603036,1639.9031428340993,0.0028293954225136844,0.0,0.0
BC,SA,2025-01-01T00:00:00,M,50,331.47743949741925,50700.0,32699.999999999996,0.006538016558134502,114838.44076603036,1639.9031428340993,0.0028864676086360758,0.0,0.0
BC,SA,2025-01-01T00:00:00,M,51,337.33415812382736,50700.0,32300.0,0.006653533690805274,114838.44076603036,1639.9031428340993,0.002937467244187907,0.0,0.0
BC,SA,2025-01-01T00:00:00,M,52,245.8851500665878,50700.0,32300.0,0.004849805721234474,114838.44076603036,1639.9031428340993,0.0021411397475132,0.0,0.0
BC,SA,2025-01-01T00:00:00,M,53,257.03444820730147,50700.0,32799.99999999999,0.005069712982392534,114838.44076603036,1639.9031428340993,0.0022382265597891437,0.0,0.0
BC,SA,2025-01-01T00:00:00,M,54,275.72125133607915,50700.0,34600.0,0.005438288980987754,114838.44076603036,1639.9031428340993,0.0024009491029038646,0.0,0.0
BC,SA,2025-01-01T00:00:00,M,55,288.1878584566366,50700.0,34800.0,0.0056841786677837595,114838.44076603036,1639.9031428340993,0.002509506891022537,0.0,0.0
BC,SA,2025-01-01T00:00:00,M,56,197.42315060435067,50700.0,34200.0,0.0038939477436755556,114838.44076603036,1639.9031428340993,0.0017191382022207775,0.0,0.0
BC,SA,2025-01-01T00:00:00,M,57,304.830006119053,50700.0,33400.0,0.006012426156194339,114838.44076603036,1639.9031428340993,0.0026544248083279695,0.0,0.0
BC,SA,2025-01-01T00:00:00,M,58,316.0977546073482,50700.0,33000.0,0.0062346697161212656,114838.44076603036,1639.9031428340993,0.0027525430726751134,0.0,0.0
BC,SA,2025-01-01T00:00:00,M,59,240.2351116282225,50700.0,34200.0,0.004738365120872239,114838.44076603036,1639.9031428340993,0.002091939859386222,0.0,0.0
BC,SA,2025-01-01T00:00:00,M,60,271.0458770564219,50700.0,36000.0,0.00534607252576769,114838.44076603036,1639.9031428340993,0.002360236478729675,0.0,0.0
BC,SA,2025-01-01T00:00:00,M,61,302.7195521871254,50700.0,37500.0,0.005970799845899909,114838.44076603036,1639.9031428340993,0.0026360472170105513,0.0,0.0
BC,SA,2025-01-01T00:00:00,M,62,231.35599809626729,50700.0,38099.99999999999,0.0045632346764549764,114838.44076603036,1639.9031428340993,0.00201462155488185,0.0,0.0
BC,SA,2025-01-01T00:00:00,M,63,341.6323358970985,50700.0,36600.0,0.006738310372723837,114838.44076603036,1639.9031428340993,0.0029748952843511147,0.0,0.0
BC,SA,2025-01-01T00:00:00,M,64,267.9199130155612,50700.0,36499.99999999999,0.005284416430287203,114838.44076603036,1639.9031428340993,0.0023330159415993475,0.0,0.0
BC,SA,2025-01-01T00:00:00,M,65,290.541724747447,50700.0,35900.0,0.005730606010797772,114838.44076603036,1639.9031428340993,0.0025300040893048276,0.0,0.0
BC,SA,2025-01-01T00:00:00,M,66,210.27007351578504,50700.0,34800.0,0.004147338728121993,114838.44076603036,1639.9031428340993,0.001831007736722804,0.0,0.0
BC,SA,2025-01-01T00:00:00,M,67,242.9768796987264,50700.0,34700.0,0.004792443386562651,114838.44076603036,1639.9031428340993,0.0021158148619743354,0.0,0.0
BC,SA,2025-01-01T00:00:00,M,68,259.6051831936129,50700.0,33200.0,0.005120417814469682,114838.44076603036,1639.9031428340993,0.0022606122258532536,0.0,0.0
BC,SA,2025-01-01T00:00:00,M,69,289.88083427218953,50700.0,32600.0,0.005717570695703935,114838.44076603036,1639.9031428340993,0.0025242491306790484,0.0,0.0
BC,SA,2025-01-01T00:00:00,M,70,116.31947411580404,50700.0,31399.999999999996,0.0022942697064261153,114838.44076603036,1639.9031428340993,0.0010128966689193484,0.0,0.0
BC,SA,2025-01-01T00:00:00,M,71,130.2075769866242,50700.0,29599.999999999996,0.0025681967847460394,114838.44076603036,1639.9031428340993,0.0011338326793543516,0.0,0.0
BC,SA,2025-01-01T00:00:00,M,72,157.07454826249887,50700.0,28500.0,0.003098117322731733,114838.44076603036,1639.9031428340993,0.0013677871905498921,0.0,0.0
BC,SA,2025-01-01T00:00:00,M,73,178.69791629062456,50700.0,27100.0,0.0035246137335428907,114838.44076603036,1639.9031428340993,0.0015560810047456173,0.0,0.0
BC,SA,2025-01-01T00:00:00,M,74,109.90729791545164,50700.0,25999.999999999996,0.002167796803066107,114838.44076603036,1639.9031428340993,0.0009570601723805591,0.0,0.0
BC,SA,2025-01-01T00:00:00,M,75,150.4404058228829,50700.0,25299.999999999996,0.0029672663870391105,114838.44076603036,1639.9031428340993,0.0013100178374015658,0.0,0.0
BC,SA,2025-01-01T00:00:00,M,76,71.88482151419885,50700.0,23700.0,0.0014178465781893264,114838.44076603036,1639.9031428340993,0.0006259647991969484,0.0,0.0
BC,SA,2025-01-01T00:00:00,M,77,25.85473565268694,50700.0,23199.999999999996,0.0005099553383172967,114838.44076603036,1639.9031428340993,0.00022514007922976666,0.0,0.0
BC,SA,2025-01-01T00:00:00,M,78,65.1490214026926,50700.0,22199.999999999996,0.0012849905602108993,114838.44076603036,1639.9031428340993,0.0005673102226755758,0.0,0.0
BC,SA,2025-01-01T00:00:00,M,79,-22.603247290477157,50700.0,17699.999999999996,-0.00044582341795812935,114838.44076603036,1639.9031428340993,0.0,0.013783281890303574,0.0012770196209309131
BC,SA,2025-01-01T00:00:00,M,80,-25.5984375962762,50700.0,15900.0,-0.0005049001498279329,114838.44076603036,1639.9031428340993,0.0,0.015609725310994091,0.0016099646286966162
BC,SA,2025-01-01T00:00:00,M,81,9.360319058918321,50700.0,15100.0,0.00018462167769069668,114838.44076603036,1639.9031428340993,8.150858716367332e-05,0.0,0.0
BC,SA,2025-01-01T00:00:00,M,82,20.53951250544924,50700.0,13799.999999999998,0.0004051185898510698,114838.44076603036,1639.9031428340993,0.00017885572434143414,0.0,0.0
BC,SA,2025-01-01T00:00:00,M,83,-5.945732728401708,50700.0,11900.0,-0.00011727283487971812,114838.44076603036,1639.9031428340993,0.0,0.0036256609144160947,0.0004996414057480427
BC,SA,2025-01-01T00:00:00,M,84,-9.020974665569156,50700.0,10600.0,-0.00017792849438992418,114838.44076603036,1639.9031428340993,0.0,0.005500919188421704,0.000851035345808411
BC,SA,2025-01-01T00:00:00,M,85,-13.348592757951337,50700.0,9400.0,-0.00026328585321403034,114838.44076603036,1639.9031428340993,0.0,0.008139866562413039,0.0014200630593565252
BC,SA,2025-01-01T00:00:00,M,86,-26.33935190262855,50700.0,8199.999999999998,-0.0005195138442333048,114838.44076603036,1639.9031428340993,0.0,0.016061529010249095,0.0032121160856864095
BC,SA,2025-01-01T00:00:00,M,87,-41.548593846002404,50700.0,7100.0,-0.0008194988924260829,114838.44076603036,1639.9031428340993,0.0,0.025336004768060662,0.0058519146261975215
BC,SA,2025-01-01T00:00:00,M,88,41.08990224393983,50700.0,6200.0,0.0008104517207877679,114838.44076603036,1639.9031428340993,0.0003578061663833943,0.0,0.0
BC,SA,2025-01-01T00:00:00,M,89,-46.18979899865826,50700.0,5500.0,-0.0009110414003680131,114838.44076603036,1639.9031428340993,0.0,0.02816617505765159,0.00839814527248332
BC,SA,2025-01-01T00:00:00,M,90,-97.4810373927412,50700.0,4400.0,-0.0019227029071546588,114838.44076603036,1639.9031428340993,0.0,0.05944316761554183,0.022154781225623
BC,SA,2025-01-01T00:00:00,M,91,-16.78006557558092,50700.0,3799.9999999999995,-0.0003309677628319708,114838.44076603036,1639.9031428340993,0.0,0.010232351617170158,0.004415806730416032
BC,SA,2025-01-01T00:00:00,M,92,34.490194494505886,50700.0,3100.0,0.000680279970305836,114838.44076603036,1639.9031428340993,0.00030033666657644325,0.0,0.0
BC,SA,2025-01-01T00:00:00,M,93,-3.5817540682264735,50700.0,2500.0,-7.064603684864839e-05,114838.44076603036,1639.9031428340993,0.0,0.002184125375866068,0.0014327016272905895
BC,SA,2025-01-01T00:00:00,M,94,-59.56625144007694,50700.0,1899.9999999999998,-0.0011748767542421488,114838.44076603036,1639.9031428340993,0.0,0.03632303023526979,0.03135065865267208
BC,SA,2025-01-01T00:00:00,M,95,-35.48475776592363,50700.0,1400.0,-0.0006998966028781781,114838.44076603036,1639.9031428340993,0.0,0.021638325361459133,0.02534625554708831
BC,SA,2025-01-01T00:00:00,M,96,-14.075451074063722,50700.0,1000.0,-0.0002776223091531306,114838.44076603036,1639.9031428340993,0.0,0.008583099029701453,0.014075451074063721
BC,SA,2025-01-01T00:00:00,M,97,15.532893849075776,50700.0,699.9999999999999,0.00030636871497190883,114838.44076603036,1639.9031428340993,0.00013525866204263604,0.0,0.0
BC,SA,2025-01-01T00:00:00,M,98,-44.159943795002505,50700.0,400.0,-0.0008710048085799311,114838.44076603036,1639.9031428340993,0.0,0.02692838536712893,0.11039985948750626
BC,SA,2025-01-01T00:00:00,M,99,12.22153686865795,50700.0,300.0,0.00024105595401692208,114838.44076603036,1639.9031428340993,0.00010642374441114082,0.0,0.0
BC,SA,2025-01-01T00:00:00,M,100,190.5329118837431,50700.0,399.9999999999999,0.003758045599284874,114838.44076603036,1639.9031428340993,0.001659138791965412,0.0,0.0
BC,SA,2026-01-01T00:00:00,F,1,380.6896277902815,51900.0,25000.000000000004,0.0073350602657087,108413.42317286189,2221.954600095533,0.0035114621109535813,0.0,0.0
BC,SA,2026-01-01T00:00:00,F,2,303.5265563843095,51900.0,24699.999999999996,0.005848295884090742,108413.42317286189,2221.954600095533,0.0027997137946686335,0.0,0.0
BC,SA,2026-01-01T00:00:00,F,3,302.7865546192188,51900.0,24400.0,0.005834037661256624,108413.42317286189,2221.954600095533,0.00279288805535118,0.0,0.0
BC,SA,2026-01-01T00:00:00,F,4,402.2835856262427,51900.0,24100.0,0.007751128817461324,108413.42317286189,2221.954600095533,0.0037106436993951737,0.0,0.0
BC,SA,2026-01-01T00:00:00,F,5,501.9338205403401,51900.0,22800.000000000004,0.009671171879389982,108413.42317286189,2221.954600095533,0.004629812488625343,0.0,0.0
BC,SA,2026-01-01T00:00:00,F,6,501.75749246603664,51900.0,23300.0,0.009667774421310917,108413.42317286189,2221.954600095533,0.0046281860472757105,0.0,0.0
BC,SA,2026-01-01T00:00:00,F,7,501.5917634293728,51900.0,24100.000000000004,0.009664581183610266,108413.42317286189,2221.954600095533,0.004626657370919836,0.0,0.0
BC,SA,2026-01-01T00:00:00,F,8,501.41639914522966,51900.0,25000.0,0.009661202295669165,108413.42317286189,2221.954600095533,0.004625039819522501,0.0,0.0
BC,SA,2026-01-01T00:00:00,F,9,401.45686769223903,51900.0,25600.0,0.007735199762856243,108413.42317286189,2221.954600095533,0.003703018094467217,0.0,0.0
BC,SA,2026-01-01T00:00:00,F,10,501.4626489132388,51900.0,25800.0,0.009662093428000748,108413.42317286189,2221.954600095533,0.0046254664250724,0.0,0.0
BC,SA,2026-01-01T00:00:00,F,11,401.47999257623815,51900.0,26000.0,0.00773564532902193,108413.42317286189,2221.954600095533,0.003703231397242116,0.0,0.0
BC,SA,2026-01-01T00:00:00,F,12,501.7401481558336,51900.0,26300.0,0.009667440234216448,108413.42317286189,2221.954600095533,0.004628026064224761,0.0,0.0
BC,SA,2026-01-01T00:00:00,F,13,502.01957467588727,51900.0,26700.000000000004,0.009672824174872587,108413.42317286189,2221.954600095533,0.004630603480488135,0.0,0.0
BC,SA,2026-01-01T00:00:00,F,14,702.280694179859,51900.0,27000.0,0.0135314199263942,108413.42317286189,2221.954600095533,0.006477802043572537,0.0,0.0
BC,SA,2026-01-01T00:00:00,F,15,1203.0409288998053,51900.0,27499.999999999996,0.023179979362231314,108413.42317286189,2221.954600095533,0.011096789435212218,0.0,0.0
BC,SA,2026-01-01T00:00:00,F,16,2104.5045527651746,51900.0,29599.999999999996,0.04054922066984922,108413.42317286189,2221.954600095533,0.019411844872840204,0.0,0.0
BC,SA,2026-01-01T00:00:00,F,17,1906.7525104509732,51900.0,31099.999999999996,0.03673896937285112,108413.42317286189,2221.954600095533,0.01758778991242362,0.0,0.0
BC,SA,2026-01-01T00:00:00,F,18,2608.845345543119,51900.0,33200.0,0.05026676966364391,108413.42317286189,2221.954600095533,0.024063859153154815,0.0,0.0
BC,SA,2026-01-01T00:00:00,F,19,4910.996002635722,51900.0,36600.0,0.09462420043614109,108413.42317286189,2221.954600095533,0.045298781819713314,0.0,0.0
BC,SA,2026-01-01T00:00:00,F,20,3213.7479190031954,51900.0,38000.0,0.06192192522164153,108413.42317286189,2221.954600095533,0.02964345027533143,0.0,0.0
BC,SA,2026-01-01T00:00:00,F,21,1515.8696773379997,51900.0,38100.0,0.029207508233872827,108413.42317286189,2221.954600095533,0.013982306184733157,0.0,0.0
BC,SA,2026-01-01T00:00:00,F,22,717.0201752983849,51900.0,37500.0,0.01381541763580703,108413.42317286189,2221.954600095533,0.0066137582811596875,0.0,0.0
BC,SA,2026-01-01T00:00:00,F,23,917.395979449575,51900.0,36300.0,0.01767622311078179,108413.42317286189,2221.954600095533,0.008462014689701432,0.0,0.0
BC,SA,2026-01-01T00:00:00,F,24,1117.6696412875099,51900.0,35700.0,0.021535060525770904,108413.42317286189,2221.954600095533,0.01030932894264781,0.0,0.0
BC,SA,2026-01-01T00:00:00,F,25,1418.844212818185,51900.0,38300.00000000001,0.02733803878262399,108413.42317286189,2221.954600095533,0.013087348146510247,0.0,0.0
BC,SA,2026-01-01T00:00:00,F,26,1119.712374384333,51900.0,39700.0,0.021574419544977515,108413.42317286189,2221.954600095533,0.010328171010696581,0.0,0.0
BC,SA,2026-01-01T00:00:00,F,27,1420.3444727991446,51900.0,40500.0,0.027366945525995078,108413.42317286189,2221.954600095533,0.013101186469635302,0.0,0.0
BC,SA,2026-01-01T00:00:00,F,28,1221.0392026882255,51900.0,40900.0,0.023526766911141146,108413.42317286189,2221.954600095533,0.011262804613606894,0.0,0.0
BC,SA,2026-01-01T00:00:00,F,29,1321.8592031273802,51900.0,41100.0,0.02546934880784933,108413.42317286189,2221.954600095533,0.012192763261609368,0.0,0.0
BC,SA,2026-01-01T00:00:00,F,30,1223.5358055628167,51900.0,42600.0,0.023574871012771035,108413.42317286189,2221.954600095533,0.011285833153814599,0.0,0.0
BC,SA,2026-01-01T00:00:00,F,31,1224.7923089994874,51900.0,42700.0,0.02359908109825602,108413.42317286189,2221.954600095533,0.011297423078750991,0.0,0.0
BC,SA,2026-01-01T00:00:00,F,32,1026.6462305918903,51900.0,42900.00000000001,0.019781237583658774,108413.42317286189,2221.954600095533,0.009469733549091372,0.0,0.0
BC,SA,2026-01-01T00:00:00,F,33,928.5984406434363,51900.0,43300.0,0.017892070147272378,108413.42317286189,2221.954600095533,0.008565345632180754,0.0,0.0
BC,SA,2026-01-01T00:00:00,F,34,931.2193789188168,51900.0,44100.0,0.017942569921364487,108413.42317286189,2221.954600095533,0.008589521035914677,0.0,0.0
BC,SA,2026-01-01T00:00:00,F,35,933.5319866447171,51900.0,44399.99999999999,0.017987128837085108,108413.42317286189,2221.954600095533,0.008610852414061577,0.0,0.0
BC,SA,2026-01-01T00:00:00,F,36,936.7176191029794,51900.0,44700.0,0.018048509038593053,108413.42317286189,2221.954600095533,0.008640236528731426,0.0,0.0
BC,SA,2026-01-01T00:00:00,F,37,739.1285593507346,51900.0,43900.0,0.014241398060707795,108413.42317286189,2221.954600095533,0.006817684911325203,0.0,0.0
BC,SA,2026-01-01T00:00:00,F,38,541.5558926007434,51900.0,43199.99999999999,0.010434602940284072,108413.42317286189,2221.954600095533,0.004995284502152922,0.0,0.0
BC,SA,2026-01-01T00:00:00,F,39,642.693946868174,51900.0,42400.0,0.01238331304177599,108413.42317286189,2221.954600095533,0.005928176862780341,0.0,0.0
BC,SA,2026-01-01T00:00:00,F,40,644.7078938039194,51900.0,42400.0,0.012422117414333708,108413.42317286189,2221.954600095533,0.005946753408717225,0.0,0.0
BC,SA,2026-01-01T00:00:00,F,41,545.4325675180517,51900.0,41500.0,0.010509298025395986,108413.42317286189,2221.954600095533,0.005031042757946828,0.0,0.0
BC,SA,2026-01-01T00:00:00,F,42,546.4395712720798,51900.0,41000.0,0.010528700795223117,108413.42317286189,2221.954600095533,0.0050403313102732545,0.0,0.0
BC,SA,2026-01-01T00:00:00,F,43,547.4080348461284,51900.0,40500.0,0.010547360979694189,108413.42317286189,2221.954600095533,0.005049264369904666,0.0,0.0
BC,SA,2026-01-01T00:00:00,F,44,448.84192788254586,51900.0,40000.0,0.008648206702939226,108413.42317286189,2221.954600095533,0.004140095522736895,0.0,0.0
BC,SA,2026-01-01T00:00:00,F,45,449.32382565447915,51900.0,38600.0,0.008657491823785725,108413.42317286189,2221.954600095533,0.0041445405237139875,0.0,0.0
BC,SA,2026-01-01T00:00:00,F,46,450.8136528433679,51900.0,37800.0,0.008686197549968553,108413.42317286189,2221.954600095533,0.0041582826152861095,0.0,0.0
BC,SA,2026-01-01T00:00:00,F,47,351.05467923793185,51900.0,36100.00000000001,0.006764059330210633,108413.42317286189,2221.954600095533,0.003238110825798627,0.0,0.0
BC,SA,2026-01-01T00:00:00,F,48,352.49541369013605,51900.0,35000.0,0.006791819146245396,108413.42317286189,2221.954600095533,0.0032514000884197973,0.0,0.0
BC,SA,2026-01-01T00:00:00,F,49,355.3565139481216,51900.0,34700.0,0.006846946318846273,108413.42317286189,2221.954600095533,0.0032777907342849645,0.0,0.0
BC,SA,2026-01-01T00:00:00,F,50,259.851939101929,51900.0,34900.00000000001,0.005006781100229846,108413.42317286189,2221.954600095533,0.002396861306441759,0.0,0.0
BC,SA,2026-01-01T00:00:00,F,51,263.6035493708987,51900.0,34400.0,0.0050790664618670265,108413.42317286189,2221.954600095533,0.0024314659721664804,0.0,0.0
BC,SA,2026-01-01T00:00:00,F,52,268.34677495031065,51900.0,34300.00000000001,0.005170458091528144,108413.42317286189,2221.954600095533,0.002475217247982659,0.0,0.0
BC,SA,2026-01-01T00:00:00,F,53,274.03634747109027,51900.0,34499.99999999999,0.005280083766302317,108413.42317286189,2221.954600095533,0.0025276975807151454,0.0,0.0
BC,SA,2026-01-01T00:00:00,F,54,281.15220178456366,51900.0,35000.00000000001,0.005417190785829743,108413.42317286189,2221.954600095533,0.0025933338654594005,0.0,0.0
BC,SA,2026-01-01T00:00:00,F,55,193.91892139336414,51900.0,37300.0,0.0037363954025696365,108413.42317286189,2221.954600095533,0.001788698444510569,0.0,0.0
BC,SA,2026-01-01T00:00:00,F,56,202.3534042477695,51900.0,37500.0,0.0038989095230784103,108413.42317286189,2221.954600095533,0.0018664976930497176,0.0,0.0
BC,SA,2026-01-01T00:00:00,F,57,310.41035521521553,51900.0,37400.0,0.005980931699715136,108413.42317286189,2221.954600095533,0.002863209611233064,0.0,0.0
BC,SA,2026-01-01T00:00:00,F,58,215.86952759155247,51900.0,36100.0,0.004159335791744749,108413.42317286189,2221.954600095533,0.0019911697396304434,0.0,0.0
BC,SA,2026-01-01T00:00:00,F,59,222.78310263125604,51900.0,35200.0,0.004292545330082004,108413.42317286189,2221.954600095533,0.0020549402104574743,0.0,0.0
BC,SA,2026-01-01T00:00:00,F,60,339.2894229415251,51900.0,36700.0,0.006537368457447497,108413.42317286189,2221.954600095533,0.003129588689405541,0.0,0.0
BC,SA,2026-01-01T00:00:00,F,61,258.2478718643324,51900.0,38200.0,0.00497587421703916,108413.42317286189,2221.954600095533,0.0023820654703667465,0.0,0.0
BC,SA,2026-01-01T00:00:00,F,62,282.0150284558331,51900.0,40200.00000000001,0.005433815577183682,108413.42317286189,2221.954600095533,0.0026012925355762334,0.0,0.0
BC,SA,2026-01-01T00:00:00,F,63,199.51806291654066,51900.0,40200.00000000001,0.0038442786689121514,108413.42317286189,2221.954600095533,0.0018403446462382726,0.0,0.0
BC,SA,2026-01-01T00:00:00,F,64,210.35205931036762,51900.0,38700.0,0.004053026190951207,108413.42317286189,2221.954600095533,0.00194027688780722,0.0,0.0
BC,SA,2026-01-01T00:00:00,F,65,231.68788715988921,51900.0,38900.0,0.004464121139882258,108413.42317286189,2221.954600095533,0.002137077498147715,0.0,0.0
BC,SA,2026-01-01T00:00:00,F,66,152.88054325655685,51900.0,38600.00000000001,0.0029456752072554307,108413.42317286189,2221.954600095533,0.0014101624944799823,0.0,0.0
BC,SA,2026-01-01T00:00:00,F,67,272.1327766802133,51900.0,37900.0,0.005243406101738213,108413.42317286189,2221.954600095533,0.0025101391388251426,0.0,0.0
BC,SA,2026-01-01T00:00:00,F,68,196.37554885514692,51900.0,37400.0,0.0037837292650317327,108413.42317286189,2221.954600095533,0.0018113582535073365,0.0,0.0
BC,SA,2026-01-01T00:00:00,F,69,218.03275622938963,51900.0,36400.0,0.004201016497676101,108413.42317286189,2221.954600095533,0.0020111232525306675,0.0,0.0
BC,SA,2026-01-01T00:00:00,F,70,244.03567257316172,51900.0,35700.0,0.00470203608040774,108413.42317286189,2221.954600095533,0.0022509728540169266,0.0,0.0
BC,SA,2026-01-01T00:00:00,F,71,172.5085138611248,51900.0,34900.0,0.00332386346553227,108413.42317286189,2221.954600095533,0.0015912099149020067,0.0,0.0
BC,SA,2026-01-01T00:00:00,F,72,94.49987523469463,51900.0,33299.99999999999,0.0018208068445991258,108413.42317286189,2221.954600095533,0.0008716621288123839,0.0,0.0
BC,SA,2026-01-01T00:00:00,F,73,113.5424819439504,51900.0,31500.000000000007,0.0021877164151050173,108413.42317286189,2221.954600095533,0.0010473101819034934,0.0,0.0
BC,SA,2026-01-01T00:00:00,F,74,136.99711947621472,51900.0,30000.0,0.002639636213414542,108413.42317286189,2221.954600095533,0.0012636545869211878,0.0,0.0
BC,SA,2026-01-01T00:00:00,F,75,67.6091295498918,51900.0,28800.000000000007,0.001302680723504659,108413.42317286189,2221.954600095533,0.000623623233832319,0.0,0.0
BC,SA,2026-01-01T00:00:00,F,76,9.322546062452602,51900.0,28100.0,0.0001796251649798189,108413.42317286189,2221.954600095533,8.599069921063268e-05,0.0,0.0
BC,SA,2026-01-01T00:00:00,F,77,31.313681652805826,51900.0,26300.0,0.0006033464672987635,108413.42317286189,2221.954600095533,0.0002888358354193569,0.0,0.0
BC,SA,2026-01-01T00:00:00,F,78,-23.11981759669652,51900.0,25500.0,-0.00044546854714251486,108413.42317286189,2221.954600095533,0.0,0.01040517101281119,0.000906659513595942
BC,SA,2026-01-01T00:00:00,F,79,-78.31019859692606,51900.0,24499.999999999996,-0.0015088670249889414,108413.42317286189,2221.954600095533,0.0,0.035243833782003964,0.0031963346366092275
BC,SA,2026-01-01T00:00:00,F,80,-42.96061541755262,51900.0,19599.999999999996,-0.0008277575224961968,108413.42317286189,2221.954600095533,0.0,0.01933460540359624,0.002191868133548603
BC,SA,2026-01-01T00:00:00,F,81,-35.09488338668598,51900.0,17700.0,-0.0006762019920363387,108413.42317286189,2221.954600095533,0.0,0.015794599666967578,0.0019827617732590948
BC,SA,2026-01-01T00:00:00,F,82,-98.00181887017243,51900.0,16700.0,-0.0018882816737990835,108413.42317286189,2221.954600095533,0.0,0.044106130190940375,0.0058683723874354745
BC,SA,2026-01-01T00:00:00,F,83,-82.76278242246372,51900.0,15200.000000000004,-0.001594658620856719,108413.42317286189,2221.954600095533,0.0,0.0372477378335747,0.0054449198962147165
BC,SA,2026-01-01T00:00:00,F,84,-84.90623258378582,51900.0,13400.000000000002,-0.00163595823860859,108413.42317286189,2221.954600095533,0.0,0.03821240658118545,0.006336286013715359
BC,SA,2026-01-01T00:00:00,F,85,-61.99784058586738,51900.0,12300.0,-0.0011945634024251904,108413.42317286189,2221.954600095533,0.0,0.02790238854709353,0.005040474844379462
BC,SA,2026-01-01T00:00:00,F,86,-64.08318497684377,51900.0,10800.0,-0.0012347434484940997,108413.42317286189,2221.954600095533,0.0,0.028840906548715493,0.005933628238596645
BC,SA,2026-01-01T00:00:00,F,87,-63.70732420723107,51900.0,9500.0,-0.001227501429811774,108413.42317286189,2221.954600095533,0.0,0.028671748830733073,0.0067060341270769545
BC,SA,2026-01-01T00:00:00,F,88,-37.51302349587786,51900.0,8700.0,-0.0007227942870111341,108413.42317286189,2221.954600095533,0.0,0.01688289377931709,0.004311841781135386
BC,SA,2026-01-01T00:00:00,F,89,-122.36483382341521,51900.0,7699.999999999999,-0.0023577039272334338,108413.42317286189,2221.954600095533,0.0,0.055070807395504004,0.015891536860183797
BC,SA,2026-01-01T00:00:00,F,90,-122.73726510012784,51900.0,6700.000000000001,-0.0023648798670544862,108413.42317286189,2221.954600095533,0.0,0.055238421655802845,0.018318994791063855
BC,SA,2026-01-01T00:00:00,F,91,-44.48522637268343,51900.0,5700.0,-0.0008571334561210679,108413.42317286189,2221.954600095533,0.0,0.020020762967331008,0.007804425679418145
BC,SA,2026-01-01T00:00:00,F,92,-62.127489904961294,51900.0,4800.0,-0.001197061462523339,108413.42317286189,2221.954600095533,0.0,0.02796073776767992,0.012943227063533604
BC,SA,2026-01-01T00:00:00,F,93,-72.77417503774359,51900.0,4100.0,-0.001402199904388123,108413.42317286189,2221.954600095533,0.0,0.03275232312785089,0.017749798789693558
BC,SA,2026-01-01T00:00:00,F,94,-113.86750708288855,51900.0,3300.0000000000005,-0.0021939789418668316,108413.42317286189,2221.954600095533,0.0,0.051246549807090036,0.03450530517663289
BC,SA,2026-01-01T00:00:00,F,95,-44.04755576285061,51900.0,2800.0,-0.0008487004963940387,108413.42317286189,2221.954600095533,0.0,0.019823787471155704,0.015731269915303787
BC,SA,2026-01-01T00:00:00,F,96,-30.64943289272287,51900.0,2100.0,-0.0005905478399368569,108413.42317286189,2221.954600095533,0.0,0.013793906001232023,0.014594968044153748
BC,SA,2026-01-01T00:00:00,F,97,-81.74550092364666,51900.0,1600.0,-0.0015750578212648681,108413.42317286189,2221.954600095533,0.0,0.03678990602244169,0.051090938077279165
BC,SA,2026-01-01T00:00:00,F,98,-49.819135558146854,51900.0,1200.0,-0.0009599062727966639,108413.42317286189,2221.954600095533,0.0,0.022421311198709857,0.04151594629845571
BC,SA,2026-01-01T00:00:00,F,99,-12.613207228483589,51900.0,900.0,-0.00024302904101124447,108413.42317286189,2221.954600095533,0.0,0.00567662688874979,0.014014674698315098
BC,SA,2026-01-01T00:00:00,F,100,1034.813179706102,51900.0,1700.0000000000002,0.019938596911485584,108413.42317286189,2221.954600095533,0.00954506507977452,0.0,0.0
BC,SA,2026-01-01T00:00:00,M,1,488.6904892667917,51900.0,26399.999999999996,0.009416001719976719,108413.42317286189,2221.954600095533,0.004507656662474255,0.0,0.0
BC,SA,2026-01-01T00:00:00,M,2,505.64718071411335,51900.0,26200.000000000004,0.009742720244973283,108413.42317286189,2221.954600095533,0.004664064337382598,0.0,0.0
BC,SA,2026-01-01T00:00:00,M,3,403.8978895809996,51900.0,25900.0,0.007782232939903653,108413.42317286189,2221.954600095533,0.0037255339584379397,0.0,0.0
BC,SA,2026-01-01T00:00:00,M,4,502.6482661276568,51900.0,25700.0,0.00968493769032094,108413.42317286189,2221.954600095533,0.004636402499035562,0.0,0.0
BC,SA,2026-01-01T00:00:00,M,5,502.05498389415516,51900.0,24399.999999999996,0.009673506433413394,108413.42317286189,2221.954600095533,0.004630930093348716,0.0,0.0
BC,SA,2026-01-01T00:00:00,M,6,601.6518196098041,51900.0,25300.0,0.011592520609052102,108413.42317286189,2221.954600095533,0.005549606331039733,0.0,0.0
BC,SA,2026-01-01T00:00:00,M,7,601.444505572621,51900.0,25799.999999999996,0.011588526118932968,108413.42317286189,2221.954600095533,0.005547694076716276,0.0,0.0
BC,SA,2026-01-01T00:00:00,M,8,501.490362892393,51900.0,26500.0,0.009662627416038402,108413.42317286189,2221.954600095533,0.004625722057431781,0.0,0.0
BC,SA,2026-01-01T00:00:00,M,9,501.54195237713066,51900.0,27400.0,0.009663621433085369,108413.42317286189,2221.954600095533,0.0046261979162620604,0.0,0.0
BC,SA,2026-01-01T00:00:00,M,10,601.5534167070691,51900.0,27700.0,0.011590624599365494,108413.42317286189,2221.954600095533,0.005548698667580218,0.0,0.0
BC,SA,2026-01-01T00:00:00,M,11,501.6050061918104,51900.0,28500.0,0.009664836342809449,108413.42317286189,2221.954600095533,0.004626779521499072,0.0,0.0
BC,SA,2026-01-01T00:00:00,M,12,402.12472437951874,51900.0,28200.0,0.007748067907119822,108413.42317286189,2221.954600095533,0.003709178371190652,0.0,0.0
BC,SA,2026-01-01T00:00:00,M,13,502.4075125119816,51900.0,28499.999999999996,0.009680298892331053,108413.42317286189,2221.954600095533,0.004634181799710431,0.0,0.0
BC,SA,2026-01-01T00:00:00,M,14,803.1756278997455,51900.0,28500.0,0.015475445624272551,108413.42317286189,2221.954600095533,0.007408451872413496,0.0,0.0
BC,SA,2026-01-01T00:00:00,M,15,1304.2188922523783,51900.0,28900.000000000004,0.025129458424901316,108413.42317286189,2221.954600095533,0.012030049915247497,0.0,0.0
BC,SA,2026-01-01T00:00:00,M,16,1906.6264359531197,51900.0,30800.000000000004,0.03673654019177495,108413.42317286189,2221.954600095533,0.01758662700755295,0.0,0.0
BC,SA,2026-01-01T00:00:00,M,17,1809.8422502801222,51900.0,32100.000000000004,0.034871719658576536,108413.42317286189,2221.954600095533,0.01669389451336099,0.0,0.0
BC,SA,2026-01-01T00:00:00,M,18,2613.370507579086,51900.0,33700.0,0.05035395968360474,108413.42317286189,2221.954600095533,0.024105599021738724,0.0,0.0
BC,SA,2026-01-01T00:00:00,M,19,5117.535091872964,51900.0,37300.0,0.0986037589956255,108413.42317286189,2221.954600095533,0.04720388806202725,0.0,0.0
BC,SA,2026-01-01T00:00:00,M,20,3823.4022216656886,51900.0,39300.0,0.07366863625560094,108413.42317286189,2221.954600095533,0.03526687111031805,0.0,0.0
BC,SA,2026-01-01T00:00:00,M,21,2029.0974436142787,51900.0,39600.0,0.039096289857693235,108413.42317286189,2221.954600095533,0.01871629346468421,0.0,0.0
BC,SA,2026-01-01T00:00:00,M,22,1034.030319032281,51900.0,39300.0,0.019923512890795397,108413.42317286189,2221.954600095533,0.009537844012023781,0.0,0.0
BC,SA,2026-01-01T00:00:00,M,23,837.2607024287863,51900.0,38300.0,0.01613219079824251,108413.42317286189,2221.954600095533,0.007722850897289717,0.0,0.0
BC,SA,2026-01-01T00:00:00,M,24,839.0818568633113,51900.0,37000.0,0.016167280479061873,108413.42317286189,2221.954600095533,0.007739649134825499,0.0,0.0
BC,SA,2026-01-01T00:00:00,M,25,943.3172897546756,51900.0,38999.99999999999,0.018175670322826118,108413.42317286189,2221.954600095533,0.00870111156116328,0.0,0.0
BC,SA,2026-01-01T00:00:00,M,26,1047.770579177617,51900.0,41000.0,0.02018825778762268,108413.42317286189,2221.954600095533,0.0096645834852662,0.0,0.0
BC,SA,2026-01-01T00:00:00,M,27,1351.4548070449891,51900.0,42100.0,0.026039591657899597,108413.42317286189,2221.954600095533,0.012465751633818772,0.0,0.0
BC,SA,2026-01-01T00:00:00,M,28,1255.1132616656323,51900.0,42700.0,0.02418329983941488,108413.42317286189,2221.954600095533,0.011577102031585079,0.0,0.0
BC,SA,2026-01-01T00:00:00,M,29,1160.0960056815093,51900.0,43600.0,0.022352524194248734,108413.42317286189,2221.954600095533,0.010700667608583594,0.0,0.0
BC,SA,2026-01-01T00:00:00,M,30,1165.2135338114167,51900.0,44300.0,0.02245112781910244,108413.42317286189,2221.954600095533,0.010747871432428798,0.0,0.0
BC,SA,2026-01-01T00:00:00,M,31,1171.3037989666918,51900.0,45000.0,0.022568473968529706,108413.42317286189,2221.954600095533,0.01080404773400692,0.0,0.0
BC,SA,2026-01-01T00:00:00,M,32,976.685195943086,51900.0,44999.99999999999,0.018818597224336917,108413.42317286189,2221.954600095533,0.009008895461088719,0.0,0.0
BC,SA,2026-01-01T00:00:00,M,33,881.504814875465,51900.0,45000.0,0.01698467851397813,108413.42317286189,2221.954600095533,0.00813095638046529,0.0,0.0
BC,SA,2026-01-01T00:00:00,M,34,1086.5404117800208,51900.0,45400.0,0.020935268049711384,108413.42317286189,2221.954600095533,0.010022194484603307,0.0,0.0
BC,SA,2026-01-01T00:00:00,M,35,990.5421400033083,51900.0,45600.00000000001,0.019085590366152375,108413.42317286189,2221.954600095533,0.009136711220933584,0.0,0.0
BC,SA,2026-01-01T00:00:00,M,36,894.1597630270699,51900.0,45800.0,0.017228511811696913,108413.42317286189,2221.954600095533,0.00824768499008983,0.0,0.0
BC,SA,2026-01-01T00:00:00,M,37,795.234901278629,51900.0,45000.0,0.015322445111341598,108413.42317286189,2221.954600095533,0.007335207006706644,0.0,0.0
BC,SA,2026-01-01T00:00:00,M,38,695.7273021207002,51900.0,43600.00000000001,0.013405150329878617,108413.42317286189,2221.954600095533,0.006417353882566592,0.0,0.0
BC,SA,2026-01-01T00:00:00,M,39,598.2692143369059,51900.0,43000.0,0.011527345170267937,108413.42317286189,2221.954600095533,0.005518405348966649,0.0,0.0
BC,SA,2026-01-01T00:00:00,M,40,602.3303825430339,51900.0,43000.0,0.011605595039364815,108413.42317286189,2221.954600095533,0.005555865361641026,0.0,0.0
BC,SA,2026-01-01T00:00:00,M,41,605.0386883575411,51900.0,42300.0,0.011657778195713701,108413.42317286189,2221.954600095533,0.005580846639191767,0.0,0.0
BC,SA,2026-01-01T00:00:00,M,42,607.5942408270057,51900.0,41300.0,0.011707018127687971,108413.42317286189,2221.954600095533,0.005604418927518,0.0,0.0
BC,SA,2026-01-01T00:00:00,M,43,510.0046388823466,51900.0,40100.0,0.00982667897653847,108413.42317286189,2221.954600095533,0.004704257313867488,0.0,0.0
BC,SA,2026-01-01T00:00:00,M,44,613.0724932578305,51900.0,39299.99999999999,0.011812572124428333,108413.42317286189,2221.954600095533,0.005654950054296368,0.0,0.0
BC,SA,2026-01-01T00:00:00,M,45,415.27088848903077,51900.0,38000.0,0.00800136586684067,108413.42317286189,2221.954600095533,0.003830437932274254,0.0,0.0
BC,SA,2026-01-01T00:00:00,M,46,516.8875173343113,51900.0,36700.0,0.009959297058464572,108413.42317286189,2221.954600095533,0.004767744640902538,0.0,0.0
BC,SA,2026-01-01T00:00:00,M,47,417.70446201533923,51900.0,35000.0,0.008048255530160678,108413.42317286189,2221.954600095533,0.003852885092921771,0.0,0.0
BC,SA,2026-01-01T00:00:00,M,48,420.0741891761645,51900.0,33900.0,0.008093915013028218,108413.42317286189,2221.954600095533,0.003874743337883253,0.0,0.0
BC,SA,2026-01-01T00:00:00,M,49,326.0626457335893,51900.0,33600.0,0.006282517258836017,108413.42317286189,2221.954600095533,0.0030075855571287734,0.0,0.0
BC,SA,2026-01-01T00:00:00,M,50,330.6944122228924,51900.0,32999.99999999999,0.006371761314506598,108413.42317286189,2221.954600095533,0.0030503087398652683,0.0,0.0
BC,SA,2026-01-01T00:00:00,M,51,337.7964779695394,51900.0,32900.0,0.006508602658372629,108413.42317286189,2221.954600095533,0.0031158178395578676,0.0,0.0
BC,SA,2026-01-01T00:00:00,M,52,244.13724601611466,51900.0,32399.999999999996,0.0047039931795012455,108413.42317286189,2221.954600095533,0.002251909762381041,0.0,0.0
BC,SA,2026-01-01T00:00:00,M,53,252.78121799099972,51900.0,32400.0,0.0048705436992485494,108413.42317286189,2221.954600095533,0.0023316413281033272,0.0,0.0
BC,SA,2026-01-01T00:00:00,M,54,164.55125973944087,51900.0,32800.0,0.003170544503650113,108413.42317286189,2221.954600095533,0.0015178126003554829,0.0,0.0
BC,SA,2026-01-01T00:00:00,M,55,184.82578711206588,51900.0,34600.0,0.0035611905031226565,108413.42317286189,2221.954600095533,0.0017048238281099823,0.0,0.0
BC,SA,2026-01-01T00:00:00,M,56,197.8690409242481,51900.0,34800.0,0.003812505605476842,108413.42317286189,2221.954600095533,0.0018251341497514746,0.0,0.0
BC,SA,2026-01-01T00:00:00,M,57,207.20706838388287,51900.0,34200.0,0.003992429063273273,108413.42317286189,2221.954600095533,0.001911267648596406,0.0,0.0
BC,SA,2026-01-01T00:00:00,M,58,216.08900858309062,51900.0,33400.0,0.004163564712583634,108413.42317286189,2221.954600095533,0.0019931942213331213,0.0,0.0
BC,SA,2026-01-01T00:00:00,M,59,228.3279947608462,51900.0,33000.0,0.00439938332872536,108413.42317286189,2221.954600095533,0.0021060860184885424,0.0,0.0
BC,SA,2026-01-01T00:00:00,M,60,253.63230512395967,51900.0,34200.0,0.004886942295259339,108413.42317286189,2221.954600095533,0.002339491713305194,0.0,0.0
BC,SA,2026-01-01T00:00:00,M,61,286.25522957414796,51900.0,36000.0,0.005515515020696493,108413.42317286189,2221.954600095533,0.0026404039388897697,0.0,0.0
BC,SA,2026-01-01T00:00:00,M,62,220.41173524127953,51900.0,37399.99999999999,0.004246854243569933,108413.42317286189,2221.954600095533,0.002033066836104232,0.0,0.0
BC,SA,2026-01-01T00:00:00,M,63,350.3102656119736,51900.0,38099.99999999999,0.006749716100423383,108413.42317286189,2221.954600095533,0.003231244391696908,0.0,0.0
BC,SA,2026-01-01T00:00:00,M,64,262.41654062314774,51900.0,36500.0,0.005056195387729243,108413.42317286189,2221.954600095533,0.0024205170627693636,0.0,0.0
BC,SA,2026-01-01T00:00:00,M,65,190.04771973271272,51900.0,36300.0,0.0036618057751967767,108413.42317286189,2221.954600095533,0.001752990673762671,0.0,0.0
BC,SA,2026-01-01T00:00:00,M,66,214.53567898691108,51900.0,35699.99999999999,0.004133635433273816,108413.42317286189,2221.954600095533,0.0019788663867281496,0.0,0.0
BC,SA,2026-01-01T00:00:00,M,67,235.11786989690154,51900.0,34600.0,0.004530209439246658,108413.42317286189,2221.954600095533,0.0021687154875832423,0.0,0.0
BC,SA,2026-01-01T00:00:00,M,68,170.37797362569836,51900.0,34400.0,0.003282812593944092,108413.42317286189,2221.954600095533,0.0015715579181928042,0.0,0.0
BC,SA,2026-01-01T00:00:00,M,69,188.47399642841265,51900.0,32900.0,0.003631483553533962,108413.42317286189,2221.954600095533,0.0017384747286126794,0.0,0.0
BC,SA,2026-01-01T00:00:00,M,70,121.43993009851692,51900.0,32200.0,0.0023398830462141988,108413.42317286189,2221.954600095533,0.0011201558491966872,0.0,0.0
BC,SA,2026-01-01T00:00:00,M,71,246.71256317065854,51900.0,31100.0,0.004753613933924056,108413.42317286189,2221.954600095533,0.0022756643591751815,0.0,0.0
BC,SA,2026-01-01T00:00:00,M,72,162.111450336055,51900.0,29200.0,0.003123534688555973,108413.42317286189,2221.954600095533,0.0014953079202892914,0.0,0.0
BC,SA,2026-01-01T00:00:00,M,73,90.86862956171535,51900.0,27999.999999999996,0.001750840646661182,108413.42317286189,2221.954600095533,0.0008381677001087596,0.0,0.0
BC,SA,2026-01-01T00:00:00,M,74,114.50728642920876,51900.0,26599.999999999996,0.002206306096901903,108413.42317286189,2221.954600095533,0.0010562094902826784,0.0,0.0
BC,SA,2026-01-01T00:00:00,M,75,45.82574607279821,51900.0,25399.999999999996,0.0008829623520770368,108413.42317286189,2221.954600095533,0.00042269439273889966,0.0,0.0
BC,SA,2026-01-01T00:00:00,M,76,-10.74601595540662,51900.0,24600.0,-0.0002070523305473337,108413.42317286189,2221.954600095533,0.0,0.004836289614083292,0.00043682991688644797
BC,SA,2026-01-01T00:00:00,M,77,9.231844709451252,51900.0,23000.0,0.00017787754738827076,108413.42317286189,2221.954600095533,8.515407446116112e-05,0.0,0.0
BC,SA,2026-01-01T00:00:00,M,78,63.847333508896554,51900.0,22500.0,0.00123019910421766,108413.42317286189,2221.954600095533,0.0005889246150552218,0.0,0.0
BC,SA,2026-01-01T00:00:00,M,79,5.394454147728538,51900.0,21400.0,0.00010393938627607973,108413.42317286189,2221.954600095533,4.975817560088704e-05,0.0,0.0
BC,SA,2026-01-01T00:00:00,M,80,8.661994130408857,51900.0,17000.0,0.00016689776744525735,108413.42317286189,2221.954600095533,7.989780118461504e-05,0.0,0.0
BC,SA,2026-01-01T00:00:00,M,81,3.5425295469685807,51900.0,15199.999999999998,6.825683134814222e-05,108413.42317286189,2221.954600095533,3.267611558875072e-05,0.0,0.0
BC,SA,2026-01-01T00:00:00,M,82,-60.425948643754964,51900.0,14300.0,-0.0011642764671243731,108413.42317286189,2221.954600095533,0.0,0.027194951976587167,0.004225590814248599
BC,SA,2026-01-01T00:00:00,M,83,-50.70593964677937,51900.0,12999.999999999998,-0.0009769930567780226,108413.42317286189,2221.954600095533,0.0,0.022820421103383153,0.003900456895906106
BC,SA,2026-01-01T00:00:00,M,84,17.337492512469908,51900.0,11199.999999999998,0.00033405573241753194,108413.42317286189,2221.954600095533,0.0001599201649119206,0.0,0.0
BC,SA,2026-01-01T00:00:00,M,85,-89.5134605144849,51900.0,9800.0,-0.00172472948968179,108413.42317286189,2221.954600095533,0.0,0.04028590886179055,0.009134026583110704
BC,SA,2026-01-01T00:00:00,M,86,-98.44019998122349,51900.0,8599.999999999998,-0.0018967283233376395,108413.42317286189,2221.954600095533,0.0,0.04430342545117306,0.011446534881537617
BC,SA,2026-01-01T00:00:00,M,87,-17.369069990443677,51900.0,7500.0,-0.00033466416166558145,108413.42317286189,2221.954600095533,0.0,0.007817022899431382,0.0023158759987258236
BC,SA,2026-01-01T00:00:00,M,88,-39.799052504490646,51900.0,6400.0,-0.0007668410887185095,108413.42317286189,2221.954600095533,0.0,0.017911730735983303,0.006218601953826663
BC,SA,2026-01-01T00:00:00,M,89,-55.0398269752377,51900.0,5500.0,-0.0010604976295806878,108413.42317286189,2221.954600095533,0.0,0.024770905297917097,0.010007241268225036
BC,SA,2026-01-01T00:00:00,M,90,-58.89697622793665,51900.0,4799.999999999999,-0.0011348164976481049,108413.42317286189,2221.954600095533,0.0,0.02650683151915182,0.012270203380820138
BC,SA,2026-01-01T00:00:00,M,91,-24.43858535316167,51900.0,3800.0,-0.0004708783305040784,108413.42317286189,2221.954600095533,0.0,0.010998687980443405,0.00643120667188465
BC,SA,2026-01-01T00:00:00,M,92,-43.09024821719686,51900.0,3200.0,-0.0008302552643005175,108413.42317286189,2221.954600095533,0.0,0.019392947189534923,0.013465702567874018
BC,SA,2026-01-01T00:00:00,M,93,-93.5180344682276,51900.0,2500.0,-0.0018018889107558303,108413.42317286189,2221.954600095533,0.0,0.042088184188914926,0.03740721378729104
BC,SA,2026-01-01T00:00:00,M,94,-46.88978520174919,51900.0,1999.9999999999998,-0.0009034640693978649,108413.42317286189,2221.954600095533,0.0,0.021102944767518277,0.0234448926008746
BC,SA,2026-01-01T00:00:00,M,95,-19.883890747675878,51900.0,1500.0,-0.0003831192822288223,108413.42317286189,2221.954600095533,0.0,0.00894882854349093,0.013255927165117252
BC,SA,2026-01-01T00:00:00,M,96,4.27786814358501,51900.0,1100.0,8.242520507870926e-05,108413.42317286189,2221.954600095533,3.945884207312668e-05,0.0,0.0
BC,SA,2026-01-01T00:00:00,M,97,-63.28055557811115,51900.0,699.9999999999999,-0.0012192785275165925,108413.42317286189,2221.954600095533,0.0,0.028479679816766013,0.09040079368301594
BC,SA,2026-01-01T00:00:00,M,98,-20.227958261878655,51900.0,499.99999999999994,-0.0003897487141017082,108413.42317286189,2221.954600095533,0.0,0.009103677573344187,0.04045591652375732
BC,SA,2026-01-01T00:00:00,M,99,10.996591700201805,51900.0,300.0,0.00021188037957999624,108413.42317286189,2221.954600095533,0.0001014320125531695,0.0,0.0
BC,SA,2026-01-01T00:00:00,M,100,289.5735487414857,51900.0,499.9999999999999,0.005579451806194329,108413.42317286189,2221.954600095533,0.0026710119491363126,0.0,0.0
BC,SA,2027-01-01T00:00:00,F,1,381.63590213697535,53000.0,25600.000000000004,0.007200677398810856,102121.54165156164,2689.236278420025,0.0037370754099964117,0.0,0.0
BC,SA,2027-01-01T00:00:00,F,2,403.5688167102162,53000.0,25400.0,0.007614505975664457,102121.54165156164,2689.236278420025,0.003951848064409287,0.0,0.0
BC,SA,2027-01-01T00:00:00,F,3,402.8207886385062,53000.0,25099.999999999996,0.007600392238462381,102121.54165156164,2689.236278420025,0.003944523184079314,0.0,0.0
BC,SA,2027-01-01T00:00:00,F,4,402.3221044622551,53000.0,24800.0,0.007590983103061417,102121.54165156164,2689.236278420025,0.003939639942324576,0.0,0.0
BC,SA,2027-01-01T00:00:00,F,5,502.0641976003244,53000.0,24600.0,0.009472909388685367,102121.54165156164,2689.236278420025,0.00491633977984161,0.0,0.0
BC,SA,2027-01-01T00:00:00,F,6,501.73586657611304,53000.0,23300.0,0.009466714463700246,102121.54165156164,2689.236278420025,0.004913124679296697,0.0,0.0
BC,SA,2027-01-01T00:00:00,F,7,501.55219134733125,53000.0,23800.0,0.009463248893345872,102121.54165156164,2689.236278420025,0.004911326084937355,0.0,0.0
BC,SA,2027-01-01T00:00:00,F,8,401.37612973859723,53000.0,24500.0,0.0075731345233697595,102121.54165156164,2689.236278420025,0.003930376718245121,0.0,0.0
BC,SA,2027-01-01T00:00:00,F,9,401.42752047572867,53000.0,25400.0,0.007574104159919409,102121.54165156164,2689.236278420025,0.003930879949358756,0.0,0.0
BC,SA,2027-01-01T00:00:00,F,10,501.46178096713993,53000.0,26099.999999999996,0.009461543037115848,102121.54165156164,2689.236278420025,0.00491044076359644,0.0,0.0
BC,SA,2027-01-01T00:00:00,F,11,401.4732011309461,53000.0,26199.999999999996,0.007574966059074455,102121.54165156164,2689.236278420025,0.003931327265904106,0.0,0.0
BC,SA,2027-01-01T00:00:00,F,12,401.7320590141935,53000.0,26400.000000000004,0.007579850170079123,102121.54165156164,2689.236278420025,0.0039338620678573575,0.0,0.0
BC,SA,2027-01-01T00:00:00,F,13,502.0023373224467,53000.0,26799.999999999996,0.00947174221363107,102121.54165156164,2689.236278420025,0.004915734028333386,0.0,0.0
BC,SA,2027-01-01T00:00:00,F,14,702.2868911173682,53000.0,27400.0,0.013250696058818269,102121.54165156164,2689.236278420025,0.0068769711048190865,0.0,0.0
BC,SA,2027-01-01T00:00:00,F,15,1203.0834531675937,53000.0,28199.999999999996,0.022699687795614976,102121.54165156164,2689.236278420025,0.011780897876302245,0.0,0.0
BC,SA,2027-01-01T00:00:00,F,16,2204.449129131968,53000.0,29700.000000000004,0.0415933797949428,102121.54165156164,2689.236278420025,0.0215865241895147,0.0,0.0
BC,SA,2027-01-01T00:00:00,F,17,2006.7607957788969,53000.0,31600.000000000004,0.03786341124111126,102121.54165156164,2689.236278420025,0.0196507099611359,0.0,0.0
BC,SA,2027-01-01T00:00:00,F,18,2608.879280335772,53000.0,33700.0,0.049224137364825886,102121.54165156164,2689.236278420025,0.025546806659433905,0.0,0.0
BC,SA,2027-01-01T00:00:00,F,19,5011.374648046309,53000.0,38200.0,0.09455423864238319,102121.54165156164,2689.236278420025,0.04907264977594152,0.0,0.0
BC,SA,2027-01-01T00:00:00,F,20,3214.2811563750074,53000.0,39800.0,0.060646814271226555,102121.54165156164,2689.236278420025,0.031475055158706126,0.0,0.0
BC,SA,2027-01-01T00:00:00,F,21,1516.2740401207193,53000.0,39500.0,0.028608944153221117,102121.54165156164,2689.236278420025,0.014847739424990677,0.0,0.0
BC,SA,2027-01-01T00:00:00,F,22,517.4046828765495,53000.0,38600.0,0.009762352507104707,102121.54165156164,2689.236278420025,0.005066557696924832,0.0,0.0
BC,SA,2027-01-01T00:00:00,F,23,718.2012818553558,53000.0,38200.0,0.013550967582176525,102121.54165156164,2689.236278420025,0.00703280884953594,0.0,0.0
BC,SA,2027-01-01T00:00:00,F,24,1018.3097934666439,53000.0,37300.0,0.01921339232955932,102121.54165156164,2689.236278420025,0.00997154740320229,0.0,0.0
BC,SA,2027-01-01T00:00:00,F,25,1218.0071522523212,53000.0,36900.0,0.022981267023628703,102121.54165156164,2689.236278420025,0.011927034517439598,0.0,0.0
BC,SA,2027-01-01T00:00:00,F,26,919.318597514386,53000.0,39200.0,0.017345633915365775,102121.54165156164,2689.236278420025,0.009002200541107164,0.0,0.0
BC,SA,2027-01-01T00:00:00,F,27,1220.4025958740385,53000.0,40900.0,0.023026464073095068,102121.54165156164,2689.236278420025,0.011950491308073356,0.0,0.0
BC,SA,2027-01-01T00:00:00,F,28,1021.199181020158,53000.0,41500.0,0.019267909075852036,102121.54165156164,2689.236278420025,0.009999841017916535,0.0,0.0
BC,SA,2027-01-01T00:00:00,F,29,1222.1870700233776,53000.0,42099.99999999999,0.0230601333966675,102121.54165156164,2689.236278420025,0.011967965330894394,0.0,0.0
BC,SA,2027-01-01T00:00:00,F,30,1123.0778870576614,53000.0,42200.0,0.021190148812408705,102121.54165156164,2689.236278420025,0.010997463110081117,0.0,0.0
BC,SA,2027-01-01T00:00:00,F,31,1025.1364607454889,53000.0,43600.0,0.019342197372556394,102121.54165156164,2689.236278420025,0.010038395858175066,0.0,0.0
BC,SA,2027-01-01T00:00:00,F,32,826.8210323349049,53000.0,43500.0,0.01560039683650764,102121.54165156164,2689.236278420025,0.008096440956169812,0.0,0.0
BC,SA,2027-01-01T00:00:00,F,33,828.5798437972626,53000.0,43700.00000000001,0.015633581958438916,102121.54165156164,2689.236278420025,0.008113663683460384,0.0,0.0
BC,SA,2027-01-01T00:00:00,F,34,930.9068488136545,53000.0,44200.00000000001,0.017564280166295368,102121.54165156164,2689.236278420025,0.009115675632766156,0.0,0.0
BC,SA,2027-01-01T00:00:00,F,35,833.5764822408455,53000.0,44900.0,0.01572785815548765,102121.54165156164,2689.236278420025,0.008162592032590007,0.0,0.0
BC,SA,2027-01-01T00:00:00,F,36,736.7629462401601,53000.0,45100.0,0.01390118766490868,102121.54165156164,2689.236278420025,0.007214569368272884,0.0,0.0
BC,SA,2027-01-01T00:00:00,F,37,639.9894040704094,53000.0,45300.0,0.012075271774913384,102121.54165156164,2689.236278420025,0.006266938333677444,0.0,0.0
BC,SA,2027-01-01T00:00:00,F,38,542.1984907652441,53000.0,44400.0,0.010230160203117813,102121.54165156164,2689.236278420025,0.0053093449432561795,0.0,0.0
BC,SA,2027-01-01T00:00:00,F,39,643.5814510512864,53000.0,43799.99999999999,0.012143046246250688,102121.54165156164,2689.236278420025,0.006302112567465777,0.0,0.0
BC,SA,2027-01-01T00:00:00,F,40,444.7921551426698,53000.0,42799.99999999999,0.008392304814012638,102121.54165156164,2689.236278420025,0.004355517434904177,0.0,0.0
BC,SA,2027-01-01T00:00:00,F,41,446.40637656312174,53000.0,42800.0,0.008422761821945693,102121.54165156164,2689.236278420025,0.004371324299884336,0.0,0.0
BC,SA,2027-01-01T00:00:00,F,42,547.0012989458264,53000.0,42000.0,0.010320779225392951,102121.54165156164,2689.236278420025,0.005356375257359442,0.0,0.0
BC,SA,2027-01-01T00:00:00,F,43,547.9959519613258,53000.0,41499.99999999999,0.010339546263421241,102121.54165156164,2689.236278420025,0.005366115151601277,0.0,0.0
BC,SA,2027-01-01T00:00:00,F,44,449.33801629239315,53000.0,40900.0,0.008478075779101757,102121.54165156164,2689.236278420025,0.004400031658604734,0.0,0.0
BC,SA,2027-01-01T00:00:00,F,45,351.01322031523887,53000.0,40300.00000000001,0.0066228909493441296,102121.54165156164,2689.236278420025,0.0034372103538438032,0.0,0.0
BC,SA,2027-01-01T00:00:00,F,46,351.79953210897656,53000.0,38900.0,0.006637727020924086,102121.54165156164,2689.236278420025,0.003444910118075924,0.0,0.0
BC,SA,2027-01-01T00:00:00,F,47,453.2444571944725,53000.0,38200.0,0.008551782211216462,102121.54165156164,2689.236278420025,0.00443828451729549,0.0,0.0
BC,SA,2027-01-01T00:00:00,F,48,253.94232134994672,53000.0,36300.00000000001,0.00479136455377258,102121.54165156164,2689.236278420025,0.002486667526195375,0.0,0.0
BC,SA,2027-01-01T00:00:00,F,49,255.63004251910752,53000.0,35200.00000000001,0.004823208349417123,102121.54165156164,2689.236278420025,0.0025031941193300465,0.0,0.0
BC,SA,2027-01-01T00:00:00,F,50,159.11666157792206,53000.0,34800.0,0.003002201161847586,102121.54165156164,2689.236278420025,0.001558110649375306,0.0,0.0
BC,SA,2027-01-01T00:00:00,F,51,264.10812413949316,53000.0,35100.0,0.004983172153575343,102121.54165156164,2689.236278420025,0.002586213641786071,0.0,0.0
BC,SA,2027-01-01T00:00:00,F,52,268.101277528629,53000.0,34600.0,0.0050585146703514905,102121.54165156164,2689.236278420025,0.002625315611111607,0.0,0.0
BC,SA,2027-01-01T00:00:00,F,53,173.12720558341243,53000.0,34400.00000000001,0.003266551048743631,102121.54165156164,2689.236278420025,0.0016953054447035464,0.0,0.0
BC,SA,2027-01-01T00:00:00,F,54,279.4648519535913,53000.0,34700.0,0.0052729217349734205,102121.54165156164,2689.236278420025,0.0027365906099138656,0.0,0.0
BC,SA,2027-01-01T00:00:00,F,55,187.27988211139018,53000.0,35099.99999999999,0.0035335826813469844,102121.54165156164,2689.236278420025,0.0018338920376896435,0.0,0.0
BC,SA,2027-01-01T00:00:00,F,56,300.8269441234297,53000.0,37500.0,0.005675980077800561,102121.54165156164,2689.236278420025,0.0029457736267814115,0.0,0.0
BC,SA,2027-01-01T00:00:00,F,57,209.93511992466665,53000.0,37600.0,0.003961039998578616,102121.54165156164,2689.236278420025,0.0020557378642105167,0.0,0.0
BC,SA,2027-01-01T00:00:00,F,58,218.8989437504497,53000.0,37500.0,0.004130168750008485,102121.54165156164,2689.236278420025,0.0021435138973648887,0.0,0.0
BC,SA,2027-01-01T00:00:00,F,59,224.7325616166636,53000.0,36200.00000000001,0.0042402370116351625,102121.54165156164,2689.236278420025,0.0022006381609812583,0.0,0.0
BC,SA,2027-01-01T00:00:00,F,60,232.68162769203627,53000.0,35300.0,0.004390219390415779,102121.54165156164,2689.236278420025,0.002278477429237655,0.0,0.0
BC,SA,2027-01-01T00:00:00,F,61,150.5648591780191,53000.0,36700.0,0.002840846399585266,102121.54165156164,2689.236278420025,0.0014743692343751125,0.0,0.0
BC,SA,2027-01-01T00:00:00,F,62,271.2667096535588,53000.0,38300.0,0.005118239804784128,102121.54165156164,2689.236278420025,0.0026563123241824913,0.0,0.0
BC,SA,2027-01-01T00:00:00,F,63,297.0748489728576,53000.0,40300.0,0.005605185829676558,102121.54165156164,2689.236278420025,0.002909032160780298,0.0,0.0
BC,SA,2027-01-01T00:00:00,F,64,315.8307715583942,53000.0,40300.0,0.005959071161479135,102121.54165156164,2689.236278420025,0.0030926949050182548,0.0,0.0
BC,SA,2027-01-01T00:00:00,F,65,227.67690658054926,53000.0,38700.0,0.004295790690199043,102121.54165156164,2689.236278420025,0.0022294699325768317,0.0,0.0
BC,SA,2027-01-01T00:00:00,F,66,151.07960272142373,53000.0,38800.0,0.002850558541913655,102121.54165156164,2689.236278420025,0.0014794097335203461,0.0,0.0
BC,SA,2027-01-01T00:00:00,F,67,273.77247401684144,53000.0,38600.0,0.005165518377676254,102121.54165156164,2689.236278420025,0.002680849403458403,0.0,0.0
BC,SA,2027-01-01T00:00:00,F,68,95.87959196502197,53000.0,37700.0,0.0018090489050004146,102121.54165156164,2689.236278420025,0.0009388772477814996,0.0,0.0
BC,SA,2027-01-01T00:00:00,F,69,221.89899232273456,53000.0,37300.0,0.004186773440051595,102121.54165156164,2689.236278420025,0.0021728911328018647,0.0,0.0
BC,SA,2027-01-01T00:00:00,F,70,245.53787060322793,53000.0,36299.99999999999,0.004632790011381659,102121.54165156164,2689.236278420025,0.0024043690159026615,0.0,0.0
BC,SA,2027-01-01T00:00:00,F,71,174.26264486365108,53000.0,35499.99999999999,0.003287974431389643,102121.54165156164,2689.236278420025,0.0017064239537064045,0.0,0.0
BC,SA,2027-01-01T00:00:00,F,72,104.77923950996774,53000.0,34600.0,0.0019769667832069382,102121.54165156164,2689.236278420025,0.0010260248505400962,0.0,0.0
BC,SA,2027-01-01T00:00:00,F,73,127.78859997281688,53000.0,33000.00000000001,0.0024111056598644697,102121.54165156164,2689.236278420025,0.0012513383357336217,0.0,0.0
BC,SA,2027-01-01T00:00:00,F,74,148.79296649652315,53000.0,31199.999999999996,0.00280741446219855,102121.54165156164,2689.236278420025,0.0014570184124736802,0.0,0.0
BC,SA,2027-01-01T00:00:00,F,75,74.60185952792745,53000.0,29600.0,0.001407582255243914,102121.54165156164,2689.236278420025,0.0007305203027826268,0.0,0.0
BC,SA,2027-01-01T00:00:00,F,76,6.683776566715096,53000.0,28300.0,0.00012610899182481314,102121.54165156164,2689.236278420025,6.544923292991521e-05,0.0,0.0
BC,SA,2027-01-01T00:00:00,F,77,-49.634821424799156,53000.0,27500.0,-0.000936506064618852,102121.54165156164,2689.236278420025,0.0,0.01845684658618413,0.001804902597265424
BC,SA,2027-01-01T00:00:00,F,78,-25.696504757084767,53000.0,25700.0,-0.0004848397123978258,102121.54165156164,2689.236278420025,0.0,0.009555316861998429,0.0009998639983301466
BC,SA,2027-01-01T00:00:00,F,79,21.538029986590118,53000.0,24900.0,0.00040637792427528524,102121.54165156164,2689.236278420025,0.00021090584452864808,0.0,0.0
BC,SA,2027-01-01T00:00:00,F,80,-32.470478366463794,53000.0,23800.0,-0.000612650535216298,102121.54165156164,2689.236278420025,0.0,0.012074237815035273,0.001364305813716966
BC,SA,2027-01-01T00:00:00,F,81,-2.183421059682587,53000.0,19000.000000000004,-4.119662376759598e-05,102121.54165156164,2689.236278420025,0.0,0.0008119112021519308,0.00011491689787803087
BC,SA,2027-01-01T00:00:00,F,82,-94.90077527493122,53000.0,17000.0,-0.00179058066556474,102121.54165156164,2689.236278420025,0.0,0.03528911759686923,0.0055823985455841895
BC,SA,2027-01-01T00:00:00,F,83,-59.378622275247835,53000.0,16000.0,-0.0011203513636839214,102121.54165156164,2689.236278420025,0.0,0.02208010607016422,0.00371116389220299
BC,SA,2027-01-01T00:00:00,F,84,-44.728222789979554,53000.0,14500.0,-0.0008439287318864067,102121.54165156164,2689.236278420025,0.0,0.016632314218317103,0.00308470501999859
BC,SA,2027-01-01T00:00:00,F,85,-50.06725542013919,53000.0,12700.0,-0.0009446651966063998,102121.54165156164,2689.236278420025,0.0,0.018617648371735716,0.003942303576388913
BC,SA,2027-01-01T00:00:00,F,86,-27.75796271931904,53000.0,11600.0,-0.0005237351456475291,102121.54165156164,2689.236278420025,0.0,0.010321875746681265,0.0023929278206309516
BC,SA,2027-01-01T00:00:00,F,87,-34.05787963816874,53000.0,10100.000000000002,-0.0006426015026069574,102121.54165156164,2689.236278420025,0.0,0.01266451739903582,0.0033720672909077955
BC,SA,2027-01-01T00:00:00,F,88,-38.13048956314924,53000.0,8800.0,-0.0007194431993047027,102121.54165156164,2689.236278420025,0.0,0.01417892874238317,0.004333010177630595
BC,SA,2027-01-01T00:00:00,F,89,-114.28287923541666,53000.0,7900.000000000001,-0.0021562807402908802,102121.54165156164,2689.236278420025,0.0,0.04249640693623244,0.014466187244989449
BC,SA,2027-01-01T00:00:00,F,90,-112.46949140040215,53000.0,6900.000000000002,-0.0021220658754792857,102121.54165156164,2689.236278420025,0.0,0.04182209361926354,0.01629992628991335
BC,SA,2027-01-01T00:00:00,F,91,-121.34741215487156,53000.0,5900.000000000001,-0.00228957381424286,102121.54165156164,2689.236278420025,0.0,0.045123373177966115,0.02056735799235111
BC,SA,2027-01-01T00:00:00,F,92,-146.13396733248283,53000.0,4900.0,-0.0027572446666506195,102121.54165156164,2689.236278420025,0.0,0.054340322754510506,0.02982325863928221
BC,SA,2027-01-01T00:00:00,F,93,-79.49496127106067,53000.0,4100.0,-0.0014999049296426541,102121.54165156164,2689.236278420025,0.0,0.029560422752353096,0.01938901494416114
BC,SA,2027-01-01T00:00:00,F,94,-105.53545619841816,53000.0,3400.000000000001,-0.0019912350226116635,102121.54165156164,2689.236278420025,0.0,0.03924365331722438,0.031039840058358276
BC,SA,2027-01-01T00:00:00,F,95,-65.96478750737788,53000.0,2700.0,-0.001244618632214677,102121.54165156164,2689.236278420025,0.0,0.024529189955050504,0.024431402780510324
BC,SA,2027-01-01T00:00:00,F,96,-99.65412197939031,53000.0,2200.0000000000005,-0.0018802664524413266,102121.54165156164,2689.236278420025,0.0,0.03705666280760533,0.045297328172450135
BC,SA,2027-01-01T00:00:00,F,97,14.12249325296284,53000.0,1699.9999999999998,0.0002664621368483555,102121.54165156164,2689.236278420025,0.00013829103071268489,0.0,0.0
BC,SA,2027-01-01T00:00:00,F,98,-53.19437390411781,53000.0,1200.0,-0.0010036674321531663,102121.54165156164,2689.236278420025,0.0,0.019780476089431037,0.04432864492009818
BC,SA,2027-01-01T00:00:00,F,99,-15.310746046115923,53000.0,900.0,-0.0002888820008701118,102121.54165156164,2689.236278420025,0.0,0.0056933435596485645,0.017011940051239915
BC,SA,2027-01-01T00:00:00,F,100,1032.6706157697593,53000.0,1700.0000000000002,0.019484351240938853,102121.54165156164,2689.236278420025,0.010112172212335258,0.0,0.0
BC,SA,2027-01-01T00:00:00,M,1,489.37097110225295,53000.0,26999.999999999996,0.009233414549099112,102121.54165156164,2689.236278420025,0.004792044491180765,0.0,0.0
BC,SA,2027-01-01T00:00:00,M,2,405.7133744288876,53000.0,26800.0,0.007654969328846936,102121.54165156164,2689.236278420025,0.003972848116738976,0.0,0.0
BC,SA,2027-01-01T00:00:00,M,3,403.94439502039677,53000.0,26600.000000000004,0.007621592358875411,102121.54165156164,2689.236278420025,0.0039555258223446495,0.0,0.0
BC,SA,2027-01-01T00:00:00,M,4,502.6807128387154,53000.0,26400.0,0.009484541751673875,102121.54165156164,2689.236278420025,0.004922376853199693,0.0,0.0
BC,SA,2027-01-01T00:00:00,M,5,502.1763711723579,53000.0,26200.0,0.009475025871176565,102121.54165156164,2689.236278420025,0.004917438211868971,0.0,0.0
BC,SA,2027-01-01T00:00:00,M,6,601.6071066020122,53000.0,25000.0,0.011351077483056833,102121.54165156164,2689.236278420025,0.0058910891558481724,0.0,0.0
BC,SA,2027-01-01T00:00:00,M,7,601.4283292626824,53000.0,25900.0,0.011347704325710988,102121.54165156164,2689.236278420025,0.005889338522862824,0.0,0.0
BC,SA,2027-01-01T00:00:00,M,8,501.45655711372456,53000.0,26300.0,0.00946144447384386,102121.54165156164,2689.236278420025,0.00491038961030076,0.0,0.0
BC,SA,2027-01-01T00:00:00,M,9,501.4960761051807,53000.0,27000.0,0.009462190115192089,102121.54165156164,2689.236278420025,0.004910776590274005,0.0,0.0
BC,SA,2027-01-01T00:00:00,M,10,501.54688623705806,53000.0,27900.000000000004,0.009463148796925624,102121.54165156164,2689.236278420025,0.004911274135953944,0.0,0.0
BC,SA,2027-01-01T00:00:00,M,11,501.56382294768264,53000.0,28200.000000000004,0.009463468357503446,102121.54165156164,2689.236278420025,0.0049114399845139114,0.0,0.0
BC,SA,2027-01-01T00:00:00,M,12,402.14531921382513,53000.0,28899.999999999996,0.007587647532336323,102121.54165156164,2689.236278420025,0.003937908816397853,0.0,0.0
BC,SA,2027-01-01T00:00:00,M,13,502.3880804303735,53000.0,28700.000000000004,0.009479020385478746,102121.54165156164,2689.236278420025,0.004919511322542701,0.0,0.0
BC,SA,2027-01-01T00:00:00,M,14,803.2179864248792,53000.0,29300.0,0.01515505634763923,102121.54165156164,2689.236278420025,0.007865313952715837,0.0,0.0
BC,SA,2027-01-01T00:00:00,M,15,1204.2906587053985,53000.0,29700.000000000004,0.022722465258592426,102121.54165156164,2689.236278420025,0.011792719138675307,0.0,0.0
BC,SA,2027-01-01T00:00:00,M,16,1906.5263485588366,53000.0,30799.999999999996,0.03597219525582711,102121.54165156164,2689.236278420025,0.018669188867750333,0.0,0.0
BC,SA,2027-01-01T00:00:00,M,17,1809.8535648583857,53000.0,32599.999999999996,0.034148180469026145,102121.54165156164,2689.236278420025,0.0177225444856052,0.0,0.0
BC,SA,2027-01-01T00:00:00,M,18,2713.592023427256,53000.0,34800.0,0.05119984949862748,102121.54165156164,2689.236278420025,0.026572180360202778,0.0,0.0
BC,SA,2027-01-01T00:00:00,M,19,5318.074837586486,53000.0,39000.0,0.10034103467144313,102121.54165156164,2689.236278420025,0.052075935709350527,0.0,0.0
BC,SA,2027-01-01T00:00:00,M,20,3824.21757472241,53000.0,41100.0,0.07215504857966812,102121.54165156164,2689.236278420025,0.03744770704471568,0.0,0.0
BC,SA,2027-01-01T00:00:00,M,21,1829.9538998886856,53000.0,41100.0,0.034527432073371424,102121.54165156164,2689.236278420025,0.017919372056999318,0.0,0.0
BC,SA,2027-01-01T00:00:00,M,22,734.6542910093558,53000.0,40300.0,0.013861401717157657,102121.54165156164,2689.236278420025,0.007193920882197351,0.0,0.0
BC,SA,2027-01-01T00:00:00,M,23,538.4598508404597,53000.0,39800.0,0.010159619827178485,102121.54165156164,2689.236278420025,0.0052727352342337615,0.0,0.0
BC,SA,2027-01-01T00:00:00,M,24,540.7250130862449,53000.0,38800.0,0.010202358737476318,102121.54165156164,2689.236278420025,0.005294916276638252,0.0,0.0
BC,SA,2027-01-01T00:00:00,M,25,841.4318418252005,53000.0,37800.0,0.015876072487267936,102121.54165156164,2689.236278420025,0.008239513703153475,0.0,0.0
BC,SA,2027-01-01T00:00:00,M,26,945.8734828229135,53000.0,39900.0,0.017846669487224784,102121.54165156164,2689.236278420025,0.009262232703558576,0.0,0.0
BC,SA,2027-01-01T00:00:00,M,27,1150.9268340029448,53000.0,42100.0,0.021715600641564997,102121.54165156164,2689.236278420025,0.011270167051824417,0.0,0.0
BC,SA,2027-01-01T00:00:00,M,28,1055.0665137443284,53000.0,43100.0,0.019906915353666572,102121.54165156164,2689.236278420025,0.010331478517472953,0.0,0.0
BC,SA,2027-01-01T00:00:00,M,29,959.4678977152143,53000.0,43600.00000000001,0.01810316788141914,102121.54165156164,2689.236278420025,0.009395352657218158,0.0,0.0
BC,SA,2027-01-01T00:00:00,M,30,964.8244942853999,53000.0,44500.0,0.01820423574123396,102121.54165156164,2689.236278420025,0.00944780580748945,0.0,0.0
BC,SA,2027-01-01T00:00:00,M,31,970.868181339436,53000.0,45200.0,0.018318267572442187,102121.54165156164,2689.236278420025,0.00950698712179684,0.0,0.0
BC,SA,2027-01-01T00:00:00,M,32,777.0700464930851,53000.0,45700.0,0.014661698990435568,102121.54165156164,2689.236278420025,0.007609266702459756,0.0,0.0
BC,SA,2027-01-01T00:00:00,M,33,781.728657376254,53000.0,45699.99999999999,0.014749597308985923,102121.54165156164,2689.236278420025,0.0076548850001061436,0.0,0.0
BC,SA,2027-01-01T00:00:00,M,34,886.3873288122995,53000.0,45799.99999999999,0.016724289222873577,102121.54165156164,2689.236278420025,0.008679729217530324,0.0,0.0
BC,SA,2027-01-01T00:00:00,M,35,790.5734958961039,53000.0,46100.0,0.014916481054643469,102121.54165156164,2689.236278420025,0.007741495899009613,0.0,0.0
BC,SA,2027-01-01T00:00:00,M,36,793.9766956451422,53000.0,46300.0,0.01498069237066306,102121.54165156164,2689.236278420025,0.007774820892874767,0.0,0.0
BC,SA,2027-01-01T00:00:00,M,37,696.9752144593876,53000.0,46400.0,0.013150475744516749,102121.54165156164,2689.236278420025,0.006824957821704893,0.0,0.0
BC,SA,2027-01-01T00:00:00,M,38,598.6695710424101,53000.0,45500.0,0.011295652283819058,102121.54165156164,2689.236278420025,0.0058623240636639495,0.0,0.0
BC,SA,2027-01-01T00:00:00,M,39,499.2930771526735,53000.0,44000.00000000001,0.009420624097220255,102121.54165156164,2689.236278420025,0.004889204266581284,0.0,0.0
BC,SA,2027-01-01T00:00:00,M,40,501.97381729884364,53000.0,43400.00000000001,0.009471204099978182,102121.54165156164,2689.236278420025,0.004915454753039047,0.0,0.0
BC,SA,2027-01-01T00:00:00,M,41,606.4257470392258,53000.0,43500.0,0.011441995227155204,102121.54165156164,2689.236278420025,0.005938274503418176,0.0,0.0
BC,SA,2027-01-01T00:00:00,M,42,509.869029548885,53000.0,42700.0,0.009620170368846886,102121.54165156164,2689.236278420025,0.004992766670998333,0.0,0.0
BC,SA,2027-01-01T00:00:00,M,43,412.71390104568127,53000.0,41600.00000000001,0.007787054736710967,102121.54165156164,2689.236278420025,0.0040413990463820035,0.0,0.0
BC,SA,2027-01-01T00:00:00,M,44,615.1005748172756,53000.0,40600.0,0.011605671222967465,102121.54165156164,2689.236278420025,0.006023220614079611,0.0,0.0
BC,SA,2027-01-01T00:00:00,M,45,418.3531055985004,53000.0,39600.0,0.007893454822613215,102121.54165156164,2689.236278420025,0.004096619565594885,0.0,0.0
BC,SA,2027-01-01T00:00:00,M,46,520.5188529268926,53000.0,38400.0,0.009821110432582878,102121.54165156164,2689.236278420025,0.005097052438778306,0.0,0.0
BC,SA,2027-01-01T00:00:00,M,47,422.6141320754832,53000.0,37000.0,0.007973851548594023,102121.54165156164,2689.236278420025,0.004138344616040377,0.0,0.0
BC,SA,2027-01-01T00:00:00,M,48,423.19430540534086,53000.0,35300.0,0.007984798215195111,102121.54165156164,2689.236278420025,0.004144025820225848,0.0,0.0
BC,SA,2027-01-01T00:00:00,M,49,326.02397373828717,53000.0,34099.99999999999,0.006151395730911079,102121.54165156164,2689.236278420025,0.003192509322378621,0.0,0.0
BC,SA,2027-01-01T00:00:00,M,50,331.86737276546046,53000.0,33799.99999999999,0.006261648542744537,102121.54165156164,2689.236278420025,0.003249729365600363,0.0,0.0
BC,SA,2027-01-01T00:00:00,M,51,236.968503157972,53000.0,33100.0,0.004471103833169283,102121.54165156164,2689.236278420025,0.002320455599529703,0.0,0.0
BC,SA,2027-01-01T00:00:00,M,52,144.60643887103288,53000.0,32900.0,0.0027284233749251484,102121.54165156164,2689.236278420025,0.0014160228736501998,0.0,0.0
BC,SA,2027-01-01T00:00:00,M,53,250.94969765420683,53000.0,32500.0,0.004734899955739751,102121.54165156164,2689.236278420025,0.002457362997030013,0.0,0.0
BC,SA,2027-01-01T00:00:00,M,54,160.1010023970921,53000.0,32400.0,0.003020773630133813,102121.54165156164,2689.236278420025,0.001567749563978932,0.0,0.0
BC,SA,2027-01-01T00:00:00,M,55,272.577476734692,53000.0,32900.0,0.005142971259145133,102121.54165156164,2689.236278420025,0.002669147687416681,0.0,0.0
BC,SA,2027-01-01T00:00:00,M,56,293.77634814876365,53000.0,34700.0,0.005542949965071012,102121.54165156164,2689.236278420025,0.0028767324053051175,0.0,0.0
BC,SA,2027-01-01T00:00:00,M,57,207.67595383681328,53000.0,34799.99999999999,0.0039184142233361,102121.54165156164,2689.236278420025,0.0020336155377031315,0.0,0.0
BC,SA,2027-01-01T00:00:00,M,58,317.94330027640535,53000.0,34300.0,0.005998930193894441,102121.54165156164,2689.236278420025,0.0031133813212615496,0.0,0.0
BC,SA,2027-01-01T00:00:00,M,59,227.62808492085605,53000.0,33399.99999999999,0.004294869526808605,102121.54165156164,2689.236278420025,0.002228991858520138,0.0,0.0
BC,SA,2027-01-01T00:00:00,M,60,241.0625907632675,53000.0,33000.0,0.004548350769118255,102121.54165156164,2689.236278420025,0.0023605459422633107,0.0,0.0
BC,SA,2027-01-01T00:00:00,M,61,267.866229816922,53000.0,34200.0,0.005054079807866453,102121.54165156164,2689.236278420025,0.002623013964388441,0.0,0.0
BC,SA,2027-01-01T00:00:00,M,62,302.9873293551864,53000.0,36000.0,0.005716742063305403,102121.54165156164,2689.236278420025,0.0029669286661278397,0.0,0.0
BC,SA,2027-01-01T00:00:00,M,63,338.7260341498404,53000.0,37399.99999999999,0.006391057248110197,102121.54165156164,2689.236278420025,0.003316891114957631,0.0,0.0
BC,SA,2027-01-01T00:00:00,M,64,171.62560635559203,53000.0,37900.0,0.003238218987841359,102121.54165156164,2689.236278420025,0.001680601404757265,0.0,0.0
BC,SA,2027-01-01T00:00:00,M,65,184.21703745002742,53000.0,36300.0,0.0034757931594344795,102121.54165156164,2689.236278420025,0.001803899887044159,0.0,0.0
BC,SA,2027-01-01T00:00:00,M,66,312.89404239476426,53000.0,36200.0,0.005903661177259703,102121.54165156164,2689.236278420025,0.0030639377092676265,0.0,0.0
BC,SA,2027-01-01T00:00:00,M,67,239.71035411267803,53000.0,35500.0,0.004522836870050529,102121.54165156164,2689.236278420025,0.0023473044985020787,0.0,0.0
BC,SA,2027-01-01T00:00:00,M,68,262.0312027502805,53000.0,34400.0,0.004943984957552462,102121.54165156164,2689.236278420025,0.0025658759015245785,0.0,0.0
BC,SA,2027-01-01T00:00:00,M,69,198.5940708796843,53000.0,34100.0,0.0037470579411261187,102121.54165156164,2689.236278420025,0.0019446834396339863,0.0,0.0
BC,SA,2027-01-01T00:00:00,M,70,218.41349444590014,53000.0,32600.000000000004,0.004121009329167927,102121.54165156164,2689.236278420025,0.0021387602548258258,0.0,0.0
BC,SA,2027-01-01T00:00:00,M,71,252.3168418397181,53000.0,31900.0,0.004760695129051285,102121.54165156164,2689.236278420025,0.0024707504191488054,0.0,0.0
BC,SA,2027-01-01T00:00:00,M,72,81.84121578048871,53000.0,30599.999999999996,0.0015441738826507303,102121.54165156164,2689.236278420025,0.000801409912707063,0.0,0.0
BC,SA,2027-01-01T00:00:00,M,73,96.42210243584123,53000.0,28700.0,0.0018192849516196457,102121.54165156164,2689.236278420025,0.0009441896477124593,0.0,0.0
BC,SA,2027-01-01T00:00:00,M,74,125.53748085457119,53000.0,27500.0,0.0023686317142371923,102121.54165156164,2689.236278420025,0.0012292948071906773,0.0,0.0
BC,SA,2027-01-01T00:00:00,M,75,50.99163090946968,53000.0,26000.0,0.0009621062435748995,102121.54165156164,2689.236278420025,0.0004993229644285331,0.0,0.0
BC,SA,2027-01-01T00:00:00,M,76,81.80474726190369,53000.0,24800.0,0.0015434857973944092,102121.54165156164,2689.236278420025,0.0008010528037367592,0.0,0.0
BC,SA,2027-01-01T00:00:00,M,77,25.37090922430798,53000.0,23900.0,0.0004786964004586411,102121.54165156164,2689.236278420025,0.0002484383687711398,0.0,0.0
BC,SA,2027-01-01T00:00:00,M,78,46.19313754158793,53000.0,22299.999999999996,0.0008715686328601497,102121.54165156164,2689.236278420025,0.00045233490206404015,0.0,0.0
BC,SA,2027-01-01T00:00:00,M,79,4.38698033847686,53000.0,21700.0,8.277321393352567e-05,102121.54165156164,2689.236278420025,4.295842255736035e-05,0.0,0.0
BC,SA,2027-01-01T00:00:00,M,80,-55.63314578986683,53000.0,20499.999999999996,-0.0010496819960352233,102121.54165156164,2689.236278420025,0.0,0.02068734020744072,0.002713811989749602
BC,SA,2027-01-01T00:00:00,M,81,41.34664158049782,53000.0,16299.999999999998,0.0007801253128395815,102121.54165156164,2689.236278420025,0.0004048767861493163,0.0,0.0
BC,SA,2027-01-01T00:00:00,M,82,-66.23239114738317,53000.0,14400.0,-0.0012496677574977957,102121.54165156164,2689.236278420025,0.0,0.024628699113897087,0.004599471607457164
BC,SA,2027-01-01T00:00:00,M,83,-34.66003349343191,53000.0,13500.0,-0.0006539628961024889,102121.54165156164,2689.236278420025,0.0,0.012888429987191497,0.002567409888402364
BC,SA,2027-01-01T00:00:00,M,84,-27.489541070412088,53000.0,12199.999999999998,-0.0005186705862341904,102121.54165156164,2689.236278420025,0.0,0.010222062408946339,0.0022532410713452535
BC,SA,2027-01-01T00:00:00,M,85,-59.88915747905776,53000.0,10400.0,-0.0011299841033784483,102121.54165156164,2689.236278420025,0.0,0.022269950007607262,0.005758572834524784
BC,SA,2027-01-01T00:00:00,M,86,-78.82338333658663,53000.0,9000.0,-0.001487233647860125,102121.54165156164,2689.236278420025,0.0,0.029310694626987852,0.00875815370406518
BC,SA,2027-01-01T00:00:00,M,87,-93.99811049518303,53000.0,7799.999999999999,-0.0017735492546260949,102121.54165156164,2689.236278420025,0.0,0.03495345918448215,0.012051039807074749
BC,SA,2027-01-01T00:00:00,M,88,-112.17439225539692,53000.0,6700.0,-0.0021164979670829608,102121.54165156164,2689.236278420025,0.0,0.041712360180304206,0.016742446605283123
BC,SA,2027-01-01T00:00:00,M,89,-143.26069902440668,53000.0,5600.0,-0.002703032057064277,102121.54165156164,2689.236278420025,0.0,0.05327188993172996,0.025582267682929764
BC,SA,2027-01-01T00:00:00,M,90,-67.46865254315071,53000.0,4799.999999999999,-0.0012729934442103907,102121.54165156164,2689.236278420025,0.0,0.025088406357060514,0.014055969279823067
BC,SA,2027-01-01T00:00:00,M,91,-80.37618563794331,53000.0,4100.0,-0.0015165318044894963,102121.54165156164,2689.236278420025,0.0,0.029888108487501803,0.019603947716571538
BC,SA,2027-01-01T00:00:00,M,92,-50.28673222943644,53000.0,3200.0,-0.0009488062684799328,102121.54165156164,2689.236278420025,0.0,0.018699261434544086,0.015714603821698887
BC,SA,2027-01-01T00:00:00,M,93,-83.80436851949617,53000.0,2600.0,-0.0015812145003678522,102121.54165156164,2689.236278420025,0.0,0.03116288783993824,0.03223244943057545
BC,SA,2027-01-01T00:00:00,M,94,-52.509917931774,53000.0,1999.9999999999995,-0.0009907531685240376,102121.54165156164,2689.236278420025,0.0,0.01952595922981692,0.026254958965887004
BC,SA,2027-01-01T00:00:00,M,95,-104.72800119517206,53000.0,1499.9999999999998,-0.0019760000225504163,102121.54165156164,2689.236278420025,0.0,0.0389433989254011,0.06981866746344804
BC,SA,2027-01-01T00:00:00,M,96,-77.85551167807921,53000.0,1100.0,-0.0014689719184543247,102121.54165156164,2689.236278420025,0.0,0.028950788855124598,0.07077773788916292
BC,SA,2027-01-01T00:00:00,M,97,-42.62206275258268,53000.0,800.0,-0.000804189863256277,102121.54165156164,2689.236278420025,0.0,0.015849132742484017,0.05327757844072835
BC,SA,2027-01-01T00:00:00,M,98,-22.254257418651207,53000.0,499.99999999999994,-0.00041989164940851333,102121.54165156164,2689.236278420025,0.0,0.008275307602099578,0.04450851483730242
BC,SA,2027-01-01T00:00:00,M,99,-62.775104103395165,53000.0,300.0,-0.001184435926479154,102121.54165156164,2689.236278420025,0.0,0.0233430972976003,0.20925034701131723
BC,SA,2027-01-01T00:00:00,M,100,288.6200507581184,53000.0,499.9999999999999,0.0054456613350588375,102121.54165156164,2689.236278420025,0.0028262406353293124,0.0,0.0
BC,SA,2028-01-01T00:00:00,F,1,482.2280674303911,54000.0,26200.0,0.008930149396859094,96715.50048156374,2478.1537465202196,0.00498604737636978,0.0,0.0
BC,SA,2028-01-01T00:00:00,F,2,303.6095031097284,54000.0,25900.000000000004,0.005622398205735711,96715.50048156374,2478.1537465202196,0.0031392021092586245,0.0,0.0
BC,SA,2028-01-01T00:00:00,F,3,302.8650379333376,54000.0,25700.0,0.005608611813580326,96715.50048156374,2478.1537465202196,0.003131504633955452,0.0,0.0
BC,SA,2028-01-01T00:00:00,F,4,302.35932958605554,54000.0,25400.0,0.0055992468441862136,96715.50048156374,2478.1537465202196,0.0031262758097776932,0.0,0.0
BC,SA,2028-01-01T00:00:00,F,5,402.09801612536467,54000.0,25200.0,0.007446259557877123,96715.50048156374,2478.1537465202196,0.004157534357194523,0.0,0.0
BC,SA,2028-01-01T00:00:00,F,6,501.8498625698776,54000.0,25099.999999999996,0.009293515973516252,96715.50048156374,2478.1537465202196,0.005188928972823152,0.0,0.0
BC,SA,2028-01-01T00:00:00,F,7,501.53309148382687,54000.0,23800.0,0.00928764984229309,96715.50048156374,2478.1537465202196,0.0051856536851549555,0.0,0.0
BC,SA,2028-01-01T00:00:00,F,8,501.34227671650297,54000.0,24300.0,0.009284116235490796,96715.50048156374,2478.1537465202196,0.0051836807359754156,0.0,0.0
BC,SA,2028-01-01T00:00:00,F,9,401.3817554434572,54000.0,24900.0,0.007432995471175134,96715.50048156374,2478.1537465202196,0.004150128505202432,0.0,0.0
BC,SA,2028-01-01T00:00:00,F,10,501.4325138066815,54000.0,25899.999999999996,0.009285787292716325,96715.50048156374,2478.1537465202196,0.005184613751776701,0.0,0.0
BC,SA,2028-01-01T00:00:00,F,11,301.47199253364306,54000.0,26399.999999999996,0.0055828146765489455,96715.50048156374,2478.1537465202196,0.0031171010958177354,0.0,0.0
BC,SA,2028-01-01T00:00:00,F,12,401.72390544533846,54000.0,26600.0,0.007439331582321082,96715.50048156374,2478.1537465202196,0.004153666200816658,0.0,0.0
BC,SA,2028-01-01T00:00:00,F,13,501.98521836767395,54000.0,26900.0,0.009296022562364333,96715.50048156374,2478.1537465202196,0.005190328498205561,0.0,0.0
BC,SA,2028-01-01T00:00:00,F,14,602.2672109741834,54000.0,27399.999999999996,0.011153096499521915,96715.50048156374,2478.1537465202196,0.0062272046153448776,0.0,0.0
BC,SA,2028-01-01T00:00:00,F,15,1303.0906314713902,54000.0,28699.999999999996,0.024131307990210932,96715.50048156374,2478.1537465202196,0.01347344143372127,0.0,0.0
BC,SA,2028-01-01T00:00:00,F,16,2304.506244449134,54000.0,30500.0,0.042676041563872856,96715.50048156374,2478.1537465202196,0.023827682563545515,0.0,0.0
BC,SA,2028-01-01T00:00:00,F,17,1906.7001763490334,54000.0,31600.000000000004,0.0353092625249821,96715.50048156374,2478.1537465202196,0.019714525250401776,0.0,0.0
BC,SA,2028-01-01T00:00:00,F,18,2608.9110410472713,54000.0,34200.0,0.04831316742680132,96715.50048156374,2478.1537465202196,0.02697510769273837,0.0,0.0
BC,SA,2028-01-01T00:00:00,F,19,5111.403917658645,54000.0,38799.99999999999,0.09465562810478972,96715.50048156374,2478.1537465202196,0.05284989368000013,0.0,0.0
BC,SA,2028-01-01T00:00:00,F,20,3214.7221146149386,54000.0,41400.0,0.059531891011387755,96715.50048156374,2478.1537465202196,0.03323895444482284,0.0,0.0
BC,SA,2028-01-01T00:00:00,F,21,1316.8352513051577,54000.0,41099.99999999999,0.02438583798713255,96715.50048156374,2478.1537465202196,0.0136155553633947,0.0,0.0
BC,SA,2028-01-01T00:00:00,F,22,317.8222746866886,54000.0,39800.0,0.005885597679383123,96715.50048156374,2478.1537465202196,0.0032861565426864857,0.0,0.0
BC,SA,2028-01-01T00:00:00,F,23,518.5047432165011,54000.0,39100.0,0.009601939689194464,96715.50048156374,2478.1537465202196,0.005361133847571211,0.0,0.0
BC,SA,2028-01-01T00:00:00,F,24,819.0311633142628,54000.0,39000.0,0.015167243765078942,96715.50048156374,2478.1537465202196,0.008468458098610465,0.0,0.0
BC,SA,2028-01-01T00:00:00,F,25,1018.5827851209906,54000.0,38300.0,0.018862644168907233,96715.50048156374,2478.1537465202196,0.010531742895908983,0.0,0.0
BC,SA,2028-01-01T00:00:00,F,26,818.3835059239864,54000.0,37700.0,0.015155250109703452,96715.50048156374,2478.1537465202196,0.008461761577504215,0.0,0.0
BC,SA,2028-01-01T00:00:00,F,27,1019.8978517678042,54000.0,40200.00000000001,0.018886997254959337,96715.50048156374,2478.1537465202196,0.010545340164601857,0.0,0.0
BC,SA,2028-01-01T00:00:00,F,28,921.1452401850765,54000.0,41800.0,0.017058245188612528,96715.50048156374,2478.1537465202196,0.009524277241998749,0.0,0.0
BC,SA,2028-01-01T00:00:00,F,29,1122.2356637992561,54000.0,42600.0,0.020782141922208446,96715.50048156374,2478.1537465202196,0.011603472641008365,0.0,0.0
BC,SA,2028-01-01T00:00:00,F,30,923.348650022388,54000.0,43000.0,0.017099049074488667,96715.50048156374,2478.1537465202196,0.009547059627721207,0.0,0.0
BC,SA,2028-01-01T00:00:00,F,31,924.594193786128,54000.0,43100.00000000001,0.01712211469974311,96715.50048156374,2478.1537465202196,0.00955993805731665,0.0,0.0
BC,SA,2028-01-01T00:00:00,F,32,727.049542116838,54000.0,44300.0,0.013463880409571074,96715.50048156374,2478.1537465202196,0.007517404536984543,0.0,0.0
BC,SA,2028-01-01T00:00:00,F,33,728.6231767942518,54000.0,44200.0,0.013493021792486144,96715.50048156374,2478.1537465202196,0.007533675296786006,0.0,0.0
BC,SA,2028-01-01T00:00:00,F,34,730.8087827754571,54000.0,44400.0,0.01353349597732328,96715.50048156374,2478.1537465202196,0.007556273597682168,0.0,0.0
BC,SA,2028-01-01T00:00:00,F,35,733.2388048551657,54000.0,44900.0,0.013578496386206772,96715.50048156374,2478.1537465202196,0.007581399064309638,0.0,0.0
BC,SA,2028-01-01T00:00:00,F,36,736.7198215700482,54000.0,45600.00000000001,0.013642959658704597,96715.50048156374,2478.1537465202196,0.007617391399535636,0.0,0.0
BC,SA,2028-01-01T00:00:00,F,37,639.8511803451256,54000.0,45699.99999999999,0.01184909593231714,96715.50048156374,2478.1537465202196,0.006615807984854469,0.0,0.0
BC,SA,2028-01-01T00:00:00,F,38,543.0088860924297,54000.0,45800.0,0.010055720112822773,96715.50048156374,2478.1537465202196,0.005614496987439362,0.0,0.0
BC,SA,2028-01-01T00:00:00,F,39,544.2413894468555,54000.0,44900.0,0.010078544249015843,96715.50048156374,2478.1537465202196,0.0056272405843632144,0.0,0.0
BC,SA,2028-01-01T00:00:00,F,40,445.7023272345177,54000.0,44200.0,0.008253746800639217,96715.50048156374,2478.1537465202196,0.004608385677738173,0.0,0.0
BC,SA,2028-01-01T00:00:00,F,41,446.26833577301295,54000.0,43200.0,0.008264228440240981,96715.50048156374,2478.1537465202196,0.004614237982029388,0.0,0.0
BC,SA,2028-01-01T00:00:00,F,42,447.8777841703486,54000.0,43200.0,0.008294033040191641,96715.50048156374,2478.1537465202196,0.00463087904152163,0.0,0.0
BC,SA,2028-01-01T00:00:00,F,43,448.56224515219947,54000.0,42400.0,0.008306708243559249,96715.50048156374,2478.1537465202196,0.004637956097199808,0.0,0.0
BC,SA,2028-01-01T00:00:00,F,44,449.9348471991034,54000.0,41899.99999999999,0.008332126799983396,96715.50048156374,2478.1537465202196,0.004652148259160088,0.0,0.0
BC,SA,2028-01-01T00:00:00,F,45,351.5199377662939,54000.0,41200.0,0.00650962847715359,96715.50048156374,2478.1537465202196,0.0036345770431421374,0.0,0.0
BC,SA,2028-01-01T00:00:00,F,46,453.41622682213347,54000.0,40700.00000000001,0.008396596793002472,96715.50048156374,2478.1537465202196,0.004688144346712711,0.0,0.0
BC,SA,2028-01-01T00:00:00,F,47,354.1205486366089,54000.0,39200.0,0.006557787937714979,96715.50048156374,2478.1537465202196,0.003661466330354281,0.0,0.0
BC,SA,2028-01-01T00:00:00,F,48,156.37885296477907,54000.0,38300.00000000001,0.002895904684532946,96715.50048156374,2478.1537465202196,0.0016168954530157095,0.0,0.0
BC,SA,2028-01-01T00:00:00,F,49,356.98741063803027,54000.0,36600.0,0.006610877974778338,96715.50048156374,2478.1537465202196,0.003691108548893675,0.0,0.0
BC,SA,2028-01-01T00:00:00,F,50,259.2317619233072,54000.0,35400.00000000001,0.004800588183764948,96715.50048156374,2478.1537465202196,0.002680353827799536,0.0,0.0
BC,SA,2028-01-01T00:00:00,F,51,263.13921244432277,54000.0,35000.0,0.004872948378598569,96715.50048156374,2478.1537465202196,0.002720755319820563,0.0,0.0
BC,SA,2028-01-01T00:00:00,F,52,168.63363018324162,54000.0,35200.0,0.0031228450033933632,96715.50048156374,2478.1537465202196,0.001743604999649329,0.0,0.0
BC,SA,2028-01-01T00:00:00,F,53,172.86094640763622,54000.0,34700.0,0.0032011286371784486,96715.50048156374,2478.1537465202196,0.0017873137764570386,0.0,0.0
BC,SA,2028-01-01T00:00:00,F,54,278.26168482348294,54000.0,34600.0,0.005152994163397832,96715.50048156374,2478.1537465202196,0.002877115699530772,0.0,0.0
BC,SA,2028-01-01T00:00:00,F,55,185.46953988596215,54000.0,34800.0,0.003434621108999299,96715.50048156374,2478.1537465202196,0.0019176816431955188,0.0,0.0
BC,SA,2028-01-01T00:00:00,F,56,293.7155791145851,54000.0,35300.0,0.005439177391010836,96715.50048156374,2478.1537465202196,0.003036902850650856,0.0,0.0
BC,SA,2028-01-01T00:00:00,F,57,208.58618606660457,54000.0,37600.0,0.003862707149381566,96715.50048156374,2478.1537465202196,0.002156698616333646,0.0,0.0
BC,SA,2028-01-01T00:00:00,F,58,218.068402471632,54000.0,37700.0,0.004038303749474666,96715.50048156374,2478.1537465202196,0.0022547409813921298,0.0,0.0
BC,SA,2028-01-01T00:00:00,F,59,227.9808029554988,54000.0,37600.0,0.004221866721398126,96715.50048156374,2478.1537465202196,0.0023572312795812635,0.0,0.0
BC,SA,2028-01-01T00:00:00,F,60,234.7780908174973,54000.0,36300.00000000001,0.004347742422546246,96715.50048156374,2478.1537465202196,0.0024275125460603035,0.0,0.0
BC,SA,2028-01-01T00:00:00,F,61,243.04630588342116,54000.0,35400.00000000001,0.004500857516359651,96715.50048156374,2478.1537465202196,0.0025130026177112275,0.0,0.0
BC,SA,2028-01-01T00:00:00,F,62,262.52571090773563,54000.0,36800.0,0.004861587239032141,96715.50048156374,2478.1537465202196,0.0027144119567243438,0.0,0.0
BC,SA,2028-01-01T00:00:00,F,63,185.460993191562,54000.0,38300.00000000001,0.003434462836880778,96715.50048156374,2478.1537465202196,0.00191759327375776,0.0,0.0
BC,SA,2028-01-01T00:00:00,F,64,213.719184274516,54000.0,40300.0,0.003957762671750296,96715.50048156374,2478.1537465202196,0.00220977178642896,0.0,0.0
BC,SA,2028-01-01T00:00:00,F,65,134.18925392921665,54000.0,40200.0,0.0024849861838743825,96715.50048156374,2478.1537465202196,0.001387463780480527,0.0,0.0
BC,SA,2028-01-01T00:00:00,F,66,146.73442647950287,54000.0,38600.00000000001,0.002717304194064868,96715.50048156374,2478.1537465202196,0.001517175899921791,0.0,0.0
BC,SA,2028-01-01T00:00:00,F,67,271.8282351890084,54000.0,38800.00000000001,0.00503385620720386,96715.50048156374,2478.1537465202196,0.002810596376336028,0.0,0.0
BC,SA,2028-01-01T00:00:00,F,68,97.66466769078397,54000.0,38400.00000000001,0.0018086049572367403,96715.50048156374,2478.1537465202196,0.0010098140133121803,0.0,0.0
BC,SA,2028-01-01T00:00:00,F,69,220.52198476956255,54000.0,37600.0,0.004083740458695603,96715.50048156374,2478.1537465202196,0.002280110051352102,0.0,0.0
BC,SA,2028-01-01T00:00:00,F,70,249.76495586311648,54000.0,37200.0,0.004625276960428083,96715.50048156374,2478.1537465202196,0.0025824707996080485,0.0,0.0
BC,SA,2028-01-01T00:00:00,F,71,175.9182238528083,54000.0,36100.0,0.0032577448861631168,96715.50048156374,2478.1537465202196,0.0018189248153282574,0.0,0.0
BC,SA,2028-01-01T00:00:00,F,72,6.729434830238461,54000.0,35100.00000000001,0.00012461916352293444,96715.50048156374,2478.1537465202196,6.957969298335224e-05,0.0,0.0
BC,SA,2028-01-01T00:00:00,F,73,139.088630017759,54000.0,34299.99999999999,0.0025757153706992405,96715.50048156374,2478.1537465202196,0.0014381213903170834,0.0,0.0
BC,SA,2028-01-01T00:00:00,F,74,164.4596979363232,54000.0,32700.0,0.003045549961783763,96715.50048156374,2478.1537465202196,0.0017004481920421134,0.0,0.0
BC,SA,2028-01-01T00:00:00,F,75,87.60683935327688,54000.0,30799.999999999996,0.0016223488769125348,96715.50048156374,2478.1537465202196,0.0009058200486692081,0.0,0.0
BC,SA,2028-01-01T00:00:00,F,76,14.461303996125935,54000.0,29100.000000000004,0.000267801925854184,96715.50048156374,2478.1537465202196,0.00014952416028579204,0.0,0.0
BC,SA,2028-01-01T00:00:00,F,77,-52.40659556776518,54000.0,27700.000000000004,-0.00097049251051417,96715.50048156374,2478.1537465202196,0.0,0.02114743511832291,0.0018919348580420641
BC,SA,2028-01-01T00:00:00,F,78,-6.722905959079071,54000.0,26900.0,-0.00012449825850146428,96715.50048156374,2478.1537465202196,0.0,0.0027128687913408355,0.00024992215461260486
BC,SA,2028-01-01T00:00:00,F,79,18.88989346985545,54000.0,25100.0,0.0003498128420343602,96715.50048156374,2478.1537465202196,0.00019531402283811075,0.0,0.0
BC,SA,2028-01-01T00:00:00,F,80,-129.69596283687497,54000.0,24100.0,-0.0024017770895717588,96715.50048156374,2478.1537465202196,0.0,0.05233572090472263,0.005381575221447094
BC,SA,2028-01-01T00:00:00,F,81,-82.74375776092347,54000.0,23000.0,-0.0015322918103874716,96715.50048156374,2478.1537465202196,0.0,0.03338927533334476,0.0035975546852575423
BC,SA,2028-01-01T00:00:00,F,82,-158.18164677038294,54000.0,18200.0,-0.0029292897550070914,96715.50048156374,2478.1537465202196,0.0,0.06383044110660965,0.008691299273097964
BC,SA,2028-01-01T00:00:00,F,83,-55.59129799269613,54000.0,16300.000000000002,-0.0010294684813462246,96715.50048156374,2478.1537465202196,0.0,0.022432546031801483,0.0034105090793065105
BC,SA,2028-01-01T00:00:00,F,84,-18.366741635560174,54000.0,15300.000000000002,-0.0003401248451029662,96715.50048156374,2478.1537465202196,0.0,0.007411461722804904,0.0012004406297751746
BC,SA,2028-01-01T00:00:00,F,85,-104.9542821297473,54000.0,13700.000000000002,-0.0019435978172175426,96715.50048156374,2478.1537465202196,0.0,0.04235180415142615,0.00766089650582097
BC,SA,2028-01-01T00:00:00,F,86,-113.97661089229587,54000.0,11900.0,-0.0021106779794869603,96715.50048156374,2478.1537465202196,0.0,0.04599255032192407,0.009577866461537467
BC,SA,2028-01-01T00:00:00,F,87,-92.99441860827028,54000.0,10800.0,-0.0017221188631161163,96715.50048156374,2478.1537465202196,0.0,0.03752568570003029,0.008610594315580582
BC,SA,2028-01-01T00:00:00,F,88,-104.39113741102119,54000.0,9300.000000000002,-0.0019331692113152073,96715.50048156374,2478.1537465202196,0.0,0.042124560494927084,0.01122485348505604
BC,SA,2028-01-01T00:00:00,F,89,-114.27132905141116,54000.0,8000.000000000001,-0.0021161357231742808,96715.50048156374,2478.1537465202196,0.0,0.0461114768249827,0.014283916131426393
BC,SA,2028-01-01T00:00:00,F,90,-102.52562166420739,54000.0,7100.0,-0.001898622623411248,96715.50048156374,2478.1537465202196,0.0,0.04137177598773768,0.014440228403409493
BC,SA,2028-01-01T00:00:00,F,91,-108.828323642123,54000.0,6100.0,-0.0020153393267059814,96715.50048156374,2478.1537465202196,0.0,0.04391508145728966,0.017840708793790655
BC,SA,2028-01-01T00:00:00,F,92,-30.57504879467433,54000.0,5200.0,-0.0005662046073087839,96715.50048156374,2478.1537465202196,0.0,0.01233783369478479,0.005879817075898909
BC,SA,2028-01-01T00:00:00,F,93,-73.36587587825397,54000.0,4200.0,-0.0013586273310787773,96715.50048156374,2478.1537465202196,0.0,0.029605054158271277,0.017468065685298566
BC,SA,2028-01-01T00:00:00,F,94,-111.80138748724494,54000.0,3400.0,-0.0020703960645786098,96715.50048156374,2478.1537465202196,0.0,0.045114790655839856,0.032882761025660276
BC,SA,2028-01-01T00:00:00,F,95,-55.46842657035677,54000.0,2800.0000000000005,-0.0010271930846362364,96715.50048156374,2478.1537465202196,0.0,0.022382964191888646,0.019810152346555986
BC,SA,2028-01-01T00:00:00,F,96,-22.410706054197817,54000.0,2200.0,-0.00041501307507773737,96715.50048156374,2478.1537465202196,0.0,0.00904330737576978,0.010186684570089918
BC,SA,2028-01-01T00:00:00,F,97,-70.45381772084374,54000.0,1700.0000000000002,-0.001304700328163773,96715.50048156374,2478.1537465202196,0.0,0.02842996235393941,0.04144342218873161
BC,SA,2028-01-01T00:00:00,F,98,-35.08014606816664,54000.0,1300.0,-0.0006496323345956786,96715.50048156374,2478.1537465202196,0.0,0.014155758542998218,0.02698472774474357
BC,SA,2028-01-01T00:00:00,F,99,-17.990788871843392,54000.0,900.0,-0.00033316275688598875,96715.50048156374,2478.1537465202196,0.0,0.0072597549272742845,0.019989765413159326
BC,SA,2028-01-01T00:00:00,F,100,1130.540826134772,54000.0,1800.0,0.020935941224718,96715.50048156374,2478.1537465202196,0.011689344732805057,0.0,0.0
BC,SA,2028-01-01T00:00:00,M,1,490.01078411288836,54000.0,27600.0,0.009074273779868303,96715.50048156374,2478.1537465202196,0.005066517586871155,0.0,0.0
BC,SA,2028-01-01T00:00:00,M,2,405.75496517146894,54000.0,27399.999999999996,0.007513980836508684,96715.50048156374,2478.1537465202196,0.00419534576310046,0.0,0.0
BC,SA,2028-01-01T00:00:00,M,3,403.97377843020877,54000.0,27200.0,0.007480995896855718,96715.50048156374,2478.1537465202196,0.004176928997097169,0.0,0.0
BC,SA,2028-01-01T00:00:00,M,4,502.7115748783108,54000.0,27100.0,0.009309473608857607,96715.50048156374,2478.1537465202196,0.005197838737071308,0.0,0.0
BC,SA,2028-01-01T00:00:00,M,5,502.2018771247713,54000.0,26900.0,0.009300034761569839,96715.50048156374,2478.1537465202196,0.005192568664011648,0.0,0.0
BC,SA,2028-01-01T00:00:00,M,6,601.6995945823,54000.0,26800.000000000004,0.011142585084857408,96715.50048156374,2478.1537465202196,0.006221335686485935,0.0,0.0
BC,SA,2028-01-01T00:00:00,M,7,601.390070886031,54000.0,25600.0,0.01113685316455613,96715.50048156374,2478.1537465202196,0.006218135333959939,0.0,0.0
BC,SA,2028-01-01T00:00:00,M,8,501.44011343792954,54000.0,26400.0,0.009285928026628325,96715.50048156374,2478.1537465202196,0.005184692328956266,0.0,0.0
BC,SA,2028-01-01T00:00:00,M,9,501.46235457210423,54000.0,26800.0,0.009286339899483412,96715.50048156374,2478.1537465202196,0.005184922293481745,0.0,0.0
BC,SA,2028-01-01T00:00:00,M,10,501.50127655691904,54000.0,27500.000000000004,0.009287060676979982,96715.50048156374,2478.1537465202196,0.005185324731401427,0.0,0.0
BC,SA,2028-01-01T00:00:00,M,11,501.5513191088103,54000.0,28400.000000000004,0.009287987390903894,96715.50048156374,2478.1537465202196,0.0051858421515837356,0.0,0.0
BC,SA,2028-01-01T00:00:00,M,12,402.0906696771126,54000.0,28600.0,0.007446123512539122,96715.50048156374,2478.1537465202196,0.00415745839782694,0.0,0.0
BC,SA,2028-01-01T00:00:00,M,13,502.4103882161362,54000.0,29400.0,0.009303896078076596,96715.50048156374,2478.1537465202196,0.005194724586178485,0.0,0.0
BC,SA,2028-01-01T00:00:00,M,14,803.1916167892341,54000.0,29500.000000000004,0.01487391882943026,96715.50048156374,2478.1537465202196,0.008304683456012735,0.0,0.0
BC,SA,2028-01-01T00:00:00,M,15,1304.344466716615,54000.0,30600.000000000004,0.024154527161418797,96715.50048156374,2478.1537465202196,0.013486405593953928,0.0,0.0
BC,SA,2028-01-01T00:00:00,M,16,2006.6057039947482,54000.0,31700.0,0.03715936488879163,96715.50048156374,2478.1537465202196,0.020747508868831782,0.0,0.0
BC,SA,2028-01-01T00:00:00,M,17,1909.7047473666971,54000.0,32699.999999999996,0.03536490272901291,96715.50048156374,2478.1537465202196,0.019745591325671028,0.0,0.0
BC,SA,2028-01-01T00:00:00,M,18,2813.595281863203,54000.0,35400.0,0.05210361633080006,96715.50048156374,2478.1537465202196,0.029091461739367632,0.0,0.0
BC,SA,2028-01-01T00:00:00,M,19,5418.382984518685,54000.0,40200.00000000001,0.1003404256392349,96715.50048156374,2478.1537465202196,0.05602393574493839,0.0,0.0
BC,SA,2028-01-01T00:00:00,M,20,3824.9390232048827,54000.0,42800.0,0.07083220413342375,96715.50048156374,2478.1537465202196,0.039548355787436644,0.0,0.0
BC,SA,2028-01-01T00:00:00,M,21,1730.852929163928,54000.0,42800.00000000001,0.03205283202155422,96715.50048156374,2478.1537465202196,0.017896334305728682,0.0,0.0
BC,SA,2028-01-01T00:00:00,M,22,635.4240450510333,54000.0,41700.0,0.011767111945389506,96715.50048156374,2478.1537465202196,0.00657003315794411,0.0,0.0
BC,SA,2028-01-01T00:00:00,M,23,438.8432238850655,54000.0,40700.0,0.008126726368241953,96715.50048156374,2478.1537465202196,0.004537465263582226,0.0,0.0
BC,SA,2028-01-01T00:00:00,M,24,441.6813007001401,54000.0,40200.0,0.008179283346298891,96715.50048156374,2478.1537465202196,0.0045668098546864785,0.0,0.0
BC,SA,2028-01-01T00:00:00,M,25,642.7917792395237,54000.0,39400.0,0.011903551467398589,96715.50048156374,2478.1537465202196,0.006646212613686004,0.0,0.0
BC,SA,2028-01-01T00:00:00,M,26,743.7910521756567,54000.0,38500.0,0.01377390837362327,96715.50048156374,2478.1537465202196,0.0076905051255712715,0.0,0.0
BC,SA,2028-01-01T00:00:00,M,27,948.8126766055939,54000.0,40799.99999999999,0.017570605122325812,96715.50048156374,2478.1537465202196,0.009810347585250413,0.0,0.0
BC,SA,2028-01-01T00:00:00,M,28,954.2356588127441,54000.0,43000.0,0.01767103071875452,96715.50048156374,2478.1537465202196,0.009866419075137226,0.0,0.0
BC,SA,2028-01-01T00:00:00,M,29,859.1193804855357,54000.0,43900.0,0.01590961815713955,96715.50048156374,2478.1537465202196,0.008882954399324069,0.0,0.0
BC,SA,2028-01-01T00:00:00,M,30,863.846581404141,54000.0,44400.0,0.0159971589148915,96715.50048156374,2478.1537465202196,0.00893183178604148,0.0,0.0
BC,SA,2028-01-01T00:00:00,M,31,870.114335841281,54000.0,45299.99999999999,0.016113228441505204,96715.50048156374,2478.1537465202196,0.00899663788646935,0.0,0.0
BC,SA,2028-01-01T00:00:00,M,32,676.2450291860005,54000.0,45800.0,0.012523056096037046,96715.50048156374,2478.1537465202196,0.00699210597907115,0.0,0.0
BC,SA,2028-01-01T00:00:00,M,33,681.748298677303,54000.0,46300.0,0.01262496849402413,96715.50048156374,2478.1537465202196,0.007049007607702555,0.0,0.0
BC,SA,2028-01-01T00:00:00,M,34,886.408224850049,54000.0,46500.0,0.01641496712685276,96715.50048156374,2478.1537465202196,0.009165110250543753,0.0,0.0
BC,SA,2028-01-01T00:00:00,M,35,789.9938022848,54000.0,46500.0,0.014629514857125927,96715.50048156374,2478.1537465202196,0.008168223277047422,0.0,0.0
BC,SA,2028-01-01T00:00:00,M,36,793.5747188837267,54000.0,46799.99999999999,0.014695828127476421,96715.50048156374,2478.1537465202196,0.008205248537539242,0.0,0.0
BC,SA,2028-01-01T00:00:00,M,37,596.5559208527338,54000.0,46800.00000000001,0.01104733186764322,96715.50048156374,2478.1537465202196,0.006168152135721528,0.0,0.0
BC,SA,2028-01-01T00:00:00,M,38,500.2055668912508,54000.0,46800.0,0.009263066053541682,96715.50048156374,2478.1537465202196,0.005171927606233106,0.0,0.0
BC,SA,2028-01-01T00:00:00,M,39,402.0581227099319,54000.0,45800.0,0.007445520790924665,96715.50048156374,2478.1537465202196,0.004157121875066693,0.0,0.0
BC,SA,2028-01-01T00:00:00,M,40,502.77256923106324,54000.0,44400.0,0.00931060313390858,96715.50048156374,2478.1537465202196,0.005198469394540367,0.0,0.0
BC,SA,2028-01-01T00:00:00,M,41,505.7969082527052,54000.0,43800.0,0.009366609412087133,96715.50048156374,2478.1537465202196,0.005229739863147604,0.0,0.0
BC,SA,2028-01-01T00:00:00,M,42,411.2832949324511,54000.0,43800.0,0.007616357313563909,96715.50048156374,2478.1537465202196,0.004252506505002799,0.0,0.0
BC,SA,2028-01-01T00:00:00,M,43,414.77887585425924,54000.0,43000.0,0.007681090293597394,96715.50048156374,2478.1537465202196,0.004288649428364649,0.0,0.0
BC,SA,2028-01-01T00:00:00,M,44,517.6072349546594,54000.0,42000.00000000001,0.009585319165827026,96715.50048156374,2478.1537465202196,0.005351853967330992,0.0,0.0
BC,SA,2028-01-01T00:00:00,M,45,320.426386984509,54000.0,40800.0,0.005933821981194611,96715.50048156374,2478.1537465202196,0.0033130820332733517,0.0,0.0
BC,SA,2028-01-01T00:00:00,M,46,423.7018355982,54000.0,39899.99999999999,0.007846330288855554,96715.50048156374,2478.1537465202196,0.004380909300872279,0.0,0.0
BC,SA,2028-01-01T00:00:00,M,47,326.36196345969074,54000.0,38600.0,0.006043740064068347,96715.50048156374,2478.1537465202196,0.0033744535450333842,0.0,0.0
BC,SA,2028-01-01T00:00:00,M,48,328.2732692537684,54000.0,37199.99999999999,0.006079134615810526,96715.50048156374,2478.1537465202196,0.003394215690548435,0.0,0.0
BC,SA,2028-01-01T00:00:00,M,49,329.2532060773665,54000.0,35500.0,0.006097281594025305,96715.50048156374,2478.1537465202196,0.003404347849496265,0.0,0.0
BC,SA,2028-01-01T00:00:00,M,50,231.81564586978493,54000.0,34199.99999999999,0.004292882330921943,96715.50048156374,2478.1537465202196,0.0023968820376830337,0.0,0.0
BC,SA,2028-01-01T00:00:00,M,51,238.1781771632086,54000.0,33900.0,0.004410706984503863,96715.50048156374,2478.1537465202196,0.0024626680932971134,0.0,0.0
BC,SA,2028-01-01T00:00:00,M,52,243.29707388425595,54000.0,33200.0,0.004505501368226962,96715.50048156374,2478.1537465202196,0.0025155954595988896,0.0,0.0
BC,SA,2028-01-01T00:00:00,M,53,250.97410376813787,54000.0,33000.0,0.0046476685882988495,96715.50048156374,2478.1537465202196,0.002594972910427936,0.0,0.0
BC,SA,2028-01-01T00:00:00,M,54,158.1807316863633,54000.0,32500.0,0.0029292728090067276,96715.50048156374,2478.1537465202196,0.0016355261659067389,0.0,0.0
BC,SA,2028-01-01T00:00:00,M,55,267.91077268089066,54000.0,32499.999999999996,0.004961310605201679,96715.50048156374,2478.1537465202196,0.0027700913643305893,0.0,0.0
BC,SA,2028-01-01T00:00:00,M,56,181.48722876487227,54000.0,32900.0,0.003360874606756894,96715.50048156374,2478.1537465202196,0.0018765061221956664,0.0,0.0
BC,SA,2028-01-01T00:00:00,M,57,203.96908952107333,54000.0,34700.0,0.003777205361501358,96715.50048156374,2478.1537465202196,0.0021089596652602203,0.0,0.0
BC,SA,2028-01-01T00:00:00,M,58,218.43751664387673,54000.0,34800.0,0.004045139197108828,96715.50048156374,2478.1537465202196,0.0022585574758568934,0.0,0.0
BC,SA,2028-01-01T00:00:00,M,59,130.25388766995457,54000.0,34200.0,0.0024121090309250845,96715.50048156374,2478.1537465202196,0.0013467736507736321,0.0,0.0
BC,SA,2028-01-01T00:00:00,M,60,240.3250459136325,54000.0,33399.99999999999,0.004450463813215417,96715.50048156374,2478.1537465202196,0.0024848658665571825,0.0,0.0
BC,SA,2028-01-01T00:00:00,M,61,254.59270013242713,54000.0,33000.0,0.004714679632081984,96715.50048156374,2478.1537465202196,0.0026323877647819083,0.0,0.0
BC,SA,2028-01-01T00:00:00,M,62,283.52545270767587,54000.0,34200.0,0.005250471346438442,96715.50048156374,2478.1537465202196,0.00293154097632698,0.0,0.0
BC,SA,2028-01-01T00:00:00,M,63,221.16459236290393,54000.0,35900.0,0.004095640599313036,96715.50048156374,2478.1537465202196,0.0022867543595564924,0.0,0.0
BC,SA,2028-01-01T00:00:00,M,64,159.3395463611887,54000.0,37200.0,0.002950732340022013,96715.50048156374,2478.1537465202196,0.001647507851045682,0.0,0.0
BC,SA,2028-01-01T00:00:00,M,65,192.98935973757762,54000.0,37700.0,0.0035738770321773632,96715.50048156374,2478.1537465202196,0.001995433604506508,0.0,0.0
BC,SA,2028-01-01T00:00:00,M,66,306.7260684750945,54000.0,36200.0,0.0056801123791684165,96715.50048156374,2478.1537465202196,0.0031714261617615653,0.0,0.0
BC,SA,2028-01-01T00:00:00,M,67,239.21445303040673,54000.0,35999.99999999999,0.0044298972783408655,96715.50048156374,2478.1537465202196,0.0024733827756596954,0.0,0.0
BC,SA,2028-01-01T00:00:00,M,68,266.98178367481887,54000.0,35300.0,0.004944107105089238,96715.50048156374,2478.1537465202196,0.0027604859856534777,0.0,0.0
BC,SA,2028-01-01T00:00:00,M,69,191.16902830210893,54000.0,34100.0,0.003540167190779795,96715.50048156374,2478.1537465202196,0.00197661209785654,0.0,0.0
BC,SA,2028-01-01T00:00:00,M,70,229.3305173762492,54000.0,33800.0,0.004246861432893503,96715.50048156374,2478.1537465202196,0.0023711867925448517,0.0,0.0
BC,SA,2028-01-01T00:00:00,M,71,150.87279730440423,54000.0,32199.999999999996,0.0027939406908223004,96715.50048156374,2478.1537465202196,0.0015599650164987169,0.0,0.0
BC,SA,2028-01-01T00:00:00,M,72,87.95799519298089,54000.0,31399.999999999996,0.0016288517628329795,96715.50048156374,2478.1537465202196,0.0009094508610824773,0.0,0.0
BC,SA,2028-01-01T00:00:00,M,73,115.76513541618624,54000.0,30100.0,0.002143798804003449,96715.50048156374,2478.1537465202196,0.0011969656863664146,0.0,0.0
BC,SA,2028-01-01T00:00:00,M,74,131.70245318019806,54000.0,28200.0,0.002438934318151816,96715.50048156374,2478.1537465202196,0.0013617512448824444,0.0,0.0
BC,SA,2028-01-01T00:00:00,M,75,63.09510522639903,54000.0,26900.0,0.001168427874562945,96715.50048156374,2478.1537465202196,0.0006523784182704658,0.0,0.0
BC,SA,2028-01-01T00:00:00,M,76,87.64543362226686,54000.0,25400.0,0.0016230635855975345,96715.50048156374,2478.1537465202196,0.0009062190981369544,0.0,0.0
BC,SA,2028-01-01T00:00:00,M,77,20.541457778195763,54000.0,24099.999999999996,0.0003803973662628845,96715.50048156374,2478.1537465202196,0.0002123905441828474,0.0,0.0
BC,SA,2028-01-01T00:00:00,M,78,64.0521268415323,54000.0,23200.0,0.0011861504970654129,96715.50048156374,2478.1537465202196,0.0006622736430314203,0.0,0.0
BC,SA,2028-01-01T00:00:00,M,79,-14.383199730269553,54000.0,21500.0,-0.00026635555056054726,96715.50048156374,2478.1537465202196,0.0,0.0058039981379146436,0.0006689860339660257
BC,SA,2028-01-01T00:00:00,M,80,-56.22850328528148,54000.0,20799.999999999996,-0.0010412685793570644,96715.50048156374,2478.1537465202196,0.0,0.022689675071305225,0.0027032934271769946
BC,SA,2028-01-01T00:00:00,M,81,-18.948615261317173,54000.0,19600.0,-0.0003509002826169847,96715.50048156374,2478.1537465202196,0.0,0.007646262984257732,0.0009667660847610802
BC,SA,2028-01-01T00:00:00,M,82,-24.452933001870406,54000.0,15500.0,-0.00045283209262722974,96715.50048156374,2478.1537465202196,0.0,0.009867399484881351,0.0015776085807658327
BC,SA,2028-01-01T00:00:00,M,83,-40.33712732005915,54000.0,13599.999999999998,-0.0007469838392603547,96715.50048156374,2478.1537465202196,0.0,0.01627708828667303,0.002965965244121997
BC,SA,2028-01-01T00:00:00,M,84,-9.187353830233405,54000.0,12699.999999999998,-0.00017013618204135935,96715.50048156374,2478.1537465202196,0.0,0.003707338111339592,0.0007234136874199533
BC,SA,2028-01-01T00:00:00,M,85,-105.19403429857994,54000.0,11300.0,-0.0019480376721959247,96715.50048156374,2478.1537465202196,0.0,0.042448550436506034,0.009309206575095569
BC,SA,2028-01-01T00:00:00,M,86,-45.39312408619662,54000.0,9599.999999999998,-0.0008406134090036411,96715.50048156374,2478.1537465202196,0.0,0.018317315521660774,0.004728450425645482
BC,SA,2028-01-01T00:00:00,M,87,-71.41933815932316,54000.0,8200.0,-0.0013225803362837622,96715.50048156374,2478.1537465202196,0.0,0.0288195751613914,0.008709675385283312
BC,SA,2028-01-01T00:00:00,M,88,5.509033508694301,54000.0,7100.0,0.00010201913904989447,96715.50048156374,2478.1537465202196,5.696122629013799e-05,0.0,0.0
BC,SA,2028-01-01T00:00:00,M,89,-21.81154585855529,54000.0,5999.999999999999,-0.00040391751589917207,96715.50048156374,2478.1537465202196,0.0,0.008801530530211326,0.003635257643092549
BC,SA,2028-01-01T00:00:00,M,90,-64.59390589379018,54000.0,4900.0,-0.001196183442477596,96715.50048156374,2478.1537465202196,0.0,0.026065334317732232,0.013182429774242894
BC,SA,2028-01-01T00:00:00,M,91,-88.54478301307063,54000.0,4100.0,-0.0016397182039457523,96715.50048156374,2478.1537465202196,0.0,0.03573014109290179,0.021596288539773325
BC,SA,2028-01-01T00:00:00,M,92,-114.56939495133929,54000.0,3400.0,-0.0021216554620618385,96715.50048156374,2478.1537465202196,0.0,0.04623175422921828,0.03369688086804097
BC,SA,2028-01-01T00:00:00,M,93,-90.36087279107323,54000.0,2599.9999999999995,-0.0016733494961309859,96715.50048156374,2478.1537465202196,0.0,0.03646298092600445,0.03475418184272048
BC,SA,2028-01-01T00:00:00,M,94,-40.39840748989809,54000.0,2100.0,-0.000748118657220335,96715.50048156374,2478.1537465202196,0.0,0.016301816441625074,0.01923733689995147
BC,SA,2028-01-01T00:00:00,M,95,-9.533778181422122,54000.0,1599.9999999999998,-0.00017655144780411337,96715.50048156374,2478.1537465202196,0.0,0.0038471294183459307,0.005958611363388827
BC,SA,2028-01-01T00:00:00,M,96,18.310415851675998,54000.0,1200.0,0.000339081775031037,96715.50048156374,2478.1537465202196,0.00018932245359332443,0.0,0.0
BC,SA,2028-01-01T00:00:00,M,97,54.38879333638408,54000.0,899.9999999999999,0.0010071998765997052,96715.50048156374,2478.1537465202196,0.0005623585988344431,0.0,0.0
BC,SA,2028-01-01T00:00:00,M,98,0.83950584751733,54000.0,600.0,1.554640458365426e-05,96715.50048156374,2478.1537465202196,8.680158230452002e-06,0.0,0.0
BC,SA,2028-01-01T00:00:00,M,99,35.71445998718218,54000.0,400.0,0.0006613788886515218,96715.50048156374,2478.1537465202196,0.00036927338233637327,0.0,0.0
BC,SA,2028-01-01T00:00:00,M,100,387.67247377418,54000.0,600.0,0.007179119884707037,96715.50048156374,2478.1537465202196,0.0040083799581648195,0.0,0.0
BC,SA,2029-01-01T00:00:00,F,1,482.7933807028967,55000.0,26700.0,0.008778061467325394,91482.07525754682,3369.5332442870704,0.005277464239237059,0.0,0.0
BC,SA,2029-01-01T00:00:00,F,2,303.6486479130799,55000.0,26500.0,0.005520884507510544,91482.07525754682,3369.5332442870704,0.0033192146883225674,0.0,0.0
BC,SA,2029-01-01T00:00:00,F,3,402.8854894033211,55000.0,26300.000000000004,0.0073251907164240205,91482.07525754682,3369.5332442870704,0.004403982837830136,0.0,0.0
BC,SA,2029-01-01T00:00:00,F,4,302.3860029430689,55000.0,26000.000000000004,0.0054979273262376165,91482.07525754682,3369.5332442870704,0.0033054125859275753,0.0,0.0
BC,SA,2029-01-01T00:00:00,F,5,502.12233417214884,55000.0,25900.0,0.00912949698494816,91482.07525754682,3369.5332442870704,0.005488751023176272,0.0,0.0
BC,SA,2029-01-01T00:00:00,F,6,501.87166344160505,55000.0,25700.000000000004,0.00912493933530191,91482.07525754682,3369.5332442870704,0.005486010915566797,0.0,0.0
BC,SA,2029-01-01T00:00:00,F,7,401.63120551205066,55000.0,25500.000000000004,0.007302385554764557,91482.07525754682,3369.5332442870704,0.004390272131249209,0.0,0.0
BC,SA,2029-01-01T00:00:00,F,8,401.3257597059528,55000.0,24200.000000000004,0.007296831994653688,91482.07525754682,3369.5332442870704,0.004386933271639412,0.0,0.0
BC,SA,2029-01-01T00:00:00,F,9,301.35361180061227,55000.0,24600.0,0.005479156578192951,91482.07525754682,3369.5332442870704,0.003294127411869705,0.0,0.0
BC,SA,2029-01-01T00:00:00,F,10,501.38703431420436,55000.0,25400.0,0.009116127896621898,91482.07525754682,3369.5332442870704,0.005480713384591069,0.0,0.0
BC,SA,2029-01-01T00:00:00,F,11,301.4427385035342,55000.0,26200.0,0.005480777063700622,91482.07525754682,3369.5332442870704,0.0032951016650517736,0.0,0.0
BC,SA,2029-01-01T00:00:00,F,12,401.7156902596871,55000.0,26800.000000000004,0.00730392164108522,91482.07525754682,3369.5332442870704,0.004391195642739287,0.0,0.0
BC,SA,2029-01-01T00:00:00,F,13,501.9756447439104,55000.0,27099.999999999996,0.009126829904434735,91482.07525754682,3369.5332442870704,0.005487147545906812,0.0,0.0
BC,SA,2029-01-01T00:00:00,F,14,702.2476688673523,55000.0,27600.0,0.01276813943395186,91482.07525754682,3369.5332442870704,0.007676341697434552,0.0,0.0
BC,SA,2029-01-01T00:00:00,F,15,1403.0526026892294,55000.0,28799.999999999996,0.02551004732162235,91482.07525754682,3369.5332442870704,0.01533691270928492,0.0,0.0
BC,SA,2029-01-01T00:00:00,F,16,2304.529714671924,55000.0,31000.0,0.04190054026676226,91482.07525754682,3369.5332442870704,0.025191051997717023,0.0,0.0
BC,SA,2029-01-01T00:00:00,F,17,1906.7959986859423,55000.0,32400.000000000004,0.034669018157926224,91482.07525754682,3369.5332442870704,0.02084338372646002,0.0,0.0
BC,SA,2029-01-01T00:00:00,F,18,2708.801413159319,55000.0,34300.0,0.04925093478471489,91482.07525754682,3369.5332442870704,0.02961018763001724,0.0,0.0
BC,SA,2029-01-01T00:00:00,F,19,5211.430745185913,55000.0,39400.0,0.09475328627610752,91482.07525754682,3369.5332442870704,0.05696668697681293,0.0,0.0
BC,SA,2029-01-01T00:00:00,F,20,3214.7694075237596,55000.0,42000.0,0.058450352864068356,91482.07525754682,3369.5332442870704,0.035140975961392575,0.0,0.0
BC,SA,2029-01-01T00:00:00,F,21,1217.2966337844628,55000.0,42600.0,0.022132666068808413,91482.07525754682,3369.5332442870704,0.013306395054522354,0.0,0.0
BC,SA,2029-01-01T00:00:00,F,22,118.31608826042066,55000.0,41200.00000000001,0.002151201604734921,91482.07525754682,3369.5332442870704,0.0012933253637647465,0.0,0.0
BC,SA,2029-01-01T00:00:00,F,23,318.8453344551672,55000.0,40100.0,0.005797187899184858,91482.07525754682,3369.5332442870704,0.0034853312362835144,0.0,0.0
BC,SA,2029-01-01T00:00:00,F,24,619.2399460628512,55000.0,39700.0,0.011258908110233659,91482.07525754682,3369.5332442870704,0.006768975718134105,0.0,0.0
BC,SA,2029-01-01T00:00:00,F,25,819.1907390396736,55000.0,39800.0,0.014894377073448612,91482.07525754682,3369.5332442870704,0.008954658458866721,0.0,0.0
BC,SA,2029-01-01T00:00:00,F,26,618.846289877416,55000.0,38899.99999999999,0.011251750725043927,91482.07525754682,3369.5332442870704,0.00676467262176985,0.0,0.0
BC,SA,2029-01-01T00:00:00,F,27,918.9010810408508,55000.0,38600.0,0.016707292382560926,91482.07525754682,3369.5332442870704,0.01004460249129565,0.0,0.0
BC,SA,2029-01-01T00:00:00,F,28,820.5277139722311,55000.0,41000.0,0.01491868570858602,91482.07525754682,3369.5332442870704,0.008969273069748618,0.0,0.0
BC,SA,2029-01-01T00:00:00,F,29,922.1209413623146,55000.0,42699.99999999999,0.01676583529749663,91482.07525754682,3369.5332442870704,0.01007979911656239,0.0,0.0
BC,SA,2029-01-01T00:00:00,F,30,723.3353704532055,55000.0,43300.0,0.013151552190058282,91482.07525754682,3369.5332442870704,0.00790685353843166,0.0,0.0
BC,SA,2029-01-01T00:00:00,F,31,824.7522206044814,55000.0,43800.0,0.01499549492008148,91482.07525754682,3369.5332442870704,0.009015451587456674,0.0,0.0
BC,SA,2029-01-01T00:00:00,F,32,626.4104907719739,55000.0,43700.0,0.011389281650399525,91482.07525754682,3369.5332442870704,0.006847357681911551,0.0,0.0
BC,SA,2029-01-01T00:00:00,F,33,628.7911011941687,55000.0,44900.0,0.011432565476257614,91482.07525754682,3369.5332442870704,0.0068733803799700816,0.0,0.0
BC,SA,2029-01-01T00:00:00,F,34,730.7780851870921,55000.0,44900.0,0.013286874276128947,91482.07525754682,3369.5332442870704,0.007988210620821116,0.0,0.0
BC,SA,2029-01-01T00:00:00,F,35,732.9786274481376,55000.0,45100.0,0.013326884135420682,91482.07525754682,3369.5332442870704,0.008012264975238092,0.0,0.0
BC,SA,2029-01-01T00:00:00,F,36,636.2683159111257,55000.0,45500.0,0.01156851483474774,91482.07525754682,3369.5332442870704,0.006955114585232769,0.0,0.0
BC,SA,2029-01-01T00:00:00,F,37,539.7975804600283,55000.0,46099.99999999999,0.009814501462909605,91482.07525754682,3369.5332442870704,0.0059005830261321885,0.0,0.0
BC,SA,2029-01-01T00:00:00,F,38,442.8552195034281,55000.0,46099.99999999999,0.00805191308188051,91482.07525754682,3369.5332442870704,0.004840896079988027,0.0,0.0
BC,SA,2029-01-01T00:00:00,F,39,445.075343835626,55000.0,46200.00000000001,0.008092278978829564,91482.07525754682,3369.5332442870704,0.0048651644880444425,0.0,0.0
BC,SA,2029-01-01T00:00:00,F,40,446.2741638102816,55000.0,45299.99999999999,0.008114075705641485,91482.07525754682,3369.5332442870704,0.004878268912832366,0.0,0.0
BC,SA,2029-01-01T00:00:00,F,41,347.1944156899117,55000.0,44500.0,0.006312625739816577,91482.07525754682,3369.5332442870704,0.0037952179671532963,0.0,0.0
BC,SA,2029-01-01T00:00:00,F,42,447.73121131246444,55000.0,43600.0,0.008140567478408444,91482.07525754682,3369.5332442870704,0.004894196049356989,0.0,0.0
BC,SA,2029-01-01T00:00:00,F,43,449.3357630880564,55000.0,43600.0,0.00816974114705557,91482.07525754682,3369.5332442870704,0.004911735570307676,0.0,0.0
BC,SA,2029-01-01T00:00:00,F,44,350.3906978495943,55000.0,42700.0,0.006370739960901714,91482.07525754682,3369.5332442870704,0.0038301568571017827,0.0,0.0
BC,SA,2029-01-01T00:00:00,F,45,352.1309013334685,55000.0,42200.0,0.006402380024244882,91482.07525754682,3369.5332442870704,0.0038491792008666687,0.0,0.0
BC,SA,2029-01-01T00:00:00,F,46,353.9380098360489,55000.0,41500.0,0.006435236542473616,91482.07525754682,3369.5332442870704,0.003868932890291541,0.0,0.0
BC,SA,2029-01-01T00:00:00,F,47,255.9289789719187,55000.0,40900.0,0.004653254163125795,91482.07525754682,3369.5332442870704,0.0027975860653730177,0.0,0.0
BC,SA,2029-01-01T00:00:00,F,48,257.1438220573764,55000.0,39400.0,0.004675342219225025,91482.07525754682,3369.5332442870704,0.0028108656404377238,0.0,0.0
BC,SA,2029-01-01T00:00:00,F,49,259.3884403950651,55000.0,38500.0,0.0047161534617284565,91482.07525754682,3369.5332442870704,0.0028354017949944444,0.0,0.0
BC,SA,2029-01-01T00:00:00,F,50,160.8309394513708,55000.0,36700.0,0.002924198899115833,91482.07525754682,3369.5332442870704,0.0017580595870676102,0.0,0.0
BC,SA,2029-01-01T00:00:00,F,51,163.4388544753674,55000.0,35500.0,0.002971615535915771,91482.07525754682,3369.5332442870704,0.0017865669751723795,0.0,0.0
BC,SA,2029-01-01T00:00:00,F,52,167.59752663618565,55000.0,35100.00000000001,0.0030472277570215574,91482.07525754682,3369.5332442870704,0.001832025849483117,0.0,0.0
BC,SA,2029-01-01T00:00:00,F,53,173.21416003283957,55000.0,35300.00000000001,0.003149348364233447,91482.07525754682,3369.5332442870704,0.0018934218484352786,0.0,0.0
BC,SA,2029-01-01T00:00:00,F,54,277.9749026707359,55000.0,34900.00000000001,0.005054089139467925,91482.07525754682,3369.5332442870704,0.003038572331116902,0.0,0.0
BC,SA,2029-01-01T00:00:00,F,55,184.1770324047393,55000.0,34700.0,0.0033486733164498055,91482.07525754682,3369.5332442870704,0.0020132581370310093,0.0,0.0
BC,SA,2029-01-01T00:00:00,F,56,291.7742084206402,55000.0,35000.00000000001,0.005304985607648004,91482.07525754682,3369.5332442870704,0.0031894139655141924,0.0,0.0
BC,SA,2029-01-01T00:00:00,F,57,200.96153613312345,55000.0,35400.00000000001,0.0036538461115113354,91482.07525754682,3369.5332442870704,0.002196731278421071,0.0,0.0
BC,SA,2029-01-01T00:00:00,F,58,216.61997027401958,55000.0,37700.00000000001,0.003938544914073083,91482.07525754682,3369.5332442870704,0.002367895237008733,0.0,0.0
BC,SA,2029-01-01T00:00:00,F,59,227.0853852900982,55000.0,37800.0,0.004128825187092695,91482.07525754682,3369.5332442870704,0.0024822937679407834,0.0,0.0
BC,SA,2029-01-01T00:00:00,F,60,138.2741285129523,55000.0,37600.0,0.0025140750638718602,91482.07525754682,3369.5332442870704,0.001511488760215301,0.0,0.0
BC,SA,2029-01-01T00:00:00,F,61,245.2956730533988,55000.0,36400.0,0.004459921328243614,91482.07525754682,3369.5332442870704,0.0026813523016703,0.0,0.0
BC,SA,2029-01-01T00:00:00,F,62,254.8479276069993,55000.0,35500.00000000001,0.004633598683763624,91482.07525754682,3369.5332442870704,0.002785768981404645,0.0,0.0
BC,SA,2029-01-01T00:00:00,F,63,276.01511469056277,55000.0,36900.0,0.005018456630737505,91482.07525754682,3369.5332442870704,0.0030171496865752712,0.0,0.0
BC,SA,2029-01-01T00:00:00,F,64,200.626379542824,55000.0,38300.00000000001,0.003647752355324073,91482.07525754682,3369.5332442870704,0.0021930676471648286,0.0,0.0
BC,SA,2029-01-01T00:00:00,F,65,131.3238853620569,55000.0,40200.0,0.0023877070065828525,91482.07525754682,3369.5332442870704,0.001435514935492495,0.0,0.0
BC,SA,2029-01-01T00:00:00,F,66,153.16366257316986,55000.0,40099.99999999999,0.002784793864966725,91482.07525754682,3369.5332442870704,0.0016742477927175641,0.0,0.0
BC,SA,2029-01-01T00:00:00,F,67,167.12223844457912,55000.0,38500.0,0.003038586153537802,91482.07525754682,3369.5332442870704,0.001826830425239969,0.0,0.0
BC,SA,2029-01-01T00:00:00,F,68,95.55300605943921,55000.0,38600.0,0.0017373273828988948,91482.07525754682,3369.5332442870704,0.0010444997644667726,0.0,0.0
BC,SA,2029-01-01T00:00:00,F,69,222.48951150116773,55000.0,38300.00000000001,0.0040452638454757765,91482.07525754682,3369.5332442870704,0.00243205579754066,0.0,0.0
BC,SA,2029-01-01T00:00:00,F,70,248.27947540888272,55000.0,37500.0,0.004514172280161504,91482.07525754682,3369.5332442870704,0.00271396855296416,0.0,0.0
BC,SA,2029-01-01T00:00:00,F,71,180.546297835288,55000.0,37000.00000000001,0.0032826599606416,91482.07525754682,3369.5332442870704,0.0019735702029824013,0.0,0.0
BC,SA,2029-01-01T00:00:00,F,72,8.571571423606656,55000.0,35700.00000000001,0.00015584675315648465,91482.07525754682,3369.5332442870704,9.369673129381205e-05,0.0,0.0
BC,SA,2029-01-01T00:00:00,F,73,140.02109143255075,55000.0,34800.0,0.002545838026046377,91482.07525754682,3369.5332442870704,0.001530584992069249,0.0,0.0
BC,SA,2029-01-01T00:00:00,F,74,76.89843677049794,55000.0,33900.00000000001,0.0013981533958272352,91482.07525754682,3369.5332442870704,0.0008405847435577735,0.0,0.0
BC,SA,2029-01-01T00:00:00,F,75,4.857644401727157,55000.0,32200.000000000004,8.832080730413013e-05,91482.07525754682,3369.5332442870704,5.309941196733428e-05,0.0,0.0
BC,SA,2029-01-01T00:00:00,F,76,28.843382628860127,55000.0,30300.0,0.0005244251387065478,91482.07525754682,3369.5332442870704,0.00031528999039055674,0.0,0.0
BC,SA,2029-01-01T00:00:00,F,77,-43.72359019990108,55000.0,28500.0,-0.0007949743672709288,91482.07525754682,3369.5332442870704,0.0,0.012976156348667268,0.001534161059645652
BC,SA,2029-01-01T00:00:00,F,78,-9.605331853068492,55000.0,27100.0,-0.00017464239732851804,91482.07525754682,3369.5332442870704,0.0,0.002850641663605488,0.0003544402897811252
BC,SA,2029-01-01T00:00:00,F,79,-59.99447473960754,55000.0,26200.0,-0.001090808631629228,91482.07525754682,3369.5332442870704,0.0,0.017804980805969532,0.002289865448076624
BC,SA,2029-01-01T00:00:00,F,80,-132.40579157918546,55000.0,24300.0,-0.002407378028712463,91482.07525754682,3369.5332442870704,0.0,0.03929499487909045,0.0054487980073738874
BC,SA,2029-01-01T00:00:00,F,81,-82.37431935185668,55000.0,23300.0,-0.0014977148973064852,91482.07525754682,3369.5332442870704,0.0,0.024446804165389836,0.0035353785129552226
BC,SA,2029-01-01T00:00:00,F,82,-132.30379378803627,55000.0,22100.000000000004,-0.0024055235234188414,91482.07525754682,3369.5332442870704,0.0,0.03926472427964701,0.005986597003983541
BC,SA,2029-01-01T00:00:00,F,83,-18.27541885345272,55000.0,17500.000000000004,-0.00033228034279004945,91482.07525754682,3369.5332442870704,0.0,0.005423724156584024,0.0010443096487687267
BC,SA,2029-01-01T00:00:00,F,84,-113.77174970152191,55000.0,15500.000000000004,-0.0020685772673003982,91482.07525754682,3369.5332442870704,0.0,0.03376483965380608,0.007340112883969154
BC,SA,2029-01-01T00:00:00,F,85,-175.20446035144232,55000.0,14400.0,-0.003185535642753497,91482.07525754682,3369.5332442870704,0.0,0.051996655812343015,0.012166976413294606
BC,SA,2029-01-01T00:00:00,F,86,-68.57969474129459,55000.0,12900.000000000002,-0.0012469035407508106,91482.07525754682,3369.5332442870704,0.0,0.020352876724860674,0.005316255406301905
BC,SA,2029-01-01T00:00:00,F,87,16.902553774729313,55000.0,11200.0,0.000307319159540533,91482.07525754682,3369.5332442870704,0.00018476355862221146,0.0,0.0
BC,SA,2029-01-01T00:00:00,F,88,-164.7108104352974,55000.0,9900.0,-0.002994742007914498,91482.07525754682,3369.5332442870704,0.0,0.04888238177040069,0.016637455599524988
BC,SA,2029-01-01T00:00:00,F,89,-183.5404172698636,55000.0,8400.000000000002,-0.003337098495815702,91482.07525754682,3369.5332442870704,0.0,0.05447057617877793,0.02185004967498376
BC,SA,2029-01-01T00:00:00,F,90,-101.62977916127602,55000.0,7200.000000000001,-0.0018478141665686548,91482.07525754682,3369.5332442870704,0.0,0.03016138194617485,0.01411524710573278
BC,SA,2029-01-01T00:00:00,F,91,-96.67942215097082,55000.0,6300.0,-0.0017578076754721967,91482.07525754682,3369.5332442870704,0.0,0.028692229796185426,0.015345940023963623
BC,SA,2029-01-01T00:00:00,F,92,-115.44399612096731,55000.0,5300.0,-0.002098981747653951,91482.07525754682,3369.5332442870704,0.0,0.03426112394548969,0.02178188606055987
BC,SA,2029-01-01T00:00:00,F,93,-142.14865866583477,55000.0,4400.0,-0.0025845210666515413,91482.07525754682,3369.5332442870704,0.0,0.04218645383803321,0.032306513333144264
BC,SA,2029-01-01T00:00:00,F,94,-103.81741439782036,55000.0,3500.0,-0.0018875893526876428,91482.07525754682,3369.5332442870704,0.0,0.03081062178978031,0.029662118399377244
BC,SA,2029-01-01T00:00:00,F,95,-61.107293890665915,55000.0,2800.0000000000005,-0.0011110417071030167,91482.07525754682,3369.5332442870704,0.0,0.01813523994585044,0.02182403353238068
BC,SA,2029-01-01T00:00:00,F,96,-9.74991373834655,55000.0,2300.0000000000005,-0.00017727115887902818,91482.07525754682,3369.5332442870704,0.0,0.002893550243161185,0.00423909292971589
BC,SA,2029-01-01T00:00:00,F,97,-74.71794446891204,55000.0,1700.0000000000002,-0.0013585080812529462,91482.07525754682,3369.5332442870704,0.0,0.022174568123224124,0.043951732040536484
BC,SA,2029-01-01T00:00:00,F,98,-38.616194688673204,55000.0,1300.0,-0.0007021126307031492,91482.07525754682,3369.5332442870704,0.0,0.01146039878198135,0.029704765145133233
BC,SA,2029-01-01T00:00:00,F,99,-97.3744104136922,55000.0,900.0,-0.0017704438257034945,91482.07525754682,3369.5332442870704,0.0,0.028898486334505594,0.1081937893485469
BC,SA,2029-01-01T00:00:00,F,100,1128.4238587036918,55000.0,1800.0,0.020516797430976216,91482.07525754682,3369.5332442870704,0.012334917583875017,0.0,0.0
BC,SA,2029-01-01T00:00:00,M,1,490.285057438854,55000.0,28100.0,0.008914273771615527,91482.07525754682,3369.5332442870704,0.005359356530321035,0.0,0.0
BC,SA,2029-01-01T00:00:00,M,2,405.79399574316994,55000.0,28000.0,0.0073780726498758175,91482.07525754682,3369.5332442870704,0.004435776020611141,0.0,0.0
BC,SA,2029-01-01T00:00:00,M,3,404.00137399620144,55000.0,27799.999999999996,0.007345479527203663,91482.07525754682,3369.5332442870704,0.00441618068740601,0.0,0.0
BC,SA,2029-01-01T00:00:00,M,4,502.73085281557724,55000.0,27699.999999999996,0.009140560960283222,91482.07525754682,3369.5332442870704,0.005495402803229525,0.0,0.0
BC,SA,2029-01-01T00:00:00,M,5,502.2261157717403,55000.0,27600.0,0.00913138392312255,91482.07525754682,3369.5332442870704,0.005489885470545326,0.0,0.0
BC,SA,2029-01-01T00:00:00,M,6,601.7186423452586,55000.0,27499.999999999996,0.010940338951731974,91482.07525754682,3369.5332442870704,0.006577448540069271,0.0,0.0
BC,SA,2029-01-01T00:00:00,M,7,601.4676444390898,55000.0,27399.999999999996,0.010935775353437996,91482.07525754682,3369.5332442870704,0.006574704856069295,0.0,0.0
BC,SA,2029-01-01T00:00:00,M,8,501.4019290164506,55000.0,26099.999999999996,0.009116398709390012,91482.07525754682,3369.5332442870704,0.005480876200117546,0.0,0.0
BC,SA,2029-01-01T00:00:00,M,9,501.44573929821854,55000.0,26900.0,0.00911719525996761,91482.07525754682,3369.5332442870704,0.005481355094826095,0.0,0.0
BC,SA,2029-01-01T00:00:00,M,10,601.4676444390971,55000.0,27400.0,0.010935775353438128,91482.07525754682,3369.5332442870704,0.006574704856069374,0.0,0.0
BC,SA,2029-01-01T00:00:00,M,11,501.5059784356381,55000.0,28000.0,0.009118290517011601,91482.07525754682,3369.5332442870704,0.005482013575050226,0.0,0.0
BC,SA,2029-01-01T00:00:00,M,12,502.07369029045367,55000.0,28899.999999999996,0.009128612550735521,91482.07525754682,3369.5332442870704,0.005488219291888386,0.0,0.0
BC,SA,2029-01-01T00:00:00,M,13,502.3493325118761,55000.0,29100.000000000004,0.009133624227488656,91482.07525754682,3369.5332442870704,0.005491232365440188,0.0,0.0
BC,SA,2029-01-01T00:00:00,M,14,803.2200725746734,55000.0,30200.0,0.014604001319539517,91482.07525754682,3369.5332442870704,0.008780081456540982,0.0,0.0
BC,SA,2029-01-01T00:00:00,M,15,1304.3080486455474,55000.0,30800.000000000004,0.02371469179355541,91482.07525754682,3369.5332442870704,0.014257525804629672,0.0,0.0
BC,SA,2029-01-01T00:00:00,M,16,2006.7030784312701,55000.0,32600.0,0.03648551051693218,91482.07525754682,3369.5332442870704,0.02193547831946157,0.0,0.0
BC,SA,2029-01-01T00:00:00,M,17,1909.8374741269836,55000.0,33600.0,0.0347243177113997,91482.07525754682,3369.5332442870704,0.020876630408200446,0.0,0.0
BC,SA,2029-01-01T00:00:00,M,18,2713.4310467432115,55000.0,35400.0,0.04933510994078567,91482.07525754682,3369.5332442870704,0.02966079463221804,0.0,0.0
BC,SA,2029-01-01T00:00:00,M,19,5518.417567117736,55000.0,40900.0,0.10033486485668612,91482.07525754682,3369.5332442870704,0.060322391589629945,0.0,0.0
BC,SA,2029-01-01T00:00:00,M,20,3825.318258910367,55000.0,44000.0,0.06955124107109759,91482.07525754682,3369.5332442870704,0.0418149484272308,0.0,0.0
BC,SA,2029-01-01T00:00:00,M,21,1631.6440476853968,55000.0,44400.0,0.02966625541246176,91482.07525754682,3369.5332442870704,0.017835669371206075,0.0,0.0
BC,SA,2029-01-01T00:00:00,M,22,436.33243535430665,55000.0,43199.99999999999,0.00793331700644194,91482.07525754682,3369.5332442870704,0.004769594853701259,0.0,0.0
BC,SA,2029-01-01T00:00:00,M,23,239.58597596468462,55000.0,41900.0,0.004356108653903357,91482.07525754682,3369.5332442870704,0.002618939013901742,0.0,0.0
BC,SA,2029-01-01T00:00:00,M,24,241.98055997284246,55000.0,40900.0,0.004399646544960772,91482.07525754682,3369.5332442870704,0.0026451144586696535,0.0,0.0
BC,SA,2029-01-01T00:00:00,M,25,443.6667292999773,55000.0,40600.0,0.008066667805454134,91482.07525754682,3369.5332442870704,0.0048497667772723265,0.0,0.0
BC,SA,2029-01-01T00:00:00,M,26,544.9558443665956,55000.0,39900.00000000001,0.009908288079392646,91482.07525754682,3369.5332442870704,0.005956968540912493,0.0,0.0
BC,SA,2029-01-01T00:00:00,M,27,846.3892380171528,55000.0,39300.0,0.015388895236675505,91482.07525754682,3369.5332442870704,0.009251968056412558,0.0,0.0
BC,SA,2029-01-01T00:00:00,M,28,751.7678580012798,55000.0,41500.0,0.013668506509114178,91482.07525754682,3369.5332442870704,0.008217651992314884,0.0,0.0
BC,SA,2029-01-01T00:00:00,M,29,758.0923326401607,55000.0,43700.00000000001,0.013783496957093832,91482.07525754682,3369.5332442870704,0.00828678547689179,0.0,0.0
BC,SA,2029-01-01T00:00:00,M,30,763.316083505757,55000.0,44600.0,0.013878474245559217,91482.07525754682,3369.5332442870704,0.008343886836375491,0.0,0.0
BC,SA,2029-01-01T00:00:00,M,31,768.9015318311285,55000.0,45100.0,0.013980027851475065,91482.07525754682,3369.5332442870704,0.008404941948097072,0.0,0.0
BC,SA,2029-01-01T00:00:00,M,32,575.2611977600682,55000.0,45800.0,0.010459294504728512,91482.07525754682,3369.5332442870704,0.006288239484517072,0.0,0.0
BC,SA,2029-01-01T00:00:00,M,33,580.6916309336593,55000.0,46300.0,0.010558029653339261,91482.07525754682,3369.5332442870704,0.0063476001096264495,0.0,0.0
BC,SA,2029-01-01T00:00:00,M,34,686.2225843293636,55000.0,46900.0,0.012476774260533884,91482.07525754682,3369.5332442870704,0.007501169845540355,0.0,0.0
BC,SA,2029-01-01T00:00:00,M,35,689.9915484111116,55000.0,47100.0,0.012545300880202028,91482.07525754682,3369.5332442870704,0.007542368780644716,0.0,0.0
BC,SA,2029-01-01T00:00:00,M,36,792.9635356064027,55000.0,47200.0,0.014417518829207322,91482.07525754682,3369.5332442870704,0.00866796619309297,0.0,0.0
BC,SA,2029-01-01T00:00:00,M,37,596.1271820002003,55000.0,47300.00000000001,0.010838676036367277,91482.07525754682,3369.5332442870704,0.0065163277103404225,0.0,0.0
BC,SA,2029-01-01T00:00:00,M,38,599.5457326491087,55000.0,47300.00000000001,0.010900831502711067,91482.07525754682,3369.5332442870704,0.006553696240069162,0.0,0.0
BC,SA,2029-01-01T00:00:00,M,39,403.39165921157837,55000.0,47099.99999999999,0.0073343938038468795,91482.07525754682,3369.5332442870704,0.0044095158322099886,0.0,0.0
BC,SA,2029-01-01T00:00:00,M,40,505.36444803613267,55000.0,46200.00000000001,0.009188444509747866,91482.07525754682,3369.5332442870704,0.005524190904211507,0.0,0.0
BC,SA,2029-01-01T00:00:00,M,41,506.60337814589,55000.0,44800.0,0.009210970511743456,91482.07525754682,3369.5332442870704,0.0055377337770231416,0.0,0.0
BC,SA,2029-01-01T00:00:00,M,42,410.3622054268417,55000.0,44100.0,0.0074611310077607575,91482.07525754682,3369.5332442870704,0.004485711591823436,0.0,0.0
BC,SA,2029-01-01T00:00:00,M,43,415.96170578329475,55000.0,44100.0,0.007562940105150813,91482.07525754682,3369.5332442870704,0.004546920307746079,0.0,0.0
BC,SA,2029-01-01T00:00:00,M,44,519.733718301999,55000.0,43400.0,0.009449703969127254,91482.07525754682,3369.5332442870704,0.005681262879518287,0.0,0.0
BC,SA,2029-01-01T00:00:00,M,45,322.70242091823457,55000.0,42200.0,0.005867316743967901,91482.07525754682,3369.5332442870704,0.003527493446226923,0.0,0.0
BC,SA,2029-01-01T00:00:00,M,46,425.53082215100585,55000.0,41100.0,0.007736924039109198,91482.07525754682,3369.5332442870704,0.004651521305709575,0.0,0.0
BC,SA,2029-01-01T00:00:00,M,47,329.32080037034757,55000.0,40100.0,0.005987650915824501,91482.07525754682,3369.5332442870704,0.003599839634630285,0.0,0.0
BC,SA,2029-01-01T00:00:00,M,48,331.80541324794467,55000.0,38800.0,0.006032825695417176,91482.07525754682,3369.5332442870704,0.0036269991942555146,0.0,0.0
BC,SA,2029-01-01T00:00:00,M,49,234.15978063042712,55000.0,37300.0,0.004257450556916857,91482.07525754682,3369.5332442870704,0.002559624713051206,0.0,0.0
BC,SA,2029-01-01T00:00:00,M,50,235.16213870341744,55000.0,35600.0,0.004275675249153044,91482.07525754682,3369.5332442870704,0.002570581592529163,0.0,0.0
BC,SA,2029-01-01T00:00:00,M,51,237.70967215385463,55000.0,34300.0,0.004321994039160993,91482.07525754682,3369.5332442870704,0.0025984289434256656,0.0,0.0
BC,SA,2029-01-01T00:00:00,M,52,144.552693376354,55000.0,33899.99999999999,0.0026282307886609816,91482.07525754682,3369.5332442870704,0.0015801204003013597,0.0,0.0
BC,SA,2029-01-01T00:00:00,M,53,150.05950556368043,55000.0,33200.0,0.0027283546466123714,91482.07525754682,3369.5332442870704,0.001640315932287525,0.0,0.0
BC,SA,2029-01-01T00:00:00,M,54,158.19940647547628,55000.0,32999.99999999999,0.00287635284500866,91482.07525754682,3369.5332442870704,0.0017292940286947154,0.0,0.0
BC,SA,2029-01-01T00:00:00,M,55,165.89743481958794,55000.0,32500.0,0.0030163169967197807,91482.07525754682,3369.5332442870704,0.0018134419704903034,0.0,0.0
BC,SA,2029-01-01T00:00:00,M,56,176.5869002152358,55000.0,32499.999999999993,0.0032106709130042873,91482.07525754682,3369.5332442870704,0.0019302896192297326,0.0,0.0
BC,SA,2029-01-01T00:00:00,M,57,190.48382572372793,55000.0,32900.0,0.0034633422858859624,91482.07525754682,3369.5332442870704,0.0020821983452765404,0.0,0.0
BC,SA,2029-01-01T00:00:00,M,58,214.53956867838133,55000.0,34700.0,0.0039007194305160243,91482.07525754682,3369.5332442870704,0.0023451541525964987,0.0,0.0
BC,SA,2029-01-01T00:00:00,M,59,230.10438681813685,55000.0,34800.0,0.004183716123966124,91482.07525754682,3369.5332442870704,0.0025152947850202423,0.0,0.0
BC,SA,2029-01-01T00:00:00,M,60,242.389968100455,55000.0,34200.0,0.004407090329099182,91482.07525754682,3369.5332442870704,0.0026495897411384865,0.0,0.0
BC,SA,2029-01-01T00:00:00,M,61,153.81533149068127,55000.0,33300.0,0.0027966423907396596,91482.07525754682,3369.5332442870704,0.0016813712528672908,0.0,0.0
BC,SA,2029-01-01T00:00:00,M,62,169.4778285179491,55000.0,32900.0,0.0030814150639627107,91482.07525754682,3369.5332442870704,0.0018525796232849233,0.0,0.0
BC,SA,2029-01-01T00:00:00,M,63,300.5374229483641,55000.0,34200.0,0.005464316780879348,91482.07525754682,3369.5332442870704,0.0032852055673449673,0.0,0.0
BC,SA,2029-01-01T00:00:00,M,64,239.76580002541596,55000.0,35800.0,0.00435937818228029,91482.07525754682,3369.5332442870704,0.0026209046892564504,0.0,0.0
BC,SA,2029-01-01T00:00:00,M,65,279.96300743128086,55000.0,37100.0,0.005090236498750561,91482.07525754682,3369.5332442870704,0.003060304509305338,0.0,0.0
BC,SA,2029-01-01T00:00:00,M,66,316.10124099406676,55000.0,37600.0,0.005747295290801213,91482.07525754682,3369.5332442870704,0.0034553352676374703,0.0,0.0
BC,SA,2029-01-01T00:00:00,M,67,232.65825322841556,55000.0,36000.0,0.004230150058698465,91482.07525754682,3369.5332442870704,0.002543211362153947,0.0,0.0
BC,SA,2029-01-01T00:00:00,M,68,266.49732756344747,55000.0,35800.0,0.004845405955699045,91482.07525754682,3369.5332442870704,0.002913109773834768,0.0,0.0
BC,SA,2029-01-01T00:00:00,M,69,196.5119252830409,55000.0,34999.99999999999,0.0035729440960552894,91482.07525754682,3369.5332442870704,0.0021480921232908917,0.0,0.0
BC,SA,2029-01-01T00:00:00,M,70,221.45585612800642,55000.0,33800.0,0.004026470111418298,91482.07525754682,3369.5332442870704,0.0024207568040465655,0.0,0.0
BC,SA,2029-01-01T00:00:00,M,71,162.66521543353156,55000.0,33400.0,0.0029575493715187557,91482.07525754682,3369.5332442870704,0.0017781102470137992,0.0,0.0
BC,SA,2029-01-01T00:00:00,M,72,84.68397721897418,55000.0,31699.999999999996,0.0015397086767086215,91482.07525754682,3369.5332442870704,0.0009256892891920722,0.0,0.0
BC,SA,2029-01-01T00:00:00,M,73,122.50683432174992,55000.0,30900.0,0.0022273969876681803,91482.07525754682,3369.5332442870704,0.0013391348411900363,0.0,0.0
BC,SA,2029-01-01T00:00:00,M,74,152.72516561158773,55000.0,29599.999999999996,0.0027768211929379586,91482.07525754682,3369.5332442870704,0.0016694545372044197,0.0,0.0
BC,SA,2029-01-01T00:00:00,M,75,69.94511977204456,55000.0,27600.0,0.0012717294504008103,91482.07525754682,3369.5332442870704,0.0007645773182902783,0.0,0.0
BC,SA,2029-01-01T00:00:00,M,76,100.98030358998949,55000.0,26300.0,0.0018360055198179907,91482.07525754682,3369.5332442870704,0.0011038261135386642,0.0,0.0
BC,SA,2029-01-01T00:00:00,M,77,27.14401903439284,55000.0,24700.0,0.0004935276188071426,91482.07525754682,3369.5332442870704,0.0002967140716689589,0.0,0.0
BC,SA,2029-01-01T00:00:00,M,78,59.17288700670542,55000.0,23400.0,0.0010758706728491896,91482.07525754682,3369.5332442870704,0.0006468249308962189,0.0,0.0
BC,SA,2029-01-01T00:00:00,M,79,5.404122022748197,55000.0,22400.0,9.825676404996722e-05,91482.07525754682,3369.5332442870704,5.907301520581086e-05,0.0,0.0
BC,SA,2029-01-01T00:00:00,M,80,23.84882879190627,55000.0,20700.0,0.0004336150689437504,91482.07525754682,3369.5332442870704,0.00026069400726607214,0.0,0.0
BC,SA,2029-01-01T00:00:00,M,81,-18.988562898848613,55000.0,19899.999999999996,-0.0003452465981608839,91482.07525754682,3369.5332442870704,0.0,0.005635368913793351,0.0009541991406456592
BC,SA,2029-01-01T00:00:00,M,82,19.131547474938998,55000.0,18700.0,0.0003478463177261636,91482.07525754682,3369.5332442870704,0.00020912891865514102,0.0,0.0
BC,SA,2029-01-01T00:00:00,M,83,-94.01839118490534,55000.0,14599.999999999998,-0.001709425294271006,91482.07525754682,3369.5332442870704,0.0,0.027902496983613485,0.0064396158345825585
BC,SA,2029-01-01T00:00:00,M,84,-14.670309710672882,55000.0,12799.999999999998,-0.00026673290383041605,91482.07525754682,3369.5332442870704,0.0,0.0043538106458946195,0.0011461179461463192
BC,SA,2029-01-01T00:00:00,M,85,-84.31697859295673,55000.0,11799.999999999998,-0.0015330359744173952,91482.07525754682,3369.5332442870704,0.0,0.025023340765642634,0.007145506660420063
BC,SA,2029-01-01T00:00:00,M,86,-91.59135826505917,55000.0,10400.0,-0.0016652974230010758,91482.07525754682,3369.5332442870704,0.0,0.027182209411451635,0.008806861371640304
BC,SA,2029-01-01T00:00:00,M,87,-133.65100188312863,55000.0,8700.0,-0.002430018216056884,91482.07525754682,3369.5332442870704,0.0,0.0396645446694225,0.015362184124497543
BC,SA,2029-01-01T00:00:00,M,88,-68.5166454473474,55000.0,7400.0,-0.001245757189951771,91482.07525754682,3369.5332442870704,0.0,0.0203341651439454,0.009259006141533433
BC,SA,2029-01-01T00:00:00,M,89,-91.09614436405172,55000.0,6299.999999999999,-0.0016562935338918494,91482.07525754682,3369.5332442870704,0.0,0.027035241310796432,0.014459705454611387
BC,SA,2029-01-01T00:00:00,M,90,-128.3415851963873,55000.0,5199.999999999999,-0.002333483367207042,91482.07525754682,3369.5332442870704,0.0,0.03808883186239107,0.024681074076228333
BC,SA,2029-01-01T00:00:00,M,91,-84.05084481231734,55000.0,4200.0,-0.0015281971784057698,91482.07525754682,3369.5332442870704,0.0,0.02494435837806993,0.020012105907694602
BC,SA,2029-01-01T00:00:00,M,92,-122.16739026950518,55000.0,3399.9999999999995,-0.0022212252776273667,91482.07525754682,3369.5332442870704,0.0,0.03625647275528023,0.03593158537338388
BC,SA,2029-01-01T00:00:00,M,93,-65.40281870089575,55000.0,2800.0,-0.0011891421581981046,91482.07525754682,3369.5332442870704,0.0,0.019410052953709248,0.023358149536034198
BC,SA,2029-01-01T00:00:00,M,94,-46.12981950213543,55000.0,2100.0,-0.0008387239909479169,91482.07525754682,3369.5332442870704,0.0,0.013690269885405339,0.021966580715302587
BC,SA,2029-01-01T00:00:00,M,95,-95.0099280877273,55000.0,1599.9999999999998,-0.0017274532379586783,91482.07525754682,3369.5332442870704,0.0,0.02819676234054477,0.05938120505482957
BC,SA,2029-01-01T00:00:00,M,96,-64.52288980947833,55000.0,1199.9999999999998,-0.0011731434510814241,91482.07525754682,3369.5332442870704,0.0,0.019148910288650425,0.05376907484123195
BC,SA,2029-01-01T00:00:00,M,97,-25.719265796832133,55000.0,899.9999999999999,-0.00046762301448785695,91482.07525754682,3369.5332442870704,0.0,0.007632886792388316,0.02857696199648015
BC,SA,2029-01-01T00:00:00,M,98,-76.62182756288291,55000.0,600.0,-0.0013931241375069621,91482.07525754682,3369.5332442870704,0.0,0.02273959685448797,0.1277030459381382
BC,SA,2029-01-01T00:00:00,M,99,-38.942601640250984,55000.0,400.0,-0.0007080473025500179,91482.07525754682,3369.5332442870704,0.0,0.011557268860984484,0.09735650410062746
BC,SA,2029-01-01T00:00:00,M,100,315.64116210051384,55000.0,600.0,0.005738930220009343,91482.07525754682,3369.5332442870704,0.003450306097800017,0.0,0.0
BC,SA,2030-01-01T00:00:00,F,1,383.3324103402483,55800.0,27100.0,0.006869756457710543,86710.42627817215,3378.194849584341,0.0044208341118113685,0.0,0.0
BC,SA,2030-01-01T00:00:00,F,2,303.6725281064646,55800.0,27000.0,0.005442160001907967,86710.42627817215,3378.194849584341,0.003502145487467277,0.0,0.0
BC,SA,2030-01-01T00:00:00,F,3,302.9160075629188,55800.0,26800.000000000004,0.005428602286073814,86710.42627817215,3378.194849584341,0.0034934208095246406,0.0,0.0
BC,SA,2030-01-01T00:00:00,F,4,302.4116626275827,55800.0,26599.999999999996,0.00541956384637245,86710.42627817215,3378.194849584341,0.0034876043817087038,0.0,0.0
BC,SA,2030-01-01T00:00:00,F,5,502.14573606963677,55800.0,26500.000000000004,0.00899902752812969,86710.42627817215,3378.194849584341,0.005791065245818579,0.0,0.0
BC,SA,2030-01-01T00:00:00,F,6,401.8999835234936,55800.0,26300.0,0.007202508665295584,86710.42627817215,3378.194849584341,0.0046349672210603,0.0,0.0
BC,SA,2030-01-01T00:00:00,F,7,501.6496464869015,55800.0,26200.0,0.008990137033815439,86710.42627817215,3378.194849584341,0.005785344023999835,0.0,0.0
BC,SA,2030-01-01T00:00:00,F,8,401.4029777817814,55800.0,25900.000000000004,0.007193601752361673,86710.42627817215,3378.194849584341,0.004629235433511271,0.0,0.0
BC,SA,2030-01-01T00:00:00,F,9,401.3314534242745,55800.0,24600.0,0.007192319953840045,86710.42627817215,3378.194849584341,0.0046284105689525686,0.0,0.0
BC,SA,2030-01-01T00:00:00,F,10,501.3534609188937,55800.0,25100.0,0.008984829048725693,86710.42627817215,3378.194849584341,0.005781928222916611,0.0,0.0
BC,SA,2030-01-01T00:00:00,F,11,301.3974759081284,55800.0,25700.0,0.005401388457134918,86710.42627817215,3378.194849584341,0.003475908132906965,0.0,0.0
BC,SA,2030-01-01T00:00:00,F,12,401.6817407765302,55800.0,26599.999999999996,0.007198597504955739,86710.42627817215,3378.194849584341,0.0046324503063554495,0.0,0.0
BC,SA,2030-01-01T00:00:00,F,13,501.96600611696704,55800.0,27300.0,0.008995806561235968,86710.42627817215,3378.194849584341,0.005788992485247744,0.0,0.0
BC,SA,2030-01-01T00:00:00,F,14,702.2365172110513,55800.0,27800.000000000004,0.012584883820986582,86710.42627817215,3378.194849584341,0.008098639890873506,0.0,0.0
BC,SA,2030-01-01T00:00:00,F,15,1303.0370493862793,55800.0,28899.999999999996,0.023351918447782782,86710.42627817215,3378.194849584341,0.015027455235960434,0.0,0.0
BC,SA,2030-01-01T00:00:00,F,16,2204.4895699043373,55800.0,31000.0,0.03950698153950425,86710.42627817215,3378.194849584341,0.02542358127536134,0.0,0.0
BC,SA,2030-01-01T00:00:00,F,17,1906.8224252900254,55800.0,32900.0,0.034172444897670705,86710.42627817215,3378.194849584341,0.021990693704731966,0.0,0.0
BC,SA,2030-01-01T00:00:00,F,18,2608.9132129264544,55800.0,35000.0,0.04675471707753503,86710.42627817215,3378.194849584341,0.030087652949103344,0.0,0.0
BC,SA,2030-01-01T00:00:00,F,19,5111.323138014617,55800.0,39400.0,0.09160077308269923,86710.42627817215,3378.194849584341,0.05894704198105533,0.0,0.0
BC,SA,2030-01-01T00:00:00,F,20,3014.813308296194,55800.0,42400.00000000001,0.05402891233505724,86710.42627817215,3378.194849584341,0.03476875201402534,0.0,0.0
BC,SA,2030-01-01T00:00:00,F,21,1017.3314632057154,55800.0,43000.00000000001,0.018231746652432174,86710.42627817215,3378.194849584341,0.011732515994582431,0.0,0.0
BC,SA,2030-01-01T00:00:00,F,22,-81.24896072072443,55800.0,42499.99999999999,-0.0014560745648875344,86710.42627817215,3378.194849584341,0.0,0.02405099893237995,0.0019117402522523398
BC,SA,2030-01-01T00:00:00,F,23,219.26828143254534,55800.0,41400.0,0.003929539093773214,86710.42627817215,3378.194849584341,0.0025287418231473087,0.0,0.0
BC,SA,2030-01-01T00:00:00,F,24,419.4893139782216,55800.0,40499.99999999999,0.007517729641186768,86710.42627817215,3378.194849584341,0.004837818610561032,0.0,0.0
BC,SA,2030-01-01T00:00:00,F,25,719.2949068562448,55800.0,40400.0,0.012890589728606537,86710.42627817215,3378.194849584341,0.008295368131955716,0.0,0.0
BC,SA,2030-01-01T00:00:00,F,26,519.343508636739,55800.0,40299.99999999999,0.009307231337575968,86710.42627817215,3378.194849584341,0.005989400939751518,0.0,0.0
BC,SA,2030-01-01T00:00:00,F,27,719.2628273346199,55800.0,39600.0,0.012890014826785303,86710.42627817215,3378.194849584341,0.00829499817042973,0.0,0.0
BC,SA,2030-01-01T00:00:00,F,28,719.4682549682257,55800.0,39300.0,0.012893696325595443,86710.42627817215,3378.194849584341,0.008297367293064956,0.0,0.0
BC,SA,2030-01-01T00:00:00,F,29,821.4307053288576,55800.0,41799.99999999999,0.01472098038223759,86710.42627817215,3378.194849584341,0.009473263373122622,0.0,0.0
BC,SA,2030-01-01T00:00:00,F,30,723.10246709075,55800.0,43399.99999999999,0.012958825575103047,86710.42627817215,3378.194849584341,0.00833927934768761,0.0,0.0
BC,SA,2030-01-01T00:00:00,F,31,824.6183613065004,55800.0,44100.0,0.01477810683344983,86710.42627817215,3378.194849584341,0.009510025457158707,0.0,0.0
BC,SA,2030-01-01T00:00:00,F,32,526.5093478448835,55800.0,44300.0,0.009435651395069597,86710.42627817215,3378.194849584341,0.006072041972851229,0.0,0.0
BC,SA,2030-01-01T00:00:00,F,33,528.0518764293665,55800.0,44200.0,0.009463295276511945,86710.42627817215,3378.194849584341,0.006089831397384036,0.0,0.0
BC,SA,2030-01-01T00:00:00,F,34,630.8810349950436,55800.0,45500.0,0.01130611173826243,86710.42627817215,3378.194849584341,0.007275722909851004,0.0,0.0
BC,SA,2030-01-01T00:00:00,F,35,632.9399074127141,55800.0,45500.0,0.011343009093417815,86710.42627817215,3378.194849584341,0.007299467141151004,0.0,0.0
BC,SA,2030-01-01T00:00:00,F,36,635.9819225842002,55800.0,45700.0,0.011397525494340506,86710.42627817215,3378.194849584341,0.007334549602419585,0.0,0.0
BC,SA,2030-01-01T00:00:00,F,37,539.2220550415659,55800.0,46000.0,0.009663477688916951,86710.42627817215,3378.194849584341,0.0062186530292413725,0.0,0.0
BC,SA,2030-01-01T00:00:00,F,38,442.6988243928936,55800.0,46500.0,0.007933670688044688,86710.42627817215,3378.194849584341,0.005105485503815766,0.0,0.0
BC,SA,2030-01-01T00:00:00,F,39,444.81281362685695,55800.0,46500.0,0.007971555799764461,86710.42627817215,3378.194849584341,0.005129865377433059,0.0,0.0
BC,SA,2030-01-01T00:00:00,F,40,447.0286139506352,55800.0,46600.0,0.008011265482986293,86710.42627817215,3378.194849584341,0.005155419401543951,0.0,0.0
BC,SA,2030-01-01T00:00:00,F,41,347.7743415018922,55800.0,45600.0,0.006232515080679071,86710.42627817215,3378.194849584341,0.004010755758323822,0.0,0.0
BC,SA,2030-01-01T00:00:00,F,42,348.56317606088123,55800.0,44800.0,0.006246651900732638,86710.42627817215,3378.194849584341,0.004019853102124883,0.0,0.0
BC,SA,2030-01-01T00:00:00,F,43,449.18052413887926,55800.0,44000.0,0.008049830181700345,86710.42627817215,3378.194849584341,0.005180236603818343,0.0,0.0
BC,SA,2030-01-01T00:00:00,F,44,351.1799449212558,55800.0,43900.0,0.006293547400022506,86710.42627817215,3378.194849584341,0.004050031351416148,0.0,0.0
BC,SA,2030-01-01T00:00:00,F,45,352.47327763282374,55800.0,43000.0,0.00631672540560616,86710.42627817215,3378.194849584341,0.004064946890032217,0.0,0.0
BC,SA,2030-01-01T00:00:00,F,46,354.56819731190626,55800.0,42500.0,0.0063542687690305785,86710.42627817215,3378.194849584341,0.004089106841366812,0.0,0.0
BC,SA,2030-01-01T00:00:00,F,47,356.32748747899313,55800.0,41800.0,0.006385797266648623,86710.42627817215,3378.194849584341,0.0041093960988713586,0.0,0.0
BC,SA,2030-01-01T00:00:00,F,48,258.8893517424731,55800.0,41100.0,0.004639594117248622,86710.42627817215,3378.194849584341,0.002985677303810511,0.0,0.0
BC,SA,2030-01-01T00:00:00,F,49,260.34344667271216,55800.0,39600.00000000001,0.004665653166177637,86710.42627817215,3378.194849584341,0.0030024468549781436,0.0,0.0
BC,SA,2030-01-01T00:00:00,F,50,163.20268193165975,55800.0,38600.0,0.0029247792460870923,86710.42627817215,3378.194849584341,0.0018821575321068765,0.0,0.0
BC,SA,2030-01-01T00:00:00,F,51,164.9606211661012,55800.0,36800.0,0.002956283533442674,86710.42627817215,3378.194849584341,0.0019024312097935929,0.0,0.0
BC,SA,2030-01-01T00:00:00,F,52,167.72108278125233,55800.0,35599.99999999999,0.003005754171707031,86710.42627817215,3378.194849584341,0.0019342666156800248,0.0,0.0
BC,SA,2030-01-01T00:00:00,F,53,272.1096039676777,55800.0,35300.0,0.004876516200137593,86710.42627817215,3378.194849584341,0.0031381416935344552,0.0,0.0
BC,SA,2030-01-01T00:00:00,F,54,278.3491949834861,55800.0,35500.00000000001,0.004988336827661041,86710.42627817215,3378.194849584341,0.0032101006410754514,0.0,0.0
BC,SA,2030-01-01T00:00:00,F,55,183.8645456588638,55800.0,35000.0,0.0032950635422735446,86710.42627817215,3378.194849584341,0.0021204433371024554,0.0,0.0
BC,SA,2030-01-01T00:00:00,F,56,290.38730331922125,55800.0,34900.0,0.005204073536186761,86710.42627817215,3378.194849584341,0.003348931792673256,0.0,0.0
BC,SA,2030-01-01T00:00:00,F,57,198.87512179774058,55800.0,35099.99999999999,0.0035640702831136305,86710.42627817215,3378.194849584341,0.002293554885311456,0.0,0.0
BC,SA,2030-01-01T00:00:00,F,58,208.44945576896862,55800.0,35500.00000000001,0.003735653329192986,86710.42627817215,3378.194849584341,0.002403972217830535,0.0,0.0
BC,SA,2030-01-01T00:00:00,F,59,225.52669172127207,55800.0,37800.00000000001,0.004041696984252188,86710.42627817215,3378.194849584341,0.0026009178065596076,0.0,0.0
BC,SA,2030-01-01T00:00:00,F,60,237.30520355925546,55800.0,37900.0,0.004252781425793109,86710.42627817215,3378.194849584341,0.002736755125594313,0.0,0.0
BC,SA,2030-01-01T00:00:00,F,61,248.65439376848371,55800.0,37700.0,0.004456171931334834,86710.42627817215,3378.194849584341,0.0028676412334865684,0.0,0.0
BC,SA,2030-01-01T00:00:00,F,62,257.27125567459007,55800.0,36500.00000000001,0.004610595979831363,86710.42627817215,3378.194849584341,0.002967016386809687,0.0,0.0
BC,SA,2030-01-01T00:00:00,F,63,267.71755299730285,55800.0,35600.00000000001,0.0047978056092706604,86710.42627817215,3378.194849584341,0.0030874897574421924,0.0,0.0
BC,SA,2030-01-01T00:00:00,F,64,190.9264429784089,55800.0,36900.00000000001,0.0034216208419069693,86710.42627817215,3378.194849584341,0.0022018856459764783,0.0,0.0
BC,SA,2030-01-01T00:00:00,F,65,217.15375380482874,55800.0,38300.0,0.00389164433341987,86710.42627817215,3378.194849584341,0.0025043557404294927,0.0,0.0
BC,SA,2030-01-01T00:00:00,F,66,150.06763408995903,55800.0,40099.99999999999,0.002689384123475968,86710.42627817215,3378.194849584341,0.0017306757737360584,0.0,0.0
BC,SA,2030-01-01T00:00:00,F,67,174.11105837664945,55800.0,40000.00000000001,0.0031202698633808145,86710.42627817215,3378.194849584341,0.002007959894212617,0.0,0.0
BC,SA,2030-01-01T00:00:00,F,68,189.6860311750279,55800.0,38400.0,0.0033993912396958403,86710.42627817215,3378.194849584341,0.0021875804250633475,0.0,0.0
BC,SA,2030-01-01T00:00:00,F,69,220.21304252142,55800.0,38500.0,0.003946470296082796,86710.42627817215,3378.194849584341,0.0025396374112492954,0.0,0.0
BC,SA,2030-01-01T00:00:00,F,70,250.43766203192354,55800.0,38200.00000000001,0.004488130143941282,86710.42627817215,3378.194849584341,0.002888207021708148,0.0,0.0
BC,SA,2030-01-01T00:00:00,F,71,178.94219047638035,55800.0,37300.0,0.003206849291691404,86710.42627817215,3378.194849584341,0.002063675594239651,0.0,0.0
BC,SA,2030-01-01T00:00:00,F,72,13.66198811869981,55800.0,36600.00000000001,0.00024483849675089263,86710.42627817215,3378.194849584341,0.0001575587700938218,0.0,0.0
BC,SA,2030-01-01T00:00:00,F,73,142.10360285042407,55800.0,35400.0,0.002546659549290754,86710.42627817215,3378.194849584341,0.0016388294804888556,0.0,0.0
BC,SA,2030-01-01T00:00:00,F,74,77.97787389879522,55800.0,34400.0,0.0013974529372543947,86710.42627817215,3378.194849584341,0.0008992906302713542,0.0,0.0
BC,SA,2030-01-01T00:00:00,F,75,117.04204349619977,55800.0,33500.0,0.002097527661222218,86710.42627817215,3378.194849584341,0.001349803576339505,0.0,0.0
BC,SA,2030-01-01T00:00:00,F,76,46.19341605500085,55800.0,31700.0,0.000827838997401449,86710.42627817215,3378.194849584341,0.0005327319682042579,0.0,0.0
BC,SA,2030-01-01T00:00:00,F,77,-127.77752024383153,55800.0,29599.999999999996,-0.0022899197176313893,86710.42627817215,3378.194849584341,0.0,0.037824200773840355,0.004316808116345661
BC,SA,2030-01-01T00:00:00,F,78,-99.8719871649555,55800.0,27800.0,-0.0017898205585117474,86710.42627817215,3378.194849584341,0.0,0.029563714235501817,0.0035925175239192625
BC,SA,2030-01-01T00:00:00,F,79,37.01603364395123,55800.0,26500.0,0.0006633697785654343,86710.42627817215,3378.194849584341,0.00042689253452868076,0.0,0.0
BC,SA,2030-01-01T00:00:00,F,80,-11.498711755582917,55800.0,25500.000000000004,-0.00020607010314664727,86710.42627817215,3378.194849584341,0.0,0.003403803589659057,0.0004509298727679575
BC,SA,2030-01-01T00:00:00,F,81,-85.06126293567286,55800.0,23500.0,-0.0015243953931124168,86710.42627817215,3378.194849584341,0.0,0.02517950169337892,0.0036196282100286322
BC,SA,2030-01-01T00:00:00,F,82,-131.54514536254646,55800.0,22400.000000000004,-0.00235743988104922,86710.42627817215,3378.194849584341,0.0,0.03893947839590485,0.0058725511322565375
BC,SA,2030-01-01T00:00:00,F,83,-82.00145826597145,55800.0,21200.000000000004,-0.001469560183977983,86710.42627817215,3378.194849584341,0.0,0.02427375030663523,0.003867993314432615
BC,SA,2030-01-01T00:00:00,F,84,-171.9410405817398,55800.0,16600.0,-0.003081380655586735,86710.42627817215,3378.194849584341,0.0,0.05089731298444663,0.010357894010948181
BC,SA,2030-01-01T00:00:00,F,85,-74.34283807400789,55800.0,14699.999999999998,-0.001332308926057489,86710.42627817215,3378.194849584341,0.0,0.022006675572060375,0.005057335923401898
BC,SA,2030-01-01T00:00:00,F,86,-140.1693353532046,55800.0,13500.0,-0.0025119952572258885,86710.42627817215,3378.194849584341,0.0,0.041492377318155964,0.010382913729867006
BC,SA,2030-01-01T00:00:00,F,87,-131.8475509024156,55800.0,12000.0,-0.0023628593351687384,86710.42627817215,3378.194849584341,0.0,0.03902899529866916,0.010987295908534634
BC,SA,2030-01-01T00:00:00,F,88,-146.22988307774722,55800.0,10300.0,-0.0026206072236155415,86710.42627817215,3378.194849584341,0.0,0.043286396903878886,0.014197076026965749
BC,SA,2030-01-01T00:00:00,F,89,-145.98789425322866,55800.0,9000.0,-0.002616270506330263,86710.42627817215,3378.194849584341,0.0,0.04321476432041547,0.01622087713924763
BC,SA,2030-01-01T00:00:00,F,90,-74.95616467544005,55800.0,7600.000000000001,-0.0013433004422121872,86710.42627817215,3378.194849584341,0.0,0.022188230108947916,0.009862653246768426
BC,SA,2030-01-01T00:00:00,F,91,-194.69061482969028,55800.0,6299.999999999999,-0.0034890791188116536,86710.42627817215,3378.194849584341,0.0,0.05763155279620575,0.030903272195188937
BC,SA,2030-01-01T00:00:00,F,92,-200.73413393811552,55800.0,5400.0,-0.003597385912869454,86710.42627817215,3378.194849584341,0.0,0.05942053163772191,0.03717298776631769
BC,SA,2030-01-01T00:00:00,F,93,-136.7161972073518,55800.0,4500.0,-0.0024501110610636524,86710.42627817215,3378.194849584341,0.0,0.040470192897302415,0.030381377157189287
BC,SA,2030-01-01T00:00:00,F,94,-82.03423086251405,55800.0,3700.0,-0.0014701475064966675,86710.42627817215,3378.194849584341,0.0,0.02428345152222575,0.02217141374662542
BC,SA,2030-01-01T00:00:00,F,95,-51.013340867982606,55800.0,2900.0,-0.0009142175782792582,86710.42627817215,3378.194849584341,0.0,0.015100769239009224,0.01759080719585607
BC,SA,2030-01-01T00:00:00,F,96,-114.73732226781158,55800.0,2200.0,-0.002056224413401641,86710.42627817215,3378.194849584341,0.0,0.03396409247439622,0.05215332830355072
BC,SA,2030-01-01T00:00:00,F,97,-59.811162913109,55800.0,1800.0000000000002,-0.0010718846400198745,86710.42627817215,3378.194849584341,0.0,0.017705066041548277,0.033228423840616104
BC,SA,2030-01-01T00:00:00,F,98,-42.127163840419826,55800.0,1300.0,-0.0007549670939143338,86710.42627817215,3378.194849584341,0.0,0.0124703179408385,0.03240551064647679
BC,SA,2030-01-01T00:00:00,F,99,-0.23977572646140288,55800.0,1000.0,-4.297056029774245e-06,86710.42627817215,3378.194849584341,0.0,7.09774708498254e-05,0.00023977572646140287
BC,SA,2030-01-01T00:00:00,F,100,1226.3197588500589,55800.0,1900.0000000000002,0.02197705661021611,86710.42627817215,3378.194849584341,0.01414270245790227,0.0,0.0
BC,SA,2030-01-01T00:00:00,M,1,490.53059185005986,55800.0,28600.0,0.008790870821685661,86710.42627817215,3378.194849584341,0.0056571119864687195,0.0,0.0
BC,SA,2030-01-01T00:00:00,M,2,405.80985833309387,55800.0,28500.0,0.007272578106327847,86710.42627817215,3378.194849584341,0.004680058393799518,0.0,0.0
BC,SA,2030-01-01T00:00:00,M,3,404.02722902139794,55800.0,28399.999999999996,0.007240631344469497,86710.42627817215,3378.194849584341,0.004659499974377416,0.0,0.0
BC,SA,2030-01-01T00:00:00,M,4,502.74892948789056,55800.0,28300.000000000004,0.009009837446019544,86710.42627817215,3378.194849584341,0.00579802165745377,0.0,0.0
BC,SA,2030-01-01T00:00:00,M,5,602.2410292214008,55800.0,28299.999999999996,0.01079284998604661,86710.42627817215,3378.194849584341,0.00694542807677333,0.0,0.0
BC,SA,2030-01-01T00:00:00,M,6,601.7367267159534,55800.0,28200.0,0.010783812306737516,86710.42627817215,3378.194849584341,0.006939612138285961,0.0,0.0
BC,SA,2030-01-01T00:00:00,M,7,601.4832278389149,55800.0,28100.0,0.010779269316109586,86710.42627817215,3378.194849584341,0.006936688627378227,0.0,0.0
BC,SA,2030-01-01T00:00:00,M,8,501.4778342831305,55800.0,27899.999999999996,0.00898705796206327,86710.42627817215,3378.194849584341,0.005783362575964741,0.0,0.0
BC,SA,2030-01-01T00:00:00,M,9,401.40771805802433,55800.0,26500.0,0.007193686703548823,86710.42627817215,3378.194849584341,0.004629290101403547,0.0,0.0
BC,SA,2030-01-01T00:00:00,M,10,501.4508665042413,55800.0,27400.0,0.00898657466853479,86710.42627817215,3378.194849584341,0.0057830515663198035,0.0,0.0
BC,SA,2030-01-01T00:00:00,M,11,501.4778342831305,55800.0,27900.0,0.00898705796206327,86710.42627817215,3378.194849584341,0.005783362575964741,0.0,0.0
BC,SA,2030-01-01T00:00:00,M,12,502.0135982277643,55800.0,28500.000000000004,0.008996659466447388,86710.42627817215,3378.194849584341,0.005789541347856775,0.0,0.0
BC,SA,2030-01-01T00:00:00,M,13,502.33811351980694,55800.0,29400.0,0.009002475152684711,86710.42627817215,3378.194849584341,0.0057932838654059515,0.0,0.0
BC,SA,2030-01-01T00:00:00,M,14,803.1390685005463,55800.0,29899.999999999996,0.01439317327061911,86710.42627817215,3378.194849584341,0.009262312538102729,0.0,0.0
BC,SA,2030-01-01T00:00:00,M,15,1304.343654158798,55800.0,31500.000000000004,0.02337533430392111,86710.42627817215,3378.194849584341,0.01504252383645753,0.0,0.0
BC,SA,2030-01-01T00:00:00,M,16,2006.6449816198838,55800.0,32800.0,0.03596137959892265,86710.42627817215,3378.194849584341,0.023141911160515446,0.0,0.0
BC,SA,2030-01-01T00:00:00,M,17,1809.9639773783783,55800.0,34400.0,0.032436630418967355,86710.42627817215,3378.194849584341,0.02087366023979524,0.0,0.0
BC,SA,2030-01-01T00:00:00,M,18,2713.592296385359,55800.0,36300.0,0.0486306863151498,86710.42627817215,3378.194849584341,0.03129487897660652,0.0,0.0
BC,SA,2030-01-01T00:00:00,M,19,5518.1394631856965,55800.0,40900.0,0.09889138822913435,86710.42627817215,3378.194849584341,0.06363870759305439,0.0,0.0
BC,SA,2030-01-01T00:00:00,M,20,3725.370205187566,55800.0,44599.99999999999,0.06676290690300297,86710.42627817215,3378.194849584341,0.04296334783589184,0.0,0.0
BC,SA,2030-01-01T00:00:00,M,21,1432.0401502866735,55800.0,45399.99999999999,0.02566380197646368,86710.42627817215,3378.194849584341,0.016515201363358593,0.0,0.0
BC,SA,2030-01-01T00:00:00,M,22,237.12171533527726,55800.0,44600.00000000001,0.004249493106366976,86710.42627817215,3378.194849584341,0.0027346390222391117,0.0,0.0
BC,SA,2030-01-01T00:00:00,M,23,40.39094673116051,55800.0,43200.0,0.0007238520919562815,86710.42627817215,3378.194849584341,0.00046581418711498404,0.0,0.0
BC,SA,2030-01-01T00:00:00,M,24,42.566051330468326,55800.0,41900.00000000001,0.0007628324611195041,86710.42627817215,3378.194849584341,0.0004908988821472741,0.0,0.0
BC,SA,2030-01-01T00:00:00,M,25,243.75662344804732,55800.0,41100.0,0.0043683982696782675,86710.42627817215,3378.194849584341,0.002811157018950198,0.0,0.0
BC,SA,2030-01-01T00:00:00,M,26,445.62598075676215,55800.0,41000.00000000001,0.00798612868739717,86710.42627817215,3378.194849584341,0.005139243339978145,0.0,0.0
BC,SA,2030-01-01T00:00:00,M,27,647.3506632424105,55800.0,40500.0,0.011601266366351443,86710.42627817215,3378.194849584341,0.007465661178572361,0.0,0.0
BC,SA,2030-01-01T00:00:00,M,28,649.1122310576538,55800.0,39900.0,0.011632835682036807,86710.42627817215,3378.194849584341,0.007485976703369715,0.0,0.0
BC,SA,2030-01-01T00:00:00,M,29,655.2199585733979,55800.0,42100.00000000001,0.011742293164397812,86710.42627817215,3378.194849584341,0.007556414916833804,0.0,0.0
BC,SA,2030-01-01T00:00:00,M,30,562.0767796249638,55800.0,44200.00000000001,0.010073060566755623,86710.42627817215,3378.194849584341,0.006482228305760929,0.0,0.0
BC,SA,2030-01-01T00:00:00,M,31,668.1678667932647,55800.0,45200.0,0.011974334530345245,86710.42627817215,3378.194849584341,0.00770573846159795,0.0,0.0
BC,SA,2030-01-01T00:00:00,M,32,473.79876976636297,55800.0,45500.0,0.008491017379325502,86710.42627817215,3378.194849584341,0.005464149931017391,0.0,0.0
BC,SA,2030-01-01T00:00:00,M,33,479.4746838593419,55800.0,46200.0,0.008592736269880679,86710.42627817215,3378.194849584341,0.005529608196379509,0.0,0.0
BC,SA,2030-01-01T00:00:00,M,34,684.9223512955941,55800.0,46900.0,0.012274594109240039,86710.42627817215,3378.194849584341,0.007898961874530786,0.0,0.0
BC,SA,2030-01-01T00:00:00,M,35,689.3970253432053,55800.0,47500.0,0.012354785400415865,86710.42627817215,3378.194849584341,0.007950566672704147,0.0,0.0
BC,SA,2030-01-01T00:00:00,M,36,692.7432818407542,55800.0,47700.0,0.012414754154852227,86710.42627817215,3378.194849584341,0.007989157839201401,0.0,0.0
BC,SA,2030-01-01T00:00:00,M,37,495.4870748047106,55800.0,47600.0,0.008879696681088003,86710.42627817215,3378.194849584341,0.005714273312590563,0.0,0.0
BC,SA,2030-01-01T00:00:00,M,38,499.0924684018901,55800.0,47700.0,0.008944309469567922,86710.42627817215,3378.194849584341,0.00575585301357846,0.0,0.0
BC,SA,2030-01-01T00:00:00,M,39,302.92101098634885,55800.0,47500.0,0.005428691953160374,86710.42627817215,3378.194849584341,0.003493478512198296,0.0,0.0
BC,SA,2030-01-01T00:00:00,M,40,506.72185753981466,55800.0,47500.0,0.009081036873473381,86710.42627817215,3378.194849584341,0.005843840000442636,0.0,0.0
BC,SA,2030-01-01T00:00:00,M,41,409.25327942209697,55800.0,46500.0,0.007334288161686325,86710.42627817215,3378.194849584341,0.0047197701244045135,0.0,0.0
BC,SA,2030-01-01T00:00:00,M,42,311.18074050354335,55800.0,45000.0,0.005576715779633394,86710.42627817215,3378.194849584341,0.003588734986785294,0.0,0.0
BC,SA,2030-01-01T00:00:00,M,43,414.99665320543863,55800.0,44400.0,0.007437216007265926,86710.42627817215,3378.194849584341,0.004786006377988559,0.0,0.0
BC,SA,2030-01-01T00:00:00,M,44,420.9465902780721,55800.0,44400.0,0.007543845703908102,86710.42627817215,3378.194849584341,0.0048546248513143125,0.0,0.0
BC,SA,2030-01-01T00:00:00,M,45,224.8824743763762,55800.0,43500.0,0.004030151870544376,86710.42627817215,3378.194849584341,0.002593488280808815,0.0,0.0
BC,SA,2030-01-01T00:00:00,M,46,427.88264325149066,55800.0,42500.0,0.007668147728521338,86710.42627817215,3378.194849584341,0.0049346158428378376,0.0,0.0
BC,SA,2030-01-01T00:00:00,M,47,331.20407743200485,55800.0,41300.0,0.005935556943225893,86710.42627817215,3378.194849584341,0.003819656893041705,0.0,0.0
BC,SA,2030-01-01T00:00:00,M,48,234.86568900557904,55800.0,40200.0,0.0042090625269817035,86710.42627817215,3378.194849584341,0.002708621086143852,0.0,0.0
BC,SA,2030-01-01T00:00:00,M,49,237.82358553943777,55800.0,38899.99999999999,0.004262071425437953,86710.42627817215,3378.194849584341,0.0027427334375739972,0.0,0.0
BC,SA,2030-01-01T00:00:00,M,50,239.87795399507013,55800.0,37400.0,0.00429888806442778,86710.42627817215,3378.194849584341,0.0027664257263080166,0.0,0.0
BC,SA,2030-01-01T00:00:00,M,51,141.18986144554947,55800.0,35600.0,0.0025302842552965854,86710.42627817215,3378.194849584341,0.0016282916311886656,0.0,0.0
BC,SA,2030-01-01T00:00:00,M,52,144.0579877112541,55800.0,34300.0,0.0025816843675851987,86710.42627817215,3378.194849584341,0.0016613686945686048,0.0,0.0
BC,SA,2030-01-01T00:00:00,M,53,150.91886765127128,55800.0,33900.0,0.0027046392052199153,86710.42627817215,3378.194849584341,0.0017404927426733514,0.0,0.0
BC,SA,2030-01-01T00:00:00,M,54,156.76503518211393,55800.0,33199.99999999999,0.0028094092326543716,86710.42627817215,3378.194849584341,0.0018079144793868558,0.0,0.0
BC,SA,2030-01-01T00:00:00,M,55,165.91761585146742,55800.0,33000.0,0.0029734339758327494,86710.42627817215,3378.194849584341,0.0019134678835414087,0.0,0.0
BC,SA,2030-01-01T00:00:00,M,56,173.933361369458,55800.0,32500.0,0.003117085329201756,86710.42627817215,3378.194849584341,0.002005910578867062,0.0,0.0
BC,SA,2030-01-01T00:00:00,M,57,185.3413462142089,55800.0,32500.0,0.0033215295020467546,86710.42627817215,3378.194849584341,0.0021374747440362357,0.0,0.0
BC,SA,2030-01-01T00:00:00,M,58,200.35636771358986,55800.0,32900.0,0.0035906159088456963,86710.42627817215,3378.194849584341,0.00231063755898091,0.0,0.0
BC,SA,2030-01-01T00:00:00,M,59,225.99939204482507,55800.0,34700.0,0.004050168316215503,86710.42627817215,3378.194849584341,0.00260636928850754,0.0,0.0
BC,SA,2030-01-01T00:00:00,M,60,142.94224447604938,55800.0,34699.99999999999,0.0025616889691048275,86710.42627817215,3378.194849584341,0.0016485012311839207,0.0,0.0
BC,SA,2030-01-01T00:00:00,M,61,255.99772725146613,55800.0,34200.0,0.004587772889811221,86710.42627817215,3378.194849584341,0.00295232924389289,0.0,0.0
BC,SA,2030-01-01T00:00:00,M,62,267.8524790857846,55800.0,33299.99999999999,0.004800223639530189,86710.42627817215,3378.194849584341,0.003089045811244176,0.0,0.0
BC,SA,2030-01-01T00:00:00,M,63,284.78346303002036,55800.0,32900.0,0.00510364629086058,86710.42627817215,3378.194849584341,0.003284304728435059,0.0,0.0
BC,SA,2030-01-01T00:00:00,M,64,118.83219998356799,55800.0,34000.0,0.0021296093187019353,86710.42627817215,3378.194849584341,0.001370448803957523,0.0,0.0
BC,SA,2030-01-01T00:00:00,M,65,260.19458570524876,55800.0,35700.0,0.0046629854069040995,86710.42627817215,3378.194849584341,0.0030007300952543956,0.0,0.0
BC,SA,2030-01-01T00:00:00,M,66,303.3599263572323,55800.0,37000.0,0.005436557820022085,86710.42627817215,3378.194849584341,0.0034985403645005253,0.0,0.0
BC,SA,2030-01-01T00:00:00,M,67,242.68157681025332,55800.0,37399.99999999999,0.004349132200900597,86710.42627817215,3378.194849584341,0.002798758894711422,0.0,0.0
BC,SA,2030-01-01T00:00:00,M,68,259.53960395642935,55800.0,35800.0,0.004651247382731709,86710.42627817215,3378.194849584341,0.0029931764275245407,0.0,0.0
BC,SA,2030-01-01T00:00:00,M,69,196.04269331738033,55800.0,35500.0,0.003513309916082085,86710.42627817215,3378.194849584341,0.00226088951158496,0.0,0.0
BC,SA,2030-01-01T00:00:00,M,70,227.25452428688732,55800.0,34699.99999999999,0.004072661725571457,86710.42627817215,3378.194849584341,0.0026208442749184675,0.0,0.0
BC,SA,2030-01-01T00:00:00,M,71,154.30406072240294,55800.0,33400.0,0.0027653057477133145,86710.42627817215,3378.194849584341,0.0017795329505979642,0.0,0.0
BC,SA,2030-01-01T00:00:00,M,72,197.47494346168241,55800.0,33000.0,0.003538977481392158,86710.42627817215,3378.194849584341,0.0022774071347333846,0.0,0.0
BC,SA,2030-01-01T00:00:00,M,73,219.14531193358562,55800.0,31299.999999999996,0.00392733533931157,86710.42627817215,3378.194849584341,0.002527323660369914,0.0,0.0
BC,SA,2030-01-01T00:00:00,M,74,160.16637562622782,55800.0,30400.0,0.0028703651545918963,86710.42627817215,3378.194849584341,0.001847140909126714,0.0,0.0
BC,SA,2030-01-01T00:00:00,M,75,92.8296857090354,55800.0,29000.0,0.001663614439230025,86710.42627817215,3378.194849584341,0.001070571206872312,0.0,0.0
BC,SA,2030-01-01T00:00:00,M,76,108.63464761273644,55800.0,27000.0,0.0019468574840992194,86710.42627817215,3378.194849584341,0.0012528441189324812,0.0,0.0
BC,SA,2030-01-01T00:00:00,M,77,41.85511601001417,55800.0,25600.0,0.000750091684767279,86710.42627817215,3378.194849584341,0.0004826999221032601,0.0,0.0
BC,SA,2030-01-01T00:00:00,M,78,-33.31655031203263,55800.0,23900.0,-0.0005970707941224486,86710.42627817215,3378.194849584341,0.0,0.009862234653555273,0.0013939979210055495
BC,SA,2030-01-01T00:00:00,M,79,0.49442529601219576,55800.0,22599.999999999996,8.860668387315336e-06,86710.42627817215,3378.194849584341,5.7020282016149975e-06,0.0,0.0
BC,SA,2030-01-01T00:00:00,M,80,-54.142254703438084,55800.0,21500.0,-0.0009702913029289979,86710.42627817215,3378.194849584341,0.0,0.016026978050155943,0.0025182444048110738
BC,SA,2030-01-01T00:00:00,M,81,-35.917302484052925,55800.0,19799.999999999996,-0.0006436792559866115,86710.42627817215,3378.194849584341,0.0,0.010632099118993167,0.0018140051759622693
BC,SA,2030-01-01T00:00:00,M,82,19.75302621600349,55800.0,18999.999999999996,0.0003539968855914604,86710.42627817215,3378.194849584341,0.00022780451052834894,0.0,0.0
BC,SA,2030-01-01T00:00:00,M,83,-41.55961786355692,55800.0,17700.0,-0.00074479601906016,86710.42627817215,3378.194849584341,0.0,0.01230231520501859,0.002348001009240504
BC,SA,2030-01-01T00:00:00,M,84,-68.93735985887724,55800.0,13700.0,-0.0012354365566107032,86710.42627817215,3378.194849584341,0.0,0.020406567095251897,0.00503192407729031
BC,SA,2030-01-01T00:00:00,M,85,-89.5279612907816,55800.0,11900.0,-0.001604443750730853,86710.42627817215,3378.194849584341,0.0,0.026501716235165444,0.00752335809166232
BC,SA,2030-01-01T00:00:00,M,86,-67.67505400153095,55800.0,10899.999999999998,-0.0012128145878410564,86710.42627817215,3378.194849584341,0.0,0.020032904262422227,0.006208720550599171
BC,SA,2030-01-01T00:00:00,M,87,-81.34383282280214,55800.0,9500.0,-0.0014577747817706478,86710.42627817215,3378.194849584341,0.0,0.024079082600226814,0.008562508718189699
BC,SA,2030-01-01T00:00:00,M,88,-34.60734492004576,55800.0,7900.0,-0.0006202033139793147,86710.42627817215,3378.194849584341,0.0,0.010244330614708004,0.004380676572157691
BC,SA,2030-01-01T00:00:00,M,89,-71.20553683559865,55800.0,6600.0,-0.0012760848895268576,86710.42627817215,3378.194849584341,0.0,0.021077983954762083,0.010788717702363431
BC,SA,2030-01-01T00:00:00,M,90,-104.23654282825919,55800.0,5500.0,-0.0018680384019401288,86710.42627817215,3378.194849584341,0.0,0.03085569289796432,0.018952098696047127
BC,SA,2030-01-01T00:00:00,M,91,-54.99002200376799,55800.0,4500.0,-0.0009854842653005016,86710.42627817215,3378.194849584341,0.0,0.01627793080394225,0.01222000488972622
BC,SA,2030-01-01T00:00:00,M,92,-15.772600769927521,55800.0,3600.0,-0.00028266309623526027,86710.42627817215,3378.194849584341,0.0,0.004668943466025416,0.004381277991646533
BC,SA,2030-01-01T00:00:00,M,93,-72.22563637101484,55800.0,2800.0,-0.0012943662432081512,86710.42627817215,3378.194849584341,0.0,0.021379949821396956,0.025794870132505303
BC,SA,2030-01-01T00:00:00,M,94,-17.328165231710045,55800.0,2300.0,-0.00031054059555035924,86710.42627817215,3378.194849584341,0.0,0.005129415561640009,0.007533984883352194
BC,SA,2030-01-01T00:00:00,M,95,0.0371443309809365,55800.0,1700.0,6.656690139952778e-07,86710.42627817215,3378.194849584341,4.283721413359831e-07,0.0,0.0
BC,SA,2030-01-01T00:00:00,M,96,31.45878614558319,55800.0,1299.9999999999998,0.0005637775294907382,86710.42627817215,3378.194849584341,0.0003628028081036247,0.0,0.0
BC,SA,2030-01-01T00:00:00,M,97,-28.926960957873007,55800.0,900.0,-0.0005184043182414517,86710.42627817215,3378.194849584341,0.0,0.008562845616034324,0.03214106773097001
BC,SA,2030-01-01T00:00:00,M,98,-79.16850079399194,55800.0,600.0,-0.0014187903368098915,86710.42627817215,3378.194849584341,0.0,0.023435149338331678,0.1319475013233199
BC,SA,2030-01-01T00:00:00,M,99,-40.72990971455425,55800.0,400.0,-0.0007299266973934454,86710.42627817215,3378.194849584341,0.0,0.012056708250433137,0.10182477428638563
BC,SA,2030-01-01T00:00:00,M,100,414.39372786079394,55800.0,700.0,0.007426410893562616,86710.42627817215,3378.194849584341,0.004779053057949392,0.0,0.0
BC,SA,2031-01-01T00:00:00,F,1,383.5385877315348,56600.0,27500.0,0.0067763001365995544,81192.94068873959,4410.591867651051,0.004723792296202995,0.0,0.0
BC,SA,2031-01-01T00:00:00,F,2,403.6816826409995,56600.0,27500.0,0.007132185205671369,81192.94068873959,4410.591867651051,0.004971881535718104,0.0,0.0
BC,SA,2031-01-01T00:00:00,F,3,302.934469374366,56600.0,27300.000000000004,0.00535219910555417,81192.94068873959,4410.591867651051,0.0037310444332308698,0.0,0.0
BC,SA,2031-01-01T00:00:00,F,4,302.42727255844875,56600.0,27099.999999999996,0.005343238031067999,81192.94068873959,4410.591867651051,0.0037247976239440667,0.0,0.0
BC,SA,2031-01-01T00:00:00,F,5,402.1682406808468,56600.0,27000.000000000004,0.007105445948424855,81192.94068873959,4410.591867651051,0.004953241467415188,0.0,0.0
BC,SA,2031-01-01T00:00:00,F,6,401.9200776559046,56600.0,26900.000000000004,0.007101061442683827,81192.94068873959,4410.591867651051,0.00495018500680621,0.0,0.0
BC,SA,2031-01-01T00:00:00,F,7,501.66738661829004,56600.0,26800.0,0.008863381389015726,81192.94068873959,4410.591867651051,0.006178706946229191,0.0,0.0
BC,SA,2031-01-01T00:00:00,F,8,301.4237530102946,56600.0,26499.999999999996,0.005325508003715452,81192.94068873959,4410.591867651051,0.0037124379343005886,0.0,0.0
BC,SA,2031-01-01T00:00:00,F,9,401.4074504949058,56600.0,26299.999999999996,0.007092004425705049,81192.94068873959,4410.591867651051,0.0049438713155339105,0.0,0.0
BC,SA,2031-01-01T00:00:00,F,10,401.3368062615773,56600.0,25000.0,0.007090756294374157,81192.94068873959,4410.591867651051,0.004943001237018104,0.0,0.0
BC,SA,2031-01-01T00:00:00,F,11,301.3639771205526,56600.0,25400.0,0.005324451892589268,81192.94068873959,4410.591867651051,0.003711701714017951,0.0,0.0
BC,SA,2031-01-01T00:00:00,F,12,401.6293473798469,56600.0,26099.999999999996,0.0070959248653683195,81192.94068873959,4410.591867651051,0.004946604273387867,0.0,0.0
BC,SA,2031-01-01T00:00:00,F,13,501.92732323196833,56600.0,27100.0,0.00886797390869202,81192.94068873959,4410.591867651051,0.006181908414379911,0.0,0.0
BC,SA,2031-01-01T00:00:00,F,14,702.2252996461248,56600.0,28000.0,0.012406807414242486,81192.94068873959,4410.591867651051,0.00864884673087736,0.0,0.0
BC,SA,2031-01-01T00:00:00,F,15,1303.02141661508,56600.0,29100.0,0.023021579798853,81192.94068873959,4410.591867651051,0.016048456990988037,0.0,0.0
BC,SA,2031-01-01T00:00:00,F,16,2304.449727166917,56600.0,31200.0,0.040714659490581576,81192.94068873959,4410.591867651051,0.028382390237609835,0.0,0.0
BC,SA,2031-01-01T00:00:00,F,17,1906.7384874174822,56600.0,32900.0,0.03368795914165163,81192.94068873959,4410.591867651051,0.023484042716559992,0.0,0.0
BC,SA,2031-01-01T00:00:00,F,18,2508.9394149418804,56600.0,35400.0,0.044327551500739935,81192.94068873959,4410.591867651051,0.030900955103475368,0.0,0.0
BC,SA,2031-01-01T00:00:00,F,19,5111.41208365286,56600.0,40100.0,0.09030763398679964,81192.94068873959,4410.591867651051,0.06295389771935858,0.0,0.0
BC,SA,2031-01-01T00:00:00,F,20,3014.631084814806,56600.0,42400.0,0.05326203330061494,81192.94068873959,4410.591867651051,0.03712922649730922,0.0,0.0
BC,SA,2031-01-01T00:00:00,F,21,917.281301932424,56600.0,43300.0,0.016206383426367914,81192.94068873959,4410.591867651051,0.011297549936624466,0.0,0.0
BC,SA,2031-01-01T00:00:00,F,22,-281.30570853768586,56600.0,42699.99999999999,-0.004970065521867241,81192.94068873959,4410.591867651051,0.0,0.06377958264533345,0.006587955703458687
BC,SA,2031-01-01T00:00:00,F,23,-80.3682212244239,56600.0,42400.0,-0.0014199332371806345,81192.94068873959,4410.591867651051,0.0,0.01822164091261194,0.0018954769156703751
BC,SA,2031-01-01T00:00:00,F,24,219.87364717107994,56600.0,41600.0,0.0038846934129166065,81192.94068873959,4410.591867651051,0.002708038966269066,0.0,0.0
BC,SA,2031-01-01T00:00:00,F,25,519.4416113630214,56600.0,41000.0,0.009177413628321932,81192.94068873959,4410.591867651051,0.006397620371386071,0.0,0.0
BC,SA,2031-01-01T00:00:00,F,26,319.39360738433606,56600.0,40700.0,0.005642996596896397,81192.94068873959,4410.591867651051,0.003933760800815924,0.0,0.0
BC,SA,2031-01-01T00:00:00,F,27,619.7106333806732,56600.0,40899.99999999999,0.01094895111979988,81192.94068873959,4410.591867651051,0.007632567907059673,0.0,0.0
BC,SA,2031-01-01T00:00:00,F,28,619.7269552394937,56600.0,40200.0,0.010949239491863846,81192.94068873959,4410.591867651051,0.007632768932649853,0.0,0.0
BC,SA,2031-01-01T00:00:00,F,29,720.2894562847359,56600.0,40000.0,0.012725962125172014,81192.94068873959,4410.591867651051,0.008871331056304884,0.0,0.0
BC,SA,2031-01-01T00:00:00,F,30,622.3373739904127,56600.0,42400.0,0.010995359964494925,81192.94068873959,4410.591867651051,0.007664919741929274,0.0,0.0
BC,SA,2031-01-01T00:00:00,F,31,724.37173627413,56600.0,44100.0,0.012798087213323851,81192.94068873959,4410.591867651051,0.008921609811511494,0.0,0.0
BC,SA,2031-01-01T00:00:00,F,32,426.36265914077376,56600.0,44500.0,0.007532909172098476,81192.94068873959,4410.591867651051,0.005251228192057647,0.0,0.0
BC,SA,2031-01-01T00:00:00,F,33,428.08730653862585,56600.0,44700.0,0.007563379974180669,81192.94068873959,4410.591867651051,0.005272469538697175,0.0,0.0
BC,SA,2031-01-01T00:00:00,F,34,630.0257530678136,56600.0,44800.00000000001,0.011131197050668085,81192.94068873959,4410.591867651051,0.007759612445656745,0.0,0.0
BC,SA,2031-01-01T00:00:00,F,35,632.9696098278655,56600.0,46100.0,0.01118320865420257,81192.94068873959,4410.591867651051,0.007795869991387689,0.0,0.0
BC,SA,2031-01-01T00:00:00,F,36,535.854687407118,56600.0,46000.0,0.009467397304012685,81192.94068873959,4410.591867651051,0.006599769424060707,0.0,0.0
BC,SA,2031-01-01T00:00:00,F,37,438.9100879312173,56600.0,46099.99999999999,0.007754595193131047,81192.94068873959,4410.591867651051,0.005405766612319394,0.0,0.0
BC,SA,2031-01-01T00:00:00,F,38,342.08237396309414,56600.0,46300.0,0.006043858197227811,81192.94068873959,4410.591867651051,0.004213203402429992,0.0,0.0
BC,SA,2031-01-01T00:00:00,F,39,344.64593186999264,56600.0,46799.99999999999,0.00608915073975252,81192.94068873959,4410.591867651051,0.004244777057542769,0.0,0.0
BC,SA,2031-01-01T00:00:00,F,40,346.75209253368666,56600.0,46800.00000000001,0.006126362058899057,81192.94068873959,4410.591867651051,0.004270717251922083,0.0,0.0
BC,SA,2031-01-01T00:00:00,F,41,248.54120103511377,56600.0,46800.00000000001,0.004391187297440173,81192.94068873959,4410.591867651051,0.003061118354955497,0.0,0.0
BC,SA,2031-01-01T00:00:00,F,42,349.15188786559884,56600.0,45900.0,0.006168761269710226,81192.94068873959,4410.591867651051,0.004300273951205978,0.0,0.0
BC,SA,2031-01-01T00:00:00,F,43,449.9129413152041,56600.0,45200.0,0.00794899189602834,81192.94068873959,4410.591867651051,0.005541281514115687,0.0,0.0
BC,SA,2031-01-01T00:00:00,F,44,251.0146289230397,56600.0,44200.0,0.0044348874368028215,81192.94068873959,4410.591867651051,0.0030915819379584582,0.0,0.0
BC,SA,2031-01-01T00:00:00,F,45,253.2848640718148,56600.0,44100.0,0.004474997598441958,81192.94068873959,4410.591867651051,0.003119542929757958,0.0,0.0
BC,SA,2031-01-01T00:00:00,F,46,354.91929825804255,56600.0,43300.0,0.006270658979824074,81192.94068873959,4410.591867651051,0.004371307348241733,0.0,0.0
BC,SA,2031-01-01T00:00:00,F,47,256.97586456609133,56600.0,42700.0,0.0045402096213090345,81192.94068873959,4410.591867651051,0.003165002553008042,0.0,0.0
BC,SA,2031-01-01T00:00:00,F,48,159.44562527418748,56600.0,41900.0,0.002817060517211793,81192.94068873959,4410.591867651051,0.001963786801188007,0.0,0.0
BC,SA,2031-01-01T00:00:00,F,49,162.1736486760201,56600.0,41200.00000000001,0.0028652588105303905,81192.94068873959,4410.591867651051,0.0019973860695319226,0.0,0.0
BC,SA,2031-01-01T00:00:00,F,50,164.2097818567563,56600.0,39699.99999999999,0.0029012328949956944,81192.94068873959,4410.591867651051,0.0020224637815037297,0.0,0.0
BC,SA,2031-01-01T00:00:00,F,51,167.48438996975165,56600.0,38700.0,0.0029590881620097462,81192.94068873959,4410.591867651051,0.0020627949739105774,0.0,0.0
BC,SA,2031-01-01T00:00:00,F,52,169.3387504919374,56600.0,36900.0,0.002991850715405254,81192.94068873959,4410.591867651051,0.0020856339117105347,0.0,0.0
BC,SA,2031-01-01T00:00:00,F,53,172.23861795013363,56600.0,35700.0,0.0030430851227938806,81192.94068873959,4410.591867651051,0.0021213496701693044,0.0,0.0
BC,SA,2031-01-01T00:00:00,F,54,177.38715087459423,56600.0,35400.0,0.003134048602024633,81192.94068873959,4410.591867651051,0.0021847607608477164,0.0,0.0
BC,SA,2031-01-01T00:00:00,F,55,184.2590628222606,56600.0,35600.0,0.00325546047389153,81192.94068873959,4410.591867651051,0.002269397576430126,0.0,0.0
BC,SA,2031-01-01T00:00:00,F,56,290.04972222581273,56600.0,35200.0,0.0051245533962157724,81192.94068873959,4410.591867651051,0.003572351484813739,0.0,0.0
BC,SA,2031-01-01T00:00:00,F,57,197.38273538481008,56600.0,35000.00000000001,0.0034873274802969976,81192.94068873959,4410.591867651051,0.0024310332118834626,0.0,0.0
BC,SA,2031-01-01T00:00:00,F,58,306.2111378417176,56600.0,35300.00000000001,0.0054100907745886495,81192.94068873959,4410.591867651051,0.0037714010016659627,0.0,0.0
BC,SA,2031-01-01T00:00:00,F,59,316.75173363336216,56600.0,35700.0,0.00559632038221488,81192.94068873959,4410.591867651051,0.003901222581008099,0.0,0.0
BC,SA,2031-01-01T00:00:00,F,60,235.62160097781452,56600.0,37900.0,0.004162925812328878,81192.94068873959,4410.591867651051,0.002901996146205506,0.0,0.0
BC,SA,2031-01-01T00:00:00,F,61,248.00374414105318,56600.0,38000.0,0.004381691592598113,81192.94068873959,4410.591867651051,0.003054498852206841,0.0,0.0
BC,SA,2031-01-01T00:00:00,F,62,260.89215534392133,56600.0,37800.00000000001,0.004609402037878469,81192.94068873959,4410.591867651051,0.0032132369283688687,0.0,0.0
BC,SA,2031-01-01T00:00:00,F,63,170.3298389514457,56600.0,36500.00000000001,0.0030093611122163555,81192.94068873959,4410.591867651051,0.002097840495818724,0.0,0.0
BC,SA,2031-01-01T00:00:00,F,64,181.94487376705365,56600.0,35600.00000000001,0.003214573741467379,81192.94068873959,4410.591867651051,0.0022408952333005847,0.0,0.0
BC,SA,2031-01-01T00:00:00,F,65,206.6558449100121,56600.0,36899.99999999999,0.0036511633376327224,81192.94068873959,4410.591867651051,0.002545243997285993,0.0,0.0
BC,SA,2031-01-01T00:00:00,F,66,135.334668137657,56600.0,38200.0,0.0023910718752236217,81192.94068873959,4410.591867651051,0.0016668280147220504,0.0,0.0
BC,SA,2031-01-01T00:00:00,F,67,70.76064974852488,56600.0,39900.00000000001,0.0012501881581011463,81192.94068873959,4410.591867651051,0.0008715123402143072,0.0,0.0
BC,SA,2031-01-01T00:00:00,F,68,97.29628842336388,56600.0,39800.00000000001,0.0017190156965258636,81192.94068873959,4410.591867651051,0.0011983343329853998,0.0,0.0
BC,SA,2031-01-01T00:00:00,F,69,214.6659361656857,56600.0,38300.0,0.003792684384552751,81192.94068873959,4410.591867651051,0.0026438990181255635,0.0,0.0
BC,SA,2031-01-01T00:00:00,F,70,247.97183203438908,56600.0,38400.0,0.004381127774459171,81192.94068873959,4410.591867651051,0.003054105811797251,0.0,0.0
BC,SA,2031-01-01T00:00:00,F,71,181.3129215735462,56600.0,38000.00000000001,0.0032034085083665403,81192.94068873959,4410.591867651051,0.002233111894156236,0.0,0.0
BC,SA,2031-01-01T00:00:00,F,72,11.940919737542572,56600.0,36900.0,0.0002109703133841444,81192.94068873959,4410.591867651051,0.00014706844753066843,0.0,0.0
BC,SA,2031-01-01T00:00:00,F,73,147.73966458407813,56600.0,36300.0,0.0026102414237469634,81192.94068873959,4410.591867651051,0.0018196121895677035,0.0,0.0
BC,SA,2031-01-01T00:00:00,F,74,80.31669203017373,56600.0,35000.00000000001,0.0014190228273882283,81192.94068873959,4410.591867651051,0.000989207822119351,0.0,0.0
BC,SA,2031-01-01T00:00:00,F,75,118.30879808519967,56600.0,34000.0,0.0020902614502685455,81192.94068873959,4410.591867651051,0.0014571315816574134,0.0,0.0
BC,SA,2031-01-01T00:00:00,F,76,-38.63088289817097,56600.0,32900.0,-0.0006825244328298758,81192.94068873959,4410.591867651051,0.0,0.00875866188878288,0.0011741909695492695
BC,SA,2031-01-01T00:00:00,F,77,-8.567824663427018,56600.0,31100.000000000007,-0.00015137499405348088,81192.94068873959,4410.591867651051,0.0,0.001942556672782781,0.00027549275445102944
BC,SA,2031-01-01T00:00:00,F,78,15.780255299036071,56600.0,29000.000000000004,0.0002788030971561143,81192.94068873959,4410.591867651051,0.00019435501615258763,0.0,0.0
BC,SA,2031-01-01T00:00:00,F,79,45.615531629933685,56600.0,27200.0,0.0008059281206702065,81192.94068873959,4410.591867651051,0.0005618164737351356,0.0,0.0
BC,SA,2031-01-01T00:00:00,F,80,-111.96225636302916,56600.0,25699.999999999996,-0.001978131737862706,81192.94068873959,4410.591867651051,0.0,0.025384859838019178,0.004356508029689851
BC,SA,2031-01-01T00:00:00,F,81,-158.7196973238315,56600.0,24600.000000000004,-0.0028042349350500266,81192.94068873959,4410.591867651051,0.0,0.03598603137323628,0.006452020216415913
BC,SA,2031-01-01T00:00:00,F,82,-134.17585404863712,56600.0,22600.0,-0.0023705981280677936,81192.94068873959,4410.591867651051,0.0,0.030421280879043375,0.005936984692417571
BC,SA,2031-01-01T00:00:00,F,83,-180.72709767874403,56600.0,21400.000000000004,-0.0031930582628753364,81192.94068873959,4410.591867651051,0.0,0.040975701924330137,0.00844519148031514
BC,SA,2031-01-01T00:00:00,F,84,-228.41605582936972,56600.0,20100.0,-0.004035619360942928,81192.94068873959,4410.591867651051,0.0,0.0517880735020303,0.011363982877083071
BC,SA,2031-01-01T00:00:00,F,85,-131.96570873241035,56600.0,15700.000000000002,-0.0023315496242475326,81192.94068873959,4410.591867651051,0.0,0.029920181393408168,0.008405459154930595
BC,SA,2031-01-01T00:00:00,F,86,-133.38694677768763,56600.0,13799.999999999998,-0.002356659837061619,81192.94068873959,4410.591867651051,0.0,0.030242414347153256,0.009665720780991859
BC,SA,2031-01-01T00:00:00,F,87,-5.429765185172073,56600.0,12700.000000000002,-9.59322470878458e-05,81192.94068873959,4410.591867651051,0.0,0.0012310740481330917,0.0004275405657615805
BC,SA,2031-01-01T00:00:00,F,88,-101.66636448521604,56600.0,11100.0,-0.0017962255209402127,81192.94068873959,4410.591867651051,0.0,0.023050503772719395,0.009159131935605047
BC,SA,2031-01-01T00:00:00,F,89,-224.44957486853127,56600.0,9300.0,-0.00396554019202352,81192.94068873959,4410.591867651051,0.0,0.05088876540917997,0.024134362889089385
BC,SA,2031-01-01T00:00:00,F,90,-131.91109949781912,56600.0,8099.999999999999,-0.0023305847967812566,81192.94068873959,4410.591867651051,0.0,0.02990780000872559,0.016285320925656682
BC,SA,2031-01-01T00:00:00,F,91,-163.78092480744272,56600.0,6700.000000000001,-0.002893655915325843,81192.94068873959,4410.591867651051,0.0,0.03713354799583112,0.02444491415036458
BC,SA,2031-01-01T00:00:00,F,92,-108.39457759257402,56600.0,5500.0,-0.0019150985440384103,81192.94068873959,4410.591867651051,0.0,0.024575970945663973,0.01970810501683164
BC,SA,2031-01-01T00:00:00,F,93,-131.48817515298924,56600.0,4600.000000000001,-0.002323112635211824,81192.94068873959,4410.591867651051,0.0,0.029811911665954236,0.028584385902823743
BC,SA,2031-01-01T00:00:00,F,94,-74.68627009089369,56600.0,3800.0,-0.0013195454079663195,81192.94068873959,4410.591867651051,0.0,0.01693338951596747,0.01965428160286676
BC,SA,2031-01-01T00:00:00,F,95,-125.67592400068816,56600.0,3000.0,-0.0022204226855245257,81192.94068873959,4410.591867651051,0.0,0.028494117744705175,0.04189197466689605
BC,SA,2031-01-01T00:00:00,F,96,-102.53042050359409,56600.0,2300.0,-0.001811491528332051,81192.94068873959,4410.591867651051,0.0,0.023246408550197304,0.04457844369721482
BC,SA,2031-01-01T00:00:00,F,97,16.850547625485433,56600.0,1800.0000000000002,0.00029771285557394757,81192.94068873959,4410.591867651051,0.0002075371021488619,0.0,0.0
BC,SA,2031-01-01T00:00:00,F,98,-124.7667621139799,56600.0,1300.0,-0.002204359754663956,81192.94068873959,4410.591867651051,0.0,0.02828798625170162,0.09597443239536915
BC,SA,2031-01-01T00:00:00,F,99,-3.086087319320427,56600.0,1000.0000000000001,-5.452451094205702e-05,81192.94068873959,4410.591867651051,0.0,0.0006996991360626583,0.003086087319320427
BC,SA,2031-01-01T00:00:00,F,100,1149.1428549297098,56600.0,1900.0000000000002,0.02030287729557791,81192.94068873959,4410.591867651051,0.014153236047146658,0.0,0.0
BC,SA,2031-01-01T00:00:00,M,1,490.43199337922124,56600.0,29000.0,0.00866487620811345,81192.94068873959,4410.591867651051,0.006040328004122134,0.0,0.0
BC,SA,2031-01-01T00:00:00,M,2,405.82391956514766,56600.0,29000.0,0.0071700339145785805,81192.94068873959,4410.591867651051,0.004998266057647918,0.0,0.0
BC,SA,2031-01-01T00:00:00,M,3,404.03722408948306,56600.0,28899.999999999996,0.007138466856704648,81192.94068873959,4410.591867651051,0.004976260505681103,0.0,0.0
BC,SA,2031-01-01T00:00:00,M,4,502.76583678692623,56600.0,28900.000000000004,0.008882788635811418,81192.94068873959,4410.591867651051,0.006192235833830975,0.0,0.0
BC,SA,2031-01-01T00:00:00,M,5,602.2549840401516,56600.0,28899.999999999996,0.010640547421204093,81192.94068873959,4410.591867651051,0.0074175781654337416,0.0,0.0
BC,SA,2031-01-01T00:00:00,M,6,601.7538724536535,56600.0,28899.999999999996,0.010631693859605185,81192.94068873959,4410.591867651051,0.007411406303911701,0.0,0.0
BC,SA,2031-01-01T00:00:00,M,7,601.4980054462176,56600.0,28800.0,0.01062717324109925,81192.94068873959,4410.591867651051,0.00740825495842199,0.0,0.0
BC,SA,2031-01-01T00:00:00,M,8,501.49269337017176,56600.0,28600.000000000004,0.008860294935868759,81192.94068873959,4410.591867651051,0.006176555364495159,0.0,0.0
BC,SA,2031-01-01T00:00:00,M,9,401.4820692180765,56600.0,28300.000000000004,0.007093322777704532,81192.94068873959,4410.591867651051,0.0049447903452246415,0.0,0.0
BC,SA,2031-01-01T00:00:00,M,10,601.4077001533624,56600.0,27100.0,0.010625577741225484,81192.94068873959,4410.591867651051,0.007407142727579146,0.0,0.0
BC,SA,2031-01-01T00:00:00,M,11,501.4555088378147,56600.0,27900.0,0.008859637965332415,81192.94068873959,4410.591867651051,0.006176097387089221,0.0,0.0
BC,SA,2031-01-01T00:00:00,M,12,401.9760968223818,56600.0,28300.000000000004,0.0071020511806074525,81192.94068873959,4410.591867651051,0.0049508749580014985,0.0,0.0
BC,SA,2031-01-01T00:00:00,M,13,502.2709203231243,56600.0,29000.0,0.008874044528677108,81192.94068873959,4410.591867651051,0.006186140273556846,0.0,0.0
BC,SA,2031-01-01T00:00:00,M,14,703.1235222063951,56600.0,30100.0,0.012422677070784366,81192.94068873959,4410.591867651051,0.008659909546839572,0.0,0.0
BC,SA,2031-01-01T00:00:00,M,15,1304.235543869323,56600.0,31200.0,0.023043030810412066,81192.94068873959,4410.591867651051,0.016063410597101375,0.0,0.0
BC,SA,2031-01-01T00:00:00,M,16,2006.6933539673737,56600.0,33500.0,0.03545394618316915,81192.94068873959,4410.591867651051,0.024715121006150184,0.0,0.0
BC,SA,2031-01-01T00:00:00,M,17,1909.8736956811554,56600.0,34700.0,0.03374335151380133,81192.94068873959,4410.591867651051,0.02352265701279163,0.0,0.0
BC,SA,2031-01-01T00:00:00,M,18,2813.705769101107,56600.0,37200.0,0.04971211606185701,81192.94068873959,4410.591867651051,0.034654561655645656,0.0,0.0
BC,SA,2031-01-01T00:00:00,M,19,5518.3197655456315,56600.0,41800.0,0.09749681564568254,81192.94068873959,4410.591867651051,0.06796551176413974,0.0,0.0
BC,SA,2031-01-01T00:00:00,M,20,3624.987154683993,56600.0,44500.0,0.06404570944671366,81192.94068873959,4410.591867651051,0.04464658040383961,0.0,0.0
BC,SA,2031-01-01T00:00:00,M,21,1231.9867606219923,56600.0,45800.0,0.0217665505410246,81192.94068873959,4410.591867651051,0.015173569896241643,0.0,0.0
BC,SA,2031-01-01T00:00:00,M,22,137.38480848685867,56600.0,45500.00000000001,0.002427293436163581,81192.94068873959,4410.591867651051,0.0016920782437667289,0.0,0.0
BC,SA,2031-01-01T00:00:00,M,23,-158.92949574998056,56600.0,44400.0,-0.0028079416210243916,81192.94068873959,4410.591867651051,0.0,0.0360335983285213,0.003579493147522085
BC,SA,2031-01-01T00:00:00,M,24,-56.775646181733464,56600.0,43100.0,-0.00100310328942992,81192.94068873959,4410.591867651051,0.0,0.012872568554380995,0.001317300375446252
BC,SA,2031-01-01T00:00:00,M,25,144.14995769308734,56600.0,42000.0,0.002546819040513911,81192.94068873959,4410.591867651051,0.0017754001329462756,0.0,0.0
BC,SA,2031-01-01T00:00:00,M,26,245.49085824727808,56600.0,41300.0,0.004337294315322935,81192.94068873959,4410.591867651051,0.0030235492909215997,0.0,0.0
BC,SA,2031-01-01T00:00:00,M,27,547.9218493736917,56600.0,41500.00000000001,0.009680598045471583,81192.94068873959,4410.591867651051,0.006748392714019303,0.0,0.0
BC,SA,2031-01-01T00:00:00,M,28,549.8481553348975,56600.0,41000.0,0.009714631719697836,81192.94068873959,4410.591867651051,0.006772117756428968,0.0,0.0
BC,SA,2031-01-01T00:00:00,M,29,552.2899662588679,56600.0,40400.0,0.009757773255457031,81192.94068873959,4410.591867651051,0.006802191934100785,0.0,0.0
BC,SA,2031-01-01T00:00:00,M,30,558.9017114437738,56600.0,42600.0,0.009874588541409431,81192.94068873959,4410.591867651051,0.006883624446937741,0.0,0.0
BC,SA,2031-01-01T00:00:00,M,31,566.5374110210105,56600.0,44700.0,0.010009494894364142,81192.94068873959,4410.591867651051,0.00697766833194135,0.0,0.0
BC,SA,2031-01-01T00:00:00,M,32,372.84680474881316,56600.0,45500.0,0.006587399377187512,81192.94068873959,4410.591867651051,0.004592108643757033,0.0,0.0
BC,SA,2031-01-01T00:00:00,M,33,377.763333417628,56600.0,45800.0,0.006674263841300848,81192.94068873959,4410.591867651051,0.004652662290750345,0.0,0.0
BC,SA,2031-01-01T00:00:00,M,34,583.4610386365675,56600.0,46699.99999999999,0.010308498915840417,81192.94068873959,4410.591867651051,0.00718610551221833,0.0,0.0
BC,SA,2031-01-01T00:00:00,M,35,588.0489802155425,56600.0,47400.0,0.010389557954338208,81192.94068873959,4410.591867651051,0.007242612168339622,0.0,0.0
BC,SA,2031-01-01T00:00:00,M,36,692.120616926557,56600.0,48100.0,0.01222827945099924,81192.94068873959,4410.591867651051,0.008524394005876242,0.0,0.0
BC,SA,2031-01-01T00:00:00,M,37,395.0436265011813,56600.0,48000.00000000001,0.00697956937281239,81192.94068873959,4410.591867651051,0.0048654922847987045,0.0,0.0
BC,SA,2031-01-01T00:00:00,M,38,398.217519173435,56600.0,47900.0,0.007035645215078357,81192.94068873959,4410.591867651051,0.004904583031424339,0.0,0.0
BC,SA,2031-01-01T00:00:00,M,39,302.22669364227477,56600.0,47900.00000000001,0.005339694233962452,81192.94068873959,4410.591867651051,0.003722327225477494,0.0,0.0
BC,SA,2031-01-01T00:00:00,M,40,406.005817815756,56600.0,47799.99999999999,0.007173247664589329,81192.94068873959,4410.591867651051,0.0050005063786544655,0.0,0.0
BC,SA,2031-01-01T00:00:00,M,41,410.634451687416,56600.0,47799.99999999999,0.007255025648187562,81192.94068873959,4410.591867651051,0.005057514214956445,0.0,0.0
BC,SA,2031-01-01T00:00:00,M,42,413.6604942290869,56600.0,46800.0,0.007308489297333691,81192.94068873959,4410.591867651051,0.005094783988855527,0.0,0.0
BC,SA,2031-01-01T00:00:00,M,43,415.5752896728227,56600.0,45300.0,0.007342319605526903,81192.94068873959,4410.591867651051,0.005118367263799051,0.0,0.0
BC,SA,2031-01-01T00:00:00,M,44,419.9346743827191,56600.0,44700.0,0.007419340536797157,81192.94068873959,4410.591867651051,0.0051720589354261265,0.0,0.0
BC,SA,2031-01-01T00:00:00,M,45,325.8352659911325,56600.0,44600.0,0.005756806819631316,81192.94068873959,4410.591867651051,0.0040130984692407085,0.0,0.0
BC,SA,2031-01-01T00:00:00,M,46,429.8365746504933,56600.0,43800.0,0.007594285771210129,81192.94068873959,4410.591867651051,0.005294014122463064,0.0,0.0
BC,SA,2031-01-01T00:00:00,M,47,233.63005328075815,56600.0,42599.99999999999,0.004127739457257211,81192.94068873959,4410.591867651051,0.002877467564284928,0.0,0.0
BC,SA,2031-01-01T00:00:00,M,48,236.81004242198833,56600.0,41400.0,0.004183923010989193,81192.94068873959,4410.591867651051,0.0029166333971055542,0.0,0.0
BC,SA,2031-01-01T00:00:00,M,49,240.64682548905694,56600.0,40299.99999999999,0.0042517106976865185,81192.94068873959,4410.591867651051,0.0029638885283339855,0.0,0.0
BC,SA,2031-01-01T00:00:00,M,50,143.6823432536039,56600.0,38900.0,0.0025385573013004224,81192.94068873959,4410.591867651051,0.0017696408337323688,0.0,0.0
BC,SA,2031-01-01T00:00:00,M,51,146.09652781510522,56600.0,37400.0,0.0025812107387827776,81192.94068873959,4410.591867651051,0.0017993747556844793,0.0,0.0
BC,SA,2031-01-01T00:00:00,M,52,147.26838868849882,56600.0,35600.0,0.0026019149944964456,81192.94068873959,4410.591867651051,0.0018138077946094522,0.0,0.0
BC,SA,2031-01-01T00:00:00,M,53,150.4028016334778,56600.0,34300.0,0.0026572933150791128,81192.94068873959,4410.591867651051,0.001852412295424308,0.0,0.0
BC,SA,2031-01-01T00:00:00,M,54,157.66327967448888,56600.0,33899.99999999999,0.0027855703122701215,81192.94068873959,4410.591867651051,0.00194183482377988,0.0,0.0
BC,SA,2031-01-01T00:00:00,M,55,164.4138456540968,56600.0,33200.0,0.0029048382624398726,81192.94068873959,4410.591867651051,0.0020249771009574835,0.0,0.0
BC,SA,2031-01-01T00:00:00,M,56,173.955169814486,56600.0,33000.0,0.003073412894248869,81192.94068873959,4410.591867651051,0.00214249130945212,0.0,0.0
BC,SA,2031-01-01T00:00:00,M,57,182.55699889942116,56600.0,32499.999999999993,0.0032253886731346496,81192.94068873959,4410.591867651051,0.002248434375585308,0.0,0.0
BC,SA,2031-01-01T00:00:00,M,58,194.9482436961298,56600.0,32499.999999999996,0.0034443152596489363,81192.94068873959,4410.591867651051,0.002401049180414358,0.0,0.0
BC,SA,2031-01-01T00:00:00,M,59,211.0596358406583,56600.0,32899.99999999999,0.003728968831107037,81192.94068873959,4410.591867651051,0.002599482591100799,0.0,0.0
BC,SA,2031-01-01T00:00:00,M,60,138.60955605781783,56600.0,34600.0,0.00244893208582717,81192.94068873959,4410.591867651051,0.0017071626533295547,0.0,0.0
BC,SA,2031-01-01T00:00:00,M,61,255.84524473369675,56600.0,34699.99999999999,0.004520234005895702,81192.94068873959,4410.591867651051,0.003151077452835492,0.0,0.0
BC,SA,2031-01-01T00:00:00,M,62,170.968668569687,56600.0,34099.99999999999,0.0030206478545881095,81192.94068873959,4410.591867651051,0.002105708539676013,0.0,0.0
BC,SA,2031-01-01T00:00:00,M,63,283.92828264657146,56600.0,33299.99999999999,0.005016400753472994,81192.94068873959,4410.591867651051,0.003496957743346629,0.0,0.0
BC,SA,2031-01-01T00:00:00,M,64,202.1216827027274,56600.0,32799.99999999999,0.0035710544647124982,81192.94068873959,4410.591867651051,0.002489399706282089,0.0,0.0
BC,SA,2031-01-01T00:00:00,M,65,236.9673678429972,56600.0,33900.0,0.0041867026120670885,81192.94068873959,4410.591867651051,0.0029185710707465666,0.0,0.0
BC,SA,2031-01-01T00:00:00,M,66,282.33772510393464,56600.0,35600.0,0.0049882990301048525,81192.94068873959,4410.591867651051,0.0034773678931805363,0.0,0.0
BC,SA,2031-01-01T00:00:00,M,67,229.11266989965225,56600.0,36799.99999999999,0.004047927030029192,81192.94068873959,4410.591867651051,0.0028218299270373294,0.0,0.0
BC,SA,2031-01-01T00:00:00,M,68,270.2887221794881,56600.0,37200.0,0.0047754191197789415,81192.94068873959,4410.591867651051,0.0033289682561894653,0.0,0.0
BC,SA,2031-01-01T00:00:00,M,69,188.65093422700738,56600.0,35500.0,0.003333055375035466,81192.94068873959,4410.591867651051,0.002323489365291222,0.0,0.0
BC,SA,2031-01-01T00:00:00,M,70,226.82725046185078,56600.0,35200.0,0.004007548594732346,81192.94068873959,4410.591867651051,0.0027936819203459246,0.0,0.0
BC,SA,2031-01-01T00:00:00,M,71,160.60530600704078,56600.0,34299.99999999999,0.002837549576096127,81192.94068873959,4410.591867651051,0.001978069825340304,0.0,0.0
BC,SA,2031-01-01T00:00:00,M,72,188.60756274684536,56600.0,33000.0,0.0033322890944672326,81192.94068873959,4410.591867651051,0.0023229551873221264,0.0,0.0
BC,SA,2031-01-01T00:00:00,M,73,134.98605839498123,56600.0,32499.999999999996,0.0023849126924908345,81192.94068873959,4410.591867651051,0.0016625344180162458,0.0,0.0
BC,SA,2031-01-01T00:00:00,M,74,58.822183414136816,56600.0,30700.0,0.001039261191062488,81192.94068873959,4410.591867651051,0.0007244741096351828,0.0,0.0
BC,SA,2031-01-01T00:00:00,M,75,1.0527813742337457,56600.0,29700.0,1.8600377636638616e-05,81192.94068873959,4410.591867651051,1.2966415125542471e-05,0.0,0.0
BC,SA,2031-01-01T00:00:00,M,76,33.61558044707999,56600.0,28300.0,0.000593914848888339,81192.94068873959,4410.591867651051,0.0004140209747538069,0.0,0.0
BC,SA,2031-01-01T00:00:00,M,77,50.41409148652019,56600.0,26299.999999999996,0.0008907083301505335,81192.94068873959,4410.591867651051,0.0006209171765287714,0.0,0.0
BC,SA,2031-01-01T00:00:00,M,78,-17.018390487461147,56600.0,24799.999999999996,-0.0003006782771636245,81192.94068873959,4410.591867651051,0.0,0.0038585276076620145,0.000686225422881498
BC,SA,2031-01-01T00:00:00,M,79,5.66337531165118,56600.0,23100.0,0.00010005963448146961,81192.94068873959,4410.591867651051,6.975206543340062e-05,0.0,0.0
BC,SA,2031-01-01T00:00:00,M,80,-59.003211124458176,56600.0,21700.0,-0.0010424595605027947,81192.94068873959,4410.591867651051,0.0,0.013377617538636944,0.00271904198730222
BC,SA,2031-01-01T00:00:00,M,81,-15.523803378790035,56600.0,20600.0,-0.0002742721445015907,81192.94068873959,4410.591867651051,0.0,0.0035196644451842124,0.0007535826882907784
BC,SA,2031-01-01T00:00:00,M,82,1.9354362843878334,56600.0,18900.0,3.41949873566755e-05,81192.94068873959,4410.591867651051,2.3837494589677467e-05,0.0,0.0
BC,SA,2031-01-01T00:00:00,M,83,-40.152435354681074,56600.0,17999.999999999996,-0.0007094069850650367,81192.94068873959,4410.591867651051,0.0,0.009103638822076062,0.002230690853037838
BC,SA,2031-01-01T00:00:00,M,84,-106.84607727560797,56600.0,16600.0,-0.001887739881194487,81192.94068873959,4410.591867651051,0.0,0.024224884206416265,0.006436510679253492
BC,SA,2031-01-01T00:00:00,M,85,-44.828872259191485,56600.0,12799.999999999998,-0.0007920295452153972,81192.94068873959,4410.591867651051,0.0,0.010163913053933507,0.0035022556452493354
BC,SA,2031-01-01T00:00:00,M,86,-72.42060875467905,56600.0,11000.0,-0.001279516055736379,81192.94068873959,4410.591867651051,0.0,0.016419703052971007,0.006583691704970823
BC,SA,2031-01-01T00:00:00,M,87,-153.94180712029265,56600.0,9899.999999999998,-0.0027198199137860894,81192.94068873959,4410.591867651051,0.0,0.034902754945285254,0.01554967748689825
BC,SA,2031-01-01T00:00:00,M,88,-75.75748899757491,56600.0,8600.0,-0.0013384715370596274,81192.94068873959,4410.591867651051,0.0,0.017176263701298003,0.008809010348555222
BC,SA,2031-01-01T00:00:00,M,89,-132.57515455039902,56600.0,7000.0,-0.00234231721820493,81192.94068873959,4410.591867651051,0.0,0.03005835917912862,0.018939307792914147
BC,SA,2031-01-01T00:00:00,M,90,-80.91708623328668,56600.0,5800.0,-0.0014296304988213194,81192.94068873959,4410.591867651051,0.0,0.018346083396825537,0.013951221764359773
BC,SA,2031-01-01T00:00:00,M,91,-126.82318639485311,56600.0,4699.999999999999,-0.0022406923391316805,81192.94068873959,4410.591867651051,0.0,0.028754233037298765,0.026983656679755986
BC,SA,2031-01-01T00:00:00,M,92,-82.2005298130257,56600.0,3799.9999999999995,-0.0014523061804421502,81192.94068873959,4410.591867651051,0.0,0.01863707463297964,0.02163171837184887
BC,SA,2031-01-01T00:00:00,M,93,-148.32881151745823,56600.0,2899.9999999999995,-0.0026206503801671065,81192.94068873959,4410.591867651051,0.0,0.03363013762514683,0.051147866040502844
BC,SA,2031-01-01T00:00:00,M,94,-23.378946298862957,56600.0,2300.0,-0.0004130555883191335,81192.94068873959,4410.591867651051,0.0,0.005300636966737501,0.010164759260375198
BC,SA,2031-01-01T00:00:00,M,95,-67.23783829380272,56600.0,1800.0,-0.001187947673035384,81192.94068873959,4410.591867651051,0.0,0.015244629363000113,0.03735435460766818
BC,SA,2031-01-01T00:00:00,M,96,-52.05661326634754,56600.0,1300.0,-0.000919728149582112,81192.94068873959,4410.591867651051,0.0,0.011802636659299726,0.04004354866642119
BC,SA,2031-01-01T00:00:00,M,97,-109.78366490292615,56600.0,900.0,-0.0019396407226665397,81192.94068873959,4410.591867651051,0.0,0.024890914461644268,0.12198184989214017
BC,SA,2031-01-01T00:00:00,M,98,18.304492425854846,56600.0,700.0,0.0003234009262518524,81192.94068873959,4410.591867651051,0.00022544438310255022,0.0,0.0
BC,SA,2031-01-01T00:00:00,M,99,57.49549987092206,56600.0,500.0,0.001015821552489789,81192.94068873959,4410.591867651051,0.0007081342218079797,0.0,0.0
BC,SA,2031-01-01T00:00:00,M,100,413.1543952280899,56600.0,700.0,0.007299547618870847,81192.94068873959,4410.591867651051,0.00508855070063239,0.0,0.0
BC,SA,2032-01-01T00:00:00,F,1,383.7271249299629,57300.0,27900.0,0.006696808463001098,79662.15865021785,5066.400710849708,0.004816931042690412,0.0,0.0
BC,SA,2032-01-01T00:00:00,F,2,403.69005582026875,57300.0,27900.0,0.007045201672255999,79662.15865021785,5066.400710849708,0.005067525945321151,0.0,0.0
BC,SA,2032-01-01T00:00:00,F,3,302.9520353168482,57300.0,27800.0,0.005287121035198049,79662.15865021785,5066.400710849708,0.003802960407425762,0.0,0.0
BC,SA,2032-01-01T00:00:00,F,4,302.4421331567901,57300.0,27599.999999999996,0.005278222219141188,79662.15865021785,5066.400710849708,0.0037965595997060393,0.0,0.0
BC,SA,2032-01-01T00:00:00,F,5,402.18181556339914,57300.0,27499.999999999996,0.007018879852764383,79662.15865021785,5066.400710849708,0.005048592987911699,0.0,0.0
BC,SA,2032-01-01T00:00:00,F,6,501.9322331476287,57300.0,27499.999999999996,0.008759724836782352,79662.15865021785,5066.400710849708,0.006300761134926339,0.0,0.0
BC,SA,2032-01-01T00:00:00,F,7,401.684440361154,57300.0,27300.0,0.0070101996572627225,79662.15865021785,5066.400710849708,0.0050423494312384605,0.0,0.0
BC,SA,2032-01-01T00:00:00,F,8,301.438437198296,57300.0,27100.000000000004,0.005260705710266946,79662.15865021785,5066.400710849708,0.003783960192716566,0.0,0.0
BC,SA,2032-01-01T00:00:00,F,9,401.42233528935685,57300.0,26899.999999999996,0.007005625397720015,79662.15865021785,5066.400710849708,0.005039059223237093,0.0,0.0
BC,SA,2032-01-01T00:00:00,F,10,401.4116006834047,57300.0,26700.0,0.007005438057302002,79662.15865021785,5066.400710849708,0.005038924471604272,0.0,0.0
BC,SA,2032-01-01T00:00:00,F,11,401.3418257446756,57300.0,25400.0,0.007004220344584216,79662.15865021785,5066.400710849708,0.005038048585990433,0.0,0.0
BC,SA,2032-01-01T00:00:00,F,12,401.59051245998126,57300.0,25800.000000000004,0.0070085604268757635,79662.15865021785,5066.400710849708,0.005041170353207382,0.0,0.0
BC,SA,2032-01-01T00:00:00,F,13,501.8678253760554,57300.0,26600.000000000004,0.008758600791903236,79662.15865021785,5066.400710849708,0.006299952623423957,0.0,0.0
BC,SA,2032-01-01T00:00:00,F,14,702.1818155633991,57300.0,27800.0,0.01225448194700522,79662.15865021785,5066.400710849708,0.008814496461821385,0.0,0.0
BC,SA,2032-01-01T00:00:00,F,15,1303.0057086862398,57300.0,29299.999999999996,0.02274006472401815,79662.15865021785,5066.400710849708,0.01635664574955221,0.0,0.0
BC,SA,2032-01-01T00:00:00,F,16,2304.4253926411184,57300.0,31399.999999999996,0.04021684803911201,79662.15865021785,5066.400710849708,0.02892747863837627,0.0,0.0
BC,SA,2032-01-01T00:00:00,F,17,1806.6985212690815,57300.0,33000.0,0.03153051520539409,79662.15865021785,5066.400710849708,0.022679507458515758,0.0,0.0
BC,SA,2032-01-01T00:00:00,F,18,2508.829436867709,57300.0,35400.0,0.043784108845858795,79662.15865021785,5066.400710849708,0.03149336497248996,0.0,0.0
BC,SA,2032-01-01T00:00:00,F,19,5111.400512201915,57300.0,40500.0,0.0892041974206268,79662.15865021785,5066.400710849708,0.06416346981814981,0.0,0.0
BC,SA,2032-01-01T00:00:00,F,20,2914.707847572048,57300.0,43000.00000000001,0.05086750170282807,79662.15865021785,5066.400710849708,0.03658836136201134,0.0,0.0
BC,SA,2032-01-01T00:00:00,F,21,717.0687254709628,57300.0,43100.0,0.012514288402634605,79662.15865021785,5066.400710849708,0.009001372014276967,0.0,0.0
BC,SA,2032-01-01T00:00:00,F,22,-381.406838963725,57300.0,42900.0,-0.006656314816120856,79662.15865021785,5066.400710849708,0.0,0.07528161721336835,0.008890602306846736
BC,SA,2032-01-01T00:00:00,F,23,-80.51844933938992,57300.0,42600.0,-0.0014052085399544488,79662.15865021785,5066.400710849708,0.0,0.015892633436387985,0.0018901044445866178
BC,SA,2032-01-01T00:00:00,F,24,220.1033351627775,57300.0,42600.0,0.0038412449417587697,79662.15865021785,5066.400710849708,0.002762959715028706,0.0,0.0
BC,SA,2032-01-01T00:00:00,F,25,519.7240269521644,57300.0,42100.0,0.009070227346460112,79662.15865021785,5066.400710849708,0.0065241017285782915,0.0,0.0
BC,SA,2032-01-01T00:00:00,F,26,319.43954579420097,57300.0,41300.0,0.005574861183144869,79662.15865021785,5066.400710849708,0.004009928317368379,0.0,0.0
BC,SA,2032-01-01T00:00:00,F,27,519.6614260487622,57300.0,41200.0,0.009069134835056933,79662.15865021785,5066.400710849708,0.006523315898712984,0.0,0.0
BC,SA,2032-01-01T00:00:00,F,28,520.1239532898908,57300.0,41400.0,0.00907720686369792,79662.15865021785,5066.400710849708,0.006529122008526797,0.0,0.0
BC,SA,2032-01-01T00:00:00,F,29,720.4988325535887,57300.0,40900.0,0.012574150655385493,79662.15865021785,5066.400710849708,0.009044430188204777,0.0,0.0
BC,SA,2032-01-01T00:00:00,F,30,621.1125717314426,57300.0,40600.0,0.01083966093772151,79662.15865021785,5066.400710849708,0.007796833305241397,0.0,0.0
BC,SA,2032-01-01T00:00:00,F,31,723.5173322729897,57300.0,43100.0,0.01262682953356003,79662.15865021785,5066.400710849708,0.009082321450135737,0.0,0.0
BC,SA,2032-01-01T00:00:00,F,32,426.03843429252447,57300.0,44500.0,0.007435225729363429,79662.15865021785,5066.400710849708,0.005348065399070872,0.0,0.0
BC,SA,2032-01-01T00:00:00,F,33,427.8671287652178,57300.0,44900.0,0.007467140118066628,79662.15865021785,5066.400710849708,0.005371021021962323,0.0,0.0
BC,SA,2032-01-01T00:00:00,F,34,629.9919877462016,57300.0,45300.0,0.010994624567996538,79662.15865021785,5066.400710849708,0.007908296717295631,0.0,0.0
BC,SA,2032-01-01T00:00:00,F,35,532.0631919181906,57300.0,45300.0,0.009285570539584478,79662.15865021785,5066.400710849708,0.006678995409280634,0.0,0.0
BC,SA,2032-01-01T00:00:00,F,36,535.880801671352,57300.0,46600.0,0.00935219549164663,79662.15865021785,5066.400710849708,0.00672691790871884,0.0,0.0
BC,SA,2032-01-01T00:00:00,F,37,538.6839533811581,57300.0,46500.0,0.009401116114854417,79662.15865021785,5066.400710849708,0.006762105904591689,0.0,0.0
BC,SA,2032-01-01T00:00:00,F,38,341.65533882369346,57300.0,46400.0,0.005962571358179641,79662.15865021785,5066.400710849708,0.004288803424519794,0.0,0.0
BC,SA,2032-01-01T00:00:00,F,39,443.90737955399527,57300.0,46700.0,0.0077470746868062,79662.15865021785,5066.400710849708,0.0055723744758551215,0.0,0.0
BC,SA,2032-01-01T00:00:00,F,40,346.47525533062435,57300.0,47100.0,0.006046688574705486,79662.15865021785,5066.400710849708,0.00434930789224448,0.0,0.0
BC,SA,2032-01-01T00:00:00,F,41,348.15024243793596,57300.0,47100.0,0.006075920461395043,79662.15865021785,5066.400710849708,0.004370334024798409,0.0,0.0
BC,SA,2032-01-01T00:00:00,F,42,349.82524367791484,57300.0,47100.0,0.006105152594728007,79662.15865021785,5066.400710849708,0.004391360334759874,0.0,0.0
BC,SA,2032-01-01T00:00:00,F,43,350.50986945361365,57300.0,46200.0,0.006117100688544741,79662.15865021785,5066.400710849708,0.004399954450049981,0.0,0.0
BC,SA,2032-01-01T00:00:00,F,44,251.76177299120172,57300.0,45400.0,0.004393748219741741,79662.15865021785,5066.400710849708,0.003160368451684095,0.0,0.0
BC,SA,2032-01-01T00:00:00,F,45,352.98958952210523,57300.0,44500.0,0.006160376780490493,79662.15865021785,5066.400710849708,0.004431082404784168,0.0,0.0
BC,SA,2032-01-01T00:00:00,F,46,355.6319644851028,57300.0,44400.0,0.006206491526790625,79662.15865021785,5066.400710849708,0.004464252168292583,0.0,0.0
BC,SA,2032-01-01T00:00:00,F,47,257.33495976881386,57300.0,43500.0,0.004491011514289945,79662.15865021785,5066.400710849708,0.003230328729839285,0.0,0.0
BC,SA,2032-01-01T00:00:00,F,48,159.97932173706795,57300.0,42800.0,0.002791960239739406,79662.15865021785,5066.400710849708,0.002008222278277799,0.0,0.0
BC,SA,2032-01-01T00:00:00,F,49,162.60501121034758,57300.0,42000.00000000001,0.0028377837907565024,79662.15865021785,5066.400710849708,0.0020411825886405715,0.0,0.0
BC,SA,2032-01-01T00:00:00,F,50,165.98334792102833,57300.0,41300.0,0.002896742546614805,79662.15865021785,5066.400710849708,0.002083590888489869,0.0,0.0
BC,SA,2032-01-01T00:00:00,F,51,68.55487277424982,57300.0,39699.99999999999,0.0011964201182242552,79662.15865021785,5066.400710849708,0.0008605701117799466,0.0,0.0
BC,SA,2032-01-01T00:00:00,F,52,172.02307917468715,57300.0,38800.00000000001,0.0030021479786158317,79662.15865021785,5066.400710849708,0.002159407704855318,0.0,0.0
BC,SA,2032-01-01T00:00:00,F,53,173.95696807649074,57300.0,36999.99999999999,0.0030358982212302047,79662.15865021785,5066.400710849708,0.0021836838346335095,0.0,0.0
BC,SA,2032-01-01T00:00:00,F,54,277.3030344418803,57300.0,35900.0,0.004839494492877492,79662.15865021785,5066.400710849708,0.0034809882024345816,0.0,0.0
BC,SA,2032-01-01T00:00:00,F,55,182.9901740470741,57300.0,35500.0,0.003193545794887855,79662.15865021785,5066.400710849708,0.0022970777737840484,0.0,0.0
BC,SA,2032-01-01T00:00:00,F,56,290.46915598319174,57300.0,35800.0,0.005069269737926557,79662.15865021785,5066.400710849708,0.0036462626786023878,0.0,0.0
BC,SA,2032-01-01T00:00:00,F,57,197.01448346694815,57300.0,35300.0,0.0034382981407844355,79662.15865021785,5066.400710849708,0.0024731250923290087,0.0,0.0
BC,SA,2032-01-01T00:00:00,F,58,304.60913682557293,57300.0,35200.0,0.0053160407822962115,79662.15865021785,5066.400710849708,0.0038237620218535204,0.0,0.0
BC,SA,2032-01-01T00:00:00,F,59,214.66997670977435,57300.0,35399.99999999999,0.003746421932107755,79662.15865021785,5066.400710849708,0.0026947547034515025,0.0,0.0
BC,SA,2032-01-01T00:00:00,F,60,226.5164261741229,57300.0,35800.0,0.003953166250857293,79662.15865021785,5066.400710849708,0.0028434633207557883,0.0,0.0
BC,SA,2032-01-01T00:00:00,F,61,246.18944929656573,57300.0,38000.0,0.00429649998772366,79662.15865021785,5066.400710849708,0.003090419007819498,0.0,0.0
BC,SA,2032-01-01T00:00:00,F,62,160.18519780831411,57300.0,38000.0,0.002795553190371974,79662.15865021785,5066.400710849708,0.0020108066429841347,0.0,0.0
BC,SA,2032-01-01T00:00:00,F,63,174.23566965569626,57300.0,37800.00000000001,0.00304076212313606,79662.15865021785,5066.400710849708,0.002187182378784557,0.0,0.0
BC,SA,2032-01-01T00:00:00,F,64,184.2605921538052,57300.0,36500.0,0.0032157171405550644,79662.15865021785,5066.400710849708,0.002313025346988903,0.0,0.0
BC,SA,2032-01-01T00:00:00,F,65,196.9353656767562,57300.0,35600.0,0.0034369173765577,79662.15865021785,5066.400710849708,0.0024721319257925687,0.0,0.0
BC,SA,2032-01-01T00:00:00,F,66,23.959143902960932,57300.0,36700.0,0.0004181351466485328,79662.15865021785,5066.400710849708,0.0003007594108535422,0.0,0.0
BC,SA,2032-01-01T00:00:00,F,67,154.77867954630347,57300.0,38100.0,0.0027011985959215262,79662.15865021785,5066.400710849708,0.0019429385566352613,0.0,0.0
BC,SA,2032-01-01T00:00:00,F,68,192.93048602302588,57300.0,39800.0,0.003367024188883523,79662.15865021785,5066.400710849708,0.002421858625123991,0.0,0.0
BC,SA,2032-01-01T00:00:00,F,69,222.15719294205337,57300.0,39700.0,0.0038770888820602685,79662.15865021785,5066.400710849708,0.002788741815515011,0.0,0.0
BC,SA,2032-01-01T00:00:00,F,70,241.94235438785836,57300.0,38200.0,0.004222379657728767,79662.15865021785,5066.400710849708,0.0030371051762504144,0.0,0.0
BC,SA,2032-01-01T00:00:00,F,71,178.63886704728793,57300.0,38200.0,0.0031176067547519708,79662.15865021785,5066.400710849708,0.0022424557666289075,0.0,0.0
BC,SA,2032-01-01T00:00:00,F,72,14.563615762046538,57300.0,37600.00000000001,0.00025416432394496577,79662.15865021785,5066.400710849708,0.0001828172373032564,0.0,0.0
BC,SA,2032-01-01T00:00:00,F,73,145.92178712985333,57300.0,36600.0,0.0025466280476414195,79662.15865021785,5066.400710849708,0.0018317578835714149,0.0,0.0
BC,SA,2032-01-01T00:00:00,F,74,86.54836749583774,57300.0,35900.00000000001,0.0015104427137144457,79662.15865021785,5066.400710849708,0.0010864426593792918,0.0,0.0
BC,SA,2032-01-01T00:00:00,F,75,120.95615276000899,57300.0,34600.0,0.002110927622338726,79662.15865021785,5066.400710849708,0.0015183639862322285,0.0,0.0
BC,SA,2032-01-01T00:00:00,F,76,62.8525662869215,57300.0,33500.00000000001,0.0010969034256007244,79662.15865021785,5066.400710849708,0.0007889889924135217,0.0,0.0
BC,SA,2032-01-01T00:00:00,F,77,6.406381331704324,57300.0,32300.000000000004,0.00011180421172258856,79662.15865021785,5066.400710849708,8.041937904085159e-05,0.0,0.0
BC,SA,2032-01-01T00:00:00,F,78,-60.81276989647813,57300.0,30400.0,-0.0010613048847552902,79662.15865021785,5066.400710849708,0.0,0.012003150435031215,0.002000420062384149
BC,SA,2032-01-01T00:00:00,F,79,-34.61384166593052,57300.0,28300.000000000004,-0.000604081006386222,79662.15865021785,5066.400710849708,0.0,0.0068320378985825,0.0012231039457925978
BC,SA,2032-01-01T00:00:00,F,80,-102.25532262456909,57300.0,26400.000000000004,-0.0017845606042682215,79662.15865021785,5066.400710849708,0.0,0.0201830310037635,0.003873307675173071
BC,SA,2032-01-01T00:00:00,F,81,-161.83534178905757,57300.0,24800.000000000007,-0.0028243515146432383,79662.15865021785,5066.400710849708,0.0,0.03194286260115329,0.0065256186205265125
BC,SA,2032-01-01T00:00:00,F,82,-207.8763931507856,57300.0,23600.000000000004,-0.003627860264411616,79662.15865021785,5066.400710849708,0.0,0.04103038922792227,0.008808321743677353
BC,SA,2032-01-01T00:00:00,F,83,-183.21645133651327,57300.0,21600.0,-0.0031974947877227446,79662.15865021785,5066.400710849708,0.0,0.03616303995539769,0.00848224311743117
BC,SA,2032-01-01T00:00:00,F,84,-130.5805189236671,57300.0,20400.0,-0.0022788921278126895,79662.15865021785,5066.400710849708,0.0,0.025773823741187436,0.006401005829591525
BC,SA,2032-01-01T00:00:00,F,85,-180.95161309226387,57300.0,19000.0,-0.003157968814873715,79662.15865021785,5066.400710849708,0.0,0.03571600894196063,0.009523769110119151
BC,SA,2032-01-01T00:00:00,F,86,-190.79270994296894,57300.0,14700.000000000002,-0.003329715705810976,79662.15865021785,5066.400710849708,0.0,0.03765843264911635,0.012979095914487681
BC,SA,2032-01-01T00:00:00,F,87,-97.18637266201586,57300.0,12900.0,-0.0016960972541364024,79662.15865021785,5066.400710849708,0.0,0.019182527835567967,0.007533827338140764
BC,SA,2032-01-01T00:00:00,F,88,-164.81044318970453,57300.0,11700.000000000002,-0.0028762730050559257,79662.15865021785,5066.400710849708,0.0,0.0325300844910989,0.01408636266578671
BC,SA,2032-01-01T00:00:00,F,89,-173.73215957696993,57300.0,10100.0,-0.003031974861727224,79662.15865021785,5066.400710849708,0.0,0.034291042002446065,0.017201203918511876
BC,SA,2032-01-01T00:00:00,F,90,-115.25107002121513,57300.0,8400.0,-0.002011362478555238,79662.15865021785,5066.400710849708,0.0,0.022748115792421374,0.013720365478716086
BC,SA,2032-01-01T00:00:00,F,91,-124.07637754981079,57300.0,7200.0,-0.0021653818071520206,79662.15865021785,5066.400710849708,0.0,0.024490044240697534,0.017232830215251498
BC,SA,2032-01-01T00:00:00,F,92,-172.55159487468882,57300.0,5800.0,-0.0030113716383017245,79662.15865021785,5066.400710849708,0.0,0.034058023579771175,0.029750274978394622
BC,SA,2032-01-01T00:00:00,F,93,-126.46121090980432,57300.0,4700.000000000001,-0.0022070019355986794,79662.15865021785,5066.400710849708,0.0,0.02496075974389222,0.026906640619107296
BC,SA,2032-01-01T00:00:00,F,94,-67.575008345289,57300.0,3900.0,-0.0011793195173697907,79662.15865021785,5066.400710849708,0.0,0.013337872821740487,0.01732692521674077
BC,SA,2032-01-01T00:00:00,F,95,-116.29728184395117,57300.0,3100.0,-0.0020296209745890256,79662.15865021785,5066.400710849708,0.0,0.02295461580741142,0.03751525220772618
BC,SA,2032-01-01T00:00:00,F,96,-90.63395124698354,57300.0,2400.0,-0.0015817443498600968,79662.15865021785,5066.400710849708,0.0,0.01788921887936948,0.03776414635290981
BC,SA,2032-01-01T00:00:00,F,97,-68.55860431206179,57300.0,1800.0000000000002,-0.0011964852410481987,79662.15865021785,5066.400710849708,0.0,0.013532013795364308,0.03808811350670099
BC,SA,2032-01-01T00:00:00,F,98,-128.4311521274558,57300.0,1300.0,-0.002241381363480904,79662.15865021785,5066.400710849708,0.0,0.02534958434148728,0.09879319394419676
BC,SA,2032-01-01T00:00:00,F,99,-5.913318593500435,57300.0,1000.0000000000001,-0.00010319927737348053,79662.15865021785,5066.400710849708,0.0,0.0011671636198923331,0.0059133185935004344
BC,SA,2032-01-01T00:00:00,F,100,1146.8337009278102,57300.0,1900.0,0.020014549754412046,79662.15865021785,5066.400710849708,0.01439621672773581,0.0,0.0
BC,SA,2032-01-01T00:00:00,M,1,490.3157663143502,57300.0,29400.0,0.00855699417651571,79662.15865021785,5066.400710849708,0.006154939492253005,0.0,0.0
BC,SA,2032-01-01T00:00:00,M,2,405.8161744577519,57300.0,29400.0,0.0070823067095593705,79662.15865021785,5066.400710849708,0.005094215137197291,0.0,0.0
BC,SA,2032-01-01T00:00:00,M,3,404.04599814212634,57300.0,29400.0,0.007051413580141821,79662.15865021785,5066.400710849708,0.005071994093409134,0.0,0.0
BC,SA,2032-01-01T00:00:00,M,4,502.7720141706013,57300.0,29400.000000000004,0.008774380701057615,79662.15865021785,5066.400710849708,0.006311302915832126,0.0,0.0
BC,SA,2032-01-01T00:00:00,M,5,502.2680057863363,57300.0,29400.000000000004,0.008765584743217038,79662.15865021785,5066.400710849708,0.006304976092748181,0.0,0.0
BC,SA,2032-01-01T00:00:00,M,6,601.7639999833445,57300.0,29500.000000000004,0.01050198952850514,79662.15865021785,5066.400710849708,0.007553950460036886,0.0,0.0
BC,SA,2032-01-01T00:00:00,M,7,501.511998049813,57300.0,29400.0,0.008752390890921693,79662.15865021785,5066.400710849708,0.006295485918877262,0.0,0.0
BC,SA,2032-01-01T00:00:00,M,8,401.5067662226429,57300.0,29199.999999999996,0.007007098886957119,79662.15865021785,5066.400710849708,0.005040119085720318,0.0,0.0
BC,SA,2032-01-01T00:00:00,M,9,501.49630256832097,57300.0,29100.000000000004,0.008752116973269128,79662.15865021785,5066.400710849708,0.006295288893316344,0.0,0.0
BC,SA,2032-01-01T00:00:00,M,10,601.4806070868326,57300.0,28900.0,0.010497043753696905,79662.15865021785,5066.400710849708,0.007550393025725367,0.0,0.0
BC,SA,2032-01-01T00:00:00,M,11,501.4178251608937,57300.0,27600.0,0.008750747385006872,79662.15865021785,5066.400710849708,0.006294303765512164,0.0,0.0
BC,SA,2032-01-01T00:00:00,M,12,401.9462446880534,57300.0,28299.999999999996,0.007014768668203376,79662.15865021785,5066.400710849708,0.005045635863985644,0.0,0.0
BC,SA,2032-01-01T00:00:00,M,13,502.2209191610091,57300.0,28799.999999999996,0.008764762987103126,79662.15865021785,5066.400710849708,0.006304385013795199,0.0,0.0
BC,SA,2032-01-01T00:00:00,M,14,703.0344830654103,57300.0,29700.0,0.012269362706202623,79662.15865021785,5066.400710849708,0.008825200006847764,0.0,0.0
BC,SA,2032-01-01T00:00:00,M,15,1304.199467037175,57300.0,31400.000000000004,0.02276089820309206,79662.15865021785,5066.400710849708,0.016371631011954865,0.0,0.0
BC,SA,2032-01-01T00:00:00,M,16,2006.529470780024,57300.0,33200.0,0.03501796633123951,79662.15865021785,5066.400710849708,0.025187987681708858,0.0,0.0
BC,SA,2032-01-01T00:00:00,M,17,1809.932107964014,57300.0,35300.0,0.031586947782967084,79662.15865021785,5066.400710849708,0.022720098709741208,0.0,0.0
BC,SA,2032-01-01T00:00:00,M,18,2613.616510118969,57300.0,37300.0,0.045612853579737676,79662.15865021785,5066.400710849708,0.03280875831641579,0.0,0.0
BC,SA,2032-01-01T00:00:00,M,19,5418.490484593305,57300.0,42600.0,0.09456353376253587,79662.15865021785,5066.400710849708,0.06801837379758836,0.0,0.0
BC,SA,2032-01-01T00:00:00,M,20,3525.151421956398,57300.0,45299.99999999999,0.06152096722436994,79662.15865021785,5066.400710849708,0.0442512666200109,0.0,0.0
BC,SA,2032-01-01T00:00:00,M,21,1231.4332201248471,57300.0,45700.0,0.021490981154011293,79662.15865021785,5066.400710849708,0.015458195471853179,0.0,0.0
BC,SA,2032-01-01T00:00:00,M,22,-62.855121344364306,57300.0,45700.0,-0.0010969480164810526,79662.15865021785,5066.400710849708,0.0,0.012406267275653884,0.001375385587404033
BC,SA,2032-01-01T00:00:00,M,23,-358.7331451260543,57300.0,45100.0,-0.006260613352985241,79662.15865021785,5066.400710849708,0.0,0.07080631114665417,0.007954171732285017
BC,SA,2032-01-01T00:00:00,M,24,-156.2454669425133,57300.0,44200.0,-0.002726796979799534,79662.15865021785,5066.400710849708,0.0,0.030839539913989293,0.0035349653154414773
BC,SA,2032-01-01T00:00:00,M,25,-55.270998001222324,57300.0,43000.0,-0.0009645898429532692,79662.15865021785,5066.400710849708,0.0,0.010909322249789553,0.001285372046540054
BC,SA,2032-01-01T00:00:00,M,26,145.78546369708783,57300.0,42100.0,0.002544248930141149,79662.15865021785,5066.400710849708,0.0018300466139413252,0.0,0.0
BC,SA,2032-01-01T00:00:00,M,27,547.5440516841263,57300.0,41800.0,0.009555742612288417,79662.15865021785,5066.400710849708,0.006873326821186121,0.0,0.0
BC,SA,2032-01-01T00:00:00,M,28,450.30822522001836,57300.0,41900.0,0.007858782290052676,79662.15865021785,5066.400710849708,0.005652724365620575,0.0,0.0
BC,SA,2032-01-01T00:00:00,M,29,452.9208336640804,57300.0,41400.0,0.007904377550856552,79662.15865021785,5066.400710849708,0.005685520469672105,0.0,0.0
BC,SA,2032-01-01T00:00:00,M,30,455.6704995737746,57300.0,40800.0,0.00795236473950741,79662.15865021785,5066.400710849708,0.0057200370576768,0.0,0.0
BC,SA,2032-01-01T00:00:00,M,31,563.1614164691055,57300.0,43100.0,0.009828296971537618,79662.15865021785,5066.400710849708,0.007069371782176347,0.0,0.0
BC,SA,2032-01-01T00:00:00,M,32,370.9543336380302,57300.0,45000.0,0.006473897620209951,79662.15865021785,5066.400710849708,0.004656594045697703,0.0,0.0
BC,SA,2032-01-01T00:00:00,M,33,376.59048829663516,57300.0,45800.0,0.006572259830656809,79662.15865021785,5066.400710849708,0.004727344760392145,0.0,0.0
BC,SA,2032-01-01T00:00:00,M,34,581.4906714493554,57300.0,46300.0,0.010148179257405854,79662.15865021785,5066.400710849708,0.007299459132190679,0.0,0.0
BC,SA,2032-01-01T00:00:00,M,35,586.3514116881488,57300.0,47200.0,0.010233008929985144,79662.15865021785,5066.400710849708,0.007360476060694161,0.0,0.0
BC,SA,2032-01-01T00:00:00,M,36,690.5405337371194,57300.0,48000.0,0.012051318215307494,79662.15865021785,5066.400710849708,0.008668363316253556,0.0,0.0
BC,SA,2032-01-01T00:00:00,M,37,394.39555093790113,57300.0,48400.0,0.006882993908165814,79662.15865021785,5066.400710849708,0.004950851917905222,0.0,0.0
BC,SA,2032-01-01T00:00:00,M,38,497.549610393733,57300.0,48400.0,0.008683239273887138,79662.15865021785,5066.400710849708,0.006245746020747234,0.0,0.0
BC,SA,2032-01-01T00:00:00,M,39,301.107708149917,57300.0,48100.0,0.005254933824605882,79662.15865021785,5066.400710849708,0.0037798085471425218,0.0,0.0
BC,SA,2032-01-01T00:00:00,M,40,405.287061084935,57300.0,48200.0,0.007073072619283333,79662.15865021785,5066.400710849708,0.005087573170901347,0.0,0.0
BC,SA,2032-01-01T00:00:00,M,41,409.6550690543445,57300.0,48100.0,0.00714930312485767,79662.15865021785,5066.400710849708,0.005142404825521561,0.0,0.0
BC,SA,2032-01-01T00:00:00,M,42,315.0771976540782,57300.0,48000.0,0.005498729452950754,79662.15865021785,5066.400710849708,0.0039551677106507395,0.0,0.0
BC,SA,2032-01-01T00:00:00,M,43,318.3869787062722,57300.0,47000.0,0.005556491774978573,79662.15865021785,5066.400710849708,0.003996715430525199,0.0,0.0
BC,SA,2032-01-01T00:00:00,M,44,320.5220393160562,57300.0,45500.0,0.00559375286764496,79662.15865021785,5066.400710849708,0.004023516871083177,0.0,0.0
BC,SA,2032-01-01T00:00:00,M,45,224.7769241787828,57300.0,44800.0,0.003922808449891497,79662.15865021785,5066.400710849708,0.0028216273320653745,0.0,0.0
BC,SA,2032-01-01T00:00:00,M,46,331.11458081081946,57300.0,44800.0,0.005778613975756012,79662.15865021785,5066.400710849708,0.004156485167125382,0.0,0.0
BC,SA,2032-01-01T00:00:00,M,47,235.64341280117515,57300.0,43900.0,0.004112450485186303,79662.15865021785,5066.400710849708,0.0029580344895729326,0.0,0.0
BC,SA,2032-01-01T00:00:00,M,48,338.9914276443451,57300.0,42800.0,0.005916080761681416,79662.15865021785,5066.400710849708,0.004255363316638144,0.0,0.0
BC,SA,2032-01-01T00:00:00,M,49,242.6645050595398,57300.0,41499.99999999999,0.004234982636292143,79662.15865021785,5066.400710849708,0.0030461703419943187,0.0,0.0
BC,SA,2032-01-01T00:00:00,M,50,146.6127831060221,57300.0,40300.0,0.0025586873142412233,79662.15865021785,5066.400710849708,0.0018404319640617868,0.0,0.0
BC,SA,2032-01-01T00:00:00,M,51,149.66914583795733,57300.0,38900.0,0.0026120269779748226,79662.15865021785,5066.400710849708,0.00187879852082753,0.0,0.0
BC,SA,2032-01-01T00:00:00,M,52,152.3866907141346,57300.0,37399.99999999999,0.002659453590124513,79662.15865021785,5066.400710849708,0.001912911893126535,0.0,0.0
BC,SA,2032-01-01T00:00:00,M,53,153.75502952931856,57300.0,35600.0,0.002683333848679207,79662.15865021785,5066.400710849708,0.0019300886661184906,0.0,0.0
BC,SA,2032-01-01T00:00:00,M,54,157.12462348387635,57300.0,34300.0,0.0027421400258966205,79662.15865021785,5066.400710849708,0.001972387218048938,0.0,0.0
BC,SA,2032-01-01T00:00:00,M,55,165.35649247543188,57300.0,33900.0,0.0028858026610023018,79662.15865021785,5066.400710849708,0.0020757219648224997,0.0,0.0
BC,SA,2032-01-01T00:00:00,M,56,172.3791867595137,57300.0,33200.0,0.0030083627706721412,79662.15865021785,5066.400710849708,0.002163877927491264,0.0,0.0
BC,SA,2032-01-01T00:00:00,M,57,182.58062058172072,57300.0,33000.0,0.003186398264951496,79662.15865021785,5066.400710849708,0.0022919366443909617,0.0,0.0
BC,SA,2032-01-01T00:00:00,M,58,292.0204314072362,57300.0,32600.0,0.005096342607456129,79662.15865021785,5066.400710849708,0.0036657358569637203,0.0,0.0
BC,SA,2032-01-01T00:00:00,M,59,205.3636130460327,57300.0,32500.0,0.003584007208482246,79662.15865021785,5066.400710849708,0.002577931812615664,0.0,0.0
BC,SA,2032-01-01T00:00:00,M,60,222.83742480102228,57300.0,32900.0,0.0038889602932115582,79662.15865021785,5066.400710849708,0.002797280773917528,0.0,0.0
BC,SA,2032-01-01T00:00:00,M,61,251.2818424630459,57300.0,34600.0,0.004385372468814065,79662.15865021785,5066.400710849708,0.003154343878206704,0.0,0.0
BC,SA,2032-01-01T00:00:00,M,62,270.80905991194595,57300.0,34699.99999999999,0.004726161604047922,79662.15865021785,5066.400710849708,0.003399469264962046,0.0,0.0
BC,SA,2032-01-01T00:00:00,M,63,286.39372849135543,57300.0,34099.99999999999,0.004998145348889275,79662.15865021785,5066.400710849708,0.0035951037901051433,0.0,0.0
BC,SA,2032-01-01T00:00:00,M,64,201.2168356416223,57300.0,33200.0,0.0035116376202726407,79662.15865021785,5066.400710849708,0.0025258772678396664,0.0,0.0
BC,SA,2032-01-01T00:00:00,M,65,220.2112303835347,57300.0,32700.0,0.00384312792990462,79662.15865021785,5066.400710849708,0.0027643141249842655,0.0,0.0
BC,SA,2032-01-01T00:00:00,M,66,357.63306424074835,57300.0,33900.0,0.006241414733695434,79662.15865021785,5066.400710849708,0.004489371996697335,0.0,0.0
BC,SA,2032-01-01T00:00:00,M,67,206.70964162595192,57300.0,35400.0,0.003607498108655356,79662.15865021785,5066.400710849708,0.0025948285249659956,0.0,0.0
BC,SA,2032-01-01T00:00:00,M,68,255.8395972721264,57300.0,36600.0,0.004464914437558925,79662.15865021785,5066.400710849708,0.00321155742710252,0.0,0.0
BC,SA,2032-01-01T00:00:00,M,69,200.19226119503583,57300.0,36900.0,0.0034937567398784612,79662.15865021785,5066.400710849708,0.0025130157729474027,0.0,0.0
BC,SA,2032-01-01T00:00:00,M,70,218.98447547684918,57300.0,35199.99999999999,0.0038217185947094097,79662.15865021785,5066.400710849708,0.0027489146564351895,0.0,0.0
BC,SA,2032-01-01T00:00:00,M,71,160.22845312998834,57300.0,34800.0,0.0027963080825477893,79662.15865021785,5066.400710849708,0.002011349627537995,0.0,0.0
BC,SA,2032-01-01T00:00:00,M,72,195.4946851380737,57300.0,33900.0,0.003411774609739506,79662.15865021785,5066.400710849708,0.0024540470463078404,0.0,0.0
BC,SA,2032-01-01T00:00:00,M,73,125.57475485086616,57300.0,32500.0,0.0021915314982699154,79662.15865021785,5066.400710849708,0.0015763413517607804,0.0,0.0
BC,SA,2032-01-01T00:00:00,M,74,73.95999585082245,57300.0,31899.999999999993,0.001290750363888699,79662.15865021785,5066.400710849708,0.0009284206843498609,0.0,0.0
BC,SA,2032-01-01T00:00:00,M,75,97.51828620263768,57300.0,30100.0,0.0017018898115643574,79662.15865021785,5066.400710849708,0.0012241481759341078,0.0,0.0
BC,SA,2032-01-01T00:00:00,M,76,140.25570623109525,57300.0,29099.999999999996,0.0024477435642425,79662.15865021785,5066.400710849708,0.0017606315044377935,0.0,0.0
BC,SA,2032-01-01T00:00:00,M,77,74.98768557085714,57300.0,27600.0,0.0013086856120568435,79662.15865021785,5066.400710849708,0.0009413212853057939,0.0,0.0
BC,SA,2032-01-01T00:00:00,M,78,-7.394974033115432,57300.0,25500.0,-0.0001290571384487859,79662.15865021785,5066.400710849708,0.0,0.0014596109654885921,0.00028999898169080127
BC,SA,2032-01-01T00:00:00,M,79,23.791656751334813,57300.0,24000.0,0.000415212159709159,79662.15865021785,5066.400710849708,0.0002986569426997287,0.0,0.0
BC,SA,2032-01-01T00:00:00,M,80,47.09254339658219,57300.0,22299.999999999996,0.0008218593961009107,79662.15865021785,5066.400710849708,0.0005911532425747718,0.0,0.0
BC,SA,2032-01-01T00:00:00,M,81,-20.236014299400267,57300.0,20799.999999999996,-0.0003531590628167586,79662.15865021785,5066.400710849708,0.0,0.00399415984923277,0.0009728853028557823
BC,SA,2032-01-01T00:00:00,M,82,24.837041457943997,57300.0,19700.0,0.000433456220906527,79662.15865021785,5066.400710849708,0.000311779669027034,0.0,0.0
BC,SA,2032-01-01T00:00:00,M,83,-58.91075050004656,57300.0,17900.0,-0.0010281108289711442,79662.15865021785,5066.400710849708,0.0,0.01162773216376057,0.0032911033798908693
BC,SA,2032-01-01T00:00:00,M,84,-104.42756594385719,57300.0,16900.0,-0.0018224706098404395,79662.15865021785,5066.400710849708,0.0,0.02061178574371848,0.006179145913837704
BC,SA,2032-01-01T00:00:00,M,85,-78.49838744784029,57300.0,15500.0,-0.001369954405721471,79662.15865021785,5066.400710849708,0.0,0.015493916081240044,0.00506441209340905
BC,SA,2032-01-01T00:00:00,M,86,-122.35685569622729,57300.0,11799.999999999998,-0.0021353726997596387,79662.15865021785,5066.400710849708,0.0,0.02415064711210067,0.010369225059002314
BC,SA,2032-01-01T00:00:00,M,87,-58.09176827808005,57300.0,10100.0,-0.0010138179455162313,79662.15865021785,5066.400710849708,0.0,0.011466082450540559,0.005751660225552481
BC,SA,2032-01-01T00:00:00,M,88,-52.918900576067244,57300.0,8999.999999999998,-0.0009235410222699344,79662.15865021785,5066.400710849708,0.0,0.010445068125531663,0.00587987784178525
BC,SA,2032-01-01T00:00:00,M,89,-175.9874851702134,57300.0,7600.0,-0.003071334819724492,79662.15865021785,5066.400710849708,0.0,0.03473619542041667,0.02315624804871229
BC,SA,2032-01-01T00:00:00,M,90,-147.6199491665011,57300.0,6100.0,-0.0025762643833595307,79662.15865021785,5066.400710849708,0.0,0.02913704572367769,0.024199991666639525
BC,SA,2032-01-01T00:00:00,M,91,-99.53407609808619,57300.0,5000.0,-0.0017370693908915565,79662.15865021785,5066.400710849708,0.0,0.01964591467961343,0.01990681521961724
BC,SA,2032-01-01T00:00:00,M,92,-63.17025114081389,57300.0,3999.9999999999995,-0.0011024476638885495,79662.15865021785,5066.400710849708,0.0,0.012468467210959974,0.015792562785203475
BC,SA,2032-01-01T00:00:00,M,93,-125.14704483150899,57300.0,3100.0,-0.002184067100026335,79662.15865021785,5066.400710849708,0.0,0.024701371244383874,0.04037001446177709
BC,SA,2032-01-01T00:00:00,M,94,-12.561039747981795,57300.0,2399.9999999999995,-0.00021921535336791962,79662.15865021785,5066.400710849708,0.0,0.0024792827225612653,0.005233766561659082
BC,SA,2032-01-01T00:00:00,M,95,-72.56081837687952,57300.0,1800.0,-0.001266331908846065,79662.15865021785,5066.400710849708,0.0,0.014321965931650525,0.04031156576493307
BC,SA,2032-01-01T00:00:00,M,96,-36.029739568327386,57300.0,1400.0,-0.0006287912664629562,79662.15865021785,5066.400710849708,0.0,0.007111506101593903,0.02573552826309099
BC,SA,2032-01-01T00:00:00,M,97,-13.200873738196606,57300.0,999.9999999999999,-0.00023038174063170342,79662.15865021785,5066.400710849708,0.0,0.0026055723760512873,0.013200873738196606
BC,SA,2032-01-01T00:00:00,M,98,15.797214568632171,57300.0,700.0,0.00027569309892900825,79662.15865021785,5066.400710849708,0.0001983026174070287,0.0,0.0
BC,SA,2032-01-01T00:00:00,M,99,-18.310688843610478,57300.0,500.0,-0.0003195582695219979,79662.15865021785,5066.400710849708,0.0,0.0036141414563593635,0.03662137768722096
BC,SA,2032-01-01T00:00:00,M,100,439.9040346599311,57300.0,800.0,0.007677208283768431,79662.15865021785,5066.400710849708,0.005522120441042405,0.0,0.0
BC,SA,2033-01-01T00:00:00,F,1,483.59878577916606,58100.0,28300.0,0.008323559135613874,80375.58899251196,5143.922172128416,0.006016737069562497,0.0,0.0
BC,SA,2033-01-01T00:00:00,F,2,403.69766548486587,58100.0,28300.0,0.006948324707140549,80375.58899251196,5143.922172128416,0.005022640213839996,0.0,0.0
BC,SA,2033-01-01T00:00:00,F,3,302.95812205232505,58100.0,28199.999999999996,0.00521442550864587,80375.58899251196,5143.922172128416,0.003769280273399298,0.0,0.0
BC,SA,2033-01-01T00:00:00,F,4,302.45626049890416,58100.0,28100.0,0.00520578761616014,80375.58899251196,5143.922172128416,0.0037630363184907043,0.0,0.0
BC,SA,2033-01-01T00:00:00,F,5,402.1947280479726,58100.0,27999.999999999996,0.006922456592908306,80375.58899251196,5143.922172128416,0.005003941284777924,0.0,0.0
BC,SA,2033-01-01T00:00:00,F,6,501.9437987448364,58100.0,27999.999999999996,0.008639308067897356,80375.58899251196,5143.922172128416,0.00624497817106633,0.0,0.0
BC,SA,2033-01-01T00:00:00,F,7,401.70082192088375,58100.0,27900.000000000004,0.0069139556268654695,80375.58899251196,5143.922172128416,0.00499779630800973,0.0,0.0
BC,SA,2033-01-01T00:00:00,F,8,401.4472431489703,58100.0,27700.0,0.006909591104113086,80375.58899251196,5143.922172128416,0.0049946413852888895,0.0,0.0
BC,SA,2033-01-01T00:00:00,F,9,401.43664063505275,58100.0,27499.999999999996,0.006909408616782319,80375.58899251196,5143.922172128416,0.004994509473174149,0.0,0.0
BC,SA,2033-01-01T00:00:00,F,10,401.42603812114976,58100.0,27300.0,0.006909226129451803,80375.58899251196,5143.922172128416,0.004994377561059588,0.0,0.0
BC,SA,2033-01-01T00:00:00,F,11,301.41543560723585,58100.0,27000.0,0.005187873246251908,80375.58899251196,5143.922172128416,0.003750086803535793,0.0,0.0
BC,SA,2033-01-01T00:00:00,F,12,301.57094097419395,58100.0,25700.0,0.005190549758591978,80375.58899251196,5143.922172128416,0.003752021537313888,0.0,0.0
BC,SA,2033-01-01T00:00:00,F,13,501.8236366406127,58100.0,26300.000000000004,0.008637239873332404,80375.58899251196,5143.922172128416,0.006243483163617802,0.0,0.0
BC,SA,2033-01-01T00:00:00,F,14,702.1152089157986,58100.0,27300.0,0.012084599120753848,80375.58899251196,5143.922172128416,0.008735428476688486,0.0,0.0
BC,SA,2033-01-01T00:00:00,F,15,1302.9475194643273,58100.0,29100.0,0.02242594697873197,80375.58899251196,5143.922172128416,0.016210736814453876,0.0,0.0
BC,SA,2033-01-01T00:00:00,F,16,2304.4009831975127,58100.0,31600.000000000004,0.03966266752491416,80375.58899251196,5143.922172128416,0.028670408666146112,0.0,0.0
BC,SA,2033-01-01T00:00:00,F,17,1806.658518322838,58100.0,33200.0,0.031095671571821654,80375.58899251196,5143.922172128416,0.022477701762050568,0.0,0.0
BC,SA,2033-01-01T00:00:00,F,18,2608.747318477086,58100.0,35600.0,0.04490098654865897,80375.58899251196,5143.922172128416,0.032456960517205355,0.0,0.0
BC,SA,2033-01-01T00:00:00,F,19,5111.260263199554,58100.0,40500.0,0.08797349850601642,80375.58899251196,5143.922172128416,0.06359219667647767,0.0,0.0
BC,SA,2033-01-01T00:00:00,F,20,2814.671826685262,58100.0,43300.0,0.048445298221777316,80375.58899251196,5143.922172128416,0.035018988500942566,0.0,0.0
BC,SA,2033-01-01T00:00:00,F,21,717.0973302611455,58100.0,43700.00000000001,0.012342466958023159,80375.58899251196,5143.922172128416,0.008921829864636546,0.0,0.0
BC,SA,2033-01-01T00:00:00,F,22,-381.7203718688543,58100.0,42700.0,-0.006570058035608508,80375.58899251196,5143.922172128416,0.0,0.07420803797093779,0.008939587163205018
BC,SA,2033-01-01T00:00:00,F,23,-80.66795333938353,58100.0,42800.0,-0.0013884329318310418,80375.58899251196,5143.922172128416,0.0,0.015682187762573654,0.0018847652649388676
BC,SA,2033-01-01T00:00:00,F,24,119.94972193619469,58100.0,42700.0,0.002064539103893196,80375.58899251196,5143.922172128416,0.001492365075512785,0.0,0.0
BC,SA,2033-01-01T00:00:00,F,25,519.9497219361947,58100.0,43100.0,0.00894922068736996,80375.58899251196,5143.922172128416,0.006469000457149183,0.0,0.0
BC,SA,2033-01-01T00:00:00,F,26,219.7155702702803,58100.0,42300.0,0.003781679350607234,80375.58899251196,5143.922172128416,0.002733610702258738,0.0,0.0
BC,SA,2033-01-01T00:00:00,F,27,519.7058737187035,58100.0,41800.0,0.008945023644039648,80375.58899251196,5143.922172128416,0.006465966597981894,0.0,0.0
BC,SA,2033-01-01T00:00:00,F,28,520.0222230539293,58100.0,41699.99999999999,0.008950468555145084,80375.58899251196,5143.922172128416,0.006469902486218499,0.0,0.0
BC,SA,2033-01-01T00:00:00,F,29,720.8510820936572,58100.0,42100.0,0.012407075423298747,80375.58899251196,5143.922172128416,0.008968532500095446,0.0,0.0
BC,SA,2033-01-01T00:00:00,F,30,621.3220880613007,58100.0,41500.0,0.010694011842707414,80375.58899251196,5143.922172128416,0.0077302337170951875,0.0,0.0
BC,SA,2033-01-01T00:00:00,F,31,822.2419906369105,58100.0,41400.0,0.01415218572524803,80375.58899251196,5143.922172128416,0.010229996457176982,0.0,0.0
BC,SA,2033-01-01T00:00:00,F,32,425.13501562523015,58100.0,43500.0,0.007317298031415321,80375.58899251196,5143.922172128416,0.0052893549018326585,0.0,0.0
BC,SA,2033-01-01T00:00:00,F,33,427.52441061833815,58100.0,44900.0,0.007358423590677077,80375.58899251196,5143.922172128416,0.005319082770991174,0.0,0.0
BC,SA,2033-01-01T00:00:00,F,34,629.7556958410278,58100.0,45500.00000000001,0.010839168603115797,80375.58899251196,5143.922172128416,0.007835161194273771,0.0,0.0
BC,SA,2033-01-01T00:00:00,F,35,632.0223518115963,58100.0,45900.0,0.010878181614657423,80375.58899251196,5143.922172128416,0.007863361995026593,0.0,0.0
BC,SA,2033-01-01T00:00:00,F,36,634.8245915267689,58100.0,45900.00000000001,0.010926412935056263,80375.58899251196,5143.922172128416,0.007898226308312481,0.0,0.0
BC,SA,2033-01-01T00:00:00,F,37,438.70667693747237,58100.0,47000.0,0.007550889448149266,80375.58899251196,5143.922172128416,0.005458207926517885,0.0,0.0
BC,SA,2033-01-01T00:00:00,F,38,341.50018044216995,58100.0,46800.0,0.005877800007610498,80375.58899251196,5143.922172128416,0.004248804702059293,0.0,0.0
BC,SA,2033-01-01T00:00:00,F,39,443.4612320294618,58100.0,46800.0,0.00763272344284788,80375.58899251196,5143.922172128416,0.00551736214425472,0.0,0.0
BC,SA,2033-01-01T00:00:00,F,40,345.8058109430058,58100.0,47000.00000000001,0.005951907245146399,80375.58899251196,5143.922172128416,0.004302373584786074,0.0,0.0
BC,SA,2033-01-01T00:00:00,F,41,347.86317320510716,58100.0,47400.00000000001,0.005987317955337473,80375.58899251196,5143.922172128416,0.004327970439352117,0.0,0.0
BC,SA,2033-01-01T00:00:00,F,42,349.52820998938114,58100.0,47400.0,0.006015976075548729,80375.58899251196,5143.922172128416,0.004348686141782977,0.0,0.0
BC,SA,2033-01-01T00:00:00,F,43,451.19326228913997,58100.0,47500.0,0.007765804858677108,80375.58899251196,5143.922172128416,0.005613560882660214,0.0,0.0
BC,SA,2033-01-01T00:00:00,F,44,352.25661350544397,58100.0,46500.0,0.0060629365491470565,80375.58899251196,5143.922172128416,0.004382631815466526,0.0,0.0
BC,SA,2033-01-01T00:00:00,F,45,353.7592254715564,58100.0,45700.0,0.006088799061472572,80375.58899251196,5143.922172128416,0.004401326695155089,0.0,0.0
BC,SA,2033-01-01T00:00:00,F,46,255.44661230011116,58100.0,44700.0,0.004396671468160261,80375.58899251196,5143.922172128416,0.003178161622229722,0.0,0.0
BC,SA,2033-01-01T00:00:00,F,47,258.06896957596473,58100.0,44600.0,0.004441806705266174,80375.58899251196,5143.922172128416,0.003210787912235483,0.0,0.0
BC,SA,2033-01-01T00:00:00,F,48,160.35217088714853,58100.0,43600.0,0.0027599340944431763,80375.58899251196,5143.922172128416,0.0019950357178979733,0.0,0.0
BC,SA,2033-01-01T00:00:00,F,49,163.163950732378,58100.0,42900.00000000001,0.0028083296167362823,80375.58899251196,5143.922172128416,0.002030018725555826,0.0,0.0
BC,SA,2033-01-01T00:00:00,F,50,166.43813581285212,58100.0,42100.0,0.002864683921047369,80375.58899251196,5143.922172128416,0.00207075478884961,0.0,0.0
BC,SA,2033-01-01T00:00:00,F,51,170.4416564631174,58100.0,41400.00000000001,0.002933591333272244,80375.58899251196,5143.922172128416,0.002120564945147665,0.0,0.0
BC,SA,2033-01-01T00:00:00,F,52,172.97660069942503,58100.0,39800.00000000001,0.002977222043019364,80375.58899251196,5143.922172128416,0.002152103678089875,0.0,0.0
BC,SA,2033-01-01T00:00:00,F,53,176.8099755209987,58100.0,38900.00000000001,0.0030432009556109934,80375.58899251196,5143.922172128416,0.002199796950010169,0.0,0.0
BC,SA,2033-01-01T00:00:00,F,54,279.13417509626015,58100.0,37200.0,0.004804374786510502,80375.58899251196,5143.922172128416,0.0034728725300198445,0.0,0.0
BC,SA,2033-01-01T00:00:00,F,55,183.1290559098925,58100.0,36000.0,0.0031519630965558087,80375.58899251196,5143.922172128416,0.0022784163476171028,0.0,0.0
BC,SA,2033-01-01T00:00:00,F,56,289.10763812930236,58100.0,35700.00000000001,0.004976035079678182,80375.58899251196,5143.922172128416,0.0035969582525390456,0.0,0.0
BC,SA,2033-01-01T00:00:00,F,57,197.45724399923347,58100.0,35900.00000000001,0.0033985756282140013,80375.58899251196,5143.922172128416,0.0024566817671174915,0.0,0.0
BC,SA,2033-01-01T00:00:00,F,58,304.2112752324538,58100.0,35500.0,0.005235994410197139,80375.58899251196,5143.922172128416,0.0037848714895363945,0.0,0.0
BC,SA,2033-01-01T00:00:00,F,59,212.94252704533574,58100.0,35300.00000000001,0.003665103735720064,80375.58899251196,5143.922172128416,0.0026493432858722085,0.0,0.0
BC,SA,2033-01-01T00:00:00,F,60,223.91485091170762,58100.0,35500.0,0.003853956125846947,80375.58899251196,5143.922172128416,0.0027858564238026078,0.0,0.0
BC,SA,2033-01-01T00:00:00,F,61,236.39640345907537,58100.0,35900.0,0.004068784913237098,80375.58899251196,5143.922172128416,0.002941146763865069,0.0,0.0
BC,SA,2033-01-01T00:00:00,F,62,158.22218153971335,58100.0,38000.0,0.002723273348359954,80375.58899251196,5143.922172128416,0.001968535267025587,0.0,0.0
BC,SA,2033-01-01T00:00:00,F,63,273.01189294346113,58100.0,38100.0,0.004698999878544942,80375.58899251196,5143.922172128416,0.0033967016150748927,0.0,0.0
BC,SA,2033-01-01T00:00:00,F,64,188.48675404972164,58100.0,37800.0,0.0032441782108385826,80375.58899251196,5143.922172128416,0.0023450746229341057,0.0,0.0
BC,SA,2033-01-01T00:00:00,F,65,199.44291032110777,58100.0,36499.99999999999,0.0034327523291068462,80375.58899251196,5143.922172128416,0.0024813866103014,0.0,0.0
BC,SA,2033-01-01T00:00:00,F,66,13.426000370905967,58100.0,35400.0,0.0002310843437333213,80375.58899251196,5143.922172128416,0.0001670407711992851,0.0,0.0
BC,SA,2033-01-01T00:00:00,F,67,141.78195628218964,58100.0,36600.00000000001,0.0024403090582132466,80375.58899251196,5143.922172128416,0.0017639927502789247,0.0,0.0
BC,SA,2033-01-01T00:00:00,F,68,76.29838561548968,58100.0,37900.00000000001,0.0013132252257399256,80375.58899251196,5143.922172128416,0.0009492731135394588,0.0,0.0
BC,SA,2033-01-01T00:00:00,F,69,218.2244549136085,58100.0,39700.0,0.0037560147145199395,80375.58899251196,5143.922172128416,0.0027150588586534524,0.0,0.0
BC,SA,2033-01-01T00:00:00,F,70,250.11829488899093,58100.0,39600.00000000001,0.004304962046282116,80375.58899251196,5143.922172128416,0.0031118688898477964,0.0,0.0
BC,SA,2033-01-01T00:00:00,F,71,172.07671178674354,58100.0,38000.0,0.002961733421458581,80375.58899251196,5143.922172128416,0.0021409076305838924,0.0,0.0
BC,SA,2033-01-01T00:00:00,F,72,11.672366239828989,58100.0,37800.00000000001,0.00020090131221736643,80375.58899251196,5143.922172128416,0.00014522277704137786,0.0,0.0
BC,SA,2033-01-01T00:00:00,F,73,148.85618848099693,58100.0,37300.0,0.002562068648554164,80375.58899251196,5143.922172128416,0.0018520074359251644,0.0,0.0
BC,SA,2033-01-01T00:00:00,F,74,184.61246053362265,58100.0,36300.0,0.003177495017790407,80375.58899251196,5143.922172128416,0.002296872257456449,0.0,0.0
BC,SA,2033-01-01T00:00:00,F,75,127.8731695637689,58100.0,35500.0,0.0022009151387912033,80375.58899251196,5143.922172128416,0.0015909453500326071,0.0,0.0
BC,SA,2033-01-01T00:00:00,F,76,65.85189145708864,58100.0,34100.0,0.0011334232608793226,80375.58899251196,5143.922172128416,0.0008193021324325675,0.0,0.0
BC,SA,2033-01-01T00:00:00,F,77,-89.9946460442734,58100.0,32800.0,-0.0015489612055812976,80375.58899251196,5143.922172128416,0.0,0.017495335861008186,0.002743739208666872
BC,SA,2033-01-01T00:00:00,F,78,-44.15300137509621,58100.0,31599.999999999996,-0.0007599483885558728,80375.58899251196,5143.922172128416,0.0,0.008583528268435463,0.001397246878958741
BC,SA,2033-01-01T00:00:00,F,79,-10.880648439047945,58100.0,29699.999999999996,-0.00018727449981149647,80375.58899251196,5143.922172128416,0.0,0.0021152435971918734,0.00036635179929454364
BC,SA,2033-01-01T00:00:00,F,80,17.255089531587146,58100.0,27600.0,0.0002969894927984018,80375.58899251196,5143.922172128416,0.00021468072269050103,0.0,0.0
BC,SA,2033-01-01T00:00:00,F,81,-150.79608292739067,58100.0,25500.000000000004,-0.002595457537476604,80375.58899251196,5143.922172128416,0.0,0.02931538967375071,0.005913571879505516
BC,SA,2033-01-01T00:00:00,F,82,-210.95075029650252,58100.0,23800.0,-0.003630821863967341,80375.58899251196,5143.922172128416,0.0,0.041009708785935385,0.00886347690321439
BC,SA,2033-01-01T00:00:00,F,83,-157.19676030541086,58100.0,22600.000000000004,-0.0027056241016421836,80375.58899251196,5143.922172128416,0.0,0.03055970814588882,0.006955608863071276
BC,SA,2033-01-01T00:00:00,F,84,-132.8205389731811,58100.0,20600.0,-0.0022860677964402945,80375.58899251196,5143.922172128416,0.0,0.02582086869293039,0.006447598979280636
BC,SA,2033-01-01T00:00:00,F,85,-178.19432262919872,58100.0,19300.000000000004,-0.0030670279282134032,80375.58899251196,5143.922172128416,0.0,0.03464172214632608,0.009232866457471435
BC,SA,2033-01-01T00:00:00,F,86,-132.14178804733456,58100.0,17900.0,-0.0022743853364429354,80375.58899251196,5143.922172128416,0.0,0.025688916672053353,0.007382222795940478
BC,SA,2033-01-01T00:00:00,F,87,-54.74750441684955,58100.0,13800.000000000002,-0.0009422978384999922,80375.58899251196,5143.922172128416,0.0,0.01064314400273994,0.003967210464989097
BC,SA,2033-01-01T00:00:00,F,88,-161.41882931639338,58100.0,11900.0,-0.0027782931035523818,80375.58899251196,5143.922172128416,0.0,0.03138049603297218,0.013564607505579276
BC,SA,2033-01-01T00:00:00,F,89,-238.99792047761366,58100.0,10600.000000000002,-0.0041135614540036775,80375.58899251196,5143.922172128416,0.0,0.04646219605976713,0.022546973629963548
BC,SA,2033-01-01T00:00:00,F,90,-157.35855349744452,58100.0,9100.0,-0.0027084088381659987,80375.58899251196,5143.922172128416,0.0,0.03059116141960091,0.017292148735982914
BC,SA,2033-01-01T00:00:00,F,91,-204.30257042098674,58100.0,7400.000000000001,-0.0035163953600858304,80375.58899251196,5143.922172128416,0.0,0.03971727479236955,0.0276084554622955
BC,SA,2033-01-01T00:00:00,F,92,-126.85135633058235,58100.0,6300.0,-0.0021833279919205224,80375.58899251196,5143.922172128416,0.0,0.024660434603367004,0.02013513592548926
BC,SA,2033-01-01T00:00:00,F,93,-97.40452458237996,58100.0,5000.0,-0.0016764978413490528,80375.58899251196,5143.922172128416,0.0,0.018935847262649505,0.019480904916475993
BC,SA,2033-01-01T00:00:00,F,94,-160.69677496653048,58100.0,3900.0,-0.002765865317840456,80375.58899251196,5143.922172128416,0.0,0.031240125645221127,0.04120430127346936
BC,SA,2033-01-01T00:00:00,F,95,-107.18813169440091,58100.0,3200.0,-0.00184489039060931,80375.58899251196,5143.922172128416,0.0,0.020837821434232424,0.033496291154500285
BC,SA,2033-01-01T00:00:00,F,96,-79.04374603049064,58100.0,2500.0,-0.0013604775564628336,80375.58899251196,5143.922172128416,0.0,0.01536643506365192,0.03161749841219626
BC,SA,2033-01-01T00:00:00,F,97,-54.31157917654332,58100.0,1900.0,-0.0009347948223157197,80375.58899251196,5143.922172128416,0.0,0.010558398311471859,0.028585041671864906
BC,SA,2033-01-01T00:00:00,F,98,-32.06899817532553,58100.0,1400.0000000000002,-0.0005519621028455341,80375.58899251196,5143.922172128416,0.0,0.006234347469152367,0.02290642726808966
BC,SA,2033-01-01T00:00:00,F,99,-8.721446211304965,58100.0,1000.0000000000001,-0.00015011095028063623,80375.58899251196,5143.922172128416,0.0,0.0016954856468398445,0.008721446211304964
BC,SA,2033-01-01T00:00:00,F,100,1244.5389788272369,58100.0,2000.0,0.02142063646862714,80375.58899251196,5143.922172128416,0.015484041789643146,0.0,0.0
BC,SA,2033-01-01T00:00:00,M,1,490.1824632812968,58100.0,29800.0,0.008436875443740048,80375.58899251196,5143.922172128416,0.006098648475558465,0.0,0.0
BC,SA,2033-01-01T00:00:00,M,2,405.80733432662964,58100.0,29800.0,0.006984635702695863,80375.58899251196,5143.922172128416,0.00504888784534364,0.0,0.0
BC,SA,2033-01-01T00:00:00,M,3,504.0398448153355,58100.0,29900.000000000004,0.008675384592346567,80375.58899251196,5143.922172128416,0.006271056313656295,0.0,0.0
BC,SA,2033-01-01T00:00:00,M,4,502.77737370061004,58100.0,29900.0,0.008653655313263512,80375.58899251196,5143.922172128416,0.0062553491676117035,0.0,0.0
BC,SA,2033-01-01T00:00:00,M,5,602.2723902464058,58100.0,30000.000000000004,0.010366134083414903,80375.58899251196,5143.922172128416,0.007493225216707469,0.0,0.0
BC,SA,2033-01-01T00:00:00,M,6,601.7674096445517,58100.0,30000.000000000004,0.010357442506790906,80375.58899251196,5143.922172128416,0.0074869424558819,0.0,0.0
BC,SA,2033-01-01T00:00:00,M,7,501.5200732037629,58100.0,29999.999999999996,0.008632015029324662,80375.58899251196,5143.922172128416,0.006239706352266807,0.0,0.0
BC,SA,2033-01-01T00:00:00,M,8,501.51492041325037,58100.0,29900.0,0.008631926341019799,80375.58899251196,5143.922172128416,0.00623964224336786,0.0,0.0
BC,SA,2033-01-01T00:00:00,M,9,501.50461483221443,58100.0,29700.000000000004,0.008631748964409887,80375.58899251196,5143.922172128416,0.006239514025569831,0.0,0.0
BC,SA,2033-01-01T00:00:00,M,10,501.4994620416837,58100.0,29600.0,0.008631660276104711,80375.58899251196,5143.922172128416,0.006239449916670657,0.0,0.0
BC,SA,2033-01-01T00:00:00,M,11,501.48915646064415,58100.0,29400.0,0.008631482899494737,80375.58899251196,5143.922172128416,0.006239321698872583,0.0,0.0
BC,SA,2033-01-01T00:00:00,M,12,401.8962322671614,58100.0,28000.0,0.006917318971896065,80375.58899251196,5143.922172128416,0.005000227523117788,0.0,0.0
BC,SA,2033-01-01T00:00:00,M,13,502.1873688426276,58100.0,28799.999999999996,0.008643500324313729,80375.58899251196,5143.922172128416,0.006248008569982771,0.0,0.0
BC,SA,2033-01-01T00:00:00,M,14,702.9680324872024,58100.0,29500.0,0.012099277667593845,80375.58899251196,5143.922172128416,0.008746038956587841,0.0,0.0
BC,SA,2033-01-01T00:00:00,M,15,1404.0810677216105,58100.0,31100.0,0.02416662767162841,80375.58899251196,5143.922172128416,0.017468998800772944,0.0,0.0
BC,SA,2033-01-01T00:00:00,M,16,2106.472069400519,58100.0,33500.0,0.036255973655774855,80375.58899251196,5143.922172128416,0.026207858577518662,0.0,0.0
BC,SA,2033-01-01T00:00:00,M,17,1809.6944998763502,58100.0,35000.0,0.031147925987544754,80375.58899251196,5143.922172128416,0.022515474195093574,0.0,0.0
BC,SA,2033-01-01T00:00:00,M,18,2713.6427642382478,58100.0,38000.0,0.046706415907715106,80375.58899251196,5143.922172128416,0.033762026484074156,0.0,0.0
BC,SA,2033-01-01T00:00:00,M,19,5418.260228261242,58100.0,42700.0,0.09325749101998695,80375.58899251196,5143.922172128416,0.06741176389719551,0.0,0.0
BC,SA,2033-01-01T00:00:00,M,20,3525.2457666859264,58100.0,46100.0,0.06067548651783006,80375.58899251196,5143.922172128416,0.04385965702863278,0.0,0.0
BC,SA,2033-01-01T00:00:00,M,21,1131.5152281329938,58100.0,46399.99999999999,0.019475305131376828,80375.58899251196,5143.922172128416,0.014077846797967593,0.0,0.0
BC,SA,2033-01-01T00:00:00,M,22,-63.495723692125466,58100.0,45600.0,-0.0010928695988317637,80375.58899251196,5143.922172128416,0.0,0.012343834445273625,0.0013924500809676637
BC,SA,2033-01-01T00:00:00,M,23,-259.1773794111941,58100.0,45400.0,-0.004460884327215045,80375.58899251196,5143.922172128416,0.0,0.05038516733699988,0.005708752850466831
BC,SA,2033-01-01T00:00:00,M,24,-156.22644215583568,58100.0,44900.0,-0.0026889232729059498,80375.58899251196,5143.922172128416,0.0,0.03037107423637271,0.00347943078298075
BC,SA,2033-01-01T00:00:00,M,25,45.17828828631173,58100.0,44200.0,0.0007775953233444359,80375.58899251196,5143.922172128416,0.0005620896699185704,0.0,0.0
BC,SA,2033-01-01T00:00:00,M,26,246.16817318432732,58100.0,43200.0,0.004236973720900642,80375.58899251196,5143.922172128416,0.003062723101254799,0.0,0.0
BC,SA,2033-01-01T00:00:00,M,27,447.7336387996038,58100.0,42500.0,0.007706258843366675,80375.58899251196,5143.922172128416,0.005570517670997298,0.0,0.0
BC,SA,2033-01-01T00:00:00,M,28,449.90727886558307,58100.0,42200.00000000001,0.007743670892695061,80375.58899251196,5143.922172128416,0.005597561206145536,0.0,0.0
BC,SA,2033-01-01T00:00:00,M,29,453.2664885383783,58100.0,42300.0,0.007801488615118387,80375.58899251196,5143.922172128416,0.005639355110425456,0.0,0.0
BC,SA,2033-01-01T00:00:00,M,30,556.1877823678515,58100.0,41900.0,0.009572939455556824,80375.58899251196,5143.922172128416,0.006919859491414336,0.0,0.0
BC,SA,2033-01-01T00:00:00,M,31,659.5800562424047,58100.0,41400.0,0.01135249666510163,80375.58899251196,5143.922172128416,0.008206223612294191,0.0,0.0
BC,SA,2033-01-01T00:00:00,M,32,367.38261225793394,58100.0,43400.0,0.006323280761754457,80375.58899251196,5143.922172128416,0.0045708232669021,0.0,0.0
BC,SA,2033-01-01T00:00:00,M,33,474.6063435549877,58100.0,45400.0,0.008168783882185674,80375.58899251196,5143.922172128416,0.005904856804212079,0.0,0.0
BC,SA,2033-01-01T00:00:00,M,34,580.2616948380819,58100.0,46299.99999999999,0.009987292510121891,80375.58899251196,5143.922172128416,0.007219377202848752,0.0,0.0
BC,SA,2033-01-01T00:00:00,M,35,584.3207460241974,58100.0,46800.0,0.010057155697490489,80375.58899251196,5143.922172128416,0.007269878247220491,0.0,0.0
BC,SA,2033-01-01T00:00:00,M,36,688.7989838286812,58100.0,47799.99999999999,0.011855404196707078,80375.58899251196,5143.922172128416,0.00856975348439253,0.0,0.0
BC,SA,2033-01-01T00:00:00,M,37,392.7789212653588,58100.0,48300.0,0.006760394514033714,80375.58899251196,5143.922172128416,0.004886793691825404,0.0,0.0
BC,SA,2033-01-01T00:00:00,M,38,496.8794698497077,58100.0,48800.0,0.00855214233820495,80375.58899251196,5143.922172128416,0.006181969875156978,0.0,0.0
BC,SA,2033-01-01T00:00:00,M,39,300.62287451112206,58100.0,48600.0,0.005174231919296421,80375.58899251196,5143.922172128416,0.003740226084553222,0.0,0.0
BC,SA,2033-01-01T00:00:00,M,40,404.1328474382972,58100.0,48399.99999999999,0.006955814930091174,80375.58899251196,5143.922172128416,0.005028054568607236,0.0,0.0
BC,SA,2033-01-01T00:00:00,M,41,308.90596358146286,58100.0,48399.99999999999,0.005316797996238604,80375.58899251196,5143.922172128416,0.0038432808698949817,0.0,0.0
BC,SA,2033-01-01T00:00:00,M,42,314.05412816470925,58100.0,48300.0,0.005405406680976063,80375.58899251196,5143.922172128416,0.00390733221493366,0.0,0.0
BC,SA,2033-01-01T00:00:00,M,43,319.5927011372405,58100.0,48200.0,0.005500734959332883,80375.58899251196,5143.922172128416,0.003976240860480845,0.0,0.0
BC,SA,2033-01-01T00:00:00,M,44,323.16075423129223,58100.0,47200.0,0.005562147232896596,80375.58899251196,5143.922172128416,0.004020633108659383,0.0,0.0
BC,SA,2033-01-01T00:00:00,M,45,325.0965177239341,58100.0,45700.0,0.005595465021065991,80375.58899251196,5143.922172128416,0.004044717081379287,0.0,0.0
BC,SA,2033-01-01T00:00:00,M,46,329.71858143852296,58100.0,45000.0,0.0056750186133997065,80375.58899251196,5143.922172128416,0.004102222895924788,0.0,0.0
BC,SA,2033-01-01T00:00:00,M,47,236.650645342379,58100.0,44900.0,0.0040731608492664195,80375.58899251196,5143.922172128416,0.0029443099367449255,0.0,0.0
BC,SA,2033-01-01T00:00:00,M,48,241.0759879798352,58100.0,44000.0,0.004149328536658093,80375.58899251196,5143.922172128416,0.002999368228608497,0.0,0.0
BC,SA,2033-01-01T00:00:00,M,49,145.2682578065287,58100.0,42799.99999999999,0.002500314247960907,80375.58899251196,5143.922172128416,0.0018073678790716215,0.0,0.0
BC,SA,2033-01-01T00:00:00,M,50,148.7056654093467,58100.0,41500.0,0.002559477890005967,80375.58899251196,5143.922172128416,0.0018501346898148465,0.0,0.0
BC,SA,2033-01-01T00:00:00,M,51,252.7220432464528,58100.0,40400.0,0.00434977699219368,80375.58899251196,5143.922172128416,0.0031442636553493525,0.0,0.0
BC,SA,2033-01-01T00:00:00,M,52,156.11352393335983,58100.0,38900.0,0.0026869797578891537,80375.58899251196,5143.922172128416,0.0019423002168967478,0.0,0.0
BC,SA,2033-01-01T00:00:00,M,53,159.09921226893493,58100.0,37399.99999999999,0.002738368541633992,80375.58899251196,5143.922172128416,0.0019794469224201534,0.0,0.0
BC,SA,2033-01-01T00:00:00,M,54,160.62714518687426,58100.0,35600.0,0.002764666870686304,80375.58899251196,5143.922172128416,0.0019984568349706126,0.0,0.0
BC,SA,2033-01-01T00:00:00,M,55,164.79211747423687,58100.0,34300.0,0.002836353140692545,80375.58899251196,5143.922172128416,0.0020502757060926725,0.0,0.0
BC,SA,2033-01-01T00:00:00,M,56,173.36813033939688,58100.0,33900.0,0.0029839609352736124,80375.58899251196,5143.922172128416,0.002156974928737983,0.0,0.0
BC,SA,2033-01-01T00:00:00,M,57,280.92720796342473,58100.0,33299.99999999999,0.004835235937408343,80375.58899251196,5143.922172128416,0.0034951807070377648,0.0,0.0
BC,SA,2033-01-01T00:00:00,M,58,192.04612249559432,58100.0,33000.0,0.003305441006808852,80375.58899251196,5143.922172128416,0.002389358820294131,0.0,0.0
BC,SA,2033-01-01T00:00:00,M,59,102.90275903975635,58100.0,32499.999999999996,0.0017711318251248942,80375.58899251196,5143.922172128416,0.0012802737787631403,0.0,0.0
BC,SA,2033-01-01T00:00:00,M,60,216.82471886707208,58100.0,32499.999999999996,0.003731922872066645,80375.58899251196,5143.922172128416,0.0026976439188180898,0.0,0.0
BC,SA,2033-01-01T00:00:00,M,61,235.3516870056992,58100.0,32900.0,0.004050803562920813,80375.58899251196,5143.922172128416,0.002928148831700945,0.0,0.0
BC,SA,2033-01-01T00:00:00,M,62,265.98048750574526,58100.0,34600.0,0.00457797740973744,80375.58899251196,5143.922172128416,0.0033092197623649745,0.0,0.0
BC,SA,2033-01-01T00:00:00,M,63,187.06646641621046,58100.0,34600.0,0.0032197326405543967,80375.58899251196,5143.922172128416,0.002327403988711525,0.0,0.0
BC,SA,2033-01-01T00:00:00,M,64,203.834787318061,58100.0,34000.0,0.003508344015801394,80375.58899251196,5143.922172128416,0.002536028536438481,0.0,0.0
BC,SA,2033-01-01T00:00:00,M,65,219.26669279012276,58100.0,33100.0,0.003773953404305039,80375.58899251196,5143.922172128416,0.0027280259533843084,0.0,0.0
BC,SA,2033-01-01T00:00:00,M,66,239.815901520873,58100.0,32599.999999999996,0.004127640301564079,80375.58899251196,5143.922172128416,0.0029836907514695166,0.0,0.0
BC,SA,2033-01-01T00:00:00,M,67,181.5029391932112,58100.0,33700.0,0.0031239748570260103,80375.58899251196,5143.922172128416,0.0022581848726498364,0.0,0.0
BC,SA,2033-01-01T00:00:00,M,68,331.95402765162726,58100.0,35300.0,0.005713494451835237,80375.58899251196,5143.922172128416,0.004130035397719488,0.0,0.0
BC,SA,2033-01-01T00:00:00,M,69,184.78826679548365,58100.0,36300.0,0.003180520943123643,80375.58899251196,5143.922172128416,0.0022990595666141757,0.0,0.0
BC,SA,2033-01-01T00:00:00,M,70,231.41898552216298,58100.0,36599.99999999999,0.003983115069228278,80375.58899251196,5143.922172128416,0.002879219778329994,0.0,0.0
BC,SA,2033-01-01T00:00:00,M,71,251.89740930355765,58100.0,34900.0,0.00433558363689428,80375.58899251196,5143.922172128416,0.0031340038992065766,0.0,0.0
BC,SA,2033-01-01T00:00:00,M,72,195.20380000605655,58100.0,34399.99999999999,0.0033597900173159474,80375.58899251196,5143.922172128416,0.0024286453443500408,0.0,0.0
BC,SA,2033-01-01T00:00:00,M,73,133.10847221469885,58100.0,33400.0,0.002291023618153164,80375.58899251196,5143.922172128416,0.0016560808310480892,0.0,0.0
BC,SA,2033-01-01T00:00:00,M,74,163.9860522513227,58100.0,32000.0,0.0028224793847043492,80375.58899251196,5143.922172128416,0.002040246974322019,0.0,0.0
BC,SA,2033-01-01T00:00:00,M,75,114.07817491069,58100.0,31300.0,0.0019634797747106712,80375.58899251196,5143.922172128416,0.0014193137038326137,0.0,0.0
BC,SA,2033-01-01T00:00:00,M,76,39.16965617007736,58100.0,29400.0,0.0006741765261631215,80375.58899251196,5143.922172128416,0.00048733274195634856,0.0,0.0
BC,SA,2033-01-01T00:00:00,M,77,-14.818923711452953,58100.0,28299.999999999996,-0.0002550589279079682,80375.58899251196,5143.922172128416,0.0,0.0028808607936852363,0.0005236368802633553
BC,SA,2033-01-01T00:00:00,M,78,19.590075628238992,58100.0,26800.0,0.000337178582241635,80375.58899251196,5143.922172128416,0.00024373165875106763,0.0,0.0
BC,SA,2033-01-01T00:00:00,M,79,34.66584924259587,58100.0,24700.0,0.0005966583346402042,80375.58899251196,5143.922172128416,0.0004312982296879398,0.0,0.0
BC,SA,2033-01-01T00:00:00,M,80,-32.719571770125185,58100.0,23100.0,-0.0005631595829625677,80375.58899251196,5143.922172128416,0.0,0.00636082169893848,0.0014164316783603977
BC,SA,2033-01-01T00:00:00,M,81,-9.023703895432845,58100.0,21400.0,-0.00015531332005908513,80375.58899251196,5143.922172128416,0.0,0.001754245805725144,0.00042166840632863766
BC,SA,2033-01-01T00:00:00,M,82,20.332481743091193,58100.0,19899.999999999996,0.0003499566565075937,80375.58899251196,5143.922172128416,0.0002529683700978593,0.0,0.0
BC,SA,2033-01-01T00:00:00,M,83,-33.16844961132665,58100.0,18699.999999999996,-0.0005708855354789441,80375.58899251196,5143.922172128416,0.0,0.006448085430033333,0.0017737138829586447
BC,SA,2033-01-01T00:00:00,M,84,-124.10028225964925,58100.0,16800.0,-0.0021359773194431883,80375.58899251196,5143.922172128416,0.0,0.02412561428943625,0.00738692156307436
BC,SA,2033-01-01T00:00:00,M,85,-74.79582330145058,58100.0,15799.999999999998,-0.0012873635680111977,80375.58899251196,5143.922172128416,0.0,0.014540621105568185,0.004733912867180417
BC,SA,2033-01-01T00:00:00,M,86,-152.19961196302575,58100.0,14300.0,-0.0026196146637353828,80375.58899251196,5143.922172128416,0.0,0.02958824159270856,0.010643329507903898
BC,SA,2033-01-01T00:00:00,M,87,-109.47667779074618,58100.0,10799.999999999998,-0.0018842801685154248,80375.58899251196,5143.922172128416,0.0,0.021282724374005777,0.010136729425069092
BC,SA,2033-01-01T00:00:00,M,88,-147.76044232250388,58100.0,9100.0,-0.0025432089900603075,80375.58899251196,5143.922172128416,0.0,0.028725248434574312,0.016237411244231195
BC,SA,2033-01-01T00:00:00,M,89,-149.45804922244042,58100.0,7999.999999999999,-0.0025724276974602484,80375.58899251196,5143.922172128416,0.0,0.02905527032120681,0.018682256152805055
BC,SA,2033-01-01T00:00:00,M,90,-94.16269755115991,58100.0,6700.0,-0.0016207004742024081,80375.58899251196,5143.922172128416,0.0,0.01830562251920657,0.014054133962859688
BC,SA,2033-01-01T00:00:00,M,91,-73.10659778614172,58100.0,5299.999999999999,-0.0012582891185222327,80375.58899251196,5143.922172128416,0.0,0.014212228595187355,0.01379369769549844
BC,SA,2033-01-01T00:00:00,M,92,-131.38799924392515,58100.0,4200.0,-0.002261411346711276,80375.58899251196,5143.922172128416,0.0,0.02554237697370922,0.03128285696283932
BC,SA,2033-01-01T00:00:00,M,93,-102.66823475600222,58100.0,3299.9999999999995,-0.0017670952625817938,80375.58899251196,5143.922172128416,0.0,0.019959134551509144,0.031111586289697648
BC,SA,2033-01-01T00:00:00,M,94,-85.51003140110015,58100.0,2500.0,-0.001471773345974185,80375.58899251196,5143.922172128416,0.0,0.016623508004149763,0.03420401256044006
BC,SA,2033-01-01T00:00:00,M,95,-59.47804720640579,58100.0,1899.9999999999998,-0.0010237185405577588,80375.58899251196,5143.922172128416,0.0,0.011562781320580398,0.03130423537179253
BC,SA,2033-01-01T00:00:00,M,96,-40.430047103910965,58100.0,1400.0,-0.0006958700017884847,80375.58899251196,5143.922172128416,0.0,0.007859770375799078,0.02887860507422212
BC,SA,2033-01-01T00:00:00,M,97,-94.78830351889007,58100.0,1000.0000000000001,-0.0016314682189137706,80375.58899251196,5143.922172128416,0.0,0.018427242937789093,0.09478830351889006
BC,SA,2033-01-01T00:00:00,M,98,-62.989197112508464,58100.0,700.0,-0.001084151413296187,80375.58899251196,5143.922172128416,0.0,0.012245363558143657,0.08998456730358352
BC,SA,2033-01-01T00:00:00,M,99,-20.351135798542373,58100.0,500.0,-0.0003502777245876484,80375.58899251196,5143.922172128416,0.0,0.003956345978329921,0.04070227159708475
BC,SA,2033-01-01T00:00:00,M,100,438.375357715095,58100.0,800.0,0.007545186879777883,80375.58899251196,5143.922172128416,0.0054540857891061355,0.0,0.0
BC,SA,2034-01-01T00:00:00,F,1,483.7569150516065,58900.0,28700.000000000004,0.00821319040834646,81536.91008851276,5563.576219777034,0.005932980714212275,0.0,0.0
BC,SA,2034-01-01T00:00:00,F,2,403.7045291547329,58900.0,28700.000000000004,0.006854066708908878,81536.91008851276,5563.576219777034,0.0049511874894019115,0.0,0.0
BC,SA,2034-01-01T00:00:00,F,3,302.9636120023242,58900.0,28600.0,0.005143694601058136,81536.91008851276,5563.576219777034,0.0037156621666609726,0.0,0.0
BC,SA,2034-01-01T00:00:00,F,4,302.4609436284991,58900.0,28500.000000000004,0.005135160333251258,81536.91008851276,5563.576219777034,0.003709497248548679,0.0,0.0
BC,SA,2034-01-01T00:00:00,F,5,402.206992379899,58900.0,28500.0,0.006828641636331053,81536.91008851276,5563.576219777034,0.004932821122891233,0.0,0.0
BC,SA,2034-01-01T00:00:00,F,6,501.95478712370823,58900.0,28500.0,0.008522152582745472,81536.91008851276,5563.576219777034,0.006156166410755681,0.0,0.0
BC,SA,2034-01-01T00:00:00,F,7,401.710436555215,58900.0,28399.999999999996,0.006820211146947623,81536.91008851276,5563.576219777034,0.0049267311714306615,0.0,0.0
BC,SA,2034-01-01T00:00:00,F,8,401.46085058542303,58900.0,28300.000000000004,0.006815973694149797,81536.91008851276,5563.576219777034,0.004923670153181123,0.0,0.0
BC,SA,2034-01-01T00:00:00,F,9,401.4503785382112,58900.0,28099.999999999996,0.006815795900478968,81536.91008851276,5563.576219777034,0.0049235417199697045,0.0,0.0
BC,SA,2034-01-01T00:00:00,F,10,401.4399064910067,58900.0,27899.999999999996,0.0068156181068082635,81536.91008851276,5563.576219777034,0.0049234132867583755,0.0,0.0
BC,SA,2034-01-01T00:00:00,F,11,401.4294344437985,58900.0,27700.0,0.006815440313137496,81536.91008851276,5563.576219777034,0.004923284853547001,0.0,0.0
BC,SA,2034-01-01T00:00:00,F,12,401.6493495353898,58900.0,27400.000000000004,0.0068191740158809805,81536.91008851276,5563.576219777034,0.004925981976743754,0.0,0.0
BC,SA,2034-01-01T00:00:00,F,13,501.7942153242584,58900.0,26200.0,0.008519426406184354,81536.91008851276,5563.576219777034,0.006154197096499407,0.0,0.0
BC,SA,2034-01-01T00:00:00,F,14,702.0656192025308,58900.0,26999.999999999996,0.011919620020416482,81536.91008851276,5563.576219777034,0.008610402558061133,0.0,0.0
BC,SA,2034-01-01T00:00:00,F,15,1302.85889073016,58900.0,28600.0,0.022119845343466216,81536.91008851276,5563.576219777034,0.015978762125224463,0.0,0.0
BC,SA,2034-01-01T00:00:00,F,16,2204.3171619320274,58900.0,31300.0,0.037424739591375676,81536.91008851276,5563.576219777034,0.027034592794099276,0.0,0.0
BC,SA,2034-01-01T00:00:00,F,17,1806.6184855351275,58900.0,33400.0,0.03067263982232814,81536.91008851276,5563.576219777034,0.022157063390971583,0.0,0.0
BC,SA,2034-01-01T00:00:00,F,18,2608.692064819312,58900.0,35800.0,0.04429018785771327,81536.91008851276,5563.576219777034,0.031994002004582155,0.0,0.0
BC,SA,2034-01-01T00:00:00,F,19,5111.18457368057,58900.0,40700.0,0.08677732722717436,81536.91008851276,5563.576219777034,0.06268553184235337,0.0,0.0
BC,SA,2034-01-01T00:00:00,F,20,2914.491341172703,58900.0,43400.0,0.049482026165920255,81536.91008851276,5563.576219777034,0.03574444184859181,0.0,0.0
BC,SA,2034-01-01T00:00:00,F,21,817.004831137383,58900.0,44100.0,0.013871049764641477,81536.91008851276,5563.576219777034,0.010020061224425598,0.0,0.0
BC,SA,2034-01-01T00:00:00,F,22,-381.69388244194124,58900.0,43300.0,-0.006480371518538901,81536.91008851276,5563.576219777034,0.0,0.06860585123020711,0.008815101211130282
BC,SA,2034-01-01T00:00:00,F,23,-80.99476329874597,58900.0,42600.0,-0.0013751233157681829,81536.91008851276,5563.576219777034,0.0,0.0145580396671535,0.001901285523444741
BC,SA,2034-01-01T00:00:00,F,24,219.79684471389191,58900.0,42999.99999999999,0.0037316951564328,81536.91008851276,5563.576219777034,0.002695672971606239,0.0,0.0
BC,SA,2034-01-01T00:00:00,F,25,519.7505904038189,58900.0,43200.0,0.008824288461864498,81536.91008851276,5563.576219777034,0.006374420981118874,0.0,0.0
BC,SA,2034-01-01T00:00:00,F,26,219.9356076441327,58900.0,43300.0,0.0037340510635676177,81536.91008851276,5563.576219777034,0.002697374813509374,0.0,0.0
BC,SA,2034-01-01T00:00:00,F,27,619.934760307151,58900.0,42900.0,0.01052520815462056,81536.91008851276,5563.576219777034,0.0076031181416388975,0.0,0.0
BC,SA,2034-01-01T00:00:00,F,28,620.0639490011308,58900.0,42400.0,0.010527401511054853,81536.91008851276,5563.576219777034,0.007604702561429145,0.0,0.0
BC,SA,2034-01-01T00:00:00,F,29,720.7438546510457,58900.0,42400.0,0.01223673776996682,81536.91008851276,5563.576219777034,0.00883947961565675,0.0,0.0
BC,SA,2034-01-01T00:00:00,F,30,621.6777280487513,58900.0,42700.0,0.010554800136651126,81536.91008851276,5563.576219777034,0.00762449456784524,0.0,0.0
BC,SA,2034-01-01T00:00:00,F,31,722.4554158211686,58900.0,42200.00000000001,0.01226579653346636,81536.91008851276,5563.576219777034,0.008860470859600933,0.0,0.0
BC,SA,2034-01-01T00:00:00,F,32,423.84667342996545,58900.0,41800.0,0.007196038598131841,81536.91008851276,5563.576219777034,0.005198218487429273,0.0,0.0
BC,SA,2034-01-01T00:00:00,F,33,526.5749855357717,58900.0,43999.99999999999,0.008940152555785598,81536.91008851276,5563.576219777034,0.006458117985635534,0.0,0.0
BC,SA,2034-01-01T00:00:00,F,34,629.3897647354461,58900.0,45500.0,0.010685734545593312,81536.91008851276,5563.576219777034,0.007719077949510341,0.0,0.0
BC,SA,2034-01-01T00:00:00,F,35,631.7682033612509,58900.0,46100.0,0.010726115506982188,81536.91008851276,5563.576219777034,0.007748248034852341,0.0,0.0
BC,SA,2034-01-01T00:00:00,F,36,534.8519498289097,58900.0,46400.0,0.009080678265346514,81536.91008851276,5563.576219777034,0.006559629856568011,0.0,0.0
BC,SA,2034-01-01T00:00:00,F,37,437.6564653892128,58900.0,46300.0,0.007430500261276958,81536.91008851276,5563.576219777034,0.005367587083127297,0.0,0.0
BC,SA,2034-01-01T00:00:00,F,38,341.43068528874574,58900.0,47300.0,0.005796785828331846,81536.91008851276,5563.576219777034,0.0041874371363607495,0.0,0.0
BC,SA,2034-01-01T00:00:00,F,39,443.29695646134496,58900.0,47200.0,0.007526264116491425,81536.91008851276,5563.576219777034,0.005436764233279406,0.0,0.0
BC,SA,2034-01-01T00:00:00,F,40,345.33955443538434,58900.0,47100.0,0.005863150329972569,81536.91008851276,5563.576219777034,0.004235377009755453,0.0,0.0
BC,SA,2034-01-01T00:00:00,F,41,347.17439364490565,58900.0,47300.0,0.005894302099234391,81536.91008851276,5563.576219777034,0.004257880182950629,0.0,0.0
BC,SA,2034-01-01T00:00:00,F,42,349.2309417803117,58900.0,47700.0,0.005929218026830419,81536.91008851276,5563.576219777034,0.004283102479615704,0.0,0.0
BC,SA,2034-01-01T00:00:00,F,43,350.88602257709863,58900.0,47700.00000000001,0.005957317870578924,81536.91008851276,5563.576219777034,0.00430340102655586,0.0,0.0
BC,SA,2034-01-01T00:00:00,F,44,253.0666164790382,58900.0,47700.0,0.00429654696908384,81536.91008851276,5563.576219777034,0.0031037062381235763,0.0,0.0
BC,SA,2034-01-01T00:00:00,F,45,254.38496940691402,58900.0,46700.0,0.004318929871085128,81536.91008851276,5563.576219777034,0.003119875025074721,0.0,0.0
BC,SA,2034-01-01T00:00:00,F,46,256.24194376307423,58900.0,45900.0,0.004350457449288188,81536.91008851276,5563.576219777034,0.0031426496722148246,0.0,0.0
BC,SA,2034-01-01T00:00:00,F,47,357.74283723275585,58900.0,45000.0,0.006073732380861729,81536.91008851276,5563.576219777034,0.00438749563657007,0.0,0.0
BC,SA,2034-01-01T00:00:00,F,48,161.11789247890556,58900.0,44700.0,0.0027354480896248823,81536.91008851276,5563.576219777034,0.001976011751046285,0.0,0.0
BC,SA,2034-01-01T00:00:00,F,49,263.5539211284049,58900.0,43800.0,0.004474599679599405,81536.91008851276,5563.576219777034,0.0032323265726197227,0.0,0.0
BC,SA,2034-01-01T00:00:00,F,50,167.0280138990056,58900.0,43000.00000000001,0.0028357897096605365,81536.91008851276,5563.576219777034,0.002048495751404948,0.0,0.0
BC,SA,2034-01-01T00:00:00,F,51,170.92399275127536,58900.0,42199.99999999999,0.002901935360802638,81536.91008851276,5563.576219777034,0.0020962775332757652,0.0,0.0
BC,SA,2034-01-01T00:00:00,F,52,175.16674521160166,58900.0,41500.0,0.002973968509534833,81536.91008851276,5563.576219777034,0.002148312279941055,0.0,0.0
BC,SA,2034-01-01T00:00:00,F,53,177.82193234517763,58900.0,39899.99999999999,0.003019048087354459,81536.91008851276,5563.576219777034,0.0021808765153369467,0.0,0.0
BC,SA,2034-01-01T00:00:00,F,54,282.1761602030165,58900.0,39100.0,0.004790766726706561,81536.91008851276,5563.576219777034,0.003460716869166355,0.0,0.0
BC,SA,2034-01-01T00:00:00,F,55,185.08170259136386,58900.0,37300.00000000001,0.0031423039489195904,81536.91008851276,5563.576219777034,0.0022699131275694356,0.0,0.0
BC,SA,2034-01-01T00:00:00,F,56,289.253437652922,58900.0,36200.00000000001,0.004910924238589508,81536.91008851276,5563.576219777034,0.003547515319613187,0.0,0.0
BC,SA,2034-01-01T00:00:00,F,57,295.9922831476724,58900.0,35900.00000000001,0.0050253358768704995,81536.91008851276,5563.576219777034,0.0036301631105024297,0.0,0.0
BC,SA,2034-01-01T00:00:00,F,58,304.6821631637649,58900.0,36100.00000000001,0.005172872040131832,81536.91008851276,5563.576219777034,0.0037367391385449344,0.0,0.0
BC,SA,2034-01-01T00:00:00,F,59,212.5078422512306,58900.0,35600.0,0.0036079429923808254,81536.91008851276,5563.576219777034,0.002606277844236945,0.0,0.0
BC,SA,2034-01-01T00:00:00,F,60,222.04948945875367,58900.0,35400.0,0.003769940398281047,81536.91008851276,5563.576219777034,0.0027233002724497022,0.0,0.0
BC,SA,2034-01-01T00:00:00,F,61,233.59526465481758,58900.0,35600.00000000001,0.003965963746261758,81536.91008851276,5563.576219777034,0.0028649020965012925,0.0,0.0
BC,SA,2034-01-01T00:00:00,F,62,247.64642317835387,58900.0,36000.0,0.004204523313724174,81536.91008851276,5563.576219777034,0.0030372309045010436,0.0,0.0
BC,SA,2034-01-01T00:00:00,F,63,270.8923996847079,58900.0,38100.0,0.0045991918452412215,81536.91008851276,5563.576219777034,0.0033223284938151258,0.0,0.0
BC,SA,2034-01-01T00:00:00,F,64,187.65628676737833,58900.0,38100.0,0.0031860150554733164,81536.91008851276,5563.576219777034,0.002301488817318037,0.0,0.0
BC,SA,2034-01-01T00:00:00,F,65,204.0183350207517,58900.0,37800.0,0.0034638087439855976,81536.91008851276,5563.576219777034,0.002502159265040565,0.0,0.0
BC,SA,2034-01-01T00:00:00,F,66,116.14474965580303,58900.0,36400.0,0.0019718972776876574,81536.91008851276,5563.576219777034,0.0014244438442629426,0.0,0.0
BC,SA,2034-01-01T00:00:00,F,67,230.36619686405902,58900.0,35399.99999999999,0.003911140863566367,81536.91008851276,5563.576219777034,0.002825299568183096,0.0,0.0
BC,SA,2034-01-01T00:00:00,F,68,162.17765395533934,58900.0,36500.0,0.0027534406444030446,81536.91008851276,5563.576219777034,0.001989009073060123,0.0,0.0
BC,SA,2034-01-01T00:00:00,F,69,199.33319399971515,58900.0,37799.99999999999,0.003384264753815198,81536.91008851276,5563.576219777034,0.002444698895056584,0.0,0.0
BC,SA,2034-01-01T00:00:00,F,70,145.84730595251312,58900.0,39500.0,0.002476185160484094,81536.91008851276,5563.576219777034,0.001788727409392727,0.0,0.0
BC,SA,2034-01-01T00:00:00,F,71,181.01215189002687,58900.0,39400.0,0.0030732114073009657,81536.91008851276,5563.576219777034,0.002220002593837911,0.0,0.0
BC,SA,2034-01-01T00:00:00,F,72,104.53118384353002,58900.0,37700.0,0.0017747229854589138,81536.91008851276,5563.576219777034,0.0012820106100421972,0.0,0.0
BC,SA,2034-01-01T00:00:00,F,73,145.75624199816957,58900.0,37500.00000000001,0.0024746390831607737,81536.91008851276,5563.576219777034,0.0017876105660607354,0.0,0.0
BC,SA,2034-01-01T00:00:00,F,74,87.88284731151361,58900.0,36900.00000000001,0.0014920687149662752,81536.91008851276,5563.576219777034,0.0010778290128496653,0.0,0.0
BC,SA,2034-01-01T00:00:00,F,75,27.281838457078265,58900.0,35800.00000000001,0.0004631891079300215,81536.91008851276,5563.576219777034,0.0003345949512614881,0.0,0.0
BC,SA,2034-01-01T00:00:00,F,76,-26.458438151617884,58900.0,34899.99999999999,-0.00044920947625836814,81536.91008851276,5563.576219777034,0.0,0.00475565303798035,0.0007581214370091085
BC,SA,2034-01-01T00:00:00,F,77,-86.57283661484689,58900.0,33400.0,-0.001469827446771594,81536.91008851276,5563.576219777034,0.0,0.015560645382569486,0.002592001096252901
BC,SA,2034-01-01T00:00:00,F,78,-42.03189091812965,58900.0,32100.000000000007,-0.0007136144468273285,81536.91008851276,5563.576219777034,0.0,0.007554833304649886,0.0013094047014993657
BC,SA,2034-01-01T00:00:00,F,79,7.703864923129004,58900.0,30900.0,0.00013079566932307308,81536.91008851276,5563.576219777034,9.448316001631702e-05,0.0,0.0
BC,SA,2034-01-01T00:00:00,F,80,-56.2934910784752,58900.0,28900.000000000004,-0.0009557468773934668,81536.91008851276,5563.576219777034,0.0,0.010118220521247973,0.0019478716636150586
BC,SA,2034-01-01T00:00:00,F,81,-226.10980185592052,58900.0,26600.000000000004,-0.0038388760926302296,81536.91008851276,5563.576219777034,0.0,0.040641089997502024,0.008500368490824079
BC,SA,2034-01-01T00:00:00,F,82,-98.34936517641472,58900.0,24600.0,-0.0016697685089374316,81536.91008851276,5563.576219777034,0.0,0.0176773645747512,0.003997941673837997
BC,SA,2034-01-01T00:00:00,F,83,-160.14462084514162,58900.0,22800.0,-0.0027189239532282106,81536.91008851276,5563.576219777034,0.0,0.028784475042486178,0.007023886879172878
BC,SA,2034-01-01T00:00:00,F,84,-203.39585283473934,58900.0,21500.0,-0.003453240285819004,81536.91008851276,5563.576219777034,0.0,0.036558473327231715,0.009460272224871598
BC,SA,2034-01-01T00:00:00,F,85,-180.10035734462508,58900.0,19500.0,-0.0030577310245267415,81536.91008851276,5563.576219777034,0.0,0.03237132920088633,0.009235915761262824
BC,SA,2034-01-01T00:00:00,F,86,-228.3491559739923,58900.0,18100.0,-0.0038768956871645553,81536.91008851276,5563.576219777034,0.0,0.04104359263782022,0.01261597546817637
BC,SA,2034-01-01T00:00:00,F,87,-82.6930140337754,58900.0,16800.000000000004,-0.001403956095649837,81536.91008851276,5563.576219777034,0.0,0.014863284112083111,0.004922203216296154
BC,SA,2034-01-01T00:00:00,F,88,-213.2432611342556,58900.0,12700.000000000002,-0.003620428881736088,81536.91008851276,5563.576219777034,0.0,0.03832845146908072,0.01679080796332721
BC,SA,2034-01-01T00:00:00,F,89,-234.27246998018563,58900.0,10800.000000000002,-0.003977461289986174,81536.91008851276,5563.576219777034,0.0,0.042108252089260376,0.021691895368535705
BC,SA,2034-01-01T00:00:00,F,90,-125.62873714684065,58900.0,9600.000000000002,-0.002132915741032948,81536.91008851276,5563.576219777034,0.0,0.022580572671991785,0.013086326786129232
BC,SA,2034-01-01T00:00:00,F,91,-247.6085879987313,58900.0,8000.000000000002,-0.004203880950742467,81536.91008851276,5563.576219777034,0.0,0.044505292678214535,0.030951073499841407
BC,SA,2034-01-01T00:00:00,F,92,-114.11509365166239,58900.0,6499.999999999999,-0.0019374379227786484,81536.91008851276,5563.576219777034,0.0,0.02051110457443067,0.01755616825410191
BC,SA,2034-01-01T00:00:00,F,93,-245.10204578747107,58900.0,5300.0,-0.004161325055814449,81536.91008851276,5563.576219777034,0.0,0.04405476551506538,0.046245669016503975
BC,SA,2034-01-01T00:00:00,F,94,-127.13325958841142,58900.0,4200.0,-0.0021584594157625027,81536.91008851276,5563.576219777034,0.0,0.02285099629559967,0.03026982371152653
BC,SA,2034-01-01T00:00:00,F,95,-113.38593642913202,58900.0,3200.0,-0.0019250583434487609,81536.91008851276,5563.576219777034,0.0,0.020380045486943305,0.035433105134103755
BC,SA,2034-01-01T00:00:00,F,96,-67.75565743304105,58900.0,2600.0000000000005,-0.0011503507204251452,81536.91008851276,5563.576219777034,0.0,0.012178436091553434,0.02605986824347732
BC,SA,2034-01-01T00:00:00,F,97,-40.404061409527,58900.0,2000.0,-0.0006859772735064007,81536.91008851276,5563.576219777034,0.0,0.007262246406529187,0.0202020307047635
BC,SA,2034-01-01T00:00:00,F,98,-115.44032910743408,58900.0,1400.0000000000002,-0.001959937675847777,81536.91008851276,5563.576219777034,0.0,0.020749303064650112,0.08245737793388147
BC,SA,2034-01-01T00:00:00,F,99,-89.31894621675553,58900.0,1000.0000000000001,-0.0015164506997751364,81536.91008851276,5563.576219777034,0.0,0.01605423250952336,0.08931894621675553
BC,SA,2034-01-01T00:00:00,F,100,1242.2587280151506,58900.0,2000.0000000000002,0.021090980102124797,81536.91008851276,5563.576219777034,0.015235538441015377,0.0,0.0
BC,SA,2034-01-01T00:00:00,M,1,490.0326243337295,58900.0,30199.999999999996,0.008319738953034457,81536.91008851276,5563.576219777034,0.006009948424606382,0.0,0.0
BC,SA,2034-01-01T00:00:00,M,2,405.79743401600354,58900.0,30199.999999999996,0.006889599898404135,81536.91008851276,5563.576219777034,0.004976855678924899,0.0,0.0
BC,SA,2034-01-01T00:00:00,M,3,504.0329540478524,58900.0,30300.0,0.008557435552595118,81536.91008851276,5563.576219777034,0.0061816538485539516,0.0,0.0
BC,SA,2034-01-01T00:00:00,M,4,402.7819386754127,58900.0,30299.999999999996,0.006838403033538416,81536.91008851276,5563.576219777034,0.0049398724852115555,0.0,0.0
BC,SA,2034-01-01T00:00:00,M,5,502.2761246246009,58900.0,30400.0,0.008527608227921916,81536.91008851276,5563.576219777034,0.006160107417356788,0.0,0.0
BC,SA,2034-01-01T00:00:00,M,6,601.7762344749208,58900.0,30600.0,0.010216913997876415,81536.91008851276,5563.576219777034,0.007380415002502056,0.0,0.0
BC,SA,2034-01-01T00:00:00,M,7,601.522484345347,58900.0,30600.000000000004,0.010212605846270748,81536.91008851276,5563.576219777034,0.007377302913396664,0.0,0.0
BC,SA,2034-01-01T00:00:00,M,8,501.52248434534704,58900.0,30499.999999999996,0.008514812977000798,81536.91008851276,5563.576219777034,0.00615086448334769,0.0,0.0
BC,SA,2034-01-01T00:00:00,M,9,501.5174093975329,58900.0,30400.000000000004,0.00851472681489869,81536.91008851276,5563.576219777034,0.006150802242237392,0.0,0.0
BC,SA,2034-01-01T00:00:00,M,10,601.5072595018937,58900.0,30300.000000000004,0.010212347359964239,81536.91008851276,5563.576219777034,0.007377116190065638,0.0,0.0
BC,SA,2034-01-01T00:00:00,M,11,501.50218455407594,58900.0,30100.0,0.008514468328592121,81536.91008851276,5563.576219777034,0.0061506155189063215,0.0,0.0
BC,SA,2034-01-01T00:00:00,M,12,401.9893856792405,58900.0,29799.999999999996,0.006824947125284219,81536.91008851276,5563.576219777034,0.0049301523106879954,0.0,0.0
BC,SA,2034-01-01T00:00:00,M,13,502.13148794277004,58900.0,28500.0,0.008525152596651443,81536.91008851276,5563.576219777034,0.0061583335375068665,0.0,0.0
BC,SA,2034-01-01T00:00:00,M,14,802.923196985801,58900.0,29600.000000000004,0.013631972784139237,81536.91008851276,5563.576219777034,0.009847358651611696,0.0,0.0
BC,SA,2034-01-01T00:00:00,M,15,1303.9923538393195,58900.0,30800.0,0.02213908919930933,81536.91008851276,5563.576219777034,0.015992663352385625,0.0,0.0
BC,SA,2034-01-01T00:00:00,M,16,2006.3134103029188,58900.0,33100.0,0.03406304601532969,81536.91008851276,5563.576219777034,0.024606198691181164,0.0,0.0
BC,SA,2034-01-01T00:00:00,M,17,1809.6343585390787,58900.0,35300.0,0.03072384309913546,81536.91008851276,5563.576219777034,0.022194051216493513,0.0,0.0
BC,SA,2034-01-01T00:00:00,M,18,2713.322539132736,58900.0,37700.0,0.046066596589689916,81536.91008851276,5563.576219777034,0.033277230351104505,0.0,0.0
BC,SA,2034-01-01T00:00:00,M,19,5418.322002357527,58900.0,43400.0,0.09199188459011082,81536.91008851276,5563.576219777034,0.06645238330071183,0.0,0.0
BC,SA,2034-01-01T00:00:00,M,20,3524.922952183013,58900.0,46200.0,0.05984589052942297,81536.91008851276,5563.576219777034,0.04323100971518932,0.0,0.0
BC,SA,2034-01-01T00:00:00,M,21,1131.587590484647,58900.0,47200.0,0.01921201342079197,81536.91008851276,5563.576219777034,0.013878225079368927,0.0,0.0
BC,SA,2034-01-01T00:00:00,M,22,-63.496078635675076,58900.0,46300.0,-0.001078031895342531,81536.91008851276,5563.576219777034,0.0,0.011412817246928946,0.001371405586083695
BC,SA,2034-01-01T00:00:00,M,23,-259.8815505131133,58900.0,45300.0,-0.004412250433159819,81536.91008851276,5563.576219777034,0.0,0.04671124115983233,0.005736899569825901
BC,SA,2034-01-01T00:00:00,M,24,-156.60034453993285,58900.0,45200.00000000001,-0.002658749482851152,81536.91008851276,5563.576219777034,0.0,0.028147425029113517,0.00346460939247639
BC,SA,2034-01-01T00:00:00,M,25,45.20113147297525,58900.0,44900.0,0.0007674215869775085,81536.91008851276,5563.576219777034,0.0005543640472015307,0.0,0.0
BC,SA,2034-01-01T00:00:00,M,26,146.74038706769352,58900.0,44300.0,0.002491347827974423,81536.91008851276,5563.576219777034,0.0017996804994008092,0.0,0.0
BC,SA,2034-01-01T00:00:00,M,27,448.2416760972483,58900.0,43600.0,0.007610215213875183,81536.91008851276,5563.576219777034,0.005497408175152303,0.0,0.0
BC,SA,2034-01-01T00:00:00,M,28,449.97733901965694,58900.0,42900.0,0.007639683175206399,81536.91008851276,5563.576219777034,0.005518695012248834,0.0,0.0
BC,SA,2034-01-01T00:00:00,M,29,552.838392036414,58900.0,42700.0,0.009386050798580884,81536.91008851276,5563.576219777034,0.006780222495999392,0.0,0.0
BC,SA,2034-01-01T00:00:00,M,30,556.543095217392,58900.0,42800.0,0.009448948985015145,81536.91008851276,5563.576219777034,0.006825658399530153,0.0,0.0
BC,SA,2034-01-01T00:00:00,M,31,560.2633271957893,58900.0,42399.99999999999,0.009512110818264674,81536.91008851276,5563.576219777034,0.006871284754200189,0.0,0.0
BC,SA,2034-01-01T00:00:00,M,32,363.74849380141677,58900.0,41700.0,0.0061756959898372965,81536.91008851276,5563.576219777034,0.004461151316704888,0.0,0.0
BC,SA,2034-01-01T00:00:00,M,33,470.86839633288764,58900.0,43800.0,0.007994370056585529,81536.91008851276,5563.576219777034,0.005774910967581852,0.0,0.0
BC,SA,2034-01-01T00:00:00,M,34,578.3608169401923,58900.0,45900.0,0.00981936870866201,81536.91008851276,5563.576219777034,0.00709323932329972,0.0,0.0
BC,SA,2034-01-01T00:00:00,M,35,683.0491410948816,58900.0,46900.0,0.011596759611118534,81536.91008851276,5563.576219777034,0.008377177162507073,0.0,0.0
BC,SA,2034-01-01T00:00:00,M,36,686.7187382051197,58900.0,47400.0,0.011659061769187093,81536.91008851276,5563.576219777034,0.008422182511695,0.0,0.0
BC,SA,2034-01-01T00:00:00,M,37,390.99916680523165,58900.0,48100.0,0.0066383559729241365,81536.91008851276,5563.576219777034,0.004795364042870656,0.0,0.0
BC,SA,2034-01-01T00:00:00,M,38,495.22158621235576,58900.0,48700.0,0.008407836777798909,81536.91008851276,5563.576219777034,0.006073587847206447,0.0,0.0
BC,SA,2034-01-01T00:00:00,M,39,299.92486647899204,58900.0,49000.0,0.0050921029962477425,81536.91008851276,5563.576219777034,0.003678393823771434,0.0,0.0
BC,SA,2034-01-01T00:00:00,M,40,403.62914078475296,58900.0,48900.0,0.006852786770539099,81536.91008851276,5563.576219777034,0.00495026289746069,0.0,0.0
BC,SA,2034-01-01T00:00:00,M,41,407.70938993078016,58900.0,48700.0,0.006922060949588797,81536.91008851276,5563.576219777034,0.0050003046410293135,0.0,0.0
BC,SA,2034-01-01T00:00:00,M,42,413.03569480193255,58900.0,48700.0,0.007012490573886801,81536.91008851276,5563.576219777034,0.0050656284908706965,0.0,0.0
BC,SA,2034-01-01T00:00:00,M,43,418.52655772680737,58900.0,48599.99999999999,0.007105714053086713,81536.91008851276,5563.576219777034,0.005132970543922672,0.0,0.0
BC,SA,2034-01-01T00:00:00,M,44,424.40203061201464,58900.0,48500.0,0.007205467412767651,81536.91008851276,5563.576219777034,0.005205029601333962,0.0,0.0
BC,SA,2034-01-01T00:00:00,M,45,327.8152334951883,58900.0,47400.0,0.0055656236586619405,81536.91008851276,5563.576219777034,0.004020452003139769,0.0,0.0
BC,SA,2034-01-01T00:00:00,M,46,330.33112104053,58900.0,45900.0,0.005608338218005602,81536.91008851276,5563.576219777034,0.004051307814852655,0.0,0.0
BC,SA,2034-01-01T00:00:00,M,47,335.19323371099017,58900.0,45200.0,0.005690886820220546,81536.91008851276,5563.576219777034,0.004110938633155459,0.0,0.0
BC,SA,2034-01-01T00:00:00,M,48,242.11658473868738,58900.0,45000.0,0.004110638111013368,81536.91008851276,5563.576219777034,0.002969410840757353,0.0,0.0
BC,SA,2034-01-01T00:00:00,M,49,247.0925446844849,58900.0,44100.0,0.004195119604150847,81536.91008851276,5563.576219777034,0.003030437925796458,0.0,0.0
BC,SA,2034-01-01T00:00:00,M,50,251.05512123333756,58900.0,42899.99999999999,0.004262395946236631,81536.91008851276,5563.576219777034,0.0030790364874116955,0.0,0.0
BC,SA,2034-01-01T00:00:00,M,51,154.90248938934383,58900.0,41500.0,0.002629923419173919,81536.91008851276,5563.576219777034,0.0018997836589734482,0.0,0.0
BC,SA,2034-01-01T00:00:00,M,52,59.6935512333439,58900.0,40300.0,0.0010134728562537164,81536.91008851276,5563.576219777034,0.0007321046525867033,0.0,0.0
BC,SA,2034-01-01T00:00:00,M,53,162.99065172650444,58900.0,38900.0,0.0027672436625892096,81536.91008851276,5563.576219777034,0.0019989799901611333,0.0,0.0
BC,SA,2034-01-01T00:00:00,M,54,166.21067213531933,58900.0,37400.0,0.002821912939479106,81536.91008851276,5563.576219777034,0.0020384715579102593,0.0,0.0
BC,SA,2034-01-01T00:00:00,M,55,168.46612703688152,58900.0,35600.0,0.002860205891967428,81536.91008851276,5563.576219777034,0.002066133323595441,0.0,0.0
BC,SA,2034-01-01T00:00:00,M,56,172.7770279058459,58900.0,34299.99999999999,0.0029333960595220015,81536.91008851276,5563.576219777034,0.0021190038685337353,0.0,0.0
BC,SA,2034-01-01T00:00:00,M,57,181.96589961124118,58900.0,33899.99999999999,0.003089404068102567,81536.91008851276,5563.576219777034,0.0022316997224166,0.0,0.0
BC,SA,2034-01-01T00:00:00,M,58,190.88103329711885,58900.0,33299.99999999999,0.003240764572107281,81536.91008851276,5563.576219777034,0.0023410383480304453,0.0,0.0
BC,SA,2034-01-01T00:00:00,M,59,202.3083867021778,58900.0,33000.0,0.0034347773633646487,81536.91008851276,5563.576219777034,0.0024811878017275985,0.0,0.0
BC,SA,2034-01-01T00:00:00,M,60,313.5705288070858,58900.0,32599.999999999996,0.005323778078218774,81536.91008851276,5563.576219777034,0.0038457494705978913,0.0,0.0
BC,SA,2034-01-01T00:00:00,M,61,229.0026313745293,58900.0,32499.999999999996,0.0038879903459173057,81536.91008851276,5563.576219777034,0.0028085762770006183,0.0,0.0
BC,SA,2034-01-01T00:00:00,M,62,249.12010210239532,58900.0,32899.99999999999,0.004229543329412484,81536.91008851276,5563.576219777034,0.0030553046691610204,0.0,0.0
BC,SA,2034-01-01T00:00:00,M,63,281.95001755593694,58900.0,34600.0,0.0047869272929700665,81536.91008851276,5563.576219777034,0.003457943368835842,0.0,0.0
BC,SA,2034-01-01T00:00:00,M,64,303.673179673533,58900.0,34600.0,0.005155741590382564,81536.91008851276,5563.576219777034,0.0037243645772678806,0.0,0.0
BC,SA,2034-01-01T00:00:00,M,65,222.06705532014166,58900.0,33900.0,0.003770238630223118,81536.91008851276,5563.576219777034,0.002723515706924334,0.0,0.0
BC,SA,2034-01-01T00:00:00,M,66,238.82924109484884,58900.0,33000.0,0.004054825825039878,81536.91008851276,5563.576219777034,0.002929093594981545,0.0,0.0
BC,SA,2034-01-01T00:00:00,M,67,261.3918798202649,58900.0,32500.0,0.004437892696439132,81536.91008851276,5563.576219777034,0.0032058104671431596,0.0,0.0
BC,SA,2034-01-01T00:00:00,M,68,305.0727140958188,58900.0,33600.0,0.005179502786007111,81536.91008851276,5563.576219777034,0.003741529005264558,0.0,0.0
BC,SA,2034-01-01T00:00:00,M,69,160.59730357505032,58900.0,35000.0,0.0027266095683370173,81536.91008851276,5563.576219777034,0.0019696270486668334,0.0,0.0
BC,SA,2034-01-01T00:00:00,M,70,214.9921181725731,58900.0,36000.0,0.0036501208518263683,81536.91008851276,5563.576219777034,0.002636745958844742,0.0,0.0
BC,SA,2034-01-01T00:00:00,M,71,265.3122771233757,58900.0,36300.0,0.004504452922298399,81536.91008851276,5563.576219777034,0.003253891726279114,0.0,0.0
BC,SA,2034-01-01T00:00:00,M,72,88.04812283952197,58900.0,34400.0,0.0014948747510954493,81536.91008851276,5563.576219777034,0.0010798560154406261,0.0,0.0
BC,SA,2034-01-01T00:00:00,M,73,132.9190647424548,58900.0,33899.99999999999,0.0022566904030977045,81536.91008851276,5563.576219777034,0.001630170490863143,0.0,0.0
BC,SA,2034-01-01T00:00:00,M,74,72.27178734442714,58900.0,32799.99999999999,0.0012270252520276254,81536.91008851276,5563.576219777034,0.0008863689740753258,0.0,0.0
BC,SA,2034-01-01T00:00:00,M,75,5.733456834343087,58900.0,31299.999999999996,9.73422212961475e-05,81536.91008851276,5563.576219777034,7.031731798665301e-05,0.0,0.0
BC,SA,2034-01-01T00:00:00,M,76,57.306843712016416,58900.0,30600.0,0.000972951506146289,81536.91008851276,5563.576219777034,0.0007028331543322738,0.0,0.0
BC,SA,2034-01-01T00:00:00,M,77,81.60979296995356,58900.0,28699.999999999996,0.0013855652456698398,81536.91008851276,5563.576219777034,0.0010008938636669172,0.0,0.0
BC,SA,2034-01-01T00:00:00,M,78,28.05213239060322,58900.0,27499.999999999996,0.00047626710340582714,81536.91008851276,5563.576219777034,0.00034404213208657407,0.0,0.0
BC,SA,2034-01-01T00:00:00,M,79,-35.607823766433285,58900.0,25899.999999999996,-0.0006045470928087145,81536.91008851276,5563.576219777034,0.0,0.006400168229898054,0.0013748194504414398
BC,SA,2034-01-01T00:00:00,M,80,-20.42844284508101,58900.0,23799.999999999996,-0.0003468326459266725,81536.91008851276,5563.576219777034,0.0,0.0036718186357298974,0.0008583379346672694
BC,SA,2034-01-01T00:00:00,M,81,9.54511913371607,58900.0,22199.999999999996,0.00016205635201555299,81536.91008851276,5563.576219777034,0.00011706500924985169,0.0,0.0
BC,SA,2034-01-01T00:00:00,M,82,-66.80081238759885,58900.0,20400.0,-0.00113413942933105,81536.91008851276,5563.576219777034,0.0,0.01200681176077713,0.003274549626843081
BC,SA,2034-01-01T00:00:00,M,83,-37.3940375795828,58900.0,18900.0,-0.0006348733035582818,81536.91008851276,5563.576219777034,0.0,0.006721223202920622,0.001978520506856233
BC,SA,2034-01-01T00:00:00,M,84,-95.0594204205263,58900.0,17599.999999999996,-0.0016139120614690372,81536.91008851276,5563.576219777034,0.0,0.017086028242520583,0.0054011034329844495
BC,SA,2034-01-01T00:00:00,M,85,-95.33816953408495,58900.0,15700.0,-0.0016186446440421894,81536.91008851276,5563.576219777034,0.0,0.017136130748992548,0.006072494874782481
BC,SA,2034-01-01T00:00:00,M,86,-146.98038301249653,58900.0,14599.999999999998,-0.0024954224620118257,81536.91008851276,5563.576219777034,0.0,0.026418328284965407,0.010067149521403874
BC,SA,2034-01-01T00:00:00,M,87,-135.89734777538615,58900.0,13099.999999999998,-0.0023072554800574897,81536.91008851276,5563.576219777034,0.0,0.02442625793321699,0.010373843341632532
BC,SA,2034-01-01T00:00:00,M,88,-101.31640824060196,58900.0,9799.999999999998,-0.001720142754509371,81536.91008851276,5563.576219777034,0.0,0.018210662393812287,0.010338409004143059
BC,SA,2034-01-01T00:00:00,M,89,-151.78903486830131,58900.0,8099.999999999998,-0.0025770634103276964,81536.91008851276,5563.576219777034,0.0,0.02728263779845986,0.018739387020777945
BC,SA,2034-01-01T00:00:00,M,90,-163.2248678785072,58900.0,6999.999999999999,-0.002771220167716591,81536.91008851276,5563.576219777034,0.0,0.029338120200148643,0.023317838268358176
BC,SA,2034-01-01T00:00:00,M,91,-112.25255443165497,58900.0,5799.999999999999,-0.0019058158647140063,81536.91008851276,5563.576219777034,0.0,0.020176330834226194,0.01935388869511293
BC,SA,2034-01-01T00:00:00,M,92,-100.56549698460458,58900.0,4500.0,-0.0017073938367505022,81536.91008851276,5563.576219777034,0.0,0.018075693225361233,0.02234788821880102
BC,SA,2034-01-01T00:00:00,M,93,-80.88037280850585,58900.0,3500.0,-0.0013731812021817633,81536.91008851276,5563.576219777034,0.0,0.014537479062657153,0.023108677945287388
BC,SA,2034-01-01T00:00:00,M,94,-59.23546292131368,58900.0,2700.0,-0.0010056954655571083,81536.91008851276,5563.576219777034,0.0,0.010647012026319935,0.02193906034122729
BC,SA,2034-01-01T00:00:00,M,95,-46.79878996136085,58900.0,1999.9999999999998,-0.0007945465188686053,81536.91008851276,5563.576219777034,0.0,0.008411638146522304,0.02339939498068043
BC,SA,2034-01-01T00:00:00,M,96,-25.056443614735144,58900.0,1499.9999999999998,-0.00042540651298361877,81536.91008851276,5563.576219777034,0.0,0.004503657831749685,0.016704295743156766
BC,SA,2034-01-01T00:00:00,M,97,1.593988549507003,58900.0,1100.0,2.706262393050939e-05,81536.91008851276,5563.576219777034,1.9549288141734114e-05,0.0,0.0
BC,SA,2034-01-01T00:00:00,M,98,34.26896448494074,58900.0,799.9999999999999,0.0005818160353979752,81536.91008851276,5563.576219777034,0.00042028775002314795,0.0,0.0
BC,SA,2034-01-01T00:00:00,M,99,-22.376520605723385,58900.0,500.0,-0.00037990697123469245,81536.91008851276,5563.576219777034,0.0,0.004021967116435074,0.04475304121144677
BC,SA,2034-01-01T00:00:00,M,100,536.8570358361825,58900.0,900.0,0.009114720472600722,81536.91008851276,5563.576219777034,0.006584221001916739,0.0,0.0
BC,SA,2035-01-01T00:00:00,F,1,483.89854105314953,59900.0,29100.0,0.008078439750469943,83146.2804322955,5893.851278905029,0.005819845921396078,0.0,0.0
BC,SA,2035-01-01T00:00:00,F,2,303.7106640343409,59900.0,28999.999999999996,0.005070294892059114,83146.2804322955,5893.851278905029,0.0036527270066115214,0.0,0.0
BC,SA,2035-01-01T00:00:00,F,3,302.96851893087296,59900.0,28999.999999999996,0.005057905157443622,83146.2804322955,5893.851278905029,0.003643801230261583,0.0,0.0
BC,SA,2035-01-01T00:00:00,F,4,302.4651395751898,59900.0,28900.0,0.005049501495412184,83146.2804322955,5893.851278905029,0.003637747088656379,0.0,0.0
BC,SA,2035-01-01T00:00:00,F,5,502.21086513273985,59900.0,28999.999999999996,0.008384154676673453,83146.2804322955,5893.851278905029,0.006040088173778032,0.0,0.0
BC,SA,2035-01-01T00:00:00,F,6,501.96521073783515,59900.0,29000.0,0.008380053601633308,83146.2804322955,5893.851278905029,0.006037133689300464,0.0,0.0
BC,SA,2035-01-01T00:00:00,F,7,401.7195570213007,59900.0,28900.0,0.006706503456115204,83146.2804322955,5893.851278905029,0.004831479591542446,0.0,0.0
BC,SA,2035-01-01T00:00:00,F,8,401.4687323902217,59900.0,28799.999999999996,0.00670231606661472,83146.2804322955,5893.851278905029,0.004828462924653982,0.0,0.0
BC,SA,2035-01-01T00:00:00,F,9,301.46356079729594,59900.0,28600.0,0.005032780647701101,83146.2804322955,5893.851278905029,0.0036257011044862337,0.0,0.0
BC,SA,2035-01-01T00:00:00,F,10,401.45321761145533,59900.0,28500.0,0.00670205705528306,83146.2804322955,5893.851278905029,0.004828276328468491,0.0,0.0
BC,SA,2035-01-01T00:00:00,F,11,301.44287442560744,59900.0,28200.0,0.0050324352992588885,83146.2804322955,5893.851278905029,0.0036254523095722467,0.0,0.0
BC,SA,2035-01-01T00:00:00,F,12,301.6712887540307,59900.0,27999.999999999996,0.005036248560167457,83146.2804322955,5893.851278905029,0.003628199447835506,0.0,0.0
BC,SA,2035-01-01T00:00:00,F,13,501.8893604988225,59900.0,27899.999999999996,0.008378787320514567,83146.2804322955,5893.851278905029,0.006036221438762998,0.0,0.0
BC,SA,2035-01-01T00:00:00,F,14,702.0324444378202,59900.0,26899.999999999996,0.011720074197626381,83146.2804322955,5893.851278905029,0.008443341551634079,0.0,0.0
BC,SA,2035-01-01T00:00:00,F,15,1302.7926833147685,59900.0,28300.0,0.021749460489395134,83146.2804322955,5893.851278905029,0.015668682670364417,0.0,0.0
BC,SA,2035-01-01T00:00:00,F,16,2304.1907777832967,59900.0,30900.000000000004,0.038467291782692765,83146.2804322955,5893.851278905029,0.02771249376163684,0.0,0.0
BC,SA,2035-01-01T00:00:00,F,17,1906.4749952676066,59900.0,33200.0,0.03182762930329894,83146.2804322955,5893.851278905029,0.022929167550916656,0.0,0.0
BC,SA,2035-01-01T00:00:00,F,18,2508.6368463920953,59900.0,35900.0,0.041880414797864696,83146.2804322955,5893.851278905029,0.030171365854842206,0.0,0.0
BC,SA,2035-01-01T00:00:00,F,19,5111.10904176734,59900.0,40900.00000000001,0.08532736296773523,83146.2804322955,5893.851278905029,0.06147128909668091,0.0,0.0
BC,SA,2035-01-01T00:00:00,F,20,2814.38375697063,59900.0,43500.00000000001,0.0469847037891591,83146.2804322955,5893.851278905029,0.03384858279093232,0.0,0.0
BC,SA,2035-01-01T00:00:00,F,21,716.834441494866,59900.0,44100.0,0.01196718600158374,83146.2804322955,5893.851278905029,0.008621365114204612,0.0,0.0
BC,SA,2035-01-01T00:00:00,F,22,-381.7535620195704,59900.0,43700.0,-0.006373181335885983,83146.2804322955,5893.851278905029,0.0,0.06477149557300897,0.008735779451248751
BC,SA,2035-01-01T00:00:00,F,23,-80.96476950580109,59900.0,43199.99999999999,-0.0013516656010985157,83146.2804322955,5893.851278905029,0.0,0.013737158552945855,0.0018741844793009515
BC,SA,2035-01-01T00:00:00,F,24,219.4619671699984,59900.0,42799.99999999999,0.0036638057958263506,83146.2804322955,5893.851278905029,0.0026394682483566086,0.0,0.0
BC,SA,2035-01-01T00:00:00,F,25,519.644708645792,59900.0,43500.0,0.008675203817125075,83146.2804322955,5893.851278905029,0.006249764943711813,0.0,0.0
BC,SA,2035-01-01T00:00:00,F,26,319.7360793836706,59900.0,43500.0,0.005337831041463616,83146.2804322955,5893.851278905029,0.0038454646163519706,0.0,0.0
BC,SA,2035-01-01T00:00:00,F,27,620.1550334280982,59900.0,43900.0,0.010353172511320506,83146.2804322955,5893.851278905029,0.007458602239375929,0.0,0.0
BC,SA,2035-01-01T00:00:00,F,28,620.3386652301997,59900.0,43500.0,0.010356238150754586,83146.2804322955,5893.851278905029,0.007460810778364645,0.0,0.0
BC,SA,2035-01-01T00:00:00,F,29,720.8326433054099,59900.0,43100.0,0.012033933944998496,83146.2804322955,5893.851278905029,0.008669451472244398,0.0,0.0
BC,SA,2035-01-01T00:00:00,F,30,721.5636727987221,59900.0,43100.0,0.012046138110162306,83146.2804322955,5893.851278905029,0.008678243561193073,0.0,0.0
BC,SA,2035-01-01T00:00:00,F,31,722.8205563874944,59900.0,43400.0,0.012067121141694398,83146.2804322955,5893.851278905029,0.008693360095357169,0.0,0.0
BC,SA,2035-01-01T00:00:00,F,32,524.0085233524296,59900.0,42700.0,0.008748055481676622,83146.2804322955,5893.851278905029,0.0063022485266688525,0.0,0.0
BC,SA,2035-01-01T00:00:00,F,33,625.222363690802,59900.0,42400.00000000001,0.01043776900986314,83146.2804322955,5893.851278905029,0.007519547001262542,0.0,0.0
BC,SA,2035-01-01T00:00:00,F,34,628.4464712455447,59900.0,44600.00000000001,0.010491593843832131,83146.2804322955,5893.851278905029,0.007558323330618224,0.0,0.0
BC,SA,2035-01-01T00:00:00,F,35,731.3775364431785,59900.0,46200.0,0.012209975566664083,83146.2804322955,5893.851278905029,0.008796274862093511,0.0,0.0
BC,SA,2035-01-01T00:00:00,F,36,534.5733796402783,59900.0,46600.0,0.008924430377967918,83146.2804322955,5893.851278905029,0.006429312013248405,0.0,0.0
BC,SA,2035-01-01T00:00:00,F,37,537.5986013169531,59900.0,46900.0,0.008974934913471672,83146.2804322955,5893.851278905029,0.00646569634290147,0.0,0.0
BC,SA,2035-01-01T00:00:00,F,38,440.31182110743975,59900.0,46700.0,0.007350781654548243,83146.2804322955,5893.851278905029,0.005295628605611259,0.0,0.0
BC,SA,2035-01-01T00:00:00,F,39,443.2215221920851,59900.0,47700.0,0.007399357632589067,83146.2804322955,5893.851278905029,0.005330623569541301,0.0,0.0
BC,SA,2035-01-01T00:00:00,F,40,345.16489741038095,59900.0,47499.99999999999,0.005762352210523889,83146.2804322955,5893.851278905029,0.004151296914495681,0.0,0.0
BC,SA,2035-01-01T00:00:00,F,41,346.6935826386907,59900.0,47400.00000000001,0.005787872832031565,83146.2804322955,5893.851278905029,0.00416968240594956,0.0,0.0
BC,SA,2035-01-01T00:00:00,F,42,348.5231460195064,59900.0,47600.0,0.0058184164610935955,83146.2804322955,5893.851278905029,0.00419168655780462,0.0,0.0
BC,SA,2035-01-01T00:00:00,F,43,350.57859232534247,59900.0,47999.99999999999,0.00585273109057333,83146.2804322955,5893.851278905029,0.004216407402743797,0.0,0.0
BC,SA,2035-01-01T00:00:00,F,44,352.6349961043161,59900.0,48000.0,0.005887061704579567,83146.2804322955,5893.851278905029,0.0042411397632087745,0.0,0.0
BC,SA,2035-01-01T00:00:00,F,45,255.1027181258396,59900.0,47900.00000000001,0.004258809985406337,83146.2804322955,5893.851278905029,0.003068119425180602,0.0,0.0
BC,SA,2035-01-01T00:00:00,F,46,356.76622791942646,59900.0,47000.0,0.005956030516184081,83146.2804322955,5893.851278905029,0.004290826072609883,0.0,0.0
BC,SA,2035-01-01T00:00:00,F,47,258.5642576608443,59900.0,46100.0,0.004316598625389721,83146.2804322955,5893.851278905029,0.003109751348064072,0.0,0.0
BC,SA,2035-01-01T00:00:00,F,48,160.9082057258056,59900.0,45100.0,0.002686280563035152,83146.2804322955,5893.851278905029,0.0019352423811288854,0.0,0.0
BC,SA,2035-01-01T00:00:00,F,49,264.3566800108383,59900.0,44900.00000000001,0.004413300167125848,83146.2804322955,5893.851278905029,0.00317941678973961,0.0,0.0
BC,SA,2035-01-01T00:00:00,F,50,67.59335086802457,59900.0,43800.0,0.0011284365754261198,83146.2804322955,5893.851278905029,0.0008129449750078069,0.0,0.0
BC,SA,2035-01-01T00:00:00,F,51,171.5502238879999,59900.0,43100.000000000015,0.0028639436375292138,83146.2804322955,5893.851278905029,0.0020632338932790877,0.0,0.0
BC,SA,2035-01-01T00:00:00,F,52,175.6780643948223,59900.0,42300.00000000001,0.0029328558329686527,83146.2804322955,5893.851278905029,0.002112879415428255,0.0,0.0
BC,SA,2035-01-01T00:00:00,F,53,180.14933845421183,59900.0,41600.00000000001,0.003007501476698027,83146.2804322955,5893.851278905029,0.0021666554116140427,0.0,0.0
BC,SA,2035-01-01T00:00:00,F,54,283.2535738969236,59900.0,40100.0,0.0047287741885963875,83146.2804322955,5893.851278905029,0.003406689660971327,0.0,0.0
BC,SA,2035-01-01T00:00:00,F,55,188.3292758898897,59900.0,39200.00000000001,0.0031440613671100113,83146.2804322955,5893.851278905029,0.002265035488186904,0.0,0.0
BC,SA,2035-01-01T00:00:00,F,56,291.34125841760397,59900.0,37500.00000000001,0.004863793963566009,83146.2804322955,5893.851278905029,0.0035039602120847464,0.0,0.0
BC,SA,2035-01-01T00:00:00,F,57,296.1420777064559,59900.0,36400.0,0.004943941197102769,83146.2804322955,5893.851278905029,0.003561699647497749,0.0,0.0
BC,SA,2035-01-01T00:00:00,F,58,203.39766458205122,59900.0,36000.0,0.00339562044377381,83146.2804322955,5893.851278905029,0.002446262941944519,0.0,0.0
BC,SA,2035-01-01T00:00:00,F,59,313.00587943173014,59900.0,36300.0,0.0052254737801624394,83146.2804322955,5893.851278905029,0.003764520527007881,0.0,0.0
BC,SA,2035-01-01T00:00:00,F,60,321.57721628151194,59900.0,35800.00000000001,0.005368567884499365,83146.2804322955,5893.851278905029,0.003867607962852486,0.0,0.0
BC,SA,2035-01-01T00:00:00,F,61,331.5856540083478,59900.0,35600.0,0.005535653656232851,83146.2804322955,5893.851278905029,0.003987979405505119,0.0,0.0
BC,SA,2035-01-01T00:00:00,F,62,244.61818852252327,59900.0,35700.0,0.004083776102212409,83146.2804322955,5893.851278905029,0.0029420220273318346,0.0,0.0
BC,SA,2035-01-01T00:00:00,F,63,159.9146105189502,59900.0,36000.0,0.002669692996977466,83146.2804322955,5893.851278905029,0.0019232924153373976,0.0,0.0
BC,SA,2035-01-01T00:00:00,F,64,185.35824095742282,59900.0,38100.0,0.0030944614517098967,83146.2804322955,5893.851278905029,0.0022293028623012984,0.0,0.0
BC,SA,2035-01-01T00:00:00,F,65,203.12046314591134,59900.0,38100.0,0.003390992706943428,83146.2804322955,5893.851278905029,0.002442929041321441,0.0,0.0
BC,SA,2035-01-01T00:00:00,F,66,121.10457678358944,59900.0,37700.00000000001,0.002021779245135049,83146.2804322955,5893.851278905029,0.0014565242865217847,0.0,0.0
BC,SA,2035-01-01T00:00:00,F,67,133.97750807020202,59900.0,36299.99999999999,0.0022366862783005344,83146.2804322955,5893.851278905029,0.0016113469823740036,0.0,0.0
BC,SA,2035-01-01T00:00:00,F,68,50.48319363652263,59900.0,35200.0,0.0008427912126297601,83146.2804322955,5893.851278905029,0.0006071611787568798,0.0,0.0
BC,SA,2035-01-01T00:00:00,F,69,184.75620945586707,59900.0,36400.00000000001,0.0030844108423350096,83146.2804322955,5893.851278905029,0.002222062231711143,0.0,0.0
BC,SA,2035-01-01T00:00:00,F,70,225.2780122180484,59900.0,37700.0,0.00376090170647827,83146.2804322955,5893.851278905029,0.00270941780013224,0.0,0.0
BC,SA,2035-01-01T00:00:00,F,71,175.41759054511203,59900.0,39300.0,0.0029285073546763277,83146.2804322955,5893.851278905029,0.002109746697423842,0.0,0.0
BC,SA,2035-01-01T00:00:00,F,72,14.327715458275634,59900.0,39000.0,0.00023919391416152977,83146.2804322955,5893.851278905029,0.00017231937957756788,0.0,0.0
BC,SA,2035-01-01T00:00:00,F,73,139.16980128044088,59900.0,37400.00000000001,0.002323368969623387,83146.2804322955,5893.851278905029,0.00167379467315756,0.0,0.0
BC,SA,2035-01-01T00:00:00,F,74,184.54080076212267,59900.0,37200.0,0.00308081470387517,83146.2804322955,5893.851278905029,0.002219471512166932,0.0,0.0
BC,SA,2035-01-01T00:00:00,F,75,129.49595746865816,59900.0,36500.00000000001,0.0021618690729325236,83146.2804322955,5893.851278905029,0.001557447390254629,0.0,0.0
BC,SA,2035-01-01T00:00:00,F,76,71.38439899477089,59900.0,35300.00000000001,0.0011917261935687961,83146.2804322955,5893.851278905029,0.000858539896476763,0.0,0.0
BC,SA,2035-01-01T00:00:00,F,77,20.22984363541036,59900.0,34300.00000000001,0.00033772693882154194,83146.2804322955,5893.851278905029,0.00024330425282082405,0.0,0.0
BC,SA,2035-01-01T00:00:00,F,78,-38.077496441226685,59900.0,32700.000000000004,-0.0006356844147116308,83146.2804322955,5893.851278905029,0.0,0.0064605458535256415,0.0011644494324534154
BC,SA,2035-01-01T00:00:00,F,79,10.250718820341717,59900.0,31400.0,0.00017113053122440262,83146.2804322955,5893.851278905029,0.00012328535644704744,0.0,0.0
BC,SA,2035-01-01T00:00:00,F,80,-35.530933185298636,59900.0,30100.000000000004,-0.0005931708378180073,83146.2804322955,5893.851278905029,0.0,0.006028474677070515,0.001180429673930187
BC,SA,2035-01-01T00:00:00,F,81,-199.35417460702593,59900.0,27900.0,-0.0033281164375129537,83146.2804322955,5893.851278905029,0.0,0.03382409313932711,0.007145310917814549
BC,SA,2035-01-01T00:00:00,F,82,-173.73929443422094,59900.0,25600.000000000004,-0.002900489055663121,83146.2804322955,5893.851278905029,0.0,0.029478058778995616,0.0067866911888367545
BC,SA,2035-01-01T00:00:00,F,83,-242.22427983209855,59900.0,23500.0,-0.004043811015560911,83146.2804322955,5893.851278905029,0.0,0.04109779299980902,0.010307416163068022
BC,SA,2035-01-01T00:00:00,F,84,-106.15608800378686,59900.0,21800.0,-0.0017722218364572097,83146.2804322955,5893.851278905029,0.0,0.018011327904342497,0.004869545321274627
BC,SA,2035-01-01T00:00:00,F,85,-151.20395076088607,59900.0,20400.0,-0.0025242729676274805,83146.2804322955,5893.851278905029,0.0,0.025654524283988556,0.00741195837063167
BC,SA,2035-01-01T00:00:00,F,86,-229.76008764396101,59900.0,18300.0,-0.003835727673521887,83146.2804322955,5893.851278905029,0.0,0.038983014122922745,0.012555196046118088
BC,SA,2035-01-01T00:00:00,F,87,-83.27413844594412,59900.0,17000.0,-0.0013902193396651773,83146.2804322955,5893.851278905029,0.0,0.014128985362083134,0.00489847873211436
BC,SA,2035-01-01T00:00:00,F,88,-232.9108503488369,59900.0,15500.0,-0.0038883280525682288,83146.2804322955,5893.851278905029,0.0,0.03951759882073365,0.01502650647411851
BC,SA,2035-01-01T00:00:00,F,89,-186.62436086135676,59900.0,11600.000000000002,-0.003115598678820647,83146.2804322955,5893.851278905029,0.0,0.031664246692025146,0.016088306970806616
BC,SA,2035-01-01T00:00:00,F,90,-119.20002471639964,59900.0,9800.000000000002,-0.001989983718136889,83146.2804322955,5893.851278905029,0.0,0.020224471075989695,0.012163267828204042
BC,SA,2035-01-01T00:00:00,F,91,-210.81473469978846,59900.0,8500.0,-0.0035194446527510594,83146.2804322955,5893.851278905029,0.0,0.035768587418268556,0.02480173349409276
BC,SA,2035-01-01T00:00:00,F,92,-159.75174204403083,59900.0,7000.0,-0.002666973990718378,83146.2804322955,5893.851278905029,0.0,0.027104813895763896,0.022821677434861548
BC,SA,2035-01-01T00:00:00,F,93,-229.58562643417827,59900.0,5500.0,-0.0038328151324570664,83146.2804322955,5893.851278905029,0.0,0.03895341357796037,0.041742841169850595
BC,SA,2035-01-01T00:00:00,F,94,-94.36974707263653,59900.0,4500.0,-0.0015754548760039486,83146.2804322955,5893.851278905029,0.0,0.01601155892928617,0.020971054905030338
BC,SA,2035-01-01T00:00:00,F,95,-174.87880258512587,59900.0,3400.0,-0.0029195125640254734,83146.2804322955,5893.851278905029,0.0,0.029671397242587903,0.051434941936801724
BC,SA,2035-01-01T00:00:00,F,96,-73.22720942786964,59900.0,2600.0,-0.0012224909754235333,83146.2804322955,5893.851278905029,0.0,0.01242433952990309,0.0281643113184114
BC,SA,2035-01-01T00:00:00,F,97,-126.83175046174256,59900.0,2000.0,-0.00211739149351824,83146.2804322955,5893.851278905029,0.0,0.021519333362837345,0.06341587523087128
BC,SA,2035-01-01T00:00:00,F,98,-99.18345373160332,59900.0,1500.0,-0.00165581725762276,83146.2804322955,5893.851278905029,0.0,0.016828292577825244,0.06612230248773555
BC,SA,2035-01-01T00:00:00,F,99,7.698124240218704,59900.0,1100.0,0.0001285162644443857,83146.2804322955,5893.851278905029,9.258531109503023e-05,0.0,0.0
BC,SA,2035-01-01T00:00:00,F,100,1339.9929851788638,59900.0,2100.0,0.02237050058729322,83146.2804322955,5893.851278905029,0.01611609056005813,0.0,0.0
BC,SA,2035-01-01T00:00:00,M,1,589.8667772030931,59900.0,30700.0,0.009847525495878015,83146.2804322955,5893.851278905029,0.007094325496417255,0.0,0.0
BC,SA,2035-01-01T00:00:00,M,2,505.78650756762727,59900.0,30700.000000000004,0.00844384820647124,83146.2804322955,5893.851278905029,0.006083092411806442,0.0,0.0
BC,SA,2035-01-01T00:00:00,M,3,504.0253495214856,59900.0,30700.000000000004,0.008414446569640828,83146.2804322955,5893.851278905029,0.006061910970652551,0.0,0.0
BC,SA,2035-01-01T00:00:00,M,4,502.7765682845966,59900.0,30800.0,0.008393598802747856,83146.2804322955,5893.851278905029,0.006046891883443882,0.0,0.0
BC,SA,2035-01-01T00:00:00,M,5,602.2717301014345,59900.0,30900.000000000004,0.01005461986813747,83146.2804322955,5893.851278905029,0.007243519817965319,0.0,0.0
BC,SA,2035-01-01T00:00:00,M,6,701.7727266274305,59900.0,31100.0,0.011715738341025551,83146.2804322955,5893.851278905029,0.008440217926511713,0.0,0.0
BC,SA,2035-01-01T00:00:00,M,7,501.5294739914316,59900.0,31100.0,0.008372779198521396,83146.2804322955,5893.851278905029,0.0060318930851009965,0.0,0.0
BC,SA,2035-01-01T00:00:00,M,8,501.5294739914316,59900.0,31100.000000000004,0.008372779198521396,83146.2804322955,5893.851278905029,0.0060318930851009965,0.0,0.0
BC,SA,2035-01-01T00:00:00,M,9,501.5244757104192,59900.0,31000.0,0.008372695754764929,83146.2804322955,5893.851278905029,0.006031832970794183,0.0,0.0
BC,SA,2035-01-01T00:00:00,M,10,501.5194774293923,59900.0,30900.0,0.008372612311008219,83146.2804322955,5893.851278905029,0.006031772856487193,0.0,0.0
BC,SA,2035-01-01T00:00:00,M,11,501.51447914837627,59900.0,30800.0,0.008372528867251691,83146.2804322955,5893.851278905029,0.006031712742180335,0.0,0.0
BC,SA,2035-01-01T00:00:00,M,12,402.00598348030326,59900.0,30500.000000000004,0.006711285200005063,83146.2804322955,5893.851278905029,0.004834924441480571,0.0,0.0
BC,SA,2035-01-01T00:00:00,M,13,502.23424280603285,59900.0,30300.000000000004,0.00838454495502559,83146.2804322955,5893.851278905029,0.006040369336966228,0.0,0.0
BC,SA,2035-01-01T00:00:00,M,14,802.8490487212985,59900.0,29300.000000000004,0.013403156072141877,83146.2804322955,5893.851278905029,0.009655862469699336,0.0,0.0
BC,SA,2035-01-01T00:00:00,M,15,1303.9453756899238,59900.0,30900.0,0.021768704101668177,83146.2804322955,5893.851278905029,0.015682546097196767,0.0,0.0
BC,SA,2035-01-01T00:00:00,M,16,2106.158067284563,59900.0,32900.0,0.03516123651560205,83146.2804322955,5893.851278905029,0.02533075510214277,0.0,0.0
BC,SA,2035-01-01T00:00:00,M,17,1809.375547399577,59900.0,34900.0,0.030206603462430336,83146.2804322955,5893.851278905029,0.021761352858988305,0.0,0.0
BC,SA,2035-01-01T00:00:00,M,18,2713.2338107225733,59900.0,38000.0,0.045296056940276684,83146.2804322955,5893.851278905029,0.032632052770320975,0.0,0.0
BC,SA,2035-01-01T00:00:00,M,19,5417.902867916171,59900.0,43099.99999999999,0.0904491296814052,83146.2804322955,5893.851278905029,0.06516109728237177,0.0,0.0
BC,SA,2035-01-01T00:00:00,M,20,3524.949044869907,59900.0,46899.99999999999,0.05884722946360446,83146.2804322955,5893.851278905029,0.04239454881857534,0.0,0.0
BC,SA,2035-01-01T00:00:00,M,21,1231.1781829141983,59900.0,47400.0,0.020553892870020005,83146.2804322955,5893.851278905029,0.014807375345151178,0.0,0.0
BC,SA,2035-01-01T00:00:00,M,22,-63.42726359273365,59900.0,47100.0,-0.0010588858696616637,83146.2804322955,5893.851278905029,0.0,0.010761598925943257,0.0013466510316928588
BC,SA,2035-01-01T00:00:00,M,23,-259.8805642395746,59900.0,46000.00000000001,-0.004338573693482047,83146.2804322955,5893.851278905029,0.0,0.044093505577537356,0.0056495774834690125
BC,SA,2035-01-01T00:00:00,M,24,-257.3495459676342,59900.0,45000.00000000001,-0.004296319632180871,83146.2804322955,5893.851278905029,0.0,0.043664071892809124,0.005718878799280759
BC,SA,2035-01-01T00:00:00,M,25,44.81637866473466,59900.0,45200.0,0.0007481866221157705,83146.2804322955,5893.851278905029,0.0005390064165435256,0.0,0.0
BC,SA,2035-01-01T00:00:00,M,26,146.7640450566687,59900.0,45000.0,0.002450151002615504,83146.2804322955,5893.851278905029,0.0017651306143054225,0.0,0.0
BC,SA,2035-01-01T00:00:00,M,27,548.7234969369238,59900.0,44800.0,0.009160659381250814,83146.2804322955,5893.851278905029,0.006599495420408364,0.0,0.0
BC,SA,2035-01-01T00:00:00,M,28,550.4971839234131,59900.0,44100.0,0.00919027018236082,83146.2804322955,5893.851278905029,0.006620827547080388,0.0,0.0
BC,SA,2035-01-01T00:00:00,M,29,552.9043527021277,59900.0,43400.0,0.009230456639434519,83146.2804322955,5893.851278905029,0.00664977855686939,0.0,0.0
BC,SA,2035-01-01T00:00:00,M,30,556.2166047341452,59900.0,43200.0,0.009285753000570038,83146.2804322955,5893.851278905029,0.006689614999519578,0.0,0.0
BC,SA,2035-01-01T00:00:00,M,31,660.6290892426769,59900.0,43400.0,0.011028866264485423,83146.2804322955,5893.851278905029,0.007945383555438959,0.0,0.0
BC,SA,2035-01-01T00:00:00,M,32,464.3034541673769,59900.0,42800.0,0.00775130975237691,83146.2804322955,5893.851278905029,0.005584175885600207,0.0,0.0
BC,SA,2035-01-01T00:00:00,M,33,567.0653816622071,59900.0,42200.0,0.009466867807382422,83146.2804322955,5893.851278905029,0.006820093198564163,0.0,0.0
BC,SA,2035-01-01T00:00:00,M,34,674.4590161065571,59900.0,44399.99999999999,0.0112597498515285,83146.2804322955,5893.851278905029,0.008111716033476166,0.0,0.0
BC,SA,2035-01-01T00:00:00,M,35,681.0900119815124,59900.0,46500.0,0.011370450951277335,83146.2804322955,5893.851278905029,0.008191466995761903,0.0,0.0
BC,SA,2035-01-01T00:00:00,M,36,585.5935133585444,59900.0,47400.0,0.009776185531862177,83146.2804322955,5893.851278905029,0.007042930968335769,0.0,0.0
BC,SA,2035-01-01T00:00:00,M,37,488.8769428885498,59900.0,47800.0,0.008161551634199496,83146.2804322955,5893.851278905029,0.00587972114142416,0.0,0.0
BC,SA,2035-01-01T00:00:00,M,38,493.39745631955157,59900.0,48500.0,0.008237019304166137,83146.2804322955,5893.851278905029,0.005934089339345926,0.0,0.0
BC,SA,2035-01-01T00:00:00,M,39,298.21660243756924,59900.0,48900.0,0.004978574331178117,83146.2804322955,5893.851278905029,0.003586649948585512,0.0,0.0
BC,SA,2035-01-01T00:00:00,M,40,402.9068902334111,59900.0,49300.00000000001,0.006726325379522723,83146.2804322955,5893.851278905029,0.0048457596435897195,0.0,0.0
BC,SA,2035-01-01T00:00:00,M,41,407.1816456236411,59900.0,49199.99999999999,0.006797690244134242,83146.2804322955,5893.851278905029,0.004897172110485467,0.0,0.0
BC,SA,2035-01-01T00:00:00,M,42,412.0219909393636,59900.0,49000.0,0.006878497344563667,83146.2804322955,5893.851278905029,0.004955386925274013,0.0,0.0
BC,SA,2035-01-01T00:00:00,M,43,317.70701846633165,59900.0,48900.00000000001,0.005303956902609877,83146.2804322955,5893.851278905029,0.0038210611083803643,0.0,0.0
BC,SA,2035-01-01T00:00:00,M,44,323.54420827251306,59900.0,48800.0,0.005401405814232272,83146.2804322955,5893.851278905029,0.003891264968081996,0.0,0.0
BC,SA,2035-01-01T00:00:00,M,45,229.3566860967112,59900.0,48599.99999999999,0.0038289930900953454,83146.2804322955,5893.851278905029,0.0027584719954306574,0.0,0.0
BC,SA,2035-01-01T00:00:00,M,46,333.1428166644546,59900.0,47600.0,0.005561649693897406,83146.2804322955,5893.851278905029,0.004006707394875309,0.0,0.0
BC,SA,2035-01-01T00:00:00,M,47,235.81995923413342,59900.0,46000.0,0.003936894144142461,83146.2804322955,5893.851278905029,0.0028362057569870165,0.0,0.0
BC,SA,2035-01-01T00:00:00,M,48,240.91148104898457,59900.0,45300.0,0.0040218945083302935,83146.2804322955,5893.851278905029,0.002897441470579726,0.0,0.0
BC,SA,2035-01-01T00:00:00,M,49,248.1703098078142,59900.0,45099.99999999999,0.004143076958394227,83146.2804322955,5893.851278905029,0.00298474337658309,0.0,0.0
BC,SA,2035-01-01T00:00:00,M,50,153.30001138452644,59900.0,44100.0,0.0025592656324628787,83146.2804322955,5893.851278905029,0.0018437386565879617,0.0,0.0
BC,SA,2035-01-01T00:00:00,M,51,157.71784678097902,59900.0,42899.99999999999,0.0026330191449245245,83146.2804322955,5893.851278905029,0.001896871946176904,0.0,0.0
BC,SA,2035-01-01T00:00:00,M,52,161.57300489262707,59900.0,41499.99999999999,0.002697379046621487,83146.2804322955,5893.851278905029,0.0019432379181915781,0.0,0.0
BC,SA,2035-01-01T00:00:00,M,53,166.3161369407535,59900.0,40299.99999999999,0.0027765632210476378,83146.2804322955,5893.851278905029,0.0020002835493787563,0.0,0.0
BC,SA,2035-01-01T00:00:00,M,54,170.27654139075457,59900.0,38900.0,0.002842680156773866,83146.2804322955,5893.851278905029,0.0020479153187063807,0.0,0.0
BC,SA,2035-01-01T00:00:00,M,55,174.32272316118906,59900.0,37399.99999999999,0.002910229101188465,83146.2804322955,5893.851278905029,0.002096578731542139,0.0,0.0
BC,SA,2035-01-01T00:00:00,M,56,176.62968081232975,59900.0,35599.99999999999,0.0029487425845130177,83146.2804322955,5893.851278905029,0.0021243245024791706,0.0,0.0
BC,SA,2035-01-01T00:00:00,M,57,181.34617780038388,59900.0,34299.99999999999,0.0030274821001733537,83146.2804322955,5893.851278905029,0.0021810497938996895,0.0,0.0
BC,SA,2035-01-01T00:00:00,M,58,291.40117920296325,59900.0,34000.0,0.004864794310566999,83146.2804322955,5893.851278905029,0.003504680879143426,0.0,0.0
BC,SA,2035-01-01T00:00:00,M,59,201.08198406184965,59900.0,33299.99999999999,0.0033569613365918138,83146.2804322955,5893.851278905029,0.0024184122610943137,0.0,0.0
BC,SA,2035-01-01T00:00:00,M,60,313.6012431198469,59900.0,33100.0,0.005235413073787094,83146.2804322955,5893.851278905029,0.003771680963831048,0.0,0.0
BC,SA,2035-01-01T00:00:00,M,61,226.26099963874003,59900.0,32600.0,0.003777312180947246,83146.2804322955,5893.851278905029,0.002721240186119693,0.0,0.0
BC,SA,2035-01-01T00:00:00,M,62,242.40115024191982,59900.0,32499.999999999996,0.0040467637769936535,83146.2804322955,5893.851278905029,0.0029153577163238548,0.0,0.0
BC,SA,2035-01-01T00:00:00,M,63,264.0791723212351,59900.0,32899.99999999999,0.004408667317549834,83146.2804322955,5893.851278905029,0.003176079205807287,0.0,0.0
BC,SA,2035-01-01T00:00:00,M,64,199.12504830831313,59900.0,34500.0,0.0033242912906229238,83146.2804322955,5893.851278905029,0.0023948762021947212,0.0,0.0
BC,SA,2035-01-01T00:00:00,M,65,222.84524594504182,59900.0,34500.0,0.003720287912271149,83146.2804322955,5893.851278905029,0.0026801589293762892,0.0,0.0
BC,SA,2035-01-01T00:00:00,M,66,241.82869114956702,59900.0,33800.0,0.004037206863932672,83146.2804322955,5893.851278905029,0.002908472752987233,0.0,0.0
BC,SA,2035-01-01T00:00:00,M,67,260.35970819711656,59900.0,32900.0,0.004346572757881746,83146.2804322955,5893.851278905029,0.0031313452248669465,0.0,0.0
BC,SA,2035-01-01T00:00:00,M,68,284.8168479680753,59900.0,32399.999999999996,0.004754872253223294,83146.2804322955,5893.851278905029,0.0034254911523071254,0.0,0.0
BC,SA,2035-01-01T00:00:00,M,69,231.87726076482068,59900.0,33400.0,0.003871072800748258,83146.2804322955,5893.851278905029,0.0027887869374221027,0.0,0.0
BC,SA,2035-01-01T00:00:00,M,70,289.1520201844687,59900.0,34800.0,0.004827245745984453,83146.2804322955,5893.851278905029,0.0034776302521424265,0.0,0.0
BC,SA,2035-01-01T00:00:00,M,71,247.77214270115655,59900.0,35700.0,0.0041364297612880895,83146.2804322955,5893.851278905029,0.002979954622298623,0.0,0.0
BC,SA,2035-01-01T00:00:00,M,72,102.55041305910709,59900.0,35800.0,0.0017120269292004522,83146.2804322955,5893.851278905029,0.0012333734296462247,0.0,0.0
BC,SA,2035-01-01T00:00:00,M,73,223.53045142815972,59900.0,33999.99999999999,0.0037317270689175247,83146.2804322955,5893.851278905029,0.002688399893127829,0.0,0.0
BC,SA,2035-01-01T00:00:00,M,74,72.23164972139784,59900.0,33300.0,0.0012058706130450392,83146.2804322955,5893.851278905029,0.0008687297777585463,0.0,0.0
BC,SA,2035-01-01T00:00:00,M,75,112.68571372717997,59900.0,32199.999999999996,0.0018812306131415688,83146.2804322955,5893.851278905029,0.0013552706524128627,0.0,0.0
BC,SA,2035-01-01T00:00:00,M,76,146.13843974395786,59900.0,30699.999999999996,0.0024397068404667425,83146.2804322955,5893.851278905029,0.0017576064615777457,0.0,0.0
BC,SA,2035-01-01T00:00:00,M,77,1.5438943104200007,59900.0,29799.999999999996,2.5774529389315538e-05,83146.2804322955,5893.851278905029,1.8568411026842813e-05,0.0,0.0
BC,SA,2035-01-01T00:00:00,M,78,27.43505834741154,59900.0,27900.0,0.00045801432967298067,83146.2804322955,5893.851278905029,0.00032996134288594434,0.0,0.0
BC,SA,2035-01-01T00:00:00,M,79,73.99541635008427,59900.0,26700.0,0.0012353157988327925,83146.2804322955,5893.851278905029,0.0008899425923248291,0.0,0.0
BC,SA,2035-01-01T00:00:00,M,80,8.858872418622923,59900.0,25000.0,0.00014789436425080004,83146.2804322955,5893.851278905029,0.00010654562504256028,0.0,0.0
BC,SA,2035-01-01T00:00:00,M,81,23.498934791256033,59900.0,22900.0,0.00039230275110611077,83146.2804322955,5893.851278905029,0.0002826215997766826,0.0,0.0
BC,SA,2035-01-01T00:00:00,M,82,-45.91181163343572,59900.0,21200.0,-0.0007664743177535178,83146.2804322955,5893.851278905029,0.0,0.007789781156806743,0.0021656514921431945
BC,SA,2035-01-01T00:00:00,M,83,-27.405322734739457,59900.0,19400.0,-0.000457517908760258,83146.2804322955,5893.851278905029,0.0,0.004649815789011709,0.0014126455017906935
BC,SA,2035-01-01T00:00:00,M,84,-98.84325283900762,59900.0,17800.0,-0.0016501377769450353,83146.2804322955,5893.851278905029,0.0,0.01677057125495893,0.005552991732528518
BC,SA,2035-01-01T00:00:00,M,85,-162.4606215630156,59900.0,16399.999999999996,-0.0027121973549752184,83146.2804322955,5893.851278905029,0.0,0.027564425004154132,0.009906135461159489
BC,SA,2035-01-01T00:00:00,M,86,-68.41436740963945,59900.0,14599.999999999998,-0.0011421430285415602,83146.2804322955,5893.851278905029,0.0,0.011607752583527964,0.004685915576002703
BC,SA,2035-01-01T00:00:00,M,87,-128.78262134658144,59900.0,13400.0,-0.0021499602895923447,83146.2804322955,5893.851278905029,0.0,0.02185033439976906,0.009610643384073242
BC,SA,2035-01-01T00:00:00,M,88,-125.04714678697928,59900.0,11900.0,-0.0020875984438560816,83146.2804322955,5893.851278905029,0.0,0.021216542608487873,0.010508163595544478
BC,SA,2035-01-01T00:00:00,M,89,-199.07358641415158,59900.0,8699.999999999998,-0.0033234321605033652,83146.2804322955,5893.851278905029,0.0,0.03377648620464272,0.02288202142691398
BC,SA,2035-01-01T00:00:00,M,90,-164.24424808669573,59900.0,7099.999999999999,-0.0027419740915975914,83146.2804322955,5893.851278905029,0.0,0.027867049966895218,0.023132992688267007
BC,SA,2035-01-01T00:00:00,M,91,-87.97180673482035,59900.0,6100.0,-0.0014686445197799724,83146.2804322955,5893.851278905029,0.0,0.014926030972258248,0.014421607661445958
BC,SA,2035-01-01T00:00:00,M,92,-144.63881096835394,59900.0,4900.0,-0.002414671301641969,83146.2804322955,5893.851278905029,0.0,0.024540627871971893,0.02951812468741917
BC,SA,2035-01-01T00:00:00,M,93,-145.22089909334454,59900.0,3699.9999999999995,-0.0024243889664999087,83146.2804322955,5893.851278905029,0.0,0.024639389801556708,0.03924889164684988
BC,SA,2035-01-01T00:00:00,M,94,-133.72477184655372,59900.0,2800.0,-0.0022324669757354545,83146.2804322955,5893.851278905029,0.0,0.022688860902407664,0.047758847088054904
BC,SA,2035-01-01T00:00:00,M,95,-116.61338891513378,59900.0,2100.0,-0.001946801150503068,83146.2804322955,5893.851278905029,0.0,0.019785600857033916,0.055530185197682755
BC,SA,2035-01-01T00:00:00,M,96,-10.122876623076536,59900.0,1599.9999999999998,-0.00016899627083600226,83146.2804322955,5893.851278905029,0.0,0.0017175317367283795,0.006326797889422836
BC,SA,2035-01-01T00:00:00,M,97,-80.70626153194803,59900.0,1100.0,-0.0013473499421026382,83146.2804322955,5893.851278905029,0.0,0.013693297932509384,0.0733693286654073
BC,SA,2035-01-01T00:00:00,M,98,-45.29585919355952,59900.0,799.9999999999999,-0.0007561913054016615,83146.2804322955,5893.851278905029,0.0,0.0076852735249157275,0.05661982399194941
BC,SA,2035-01-01T00:00:00,M,99,-99.29917412066186,59900.0,500.0,-0.0016577491505953565,83146.2804322955,5893.851278905029,0.0,0.016847926664873336,0.19859834824132372
BC,SA,2035-01-01T00:00:00,M,100,535.3491382948654,59900.0,900.0,0.008937381273703929,83146.2804322955,5893.851278905029,0.006438642059650406,0.0,0.0
BC,SA,2036-01-01T00:00:00,F,1,484.31278673579436,61000.0,29599.999999999996,0.007939553880914661,83194.32841380252,7300.42898515686,0.0058214639864253475,0.0,0.0
BC,SA,2036-01-01T00:00:00,F,2,403.71608701785226,61000.0,29499.999999999996,0.006618296508489381,83194.32841380252,7300.42898515686,0.004852687613629115,0.0,0.0
BC,SA,2036-01-01T00:00:00,F,3,402.96264035248896,61000.0,29400.0,0.006605944923811295,83194.32841380252,7300.42898515686,0.004843631146923649,0.0,0.0
BC,SA,2036-01-01T00:00:00,F,4,302.46885961879525,61000.0,29300.000000000004,0.004958505895390086,83194.32841380252,7300.42898515686,0.0036356908624147694,0.0,0.0
BC,SA,2036-01-01T00:00:00,F,5,502.21430838646484,61000.0,29400.000000000004,0.00823302144895844,83194.32841380252,7300.42898515686,0.006036641174485928,0.0,0.0
BC,SA,2036-01-01T00:00:00,F,6,401.975081821769,61000.0,29399.999999999996,0.006589755439701131,83194.32841380252,7300.42898515686,0.004831760643855123,0.0,0.0
BC,SA,2036-01-01T00:00:00,F,7,401.7281940245084,61000.0,29400.0,0.006585708098762433,83194.32841380252,7300.42898515686,0.004828793040149825,0.0,0.0
BC,SA,2036-01-01T00:00:00,F,8,401.4761990063671,61000.0,29299.999999999996,0.006581577032891264,83194.32841380252,7300.42898515686,0.004825764047393396,0.0,0.0
BC,SA,2036-01-01T00:00:00,F,9,401.47109105133495,61000.0,29200.0,0.006581493295923523,83194.32841380252,7300.42898515686,0.00482570264951773,0.0,0.0
BC,SA,2036-01-01T00:00:00,F,10,401.4608751412525,61000.0,29000.0,0.006581325821987745,83194.32841380252,7300.42898515686,0.0048255798537661775,0.0,0.0
BC,SA,2036-01-01T00:00:00,F,11,301.45576718621305,61000.0,28800.0,0.004941897822724804,83194.32841380252,7300.42898515686,0.003623513440565252,0.0,0.0
BC,SA,2036-01-01T00:00:00,F,12,401.68051970659144,61000.0,28600.0,0.0065849265525670725,83194.32841380252,7300.42898515686,0.004828219992457441,0.0,0.0
BC,SA,2036-01-01T00:00:00,F,13,501.90697555205406,61000.0,28499.999999999996,0.008227983205771379,83194.32841380252,7300.42898515686,0.00603294701840257,0.0,0.0
BC,SA,2036-01-01T00:00:00,F,14,702.1376887191145,61000.0,28600.0,0.011510453913428106,83194.32841380252,7300.42898515686,0.008439730232891993,0.0,0.0
BC,SA,2036-01-01T00:00:00,F,15,1302.7481043269654,61000.0,28200.0,0.021356526300442057,83194.32841380252,7300.42898515686,0.015659097551063716,0.0,0.0
BC,SA,2036-01-01T00:00:00,F,16,2304.0957956030143,61000.0,30600.0,0.03777206222300023,83194.32841380252,7300.42898515686,0.02769534702104463,0.0,0.0
BC,SA,2036-01-01T00:00:00,F,17,1806.3136013992516,61000.0,32700.000000000004,0.02961169838359429,83194.32841380252,7300.42898515686,0.02171198008131972,0.0,0.0
BC,SA,2036-01-01T00:00:00,F,18,2508.4795079475516,61000.0,35700.0,0.041122614884386094,83194.32841380252,7300.42898515686,0.03015204949393374,0.0,0.0
BC,SA,2036-01-01T00:00:00,F,19,5111.003025943879,61000.0,41000.0,0.083786934851539,83194.32841380252,7300.42898515686,0.061434512705266675,0.0,0.0
BC,SA,2036-01-01T00:00:00,F,20,2814.27662595157,61000.0,43700.0,0.04613568239264869,83194.32841380252,7300.42898515686,0.033827746189061876,0.0,0.0
BC,SA,2036-01-01T00:00:00,F,21,716.6656696980572,61000.0,44200.0,0.011748617536033724,83194.32841380252,7300.42898515686,0.00861435729288437,0.0,0.0
BC,SA,2036-01-01T00:00:00,F,22,-381.9780092038636,61000.0,43699.99999999999,-0.006261934577112519,83194.32841380252,7300.42898515686,0.0,0.05232267993846615,0.00874091554242251
BC,SA,2036-01-01T00:00:00,F,23,-81.025231454194,61000.0,43600.0,-0.0013282824828556394,83194.32841380252,7300.42898515686,0.0,0.011098694558762707,0.0018583768682154586
BC,SA,2036-01-01T00:00:00,F,24,219.4933186436756,61000.0,43400.0,0.003598251125306157,83194.32841380252,7300.42898515686,0.002638320698400639,0.0,0.0
BC,SA,2036-01-01T00:00:00,F,25,519.3128249525253,61000.0,43300.0,0.008513324999221725,83194.32841380252,7300.42898515686,0.006242166201156179,0.0,0.0
BC,SA,2036-01-01T00:00:00,F,26,319.6286889120238,61000.0,43800.0,0.005239814572328259,83194.32841380252,7300.42898515686,0.0038419528711406145,0.0,0.0
BC,SA,2036-01-01T00:00:00,F,27,619.9990712703147,61000.0,44100.0,0.0101639192011527,83194.32841380252,7300.42898515686,0.007452419931638664,0.0,0.0
BC,SA,2036-01-01T00:00:00,F,28,620.5567600609356,61000.0,44500.0,0.010173061640343208,83194.32841380252,7300.42898515686,0.007459123378871834,0.0,0.0
BC,SA,2036-01-01T00:00:00,F,29,721.110224954049,61000.0,44200.0,0.01182147909760736,83194.32841380252,7300.42898515686,0.008667781069970291,0.0,0.0
BC,SA,2036-01-01T00:00:00,F,30,721.6500708521562,61000.0,43799.99999999999,0.011830329030363216,83194.32841380252,7300.42898515686,0.008674270044740567,0.0,0.0
BC,SA,2036-01-01T00:00:00,F,31,722.7510234012152,61000.0,43800.0,0.011848377432806806,83194.32841380252,7300.42898515686,0.008687503549596607,0.0,0.0
BC,SA,2036-01-01T00:00:00,F,32,624.387552967717,61000.0,43999.99999999999,0.010235861524060936,83194.32841380252,7300.42898515686,0.007505169701738067,0.0,0.0
BC,SA,2036-01-01T00:00:00,F,33,525.4485509664592,61000.0,43200.0,0.008613910671581298,83194.32841380252,7300.42898515686,0.006315917935570276,0.0,0.0
BC,SA,2036-01-01T00:00:00,F,34,627.0749393624283,61000.0,43000.0,0.010279917038728333,83194.32841380252,7300.42898515686,0.007537472220983662,0.0,0.0
BC,SA,2036-01-01T00:00:00,F,35,730.3786483926597,61000.0,45300.00000000001,0.011973420465453436,83194.32841380252,7300.42898515686,0.008779187984543965,0.0,0.0
BC,SA,2036-01-01T00:00:00,F,36,534.2223123143995,61000.0,46699.99999999999,0.00875774282482622,83194.32841380252,7300.42898515686,0.00642137898700518,0.0,0.0
BC,SA,2036-01-01T00:00:00,F,37,537.2963569873536,61000.0,47100.0,0.008808136999792682,83194.32841380252,7300.42898515686,0.006458329158147425,0.0,0.0
BC,SA,2036-01-01T00:00:00,F,38,340.3321505827553,61000.0,47200.0,0.005579215583323857,83194.32841380252,7300.42898515686,0.004090809518768731,0.0,0.0
BC,SA,2036-01-01T00:00:00,F,39,442.1485985097315,61000.0,47099.99999999999,0.007248337680487402,83194.32841380252,7300.42898515686,0.005314648329276927,0.0,0.0
BC,SA,2036-01-01T00:00:00,F,40,445.08218735111586,61000.0,48100.0,0.007296429300837965,83194.32841380252,7300.42898515686,0.005349910214279386,0.0,0.0
BC,SA,2036-01-01T00:00:00,F,41,346.5112118230172,61000.0,47800.0,0.005680511669229791,83194.32841380252,7300.42898515686,0.004165082144776694,0.0,0.0
BC,SA,2036-01-01T00:00:00,F,42,348.02795459186746,61000.0,47700.0,0.005705376304784712,83194.32841380252,7300.42898515686,0.004183313468927855,0.0,0.0
BC,SA,2036-01-01T00:00:00,F,43,349.85209750513604,61000.0,47900.0,0.005735280286969444,83194.32841380252,7300.42898515686,0.004205239758232043,0.0,0.0
BC,SA,2036-01-01T00:00:00,F,44,352.31494918723183,61000.0,48300.00000000001,0.005775654904708718,83194.32841380252,7300.42898515686,0.004234843358970854,0.0,0.0
BC,SA,2036-01-01T00:00:00,F,45,254.7677011008418,61000.0,48200.0,0.0041765196901777345,83194.32841380252,7300.42898515686,0.003062320544660759,0.0,0.0
BC,SA,2036-01-01T00:00:00,F,46,357.5092392790393,61000.0,48200.0,0.005860807201295727,83194.32841380252,7300.42898515686,0.004297278986384919,0.0,0.0
BC,SA,2036-01-01T00:00:00,F,47,259.2307308054951,61000.0,47200.0,0.004249684111565494,83194.32841380252,7300.42898515686,0.003115966385546144,0.0,0.0
BC,SA,2036-01-01T00:00:00,F,48,161.63024701001996,61000.0,46200.00000000001,0.0026496761804921305,83194.32841380252,7300.42898515686,0.001942803675342902,0.0,0.0
BC,SA,2036-01-01T00:00:00,F,49,164.13466082276864,61000.0,45200.0,0.0026907321446355513,83194.32841380252,7300.42898515686,0.0019729068549766376,0.0,0.0
BC,SA,2036-01-01T00:00:00,F,50,168.4395132078207,61000.0,45000.0,0.0027613034952101755,83194.32841380252,7300.42898515686,0.0020246513965473086,0.0,0.0
BC,SA,2036-01-01T00:00:00,F,51,171.98599334494793,61000.0,43900.0,0.0028194425138516055,83194.32841380252,7300.42898515686,0.0020672802656630886,0.0,0.0
BC,SA,2036-01-01T00:00:00,F,52,176.3425876137917,61000.0,43200.00000000001,0.002890862092029372,83194.32841380252,7300.42898515686,0.00211964674727196,0.0,0.0
BC,SA,2036-01-01T00:00:00,F,53,180.6909802774535,61000.0,42400.00000000001,0.002962147217663172,83194.32841380252,7300.42898515686,0.0021719146451752063,0.0,0.0
BC,SA,2036-01-01T00:00:00,F,54,185.73475860046165,61000.0,41700.0,0.003044832108204289,83194.32841380252,7300.42898515686,0.002232541113579648,0.0,0.0
BC,SA,2036-01-01T00:00:00,F,55,189.4760525429956,61000.0,40199.99999999999,0.003106164795786813,83194.32841380252,7300.42898515686,0.0022775116544069634,0.0,0.0
BC,SA,2036-01-01T00:00:00,F,56,294.8155940828583,61000.0,39399.99999999999,0.004833042525948497,83194.32841380252,7300.42898515686,0.0035436982268366546,0.0,0.0
BC,SA,2036-01-01T00:00:00,F,57,298.3723059258991,61000.0,37700.00000000001,0.004891349277473756,83194.32841380252,7300.42898515686,0.0035864500815706696,0.0,0.0
BC,SA,2036-01-01T00:00:00,F,58,303.5512902561313,61000.0,36600.0,0.004976250659936579,83194.32841380252,7300.42898515686,0.0036487017329629653,0.0,0.0
BC,SA,2036-01-01T00:00:00,F,59,311.3103441316416,61000.0,36200.0,0.005103448264453141,83194.32841380252,7300.42898515686,0.003741965949688381,0.0,0.0
BC,SA,2036-01-01T00:00:00,F,60,222.4473896677082,61000.0,36400.0,0.0036466785191427574,83194.32841380252,7300.42898515686,0.0026738287802657787,0.0,0.0
BC,SA,2036-01-01T00:00:00,F,61,231.4409323753207,61000.0,35900.0,0.0037941136454970608,83194.32841380252,7300.42898515686,0.002781931614666692,0.0,0.0
BC,SA,2036-01-01T00:00:00,F,62,242.84567164524924,61000.0,35700.0,0.003981076584348348,83194.32841380252,7300.42898515686,0.0029190171526759924,0.0,0.0
BC,SA,2036-01-01T00:00:00,F,63,256.6390562425295,61000.0,35800.00000000001,0.004207197643320155,83194.32841380252,7300.42898515686,0.0030848143273183907,0.0,0.0
BC,SA,2036-01-01T00:00:00,F,64,272.9967255401716,61000.0,36100.0,0.004475356156396256,83194.32841380252,7300.42898515686,0.0032814343326663547,0.0,0.0
BC,SA,2036-01-01T00:00:00,F,65,200.63404464302585,61000.0,38100.0,0.0032890826990659974,83194.32841380252,7300.42898515686,0.002411631279058913,0.0,0.0
BC,SA,2036-01-01T00:00:00,F,66,20.132733997095784,61000.0,37900.00000000001,0.000330044819624521,83194.32841380252,7300.42898515686,0.00024199647236716707,0.0,0.0
BC,SA,2036-01-01T00:00:00,F,67,39.37064481809648,61000.0,37500.0,0.0006454204068540406,83194.32841380252,7300.42898515686,0.0004732371252793792,0.0,0.0
BC,SA,2036-01-01T00:00:00,F,68,53.71271299511136,61000.0,36100.0,0.0008805362786083829,83194.32841380252,7300.42898515686,0.0006456295040684534,0.0,0.0
BC,SA,2036-01-01T00:00:00,F,69,271.2608733436282,61000.0,35200.0,0.004446899563010298,83194.32841380252,7300.42898515686,0.0032605693022052704,0.0,0.0
BC,SA,2036-01-01T00:00:00,F,70,209.40885617586173,61000.0,36300.0,0.0034329320684567495,83194.32841380252,7300.42898515686,0.002517104953768932,0.0,0.0
BC,SA,2036-01-01T00:00:00,F,71,253.94202147773467,61000.0,37599.99999999999,0.004162983958651388,83194.32841380252,7300.42898515686,0.0030523958341804936,0.0,0.0
BC,SA,2036-01-01T00:00:00,F,72,108.24321525570849,61000.0,39000.0,0.001774478938618172,83194.32841380252,7300.42898515686,0.0013010888761228365,0.0,0.0
BC,SA,2036-01-01T00:00:00,F,73,148.78718205370387,61000.0,38700.00000000001,0.0024391341320279323,83194.32841380252,7300.42898515686,0.0017884293904465132,0.0,0.0
BC,SA,2036-01-01T00:00:00,F,74,77.37778492062353,61000.0,37000.00000000001,0.0012684882773872708,83194.32841380252,7300.42898515686,0.0009300848554934186,0.0,0.0
BC,SA,2036-01-01T00:00:00,F,75,127.32501716370462,61000.0,36800.0,0.00208729536333942,83194.32841380252,7300.42898515686,0.0015304530920713642,0.0,0.0
BC,SA,2036-01-01T00:00:00,F,76,75.50086451109382,61000.0,36000.0,0.0012377190903458005,83194.32841380252,7300.42898515686,0.0009075241780372098,0.0,0.0
BC,SA,2036-01-01T00:00:00,F,77,-80.24593548591656,61000.0,34600.0,-0.0013155071391133862,83194.32841380252,7300.42898515686,0.0,0.010991947959369454,0.0023192466903444093
BC,SA,2036-01-01T00:00:00,F,78,-128.4425295295805,61000.0,33500.0,-0.002105615238189844,83194.32841380252,7300.42898515686,0.0,0.017593833155658142,0.003834105359091955
BC,SA,2036-01-01T00:00:00,F,79,14.817417644735542,61000.0,32000.0,0.0002429084859792712,83194.32841380252,7300.42898515686,0.00017810610323139804,0.0,0.0
BC,SA,2036-01-01T00:00:00,F,80,-32.48692361651047,61000.0,30600.0,-0.0005325725183034503,83194.32841380252,7300.42898515686,0.0,0.004450002004342823,0.0010616641704741983
BC,SA,2036-01-01T00:00:00,F,81,-276.0902550424471,61000.0,29000.0,-0.004526069754794215,83194.32841380252,7300.42898515686,0.0,0.03781836048317028,0.009520353622153348
BC,SA,2036-01-01T00:00:00,F,82,-143.69562169989877,61000.0,26900.000000000007,-0.002355665929506537,83194.32841380252,7300.42898515686,0.0,0.019683175056158877,0.005341844672858689
BC,SA,2036-01-01T00:00:00,F,83,-217.96167184614023,61000.0,24500.0,-0.003573142161412135,83194.32841380252,7300.42898515686,0.0,0.02985600877555239,0.008896394769230214
BC,SA,2036-01-01T00:00:00,F,84,-189.61157151428415,61000.0,22400.000000000004,-0.0031083864182669535,83194.32841380252,7300.42898515686,0.0,0.025972661592873515,0.008464802299744827
BC,SA,2036-01-01T00:00:00,F,85,-249.2873546616902,61000.0,20600.000000000004,-0.00408667794527361,83194.32841380252,7300.42898515686,0.0,0.03414694604502531,0.012101327896198551
BC,SA,2036-01-01T00:00:00,F,86,-196.85631086011563,61000.0,19200.0,-0.003227152637051076,83194.32841380252,7300.42898515686,0.0,0.026965033323433647,0.010252932857297689
BC,SA,2036-01-01T00:00:00,F,87,-83.98725743780597,61000.0,17200.0,-0.0013768402858656715,83194.32841380252,7300.42898515686,0.0,0.011504427699874595,0.00488298008359337
BC,SA,2036-01-01T00:00:00,F,88,-232.66096240041406,61000.0,15700.000000000002,-0.003814114137711706,83194.32841380252,7300.42898515686,0.0,0.03186949189882641,0.014819169579644206
BC,SA,2036-01-01T00:00:00,F,89,-297.99289779638093,61000.0,14099.999999999998,-0.0048851294720718185,83194.32841380252,7300.42898515686,0.0,0.04081854619807361,0.02113424807066532
BC,SA,2036-01-01T00:00:00,F,90,-164.6587930644473,61000.0,10499.999999999998,-0.0026993244764663494,83194.32841380252,7300.42898515686,0.0,0.022554673622499376,0.01568178981566165
BC,SA,2036-01-01T00:00:00,F,91,-302.43717867679334,61000.0,8600.0,-0.004957986535685137,83194.32841380252,7300.42898515686,0.0,0.04142731602371652,0.035167113799627135
BC,SA,2036-01-01T00:00:00,F,92,-217.08131858037723,61000.0,7400.000000000001,-0.003558710140661922,83194.32841380252,7300.42898515686,0.0,0.02973541952421484,0.029335313321672597
BC,SA,2036-01-01T00:00:00,F,93,-179.3359208044476,61000.0,6000.000000000001,-0.002939933127941764,83194.32841380252,7300.42898515686,0.0,0.02456512092221856,0.029889320134074596
BC,SA,2036-01-01T00:00:00,F,94,-175.5663876266035,61000.0,4600.000000000001,-0.0028781375020754674,83194.32841380252,7300.42898515686,0.0,0.02404877685730015,0.03816660600578336
BC,SA,2036-01-01T00:00:00,F,95,-137.25557152277133,61000.0,3700.0,-0.0022500913364388742,83194.32841380252,7300.42898515686,0.0,0.018801028241194815,0.03709610041155982
BC,SA,2036-01-01T00:00:00,F,96,-46.069349477778815,61000.0,2800.0000000000005,-0.0007552352373406363,83194.32841380252,7300.42898515686,0.0,0.006310498954437668,0.016453339099206717
BC,SA,2036-01-01T00:00:00,F,97,-131.6055334012035,61000.0,2000.0,-0.002157467760675467,83194.32841380252,7300.42898515686,0.0,0.018027095896526384,0.06580276670060176
BC,SA,2036-01-01T00:00:00,F,98,-103.13711900218323,61000.0,1500.0,-0.0016907724426587414,83194.32841380252,7300.42898515686,0.0,0.014127542259760394,0.06875807933478882
BC,SA,2036-01-01T00:00:00,F,99,-73.49733292603742,61000.0,1100.0,-0.0012048743102629086,83194.32841380252,7300.42898515686,0.0,0.010067536178417907,0.06681575720548856
BC,SA,2036-01-01T00:00:00,F,100,1261.5159627632515,61000.0,2100.0,0.020680589553495925,83194.32841380252,7300.42898515686,0.015163485141541899,0.0,0.0
BC,SA,2036-01-01T00:00:00,M,1,589.9785272091249,61000.0,31200.000000000004,0.009671779134575818,83194.32841380252,7300.42898515686,0.007091571486395259,0.0,0.0
BC,SA,2036-01-01T00:00:00,M,2,405.7934594403596,61000.0,31100.000000000004,0.006652351794104255,83194.32841380252,7300.42898515686,0.004877657734334635,0.0,0.0
BC,SA,2036-01-01T00:00:00,M,3,404.0301819996348,61000.0,31100.0,0.00662344560655139,83194.32841380252,7300.42898515686,0.004856463051063026,0.0,0.0
BC,SA,2036-01-01T00:00:00,M,4,502.7707252502878,61000.0,31199.999999999996,0.008242143036889964,83194.32841380252,7300.42898515686,0.006043329333095195,0.0,0.0
BC,SA,2036-01-01T00:00:00,M,5,502.27433308065156,61000.0,31299.999999999996,0.00823400546033855,83194.32841380252,7300.42898515686,0.006037362674320486,0.0,0.0
BC,SA,2036-01-01T00:00:00,M,6,601.7746626219523,61000.0,31500.000000000004,0.009865158403638562,83194.32841380252,7300.42898515686,0.007233361625671993,0.0,0.0
BC,SA,2036-01-01T00:00:00,M,7,601.5309822037743,61000.0,31700.0,0.009861163642684825,83194.32841380252,7300.42898515686,0.007230432574824129,0.0,0.0
BC,SA,2036-01-01T00:00:00,M,8,501.53098220377797,61000.0,31600.000000000004,0.008221819380389803,83194.32841380252,7300.42898515686,0.006028427559499001,0.0,0.0
BC,SA,2036-01-01T00:00:00,M,9,501.5309822037707,61000.0,31600.0,0.008221819380389683,83194.32841380252,7300.42898515686,0.0060284275594989145,0.0,0.0
BC,SA,2036-01-01T00:00:00,M,10,601.5260594314168,61000.0,31600.0,0.009861082941498636,83194.32841380252,7300.42898515686,0.007230373402853498,0.0,0.0
BC,SA,2036-01-01T00:00:00,M,11,501.5211366590556,61000.0,31400.0,0.008221657978017305,83194.32841380252,7300.42898515686,0.006028309215557653,0.0,0.0
BC,SA,2036-01-01T00:00:00,M,12,402.0216257752072,61000.0,31200.0,0.006590518455331266,83194.32841380252,7300.42898515686,0.00483232010450978,0.0,0.0
BC,SA,2036-01-01T00:00:00,M,13,502.2521804857133,61000.0,31000.000000000004,0.008233642303044481,83194.32841380252,7300.42898515686,0.006037096399018303,0.0,0.0
BC,SA,2036-01-01T00:00:00,M,14,802.9832321879294,61000.0,31100.0,0.013163659544064416,83194.32841380252,7300.42898515686,0.009651898723119074,0.0,0.0
BC,SA,2036-01-01T00:00:00,M,15,1303.8463951983467,61000.0,30600.0,0.021374531068825357,83194.32841380252,7300.42898515686,0.015672299062420576,0.0,0.0
BC,SA,2036-01-01T00:00:00,M,16,2106.0847432876362,61000.0,33000.0,0.03452597939815797,83194.32841380252,7300.42898515686,0.025315244241315638,0.0,0.0
BC,SA,2036-01-01T00:00:00,M,17,1809.178150021071,61000.0,34700.0,0.029658658197066735,83194.32841380252,7300.42898515686,0.021746412099420416,0.0,0.0
BC,SA,2036-01-01T00:00:00,M,18,2712.8862589981363,61000.0,37600.0,0.04447354522947764,83194.32841380252,7300.42898515686,0.032609028893225006,0.0,0.0
BC,SA,2036-01-01T00:00:00,M,19,5417.772835673255,61000.0,43400.0,0.08881594812579106,83194.32841380252,7300.42898515686,0.06512190120371726,0.0,0.0
BC,SA,2036-01-01T00:00:00,M,20,3624.4024815029334,61000.0,46700.0,0.05941643412299891,83194.32841380252,7300.42898515686,0.04356549960323521,0.0,0.0
BC,SA,2036-01-01T00:00:00,M,21,1131.172730961407,61000.0,48000.0,0.018543815261662412,83194.32841380252,7300.42898515686,0.013596752958146816,0.0,0.0
BC,SA,2036-01-01T00:00:00,M,22,-63.82674094536924,61000.0,47300.00000000001,-0.0010463400154978565,83194.32841380252,7300.42898515686,0.0,0.008742875394739263,0.0013494025569845503
BC,SA,2036-01-01T00:00:00,M,23,-359.803413557318,61000.0,46700.0,-0.005898416615693737,83194.32841380252,7300.42898515686,0.0,0.049285242591752584,0.007704569883454347
BC,SA,2036-01-01T00:00:00,M,24,-157.34418721428665,61000.0,45800.0,-0.00257941290515224,83194.32841380252,7300.42898515686,0.0,0.021552731700314715,0.0034354626029320227
BC,SA,2036-01-01T00:00:00,M,25,143.9446592416498,61000.0,45100.0,0.002359748512158193,83194.32841380252,7300.42898515686,0.0017302220233773576,0.0,0.0
BC,SA,2036-01-01T00:00:00,M,26,146.36601308443642,61000.0,45300.0,0.0023994428374497774,83194.32841380252,7300.42898515686,0.0017593268180064216,0.0,0.0
BC,SA,2036-01-01T00:00:00,M,27,548.7464743402452,61000.0,45500.0,0.008995843841643364,83194.32841380252,7300.42898515686,0.006595960142989799,0.0,0.0
BC,SA,2036-01-01T00:00:00,M,28,551.1040170226479,61000.0,45300.0,0.00903449208233849,83194.32841380252,7300.42898515686,0.0066242979242707115,0.0,0.0
BC,SA,2036-01-01T00:00:00,M,29,553.5635742502345,61000.0,44600.0,0.009074812692626796,83194.32841380252,7300.42898515686,0.0066538619255010955,0.0,0.0
BC,SA,2036-01-01T00:00:00,M,30,656.2760829049439,61000.0,44000.00000000001,0.010758624309917112,83194.32841380252,7300.42898515686,0.007888471430897003,0.0,0.0
BC,SA,2036-01-01T00:00:00,M,31,660.2724815074253,61000.0,43800.0,0.010824139041105333,83194.32841380252,7300.42898515686,0.007936508342531214,0.0,0.0
BC,SA,2036-01-01T00:00:00,M,32,464.8271429364686,61000.0,43800.0,0.007620117097319157,83194.32841380252,7300.42898515686,0.0055872455706890535,0.0,0.0
BC,SA,2036-01-01T00:00:00,M,33,567.7962109870714,61000.0,43300.0,0.009308134606345433,83194.32841380252,7300.42898515686,0.006824938932890887,0.0,0.0
BC,SA,2036-01-01T00:00:00,M,34,670.6570568523966,61000.0,42800.0,0.01099437798118683,83194.32841380252,7300.42898515686,0.00806133145899799,0.0,0.0
BC,SA,2036-01-01T00:00:00,M,35,677.2570278582789,61000.0,45000.0,0.0111025742271849,83194.32841380252,7300.42898515686,0.008140663441498702,0.0,0.0
BC,SA,2036-01-01T00:00:00,M,36,683.5837195240456,61000.0,47100.00000000001,0.011206290484000748,83194.32841380252,7300.42898515686,0.008216710592625378,0.0,0.0
BC,SA,2036-01-01T00:00:00,M,37,587.5366991411793,61000.0,47900.0,0.009631749166248841,83194.32841380252,7300.42898515686,0.007062220590552936,0.0,0.0
BC,SA,2036-01-01T00:00:00,M,38,491.4154001440984,61000.0,48200.0,0.008055990166296694,83194.32841380252,7300.42898515686,0.00590683775581232,0.0,0.0
BC,SA,2036-01-01T00:00:00,M,39,396.3384539418694,61000.0,48800.00000000001,0.006497351703965071,83194.32841380252,7300.42898515686,0.004764008094043513,0.0,0.0
BC,SA,2036-01-01T00:00:00,M,40,401.14857501488586,61000.0,49200.0,0.0065762061477850145,83194.32841380252,7300.42898515686,0.004821825990584384,0.0,0.0
BC,SA,2036-01-01T00:00:00,M,41,406.42940102808643,61000.0,49600.0,0.006662777066034204,83194.32841380252,7300.42898515686,0.004885301784113651,0.0,0.0
BC,SA,2036-01-01T00:00:00,M,42,311.4662208027148,61000.0,49400.0,0.005106003619716636,83194.32841380252,7300.42898515686,0.003743839595092403,0.0,0.0
BC,SA,2036-01-01T00:00:00,M,43,316.6471392282183,61000.0,49200.0,0.005190936708659316,83194.32841380252,7300.42898515686,0.0038061144944068607,0.0,0.0
BC,SA,2036-01-01T00:00:00,M,44,422.4335424511155,61000.0,49199.99999999999,0.006925140040182221,83194.32841380252,7300.42898515686,0.005077672366678193,0.0,0.0
BC,SA,2036-01-01T00:00:00,M,45,328.1956297857323,61000.0,49000.0,0.005380256225995612,83194.32841380252,7300.42898515686,0.003944927930102533,0.0,0.0
BC,SA,2036-01-01T00:00:00,M,46,334.456825625326,61000.0,48800.0,0.005482898780743049,83194.32841380252,7300.42898515686,0.00402018781811378,0.0,0.0
BC,SA,2036-01-01T00:00:00,M,47,238.7286096984244,61000.0,47700.0,0.003913583765547941,83194.32841380252,7300.42898515686,0.0028695298615911136,0.0,0.0
BC,SA,2036-01-01T00:00:00,M,48,241.24561931202334,61000.0,46099.99999999999,0.0039548462182298905,83194.32841380252,7300.42898515686,0.0028997844433827896,0.0,0.0
BC,SA,2036-01-01T00:00:00,M,49,246.91198855797848,61000.0,45400.0,0.004047737517343909,83194.32841380252,7300.42898515686,0.0029678944859060133,0.0,0.0
BC,SA,2036-01-01T00:00:00,M,50,254.41578861118614,61000.0,45200.0,0.004170750632970265,83194.32841380252,7300.42898515686,0.0030580905388855424,0.0,0.0
BC,SA,2036-01-01T00:00:00,M,51,159.68900487734936,61000.0,44100.0,0.0026178525389729404,83194.32841380252,7300.42898515686,0.0019194698475485962,0.0,0.0
BC,SA,2036-01-01T00:00:00,M,52,164.5099986117275,61000.0,42900.0,0.002696885223143074,83194.32841380252,7300.42898515686,0.0019774184340243337,0.0,0.0
BC,SA,2036-01-01T00:00:00,M,53,168.6915286715157,61000.0,41499.99999999999,0.0027654348962543557,83194.32841380252,7300.42898515686,0.0020276806350603173,0.0,0.0
BC,SA,2036-01-01T00:00:00,M,54,173.75117171190504,61000.0,40299.99999999999,0.002848379864129591,83194.32841380252,7300.42898515686,0.0020884977981633483,0.0,0.0
BC,SA,2036-01-01T00:00:00,M,55,178.58761581418366,61000.0,38900.0,0.002927665833019404,83194.32841380252,7300.42898515686,0.0021466320988361358,0.0,0.0
BC,SA,2036-01-01T00:00:00,M,56,182.77070987733168,61000.0,37400.0,0.0029962411455300274,83194.32841380252,7300.42898515686,0.0021969130992709443,0.0,0.0
BC,SA,2036-01-01T00:00:00,M,57,185.39060890013934,61000.0,35599.99999999999,0.00303919030983835,83194.32841380252,7300.42898515686,0.0022284044169215474,0.0,0.0
BC,SA,2036-01-01T00:00:00,M,58,290.75012577651796,61000.0,34400.0,0.004766395504533082,83194.32841380252,7300.42898515686,0.0034948310938979887,0.0,0.0
BC,SA,2036-01-01T00:00:00,M,59,202.22564182519272,61000.0,34000.0,0.0033151744561507003,83194.32841380252,7300.42898515686,0.0024307623570123333,0.0,0.0
BC,SA,2036-01-01T00:00:00,M,60,212.30748039358878,61000.0,33300.0,0.0034804504982555535,83194.32841380252,7300.42898515686,0.002551946562241441,0.0,0.0
BC,SA,2036-01-01T00:00:00,M,61,226.2842835690899,61000.0,33100.0,0.003709578419165408,83194.32841380252,7300.42898515686,0.002719948437393092,0.0,0.0
BC,SA,2036-01-01T00:00:00,M,62,239.50060256764482,61000.0,32600.0,0.003926239386354833,83194.32841380252,7300.42898515686,0.002878809254597096,0.0,0.0
BC,SA,2036-01-01T00:00:00,M,63,256.95852866733185,61000.0,32499.999999999996,0.004212434896185768,83194.32841380252,7300.42898515686,0.003088654401887096,0.0,0.0
BC,SA,2036-01-01T00:00:00,M,64,280.16769896788537,61000.0,32899.99999999999,0.004592913097834187,83194.32841380252,7300.42898515686,0.0033676297929151095,0.0,0.0
BC,SA,2036-01-01T00:00:00,M,65,217.09352424885583,61000.0,34400.0,0.0035589102335878003,83194.32841380252,7300.42898515686,0.0026094750494174133,0.0,0.0
BC,SA,2036-01-01T00:00:00,M,66,242.67532157859387,61000.0,34399.99999999999,0.003978283960304817,83194.32841380252,7300.42898515686,0.002916969536331185,0.0,0.0
BC,SA,2036-01-01T00:00:00,M,67,263.57950715914194,61000.0,33700.0,0.004320975527199048,83194.32841380252,7300.42898515686,0.003168238895422254,0.0,0.0
BC,SA,2036-01-01T00:00:00,M,68,283.7364604626164,61000.0,32800.0,0.004651417384633055,83194.32841380252,7300.42898515686,0.0034105264850667694,0.0,0.0
BC,SA,2036-01-01T00:00:00,M,69,210.24110085282518,61000.0,32199.999999999996,0.003446575423816806,83194.32841380252,7300.42898515686,0.0025271085765258094,0.0,0.0
BC,SA,2036-01-01T00:00:00,M,70,159.8357545980689,61000.0,33100.0,0.00262025827209949,83194.32841380252,7300.42898515686,0.0019212337865516205,0.0,0.0
BC,SA,2036-01-01T00:00:00,M,71,121.63327433905943,61000.0,34400.0,0.001993988103919007,83194.32841380252,7300.42898515686,0.0014620380578597185,0.0,0.0
BC,SA,2036-01-01T00:00:00,M,72,183.78463343081967,61000.0,35300.0,0.0030128628431281912,83194.32841380252,7300.42898515686,0.002209100511235433,0.0,0.0
BC,SA,2036-01-01T00:00:00,M,73,139.27828306074662,61000.0,35300.0,0.0022832505419794528,83194.32841380252,7300.42898515686,0.0016741319476489623,0.0,0.0
BC,SA,2036-01-01T00:00:00,M,74,64.22781350967853,61000.0,33400.0,0.0010529149755685004,83194.32841380252,7300.42898515686,0.0007720215396200336,0.0,0.0
BC,SA,2036-01-01T00:00:00,M,75,112.85267690333785,61000.0,32699.999999999996,0.0018500438836612763,83194.32841380252,7300.42898515686,0.0013564948363068317,0.0,0.0
BC,SA,2036-01-01T00:00:00,M,76,56.268723505290836,61000.0,31500.0,0.0009224380902506695,83194.32841380252,7300.42898515686,0.0006763528785930492,0.0,0.0
BC,SA,2036-01-01T00:00:00,M,77,-7.672163463470497,61000.0,29900.0,-0.00012577317153230323,83194.32841380252,7300.42898515686,0.0,0.0010509195389845506,0.00025659409576824405
BC,SA,2036-01-01T00:00:00,M,78,46.537583641802485,61000.0,29000.0,0.0007629112072426637,83194.32841380252,7300.42898515686,0.0005593840893856122,0.0,0.0
BC,SA,2036-01-01T00:00:00,M,79,-26.268495980868465,61000.0,27000.0,-0.0004306310816535814,83194.32841380252,7300.42898515686,0.0,0.0035982126576776844,0.0009729072585506839
BC,SA,2036-01-01T00:00:00,M,80,-76.73365679599738,61000.0,25700.0,-0.0012579287999343832,83194.32841380252,7300.42898515686,0.0,0.010510842164482564,0.002985745400622466
BC,SA,2036-01-01T00:00:00,M,81,-44.0330658573439,61000.0,24000.0,-0.000721853538644982,83194.32841380252,7300.42898515686,0.0,0.006031572383879272,0.001834711077389329
BC,SA,2036-01-01T00:00:00,M,82,-130.06673580632196,61000.0,21799.999999999996,-0.002132241570595442,83194.32841380252,7300.42898515686,0.0,0.017816314092058427,0.005966364027812935
BC,SA,2036-01-01T00:00:00,M,83,-103.81668733395418,61000.0,20100.0,-0.001701912907114003,83194.32841380252,7300.42898515686,0.0,0.014220628341845796,0.005165009320097223
BC,SA,2036-01-01T00:00:00,M,84,-87.07228765696345,61000.0,18299.999999999996,-0.0014274145517534993,83194.32841380252,7300.42898515686,0.0,0.011927009746139266,0.004758048505844999
BC,SA,2036-01-01T00:00:00,M,85,-165.60207670879026,61000.0,16599.999999999996,-0.0027147881427670535,83194.32841380252,7300.42898515686,0.0,0.02268388296708184,0.009976028717397006
BC,SA,2036-01-01T00:00:00,M,86,-137.64526072627086,61000.0,15200.0,-0.002256479684037227,83194.32841380252,7300.42898515686,0.0,0.018854407187047426,0.009055609258307293
BC,SA,2036-01-01T00:00:00,M,87,-243.79545262757165,61000.0,13300.0,-0.003996646764386421,83194.32841380252,7300.42898515686,0.0,0.03339467490516701,0.018330485159967793
BC,SA,2036-01-01T00:00:00,M,88,-215.69764051021775,61000.0,12100.0,-0.003536026893610127,83194.32841380252,7300.42898515686,0.0,0.0295458857210681,0.017826251281836177
BC,SA,2036-01-01T00:00:00,M,89,-221.04692302967305,61000.0,10600.0,-0.0036237200496667715,83194.32841380252,7300.42898515686,0.0,0.030278621089130906,0.020853483304686136
BC,SA,2036-01-01T00:00:00,M,90,-114.51772472582616,61000.0,7700.0,-0.0018773397496037075,83194.32841380252,7300.42898515686,0.0,0.01568643773655797,0.014872431782574825
BC,SA,2036-01-01T00:00:00,M,91,-187.3903728798423,61000.0,6099.999999999999,-0.003071973325899054,83194.32841380252,7300.42898515686,0.0,0.02566840568695922,0.030719733258990543
BC,SA,2036-01-01T00:00:00,M,92,-216.02791585141586,61000.0,5100.0,-0.0035414412434658336,83194.32841380252,7300.42898515686,0.0,0.02959112625992816,0.04235841487282664
BC,SA,2036-01-01T00:00:00,M,93,-96.24275986147404,61000.0,4100.0,-0.001577750161663509,83194.32841380252,7300.42898515686,0.0,0.013183164997173948,0.023473843868652207
BC,SA,2036-01-01T00:00:00,M,94,-108.96547500545148,61000.0,2999.9999999999995,-0.0017863192623844505,83194.32841380252,7300.42898515686,0.0,0.01492590027613428,0.036321825001817167
BC,SA,2036-01-01T00:00:00,M,95,-104.94449676771,61000.0,2200.0,-0.0017204015863559016,83194.32841380252,7300.42898515686,0.0,0.014375113706479693,0.04770204398532273
BC,SA,2036-01-01T00:00:00,M,96,-95.62274352105715,61000.0,1599.9999999999998,-0.0015675859593615926,83194.32841380252,7300.42898515686,0.0,0.013098236242757254,0.05976421470066073
BC,SA,2036-01-01T00:00:00,M,97,-63.48319242734783,61000.0,1200.0,-0.0010407080725794726,83194.32841380252,7300.42898515686,0.0,0.008695816719321708,0.05290266035612319
BC,SA,2036-01-01T00:00:00,M,98,-48.263227300455014,61000.0,799.9999999999999,-0.0007912004475484429,83194.32841380252,7300.42898515686,0.0,0.006611012503317709,0.060329034125568774
BC,SA,2036-01-01T00:00:00,M,99,-101.5792509699778,61000.0,500.0,-0.0016652336224586527,83194.32841380252,7300.42898515686,0.0,0.013914148220126167,0.2031585019399556
BC,SA,2036-01-01T00:00:00,M,100,533.8517310159691,61000.0,900.0,0.008751667721573264,83194.32841380252,7300.42898515686,0.0064169245812121896,0.0,0.0
BC,SA,2037-01-01T00:00:00,F,1,484.7041971920771,62200.0,30100.000000000004,0.007792671980580018,85161.44982536515,6519.899954063095,0.005691591655450058,0.0,0.0
BC,SA,2037-01-01T00:00:00,F,2,403.73342762521133,62200.0,30000.0,0.006490891119376388,85161.44982536515,6519.899954063095,0.004740800308744394,0.0,0.0
BC,SA,2037-01-01T00:00:00,F,3,302.9766375422296,62200.0,29800.0,0.00487100703444099,85161.44982536515,6519.899954063095,0.0035576735502216477,0.0,0.0
BC,SA,2037-01-01T00:00:00,F,4,302.47211483527644,62200.0,29700.0,0.004862895736901551,85161.44982536515,6519.899954063095,0.003551749241652598,0.0,0.0
BC,SA,2037-01-01T00:00:00,F,5,502.21733212414983,62200.0,29799.999999999996,0.008074233635436492,85161.44982536515,6519.899954063095,0.005897237930472215,0.0,0.0
BC,SA,2037-01-01T00:00:00,F,6,501.9776855728269,62200.0,29900.0,0.008070380796990786,85161.44982536515,6519.899954063095,0.005894423904268876,0.0,0.0
BC,SA,2037-01-01T00:00:00,F,7,501.73047212201345,62200.0,29900.000000000004,0.008066406304212435,85161.44982536515,6519.899954063095,0.005891521024487938,0.0,0.0
BC,SA,2037-01-01T00:00:00,F,8,401.483259458113,62200.0,29800.000000000004,0.0064547147822847754,85161.44982536515,6519.899954063095,0.004714377928997307,0.0,0.0
BC,SA,2037-01-01T00:00:00,F,9,401.47821435791775,62200.0,29700.0,0.00645463367134916,85161.44982536515,6519.899954063095,0.004714318687401425,0.0,0.0
BC,SA,2037-01-01T00:00:00,F,10,401.4731692577152,62200.0,29600.0,0.006454552560413428,85161.44982536515,6519.899954063095,0.004714259445805458,0.0,0.0
BC,SA,2037-01-01T00:00:00,F,11,401.463079057321,62200.0,29400.0,0.006454390338542139,85161.44982536515,6519.899954063095,0.004714140962613651,0.0,0.0
BC,SA,2037-01-01T00:00:00,F,12,401.6951563644179,62200.0,29200.000000000004,0.006458121484958487,85161.44982536515,6519.899954063095,0.004716866107706563,0.0,0.0
BC,SA,2037-01-01T00:00:00,F,13,501.923870999417,62200.0,29099.999999999996,0.008069515610923103,85161.44982536515,6519.899954063095,0.005893791991901012,0.0,0.0
BC,SA,2037-01-01T00:00:00,F,14,702.1567906327182,62200.0,29200.000000000004,0.011288694383162672,85161.44982536515,6519.899954063095,0.008245007477826926,0.0,0.0
BC,SA,2037-01-01T00:00:00,F,15,1302.885824871446,62200.0,29900.0,0.02094671744166312,85161.44982536515,6519.899954063095,0.015299009440811378,0.0,0.0
BC,SA,2037-01-01T00:00:00,F,16,2304.0311056326973,62200.0,30500.000000000004,0.03704230073364465,85161.44982536515,6519.899954063095,0.027054860037698025,0.0,0.0
BC,SA,2037-01-01T00:00:00,F,17,1806.175379558601,62200.0,32399.999999999996,0.029038189381971075,85161.44982536515,6519.899954063095,0.02120883783991939,0.0,0.0
BC,SA,2037-01-01T00:00:00,F,18,2608.24905392286,62200.0,35300.0,0.041933264532521865,85161.44982536515,6519.899954063095,0.030627109558038535,0.0,0.0
BC,SA,2037-01-01T00:00:00,F,19,5110.807120640202,62200.0,40800.0,0.08216731705209328,85161.44982536515,6519.899954063095,0.06001315303016317,0.0,0.0
BC,SA,2037-01-01T00:00:00,F,20,2914.135476482217,62200.0,43900.0,0.046851052676562976,85161.44982536515,6519.899954063095,0.03421895097439086,0.0,0.0
BC,SA,2037-01-01T00:00:00,F,21,816.5363423451563,62200.0,44500.00000000001,0.01312759392837872,85161.44982536515,6519.899954063095,0.009588098183151794,0.0,0.0
BC,SA,2037-01-01T00:00:00,F,22,-282.1593331060867,62200.0,43900.00000000001,-0.004536323683377599,85161.44982536515,6519.899954063095,0.0,0.043276635392273104,0.006427319660730903
BC,SA,2037-01-01T00:00:00,F,23,-81.2586330257036,62200.0,43600.0,-0.0013064088910884823,85161.44982536515,6519.899954063095,0.0,0.012463171766165607,0.0018637301152684312
BC,SA,2037-01-01T00:00:00,F,24,219.431816157703,62200.0,43799.99999999999,0.0035278427035000484,85161.44982536515,6519.899954063095,0.0025766566516619554,0.0,0.0
BC,SA,2037-01-01T00:00:00,F,25,519.34267938634,62200.0,43900.0,0.008349560761838263,85161.44982536515,6519.899954063095,0.006098330646687217,0.0,0.0
BC,SA,2037-01-01T00:00:00,F,26,419.29811100065854,62200.0,43700.0,0.006741127186505764,85161.44982536515,6519.899954063095,0.0049235670818249914,0.0,0.0
BC,SA,2037-01-01T00:00:00,F,27,619.8893044537472,62200.0,44399.99999999999,0.009966065988002365,85161.44982536515,6519.899954063095,0.007278989563058313,0.0,0.0
BC,SA,2037-01-01T00:00:00,F,28,720.3964082274179,62200.0,44799.99999999999,0.011581935823591927,85161.44982536515,6519.899954063095,0.008459184404500936,0.0,0.0
BC,SA,2037-01-01T00:00:00,F,29,821.3298924618211,62200.0,45300.0,0.013204660650511594,85161.44982536515,6519.899954063095,0.009644385976824807,0.0,0.0
BC,SA,2037-01-01T00:00:00,F,30,721.9295370151594,62200.0,44900.0,0.0116065841963852,85161.44982536515,6519.899954063095,0.008477187019426884,0.0,0.0
BC,SA,2037-01-01T00:00:00,F,31,822.8361588661137,62200.0,44600.0,0.013228877152188323,85161.44982536515,6519.899954063095,0.009662073162838918,0.0,0.0
BC,SA,2037-01-01T00:00:00,F,32,624.3096142161739,62200.0,44400.00000000001,0.010037132061353279,85161.44982536515,6519.899954063095,0.007330894618356117,0.0,0.0
BC,SA,2037-01-01T00:00:00,F,33,525.9008193262271,62200.0,44499.99999999999,0.008454997095276962,85161.44982536515,6519.899954063095,0.006175338963869878,0.0,0.0
BC,SA,2037-01-01T00:00:00,F,34,727.2465332834254,62200.0,43900.0,0.011692066451502016,85161.44982536515,6519.899954063095,0.008539621328367952,0.0,0.0
BC,SA,2037-01-01T00:00:00,F,35,728.9286482927928,62200.0,43700.000000000015,0.011719110101170303,85161.44982536515,6519.899954063095,0.008559373399437863,0.0,0.0
BC,SA,2037-01-01T00:00:00,F,36,633.1430134193433,62200.0,45900.0,0.010179148125712915,85161.44982536515,6519.899954063095,0.00743461994503014,0.0,0.0
BC,SA,2037-01-01T00:00:00,F,37,636.916805327688,62200.0,47300.0,0.010239820021345467,85161.44982536515,6519.899954063095,0.00747893332762383,0.0,0.0
BC,SA,2037-01-01T00:00:00,F,38,440.0061259049762,62200.0,47500.0,0.007074053471141097,85161.44982536515,6519.899954063095,0.005166728922620119,0.0,0.0
BC,SA,2037-01-01T00:00:00,F,39,542.0761056608098,62200.0,47700.0,0.0087150499302381,85161.44982536515,6519.899954063095,0.00636527568251138,0.0,0.0
BC,SA,2037-01-01T00:00:00,F,40,343.96782836548664,62200.0,47400.0,0.005530029394943515,85161.44982536515,6519.899954063095,0.004039008601554321,0.0,0.0
BC,SA,2037-01-01T00:00:00,F,41,346.5196899881994,62200.0,48400.0,0.005571056109135038,85161.44982536515,6519.899954063095,0.0040689735872132754,0.0,0.0
BC,SA,2037-01-01T00:00:00,F,42,347.8378352206273,62200.0,48100.0,0.005592248154672465,85161.44982536515,6519.899954063095,0.004084451778755703,0.0,0.0
BC,SA,2037-01-01T00:00:00,F,43,449.34270071442006,62200.0,48100.0,0.007224159175472991,85161.44982536515,6519.899954063095,0.005276362739665152,0.0,0.0
BC,SA,2037-01-01T00:00:00,F,44,351.56420968008024,62200.0,48200.0,0.005652157711898396,85161.44982536515,6519.899954063095,0.0041282083665908605,0.0,0.0
BC,SA,2037-01-01T00:00:00,F,45,254.4325850659152,62200.0,48500.0,0.004090556029998637,85161.44982536515,6519.899954063095,0.0029876497592239556,0.0,0.0
BC,SA,2037-01-01T00:00:00,F,46,357.1581312405615,62200.0,48500.00000000001,0.005742092142131214,85161.44982536515,6519.899954063095,0.0041938944437061795,0.0,0.0
BC,SA,2037-01-01T00:00:00,F,47,359.99643753565033,62200.0,48500.0,0.005787724076135857,85161.44982536515,6519.899954063095,0.004227222977930399,0.0,0.0
BC,SA,2037-01-01T00:00:00,F,48,162.32532954183262,62200.0,47300.0,0.0026097319862030967,85161.44982536515,6519.899954063095,0.0019060893147627503,0.0,0.0
BC,SA,2037-01-01T00:00:00,F,49,264.89157170063845,62200.0,46400.00000000001,0.004258706940524734,85161.44982536515,6519.899954063095,0.0031104633874110147,0.0,0.0
BC,SA,2037-01-01T00:00:00,F,50,168.05023182195873,62200.0,45300.0,0.002701772215787118,85161.44982536515,6519.899954063095,0.0019733134201750675,0.0,0.0
BC,SA,2037-01-01T00:00:00,F,51,73.0495669791926,62200.0,45000.0,0.0011744303372860547,85161.44982536515,6519.899954063095,0.00085777739962143,0.0,0.0
BC,SA,2037-01-01T00:00:00,F,52,176.80439099051728,62200.0,44000.0,0.002842514324606387,85161.44982536515,6519.899954063095,0.0020761082784884256,0.0,0.0
BC,SA,2037-01-01T00:00:00,F,53,181.3956176417705,62200.0,43300.00000000001,0.0029163282579062785,85161.44982536515,6519.899954063095,0.0021300203086460634,0.0,0.0
BC,SA,2037-01-01T00:00:00,F,54,186.31035977186548,62200.0,42499.99999999999,0.002995343404692371,85161.44982536515,6519.899954063095,0.0021877311876902,0.0,0.0
BC,SA,2037-01-01T00:00:00,F,55,291.9036755011766,62200.0,41900.0,0.004692985136674865,85161.44982536515,6519.899954063095,0.003427650375842166,0.0,0.0
BC,SA,2037-01-01T00:00:00,F,56,296.0406610437858,62200.0,40399.99999999999,0.004759496158260222,85161.44982536515,6519.899954063095,0.0034762285241838465,0.0,0.0
BC,SA,2037-01-01T00:00:00,F,57,302.08790294670325,62200.0,39599.99999999999,0.004856718696892335,85161.44982536515,6519.899954063095,0.0035472376711079313,0.0,0.0
BC,SA,2037-01-01T00:00:00,F,58,205.93345629006217,62200.0,37799.99999999999,0.0033108272715444077,85161.44982536515,6519.899954063095,0.002418153480387617,0.0,0.0
BC,SA,2037-01-01T00:00:00,F,59,211.77716540328402,62200.0,36700.0,0.0034047775788309327,85161.44982536515,6519.899954063095,0.0024867726634241337,0.0,0.0
BC,SA,2037-01-01T00:00:00,F,60,220.61240070679196,62200.0,36300.0,0.003546823162488617,85161.44982536515,6519.899954063095,0.002590519550326902,0.0,0.0
BC,SA,2037-01-01T00:00:00,F,61,232.00520858018717,62200.0,36500.00000000001,0.003729987276208797,85161.44982536515,6519.899954063095,0.0027242984831275727,0.0,0.0
BC,SA,2037-01-01T00:00:00,F,62,242.28379428282642,62200.0,36000.0,0.0038952378502062125,85161.44982536515,6519.899954063095,0.002844993771003916,0.0,0.0
BC,SA,2037-01-01T00:00:00,F,63,254.7198247311244,62200.0,35800.0,0.004095174031047016,85161.44982536515,6519.899954063095,0.0029910226429148536,0.0,0.0
BC,SA,2037-01-01T00:00:00,F,64,169.92862718200195,62200.0,35800.00000000001,0.0027319714981029254,85161.44982536515,6519.899954063095,0.0019953702940762883,0.0,0.0
BC,SA,2037-01-01T00:00:00,F,65,187.77486392762512,62200.0,36100.0,0.0030188884875823976,85161.44982536515,6519.899954063095,0.0022049279845831934,0.0,0.0
BC,SA,2037-01-01T00:00:00,F,66,117.43926139601535,62200.0,38000.00000000001,0.0018880910192285427,85161.44982536515,6519.899954063095,0.0013790190471961214,0.0,0.0
BC,SA,2037-01-01T00:00:00,F,67,137.69778853471507,62200.0,37800.0,0.002213790812455226,85161.44982536515,6519.899954063095,0.0016169028218411341,0.0,0.0
BC,SA,2037-01-01T00:00:00,F,68,158.8968010720564,62200.0,37400.0,0.002554610949711518,85161.44982536515,6519.899954063095,0.0018658301543467773,0.0,0.0
BC,SA,2037-01-01T00:00:00,F,69,274.79912046928075,62200.0,36099.99999999999,0.004417992290502906,85161.44982536515,6519.899954063095,0.003226801810358945,0.0,0.0
BC,SA,2037-01-01T00:00:00,F,70,195.55744809642056,62200.0,35100.00000000001,0.0031440104195566004,85161.44982536515,6519.899954063095,0.0022963142184337752,0.0,0.0
BC,SA,2037-01-01T00:00:00,F,71,236.64334763355146,62200.0,36199.99999999999,0.0038045554281921456,85161.44982536515,6519.899954063095,0.0027787613775812885,0.0,0.0
BC,SA,2037-01-01T00:00:00,F,72,85.82667268568912,62200.0,37300.00000000001,0.0013798500431782817,85161.44982536515,6519.899954063095,0.0010078113144114866,0.0,0.0
BC,SA,2037-01-01T00:00:00,F,73,143.32722823828226,62200.0,38700.00000000001,0.0023042962739273677,85161.44982536515,6519.899954063095,0.0016830059672797227,0.0,0.0
BC,SA,2037-01-01T00:00:00,F,74,187.96901547024754,62200.0,38400.0,0.0030220098950200567,85161.44982536515,6519.899954063095,0.0022072077900940263,0.0,0.0
BC,SA,2037-01-01T00:00:00,F,75,118.12599524830148,62200.0,36600.0,0.0018991317564035607,85161.44982536515,6519.899954063095,0.0013870829523280133,0.0,0.0
BC,SA,2037-01-01T00:00:00,F,76,-26.79804164590314,62200.0,36200.0,-0.00043083668241001834,85161.44982536515,6519.899954063095,0.0,0.00411019215551046,0.000740277393533236
BC,SA,2037-01-01T00:00:00,F,77,-75.59916324249207,62200.0,35300.0,-0.0012154206309082326,85161.44982536515,6519.899954063095,0.0,0.011595141608788016,0.00214161935531139
BC,SA,2037-01-01T00:00:00,F,78,-30.744004663625674,62200.0,33900.00000000001,-0.0004942766023090944,85161.44982536515,6519.899954063095,0.0,0.0047154104940623385,0.0009069027924373353
BC,SA,2037-01-01T00:00:00,F,79,123.48824774492095,62200.0,32900.0,0.0019853416036160927,85161.44982536515,6519.899954063095,0.0014500486781067019,0.0,0.0
BC,SA,2037-01-01T00:00:00,F,80,-27.21403913481845,62200.0,31200.000000000007,-0.0004375247449327725,85161.44982536515,6519.899954063095,0.0,0.004173996430399075,0.0008722448440646937
BC,SA,2037-01-01T00:00:00,F,81,-272.43266370476704,62200.0,29500.000000000004,-0.0043799463618129746,85161.44982536515,6519.899954063095,0.0,0.04178479204040416,0.009235005549314135
BC,SA,2037-01-01T00:00:00,F,82,-120.55542006398173,62200.0,28000.000000000004,-0.0019381900331829859,85161.44982536515,6519.899954063095,0.0,0.018490378826879632,0.004305550716570776
BC,SA,2037-01-01T00:00:00,F,83,-184.18783731722215,62200.0,25800.000000000004,-0.002961219249473025,85161.44982536515,6519.899954063095,0.0,0.028250101782994277,0.007139063461907834
BC,SA,2037-01-01T00:00:00,F,84,-162.1043995494765,62200.0,23399.999999999996,-0.002606180057065539,85161.44982536515,6519.899954063095,0.0,0.024863019477539022,0.006927538442285322
BC,SA,2037-01-01T00:00:00,F,85,-234.62424594980985,62200.0,21200.0,-0.003772093986331348,85161.44982536515,6519.899954063095,0.0,0.03598586597998269,0.01106718141272688
BC,SA,2037-01-01T00:00:00,F,86,-198.88138189454912,62200.0,19400.0,-0.003197449869687285,85161.44982536515,6519.899954063095,0.0,0.03050374749548258,0.010251617623430367
BC,SA,2037-01-01T00:00:00,F,87,-146.4174436863177,62200.0,18000.000000000004,-0.0023539781943137895,85161.44982536515,6519.899954063095,0.0,0.022457007732928903,0.008134302427017648
BC,SA,2037-01-01T00:00:00,F,88,-232.56840936652225,62200.0,15900.0,-0.003739041951230261,85161.44982536515,6519.899954063095,0.0,0.03567054878220784,0.014626943985315865
BC,SA,2037-01-01T00:00:00,F,89,-296.54419898844935,62200.0,14299.999999999998,-0.00476759162360851,85161.44982536515,6519.899954063095,0.0,0.04548293702016821,0.02073735657261884
BC,SA,2037-01-01T00:00:00,F,90,-275.9521599139043,62200.0,12700.000000000002,-0.004436529902152803,85161.44982536515,6519.899954063095,0.0,0.04232460035555231,0.02172851652865388
BC,SA,2037-01-01T00:00:00,F,91,-249.08807574375533,62200.0,9300.000000000002,-0.004004631442825648,85161.44982536515,6519.899954063095,0.0,0.03820427882310184,0.02678366405846831
BC,SA,2037-01-01T00:00:00,F,92,-216.55771991080474,62200.0,7500.000000000001,-0.0034816353683409123,85161.44982536515,6519.899954063095,0.0,0.033214883884199714,0.02887436265477396
BC,SA,2037-01-01T00:00:00,F,93,-241.8789065073779,62200.0,6300.0,-0.003888728400440159,85161.44982536515,6519.899954063095,0.0,0.03709856105332459,0.03839347722339332
BC,SA,2037-01-01T00:00:00,F,94,-218.16678183103159,62200.0,5000.0,-0.003507504531045524,85161.44982536515,6519.899954063095,0.0,0.03346167630916999,0.04363335636620632
BC,SA,2037-01-01T00:00:00,F,95,-129.64990188891625,62200.0,3800.0,-0.0020844035673459205,85161.44982536515,6519.899954063095,0.0,0.019885259406184685,0.034118395233925326
BC,SA,2037-01-01T00:00:00,F,96,-103.41511454463534,62200.0,3000.0,-0.001662622420331758,85161.44982536515,6519.899954063095,0.0,0.015861457272851057,0.034471704848211784
BC,SA,2037-01-01T00:00:00,F,97,-100.67562674672627,62200.0,2200.0,-0.0016185792081467244,85161.44982536515,6519.899954063095,0.0,0.015441283985345031,0.045761648521239214
BC,SA,2037-01-01T00:00:00,F,98,-7.061367750432737,62200.0,1600.0,-0.00011352681270792182,85161.44982536515,6519.899954063095,0.0,0.0010830484823670045,0.004413354844020461
BC,SA,2037-01-01T00:00:00,F,99,-76.64911389138433,62200.0,1100.0,-0.0012323008664209699,85161.44982536515,6519.899954063095,0.0,0.011756179455425212,0.06968101262853121
BC,SA,2037-01-01T00:00:00,F,100,1359.0556725138208,62200.0,2200.0,0.021849769654563037,85161.44982536515,6519.899954063095,0.01595857838612124,0.0,0.0
BC,SA,2037-01-01T00:00:00,M,1,490.3551328120666,62200.0,31699.999999999996,0.007883523035563772,85161.44982536515,6519.899954063095,0.0057579472145859985,0.0,0.0
BC,SA,2037-01-01T00:00:00,M,2,405.7988808222908,62200.0,31600.0,0.006524097762416251,85161.44982536515,6519.899954063095,0.004765053691012016,0.0,0.0
BC,SA,2037-01-01T00:00:00,M,3,504.02102052157716,62200.0,31600.0,0.008103231841182912,85161.44982536515,6519.899954063095,0.0059184175651675625,0.0,0.0
BC,SA,2037-01-01T00:00:00,M,4,502.7644250773228,62200.0,31600.0,0.008083029342079145,85161.44982536515,6519.899954063095,0.005903662115996239,0.0,0.0
BC,SA,2037-01-01T00:00:00,M,5,602.2690663015564,62200.0,31800.000000000004,0.009682782416423737,85161.44982536515,6519.899954063095,0.007072085638943314,0.0,0.0
BC,SA,2037-01-01T00:00:00,M,6,701.7704790532662,62200.0,32000.0,0.011282483586065373,85161.44982536515,6519.899954063095,0.00824047125186736,0.0,0.0
BC,SA,2037-01-01T00:00:00,M,7,601.5272473700606,62200.0,32099.999999999996,0.009670856067042776,85161.44982536515,6519.899954063095,0.0070633749026533955,0.0,0.0
BC,SA,2037-01-01T00:00:00,M,8,401.5369441787625,62200.0,32099.999999999996,0.0064555778806875,85161.44982536515,6519.899954063095,0.004715008316581825,0.0,0.0
BC,SA,2037-01-01T00:00:00,M,9,501.5320957744152,62200.0,32100.0,0.008063216973865197,85161.44982536515,6519.899954063095,0.0058891916096176535,0.0,0.0
BC,SA,2037-01-01T00:00:00,M,10,501.53209577441885,62200.0,32100.0,0.008063216973865256,85161.44982536515,6519.899954063095,0.005889191609617696,0.0,0.0
BC,SA,2037-01-01T00:00:00,M,11,501.53209577441885,62200.0,32100.0,0.008063216973865256,85161.44982536515,6519.899954063095,0.005889191609617696,0.0,0.0
BC,SA,2037-01-01T00:00:00,M,12,502.0298730800678,62200.0,31899.999999999996,0.008071219824438388,85161.44982536515,6519.899954063095,0.005895036710971298,0.0,0.0
BC,SA,2037-01-01T00:00:00,M,13,502.2690663015528,62200.0,31700.000000000004,0.008075065374623035,85161.44982536515,6519.899954063095,0.005897845413993328,0.0,0.0
BC,SA,2037-01-01T00:00:00,M,14,803.0060453161968,62200.0,31799.999999999996,0.012910065037237892,85161.44982536515,6519.899954063095,0.009429219992882544,0.0,0.0
BC,SA,2037-01-01T00:00:00,M,15,1304.0210205215808,62200.0,32400.0,0.020964968175588114,85161.44982536515,6519.899954063095,0.015312339364767143,0.0,0.0
BC,SA,2037-01-01T00:00:00,M,16,2005.9346519655737,62200.0,32599.999999999996,0.03224975324703495,85161.44982536515,6519.899954063095,0.023554491569589393,0.0,0.0
BC,SA,2037-01-01T00:00:00,M,17,1809.0670034336727,62200.0,34800.0,0.02908467851179538,85161.44982536515,6519.899954063095,0.021242792450614736,0.0,0.0
BC,SA,2037-01-01T00:00:00,M,18,2712.6189169488935,62200.0,37400.0,0.04361123660689539,85161.44982536515,6519.899954063095,0.031852662472415375,0.0,0.0
BC,SA,2037-01-01T00:00:00,M,19,5417.320195836161,62200.0,43000.0,0.08709517999736592,85161.44982536515,6519.899954063095,0.06361235285384519,0.0,0.0
BC,SA,2037-01-01T00:00:00,M,20,3524.2013126468373,62200.0,46900.0,0.056659185090785165,85161.44982536515,6519.899954063095,0.04138258942131304,0.0,0.0
BC,SA,2037-01-01T00:00:00,M,21,1130.571166187743,62200.0,47799.99999999999,0.018176385308484616,85161.44982536515,6519.899954063095,0.01327562140506214,0.0,0.0
BC,SA,2037-01-01T00:00:00,M,22,-63.92184689940041,62200.0,47899.99999999999,-0.0010276824260353763,85161.44982536515,6519.899954063095,0.0,0.009804114687306721,0.0013344853214906141
BC,SA,2037-01-01T00:00:00,M,23,-260.24207019883033,62200.0,47000.0,-0.004183956112521388,85161.44982536515,6519.899954063095,0.0,0.039915040419700266,0.005537065323379369
BC,SA,2037-01-01T00:00:00,M,24,-157.34871594957804,62200.0,46500.00000000001,-0.002529722121375853,85161.44982536515,6519.899954063095,0.0,0.024133608959984256,0.0033838433537543657
BC,SA,2037-01-01T00:00:00,M,25,44.05084346506919,62200.0,45800.0,0.0007082129174448424,85161.44982536515,6519.899954063095,0.0005172627233965754,0.0,0.0
BC,SA,2037-01-01T00:00:00,M,26,145.5652069085845,62200.0,45200.0,0.00234027663840168,85161.44982536515,6519.899954063095,0.0017092852130522118,0.0,0.0
BC,SA,2037-01-01T00:00:00,M,27,548.3308865518266,62200.0,45800.00000000001,0.008815609108550266,85161.44982536515,6519.899954063095,0.006438721835716181,0.0,0.0
BC,SA,2037-01-01T00:00:00,M,28,551.1192721983825,62200.0,46000.00000000001,0.008860438459781069,85161.44982536515,6519.899954063095,0.006471464181604772,0.0,0.0
BC,SA,2037-01-01T00:00:00,M,29,554.1908404915812,62200.0,45800.0,0.008909820586681369,85161.44982536515,6519.899954063095,0.006507531772040318,0.0,0.0
BC,SA,2037-01-01T00:00:00,M,30,656.9595111753733,62200.0,45200.0,0.010562050018896678,85161.44982536515,6519.899954063095,0.007714282841855745,0.0,0.0
BC,SA,2037-01-01T00:00:00,M,31,660.46247377275,62200.0,44600.0,0.010618367745542603,85161.44982536515,6519.899954063095,0.0077554160377390925,0.0,0.0
BC,SA,2037-01-01T00:00:00,M,32,464.4376686266405,62200.0,44200.0,0.007466843547052098,85161.44982536515,6519.899954063095,0.005453613924833731,0.0,0.0
BC,SA,2037-01-01T00:00:00,M,33,468.33369626941567,62200.0,44200.0,0.007529480647418259,85161.44982536515,6519.899954063095,0.005499362648590366,0.0,0.0
BC,SA,2037-01-01T00:00:00,M,34,671.405346388965,62200.0,43900.0,0.010794298173456028,85161.44982536515,6519.899954063095,0.00788391164976372,0.0,0.0
BC,SA,2037-01-01T00:00:00,M,35,673.3498057139732,62200.0,43399.99999999999,0.010825559577395068,85161.44982536515,6519.899954063095,0.007906744273315757,0.0,0.0
BC,SA,2037-01-01T00:00:00,M,36,779.6676128246982,62200.0,45700.0,0.012534849080782928,85161.44982536515,6519.899954063095,0.00915517073069458,0.0,0.0
BC,SA,2037-01-01T00:00:00,M,37,585.6709542613244,62200.0,47600.0,0.009415931740535762,85161.44982536515,6519.899954063095,0.006877183930784648,0.0,0.0
BC,SA,2037-01-01T00:00:00,M,38,490.2252897174767,62200.0,48300.0,0.00788143552600445,85161.44982536515,6519.899954063095,0.005756422544740005,0.0,0.0
BC,SA,2037-01-01T00:00:00,M,39,394.29892911842035,62200.0,48500.0,0.006339211079074282,85161.44982536515,6519.899954063095,0.004630016632255352,0.0,0.0
BC,SA,2037-01-01T00:00:00,M,40,399.4198398590597,62200.0,49100.0,0.006421540833746941,85161.44982536515,6519.899954063095,0.004690148426055722,0.0,0.0
BC,SA,2037-01-01T00:00:00,M,41,404.6122930673955,62200.0,49500.0,0.00650502078886488,85161.44982536515,6519.899954063095,0.004751120300289705,0.0,0.0
BC,SA,2037-01-01T00:00:00,M,42,410.67855270095606,62200.0,49900.0,0.006602549078793506,85161.44982536515,6519.899954063095,0.004822352761056874,0.0,0.0
BC,SA,2037-01-01T00:00:00,M,43,415.82687421442097,62200.0,49700.0,0.00668531952113217,85161.44982536515,6519.899954063095,0.00488280642317773,0.0,0.0
BC,SA,2037-01-01T00:00:00,M,44,421.32822461645264,62200.0,49500.0,0.006773765669074801,85161.44982536515,6519.899954063095,0.004947405492513831,0.0,0.0
BC,SA,2037-01-01T00:00:00,M,45,227.29885372758872,62200.0,49300.0,0.0036543224071959603,85161.44982536515,6519.899954063095,0.002669034571319478,0.0,0.0
BC,SA,2037-01-01T00:00:00,M,46,333.52099894113053,62200.0,49199.99999999999,0.005362073937960298,85161.44982536515,6519.899954063095,0.003916337728221626,0.0,0.0
BC,SA,2037-01-01T00:00:00,M,47,340.0834347068667,62200.0,49000.0,0.005467579336123259,85161.44982536515,6519.899954063095,0.0039933964887194015,0.0,0.0
BC,SA,2037-01-01T00:00:00,M,48,244.25950485457724,62200.0,47800.0,0.003927001685764908,85161.44982536515,6519.899954063095,0.002868193359266003,0.0,0.0
BC,SA,2037-01-01T00:00:00,M,49,247.25498146223254,62200.0,46199.99999999999,0.003975160473669333,85161.44982536515,6519.899954063095,0.002903367450522057,0.0,0.0
BC,SA,2037-01-01T00:00:00,M,50,153.10248350979964,62200.0,45400.0,0.002461454718807068,85161.44982536515,6519.899954063095,0.0017977909467694197,0.0,0.0
BC,SA,2037-01-01T00:00:00,M,51,161.20829127881007,62200.0,45200.0,0.0025917731716850493,85161.44982536515,6519.899954063095,0.0018929726021502575,0.0,0.0
BC,SA,2037-01-01T00:00:00,M,52,166.56644347750262,62200.0,44100.0,0.0026779170977090454,85161.44982536515,6519.899954063095,0.001955890180581345,0.0,0.0
BC,SA,2037-01-01T00:00:00,M,53,71.7583645009945,62200.0,42800.0,0.0011536714549999117,85161.44982536515,6519.899954063095,0.0008426155807368773,0.0,0.0
BC,SA,2037-01-01T00:00:00,M,54,76.23324473614775,62200.0,41400.0,0.0012256148671406391,85161.44982536515,6519.899954063095,0.0008951614244763813,0.0,0.0
BC,SA,2037-01-01T00:00:00,M,55,182.23242856653087,62200.0,40300.0,0.0029297818097513,85161.44982536515,6519.899954063095,0.002139846479131375,0.0,0.0
BC,SA,2037-01-01T00:00:00,M,56,187.24292577362212,62200.0,38900.0,0.0030103364272286515,85161.44982536515,6519.899954063095,0.002198681752807034,0.0,0.0
BC,SA,2037-01-01T00:00:00,M,57,191.83694962551817,62200.0,37400.0,0.0030841953315999707,85161.44982536515,6519.899954063095,0.002252626628819792,0.0,0.0
BC,SA,2037-01-01T00:00:00,M,58,295.00509402852185,62200.0,35700.0,0.004742847170876557,85161.44982536515,6519.899954063095,0.0034640684797343038,0.0,0.0
BC,SA,2037-01-01T00:00:00,M,59,201.53177506795328,62200.0,34400.0,0.0032400606924108243,85161.44982536515,6519.899954063095,0.0023664671689035462,0.0,0.0
BC,SA,2037-01-01T00:00:00,M,60,213.51607088871242,62200.0,34000.0,0.0034327342586609713,85161.44982536515,6519.899954063095,0.002507191591107895,0.0,0.0
BC,SA,2037-01-01T00:00:00,M,61,324.2354352097318,62200.0,33399.99999999999,0.005212788347423341,85161.44982536515,6519.899954063095,0.003807302903774179,0.0,0.0
BC,SA,2037-01-01T00:00:00,M,62,239.5267187378122,62200.0,33100.0,0.003850911876813701,85161.44982536515,6519.899954063095,0.002812619080922101,0.0,0.0
BC,SA,2037-01-01T00:00:00,M,63,253.8855071147118,62200.0,32600.0,0.004081760564545206,85161.44982536515,6519.899954063095,0.0029812257498590933,0.0,0.0
BC,SA,2037-01-01T00:00:00,M,64,272.61525778235955,62200.0,32499.999999999996,0.004382881957915748,85161.44982536515,6519.899954063095,0.0032011580162314437,0.0,0.0
BC,SA,2037-01-01T00:00:00,M,65,197.86072359206082,62200.0,32800.0,0.003181040572219627,85161.44982536515,6519.899954063095,0.0023233602057949987,0.0,0.0
BC,SA,2037-01-01T00:00:00,M,66,336.5705456236319,62200.0,34400.0,0.005411102019672539,85161.44982536515,6519.899954063095,0.003952146732046183,0.0,0.0
BC,SA,2037-01-01T00:00:00,M,67,264.5024716583139,62200.0,34300.0,0.004252451312834628,85161.44982536515,6519.899954063095,0.0031058944181987422,0.0,0.0
BC,SA,2037-01-01T00:00:00,M,68,287.19733412015194,62200.0,33600.0,0.004617320484246816,85161.44982536515,6519.899954063095,0.0033723866222227093,0.0,0.0
BC,SA,2037-01-01T00:00:00,M,69,209.1097616055522,62200.0,32600.0,0.0033618932734011606,85161.44982536515,6519.899954063095,0.002455450935069324,0.0,0.0
BC,SA,2037-01-01T00:00:00,M,70,236.70809086221925,62200.0,31999.999999999996,0.0038055963161128495,85161.44982536515,6519.899954063095,0.0027795216186152372,0.0,0.0
BC,SA,2037-01-01T00:00:00,M,71,188.76618506594968,62200.0,32800.0,0.0030348261264622135,85161.44982536515,6519.899954063095,0.002216568476147832,0.0,0.0
BC,SA,2037-01-01T00:00:00,M,72,154.16481270926306,62200.0,33999.99999999999,0.0024785339663868657,85161.44982536515,6519.899954063095,0.0018102652435509077,0.0,0.0
BC,SA,2037-01-01T00:00:00,M,73,120.99422875105665,62200.0,34800.0,0.0019452448352259913,85161.44982536515,6519.899954063095,0.0014207629038628553,0.0,0.0
BC,SA,2037-01-01T00:00:00,M,74,79.406660217428,62200.0,34700.0,0.0012766344086403215,85161.44982536515,6519.899954063095,0.0009324249455623628,0.0,0.0
BC,SA,2037-01-01T00:00:00,M,75,104.4193083337741,62200.0,32800.0,0.0016787670150124453,85161.44982536515,6519.899954063095,0.0012261335210696828,0.0,0.0
BC,SA,2037-01-01T00:00:00,M,76,56.67764542950317,62200.0,31999.999999999996,0.0009112161644614658,85161.44982536515,6519.899954063095,0.0006655317111877287,0.0,0.0
BC,SA,2037-01-01T00:00:00,M,77,101.00498107498788,62200.0,30800.0,0.0016238742938100945,85161.44982536515,6519.899954063095,0.0011860411169855843,0.0,0.0
BC,SA,2037-01-01T00:00:00,M,78,36.905360381315404,62200.0,29099.999999999996,0.0005933337681883505,85161.44982536515,6519.899954063095,0.00043335758676014486,0.0,0.0
BC,SA,2037-01-01T00:00:00,M,79,-5.11739204928017,62200.0,28100.0,-8.227318407202846e-05,85161.44982536515,6519.899954063095,0.0,0.0007848881248693233,0.00018211359605979253
BC,SA,2037-01-01T00:00:00,M,80,20.0156235921786,62200.0,26099.999999999996,0.00032179459151412536,85161.44982536515,6519.899954063095,0.0002350315034939317,0.0,0.0
BC,SA,2037-01-01T00:00:00,M,81,-31.55334290090468,62200.0,24699.999999999996,-0.000507288471075638,85161.44982536515,6519.899954063095,0.0,0.004839544030310029,0.0012774632753402707
BC,SA,2037-01-01T00:00:00,M,82,1.8076821423164802,62200.0,22999.999999999996,2.9062413863609006e-05,85161.44982536515,6519.899954063095,2.1226530854316973e-05,0.0,0.0
BC,SA,2037-01-01T00:00:00,M,83,9.617962424181314,62200.0,20800.0,0.00015462962096754525,85161.44982536515,6519.899954063095,0.00011293798360530759,0.0,0.0
BC,SA,2037-01-01T00:00:00,M,84,-65.56251756404163,62200.0,19000.0,-0.0010540597679106372,85161.44982536515,6519.899954063095,0.0,0.01005575515360234,0.003450658819160086
BC,SA,2037-01-01T00:00:00,M,85,-151.69191490902813,62200.0,17100.0,-0.002438776767026176,85161.44982536515,6519.899954063095,0.0,0.023265988125246648,0.008870872216902229
BC,SA,2037-01-01T00:00:00,M,86,-139.89768804628693,62200.0,15400.0,-0.0022491589718052563,85161.44982536515,6519.899954063095,0.0,0.021457029867322577,0.009084265457551099
BC,SA,2037-01-01T00:00:00,M,87,-215.8173970425214,62200.0,13899.999999999998,-0.003469733071423174,85161.44982536515,6519.899954063095,0.0,0.03310133568967229,0.015526431441908017
BC,SA,2037-01-01T00:00:00,M,88,-138.75112261133836,62200.0,12099.999999999998,-0.0022307254439121924,85161.44982536515,6519.899954063095,0.0,0.021281173574583905,0.011467034926556891
BC,SA,2037-01-01T00:00:00,M,89,-218.0055793763404,62200.0,10800.0,-0.0035049128517096527,85161.44982536515,6519.899954063095,0.0,0.03343695162691613,0.02018570179410559
BC,SA,2037-01-01T00:00:00,M,90,-235.7992798850919,62200.0,9299.999999999998,-0.0037909852071558183,85161.44982536515,6519.899954063095,0.0,0.036166088674128447,0.025354761277966875
BC,SA,2037-01-01T00:00:00,M,91,-230.52983222796956,62200.0,6599.999999999999,-0.003706267399163498,85161.44982536515,6519.899954063095,0.0,0.03535787877915322,0.03492876245878327
BC,SA,2037-01-01T00:00:00,M,92,-126.3697969999721,62200.0,5200.0,-0.0020316687620574292,85161.44982536515,6519.899954063095,0.0,0.01938216811459208,0.02430188403845617
BC,SA,2037-01-01T00:00:00,M,93,-77.01532199961912,62200.0,4300.0,-0.0012381884565855164,85161.44982536515,6519.899954063095,0.0,0.011812347205055567,0.017910539999911424
BC,SA,2037-01-01T00:00:00,M,94,-153.40389806526446,62200.0,3299.9999999999995,-0.0024663006119817438,85161.44982536515,6519.899954063095,0.0,0.023528566258085856,0.04648602971674681
BC,SA,2037-01-01T00:00:00,M,95,-76.1976092245527,62200.0,2400.0,-0.0012250419489477928,85161.44982536515,6519.899954063095,0.0,0.0116869292107876,0.03174900384356363
BC,SA,2037-01-01T00:00:00,M,96,-81.54946370181983,62200.0,1700.0,-0.001311084625431187,85161.44982536515,6519.899954063095,0.0,0.01250777838255011,0.047970272765776374
BC,SA,2037-01-01T00:00:00,M,97,-67.51069544080315,62200.0,1200.0,-0.001085380955639922,85161.44982536515,6519.899954063095,0.0,0.010354560026451264,0.056258912867335954
BC,SA,2037-01-01T00:00:00,M,98,-28.58858169715097,62200.0,900.0,-0.00045962349995419565,85161.44982536515,6519.899954063095,0.0,0.004384819076761299,0.03176509077461219
BC,SA,2037-01-01T00:00:00,M,99,-3.8419032046060693,62200.0,600.0,-6.17669325499368e-05,85161.44982536515,6519.899954063095,0.0,0.000589257999612687,0.006403172007676782
BC,SA,2037-01-01T00:00:00,M,100,632.3648765963795,62200.0,1000.0,0.0101666378874016,85161.44982536515,6519.899954063095,0.007425482749449752,0.0,0.0
BC,SA,2038-01-01T00:00:00,F,1,485.35496906676053,63400.0,30700.000000000004,0.007655441152472564,85791.89696465751,7295.946160104947,0.005657352107119224,0.0,0.0
BC,SA,2038-01-01T00:00:00,F,2,403.74977882526946,63400.0,30499.999999999996,0.0063682930414080356,85791.89696465751,7295.946160104947,0.004706152831561664,0.0,0.0
BC,SA,2038-01-01T00:00:00,F,3,302.9898416664473,63400.0,30300.000000000004,0.00477901958464428,85791.89696465751,7295.946160104947,0.0035316836716090543,0.0,0.0
BC,SA,2038-01-01T00:00:00,F,4,402.4749161001564,63400.0,30199.999999999996,0.006348184796532435,85791.89696465751,7295.946160104947,0.004691292888254451,0.0,0.0
BC,SA,2038-01-01T00:00:00,F,5,502.21994614832147,63400.0,30199.999999999996,0.007921450254705385,85791.89696465751,7295.946160104947,0.005853932176779049,0.0,0.0
BC,SA,2038-01-01T00:00:00,F,6,501.9799261678527,63400.0,30299.999999999996,0.007917664450597045,85791.89696465751,7295.946160104947,0.005851134476891755,0.0,0.0
BC,SA,2038-01-01T00:00:00,F,7,401.7382459920118,63400.0,30300.0,0.0063365653941957695,85791.89696465751,7295.946160104947,0.004682706178620928,0.0,0.0
BC,SA,2038-01-01T00:00:00,F,8,301.48992261047533,63400.0,30200.0,0.004755361555370274,85791.89696465751,7295.946160104947,0.003514200446397355,0.0,0.0
BC,SA,2038-01-01T00:00:00,F,9,401.48493959171174,63400.0,30200.0,0.006332570025105864,85791.89696465751,7295.946160104947,0.004679753610729762,0.0,0.0
BC,SA,2038-01-01T00:00:00,F,10,401.47995657294814,63400.0,30099.999999999996,0.006332491428595396,85791.89696465751,7295.946160104947,0.004679695528102616,0.0,0.0
BC,SA,2038-01-01T00:00:00,F,11,301.4749735541918,63400.0,29900.000000000004,0.0047551257658389875,85791.89696465751,7295.946160104947,0.003514026198516,0.0,0.0
BC,SA,2038-01-01T00:00:00,F,12,401.7091783332835,63400.0,29800.0,0.006336106913774188,85791.89696465751,7295.946160104947,0.0046823673627215635,0.0,0.0
BC,SA,2038-01-01T00:00:00,F,13,501.94006188258936,63400.0,29700.0,0.007917035676381535,85791.89696465751,7295.946160104947,0.0058506698142992055,0.0,0.0
BC,SA,2038-01-01T00:00:00,F,14,702.1750987513915,63400.0,29800.0,0.011075317015006175,85791.89696465751,7295.946160104947,0.008184631924395572,0.0,0.0
BC,SA,2038-01-01T00:00:00,F,15,1302.9101125553316,63400.0,30499.999999999996,0.020550632690147185,85791.89696465751,7295.946160104947,0.015186866809718326,0.0,0.0
BC,SA,2038-01-01T00:00:00,F,16,2304.2215261099846,63400.0,32199.999999999996,0.036344188108990295,85791.89696465751,7295.946160104947,0.02685826526320105,0.0,0.0
BC,SA,2038-01-01T00:00:00,F,17,1806.0794683845452,63400.0,32299.999999999996,0.02848705786095497,85791.89696465751,7295.946160104947,0.021051865412517575,0.0,0.0
BC,SA,2038-01-01T00:00:00,F,18,2608.0728188138455,63400.0,35000.0,0.04113679524942974,85791.89696465751,7295.946160104947,0.030399990104989248,0.0,0.0
BC,SA,2038-01-01T00:00:00,F,19,5110.554570464694,63400.0,40400.00000000001,0.08060811625338633,85791.89696465751,7295.946160104947,0.05956919885534198,0.0,0.0
BC,SA,2038-01-01T00:00:00,F,20,2913.8934805794415,63400.0,43700.0,0.04596046499336658,85791.89696465751,7295.946160104947,0.03396467013405517,0.0,0.0
BC,SA,2038-01-01T00:00:00,F,21,716.4076739553202,63400.0,44599.99999999999,0.011299805582891486,85791.89696465751,7295.946160104947,0.008350528421704542,0.0,0.0
BC,SA,2038-01-01T00:00:00,F,22,-382.2591901788983,63400.0,44099.99999999999,-0.006029324766228679,85791.89696465751,7295.946160104947,0.0,0.052393367740175285,0.008668008847594067
BC,SA,2038-01-01T00:00:00,F,23,-81.40444704683614,63400.0,43800.0,-0.0012839818146188665,85791.89696465751,7295.946160104947,0.0,0.011157490099360217,0.0018585490193341585
BC,SA,2038-01-01T00:00:00,F,24,219.1927953245904,63400.0,43800.00000000001,0.003457299610797956,85791.89696465751,7295.946160104947,0.002554935874828461,0.0,0.0
BC,SA,2038-01-01T00:00:00,F,25,519.2808356701134,63400.0,44300.0,0.00819054945851914,85791.89696465751,7295.946160104947,0.006052795823876401,0.0,0.0
BC,SA,2038-01-01T00:00:00,F,26,419.3248558428677,63400.0,44300.0,0.006613956716764475,85791.89696465751,7295.946160104947,0.004887697681001401,0.0,0.0
BC,SA,2038-01-01T00:00:00,F,27,619.5998075060124,63400.0,44300.0,0.009772867626277798,85791.89696465751,7295.946160104947,0.007222125042429826,0.0,0.0
BC,SA,2038-01-01T00:00:00,F,28,720.2825710090474,63400.0,45100.0,0.011360923832950275,85791.89696465751,7295.946160104947,0.00839569465757089,0.0,0.0
BC,SA,2038-01-01T00:00:00,F,29,821.209561396965,63400.0,45600.0,0.0129528321986903,85791.89696465751,7295.946160104947,0.009572111008750247,0.0,0.0
BC,SA,2038-01-01T00:00:00,F,30,722.1988514016048,63400.0,46000.0,0.011391149075735092,85791.89696465751,7295.946160104947,0.00841803103734982,0.0,0.0
BC,SA,2038-01-01T00:00:00,F,31,823.1217408662633,63400.0,45700.00000000001,0.012982992758142953,85791.89696465751,7295.946160104947,0.009594399587706439,0.0,0.0
BC,SA,2038-01-01T00:00:00,F,32,524.4491766415231,63400.0,45100.0,0.00827206903220068,85791.89696465751,7295.946160104947,0.00611303858752037,0.0,0.0
BC,SA,2038-01-01T00:00:00,F,33,525.8148377082689,63400.0,44900.00000000001,0.008293609427575219,85791.89696465751,7295.946160104947,0.006128956886509707,0.0,0.0
BC,SA,2038-01-01T00:00:00,F,34,727.7212841531145,63400.0,45200.0,0.01147825369326679,85791.89696465751,7295.946160104947,0.008482401134607196,0.0,0.0
BC,SA,2038-01-01T00:00:00,F,35,729.170928894484,63400.0,44599.99999999999,0.011501118752278926,85791.89696465751,7295.946160104947,0.008499298356753556,0.0,0.0
BC,SA,2038-01-01T00:00:00,F,36,631.5792342501663,63400.0,44300.0,0.00996181757492376,85791.89696465751,7295.946160104947,0.007361758587880965,0.0,0.0
BC,SA,2038-01-01T00:00:00,F,37,535.8382337860967,63400.0,46400.0,0.008451707157509411,85791.89696465751,7295.946160104947,0.006245790718520171,0.0,0.0
BC,SA,2038-01-01T00:00:00,F,38,339.6820159654453,63400.0,47600.0,0.005357760504186834,85791.89696465751,7295.946160104947,0.003959371781992177,0.0,0.0
BC,SA,2038-01-01T00:00:00,F,39,441.82292174231407,63400.0,47900.0,0.006968815800351957,85791.89696465751,7295.946160104947,0.005149937667473721,0.0,0.0
BC,SA,2038-01-01T00:00:00,F,40,343.98047683487675,63400.0,48000.0,0.0054255595715280245,85791.89696465751,7295.946160104947,0.004009475125332426,0.0,0.0
BC,SA,2038-01-01T00:00:00,F,41,445.2790913584686,63400.0,47800.00000000001,0.007023329516695088,85791.89696465751,7295.946160104947,0.005190223169233617,0.0,0.0
BC,SA,2038-01-01T00:00:00,F,42,347.8428220790447,63400.0,48699.99999999999,0.005486479843518056,85791.89696465751,7295.946160104947,0.004054495055894855,0.0,0.0
BC,SA,2038-01-01T00:00:00,F,43,449.1448030805259,63400.0,48499.99999999999,0.007084302887705456,85791.89696465751,7295.946160104947,0.0052352823398409505,0.0,0.0
BC,SA,2038-01-01T00:00:00,F,44,351.14299284416484,63400.0,48399.99999999999,0.005538533010160328,85791.89696465751,7295.946160104947,0.004092962217501966,0.0,0.0
BC,SA,2038-01-01T00:00:00,F,45,353.6521768498278,63400.0,48500.0,0.0055781100449499655,85791.89696465751,7295.946160104947,0.004122209548478885,0.0,0.0
BC,SA,2038-01-01T00:00:00,F,46,356.8069557562194,63400.0,48800.0,0.005627869964609139,85791.89696465751,7295.946160104947,0.004158982006228492,0.0,0.0
BC,SA,2038-01-01T00:00:00,F,47,359.6278669094463,63400.0,48800.0,0.005672363831379279,85791.89696465751,7295.946160104947,0.004191862863897241,0.0,0.0
BC,SA,2038-01-01T00:00:00,F,48,163.2548510683264,63400.0,48600.00000000001,0.0025749976509199745,85791.89696465751,7295.946160104947,0.0019029169052594817,0.0,0.0
BC,SA,2038-01-01T00:00:00,F,49,265.62018069651094,63400.0,47500.0,0.004189592755465472,85791.89696465751,7295.946160104947,0.0030960987003928212,0.0,0.0
BC,SA,2038-01-01T00:00:00,F,50,168.9985013621772,63400.0,46500.0,0.002665591504135287,85791.89696465751,7295.946160104947,0.001969865539070632,0.0,0.0
BC,SA,2038-01-01T00:00:00,F,51,172.63308102300653,63400.0,45400.0,0.0027229192590379576,85791.89696465751,7295.946160104947,0.0020122306083769632,0.0,0.0
BC,SA,2038-01-01T00:00:00,F,52,177.7617186619609,63400.0,45100.0,0.0028038125971918126,85791.89696465751,7295.946160104947,0.0020720105855124163,0.0,0.0
BC,SA,2038-01-01T00:00:00,F,53,281.8846466855466,63400.0,44200.00000000001,0.004446130073904521,85791.89696465751,7295.946160104947,0.0032856791452189325,0.0,0.0
BC,SA,2038-01-01T00:00:00,F,54,287.0599278628433,63400.0,43500.0,0.004527759114555888,85791.89696465751,7295.946160104947,0.0033460028046832834,0.0,0.0
BC,SA,2038-01-01T00:00:00,F,55,292.5166697328532,63400.0,42700.0,0.0046138275983099875,85791.89696465751,7295.946160104947,0.0034096072016376695,0.0,0.0
BC,SA,2038-01-01T00:00:00,F,56,198.87314209239412,63400.0,42000.0,0.0031368003484604752,85791.89696465751,7295.946160104947,0.0023180877114108004,0.0,0.0
BC,SA,2038-01-01T00:00:00,F,57,303.3940937453881,63400.0,40600.00000000001,0.004785395800400443,85791.89696465751,7295.946160104947,0.0035363956793072557,0.0,0.0
BC,SA,2038-01-01T00:00:00,F,58,209.90677194493037,63400.0,39700.00000000001,0.0033108323650619933,85791.89696465751,7295.946160104947,0.00244669694191985,0.0,0.0
BC,SA,2038-01-01T00:00:00,F,59,314.025657620281,63400.0,38000.0,0.004953086082338817,85791.89696465751,7295.946160104947,0.0036603183835606963,0.0,0.0
BC,SA,2038-01-01T00:00:00,F,60,320.7785244664701,63400.0,36900.0,0.005059598177704576,85791.89696465751,7295.946160104947,0.0037390305590120796,0.0,0.0
BC,SA,2038-01-01T00:00:00,F,61,330.02837887026544,63400.0,36500.00000000001,0.005205494934862231,85791.89696465751,7295.946160104947,0.0038468479022701015,0.0,0.0
BC,SA,2038-01-01T00:00:00,F,62,242.88857101900794,63400.0,36600.00000000001,0.0038310500160726804,85791.89696465751,7295.946160104947,0.0028311365013769,0.0,0.0
BC,SA,2038-01-01T00:00:00,F,63,254.1082429941889,63400.0,36100.0,0.004008016451012443,85791.89696465751,7295.946160104947,0.0029619142597915784,0.0,0.0
BC,SA,2038-01-01T00:00:00,F,64,167.84730570795364,63400.0,35800.0,0.002647433843974032,85791.89696465751,7295.946160104947,0.001956447073050493,0.0,0.0
BC,SA,2038-01-01T00:00:00,F,65,283.9346446018608,63400.0,35900.0,0.004478464425896857,85791.89696465751,7295.946160104947,0.003309574151493927,0.0,0.0
BC,SA,2038-01-01T00:00:00,F,66,103.50409338036116,63400.0,36000.0,0.0016325566779236775,85791.89696465751,7295.946160104947,0.0012064553535050086,0.0,0.0
BC,SA,2038-01-01T00:00:00,F,67,135.41032375658688,63400.0,37900.0,0.0021358095229745563,85791.89696465751,7295.946160104947,0.001578357963251121,0.0,0.0
BC,SA,2038-01-01T00:00:00,F,68,157.77842876627255,63400.0,37700.0,0.0024886187502566647,85791.89696465751,7295.946160104947,0.0018390831109757408,0.0,0.0
BC,SA,2038-01-01T00:00:00,F,69,181.2178476317058,63400.0,37300.0,0.002858325672424382,85791.89696465751,7295.946160104947,0.0021122956134931904,0.0,0.0
BC,SA,2038-01-01T00:00:00,F,70,199.41515609924681,63400.0,36000.00000000001,0.003145349465287805,85791.89696465751,7295.946160104947,0.0023244054876347714,0.0,0.0
BC,SA,2038-01-01T00:00:00,F,71,221.54558551443188,63400.0,35000.00000000001,0.0034944098661582315,85791.89696465751,7295.946160104947,0.002582360261898614,0.0,0.0
BC,SA,2038-01-01T00:00:00,F,72,66.93595944388653,63400.0,35900.0,0.0010557722309761282,85791.89696465751,7295.946160104947,0.000780213071538227,0.0,0.0
BC,SA,2038-01-01T00:00:00,F,73,118.84356093225506,63400.0,37000.0,0.0018745041156507107,85791.89696465751,7295.946160104947,0.0013852539125135952,0.0,0.0
BC,SA,2038-01-01T00:00:00,F,74,182.0389105471986,63400.0,38400.00000000001,0.0028712761915961928,85791.89696465751,7295.946160104947,0.0021218660151807885,0.0,0.0
BC,SA,2038-01-01T00:00:00,F,75,31.205038276777486,63400.0,37900.0,0.0004921930327567427,85791.89696465751,7295.946160104947,0.0003637294357721521,0.0,0.0
BC,SA,2038-01-01T00:00:00,F,76,63.17924614599906,63400.0,36100.0,0.0009965180780126034,85791.89696465751,7295.946160104947,0.0007364243988220255,0.0,0.0
BC,SA,2038-01-01T00:00:00,F,77,-79.72438414097269,63400.0,35500.0,-0.0012574823996998846,85791.89696465751,7295.946160104947,0.0,0.010927216620225978,0.0022457572997457097
BC,SA,2038-01-01T00:00:00,F,78,-25.44600152608473,63400.0,34600.00000000001,-0.00040135649094770866,85791.89696465751,7295.946160104947,0.0,0.003487690419815092,0.0007354335701180556
BC,SA,2038-01-01T00:00:00,F,79,23.30966013202851,63400.0,33200.00000000001,0.0003676602544483992,85791.89696465751,7295.946160104947,0.0002717000201269715,0.0,0.0
BC,SA,2038-01-01T00:00:00,F,80,-115.02344805561734,63400.0,32000.0,-0.0018142499693315037,85791.89696465751,7295.946160104947,0.0,0.015765391565603713,0.0035944827517380416
BC,SA,2038-01-01T00:00:00,F,81,-266.3120452420808,63400.0,30100.000000000004,-0.0042005054454586875,85791.89696465751,7295.946160104947,0.0,0.036501372049358716,0.008847576253889726
BC,SA,2038-01-01T00:00:00,F,82,-116.07166827590117,63400.0,28499.999999999996,-0.0018307834112918167,85791.89696465751,7295.946160104947,0.0,0.015909063160388176,0.004072690114943901
BC,SA,2038-01-01T00:00:00,F,83,-258.07439353011796,63400.0,26800.000000000004,-0.0040705740304435006,85791.89696465751,7295.946160104947,0.0,0.0353722996122556,0.009629641549631265
BC,SA,2038-01-01T00:00:00,F,84,-224.03281329790843,63400.0,24600.0,-0.0035336405882950856,85791.89696465751,7295.946160104947,0.0,0.03070647841714417,0.009107024930809286
BC,SA,2038-01-01T00:00:00,F,85,-203.40874487399924,63400.0,22199.999999999996,-0.003208339824511029,85791.89696465751,7295.946160104947,0.0,0.027879693793008108,0.009162556075405373
BC,SA,2038-01-01T00:00:00,F,86,-181.79215250129346,63400.0,20000.0,-0.002867384108853209,85791.89696465751,7295.946160104947,0.0,0.024916871439560968,0.009089607625064673
BC,SA,2038-01-01T00:00:00,F,87,-147.83246518880696,63400.0,18200.000000000004,-0.0023317423531357567,85791.89696465751,7295.946160104947,0.0,0.02026227468579353,0.00812266292246192
BC,SA,2038-01-01T00:00:00,F,88,-295.8238402673196,63400.0,16600.0,-0.004665991171408827,85791.89696465751,7295.946160104947,0.0,0.040546329944828485,0.017820713269115638
BC,SA,2038-01-01T00:00:00,F,89,-295.2839659450419,63400.0,14500.0,-0.004657475803549557,85791.89696465751,7295.946160104947,0.0,0.04047233346645125,0.02036441144448565
BC,SA,2038-01-01T00:00:00,F,90,-272.93116961787564,63400.0,12900.000000000002,-0.00430490803813684,85791.89696465751,7295.946160104947,0.0,0.03740860522111497,0.021157455009137644
BC,SA,2038-01-01T00:00:00,F,91,-262.7355958631615,63400.0,11299.999999999998,-0.0041440945719741565,85791.89696465751,7295.946160104947,0.0,0.03601117526056172,0.02325093768700545
BC,SA,2038-01-01T00:00:00,F,92,-255.21173941432517,63400.0,8100.000000000001,-0.0040254217573237406,85791.89696465751,7295.946160104947,0.0,0.03497993732599777,0.03150762214991668
BC,SA,2038-01-01T00:00:00,F,93,-139.75775091021387,63400.0,6500.0,-0.002204380929183184,85791.89696465751,7295.946160104947,0.0,0.019155534846792725,0.02150119244772521
BC,SA,2038-01-01T00:00:00,F,94,-187.8750802997647,63400.0,5300.0,-0.002963329342267582,85791.89696465751,7295.946160104947,0.0,0.025750612213544934,0.03544812835844617
BC,SA,2038-01-01T00:00:00,F,95,-179.03225669975836,63400.0,4100.0,-0.0028238526293337283,85791.89696465751,7295.946160104947,0.0,0.0245385934560108,0.04366640407311179
BC,SA,2038-01-01T00:00:00,F,96,-93.62797578465552,63400.0,3100.0,-0.0014767819524393615,85791.89696465751,7295.946160104947,0.0,0.0128328764672941,0.030202572833759846
BC,SA,2038-01-01T00:00:00,F,97,-170.430994997605,63400.0,2300.0,-0.002688186040971688,85791.89696465751,7295.946160104947,0.0,0.02335968375555467,0.07410043260765435
BC,SA,2038-01-01T00:00:00,F,98,-72.05185254285402,63400.0,1700.0000000000002,-0.001136464551149117,85791.89696465751,7295.946160104947,0.0,0.009875600910659352,0.04238344267226707
BC,SA,2038-01-01T00:00:00,F,99,-58.43069059008394,63400.0,1200.0000000000002,-0.0009216197253956457,85791.89696465751,7295.946160104947,0.0,0.008008651559079413,0.04869224215840327
BC,SA,2038-01-01T00:00:00,F,100,1456.6114445591093,63400.0,2300.0,0.02297494392049068,85791.89696465751,7295.946160104947,0.016978426822281,0.0,0.0
BC,SA,2038-01-01T00:00:00,M,1,490.6999130461809,63400.0,32299.999999999996,0.007739746262558058,85791.89696465751,7295.946160104947,0.005719653375287035,0.0,0.0
BC,SA,2038-01-01T00:00:00,M,2,505.8028163585659,63400.0,32200.000000000004,0.007977962403131955,85791.89696465751,7295.946160104947,0.005895694514913622,0.0,0.0
BC,SA,2038-01-01T00:00:00,M,3,504.0239501064352,63400.0,32099.999999999996,0.007949904575811281,85791.89696465751,7295.946160104947,0.005874959849810419,0.0,0.0
BC,SA,2038-01-01T00:00:00,M,4,502.76643745888214,63400.0,32100.000000000004,0.007930069991465017,85791.89696465751,7295.946160104947,0.005860302140958601,0.0,0.0
BC,SA,2038-01-01T00:00:00,M,5,602.2634395881723,63400.0,32200.000000000004,0.009499423337352876,85791.89696465751,7295.946160104947,0.007020050388165194,0.0,0.0
BC,SA,2038-01-01T00:00:00,M,6,601.7715878871786,63400.0,32400.000000000004,0.00949166542408799,85791.89696465751,7295.946160104947,0.007014317309420049,0.0,0.0
BC,SA,2038-01-01T00:00:00,M,7,601.5280511227502,63400.0,32600.0,0.009487824150201107,85791.89696465751,7295.946160104947,0.00701147861750339,0.0,0.0
BC,SA,2038-01-01T00:00:00,M,8,501.53282628251327,63400.0,32600.0,0.007910612401932386,85791.89696465751,7295.946160104947,0.0058459230303430955,0.0,0.0
BC,SA,2038-01-01T00:00:00,M,9,601.5328262825133,63400.0,32700.0,0.009487899468178443,85791.89696465751,7295.946160104947,0.007011534277302649,0.0,0.0
BC,SA,2038-01-01T00:00:00,M,10,601.5328262825133,63400.0,32700.000000000004,0.009487899468178443,85791.89696465751,7295.946160104947,0.007011534277302649,0.0,0.0
BC,SA,2038-01-01T00:00:00,M,11,601.532826282506,63400.0,32699.999999999996,0.009487899468178329,85791.89696465751,7295.946160104947,0.007011534277302564,0.0,0.0
BC,SA,2038-01-01T00:00:00,M,12,402.0437767215153,63400.0,32500.0,0.0063413844908756355,85791.89696465751,7295.946160104947,0.004686267479166939,0.0,0.0
BC,SA,2038-01-01T00:00:00,M,13,502.2849279386937,63400.0,32400.0,0.007922475204080343,85791.89696465751,7295.946160104947,0.005854689611836104,0.0,0.0
BC,SA,2038-01-01T00:00:00,M,14,803.0274883710699,63400.0,32500.0,0.012666048712477444,85791.89696465751,7295.946160104947,0.009360178720630014,0.0,0.0
BC,SA,2038-01-01T00:00:00,M,15,1304.0494181450922,63400.0,33100.0,0.020568602809859497,85791.89696465751,7295.946160104947,0.015200146683809816,0.0,0.0
BC,SA,2038-01-01T00:00:00,M,16,2106.1888344707913,63400.0,34500.0,0.03322064407682636,85791.89696465751,7295.946160104947,0.02454997393679788,0.0,0.0
BC,SA,2038-01-01T00:00:00,M,17,1808.8218160723627,63400.0,34400.0,0.028530312556346415,85791.89696465751,7295.946160104947,0.021083830525597515,0.0,0.0
BC,SA,2038-01-01T00:00:00,M,18,2712.464159358744,63400.0,37500.0,0.0427833463621253,85791.89696465751,7295.946160104947,0.031616787311232436,0.0,0.0
BC,SA,2038-01-01T00:00:00,M,19,5416.967909281433,63400.0,42799.99999999999,0.08544113421579548,85791.89696465751,7295.946160104947,0.06314078719477419,0.0,0.0
BC,SA,2038-01-01T00:00:00,M,20,3523.616202426405,63400.0,46500.0,0.05557754262502216,85791.89696465751,7295.946160104947,0.04107166675517129,0.0,0.0
BC,SA,2038-01-01T00:00:00,M,21,1130.2385539640964,63400.0,48000.00000000001,0.01782710652940215,85791.89696465751,7295.946160104947,0.013174187702478532,0.0,0.0
BC,SA,2038-01-01T00:00:00,M,22,-64.614556451721,63400.0,47700.00000000001,-0.0010191570418252524,85791.89696465751,7295.946160104947,0.0,0.008856227147760581,0.0013546028606230816
BC,SA,2038-01-01T00:00:00,M,23,-260.345506599755,63400.0,47600.0,-0.004106396003150711,85791.89696465751,7295.946160104947,0.0,0.03568358385418926,0.00546944341596124
BC,SA,2038-01-01T00:00:00,M,24,-257.72264234608883,63400.0,46699.99999999999,-0.004065025904512442,85791.89696465751,7295.946160104947,0.0,0.03532408774551342,0.005518686131607899
BC,SA,2038-01-01T00:00:00,M,25,44.04907264617941,63400.0,46500.0,0.0006947803256495175,85791.89696465751,7295.946160104947,0.0005134409449452516,0.0,0.0
BC,SA,2038-01-01T00:00:00,M,26,245.57405451324303,63400.0,46000.0,0.0038734077998934234,85791.89696465751,7295.946160104947,0.0028624387990209463,0.0,0.0
BC,SA,2038-01-01T00:00:00,M,27,647.4964062296058,63400.0,45800.0,0.010212877069867598,85791.89696465751,7295.946160104947,0.007547290934671206,0.0,0.0
BC,SA,2038-01-01T00:00:00,M,28,650.6797974662331,63400.0,46400.0,0.010263088288110933,85791.89696465751,7295.946160104947,0.007584396900960059,0.0,0.0
BC,SA,2038-01-01T00:00:00,M,29,554.1978578166963,63400.0,46500.0,0.008741291132755463,85791.89696465751,7295.946160104947,0.006459792561120329,0.0,0.0
BC,SA,2038-01-01T00:00:00,M,30,657.609487013724,63400.0,46400.0,0.010372389385074511,85791.89696465751,7295.946160104947,0.007665170141704993,0.0,0.0
BC,SA,2038-01-01T00:00:00,M,31,661.1743610812846,63400.0,45799.99999999999,0.010428617682670104,85791.89696465751,7295.946160104947,0.007706722714776424,0.0,0.0
BC,SA,2038-01-01T00:00:00,M,32,464.6247648510689,63400.0,44999.99999999999,0.007328466322572065,85791.89696465751,7295.946160104947,0.005415718515263439,0.0,0.0
BC,SA,2038-01-01T00:00:00,M,33,567.9175582596145,63400.0,44699.99999999999,0.008957690193369313,85791.89696465751,7295.946160104947,0.006619710932532143,0.0,0.0
BC,SA,2038-01-01T00:00:00,M,34,771.7901199645785,63400.0,44900.0,0.012173345740766221,85791.89696465751,7295.946160104947,0.008996072441229758,0.0,0.0
BC,SA,2038-01-01T00:00:00,M,35,674.1002578743792,63400.0,44500.0,0.010632496180983898,85791.89696465751,7295.946160104947,0.007857388421567118,0.0,0.0
BC,SA,2038-01-01T00:00:00,M,36,775.6762131116848,63400.0,44100.0,0.012234640585357804,85791.89696465751,7295.946160104947,0.009041369180019755,0.0,0.0
BC,SA,2038-01-01T00:00:00,M,37,481.87090431329125,63400.0,46100.0,0.007600487449736455,85791.89696465751,7295.946160104947,0.005616741456501432,0.0,0.0
BC,SA,2038-01-01T00:00:00,M,38,488.30816068871354,63400.0,48000.0,0.00770202146196709,85791.89696465751,7295.946160104947,0.0056917748408089755,0.0,0.0
BC,SA,2038-01-01T00:00:00,M,39,293.06972819676594,63400.0,48500.0,0.004622550917930062,85791.89696465751,7295.946160104947,0.0034160537132952983,0.0,0.0
BC,SA,2038-01-01T00:00:00,M,40,397.31887924779585,63400.0,48800.0,0.006266859294129272,85791.89696465751,7295.946160104947,0.004631193542805957,0.0,0.0
BC,SA,2038-01-01T00:00:00,M,41,402.82573390462494,63400.0,49399.99999999999,0.006353718200388406,85791.89696465751,7295.946160104947,0.004695382060039673,0.0,0.0
BC,SA,2038-01-01T00:00:00,M,42,408.7903541629639,63400.0,49800.00000000001,0.006447797384273879,85791.89696465751,7295.946160104947,0.0047649063446093,0.0,0.0
BC,SA,2038-01-01T00:00:00,M,43,315.2357075770342,63400.0,50100.00000000001,0.004972172043801801,85791.89696465751,7295.946160104947,0.003674422861950441,0.0,0.0
BC,SA,2038-01-01T00:00:00,M,44,420.714117751093,63400.0,50000.00000000001,0.006635869365159195,85791.89696465751,7295.946160104947,0.0049038910740534,0.0,0.0
BC,SA,2038-01-01T00:00:00,M,45,226.14508144155116,63400.0,49600.0,0.003566957120529198,85791.89696465751,7295.946160104947,0.0026359725037285626,0.0,0.0
BC,SA,2038-01-01T00:00:00,M,46,332.31438023444207,63400.0,49500.0,0.005241551738713597,85791.89696465751,7295.946160104947,0.0038734937912765933,0.0,0.0
BC,SA,2038-01-01T00:00:00,M,47,239.10401099690353,63400.0,49300.0,0.0037713566403297085,85791.89696465751,7295.946160104947,0.002787023244111316,0.0,0.0
BC,SA,2038-01-01T00:00:00,M,48,245.9589523305549,63400.0,49099.99999999999,0.0038794787433841468,85791.89696465751,7295.946160104947,0.0028669252112688355,0.0,0.0
BC,SA,2038-01-01T00:00:00,M,49,250.38574820725626,63400.0,47900.0,0.003949302022196471,85791.89696465751,7295.946160104947,0.002918524441887608,0.0,0.0
BC,SA,2038-01-01T00:00:00,M,50,153.45436301353766,63400.0,46200.0,0.002420415820402802,85791.89696465751,7295.946160104947,0.0017886813142359366,0.0,0.0
BC,SA,2038-01-01T00:00:00,M,51,159.48393768255482,63400.0,45400.0,0.0025155195218068585,85791.89696465751,7295.946160104947,0.001858962714721825,0.0,0.0
BC,SA,2038-01-01T00:00:00,M,52,168.15155825029797,63400.0,45200.0,0.0026522327799731542,85791.89696465751,7295.946160104947,0.0019599934749032185,0.0,0.0
BC,SA,2038-01-01T00:00:00,M,53,173.90586095474282,63400.0,44099.99999999999,0.0027429946522830096,85791.89696465751,7295.946160104947,0.0020270662744103257,0.0,0.0
BC,SA,2038-01-01T00:00:00,M,54,179.01941304701904,63400.0,42800.0,0.0028236500480602372,85791.89696465751,7295.946160104947,0.002086670412717033,0.0,0.0
BC,SA,2038-01-01T00:00:00,M,55,184.390857349601,63400.0,41400.0,0.002908373144315473,85791.89696465751,7295.946160104947,0.002149280571632096,0.0,0.0
BC,SA,2038-01-01T00:00:00,M,56,191.0650279299589,63400.0,40300.0,0.0030136439736586575,85791.89696465751,7295.946160104947,0.0022270754545580134,0.0,0.0
BC,SA,2038-01-01T00:00:00,M,57,196.53172712212836,63400.0,38899.99999999999,0.0030998695129673243,85791.89696465751,7295.946160104947,0.002290795915179388,0.0,0.0
BC,SA,2038-01-01T00:00:00,M,58,201.78656981918903,63400.0,37399.99999999999,0.003182753467179638,85791.89696465751,7295.946160104947,0.00235204695266636,0.0,0.0
BC,SA,2038-01-01T00:00:00,M,59,206.0062988821228,63400.0,35700.0,0.003249310707919918,85791.89696465751,7295.946160104947,0.002401232589215137,0.0,0.0
BC,SA,2038-01-01T00:00:00,M,60,212.78453256082867,63400.0,34399.99999999999,0.0033562229110540797,85791.89696465751,7295.946160104947,0.0024802404433193325,0.0,0.0
BC,SA,2038-01-01T00:00:00,M,61,225.51314776859363,63400.0,33999.99999999999,0.003556989712438385,85791.89696465751,7295.946160104947,0.0026286066137632454,0.0,0.0
BC,SA,2038-01-01T00:00:00,M,62,238.0721950413281,63400.0,33399.99999999999,0.0037550819407149542,85791.89696465751,7295.946160104947,0.0027749962812852053,0.0,0.0
BC,SA,2038-01-01T00:00:00,M,63,253.91488474486687,63400.0,33100.0,0.004004966636354367,85791.89696465751,7295.946160104947,0.0029596604542905564,0.0,0.0
BC,SA,2038-01-01T00:00:00,M,64,269.3569547130719,63400.0,32600.0,0.004248532408723532,85791.89696465751,7295.946160104947,0.003139654958603318,0.0,0.0
BC,SA,2038-01-01T00:00:00,M,65,189.83368912946025,63400.0,32400.0,0.002994222226016723,85791.89696465751,7295.946160104947,0.0022127228310112245,0.0,0.0
BC,SA,2038-01-01T00:00:00,M,66,316.11453347725546,63400.0,32800.0,0.004986033651060812,85791.89696465751,7295.946160104947,0.0036846665554846132,0.0,0.0
BC,SA,2038-01-01T00:00:00,M,67,259.05316648472217,63400.0,34300.0,0.004086012089664388,85791.89696465751,7295.946160104947,0.003019552844150779,0.0,0.0
BC,SA,2038-01-01T00:00:00,M,68,288.2046425468143,63400.0,34200.0,0.004545814551211582,85791.89696465751,7295.946160104947,0.0033593457277852467,0.0,0.0
BC,SA,2038-01-01T00:00:00,M,69,212.8343977053737,63400.0,33400.0,0.0033570094275295536,85791.89696465751,7295.946160104947,0.0024808216770524625,0.0,0.0
BC,SA,2038-01-01T00:00:00,M,70,235.542677305104,63400.0,32399.999999999993,0.0037151841846230914,85791.89696465751,7295.946160104947,0.0027455119380579407,0.0,0.0
BC,SA,2038-01-01T00:00:00,M,71,165.48831944075573,63400.0,31700.0,0.002610225858686999,85791.89696465751,7295.946160104947,0.0019289504638058026,0.0,0.0
BC,SA,2038-01-01T00:00:00,M,72,220.53365378656235,63400.0,32499.999999999996,0.0034784487978953053,85791.89696465751,7295.946160104947,0.0025705650718670144,0.0,0.0
BC,SA,2038-01-01T00:00:00,M,73,189.2450873030757,63400.0,33600.0,0.0029849382855374716,85791.89696465751,7295.946160104947,0.002205862021923077,0.0,0.0
BC,SA,2038-01-01T00:00:00,M,74,159.85633914436767,63400.0,34300.0,0.0025213933618985435,85791.89696465751,7295.946160104947,0.0018633034680445573,0.0,0.0
BC,SA,2038-01-01T00:00:00,M,75,121.01021086912806,63400.0,34100.0,0.0019086784048758369,85791.89696465751,7295.946160104947,0.001410508627860029,0.0,0.0
BC,SA,2038-01-01T00:00:00,M,76,47.786469381717325,63400.0,32100.0,0.0007537298009734594,85791.89696465751,7295.946160104947,0.0005570044616381806,0.0,0.0
BC,SA,2038-01-01T00:00:00,M,77,101.73394443540383,63400.0,31300.0,0.0016046363475615746,85791.89696465751,7295.946160104947,0.0011858222983146501,0.0,0.0
BC,SA,2038-01-01T00:00:00,M,78,49.4314186572592,63400.0,29999.999999999996,0.0007796753731428896,85791.89696465751,7295.946160104947,0.0005761781754006765,0.0,0.0
BC,SA,2038-01-01T00:00:00,M,79,84.81469466574345,63400.0,28299.999999999996,0.0013377712092388556,85791.89696465751,7295.946160104947,0.0009886096200983103,0.0,0.0
BC,SA,2038-01-01T00:00:00,M,80,43.517894788921694,63400.0,27200.0,0.0006864021260082286,85791.89696465751,7295.946160104947,0.0005072494760996969,0.0,0.0
BC,SA,2038-01-01T00:00:00,M,81,-30.787162790238654,63400.0,25099.999999999996,-0.0004856019367545529,85791.89696465751,7295.946160104947,0.0,0.0042197628812814325,0.0012265801908461617
BC,SA,2038-01-01T00:00:00,M,82,16.09142879557112,63400.0,23700.0,0.00025380802516673687,85791.89696465751,7295.946160104947,0.0001875635038376652,0.0,0.0
BC,SA,2038-01-01T00:00:00,M,83,-50.16477792596561,63400.0,21899.999999999996,-0.0007912425540373125,85791.89696465751,7295.946160104947,0.0,0.006875705607625265,0.0022906291290395258
BC,SA,2038-01-01T00:00:00,M,84,-144.88916877639713,63400.0,19600.0,-0.002285318119501532,85791.89696465751,7295.946160104947,0.0,0.019858859371614798,0.007392304529408017
BC,SA,2038-01-01T00:00:00,M,85,-127.1074753189132,63400.0,17800.0,-0.002004849768437117,85791.89696465751,7295.946160104947,0.0,0.017421657524551257,0.007140869399938944
BC,SA,2038-01-01T00:00:00,M,86,-123.42629231346473,63400.0,15899.999999999998,-0.00194678694500733,85791.89696465751,7295.946160104947,0.0,0.016917105691976395,0.0077626598939286
BC,SA,2038-01-01T00:00:00,M,87,-216.9797686656384,63400.0,14099.999999999998,-0.0034223938275337287,85791.89696465751,7295.946160104947,0.0,0.02973977108714263,0.015388636075577194
BC,SA,2038-01-01T00:00:00,M,88,-206.31309639209212,63400.0,12600.0,-0.003254149785364229,85791.89696465751,7295.946160104947,0.0,0.02827777122592205,0.01637405526921366
BC,SA,2038-01-01T00:00:00,M,89,-232.910415541548,63400.0,10800.0,-0.003673665860276782,85791.89696465751,7295.946160104947,0.0,0.03192326401956312,0.02156577921681
BC,SA,2038-01-01T00:00:00,M,90,-230.47876353484935,63400.0,9499.999999999998,-0.0036353117276790117,85791.89696465751,7295.946160104947,0.0,0.03158997592322338,0.024260922477352568
BC,SA,2038-01-01T00:00:00,M,91,-163.95844815498822,63400.0,8100.0,-0.002586095396766376,85791.89696465751,7295.946160104947,0.0,0.022472540854472232,0.020241783722838053
BC,SA,2038-01-01T00:00:00,M,92,-174.0206499826818,63400.0,5599.999999999999,-0.0027448052047741606,85791.89696465751,7295.946160104947,0.0,0.02385169053662241,0.031075116068336038
BC,SA,2038-01-01T00:00:00,M,93,-172.41767904048174,63400.0,4299.999999999999,-0.002719521751427157,85791.89696465751,7295.946160104947,0.0,0.0236319834682006,0.040097134660577155
BC,SA,2038-01-01T00:00:00,M,94,-130.5125955119588,63400.0,3500.0,-0.0020585582888321577,85791.89696465751,7295.946160104947,0.0,0.017888371521382153,0.0372893130034168
BC,SA,2038-01-01T00:00:00,M,95,-131.02128831519985,63400.0,2600.0,-0.0020665818346246034,85791.89696465751,7295.946160104947,0.0,0.01795809418545863,0.05039280319815379
BC,SA,2038-01-01T00:00:00,M,96,-49.10937106893584,63400.0,1900.0,-0.0007745957581851079,85791.89696465751,7295.946160104947,0.0,0.006731048995053088,0.025847037404703076
BC,SA,2038-01-01T00:00:00,M,97,-50.971436710598255,63400.0,1300.0,-0.0008039658787160608,85791.89696465751,7295.946160104947,0.0,0.0069862682086822125,0.03920879746969096
BC,SA,2038-01-01T00:00:00,M,98,-31.77244339632398,63400.0,899.9999999999999,-0.0005011426403205675,85791.89696465751,7295.946160104947,0.0,0.004354807820548247,0.03530271488480442
BC,SA,2038-01-01T00:00:00,M,99,-81.84795447593024,63400.0,600.0,-0.0012909771999358082,85791.89696465751,7295.946160104947,0.0,0.01121827829863713,0.13641325745988372
BC,SA,2038-01-01T00:00:00,M,100,557.0663611908918,63400.0,999.9999999999999,0.00878653566547148,85791.89696465751,7295.946160104947,0.0064932281590693655,0.0,0.0
BC,SA,2039-01-01T00:00:00,F,1,485.97697731604785,64900.0,31300.0,0.007488089018737255,86317.60344270535,7627.992778894844,0.0056301027592665105,0.0,0.0
BC,SA,2039-01-01T00:00:00,F,2,403.7774667910744,64900.0,31100.000000000004,0.006221532616195291,86317.60344270535,7627.992778894844,0.004677811369717742,0.0,0.0
BC,SA,2039-01-01T00:00:00,F,3,303.0022701215712,64900.0,30800.000000000004,0.004668756088159803,86317.60344270535,7627.992778894844,0.0035103183827699023,0.0,0.0
BC,SA,2039-01-01T00:00:00,F,4,402.4854769860576,64900.0,30700.000000000004,0.006201625223205818,86317.60344270535,7627.992778894844,0.00466284350970441,0.0,0.0
BC,SA,2039-01-01T00:00:00,F,5,402.2295426754208,64900.0,30600.0,0.006197681705322354,86317.60344270535,7627.992778894844,0.0046598784793927565,0.0,0.0
BC,SA,2039-01-01T00:00:00,F,6,501.9818121496064,64900.0,30699.999999999996,0.007734696643291316,86317.60344270535,7627.992778894844,0.005815520729590282,0.0,0.0
BC,SA,2039-01-01T00:00:00,F,7,401.73982450936455,64900.0,30700.000000000004,0.006190135970868483,86317.60344270535,7627.992778894844,0.0046542050345040635,0.0,0.0
BC,SA,2039-01-01T00:00:00,F,8,401.49127547064563,64900.0,30700.0,0.006186306247621658,86317.60344270535,7627.992778894844,0.004651325563471438,0.0,0.0
BC,SA,2039-01-01T00:00:00,F,9,401.4863537694255,64900.0,30600.000000000004,0.006186230412471887,86317.60344270535,7627.992778894844,0.004651268544960453,0.0,0.0
BC,SA,2039-01-01T00:00:00,F,10,401.4863537694182,64900.0,30599.999999999996,0.006186230412471775,86317.60344270535,7627.992778894844,0.004651268544960369,0.0,0.0
BC,SA,2039-01-01T00:00:00,F,11,401.4814320682017,64900.0,30500.0,0.00618615457732206,86317.60344270535,7627.992778894844,0.0046512115264494246,0.0,0.0
BC,SA,2039-01-01T00:00:00,F,12,401.716856529034,64900.0,30300.0,0.006189782072866471,86317.60344270535,7627.992778894844,0.004653938947640961,0.0,0.0
BC,SA,2039-01-01T00:00:00,F,13,501.955562982057,64900.0,30299.999999999996,0.007734292187705038,86317.60344270535,7627.992778894844,0.005815216629771676,0.0,0.0
BC,SA,2039-01-01T00:00:00,F,14,702.1926297172176,64900.0,30400.0,0.01081960908655189,86317.60344270535,7627.992778894844,0.00813498755422825,0.0,0.0
BC,SA,2039-01-01T00:00:00,F,15,1302.9333655613955,64900.0,31099.999999999996,0.020076014877679436,86317.60344270535,7627.992778894844,0.015094642501587034,0.0,0.0
BC,SA,2039-01-01T00:00:00,F,16,2304.2532542272493,64900.0,32800.0,0.03550467263832433,86317.60344270535,7627.992778894844,0.02669505595989737,0.0,0.0
BC,SA,2039-01-01T00:00:00,F,17,1906.3393562594574,64900.0,34100.0,0.02937348776979133,86317.60344270535,7627.992778894844,0.02208517475261949,0.0,0.0
BC,SA,2039-01-01T00:00:00,F,18,2607.9488903472775,64900.0,34900.00000000001,0.04018411233200736,86317.60344270535,7627.992778894844,0.03021340707261809,0.0,0.0
BC,SA,2039-01-01T00:00:00,F,19,5110.336129874071,64900.0,40100.0,0.07874169691639554,86317.60344270535,7627.992778894844,0.059203869501151474,0.0,0.0
BC,SA,2039-01-01T00:00:00,F,20,2813.5880312591253,64900.0,43200.00000000001,0.04335266612109592,86317.60344270535,7627.992778894844,0.03259576168755297,0.0,0.0
BC,SA,2039-01-01T00:00:00,F,21,716.1320065100299,64900.0,44400.0,0.011034391471649151,86317.60344270535,7627.992778894844,0.00829647694036563,0.0,0.0
BC,SA,2039-01-01T00:00:00,F,22,-382.43804436342907,64900.0,44200.0,-0.0058927279562932065,86317.60344270535,7627.992778894844,0.0,0.050136130886431866,0.008652444442611517
BC,SA,2039-01-01T00:00:00,F,23,18.450489260387258,64900.0,44100.0,0.00028429105177792385,86317.60344270535,7627.992778894844,0.00021375117617386186,0.0,0.0
BC,SA,2039-01-01T00:00:00,F,24,219.0436706860055,64900.0,44000.0,0.0033750950799076346,86317.60344270535,7627.992778894844,0.0025376477329030474,0.0,0.0
BC,SA,2039-01-01T00:00:00,F,25,619.043670685991,64900.0,44399.99999999999,0.009538423277133912,86317.60344270535,7627.992778894844,0.0071716966875347826,0.0,0.0
BC,SA,2039-01-01T00:00:00,F,26,419.26106418699055,64900.0,44700.00000000001,0.006460108847257173,86317.60344270535,7627.992778894844,0.004857190740533958,0.0,0.0
BC,SA,2039-01-01T00:00:00,F,27,619.6245157659796,64900.0,44900.0,0.009547373124283198,86317.60344270535,7627.992778894844,0.007178425848874094,0.0,0.0
BC,SA,2039-01-01T00:00:00,F,28,719.9879686515342,64900.0,45000.0,0.011093805372134578,86317.60344270535,7627.992778894844,0.008341148733692976,0.0,0.0
BC,SA,2039-01-01T00:00:00,F,29,821.0889619241498,64900.0,45900.0,0.012651601878646376,86317.60344270535,7627.992778894844,0.009512416114161005,0.0,0.0
BC,SA,2039-01-01T00:00:00,F,30,722.071010668893,64900.0,46300.0,0.011125901551138568,86317.60344270535,7627.992778894844,0.008365281030400466,0.0,0.0
BC,SA,2039-01-01T00:00:00,F,31,923.3968413090988,64900.0,46900.0,0.014227994473175637,86317.60344270535,7627.992778894844,0.01069766541794708,0.0,0.0
BC,SA,2039-01-01T00:00:00,F,32,624.7440603583673,64900.0,46300.0,0.009626256708141252,86317.60344270535,7627.992778894844,0.007237736399540458,0.0,0.0
BC,SA,2039-01-01T00:00:00,F,33,625.8993303514726,64900.0,45700.0,0.009644057478451042,86317.60344270535,7627.992778894844,0.007251120343800126,0.0,0.0
BC,SA,2039-01-01T00:00:00,F,34,727.6264741242703,64900.0,45600.00000000001,0.011211501912546539,86317.60344270535,7627.992778894844,0.008429641754445183,0.0,0.0
BC,SA,2039-01-01T00:00:00,F,35,729.6653981488853,64900.0,45900.0,0.011242918307378818,86317.60344270535,7627.992778894844,0.008453262938807285,0.0,0.0
BC,SA,2039-01-01T00:00:00,F,36,731.8332760694684,64900.0,45300.0,0.011276321665169006,86317.60344270535,7627.992778894844,0.008478378069836404,0.0,0.0
BC,SA,2039-01-01T00:00:00,F,37,634.1636503785776,64900.0,44900.0,0.009771396770085941,86317.60344270535,7627.992778894844,0.0073468635027559995,0.0,0.0
BC,SA,2039-01-01T00:00:00,F,38,438.448332389984,64900.0,46800.0,0.006755752425115316,86317.60344270535,7627.992778894844,0.005079477590929768,0.0,0.0
BC,SA,2039-01-01T00:00:00,F,39,541.3956660824551,64900.0,48100.0,0.008341997936555549,86317.60344270535,7627.992778894844,0.006272135051129112,0.0,0.0
BC,SA,2039-01-01T00:00:00,F,40,443.6218874336191,64900.0,48300.0,0.006835468219316165,86317.60344270535,7627.992778894844,0.0051394138592839875,0.0,0.0
BC,SA,2039-01-01T00:00:00,F,41,445.288523397845,64900.0,48400.0,0.006861148280398228,86317.60344270535,7627.992778894844,0.00515872204090342,0.0,0.0
BC,SA,2039-01-01T00:00:00,F,42,346.668846222914,64900.0,48100.0,0.00534158468756416,86317.60344270535,7627.992778894844,0.004016201011106857,0.0,0.0
BC,SA,2039-01-01T00:00:00,F,43,449.14613865551655,64900.0,49100.0,0.006920587652627374,86317.60344270535,7627.992778894844,0.005203412985783882,0.0,0.0
BC,SA,2039-01-01T00:00:00,F,44,350.93437022870785,64900.0,48800.0,0.0054073092485162995,86317.60344270535,7627.992778894844,0.0040656176287568735,0.0,0.0
BC,SA,2039-01-01T00:00:00,F,45,253.2125506830489,64900.0,48600.0,0.0039015801337912003,86317.60344270535,7627.992778894844,0.0029334983894811523,0.0,0.0
BC,SA,2039-01-01T00:00:00,F,46,356.1087034467346,64900.0,48800.00000000001,0.005487037033077575,86317.60344270535,7627.992778894844,0.004125562912356658,0.0,0.0
BC,SA,2039-01-01T00:00:00,F,47,359.2592819120691,64900.0,49100.0,0.005535582155810002,86317.60344270535,7627.992778894844,0.0041620627494660814,0.0,0.0
BC,SA,2039-01-01T00:00:00,F,48,162.86390400485834,64900.0,48900.0,0.0025094592296588344,86317.60344270535,7627.992778894844,0.0018867982602524616,0.0,0.0
BC,SA,2039-01-01T00:00:00,F,49,166.59512246924714,64900.0,48700.0,0.0025669510395877836,86317.60344270535,7627.992778894844,0.001930024882813472,0.0,0.0
BC,SA,2039-01-01T00:00:00,F,50,69.76630005678453,64900.0,47500.0,0.0010749815108903626,86317.60344270535,7627.992778894844,0.0008082511246166953,0.0,0.0
BC,SA,2039-01-01T00:00:00,F,51,173.64109607911814,64900.0,46600.00000000001,0.0026755176591543627,86317.60344270535,7627.992778894844,0.002011653349416439,0.0,0.0
BC,SA,2039-01-01T00:00:00,F,52,177.4891473460375,64900.0,45500.00000000001,0.002734809666348806,86317.60344270535,7627.992778894844,0.002056233494293533,0.0,0.0
BC,SA,2039-01-01T00:00:00,F,53,282.9008050457778,64900.0,45300.0,0.0043590262718918,86317.60344270535,7627.992778894844,0.0032774404497172773,0.0,0.0
BC,SA,2039-01-01T00:00:00,F,54,187.77803988268715,64900.0,44300.0,0.0028933442200722212,86317.60344270535,7627.992778894844,0.002175431573552986,0.0,0.0
BC,SA,2039-01-01T00:00:00,F,55,193.53074839673354,64900.0,43600.000000000015,0.002981983796559839,86317.60344270535,7627.992778894844,0.0022420774057425328,0.0,0.0
BC,SA,2039-01-01T00:00:00,F,56,299.5238702703864,64900.0,42900.0,0.004615159788449713,86317.60344270535,7627.992778894844,0.0034700206947844655,0.0,0.0
BC,SA,2039-01-01T00:00:00,F,57,306.16950466250273,64900.0,42200.00000000001,0.004717557853043185,86317.60344270535,7627.992778894844,0.003547011182553597,0.0,0.0
BC,SA,2039-01-01T00:00:00,F,58,311.29934033819154,64900.0,40800.0,0.004796600005210963,86317.60344270535,7627.992778894844,0.0036064409566794946,0.0,0.0
BC,SA,2039-01-01T00:00:00,F,59,318.287777375961,64900.0,39900.0,0.0049042800828345305,86317.60344270535,7627.992778894844,0.003687402855052961,0.0,0.0
BC,SA,2039-01-01T00:00:00,F,60,323.522848322551,64900.0,38200.0,0.004984943733783528,86317.60344270535,7627.992778894844,0.003748051792671634,0.0,0.0
BC,SA,2039-01-01T00:00:00,F,61,230.55679808280547,64900.0,37000.0,0.00355249303671503,86317.60344270535,7627.992778894844,0.0026710287228472592,0.0,0.0
BC,SA,2039-01-01T00:00:00,F,62,241.13699696096592,64900.0,36600.0,0.0037155161319101064,86317.60344270535,7627.992778894844,0.002793601621725102,0.0,0.0
BC,SA,2039-01-01T00:00:00,F,63,354.7568172730389,64900.0,36800.0,0.005466206737643127,86317.60344270535,7627.992778894844,0.004109901145581668,0.0,0.0
BC,SA,2039-01-01T00:00:00,F,64,267.1806711327081,64900.0,36200.0,0.004116805410365302,86317.60344270535,7627.992778894844,0.0030953207744009413,0.0,0.0
BC,SA,2039-01-01T00:00:00,F,65,281.6826492383989,64900.0,35900.0,0.004340256536801215,86317.60344270535,7627.992778894844,0.0032633279656028693,0.0,0.0
BC,SA,2039-01-01T00:00:00,F,66,99.90008627023781,64900.0,35800.0,0.001539292546536792,86317.60344270535,7627.992778894844,0.0011573547258705815,0.0,0.0
BC,SA,2039-01-01T00:00:00,F,67,120.29263390826964,64900.0,35900.00000000001,0.0018535074562137078,86317.60344270535,7627.992778894844,0.0013936048860313383,0.0,0.0
BC,SA,2039-01-01T00:00:00,F,68,55.301218215150584,64900.0,37700.00000000001,0.0008520988939160337,86317.60344270535,7627.992778894844,0.0006406713811494734,0.0,0.0
BC,SA,2039-01-01T00:00:00,F,69,180.01111587775813,64900.0,37600.0,0.002773668965758985,86317.60344270535,7627.992778894844,0.002085450808388619,0.0,0.0
BC,SA,2039-01-01T00:00:00,F,70,205.59215136824787,64900.0,37199.99999999999,0.0031678297591409533,86317.60344270535,7627.992778894844,0.0023818102353213833,0.0,0.0
BC,SA,2039-01-01T00:00:00,F,71,125.76869995784364,64900.0,35800.0,0.0019378844369467433,86317.60344270535,7627.992778894844,0.0014570457814126474,0.0,0.0
BC,SA,2039-01-01T00:00:00,F,72,50.450255680560076,64900.0,34700.00000000001,0.0007773537084832061,86317.60344270535,7627.992778894844,0.0005844723864935293,0.0,0.0
BC,SA,2039-01-01T00:00:00,F,73,198.21712589687377,64900.0,35700.0,0.003054193003033494,86317.60344270535,7627.992778894844,0.002296369662631371,0.0,0.0
BC,SA,2039-01-01T00:00:00,F,74,155.26250736055954,64900.0,36700.00000000001,0.00239233447396856,86317.60344270535,7627.992778894844,0.0017987351498193233,0.0,0.0
BC,SA,2039-01-01T00:00:00,F,75,24.75741036923864,64900.0,37900.0,0.0003814701135475908,86317.60344270535,7627.992778894844,0.0002868176291024085,0.0,0.0
BC,SA,2039-01-01T00:00:00,F,76,76.11537796937773,64900.0,37400.00000000001,0.0011728101382030467,86317.60344270535,7627.992778894844,0.0008818059692760179,0.0,0.0
BC,SA,2039-01-01T00:00:00,F,77,-88.92096934109577,64900.0,35400.00000000001,-0.0013701227941617222,86317.60344270535,7627.992778894844,0.0,0.011657191074842468,0.00251189178929649
BC,SA,2039-01-01T00:00:00,F,78,-29.81459692286444,64900.0,34800.0,-0.00045939286475908225,86317.60344270535,7627.992778894844,0.0,0.003908576972615334,0.0008567412908869091
BC,SA,2039-01-01T00:00:00,F,79,29.351984205110057,64900.0,33900.00000000001,0.00045226477973975434,86317.60344270535,7627.992778894844,0.00034004632930515605,0.0,0.0
BC,SA,2039-01-01T00:00:00,F,80,-117.38375245990028,64900.0,32300.000000000004,-0.0018086864785808979,86317.60344270535,7627.992778894844,0.0,0.015388550548275037,0.00363417190278329
BC,SA,2039-01-01T00:00:00,F,81,-255.17997849119638,64900.0,30900.000000000007,-0.003931894892006108,86317.60344270535,7627.992778894844,0.0,0.03345309649443156,0.008258251731106676
BC,SA,2039-01-01T00:00:00,F,82,-208.86365285627107,64900.0,29000.0,-0.003218238102561958,86317.60344270535,7627.992778894844,0.0,0.027381207469697102,0.007202194926078313
BC,SA,2039-01-01T00:00:00,F,83,-252.6603544926911,64900.0,27300.000000000004,-0.0038930717179151172,86317.60344270535,7627.992778894844,0.0,0.03312278364916032,0.009254958040025314
BC,SA,2039-01-01T00:00:00,F,84,-198.21395649298574,64900.0,25599.999999999996,-0.0030541441678426156,86317.60344270535,7627.992778894844,0.0,0.02598507395568134,0.0077427326755072565
BC,SA,2039-01-01T00:00:00,F,85,-264.65175311997154,64900.0,23300.000000000004,-0.004077839031124369,86317.60344270535,7627.992778894844,0.0,0.0346948090790294,0.01135844433991294
BC,SA,2039-01-01T00:00:00,F,86,-246.26168889154724,64900.0,20900.0,-0.003794479027604734,86317.60344270535,7627.992778894844,0.0,0.03228394363100407,0.011782855927825226
BC,SA,2039-01-01T00:00:00,F,87,-127.92400449867637,64900.0,18800.0,-0.001971094060072055,86317.60344270535,7627.992778894844,0.0,0.016770336339674695,0.006804468324397679
BC,SA,2039-01-01T00:00:00,F,88,-196.46103806248357,64900.0,16900.000000000004,-0.003027134638867235,86317.60344270535,7627.992778894844,0.0,0.025755273209756124,0.01162491349482151
BC,SA,2039-01-01T00:00:00,F,89,-259.8668854879088,64900.0,15200.000000000002,-0.004004112257132647,86317.60344270535,7627.992778894844,0.0,0.03406753165877521,0.017096505624204523
BC,SA,2039-01-01T00:00:00,F,90,-270.13569439794264,64900.0,13100.000000000004,-0.004162337355900503,86317.60344270535,7627.992778894844,0.0,0.035413732318330844,0.020621045373888747
BC,SA,2039-01-01T00:00:00,F,91,-257.7826898181447,64900.0,11500.000000000002,-0.003971998302282662,86317.60344270535,7627.992778894844,0.0,0.03379430176328676,0.022415886071143015
BC,SA,2039-01-01T00:00:00,F,92,-264.73900446984953,64900.0,9900.0,-0.004079183427886742,86317.60344270535,7627.992778894844,0.0,0.03470624738952694,0.026741313582813085
BC,SA,2039-01-01T00:00:00,F,93,-181.07427538323827,64900.0,7000.0,-0.002790050468154673,86317.60344270535,7627.992778894844,0.0,0.023738128840949505,0.025867753626176895
BC,SA,2039-01-01T00:00:00,F,94,-271.08960469592057,64900.0,5400.0,-0.004177035511493383,86317.60344270535,7627.992778894844,0.0,0.03553878622512231,0.0502017786473927
BC,SA,2039-01-01T00:00:00,F,95,-143.83692269270432,64900.0,4400.0,-0.0022162854035855826,86317.60344270535,7627.992778894844,0.0,0.01885645763727947,0.03269020970288734
BC,SA,2039-01-01T00:00:00,F,96,-52.53615179144117,64900.0,3400.000000000001,-0.0008094938642749025,86317.60344270535,7627.992778894844,0.0,0.006887283891615415,0.015451809350423869
BC,SA,2039-01-01T00:00:00,F,97,-158.3361054408374,64900.0,2400.0,-0.0024396934582563545,86317.60344270535,7627.992778894844,0.0,0.020757243750796704,0.06597337726701559
BC,SA,2039-01-01T00:00:00,F,98,-57.044998863437286,64900.0,1800.0000000000002,-0.000878967625014442,86317.60344270535,7627.992778894844,0.0,0.0074783760966934286,0.031691666035242934
BC,SA,2039-01-01T00:00:00,F,99,-140.60447701137218,64900.0,1200.0,-0.0021664788445511893,86317.60344270535,7627.992778894844,0.0,0.018432696659125992,0.11717039750947682
BC,SA,2039-01-01T00:00:00,F,100,1377.290881074785,64900.0,2300.0,0.021221739307777886,86317.60344270535,7627.992778894844,0.015956083419171655,0.0,0.0
BC,SA,2039-01-01T00:00:00,M,1,591.0137397493381,64900.0,33000.0,0.009106529117863454,86317.60344270535,7627.992778894844,0.006846966507146282,0.0,0.0
BC,SA,2039-01-01T00:00:00,M,2,505.8233386072061,64900.0,32800.0,0.007793888114132606,86317.60344270535,7627.992778894844,0.005860025283752858,0.0,0.0
BC,SA,2039-01-01T00:00:00,M,3,504.038415196781,64900.0,32699.999999999996,0.007766385442169199,86317.60344270535,7627.992778894844,0.005839346727592411,0.0,0.0
BC,SA,2039-01-01T00:00:00,M,4,502.7677581383032,64900.0,32599.999999999996,0.007746806750975396,86317.60344270535,7627.992778894844,0.005824626010058575,0.0,0.0
BC,SA,2039-01-01T00:00:00,M,5,602.264519595079,64900.0,32700.0,0.009279884739523559,86317.60344270535,7627.992778894844,0.006977308168603655,0.0,0.0
BC,SA,2039-01-01T00:00:00,M,6,701.7667722738079,64900.0,32900.0,0.010813047338579474,86317.60344270535,7627.992778894844,0.008130053943627112,0.0,0.0
BC,SA,2039-01-01T00:00:00,M,7,601.5237790042083,64900.0,33000.0,0.009268471171097201,86317.60344270535,7627.992778894844,0.006968726598201711,0.0,0.0
BC,SA,2039-01-01T00:00:00,M,8,501.53318504744675,64900.0,33100.0,0.0077277840531193645,86317.60344270535,7627.992778894844,0.005810323329705825,0.0,0.0
BC,SA,2039-01-01T00:00:00,M,9,501.53318504744675,64900.0,33100.0,0.0077277840531193645,86317.60344270535,7627.992778894844,0.005810323329705825,0.0,0.0
BC,SA,2039-01-01T00:00:00,M,10,501.53788806906596,64900.0,33200.0,0.007727856518783759,86317.60344270535,7627.992778894844,0.00581037781478687,0.0,0.0
BC,SA,2039-01-01T00:00:00,M,11,501.5378880690623,64900.0,33200.0,0.007727856518783703,86317.60344270535,7627.992778894844,0.0058103778147868285,0.0,0.0
BC,SA,2039-01-01T00:00:00,M,12,402.0505262909137,64900.0,33100.0,0.006194923363496359,86317.60344270535,7627.992778894844,0.004657804552669039,0.0,0.0
BC,SA,2039-01-01T00:00:00,M,13,502.2927379077919,64900.0,33000.0,0.007739487487022988,86317.60344270535,7627.992778894844,0.005819122842552,0.0,0.0
BC,SA,2039-01-01T00:00:00,M,14,803.0475975374757,64900.0,33200.0,0.01237361475404431,86317.60344270535,7627.992778894844,0.009303404699720503,0.0,0.0
BC,SA,2039-01-01T00:00:00,M,15,1304.0760401830958,64900.0,33800.0,0.020093621574469887,86317.60344270535,7627.992778894844,0.01510788052692747,0.0,0.0
BC,SA,2039-01-01T00:00:00,M,16,2106.227042926883,64900.0,35200.0,0.03245342130858063,86317.60344270535,7627.992778894844,0.02440089806623192,0.0,0.0
BC,SA,2039-01-01T00:00:00,M,17,1809.1949638276928,64900.0,36300.0,0.027876655837098502,86317.60344270535,7627.992778894844,0.020959745077127563,0.0,0.0
BC,SA,2039-01-01T00:00:00,M,18,2712.134818844497,64900.0,37099.99999999999,0.0417894425091602,86317.60344270535,7627.992778894844,0.03142041380521783,0.0,0.0
BC,SA,2039-01-01T00:00:00,M,19,5416.756361899061,64900.0,42900.0,0.08346311805699631,86317.60344270535,7627.992778894844,0.06275378539088515,0.0,0.0
BC,SA,2039-01-01T00:00:00,M,20,3523.1514254169742,64900.0,46299.99999999999,0.054285846308427955,86317.60344270535,7627.992778894844,0.04081614044990858,0.0,0.0
BC,SA,2039-01-01T00:00:00,M,21,1229.5280056419579,64900.0,47700.0,0.018944961566131863,86317.60344270535,7627.992778894844,0.014244232423089411,0.0,0.0
BC,SA,2039-01-01T00:00:00,M,22,-65.00293715472071,64900.0,47900.0,-0.0010015860886705811,86317.60344270535,7627.992778894844,0.0,0.008521630662075487,0.0013570550554221443
BC,SA,2039-01-01T00:00:00,M,23,-261.1071777207544,64900.0,47400.0,-0.004023223077361393,86317.60344270535,7627.992778894844,0.0,0.034230129116428455,0.0055085902472733
BC,SA,2039-01-01T00:00:00,M,24,-257.82922441628034,64900.0,47300.0,-0.003972715322284751,86317.60344270535,7627.992778894844,0.0,0.033800402266982096,0.005450934977088379
BC,SA,2039-01-01T00:00:00,M,25,43.570813493475725,64900.0,46700.00000000001,0.0006713530584510897,86317.60344270535,7627.992778894844,0.0005047732068047572,0.0,0.0
BC,SA,2039-01-01T00:00:00,M,26,245.5722453601993,64900.0,46699.99999999999,0.003783855860711854,86317.60344270535,7627.992778894844,0.0028449845172451027,0.0,0.0
BC,SA,2039-01-01T00:00:00,M,27,547.6075462027875,64900.0,46500.0,0.008437712576314137,86317.60344270535,7627.992778894844,0.006344100442573924,0.0,0.0
BC,SA,2039-01-01T00:00:00,M,28,549.9149783015018,64900.0,46300.0,0.008473266229607116,86317.60344270535,7627.992778894844,0.006370832325836252,0.0,0.0
BC,SA,2039-01-01T00:00:00,M,29,553.8441786369731,64900.0,46900.0,0.00853380860765752,86317.60344270535,7627.992778894844,0.006416352592604077,0.0,0.0
BC,SA,2039-01-01T00:00:00,M,30,657.6074287967785,64900.0,47100.0,0.010132626021522012,86317.60344270535,7627.992778894844,0.007618462544934715,0.0,0.0
BC,SA,2039-01-01T00:00:00,M,31,661.850985486366,64900.0,47000.0,0.01019801210302567,86317.60344270535,7627.992778894844,0.007667624668537975,0.0,0.0
BC,SA,2039-01-01T00:00:00,M,32,465.36238007710926,64900.0,46199.99999999999,0.0071704526976442105,86317.60344270535,7627.992778894844,0.005391280127303358,0.0,0.0
BC,SA,2039-01-01T00:00:00,M,33,568.1037688125944,64900.0,45500.0,0.008753524943183271,86317.60344270535,7627.992778894844,0.00658155168997112,0.0,0.0
BC,SA,2039-01-01T00:00:00,M,34,671.5071296422393,64900.0,45299.99999999999,0.010346797066906615,86317.60344270535,7627.992778894844,0.007779492280366224,0.0,0.0
BC,SA,2039-01-01T00:00:00,M,35,774.6451114520678,64900.0,45600.0,0.01193598014564049,86317.60344270535,7627.992778894844,0.008974358422337925,0.0,0.0
BC,SA,2039-01-01T00:00:00,M,36,776.4240184471346,64900.0,45200.0,0.011963390114747837,86317.60344270535,7627.992778894844,0.008994967277590115,0.0,0.0
BC,SA,2039-01-01T00:00:00,M,37,577.8130586939951,64900.0,44600.0,0.00890312879343598,86317.60344270535,7627.992778894844,0.0066940350015339285,0.0,0.0
BC,SA,2039-01-01T00:00:00,M,38,584.2356129073014,64900.0,46600.0,0.009002089567138697,86317.60344270535,7627.992778894844,0.006768441078129525,0.0,0.0
BC,SA,2039-01-01T00:00:00,M,39,391.09697396207775,64900.0,48300.0,0.006026147518676083,86317.60344270535,7627.992778894844,0.004530906308371669,0.0,0.0
BC,SA,2039-01-01T00:00:00,M,40,495.85152353083686,64900.0,48900.0,0.007640239191538318,86317.60344270535,7627.992778894844,0.005744500585676779,0.0,0.0
BC,SA,2039-01-01T00:00:00,M,41,400.65668983494106,64900.0,49100.0,0.006173446684667813,86317.60344270535,7627.992778894844,0.0046416567867397195,0.0,0.0
BC,SA,2039-01-01T00:00:00,M,42,406.93387790843553,64900.0,49700.0,0.006270167610299469,86317.60344270535,7627.992778894844,0.004714378778814731,0.0,0.0
BC,SA,2039-01-01T00:00:00,M,43,413.2712721013886,64900.0,50100.0,0.0063678162111153866,86317.60344270535,7627.992778894844,0.004787798266152093,0.0,0.0
BC,SA,2039-01-01T00:00:00,M,44,419.85167114107026,64900.0,50400.0,0.006469209108491067,86317.60344270535,7627.992778894844,0.004864032994379337,0.0,0.0
BC,SA,2039-01-01T00:00:00,M,45,225.4990976889385,64900.0,50100.0,0.0034745623680884205,86317.60344270535,7627.992778894844,0.0026124346447896577,0.0,0.0
BC,SA,2039-01-01T00:00:00,M,46,331.1137290483821,64900.0,49799.99999999999,0.005101906456831774,86317.60344270535,7627.992778894844,0.0038359930749023163,0.0,0.0
BC,SA,2039-01-01T00:00:00,M,47,337.8437424477088,64900.0,49700.0,0.005205604660211229,86317.60344270535,7627.992778894844,0.003913961103796838,0.0,0.0
BC,SA,2039-01-01T00:00:00,M,48,344.64048752273084,64900.0,49500.0,0.005310331086636839,86317.60344270535,7627.992778894844,0.003992702227321352,0.0,0.0
BC,SA,2039-01-01T00:00:00,M,49,252.14920064713806,64900.0,49200.0,0.0038851956956415727,86317.60344270535,7627.992778894844,0.002921179349175351,0.0,0.0
BC,SA,2039-01-01T00:00:00,M,50,256.70517113091046,64900.0,48000.0,0.003955395549012488,86317.60344270535,7627.992778894844,0.002973960824819499,0.0,0.0
BC,SA,2039-01-01T00:00:00,M,51,159.85082331942976,64900.0,46200.0,0.002463032716786283,86317.60344270535,7627.992778894844,0.0018518913517511317,0.0,0.0
BC,SA,2039-01-01T00:00:00,M,52,166.3533225483916,64900.0,45399.99999999999,0.002563225308912043,86317.60344270535,7627.992778894844,0.0019272236011372952,0.0,0.0
BC,SA,2039-01-01T00:00:00,M,53,75.56126208472415,64900.0,45100.0,0.0011642721430620054,86317.60344270535,7627.992778894844,0.0008753864689359582,0.0,0.0
BC,SA,2039-01-01T00:00:00,M,54,81.68168510597752,64900.0,44000.0,0.0012585775825266182,86317.60344270535,7627.992778894844,0.0009462923186948187,0.0,0.0
BC,SA,2039-01-01T00:00:00,M,55,187.75901185116527,64900.0,42799.99999999999,0.0028930510300641797,86317.60344270535,7627.992778894844,0.0021752111314790293,0.0,0.0
BC,SA,2039-01-01T00:00:00,M,56,193.32871349806373,64900.0,41399.99999999999,0.00297887077809035,86317.60344270535,7627.992778894844,0.0022397368067150827,0.0,0.0
BC,SA,2039-01-01T00:00:00,M,57,200.54416074803157,64900.0,40299.99999999999,0.0030900487018186685,86317.60344270535,7627.992778894844,0.002323328646179871,0.0,0.0
BC,SA,2039-01-01T00:00:00,M,58,206.72567279474606,64900.0,38900.0,0.003185295420566195,86317.60344270535,7627.992778894844,0.0023949422197751752,0.0,0.0
BC,SA,2039-01-01T00:00:00,M,59,212.57417598574102,64900.0,37399.99999999999,0.003275411032137766,86317.60344270535,7627.992778894844,0.002462697845021154,0.0,0.0
BC,SA,2039-01-01T00:00:00,M,60,217.50997155486402,64900.0,35699.99999999999,0.0033514633521550697,86317.60344270535,7627.992778894844,0.002519879640764582,0.0,0.0
BC,SA,2039-01-01T00:00:00,M,61,324.74170381336444,64900.0,34500.0,0.0050037242498207155,86317.60344270535,7627.992778894844,0.003762172382704262,0.0,0.0
BC,SA,2039-01-01T00:00:00,M,62,238.71331956146605,64900.0,34000.0,0.003678171333766811,86317.60344270535,7627.992778894844,0.002765523022426309,0.0,0.0
BC,SA,2039-01-01T00:00:00,M,63,252.37464660430123,64900.0,33400.0,0.003888669439203409,86317.60344270535,7627.992778894844,0.002923791168180646,0.0,0.0
BC,SA,2039-01-01T00:00:00,M,64,269.3900542940828,64900.0,33099.99999999999,0.004150848294207747,86317.60344270535,7627.992778894844,0.0031209167487243157,0.0,0.0
BC,SA,2039-01-01T00:00:00,M,65,186.37188343506205,64900.0,32499.999999999996,0.002871677710863822,86317.60344270535,7627.992778894844,0.002159141079012571,0.0,0.0
BC,SA,2039-01-01T00:00:00,M,66,307.5867506461291,64900.0,32400.0,0.004739395233376411,86317.60344270535,7627.992778894844,0.0035634301507257967,0.0,0.0
BC,SA,2039-01-01T00:00:00,M,67,237.23404073519487,64900.0,32699.999999999996,0.003655378131513018,86317.60344270535,7627.992778894844,0.002748385396180081,0.0,0.0
BC,SA,2039-01-01T00:00:00,M,68,182.4051617254081,64900.0,34099.99999999999,0.0028105571914546702,86317.60344270535,7627.992778894844,0.002113186122532727,0.0,0.0
BC,SA,2039-01-01T00:00:00,M,69,213.93493691492768,64900.0,34000.0,0.0032963780726491167,86317.60344270535,7627.992778894844,0.0024784624269246574,0.0,0.0
BC,SA,2039-01-01T00:00:00,M,70,239.57805839640787,64900.0,33200.0,0.0036914955068783955,86317.60344270535,7627.992778894844,0.002775541127661538,0.0,0.0
BC,SA,2039-01-01T00:00:00,M,71,164.288608249939,64900.0,32100.0,0.002531411529274869,86317.60344270535,7627.992778894844,0.0019033036332964006,0.0,0.0
BC,SA,2039-01-01T00:00:00,M,72,95.5952384070224,64900.0,31299.999999999996,0.0014729620709864777,86317.60344270535,7627.992778894844,0.0011074825365196246,0.0,0.0
BC,SA,2039-01-01T00:00:00,M,73,54.884885170202324,64900.0,32000.0,0.0008456839009276166,86317.60344270535,7627.992778894844,0.0006358481118701704,0.0,0.0
BC,SA,2039-01-01T00:00:00,M,74,127.65733614814962,64900.0,33099.99999999999,0.0019669851486617818,86317.60344270535,7627.992778894844,0.001478925862821066,0.0,0.0
BC,SA,2039-01-01T00:00:00,M,75,2.1520502318817307,64900.0,33600.0,3.3159479690011256e-05,86317.60344270535,7627.992778894844,2.4931765318417203e-05,0.0,0.0
BC,SA,2039-01-01T00:00:00,M,76,65.94309188296029,64900.0,33400.0,0.001016072294036368,86317.60344270535,7627.992778894844,0.0007639587900135693,0.0,0.0
BC,SA,2039-01-01T00:00:00,M,77,92.38910832135298,64900.0,31399.999999999996,0.0014235609910840212,86317.60344270535,7627.992778894844,0.0010703391270898489,0.0,0.0
BC,SA,2039-01-01T00:00:00,M,78,50.534012183914456,64900.0,30500.0,0.0007786442555302689,86317.60344270535,7627.992778894844,0.0005854427158355618,0.0,0.0
BC,SA,2039-01-01T00:00:00,M,79,-1.1879357162579254,64900.0,29099.999999999996,-1.8304094241262332e-05,86317.60344270535,7627.992778894844,0.0,0.0001557337232338119,4.082253320473971e-05
BC,SA,2039-01-01T00:00:00,M,80,-63.64750014783931,64900.0,27299.999999999996,-0.00098070108086039,86317.60344270535,7627.992778894844,0.0,0.008343938175182785,0.002331410261825616
BC,SA,2039-01-01T00:00:00,M,81,-4.64036404018043,64900.0,26199.999999999996,-7.150021633559984e-05,86317.60344270535,7627.992778894844,0.0,0.0006083335648952637,0.00017711313130459657
BC,SA,2039-01-01T00:00:00,M,82,-82.42060368371313,64900.0,24000.0,-0.0012699630767906492,86317.60344270535,7627.992778894844,0.0,0.010805018577331998,0.0034341918201547137
BC,SA,2039-01-01T00:00:00,M,83,-133.82132125803037,64900.0,22499.999999999996,-0.002061961806749312,86317.60344270535,7627.992778894844,0.0,0.017543451486777443,0.005947614278134684
BC,SA,2039-01-01T00:00:00,M,84,-105.03416154747174,64900.0,20700.0,-0.0016184000238439406,86317.60344270535,7627.992778894844,0.0,0.013769567511663174,0.005074114084418924
BC,SA,2039-01-01T00:00:00,M,85,-109.01670600124635,64900.0,18400.0,-0.0016797643451655832,86317.60344270535,7627.992778894844,0.0,0.014291663503257912,0.0059248209783286055
BC,SA,2039-01-01T00:00:00,M,86,-195.23555465296158,64900.0,16500.0,-0.003008251997734385,86317.60344270535,7627.992778894844,0.0,0.02559461713088402,0.011832457857755248
BC,SA,2039-01-01T00:00:00,M,87,-197.53859320386437,64900.0,14600.0,-0.003043737953834582,86317.60344270535,7627.992778894844,0.0,0.02589653647161476,0.013530040630401668
BC,SA,2039-01-01T00:00:00,M,88,-206.03699183460412,64900.0,12799.999999999998,-0.0031746840036148555,86317.60344270535,7627.992778894844,0.0,0.02701064327232558,0.01609663998707845
BC,SA,2039-01-01T00:00:00,M,89,-204.1431608710318,64900.0,11299.999999999998,-0.0031455032491684407,86317.60344270535,7627.992778894844,0.0,0.026762369444797558,0.018065766448763877
BC,SA,2039-01-01T00:00:00,M,90,-245.05842930156905,64900.0,9499.999999999998,-0.0037759388182059947,86317.60344270535,7627.992778894844,0.0,0.03212620100789785,0.025795624137007273
BC,SA,2039-01-01T00:00:00,M,91,-255.90952857038246,64900.0,8200.0,-0.003943136033441949,86317.60344270535,7627.992778894844,0.0,0.033548737654607357,0.031208479093949082
BC,SA,2039-01-01T00:00:00,M,92,-199.72151680655497,64900.0,6900.0,-0.0030773731403167174,86317.60344270535,7627.992778894844,0.0,0.026182709212723053,0.028945147363268836
BC,SA,2039-01-01T00:00:00,M,93,-126.65267710031912,64900.0,4700.0,-0.0019515050400665504,86317.60344270535,7627.992778894844,0.0,0.016603670293283728,0.026947378106450877
BC,SA,2039-01-01T00:00:00,M,94,-139.07236581793586,64900.0,3499.9999999999995,-0.002142871584251708,86317.60344270535,7627.992778894844,0.0,0.018231842877817313,0.03973496166226739
BC,SA,2039-01-01T00:00:00,M,95,-104.10242587851326,64900.0,2800.0,-0.0016040435420418067,86317.60344270535,7627.992778894844,0.0,0.013647420611952359,0.03717943781375473
BC,SA,2039-01-01T00:00:00,M,96,-117.54536902938662,64900.0,1999.9999999999995,-0.0018111767184805334,86317.60344270535,7627.992778894844,0.0,0.015409737848023602,0.05877268451469332
BC,SA,2039-01-01T00:00:00,M,97,-114.60721515884643,64900.0,1400.0,-0.0017659047019853071,86317.60344270535,7627.992778894844,0.0,0.015024557374509065,0.08186229654203317
BC,SA,2039-01-01T00:00:00,M,98,-12.840418936470883,64900.0,999.9999999999999,-0.0001978492902383803,86317.60344270535,7627.992778894844,0.0,0.0016833286696334843,0.012840418936470884
BC,SA,2039-01-01T00:00:00,M,99,15.645964683105376,64900.0,700.0,0.00024107803826048344,86317.60344270535,7627.992778894844,0.0001812604157098804,0.0,0.0
BC,SA,2039-01-01T00:00:00,M,100,655.3076722506935,64900.0,1100.0,0.010097190635603905,86317.60344270535,7627.992778894844,0.007591819583888982,0.0,0.0
BC,SA,2040-01-01T00:00:00,F,1,486.8456566828536,66400.0,32000.0,0.0073320129018502045,87297.11902400877,8146.801494762587,0.005576881140246559,0.0,0.0
BC,SA,2040-01-01T00:00:00,F,2,403.80390560877277,66400.0,31699.999999999996,0.006081384120614048,87297.11902400877,8146.801494762587,0.004625626940766707,0.0,0.0
BC,SA,2040-01-01T00:00:00,F,3,303.0236623831224,66400.0,31400.000000000004,0.0045636093732397956,87297.11902400877,8146.801494762587,0.0034711759766067854,0.0,0.0
BC,SA,2040-01-01T00:00:00,F,4,402.4954032111491,66400.0,31200.0,0.006061677759204053,87297.11902400877,8146.801494762587,0.004610637873403971,0.0,0.0
BC,SA,2040-01-01T00:00:00,F,5,402.2385668780844,66400.0,31100.0,0.006057809742139825,87297.11902400877,8146.801494762587,0.0046076957793699845,0.0,0.0
BC,SA,2040-01-01T00:00:00,F,6,501.98335190564103,66400.0,31100.000000000004,0.007559990239542787,87297.11902400877,8146.801494762587,0.005750285433446935,0.0,0.0
BC,SA,2040-01-01T00:00:00,F,7,401.74110096184086,66400.0,31100.0,0.0060503177855698925,87297.11902400877,8146.801494762587,0.004601997241757229,0.0,0.0
BC,SA,2040-01-01T00:00:00,F,8,401.4923694201534,66400.0,31100.0,0.006046571828616768,87297.11902400877,8146.801494762587,0.004599147989176293,0.0,0.0
BC,SA,2040-01-01T00:00:00,F,9,301.49236942015705,66400.0,31000.0,0.004540547732231281,87297.11902400877,8146.801494762587,0.0034536348139649316,0.0,0.0
BC,SA,2040-01-01T00:00:00,F,10,501.48750828197444,66400.0,31100.0,0.007552522715089977,87297.11902400877,8146.801494762587,0.00574460547940939,0.0,0.0
BC,SA,2040-01-01T00:00:00,F,11,401.4875082819817,66400.0,31000.0,0.006046498618704544,87297.11902400877,8146.801494762587,0.00459909230419807,0.0,0.0
BC,SA,2040-01-01T00:00:00,F,12,401.72975828455674,66400.0,30899.999999999996,0.006050146962116819,87297.11902400877,8146.801494762587,0.004601867309894517,0.0,0.0
BC,SA,2040-01-01T00:00:00,F,13,501.9639072791106,66400.0,30800.0,0.007559697398781786,87297.11902400877,8146.801494762587,0.005750062692688159,0.0,0.0
BC,SA,2040-01-01T00:00:00,F,14,702.2093998829369,66400.0,31000.0,0.010575442769321338,87297.11902400877,8146.801494762587,0.008043901193231963,0.0,0.0
BC,SA,2040-01-01T00:00:00,F,15,1302.955605673531,66400.0,31699.999999999996,0.019622825386649563,87297.11902400877,8146.801494762587,0.014925528130145822,0.0,0.0
BC,SA,2040-01-01T00:00:00,F,16,2304.2835623655446,66400.0,33400.0,0.034703065698276275,87297.11902400877,8146.801494762587,0.026395871801127964,0.0,0.0
BC,SA,2040-01-01T00:00:00,F,17,1906.3780312114031,66400.0,34700.0,0.028710512518244025,87297.11902400877,8146.801494762587,0.02183781151686236,0.0,0.0
BC,SA,2040-01-01T00:00:00,F,18,2508.288618197046,66400.0,36599.99999999999,0.037775430996943464,87297.11902400877,8146.801494762587,0.02873277659377519,0.0,0.0
BC,SA,2040-01-01T00:00:00,F,19,5110.179803045612,66400.0,40000.0,0.07696053920249415,87297.11902400877,8146.801494762587,0.05853778292087957,0.0,0.0
BC,SA,2040-01-01T00:00:00,F,20,2913.321213822419,66400.0,43000.00000000001,0.04387531948527739,87297.11902400877,8146.801494762587,0.03337247834056456,0.0,0.0
BC,SA,2040-01-01T00:00:00,F,21,815.7512537640941,66400.0,44000.0,0.01228541044825443,87297.11902400877,8146.801494762587,0.009344538088819899,0.0,0.0
BC,SA,2040-01-01T00:00:00,F,22,-282.73186049308424,66400.0,44100.0,-0.004258009947185003,87297.11902400877,8146.801494762587,0.0,0.03470464582632175,0.006411153299162908
BC,SA,2040-01-01T00:00:00,F,23,18.264856308422168,66400.0,44200.0,0.00027507313717503265,87297.11902400877,8146.801494762587,0.0002092263354464069,0.0,0.0
BC,SA,2040-01-01T00:00:00,F,24,218.93825336510054,66400.0,44300.00000000001,0.0032972628518840442,87297.11902400877,8146.801494762587,0.002507966537874948,0.0,0.0
BC,SA,2040-01-01T00:00:00,F,25,618.8953094799144,66400.0,44600.0,0.009320712492167387,87297.11902400877,8146.801494762587,0.007089527310857802,0.0,0.0
BC,SA,2040-01-01T00:00:00,F,26,419.0670850206516,66400.0,44800.0,0.0063112512804314996,87297.11902400877,8146.801494762587,0.004800468671885933,0.0,0.0
BC,SA,2040-01-01T00:00:00,F,27,719.5581409121805,66400.0,45400.0,0.010836718989641274,87297.11902400877,8146.801494762587,0.008242633307455255,0.0,0.0
BC,SA,2040-01-01T00:00:00,F,28,720.009495680184,66400.0,45600.0,0.01084351650120759,87297.11902400877,8146.801494762587,0.008247803635789681,0.0,0.0
BC,SA,2040-01-01T00:00:00,F,29,920.7833777234482,66400.0,45900.0,0.013867219544027835,87297.11902400877,8146.801494762587,0.01054769490697867,0.0,0.0
BC,SA,2040-01-01T00:00:00,F,30,821.9429547410691,66400.0,46700.0,0.012378658956943811,87297.11902400877,8146.801494762587,0.00941546483928084,0.0,0.0
BC,SA,2040-01-01T00:00:00,F,31,923.2597779331409,66400.0,47200.0,0.013904514727908749,87297.11902400877,8146.801494762587,0.010576062397651664,0.0,0.0
BC,SA,2040-01-01T00:00:00,F,32,525.081468456141,66400.0,47400.0,0.007907853440604533,87297.11902400877,8146.801494762587,0.006014877401758599,0.0,0.0
BC,SA,2040-01-01T00:00:00,F,33,626.2614384435801,66400.0,46900.0,0.009431648169331026,87297.11902400877,8146.801494762587,0.007173907288639656,0.0,0.0
BC,SA,2040-01-01T00:00:00,F,34,727.7728894415632,66400.0,46400.00000000001,0.010960435081951252,87297.11902400877,8146.801494762587,0.008336734334169819,0.0,0.0
BC,SA,2040-01-01T00:00:00,F,35,729.5598723302319,66400.0,46300.00000000001,0.01098734747485289,87297.11902400877,8146.801494762587,0.008357204458598291,0.0,0.0
BC,SA,2040-01-01T00:00:00,F,36,632.3582803989411,66400.0,46500.0,0.009523468078297306,87297.11902400877,8146.801494762587,0.007243747416510133,0.0,0.0
BC,SA,2040-01-01T00:00:00,F,37,534.5052615034292,66400.0,45800.00000000001,0.008049778034690199,87297.11902400877,8146.801494762587,0.006122828192719941,0.0,0.0
BC,SA,2040-01-01T00:00:00,F,38,436.747919301597,66400.0,45300.0,0.006577528905144533,87297.11902400877,8146.801494762587,0.005003004958061457,0.0,0.0
BC,SA,2040-01-01T00:00:00,F,39,540.1995211836693,66400.0,47300.0,0.00813553495758538,87297.11902400877,8146.801494762587,0.006188056687587842,0.0,0.0
BC,SA,2040-01-01T00:00:00,F,40,443.2654614220155,66400.0,48500.0,0.006675684659970113,87297.11902400877,8146.801494762587,0.005077664261750803,0.0,0.0
BC,SA,2040-01-01T00:00:00,F,41,345.0112997600736,66400.0,48600.0,0.0051959533096396626,87297.11902400877,8146.801494762587,0.003952149894719748,0.0,0.0
BC,SA,2040-01-01T00:00:00,F,42,346.67369717331894,66400.0,48699.99999999999,0.005220989415260827,87297.11902400877,8146.801494762587,0.003971192876112847,0.0,0.0
BC,SA,2040-01-01T00:00:00,F,43,447.9439009155831,66400.0,48500.0,0.006746143086078058,87297.11902400877,8146.801494762587,0.005131256402543913,0.0,0.0
BC,SA,2040-01-01T00:00:00,F,44,350.93059665158216,66400.0,49400.00000000001,0.005285099347162382,87297.11902400877,8146.801494762587,0.004019956220491857,0.0,0.0
BC,SA,2040-01-01T00:00:00,F,45,352.99280035957054,66400.0,49100.0,0.0053161566319212435,87297.11902400877,8146.801494762587,0.004043579035666563,0.0,0.0
BC,SA,2040-01-01T00:00:00,F,46,355.5332900339272,66400.0,48900.0,0.005354417018583241,87297.11902400877,8146.801494762587,0.004072680679601203,0.0,0.0
BC,SA,2040-01-01T00:00:00,F,47,258.5309174304857,66400.0,49000.0,0.0038935379131097244,87297.11902400877,8146.801494762587,0.0029615057211611253,0.0,0.0
BC,SA,2040-01-01T00:00:00,F,48,162.47299978392402,66400.0,49200.0,0.002446882526866326,87297.11902400877,8146.801494762587,0.0018611496186860428,0.0,0.0
BC,SA,2040-01-01T00:00:00,F,49,166.18274745302188,66400.0,49000.0,0.00250275222067804,87297.11902400877,8146.801494762587,0.0019036452670026566,0.0,0.0
BC,SA,2040-01-01T00:00:00,F,50,170.64986719317676,66400.0,48800.0,0.0025700281203791682,87297.11902400877,8146.801494762587,0.0019548167121786002,0.0,0.0
BC,SA,2040-01-01T00:00:00,F,51,174.30051458547678,66400.0,47600.0,0.002625007749781277,87297.11902400877,8146.801494762587,0.0019966353590379084,0.0,0.0
BC,SA,2040-01-01T00:00:00,F,52,78.56018996550847,66400.0,46600.00000000001,0.0011831353910468144,87297.11902400877,8146.801494762587,0.0008999173265260055,0.0,0.0
BC,SA,2040-01-01T00:00:00,F,53,182.60871824350033,66400.0,45600.0,0.002750131298847897,87297.11902400877,8146.801494762587,0.002091806926563964,0.0,0.0
BC,SA,2040-01-01T00:00:00,F,54,188.85766200502258,66400.0,45399.99999999999,0.0028442418976660027,87297.11902400877,8146.801494762587,0.002163389400663752,0.0,0.0
BC,SA,2040-01-01T00:00:00,F,55,194.08119541235646,66400.0,44400.0,0.0029229095694631997,87297.11902400877,8146.801494762587,0.002223225664056331,0.0,0.0
BC,SA,2040-01-01T00:00:00,F,56,300.37389666338277,66400.0,43800.0,0.004523703263002753,87297.11902400877,8146.801494762587,0.003440822561174932,0.0,0.0
BC,SA,2040-01-01T00:00:00,F,57,207.11338890416664,66400.0,42999.99999999999,0.0031191775437374495,87297.11902400877,8146.801494762587,0.0023725111575240592,0.0,0.0
BC,SA,2040-01-01T00:00:00,F,58,314.265760875518,66400.0,42400.0,0.004732918085474669,87297.11902400877,8146.801494762587,0.0035999556960074194,0.0,0.0
BC,SA,2040-01-01T00:00:00,F,59,220.07370430639276,66400.0,40899.99999999999,0.0033143630166625414,87297.11902400877,8146.801494762587,0.002520973278005512,0.0,0.0
BC,SA,2040-01-01T00:00:00,F,60,228.10805171781976,66400.0,40000.00000000001,0.0034353622246659603,87297.11902400877,8146.801494762587,0.0026130077861456647,0.0,0.0
BC,SA,2040-01-01T00:00:00,F,61,233.49895117692358,66400.0,38300.0,0.0035165504695319817,87297.11902400877,8146.801494762587,0.0026747612497120994,0.0,0.0
BC,SA,2040-01-01T00:00:00,F,62,241.3164942870426,66400.0,37099.99999999999,0.003634284552515702,87297.11902400877,8146.801494762587,0.0027643122360163437,0.0,0.0
BC,SA,2040-01-01T00:00:00,F,63,252.86034832131554,66400.0,36700.0,0.0038081377759234267,87297.11902400877,8146.801494762587,0.002896548604906113,0.0,0.0
BC,SA,2040-01-01T00:00:00,F,64,168.33479286048532,66400.0,36800.0,0.0025351625430795983,87297.11902400877,8146.801494762587,0.0019282972306816823,0.0,0.0
BC,SA,2040-01-01T00:00:00,F,65,181.46320544117043,66400.0,36200.0,0.002732879600017627,87297.11902400877,8146.801494762587,0.0020786849264895413,0.0,0.0
BC,SA,2040-01-01T00:00:00,F,66,97.45366464791005,66400.0,35800.00000000001,0.0014676756724082839,87297.11902400877,8146.801494762587,0.001116344568268146,0.0,0.0
BC,SA,2040-01-01T00:00:00,F,67,116.3892408377942,66400.0,35700.0,0.0017528500126173826,87297.11902400877,8146.801494762587,0.0013332540883254625,0.0,0.0
BC,SA,2040-01-01T00:00:00,F,68,138.87273659864877,66400.0,35800.0,0.002091456876485674,87297.11902400877,8146.801494762587,0.0015908054945141486,0.0,0.0
BC,SA,2040-01-01T00:00:00,F,69,276.5906059536501,66400.0,37700.00000000001,0.004165521174000754,87297.11902400877,8146.801494762587,0.003168381832596115,0.0,0.0
BC,SA,2040-01-01T00:00:00,F,70,204.28984140014654,66400.0,37500.0,0.003076654237954014,87297.11902400877,8146.801494762587,0.0023401670488571564,0.0,0.0
BC,SA,2040-01-01T00:00:00,F,71,232.52217735158774,66400.0,37100.0,0.003501840020355237,87297.11902400877,8146.801494762587,0.0026635721768508607,0.0,0.0
BC,SA,2040-01-01T00:00:00,F,72,154.09299596034543,66400.0,35600.0,0.002320677650005202,87297.11902400877,8146.801494762587,0.0017651555708037307,0.0,0.0
BC,SA,2040-01-01T00:00:00,F,73,180.2215280699893,66400.0,34500.0,0.0027141796396082723,87297.11902400877,8146.801494762587,0.0020644613486090427,0.0,0.0
BC,SA,2040-01-01T00:00:00,F,74,33.92692563999299,66400.0,35300.00000000001,0.0005109476753010992,87297.11902400877,8146.801494762587,0.00038863740315029505,0.0,0.0
BC,SA,2040-01-01T00:00:00,F,75,95.43754760002048,66400.0,36300.0,0.0014373124638557301,87297.11902400877,8146.801494762587,0.001093249681856888,0.0,0.0
BC,SA,2040-01-01T00:00:00,F,76,69.13221905286628,66400.0,37400.0,0.001041147877302203,87297.11902400877,8146.801494762587,0.0007919186775665905,0.0,0.0
BC,SA,2040-01-01T00:00:00,F,77,-74.57575301162433,66400.0,36700.00000000001,-0.0011231288104160291,87297.11902400877,8146.801494762587,0.0,0.009153991668947325,0.0020320368668017524
BC,SA,2040-01-01T00:00:00,F,78,-39.7730681719695,66400.0,34700.0,-0.0005989919905417093,87297.11902400877,8146.801494762587,0.0,0.004882047046014169,0.0011461979300279395
BC,SA,2040-01-01T00:00:00,F,79,24.72867098646384,66400.0,34100.00000000001,0.00037241974377204577,87297.11902400877,8146.801494762587,0.0002832701842046227,0.0,0.0
BC,SA,2040-01-01T00:00:00,F,80,-110.48764307098463,66400.0,33000.0,-0.0016639705281774795,87297.11902400877,8146.801494762587,0.0,0.013562088525418826,0.0033481103960904435
BC,SA,2040-01-01T00:00:00,F,81,-157.47981037437057,66400.0,31300.0,-0.0023716838911802796,87297.11902400877,8146.801494762587,0.0,0.01933026237052801,0.0050313038458265355
BC,SA,2040-01-01T00:00:00,F,82,-196.10735484012184,66400.0,29799.999999999996,-0.002953424018676534,87297.11902400877,8146.801494762587,0.0,0.024071699177425063,0.006580783719467177
BC,SA,2040-01-01T00:00:00,F,83,-147.51314412536885,66400.0,27900.0,-0.002221583495863989,87297.11902400877,8146.801494762587,0.0,0.018106878413596067,0.0052872094668590984
BC,SA,2040-01-01T00:00:00,F,84,-191.6179493783784,66400.0,26100.000000000004,-0.002885812490638229,87297.11902400877,8146.801494762587,0.0,0.02352063561405856,0.007341683884229056
BC,SA,2040-01-01T00:00:00,F,85,-235.27179968140626,66400.0,24300.0,-0.0035432499952019014,87297.11902400877,8146.801494762587,0.0,0.028879039195033502,0.009681967065078447
BC,SA,2040-01-01T00:00:00,F,86,-207.0207353719161,66400.0,22000.0,-0.0031177821592156037,87297.11902400877,8146.801494762587,0.0,0.025411290001972616,0.009410033425996186
BC,SA,2040-01-01T00:00:00,F,87,-92.73673095712002,66400.0,19700.0,-0.0013966375144144581,87297.11902400877,8146.801494762587,0.0,0.011383207387186072,0.004707448271935026
BC,SA,2040-01-01T00:00:00,F,88,-273.26765439703377,66400.0,17400.0,-0.004115476722846894,87297.11902400877,8146.801494762587,0.0,0.03354293762683576,0.01570503760902493
BC,SA,2040-01-01T00:00:00,F,89,-352.5761955553571,66400.0,15400.000000000002,-0.005309882463183089,87297.11902400877,8146.801494762587,0.0,0.0432778674897162,0.022894558152945263
BC,SA,2040-01-01T00:00:00,F,90,-329.042925370195,66400.0,13700.000000000002,-0.004955465743527033,87297.11902400877,8146.801494762587,0.0,0.04038921601093755,0.02401773177884635
BC,SA,2040-01-01T00:00:00,F,91,-353.0981554465816,66400.0,11600.000000000002,-0.005317743304918398,87297.11902400877,8146.801494762587,0.0,0.04334193679244317,0.030439496159188062
BC,SA,2040-01-01T00:00:00,F,92,-357.45101218010313,66400.0,10000.0,-0.005383298376206372,87297.11902400877,8146.801494762587,0.0,0.043876239332687944,0.03574510121801031
BC,SA,2040-01-01T00:00:00,F,93,-289.1388621268052,66400.0,8500.0,-0.004354500935644656,87297.11902400877,8146.801494762587,0.0,0.03549108963961951,0.03401633672080061
BC,SA,2040-01-01T00:00:00,F,94,-316.9266001092801,66400.0,5800.000000000001,-0.004772990965501206,87297.11902400877,8146.801494762587,0.0,0.03890196665685616,0.0546425172602207
BC,SA,2040-01-01T00:00:00,F,95,-137.71217991600042,66400.0,4500.0,-0.0020739786131927776,87297.11902400877,8146.801494762587,0.0,0.01690383397760861,0.030602706648000095
BC,SA,2040-01-01T00:00:00,F,96,-212.37509647269007,66400.0,3500.0,-0.003198420127600754,87297.11902400877,8146.801494762587,0.0,0.026068524758977092,0.060678598992197165
BC,SA,2040-01-01T00:00:00,F,97,-211.9633430858671,66400.0,2600.0000000000005,-0.0031922190223775166,87297.11902400877,8146.801494762587,0.0,0.026017983035690022,0.08152436272533349
BC,SA,2040-01-01T00:00:00,F,98,-42.38951722739171,66400.0,1900.0,-0.0006383963437860197,87297.11902400877,8146.801494762587,0.0,0.005203209781733735,0.022310272224943004
BC,SA,2040-01-01T00:00:00,F,99,-123.16604539358104,66400.0,1300.0,-0.0018549103221924856,87297.11902400877,8146.801494762587,0.0,0.015118331466988853,0.09474311184121618
BC,SA,2040-01-01T00:00:00,F,100,1474.6595866002172,66400.0,2400.0,0.02220872871385869,87297.11902400877,8146.801494762587,0.016892419854023486,0.0,0.0
BC,SA,2040-01-01T00:00:00,M,1,491.8491121466577,66400.0,33700.0,0.007407366146787013,87297.11902400877,8146.801494762587,0.0056341963818002695,0.0,0.0
BC,SA,2040-01-01T00:00:00,M,2,505.85967325559614,66400.0,33500.0,0.007618368573126448,87297.11902400877,8146.801494762587,0.0057946892052242035,0.0,0.0
BC,SA,2040-01-01T00:00:00,M,3,504.0515249539021,66400.0,33300.0,0.00759113742400455,87297.11902400877,8146.801494762587,0.0057739766282009376,0.0,0.0
BC,SA,2040-01-01T00:00:00,M,4,502.7768996013874,66400.0,33200.0,0.007571941259057039,87297.11902400877,8146.801494762587,0.005759375626853297,0.0,0.0
BC,SA,2040-01-01T00:00:00,M,5,602.2650503961668,66400.0,33200.0,0.0090702567830748,87297.11902400877,8146.801494762587,0.0068990255019816815,0.0,0.0
BC,SA,2040-01-01T00:00:00,M,6,701.7671018107176,66400.0,33400.0,0.010568781653775868,87297.11902400877,8146.801494762587,0.008038834610540984,0.0,0.0
BC,SA,2040-01-01T00:00:00,M,7,601.523919187639,66400.0,33500.0,0.009059095168488539,87297.11902400877,8146.801494762587,0.006890535746342392,0.0,0.0
BC,SA,2040-01-01T00:00:00,M,8,501.52855116085266,66400.0,33500.0,0.007553140830735733,87297.11902400877,8146.801494762587,0.005745075630994426,0.0,0.0
BC,SA,2040-01-01T00:00:00,M,9,501.53318313406635,66400.0,33600.0,0.007553210589368469,87297.11902400877,8146.801494762587,0.00574512869085786,0.0,0.0
BC,SA,2040-01-01T00:00:00,M,10,601.5331831340663,66400.0,33700.0,0.009059234685754012,87297.11902400877,8146.801494762587,0.006890641866069263,0.0,0.0
BC,SA,2040-01-01T00:00:00,M,11,601.53781510728,66400.0,33800.0,0.009059304444386747,87297.11902400877,8146.801494762587,0.006890694925932698,0.0,0.0
BC,SA,2040-01-01T00:00:00,M,12,502.05042949374183,66400.0,33700.0,0.007561000444182859,87297.11902400877,8146.801494762587,0.005751053816056244,0.0,0.0
BC,SA,2040-01-01T00:00:00,M,13,502.2997904329168,66400.0,33600.0,0.007564755880013807,87297.11902400877,8146.801494762587,0.005753910278468324,0.0,0.0
BC,SA,2040-01-01T00:00:00,M,14,803.0571441467546,66400.0,33800.0,0.012094234098595702,87297.11902400877,8146.801494762587,0.009199125390677496,0.0,0.0
BC,SA,2040-01-01T00:00:00,M,15,1304.1009337948053,66400.0,34500.0,0.019640074304138635,87297.11902400877,8146.801494762587,0.014938648014674422,0.0,0.0
BC,SA,2040-01-01T00:00:00,M,16,2106.2626848272994,66400.0,35900.0,0.031720823566676194,87297.11902400877,8146.801494762587,0.024127516559258128,0.0,0.0
BC,SA,2040-01-01T00:00:00,M,17,1809.239832490086,66400.0,37000.0,0.027247587838706115,87297.11902400877,8146.801494762587,0.02072508065234664,0.0,0.0
BC,SA,2040-01-01T00:00:00,M,18,2712.611668595826,66400.0,39000.00000000001,0.04085258537041907,87297.11902400877,8146.801494762587,0.031073324056087044,0.0,0.0
BC,SA,2040-01-01T00:00:00,M,19,5416.32728828337,66400.0,42500.0,0.08157119410065317,87297.11902400877,8146.801494762587,0.06204474269985647,0.0,0.0
BC,SA,2040-01-01T00:00:00,M,20,3522.8551230258236,66400.0,46399.99999999999,0.05305504703352144,87297.11902400877,8146.801494762587,0.04035476957787066,0.0,0.0
BC,SA,2040-01-01T00:00:00,M,21,1228.9571006367332,66400.0,47500.0,0.018508390069830318,87297.11902400877,8146.801494762587,0.01407786550548983,0.0,0.0
BC,SA,2040-01-01T00:00:00,M,22,-65.74671101402782,66400.0,47600.0,-0.0009901613104522262,87297.11902400877,8146.801494762587,0.0,0.008070248312333994,0.00138123342466445
BC,SA,2040-01-01T00:00:00,M,23,-261.5336747897527,66400.0,47600.0,-0.0039387601624962755,87297.11902400877,8146.801494762587,0.0,0.032102620268566424,0.00549440493255783
BC,SA,2040-01-01T00:00:00,M,24,-158.64028419315582,66400.0,47199.99999999999,-0.002389160906523431,87297.11902400877,8146.801494762587,0.0,0.019472707699474748,0.00336102297019398
BC,SA,2040-01-01T00:00:00,M,25,143.4645118105982,66400.0,47400.0,0.002160610117629491,87297.11902400877,8146.801494762587,0.0016434048845431206,0.0,0.0
BC,SA,2040-01-01T00:00:00,M,26,245.07747079400724,66400.0,46900.0,0.0036909257649699887,87297.11902400877,8146.801494762587,0.0028073947174202295,0.0,0.0
BC,SA,2040-01-01T00:00:00,M,27,547.602569162169,66400.0,47200.0,0.008247026644008568,87297.11902400877,8146.801494762587,0.006272859577548777,0.0,0.0
BC,SA,2040-01-01T00:00:00,M,28,549.9130682986724,66400.0,47000.0,0.008281823317751092,87297.11902400877,8146.801494762587,0.00629932664957057,0.0,0.0
BC,SA,2040-01-01T00:00:00,M,29,652.9173559805931,66400.0,46900.0,0.009833092710551102,87297.11902400877,8146.801494762587,0.007479254335999627,0.0,0.0
BC,SA,2040-01-01T00:00:00,M,30,657.2262470990681,66400.0,47500.0,0.009897985649082352,87297.11902400877,8146.801494762587,0.0075286132514672715,0.0,0.0
BC,SA,2040-01-01T00:00:00,M,31,761.8368064088863,66400.0,47800.0,0.011473445879651902,87297.11902400877,8146.801494762587,0.008726940991023578,0.0,0.0
BC,SA,2040-01-01T00:00:00,M,32,566.0630100052294,66400.0,47500.0,0.008525045331404057,87297.11902400877,8146.801494762587,0.006484326359608141,0.0,0.0
BC,SA,2040-01-01T00:00:00,M,33,568.8651176118001,66400.0,46699.99999999999,0.008567245747165664,87297.11902400877,8146.801494762587,0.006516424871425009,0.0,0.0
BC,SA,2040-01-01T00:00:00,M,34,771.688991485229,66400.0,46199.99999999999,0.011621822160922125,87297.11902400877,8146.801494762587,0.008839799069119294,0.0,0.0
BC,SA,2040-01-01T00:00:00,M,35,774.1742041871767,66400.0,45999.99999999999,0.01165925006305989,87297.11902400877,8146.801494762587,0.008868267508052132,0.0,0.0
BC,SA,2040-01-01T00:00:00,M,36,677.1320235623862,66400.0,46200.0,0.010197771439192562,87297.11902400877,8146.801494762587,0.00775663654348271,0.0,0.0
BC,SA,2040-01-01T00:00:00,M,37,578.551171281375,66400.0,45700.0,0.008713120049418299,87297.11902400877,8146.801494762587,0.006627379892368037,0.0,0.0
BC,SA,2040-01-01T00:00:00,M,38,580.2657777494751,66400.0,45100.0,0.008738942435986071,87297.11902400877,8146.801494762587,0.006647020935363151,0.0,0.0
BC,SA,2040-01-01T00:00:00,M,39,387.10635447859386,66400.0,46900.0,0.005829914977087257,87297.11902400877,8146.801494762587,0.0044343542926328465,0.0,0.0
BC,SA,2040-01-01T00:00:00,M,40,494.01694505407795,66400.0,48700.0,0.007440014232742138,87297.11902400877,8146.801494762587,0.005659029193371337,0.0,0.0
BC,SA,2040-01-01T00:00:00,M,41,399.3422450849321,66400.0,49200.0,0.006014190438026086,87297.11902400877,8146.801494762587,0.004574518031632905,0.0,0.0
BC,SA,2040-01-01T00:00:00,M,42,404.6821945146294,66400.0,49400.00000000001,0.006094611363172129,87297.11902400877,8146.801494762587,0.004635687855899714,0.0,0.0
BC,SA,2040-01-01T00:00:00,M,43,411.33981706827035,66400.0,50000.0,0.006194876763076361,87297.11902400877,8146.801494762587,0.004711951799407517,0.0,0.0
BC,SA,2040-01-01T00:00:00,M,44,418.0452580629935,66400.0,50399.99999999999,0.006295862320225806,87297.11902400877,8146.801494762587,0.004788763509458098,0.0,0.0
BC,SA,2040-01-01T00:00:00,M,45,324.59664834247815,66400.0,50600.0,0.004888503740097563,87297.11902400877,8146.801494762587,0.0037182973730577108,0.0,0.0
BC,SA,2040-01-01T00:00:00,M,46,330.43985846158466,66400.0,50300.0,0.004976503892493745,87297.11902400877,8146.801494762587,0.003785232114827362,0.0,0.0
BC,SA,2040-01-01T00:00:00,M,47,336.58978664579627,66400.0,50000.0,0.005069123292858377,87297.11902400877,8146.801494762587,0.003855680352443545,0.0,0.0
BC,SA,2040-01-01T00:00:00,M,48,243.6174966144972,66400.0,49800.0,0.0036689382020255604,87297.11902400877,8146.801494762587,0.0027906705208392574,0.0,0.0
BC,SA,2040-01-01T00:00:00,M,49,251.07843228086858,66400.0,49600.0,0.0037813016909769366,87297.11902400877,8146.801494762587,0.002876136521891588,0.0,0.0
BC,SA,2040-01-01T00:00:00,M,50,158.5342632136235,66400.0,49200.0,0.00238756420502445,87297.11902400877,8146.801494762587,0.0018160308723363804,0.0,0.0
BC,SA,2040-01-01T00:00:00,M,51,163.57826484901307,66400.0,48000.0,0.002463528085075498,87297.11902400877,8146.801494762587,0.0018738105756276467,0.0,0.0
BC,SA,2040-01-01T00:00:00,M,52,166.73639206158987,66400.0,46200.0,0.0025110902418914137,87297.11902400877,8146.801494762587,0.0019099873389376504,0.0,0.0
BC,SA,2040-01-01T00:00:00,M,53,173.68421617372223,66400.0,45400.0,0.002615726147194612,87297.11902400877,8146.801494762587,0.0019895755795326414,0.0,0.0
BC,SA,2040-01-01T00:00:00,M,54,183.0058146598385,66400.0,45100.0,0.002756111666563833,87297.11902400877,8146.801494762587,0.00209635571833141,0.0,0.0
BC,SA,2040-01-01T00:00:00,M,55,190.11975164593605,66400.0,44000.0,0.0028632492717761454,87297.11902400877,8146.801494762587,0.0021778468037833942,0.0,0.0
BC,SA,2040-01-01T00:00:00,M,56,196.8607724504909,66400.0,42800.0,0.002964770669435104,87297.11902400877,8146.801494762587,0.002255066085243312,0.0,0.0
BC,SA,2040-01-01T00:00:00,M,57,302.920873596966,66400.0,41500.0,0.004562061349351897,87297.11902400877,8146.801494762587,0.0034699985175187234,0.0,0.0
BC,SA,2040-01-01T00:00:00,M,58,210.9470634001991,66400.0,40300.0,0.0031769136054246856,87297.11902400877,8146.801494762587,0.0024164264039708305,0.0,0.0
BC,SA,2040-01-01T00:00:00,M,59,217.77827483545116,66400.0,38900.0,0.003279793295714626,87297.11902400877,8146.801494762587,0.0024946788309881908,0.0,0.0
BC,SA,2040-01-01T00:00:00,M,60,224.4457006081284,66400.0,37399.99999999999,0.0033802063344597648,87297.11902400877,8146.801494762587,0.0025710550716616493,0.0,0.0
BC,SA,2040-01-01T00:00:00,M,61,229.7338896925139,66400.0,35700.0,0.003459847736333041,87297.11902400877,8146.801494762587,0.0026316319743533764,0.0,0.0
BC,SA,2040-01-01T00:00:00,M,62,238.58967975454289,66400.0,34500.0,0.003593218068592513,87297.11902400877,8146.801494762587,0.0027330762162829803,0.0,0.0
BC,SA,2040-01-01T00:00:00,M,63,353.0559246789271,66400.0,34100.0,0.005317107299381433,87297.11902400877,8146.801494762587,0.0040443021330615544,0.0,0.0
BC,SA,2040-01-01T00:00:00,M,64,267.7578358181636,66400.0,33400.0,0.004032497527381981,87297.11902400877,8146.801494762587,0.003067201286957979,0.0,0.0
BC,SA,2040-01-01T00:00:00,M,65,286.40933253628464,66400.0,33099.99999999999,0.004313393562293443,87297.11902400877,8146.801494762587,0.003280856639238178,0.0,0.0
BC,SA,2040-01-01T00:00:00,M,66,303.9184203006189,66400.0,32499.999999999996,0.00457708464308161,87297.11902400877,8146.801494762587,0.0034814255464379546,0.0,0.0
BC,SA,2040-01-01T00:00:00,M,67,228.13971204741392,66400.0,32300.0,0.0034358390368586433,87297.11902400877,8146.801494762587,0.0026133704593924814,0.0,0.0
BC,SA,2040-01-01T00:00:00,M,68,259.11974977300997,66400.0,32600.0,0.003902405870075451,87297.11902400877,8146.801494762587,0.0029682508732246466,0.0,0.0
BC,SA,2040-01-01T00:00:00,M,69,306.5636357580079,66400.0,34000.0,0.004616922225271203,87297.11902400877,8146.801494762587,0.0035117268380150737,0.0,0.0
BC,SA,2040-01-01T00:00:00,M,70,140.8020166712813,66400.0,33700.0,0.0021205122992662847,87297.11902400877,8146.801494762587,0.0016129056519328824,0.0,0.0
BC,SA,2040-01-01T00:00:00,M,71,168.66647501515763,66400.0,32900.0,0.002540157756252374,87297.11902400877,8146.801494762587,0.0019320966934632787,0.0,0.0
BC,SA,2040-01-01T00:00:00,M,72,94.38380992664315,66400.0,31700.0,0.0014214429205819752,87297.11902400877,8146.801494762587,0.0010811789779761848,0.0,0.0
BC,SA,2040-01-01T00:00:00,M,73,226.45913176970862,66400.0,31000.0,0.0034105290929172987,87297.11902400877,8146.801494762587,0.002594119190891363,0.0,0.0
BC,SA,2040-01-01T00:00:00,M,74,188.904194828272,66400.0,31599.999999999996,0.0028449426931968676,87297.11902400877,8146.801494762587,0.0021639224402848723,0.0,0.0
BC,SA,2040-01-01T00:00:00,M,75,67.55665798134214,66400.0,32499.999999999996,0.0010174195479117792,87297.11902400877,8146.801494762587,0.0007738704179087796,0.0,0.0
BC,SA,2040-01-01T00:00:00,M,76,143.5626349318045,66400.0,33000.0,0.002162087875478983,87297.11902400877,8146.801494762587,0.0016445288978244675,0.0,0.0
BC,SA,2040-01-01T00:00:00,M,77,112.32661096877564,66400.0,32700.0,0.0016916658278430066,87297.11902400877,8146.801494762587,0.001286716127915781,0.0,0.0
BC,SA,2040-01-01T00:00:00,M,78,40.705868756260315,66400.0,30600.0,0.0006130401921123542,87297.11902400877,8146.801494762587,0.00046629108968722366,0.0,0.0
BC,SA,2040-01-01T00:00:00,M,79,0.3945414302725112,66400.0,29599.999999999996,5.941889010128181e-06,87297.11902400877,8146.801494762587,4.519524065439124e-06,0.0,0.0
BC,SA,2040-01-01T00:00:00,M,80,-51.249920691629086,66400.0,28099.999999999996,-0.0007718361549944139,87297.11902400877,8146.801494762587,0.0,0.0062908026818349035,0.0018238405940081527
BC,SA,2040-01-01T00:00:00,M,81,-15.529536695201386,66400.0,26300.0,-0.00023387856468676786,87297.11902400877,8146.801494762587,0.0,0.001906212727189316,0.0005904766804259083
BC,SA,2040-01-01T00:00:00,M,82,-153.23134663788733,66400.0,25000.0,-0.0023077010035826404,87297.11902400877,8146.801494762587,0.0,0.018808773815883036,0.006129253865515493
BC,SA,2040-01-01T00:00:00,M,83,-35.91355936391483,66400.0,22900.0,-0.0005408668578902835,87297.11902400877,8146.801494762587,0.0,0.004408301759531385,0.0015682777014809969
BC,SA,2040-01-01T00:00:00,M,84,-91.19314674723864,66400.0,21299.999999999996,-0.0013733907642656422,87297.11902400877,8146.801494762587,0.0,0.011193736192770238,0.004281368391889139
BC,SA,2040-01-01T00:00:00,M,85,-164.24019486882025,66400.0,19400.0,-0.0024734969106750037,87297.11902400877,8146.801494762587,0.0,0.020160083067496726,0.008465989426227848
BC,SA,2040-01-01T00:00:00,M,86,-174.19368980792933,66400.0,17100.0,-0.002623398942890502,87297.11902400877,8146.801494762587,0.0,0.02138185027828589,0.01018676548584382
BC,SA,2040-01-01T00:00:00,M,87,-172.03884642260164,66400.0,15200.0,-0.0025909464822680968,87297.11902400877,8146.801494762587,0.0,0.021117348511953054,0.011318345159381687
BC,SA,2040-01-01T00:00:00,M,88,-283.0480519313296,66400.0,13199.999999999998,-0.0042627718664356865,87297.11902400877,8146.801494762587,0.0,0.034743457553654086,0.021443034237221943
BC,SA,2040-01-01T00:00:00,M,89,-202.12468192678352,66400.0,11500.0,-0.003044046414559993,87297.11902400877,8146.801494762587,0.0,0.02481031139113005,0.017576059297981176
BC,SA,2040-01-01T00:00:00,M,90,-211.28747878723698,66400.0,10000.0,-0.00318204034318128,87297.11902400877,8146.801494762587,0.0,0.025935022342580633,0.021128747878723698
BC,SA,2040-01-01T00:00:00,M,91,-169.97304805431122,66400.0,8299.999999999998,-0.002559835061058904,87297.11902400877,8146.801494762587,0.0,0.02086377680413392,0.020478680488471235
BC,SA,2040-01-01T00:00:00,M,92,-200.80668368556053,66400.0,7000.0,-0.0030241970434572367,87297.11902400877,8146.801494762587,0.0,0.024648530323790885,0.02868666909793722
BC,SA,2040-01-01T00:00:00,M,93,-259.5592564723702,66400.0,5700.0,-0.003909024946873045,87297.11902400877,8146.801494762587,0.0,0.03186026523896962,0.04553671166181933
BC,SA,2040-01-01T00:00:00,M,94,-186.84862927283257,66400.0,3800.0,-0.002813985380614948,87297.11902400877,8146.801494762587,0.0,0.02293521321133868,0.04917069191390331
BC,SA,2040-01-01T00:00:00,M,95,-111.59155793060745,66400.0,2800.0,-0.0016805957519669796,87297.11902400877,8146.801494762587,0.0,0.01369759138016894,0.0398541278323598
BC,SA,2040-01-01T00:00:00,M,96,-186.84434774396095,66400.0,2100.0,-0.002813920899758448,87297.11902400877,8146.801494762587,0.0,0.022934687664119394,0.08897349892569568
BC,SA,2040-01-01T00:00:00,M,97,-99.2240690579415,66400.0,1499.9999999999998,-0.00149433838942683,87297.11902400877,8146.801494762587,0.0,0.01217951230574731,0.06614937937196101
BC,SA,2040-01-01T00:00:00,M,98,-94.40342302660326,66400.0,1000.0000000000001,-0.0014217382985934226,87297.11902400877,8146.801494762587,0.0,0.011587789770904975,0.09440342302660325
BC,SA,2040-01-01T00:00:00,M,99,-63.1559188836593,66400.0,700.0,-0.0009511433566816159,87297.11902400877,8146.801494762587,0.0,0.007752234901545221,0.09022274126237043
BC,SA,2040-01-01T00:00:00,M,100,579.1554897860946,66400.0,1100.0,0.008722221231718291,87297.11902400877,8146.801494762587,0.00663430244045984,0.0,0.0
BC,SA,2041-01-01T00:00:00,F,1,487.951484906509,68100.0,32800.0,0.007165220042680015,89426.47519641028,8551.095817307358,0.005456454409444242,0.0,0.0
BC,SA,2041-01-01T00:00:00,F,2,503.841125340874,68100.0,32500.000000000004,0.007398548096048076,89426.47519641028,8551.095817307358,0.005634138259774539,0.0,0.0
BC,SA,2041-01-01T00:00:00,F,3,403.04407358687604,68100.0,32099.999999999996,0.005918415177487166,89426.47519641028,8551.095817307358,0.004506988257131428,0.0,0.0
BC,SA,2041-01-01T00:00:00,F,4,402.5127110590656,68100.0,31800.0,0.005910612497196265,89426.47519641028,8551.095817307358,0.004501046364345836,0.0,0.0
BC,SA,2041-01-01T00:00:00,F,5,502.2470313876038,68100.0,31700.000000000004,0.007375139961638822,89426.47519641028,8551.095817307358,0.005616312510187864,0.0,0.0
BC,SA,2041-01-01T00:00:00,F,6,501.99095545680757,68100.0,31600.0,0.007371379668969274,89426.47519641028,8551.095817307358,0.005613448974191015,0.0,0.0
BC,SA,2041-01-01T00:00:00,F,7,501.7420825441477,68100.0,31600.0,0.007367725147491156,89426.47519641028,8551.095817307358,0.005610665985013446,0.0,0.0
BC,SA,2041-01-01T00:00:00,F,8,401.4932106259548,68100.0,31500.0,0.005895641859411965,89426.47519641028,8551.095817307358,0.004489645932528843,0.0,0.0
BC,SA,2041-01-01T00:00:00,F,9,401.49321062595845,68100.0,31500.000000000004,0.005895641859412018,89426.47519641028,8551.095817307358,0.0044896459325288835,0.0,0.0
BC,SA,2041-01-01T00:00:00,F,10,501.4884093056171,68100.0,31500.000000000004,0.00736400013664636,89426.47519641028,8551.095817307358,0.005607829316812295,0.0,0.0
BC,SA,2041-01-01T00:00:00,F,11,301.4932106259548,68100.0,31400.0,0.0044272130782078535,89426.47519641028,8551.095817307358,0.0033714088581013116,0.0,0.0
BC,SA,2041-01-01T00:00:00,F,12,401.73648099256025,68100.0,31400.0,0.00589921411149134,89426.47519641028,8551.095817307358,0.00449236627195932,0.0,0.0
BC,SA,2041-01-01T00:00:00,F,13,501.97815188474124,68100.0,31400.0,0.00737119165763203,89426.47519641028,8551.095817307358,0.005613305799901319,0.0,0.0
BC,SA,2041-01-01T00:00:00,F,14,802.2182232928899,68100.0,31600.0,0.01178000327889706,89426.47519641028,8551.095817307358,0.00897070159067493,0.0,0.0
BC,SA,2041-01-01T00:00:00,F,15,1302.9768542963175,68100.0,32300.000000000004,0.019133287140915087,89426.47519641028,8551.095817307358,0.014570370255951015,0.0,0.0
BC,SA,2041-01-01T00:00:00,F,16,2304.3124806618653,68100.0,34000.0,0.03383718767491726,89426.47519641028,8551.095817307358,0.02576767646942171,0.0,0.0
BC,SA,2041-01-01T00:00:00,F,17,1906.4147946675075,68100.0,35300.0,0.027994343534030946,89426.47519641028,8551.095817307358,0.02131823702634356,0.0,0.0
BC,SA,2041-01-01T00:00:00,F,18,2508.3306902482072,68100.0,37200.0,0.03683304978338043,89426.47519641028,8551.095817307358,0.02804908372759945,0.0,0.0
BC,SA,2041-01-01T00:00:00,F,19,5110.54433146985,68100.0,41700.0,0.07504470383949853,89426.47519641028,8551.095817307358,0.057148001419550475,0.0,0.0
BC,SA,2041-01-01T00:00:00,F,20,2913.124526692285,68100.0,42900.0,0.04277715898226557,89426.47519641028,8551.095817307358,0.03257563848171467,0.0,0.0
BC,SA,2041-01-01T00:00:00,F,21,715.4854647083412,68100.0,43700.0,0.010506394489109267,89426.47519641028,8551.095817307358,0.00800082372850878,0.0,0.0
BC,SA,2041-01-01T00:00:00,F,22,-283.0979341043203,68100.0,43699.99999999999,-0.004157091543382089,89426.47519641028,8551.095817307358,0.0,0.03310662634972843,0.0064782135950645385
BC,SA,2041-01-01T00:00:00,F,23,-82.00063244517514,68100.0,44000.0,-0.0012041208875943486,89426.47519641028,8551.095817307358,0.0,0.009589488200939866,0.0018636507373903442
BC,SA,2041-01-01T00:00:00,F,24,218.7477155020024,68100.0,44399.99999999999,0.0032121544126578914,89426.47519641028,8551.095817307358,0.0024461180542066506,0.0,0.0
BC,SA,2041-01-01T00:00:00,F,25,618.7901311479363,68100.0,44900.0,0.009086492381026965,89426.47519641028,8551.095817307358,0.006919540659394966,0.0,0.0
BC,SA,2041-01-01T00:00:00,F,26,418.91737808573816,68100.0,45000.0,0.006151503349276625,89426.47519641028,8551.095817307358,0.0046844894329744775,0.0,0.0
BC,SA,2041-01-01T00:00:00,F,27,719.3607803149207,68100.0,45500.0,0.010563300738838776,89426.47519641028,8551.095817307358,0.008044158944372628,0.0,0.0
BC,SA,2041-01-01T00:00:00,F,28,719.9834511586305,68100.0,46100.0,0.010572444216719977,89426.47519641028,8551.095817307358,0.008051121880598642,0.0,0.0
BC,SA,2041-01-01T00:00:00,F,29,920.8014392552941,68100.0,46500.0,0.013521313351766434,89426.47519641028,8551.095817307358,0.010296743075615001,0.0,0.0
BC,SA,2041-01-01T00:00:00,F,30,821.6730543114027,68100.0,46700.0,0.012065683616907527,89426.47519641028,8551.095817307358,0.009188252723891168,0.0,0.0
BC,SA,2041-01-01T00:00:00,F,31,923.1721641064141,68100.0,47600.0,0.013556125757803439,89426.47519641028,8551.095817307358,0.010323253399832892,0.0,0.0
BC,SA,2041-01-01T00:00:00,F,32,624.9314438696165,68100.0,47800.00000000001,0.009176673184575867,89426.47519641028,8551.095817307358,0.006988215095105328,0.0,0.0
BC,SA,2041-01-01T00:00:00,F,33,626.554696949046,68100.0,48000.0,0.009200509499985993,89426.47519641028,8551.095817307358,0.007006366912851296,0.0,0.0
BC,SA,2041-01-01T00:00:00,F,34,728.1516213793511,68100.0,47600.00000000001,0.010692387979138783,89426.47519641028,8551.095817307358,0.008142461388309088,0.0,0.0
BC,SA,2041-01-01T00:00:00,F,35,729.70856080042,68100.0,47100.0,0.01071525052570367,89426.47519641028,8551.095817307358,0.008159871662141858,0.0,0.0
BC,SA,2041-01-01T00:00:00,F,36,732.2388813725483,68100.0,47000.00000000001,0.010752406481241532,89426.47519641028,8551.095817307358,0.008188166644881265,0.0,0.0
BC,SA,2041-01-01T00:00:00,F,37,634.983769419734,68100.0,47099.99999999999,0.009324284426134127,89426.47519641028,8551.095817307358,0.007100623926248893,0.0,0.0
BC,SA,2041-01-01T00:00:00,F,38,537.0236065534918,68100.0,46300.0,0.007885809200491804,89426.47519641028,8551.095817307358,0.006005197066908982,0.0,0.0
BC,SA,2041-01-01T00:00:00,F,39,538.4326452188907,68100.0,45800.00000000001,0.007906499929792815,89426.47519641028,8551.095817307358,0.006020953459658491,0.0,0.0
BC,SA,2041-01-01T00:00:00,F,40,442.02276924187026,68100.0,47700.0,0.006490789563023058,89426.47519641028,8551.095817307358,0.004942862483073847,0.0,0.0
BC,SA,2041-01-01T00:00:00,F,41,344.6419954973535,68100.0,48800.0,0.005060822253999317,89426.47519641028,8551.095817307358,0.003853914567698269,0.0,0.0
BC,SA,2041-01-01T00:00:00,F,42,446.29037750545103,68100.0,49000.0,0.0065534563510345235,89426.47519641028,8551.095817307358,0.00499058446086854,0.0,0.0
BC,SA,2041-01-01T00:00:00,F,43,447.9451891236531,68100.0,49100.0,0.006577756081110912,89426.47519641028,8551.095817307358,0.005009089177895209,0.0,0.0
BC,SA,2041-01-01T00:00:00,F,44,349.68977281602565,68100.0,48799.99999999999,0.005134945268957792,89426.47519641028,8551.095817307358,0.003910360685110205,0.0,0.0
BC,SA,2041-01-01T00:00:00,F,45,252.9849169059744,68100.0,49600.0,0.003714903331952634,89426.47519641028,8551.095817307358,0.0028289711335522886,0.0,0.0
BC,SA,2041-01-01T00:00:00,F,46,355.414981230213,68100.0,49400.00000000001,0.005219015877095639,89426.47519641028,8551.095817307358,0.003974382088185893,0.0,0.0
BC,SA,2041-01-01T00:00:00,F,47,357.9299609423542,68100.0,49200.00000000001,0.005255946563030165,89426.47519641028,8551.095817307358,0.004002505523741386,0.0,0.0
BC,SA,2041-01-01T00:00:00,F,48,161.57950663180964,68100.0,49100.0,0.002372679979909099,89426.47519641028,8551.095817307358,0.0018068419478339866,0.0,0.0
BC,SA,2041-01-01T00:00:00,F,49,165.77043679343478,68100.0,49300.0,0.0024342208046025664,89426.47519641028,8551.095817307358,0.0018537064826646447,0.0,0.0
BC,SA,2041-01-01T00:00:00,F,50,170.21156910980062,68100.0,49100.0,0.0024994356697474393,89426.47519641028,8551.095817307358,0.0019033688707506297,0.0,0.0
BC,SA,2041-01-01T00:00:00,F,51,175.3960946313964,68100.0,48900.00000000001,0.0025755667346754247,89426.47519641028,8551.095817307358,0.001961344157266271,0.0,0.0
BC,SA,2041-01-01T00:00:00,F,52,179.26017517947184,68100.0,47700.0,0.002632308005572274,89426.47519641028,8551.095817307358,0.0020045537385405933,0.0,0.0
BC,SA,2041-01-01T00:00:00,F,53,283.56656752537674,68100.0,46799.99999999999,0.004163973091415224,89426.47519641028,8551.095817307358,0.0031709464887503423,0.0,0.0
BC,SA,2041-01-01T00:00:00,F,54,288.3475403624252,68100.0,45800.0,0.004234178272575994,89426.47519641028,8551.095817307358,0.003224409099532528,0.0,0.0
BC,SA,2041-01-01T00:00:00,F,55,195.233284028669,68100.0,45500.0,0.0028668617331669456,89426.47519641028,8551.095817307358,0.0021831709636309805,0.0,0.0
BC,SA,2041-01-01T00:00:00,F,56,300.9606239878485,68100.0,44600.00000000001,0.0044193924227290534,89426.47519641028,8551.095817307358,0.0033654532768605597,0.0,0.0
BC,SA,2041-01-01T00:00:00,F,57,308.0180615739082,68100.0,44000.0,0.00452302586745827,89426.47519641028,8551.095817307358,0.0034443721604524623,0.0,0.0
BC,SA,2041-01-01T00:00:00,F,58,315.00296801610966,68100.0,43200.0,0.004625594243995736,89426.47519641028,8551.095817307358,0.003522479973903236,0.0,0.0
BC,SA,2041-01-01T00:00:00,F,59,323.2513793120379,68100.0,42600.00000000001,0.0047467162894572375,89426.47519641028,8551.095817307358,0.003614716767065574,0.0,0.0
BC,SA,2041-01-01T00:00:00,F,60,329.7079081907141,68100.0,41099.99999999999,0.004841525817778474,89426.47519641028,8551.095817307358,0.003686916066708051,0.0,0.0
BC,SA,2041-01-01T00:00:00,F,61,338.0751795925389,68100.0,40200.00000000001,0.004964393239244331,89426.47519641028,8551.095817307358,0.0037804819976412288,0.0,0.0
BC,SA,2041-01-01T00:00:00,F,62,244.48833105506492,68100.0,38400.0,0.003590137019898163,89426.47519641028,8551.095817307358,0.002733959160506855,0.0,0.0
BC,SA,2041-01-01T00:00:00,F,63,353.0496876400939,68100.0,37299.99999999999,0.005184283225258354,89426.47519641028,8551.095817307358,0.003947932498342123,0.0,0.0
BC,SA,2041-01-01T00:00:00,F,64,265.82081261744315,68100.0,36800.0,0.003903389318905186,89426.47519641028,8551.095817307358,0.0029725068782327857,0.0,0.0
BC,SA,2041-01-01T00:00:00,F,65,282.21204170645797,68100.0,36900.0,0.00414408284444138,89426.47519641028,8551.095817307358,0.0031557996788604994,0.0,0.0
BC,SA,2041-01-01T00:00:00,F,66,96.66685512470576,68100.0,36100.0,0.001419483922536061,89426.47519641028,8551.095817307358,0.0010809646126876096,0.0,0.0
BC,SA,2041-01-01T00:00:00,F,67,113.74227376766066,68100.0,35700.0,0.0016702242844003033,89426.47519641028,8551.095817307358,0.0012719082745668417,0.0,0.0
BC,SA,2041-01-01T00:00:00,F,68,134.6380127040611,68100.0,35600.00000000001,0.0019770633289876815,89426.47519641028,8551.095817307358,0.0015055721743292606,0.0,0.0
BC,SA,2041-01-01T00:00:00,F,69,259.442291012645,68100.0,35800.00000000001,0.0038097252718450074,89426.47519641028,8551.095817307358,0.0029011798848475627,0.0,0.0
BC,SA,2041-01-01T00:00:00,F,70,201.3746155858462,68100.0,37600.0,0.002957042813301706,89426.47519641028,8551.095817307358,0.0022518456099668532,0.0,0.0
BC,SA,2041-01-01T00:00:00,F,71,231.1152439283178,68100.0,37400.00000000001,0.0033937627595935064,89426.47519641028,8551.095817307358,0.002584416342260073,0.0,0.0
BC,SA,2041-01-01T00:00:00,F,72,62.47957520742784,68100.0,36799.99999999999,0.000917468064719939,89426.47519641028,8551.095817307358,0.0006986697739142901,0.0,0.0
BC,SA,2041-01-01T00:00:00,F,73,85.33481348948408,68100.0,35300.0,0.0012530809616664328,89426.47519641028,8551.095817307358,0.0009542455218329969,0.0,0.0
BC,SA,2041-01-01T00:00:00,F,74,114.24273480676493,68100.0,34200.0,0.0016775731983372237,89426.47519641028,8551.095817307358,0.0012775046154491708,0.0,0.0
BC,SA,2041-01-01T00:00:00,F,75,170.75199459819123,68100.0,35000.0,0.00250737143315993,89426.47519641028,8551.095817307358,0.0019094121089214696,0.0,0.0
BC,SA,2041-01-01T00:00:00,F,76,38.49702278456971,68100.0,35800.0,0.0005653013624753262,89426.47519641028,8551.095817307358,0.0004304879813278724,0.0,0.0
BC,SA,2041-01-01T00:00:00,F,77,-82.1450186462389,68100.0,36700.0,-0.001206241096126856,89426.47519641028,8551.095817307358,0.0,0.009606373311824895,0.0022382838868184986
BC,SA,2041-01-01T00:00:00,F,78,-23.79530463381525,68100.0,35999.99999999999,-0.00034941710181813875,89426.47519641028,8551.095817307358,0.0,0.002782719915926298,0.000660980684272646
BC,SA,2041-01-01T00:00:00,F,79,13.936267881355889,68100.0,34000.0,0.00020464416859553434,89426.47519641028,8551.095817307358,0.00015584051424085777,0.0,0.0
BC,SA,2041-01-01T00:00:00,F,80,-15.377866254857508,68100.0,33300.0,-0.00022581301402140248,89426.47519641028,8551.095817307358,0.0,0.0017983503615680244,0.00046179778543115643
BC,SA,2041-01-01T00:00:00,F,81,-249.54053691535955,68100.0,31900.0,-0.0036643250648364105,89426.47519641028,8551.095817307358,0.0,0.02918228753913519,0.007822587364117855
BC,SA,2041-01-01T00:00:00,F,82,-195.34803488173566,68100.0,30200.0,-0.002868546767720054,89426.47519641028,8551.095817307358,0.0,0.022844795457250357,0.006468477976216413
BC,SA,2041-01-01T00:00:00,F,83,-232.89131611397534,68100.0,28600.0,-0.003419843114742663,89426.47519641028,8551.095817307358,0.0,0.027235259794727705,0.008143053010978158
BC,SA,2041-01-01T00:00:00,F,84,-281.67461356948843,68100.0,26600.0,-0.00413619109499983,89426.47519641028,8551.095817307358,0.0,0.03294017744478795,0.010589271186822874
BC,SA,2041-01-01T00:00:00,F,85,-227.2856484615877,68100.0,24800.0,-0.003337527877556354,89426.47519641028,8551.095817307358,0.0,0.026579710170193994,0.009164743889580149
BC,SA,2041-01-01T00:00:00,F,86,-273.48882427435456,68100.0,22900.0,-0.004015988609021359,89426.47519641028,8551.095817307358,0.0,0.031982897878516936,0.011942743418094086
BC,SA,2041-01-01T00:00:00,F,87,-148.05172616873824,68100.0,20700.0,-0.0021740341581312516,89426.47519641028,8551.095817307358,0.0,0.01731377233185513,0.0071522573028375966
BC,SA,2041-01-01T00:00:00,F,88,-332.99688059108666,68100.0,18200.0,-0.0048898220351114045,89426.47519641028,8551.095817307358,0.0,0.038942012545000765,0.018296531900609158
BC,SA,2041-01-01T00:00:00,F,89,-332.19087481226234,68100.0,15899.999999999998,-0.00487798641427698,89426.47519641028,8551.095817307358,0.0,0.038847754943864665,0.020892507849827824
BC,SA,2041-01-01T00:00:00,F,90,-327.1229897634512,68100.0,13900.000000000002,-0.004803568131621897,89426.47519641028,8551.095817307358,0.0,0.038255095809049004,0.023534028040536052
BC,SA,2041-01-01T00:00:00,F,91,-314.05067635323394,68100.0,12200.000000000004,-0.004611610519137062,89426.47519641028,8551.095817307358,0.0,0.03672636619479781,0.025741858717478184
BC,SA,2041-01-01T00:00:00,F,92,-260.30475417408525,68100.0,10199.999999999998,-0.0038223899291348787,89426.47519641028,8551.095817307358,0.0,0.030441098981399583,0.025520073938635812
BC,SA,2041-01-01T00:00:00,F,93,-290.1938308778226,68100.0,8600.000000000002,-0.004261289733888732,89426.47519641028,8551.095817307358,0.0,0.03393644944200863,0.03374346870672355
BC,SA,2041-01-01T00:00:00,F,94,-339.24550221056325,68100.0,7099.999999999999,-0.004981578593400341,89426.47519641028,8551.095817307358,0.0,0.039672751827190704,0.04778105664937511
BC,SA,2041-01-01T00:00:00,F,95,-189.9146753280629,68100.0,4800.0,-0.00278876175224762,89426.47519641028,8551.095817307358,0.0,0.022209396244125455,0.039565557360013104
BC,SA,2041-01-01T00:00:00,F,96,-204.06303051280065,68100.0,3600.0,-0.002996520271847293,89426.47519641028,8551.095817307358,0.0,0.023863962569543252,0.05668417514244462
BC,SA,2041-01-01T00:00:00,F,97,-100.84209795330344,68100.0,2800.0000000000005,-0.00148079438991635,89426.47519641028,8551.095817307358,0.0,0.011792885977163272,0.03601503498332265
BC,SA,2041-01-01T00:00:00,F,98,-109.20430463356115,68100.0,2000.0,-0.001603587439553027,89426.47519641028,8551.095817307358,0.0,0.012770796511545621,0.054602152316780575
BC,SA,2041-01-01T00:00:00,F,99,-106.11097178235309,68100.0,1400.0000000000002,-0.0015581640496674463,89426.47519641028,8551.095817307358,0.0,0.01240904955919044,0.07579355127310934
BC,SA,2041-01-01T00:00:00,F,100,1594.7163911323341,68100.0,2600.0,0.02341727446596673,89426.47519641028,8551.095817307358,0.017832709917614518,0.0,0.0
BC,SA,2041-01-01T00:00:00,M,1,592.3669279274254,68100.0,34500.0,0.008698486460020931,89426.47519641028,8551.095817307358,0.006624066604731884,0.0,0.0
BC,SA,2041-01-01T00:00:00,M,2,505.89358133624046,68100.0,34200.0,0.007428686950605587,89426.47519641028,8551.095817307358,0.005657089583651038,0.0,0.0
BC,SA,2041-01-01T00:00:00,M,3,504.07548264080833,68100.0,34000.0,0.007401989466091165,89426.47519641028,8551.095817307358,0.005636758929989032,0.0,0.0
BC,SA,2041-01-01T00:00:00,M,4,502.78513321027276,68100.0,33800.0,0.007383041603675077,89426.47519641028,8551.095817307358,0.005622329764267119,0.0,0.0
BC,SA,2041-01-01T00:00:00,M,5,602.2718913839853,68100.0,33800.0,0.008843933794184806,89426.47519641028,8551.095817307358,0.006734827578311635,0.0,0.0
BC,SA,2041-01-01T00:00:00,M,6,701.7670181615031,68100.0,33900.0,0.010304948871681397,89426.47519641028,8551.095817307358,0.007847418973186512,0.0,0.0
BC,SA,2041-01-01T00:00:00,M,7,601.5237073615644,68100.0,34000.0,0.008832947244663207,89426.47519641028,8551.095817307358,0.006726461107187982,0.0,0.0
BC,SA,2041-01-01T00:00:00,M,8,501.52826935965277,68100.0,34000.0,0.007364585453152023,89426.47519641028,8551.095817307358,0.005608275046714409,0.0,0.0
BC,SA,2041-01-01T00:00:00,M,9,601.5282693596528,68100.0,34100.0,0.008833014234356135,89426.47519641028,8551.095817307358,0.00672651212114194,0.0,0.0
BC,SA,2041-01-01T00:00:00,M,10,601.5328313577411,68100.0,34200.0,0.008833081224049062,89426.47519641028,8551.095817307358,0.0067265631350958985,0.0,0.0
BC,SA,2041-01-01T00:00:00,M,11,601.5373933558367,68100.0,34300.0,0.008833148213742096,89426.47519641028,8551.095817307358,0.006726614149049938,0.0,0.0
BC,SA,2041-01-01T00:00:00,M,12,402.05595032736164,68100.0,34200.0,0.005903905291150685,89426.47519641028,8551.095817307358,0.004495938696502496,0.0,0.0
BC,SA,2041-01-01T00:00:00,M,13,502.30610661567334,68100.0,34200.0,0.007376007439290357,89426.47519641028,8551.095817307358,0.005616973111289941,0.0,0.0
BC,SA,2041-01-01T00:00:00,M,14,803.0657068030632,68100.0,34400.0,0.011792447970676405,89426.47519641028,8551.095817307358,0.008980178465485348,0.0,0.0
BC,SA,2041-01-01T00:00:00,M,15,1404.1119795002814,68100.0,35200.0,0.020618384427316908,89426.47519641028,8551.095817307358,0.015701300721250443,0.0,0.0
BC,SA,2041-01-01T00:00:00,M,16,2106.2958289808885,68100.0,36600.0,0.0309294541700571,89426.47519641028,8551.095817307358,0.023553380856785,0.0,0.0
BC,SA,2041-01-01T00:00:00,M,17,1809.2812476498875,68100.0,37700.0,0.02656800657341979,89426.47519641028,8551.095817307358,0.020232053691886034,0.0,0.0
BC,SA,2041-01-01T00:00:00,M,18,2712.660728166513,68100.0,39700.0,0.03983349086881811,89426.47519641028,8551.095817307358,0.030333977965793776,0.0,0.0
BC,SA,2041-01-01T00:00:00,M,19,5416.904269253551,68100.0,44400.0,0.0795433813399934,89426.47519641028,8551.095817307358,0.06057383182504094,0.0,0.0
BC,SA,2041-01-01T00:00:00,M,20,3622.3001329612744,68100.0,46100.0,0.05319089769399816,89426.47519641028,8551.095817307358,0.04050590303381072,0.0,0.0
BC,SA,2041-01-01T00:00:00,M,21,1128.581493865182,68100.0,47500.0,0.016572415475259648,89426.47519641028,8551.095817307358,0.012620216679528538,0.0,0.0
BC,SA,2041-01-01T00:00:00,M,22,-66.40528380929754,68100.0,47400.00000000001,-0.0009751142996959992,89426.47519641028,8551.095817307358,0.0,0.007765704563255357,0.0014009553546265301
BC,SA,2041-01-01T00:00:00,M,23,-262.3516312973734,68100.0,47300.0,-0.0038524468619291247,89426.47519641028,8551.095817307358,0.0,0.03068046913547332,0.005546546116223539
BC,SA,2041-01-01T00:00:00,M,24,-159.0927167588743,68100.0,47400.00000000001,-0.0023361632416868472,89426.47519641028,8551.095817307358,0.0,0.018604950775650504,0.0033563864295121154
BC,SA,2041-01-01T00:00:00,M,25,42.71795450116042,68100.0,47200.0,0.0006272827386367168,89426.47519641028,8551.095817307358,0.0004776880046690601,0.0,0.0
BC,SA,2041-01-01T00:00:00,M,26,245.06258391162555,68100.0,47600.0,0.0035985695141207866,89426.47519641028,8551.095817307358,0.002740380668849875,0.0,0.0
BC,SA,2041-01-01T00:00:00,M,27,647.0849158524143,68100.0,47500.0,0.009501981143207258,89426.47519641028,8551.095817307358,0.007235943432089889,0.0,0.0
BC,SA,2041-01-01T00:00:00,M,28,649.8998353127681,68100.0,47800.0,0.009543316230730809,89426.47519641028,8551.095817307358,0.007267420905110841,0.0,0.0
BC,SA,2041-01-01T00:00:00,M,29,752.9067711957832,68100.0,47700.0,0.011055899723873469,89426.47519641028,8551.095817307358,0.00841928265138651,0.0,0.0
BC,SA,2041-01-01T00:00:00,M,30,656.3627308858049,68100.0,47500.0,0.009638219249424448,89426.47519641028,8551.095817307358,0.007339691399490074,0.0,0.0
BC,SA,2041-01-01T00:00:00,M,31,761.4210341643629,68100.0,48200.0,0.011180925611811497,89426.47519641028,8551.095817307358,0.008514492296515424,0.0,0.0
BC,SA,2041-01-01T00:00:00,M,32,566.173845674035,68100.0,48299.99999999999,0.00831385970152768,89426.47519641028,8551.095817307358,0.006331165848039173,0.0,0.0
BC,SA,2041-01-01T00:00:00,M,33,569.7347845478216,68100.0,48000.0,0.008366149552831449,89426.47519641028,8551.095817307358,0.006370985586723558,0.0,0.0
BC,SA,2041-01-01T00:00:00,M,34,772.4697975766467,68100.0,47399.99999999999,0.011343168833724621,89426.47519641028,8551.095817307358,0.008638043665257365,0.0,0.0
BC,SA,2041-01-01T00:00:00,M,35,774.506844075644,68100.0,46900.0,0.01137308141080241,89426.47519641028,8551.095817307358,0.008660822674432482,0.0,0.0
BC,SA,2041-01-01T00:00:00,M,36,776.6350717436362,68100.0,46700.0,0.011404332918408755,89426.47519641028,8551.095817307358,0.008684621305244195,0.0,0.0
BC,SA,2041-01-01T00:00:00,M,37,579.0781251650042,68100.0,46700.0,0.00850334985558009,89426.47519641028,8551.095817307358,0.006475466285494939,0.0,0.0
BC,SA,2041-01-01T00:00:00,M,38,581.0050927277407,68100.0,46199.99999999999,0.008531646001875781,89426.47519641028,8551.095817307358,0.006497014351193652,0.0,0.0
BC,SA,2041-01-01T00:00:00,M,39,383.0312323488979,68100.0,45399.99999999999,0.00562454085681201,89426.47519641028,8551.095817307358,0.004283197246762035,0.0,0.0
BC,SA,2041-01-01T00:00:00,M,40,489.91525383460976,68100.0,47300.0,0.00719405659081659,89426.47519641028,8551.095817307358,0.005478414001654353,0.0,0.0
BC,SA,2041-01-01T00:00:00,M,41,397.4442366719959,68100.0,49000.0,0.005836185560528574,89426.47519641028,8551.095817307358,0.004444368804641759,0.0,0.0
BC,SA,2041-01-01T00:00:00,M,42,503.31399932895874,68100.0,49600.0,0.0073908076259759,89426.47519641028,8551.095817307358,0.005628243741280352,0.0,0.0
BC,SA,2041-01-01T00:00:00,M,43,408.9995031192666,68100.0,49700.0,0.006005866418785119,89426.47519641028,8551.095817307358,0.004573584078104025,0.0,0.0
BC,SA,2041-01-01T00:00:00,M,44,416.0339401582896,68100.0,50300.00000000001,0.006109162116861815,89426.47519641028,8551.095817307358,0.004652245761051643,0.0,0.0
BC,SA,2041-01-01T00:00:00,M,45,322.71886677620205,68100.0,50600.0,0.004738896722117504,89426.47519641028,8551.095817307358,0.0036087620144638834,0.0,0.0
BC,SA,2041-01-01T00:00:00,M,46,329.75644801306044,68100.0,50799.99999999999,0.0048422385905001536,89426.47519641028,8551.095817307358,0.0036874588569973895,0.0,0.0
BC,SA,2041-01-01T00:00:00,M,47,335.88252888016723,68100.0,50499.99999999999,0.0049321957251125875,89426.47519641028,8551.095817307358,0.003755962964462789,0.0,0.0
BC,SA,2041-01-01T00:00:00,M,48,242.30779313585663,68100.0,50100.0,0.0035581173735074394,89426.47519641028,8551.095817307358,0.002709575577072317,0.0,0.0
BC,SA,2041-01-01T00:00:00,M,49,249.704686070545,68100.0,49900.0,0.003666735478275257,89426.47519641028,8551.095817307358,0.002792290376223713,0.0,0.0
BC,SA,2041-01-01T00:00:00,M,50,157.4162673639221,68100.0,49600.0,0.002311545776269047,89426.47519641028,8551.095817307358,0.0017602870628433429,0.0,0.0
BC,SA,2041-01-01T00:00:00,M,51,165.14315543380508,68100.0,49199.99999999999,0.0024250096245786354,89426.47519641028,8551.095817307358,0.0018466919899402922,0.0,0.0
BC,SA,2041-01-01T00:00:00,M,52,70.62477720988682,68100.0,47900.0,0.0010370745552112602,89426.47519641028,8551.095817307358,0.0007897524424928,0.0,0.0
BC,SA,2041-01-01T00:00:00,M,53,174.08459157637844,68100.0,46200.0,0.0025563082463491696,89426.47519641028,8551.095817307358,0.0019466784438728105,0.0,0.0
BC,SA,2041-01-01T00:00:00,M,54,81.45108947646077,68100.0,45300.0,0.0011960512404766632,89426.47519641028,8551.095817307358,0.0009108162800509255,0.0,0.0
BC,SA,2041-01-01T00:00:00,M,55,191.94120217129966,68100.0,45100.0,0.0028185198556725357,89426.47519641028,8551.095817307358,0.002146357683781374,0.0,0.0
BC,SA,2041-01-01T00:00:00,M,56,199.336591362764,68100.0,44000.0,0.002927115879042056,89426.47519641028,8551.095817307358,0.002229055667518535,0.0,0.0
BC,SA,2041-01-01T00:00:00,M,57,206.6289018319294,68100.0,42800.0,0.0030341982647860413,89426.47519641028,8551.095817307358,0.0023106009867671024,0.0,0.0
BC,SA,2041-01-01T00:00:00,M,58,213.96347147392953,68100.0,41500.0,0.0031419011963866304,89426.47519641028,8551.095817307358,0.0023926188637536545,0.0,0.0
BC,SA,2041-01-01T00:00:00,M,59,222.22631636203732,68100.0,40300.0,0.003263235188869858,89426.47519641028,8551.095817307358,0.002485017058694916,0.0,0.0
BC,SA,2041-01-01T00:00:00,M,60,229.94153296177683,68100.0,38900.0,0.00337652764995267,89426.47519641028,8551.095817307358,0.00257129147108559,0.0,0.0
BC,SA,2041-01-01T00:00:00,M,61,337.0606286018228,68100.0,37500.0,0.004949495280496664,89426.47519641028,8551.095817307358,0.0037691369123240698,0.0,0.0
BC,SA,2041-01-01T00:00:00,M,62,343.18394987576175,68100.0,35800.0,0.005039411892448778,89426.47519641028,8551.095817307358,0.0038376101609955628,0.0,0.0
BC,SA,2041-01-01T00:00:00,M,63,252.92646830653393,68100.0,34500.0,0.00371404505589624,89426.47519641028,8551.095817307358,0.0028283175396438616,0.0,0.0
BC,SA,2041-01-01T00:00:00,M,64,169.27216317586863,68100.0,34000.0,0.0024856411626412427,89426.47519641028,8551.095817307358,0.00189286408531803,0.0,0.0
BC,SA,2041-01-01T00:00:00,M,65,284.6762068994649,68100.0,33400.0,0.004180267355351907,89426.47519641028,8551.095817307358,0.0031833548876238414,0.0,0.0
BC,SA,2041-01-01T00:00:00,M,66,304.89603161031846,68100.0,33100.0,0.004477181080915102,89426.47519641028,8551.095817307358,0.0034094604639248655,0.0,0.0
BC,SA,2041-01-01T00:00:00,M,67,324.22937140994327,68100.0,32499.999999999996,0.004761077406900782,89426.47519641028,8551.095817307358,0.0036256530372893235,0.0,0.0
BC,SA,2041-01-01T00:00:00,M,68,249.42572721952092,68100.0,32200.0,0.0036626391662191032,89426.47519641028,8551.095817307358,0.002789170954929165,0.0,0.0
BC,SA,2041-01-01T00:00:00,M,69,282.87652726328815,68100.0,32499.999999999996,0.004153840341604819,89426.47519641028,8551.095817307358,0.0031632302027111907,0.0,0.0
BC,SA,2041-01-01T00:00:00,M,70,134.22757668698614,68100.0,33700.0,0.001971036368384525,89426.47519641028,8551.095817307358,0.0015009825266195246,0.0,0.0
BC,SA,2041-01-01T00:00:00,M,71,268.6375584735433,68100.0,33499.99999999999,0.003944751225749535,89426.47519641028,8551.095817307358,0.003004004774688099,0.0,0.0
BC,SA,2041-01-01T00:00:00,M,72,99.16591706758845,68100.0,32500.0,0.0014561808673654692,89426.47519641028,8551.095817307358,0.0011089100498458328,0.0,0.0
BC,SA,2041-01-01T00:00:00,M,73,225.2653045191364,68100.0,31400.0,0.003307860565626085,89426.47519641028,8551.095817307358,0.00251900015095506,0.0,0.0
BC,SA,2041-01-01T00:00:00,M,74,62.03826300919172,68100.0,30500.0,0.0009109877093860752,89426.47519641028,8551.095817307358,0.0006937348572996427,0.0,0.0
BC,SA,2041-01-01T00:00:00,M,75,27.86795979130693,68100.0,31000.0,0.00040922114230994023,89426.47519641028,8551.095817307358,0.0003116298582729513,0.0,0.0
BC,SA,2041-01-01T00:00:00,M,76,108.5909791090271,68100.0,31900.0,0.001594581191028298,89426.47519641028,8551.095817307358,0.001214304587880996,0.0,0.0
BC,SA,2041-01-01T00:00:00,M,77,-9.236683788978553,68100.0,32199.999999999996,-0.00013563412318617552,89426.47519641028,8551.095817307358,0.0,0.0010801754519325546,0.00028685353381920976
BC,SA,2041-01-01T00:00:00,M,78,-37.365855170733994,68100.0,31800.0,-0.0005486909716701027,89426.47519641028,8551.095817307358,0.0,0.004369715410638454,0.0011750268921614463
BC,SA,2041-01-01T00:00:00,M,79,-9.90382876582953,68100.0,29700.0,-0.00014543067203861277,89426.47519641028,8551.095817307358,0.0,0.0011581941048753367,0.0003334622480077283
BC,SA,2041-01-01T00:00:00,M,80,-49.05966146639548,68100.0,28600.0,-0.0007204061889338544,89426.47519641028,8551.095817307358,0.0,0.0057372367839802554,0.0017153727785452965
BC,SA,2041-01-01T00:00:00,M,81,-1.445466768956976,68100.0,27099.999999999996,-2.1225650058105375e-05,89426.47519641028,8551.095817307358,0.0,0.00016903877582933422,5.3338257157083994e-05
BC,SA,2041-01-01T00:00:00,M,82,-64.48560743352937,68100.0,25200.0,-0.0009469252192882433,89426.47519641028,8551.095817307358,0.0,0.007541209783079608,0.002558952675933705
BC,SA,2041-01-01T00:00:00,M,83,-7.5905917829186365,68100.0,23900.0,-0.00011146243440409158,89426.47519641028,8551.095817307358,0.0,0.0008876747431078169,0.00031759798254889693
BC,SA,2041-01-01T00:00:00,M,84,-87.70219872120651,68100.0,21700.0,-0.0012878443277710208,89426.47519641028,8551.095817307358,0.0,0.010256252601414884,0.004041575977935784
BC,SA,2041-01-01T00:00:00,M,85,-148.02075642875207,68100.0,20000.0,-0.0021735793895558304,89426.47519641028,8551.095817307358,0.0,0.017310150604225378,0.007401037821437603
BC,SA,2041-01-01T00:00:00,M,86,-229.85960168415113,68100.0,18000.0,-0.003375324547491206,89426.47519641028,8551.095817307358,0.0,0.02688071875173202,0.01276997787134173
BC,SA,2041-01-01T00:00:00,M,87,-247.4923223853384,68100.0,15699.999999999998,-0.0036342484931767755,89426.47519641028,8551.095817307358,0.0,0.028942760983266695,0.015763842190148945
BC,SA,2041-01-01T00:00:00,M,88,-253.38868937552434,68100.0,13800.0,-0.0037208324431060842,89426.47519641028,8551.095817307358,0.0,0.02963230617328219,0.01836149923011046
BC,SA,2041-01-01T00:00:00,M,89,-283.47393534208095,68100.0,11800.0,-0.00416261285377505,89426.47519641028,8551.095817307358,0.0,0.033150597467090905,0.024023214859498387
BC,SA,2041-01-01T00:00:00,M,90,-307.16656012865496,68100.0,10099.999999999998,-0.004510522175163803,89426.47519641028,8551.095817307358,0.0,0.03592130958314746,0.030412530705807427
BC,SA,2041-01-01T00:00:00,M,91,-330.38936897948406,68100.0,8599.999999999998,-0.004851532584133393,89426.47519641028,8551.095817307358,0.0,0.03863707950866114,0.03841736848598653
BC,SA,2041-01-01T00:00:00,M,92,-302.0638595139535,68100.0,7000.0,-0.004435592650718847,89426.47519641028,8551.095817307358,0.0,0.03532457897414486,0.043151979930564785
BC,SA,2041-01-01T00:00:00,M,93,-158.40460950555916,68100.0,5900.0,-0.0023260588767336147,89426.47519641028,8551.095817307358,0.0,0.018524480708653663,0.026848238899247315
BC,SA,2041-01-01T00:00:00,M,94,-146.22354585131143,68100.0,4700.0,-0.002147188632177848,89426.47519641028,8551.095817307358,0.0,0.017099977473688927,0.03111139273432158
BC,SA,2041-01-01T00:00:00,M,95,-69.2058606737919,68100.0,3100.0,-0.001016238776413978,89426.47519641028,8551.095817307358,0.0,0.008093215437221477,0.02232447118509416
BC,SA,2041-01-01T00:00:00,M,96,-93.19369805495671,68100.0,2200.0,-0.0013684830845074407,89426.47519641028,8551.095817307358,0.0,0.010898450917405617,0.04236077184316214
BC,SA,2041-01-01T00:00:00,M,97,-84.28426639951726,68100.0,1599.9999999999998,-0.001237654425837258,89426.47519641028,8551.095817307358,0.0,0.00985654566388164,0.052677666499698295
BC,SA,2041-01-01T00:00:00,M,98,-76.45475140398594,68100.0,1100.0,-0.0011226835742141842,89426.47519641028,8551.095817307358,0.0,0.00894093026641592,0.06950431945816904
BC,SA,2041-01-01T00:00:00,M,99,-65.89642035396889,68100.0,700.0,-0.0009676420022609235,89426.47519641028,8551.095817307358,0.0,0.00770619599661075,0.0941377433628127
BC,SA,2041-01-01T00:00:00,M,100,677.1337738498881,68100.0,1200.0,0.009943227222465318,89426.47519641028,8551.095817307358,0.007571960902659724,0.0,0.0
BC,SA,2042-01-01T00:00:00,F,1,489.0170534311619,69700.0,33600.0,0.00701602659155182,90317.80788306842,8511.75546986165,0.005414403481363018,0.0,0.0
BC,SA,2042-01-01T00:00:00,F,2,403.88870897925517,69700.0,33200.0,0.005794673012614852,90317.80788306842,8511.75546986165,0.004471861291210222,0.0,0.0
BC,SA,2042-01-01T00:00:00,F,3,303.0824938285259,69700.0,32800.0,0.004348385851198363,90317.80788306842,8511.75546986165,0.003355733502975594,0.0,0.0
BC,SA,2042-01-01T00:00:00,F,4,402.5371188980498,69700.0,32499.999999999996,0.005775281476299137,90317.80788306842,8511.75546986165,0.004456896467407643,0.0,0.0
BC,SA,2042-01-01T00:00:00,F,5,502.2620620136149,69700.0,32299.999999999996,0.007206055409090601,90317.80788306842,8511.75546986165,0.005561052396930155,0.0,0.0
BC,SA,2042-01-01T00:00:00,F,6,502.0043945633479,69700.0,32199.999999999996,0.007202358602056641,90317.80788306842,8511.75546986165,0.005558199499408543,0.0,0.0
BC,SA,2042-01-01T00:00:00,F,7,501.74830894293336,69700.0,32099.999999999996,0.007198684489855572,90317.80788306842,8511.75546986165,0.00555536411592862,0.0,0.0
BC,SA,2042-01-01T00:00:00,F,8,401.49854738096474,69700.0,32000.0,0.005760380880645118,90317.80788306842,8511.75546986165,0.004445397389413747,0.0,0.0
BC,SA,2042-01-01T00:00:00,F,9,401.49380514241784,69700.0,31900.0,0.005760312842789352,90317.80788306842,8511.75546986165,0.004445344883283915,0.0,0.0
BC,SA,2042-01-01T00:00:00,F,10,401.49380514241784,69700.0,31900.000000000004,0.005760312842789352,90317.80788306842,8511.75546986165,0.004445344883283915,0.0,0.0
BC,SA,2042-01-01T00:00:00,F,11,401.49380514241784,69700.0,31900.000000000004,0.005760312842789352,90317.80788306842,8511.75546986165,0.004445344883283915,0.0,0.0
BC,SA,2042-01-01T00:00:00,F,12,501.7372436964688,69700.0,31900.000000000004,0.007198525734526094,90317.80788306842,8511.75546986165,0.0055552416013689345,0.0,0.0
BC,SA,2042-01-01T00:00:00,F,13,501.9854255296377,69700.0,31900.000000000004,0.0072020864494926505,90317.80788306842,8511.75546986165,0.005557989474008738,0.0,0.0
BC,SA,2042-01-01T00:00:00,F,14,702.2336084033814,69700.0,32100.0,0.010075087638499016,90317.80788306842,8511.75546986165,0.00777514008436233,0.0,0.0
BC,SA,2042-01-01T00:00:00,F,15,1302.9971324609687,69700.0,32900.0,0.018694363449942162,90317.80788306842,8511.75546986165,0.014426802011713098,0.0,0.0
BC,SA,2042-01-01T00:00:00,F,16,2304.340038726714,69700.0,34600.00000000001,0.03306083269335314,90317.80788306842,8511.75546986165,0.02551368431915519,0.0,0.0
BC,SA,2042-01-01T00:00:00,F,17,1906.4496878040663,69700.0,35900.0,0.027352219337217595,90317.80788306842,8511.75546986165,0.021108236930111123,0.0,0.0
BC,SA,2042-01-01T00:00:00,F,18,2608.3704721836475,69700.0,37900.0,0.03742281882616424,90317.80788306842,8511.75546986165,0.028879913422617844,0.0,0.0
BC,SA,2042-01-01T00:00:00,F,19,5110.585342169419,69700.0,42300.00000000001,0.07332260175278937,90317.80788306842,8511.75546986165,0.05658447057069776,0.0,0.0
BC,SA,2042-01-01T00:00:00,F,20,2913.5140003145207,69700.0,44599.99999999999,0.04180077475343645,90317.80788306842,8511.75546986165,0.03225846672548291,0.0,0.0
BC,SA,2042-01-01T00:00:00,F,21,715.2594001255202,69700.0,43599.99999999999,0.010261971307396272,90317.80788306842,8511.75546986165,0.007919361827863932,0.0,0.0
BC,SA,2042-01-01T00:00:00,F,22,-283.41967416420084,69700.0,43400.00000000001,-0.004066279399773326,90317.80788306842,8511.75546986165,0.0,0.03329744083552809,0.00653040723880647
BC,SA,2042-01-01T00:00:00,F,23,-82.38329299498582,69700.0,43600.0,-0.0011819697703728239,90317.80788306842,8511.75546986165,0.0,0.009678766417419753,0.0018895250686923354
BC,SA,2042-01-01T00:00:00,F,24,218.433316732393,69700.0,44199.99999999999,0.0031339069832481063,90317.80788306842,8511.75546986165,0.0024184966603174383,0.0,0.0
BC,SA,2042-01-01T00:00:00,F,25,618.6008923390691,69700.0,45000.0,0.008875192142597835,90317.80788306842,8511.75546986165,0.006849157512103836,0.0,0.0
BC,SA,2042-01-01T00:00:00,F,26,518.8103618473906,69700.0,45400.00000000001,0.007443477214453237,90317.80788306842,8511.75546986165,0.005744275398258976,0.0,0.0
BC,SA,2042-01-01T00:00:00,F,27,819.2079989592312,69700.0,45800.0,0.011753342883202744,90317.80788306842,8511.75546986165,0.009070282131070249,0.0,0.0
BC,SA,2042-01-01T00:00:00,F,28,819.781118590683,69700.0,46300.0,0.011761565546494735,90317.80788306842,8511.75546986165,0.009076627719441855,0.0,0.0
BC,SA,2042-01-01T00:00:00,F,29,820.7708544577035,69700.0,46900.0,0.011775765487198043,90317.80788306842,8511.75546986165,0.00908758608845256,0.0,0.0
BC,SA,2042-01-01T00:00:00,F,30,821.6862952988158,69700.0,47299.99999999999,0.01178889950213509,90317.80788306842,8511.75546986165,0.009097721861923695,0.0,0.0
BC,SA,2042-01-01T00:00:00,F,31,922.887149391514,69700.0,47600.0,0.01324084862828571,90317.80788306842,8511.75546986165,0.010218219097903112,0.0,0.0
BC,SA,2042-01-01T00:00:00,F,32,624.8334846813741,69700.0,48200.00000000001,0.008964612405758595,90317.80788306842,8511.75546986165,0.00691816485947407,0.0,0.0
BC,SA,2042-01-01T00:00:00,F,33,626.4494323334948,69700.0,48399.99999999999,0.008987796733622594,90317.80788306842,8511.75546986165,0.006936056653905272,0.0,0.0
BC,SA,2042-01-01T00:00:00,F,34,828.4575477039034,69700.0,48800.000000000015,0.011886048030185128,90317.80788306842,8511.75546986165,0.009172693260851513,0.0,0.0
BC,SA,2042-01-01T00:00:00,F,35,730.102077146068,69700.0,48300.0,0.010474922197217618,90317.80788306842,8511.75546986165,0.008083700150155413,0.0,0.0
BC,SA,2042-01-01T00:00:00,F,36,732.3926186844838,69700.0,47800.0,0.010507785060035635,90317.80788306842,8511.75546986165,0.008109061057291039,0.0,0.0
BC,SA,2042-01-01T00:00:00,F,37,634.9251262536709,69700.0,47600.0,0.009109399228890544,90317.80788306842,8511.75546986165,0.0070298996525213295,0.0,0.0
BC,SA,2042-01-01T00:00:00,F,38,537.6063279054724,69700.0,47600.0,0.007713146741828872,90317.80788306842,8511.75546986165,0.00595238459066117,0.0,0.0
BC,SA,2042-01-01T00:00:00,F,39,538.798064177492,69700.0,46800.0,0.0077302448232064854,90317.80788306842,8511.75546986165,0.0059655795109094835,0.0,0.0
BC,SA,2042-01-01T00:00:00,F,40,540.1898338567262,69700.0,46300.0,0.007750212824343274,90317.80788306842,8511.75546986165,0.005980989203769125,0.0,0.0
BC,SA,2042-01-01T00:00:00,F,41,443.36582531565364,69700.0,48100.0,0.006361059186738216,90317.80788306842,8511.75546986165,0.0049089524613979245,0.0,0.0
BC,SA,2042-01-01T00:00:00,F,42,445.9094217569291,69700.0,49200.0,0.006397552679439441,90317.80788306842,8511.75546986165,0.004937115195867395,0.0,0.0
BC,SA,2042-01-01T00:00:00,F,43,447.64747309466475,69700.0,49400.00000000001,0.00642248885358199,90317.80788306842,8511.75546986165,0.004956358923970117,0.0,0.0
BC,SA,2042-01-01T00:00:00,F,44,349.68607575680653,69700.0,49400.0,0.005017016868820754,90317.80788306842,8511.75546986165,0.0038717289973372016,0.0,0.0
BC,SA,2042-01-01T00:00:00,F,45,351.69794973402895,69700.0,49100.0,0.0050458816317651214,90317.80788306842,8511.75546986165,0.0038940044934367875,0.0,0.0
BC,SA,2042-01-01T00:00:00,F,46,455.29118064793875,69700.0,50000.0,0.006532154672136854,90317.80788306842,8511.75546986165,0.005040990158191059,0.0,0.0
BC,SA,2042-01-01T00:00:00,F,47,357.8029646988507,69700.0,49700.00000000001,0.005133471516482794,90317.80788306842,8511.75546986165,0.003961599302344525,0.0,0.0
BC,SA,2042-01-01T00:00:00,F,48,161.07091139925615,69700.0,49300.0,0.0023109169497741197,90317.80788306842,8511.75546986165,0.0017833793265641423,0.0,0.0
BC,SA,2042-01-01T00:00:00,F,49,264.8301037903366,69700.0,49300.0,0.0037995710730320885,90317.80788306842,8511.75546986165,0.0029322025190558613,0.0,0.0
BC,SA,2042-01-01T00:00:00,F,50,169.77335932616552,69700.0,49400.00000000001,0.002435772730647999,90317.80788306842,8511.75546986165,0.0018797329486336255,0.0,0.0
BC,SA,2042-01-01T00:00:00,F,51,174.92749875960726,69700.0,49200.0,0.0025097202117590712,90317.80788306842,8511.75546986165,0.0019367996506965746,0.0,0.0
BC,SA,2042-01-01T00:00:00,F,52,180.42448535351286,69700.0,49000.00000000001,0.002588586590437774,90317.80788306842,8511.75546986165,0.0019976623611935164,0.0,0.0
BC,SA,2042-01-01T00:00:00,F,53,284.48839643830433,69700.0,47900.0,0.004081612574437652,90317.80788306842,8511.75546986165,0.0031498594032156133,0.0,0.0
BC,SA,2042-01-01T00:00:00,F,54,189.558803965665,69700.0,46900.000000000015,0.00271963850739835,90317.80788306842,8511.75546986165,0.002098797661376821,0.0,0.0
BC,SA,2042-01-01T00:00:00,F,55,194.89253610467858,69700.0,45900.0,0.002796162641387067,90317.80788306842,8511.75546986165,0.0021578528163238827,0.0,0.0
BC,SA,2042-01-01T00:00:00,F,56,302.1915678665973,69700.0,45700.00000000001,0.004335603556192214,90317.80788306842,8511.75546986165,0.0033458691585809422,0.0,0.0
BC,SA,2042-01-01T00:00:00,F,57,308.6407524783208,69700.0,44799.99999999999,0.004428131312457974,90317.80788306842,8511.75546986165,0.003417274618510539,0.0,0.0
BC,SA,2042-01-01T00:00:00,F,58,316.2331534391051,69700.0,44200.0,0.004537061024951292,90317.80788306842,8511.75546986165,0.0035013377854400765,0.0,0.0
BC,SA,2042-01-01T00:00:00,F,59,324.03597680746316,69700.0,43400.00000000001,0.004649009710293589,90317.80788306842,8511.75546986165,0.0035877307521345312,0.0,0.0
BC,SA,2042-01-01T00:00:00,F,60,233.44188027818745,69700.0,42700.0,0.003349237880605272,90317.80788306842,8511.75546986165,0.002584671680477644,0.0,0.0
BC,SA,2042-01-01T00:00:00,F,61,240.1323331523963,69700.0,41200.0,0.003445227161440406,90317.80788306842,8511.75546986165,0.0026587484658981975,0.0,0.0
BC,SA,2042-01-01T00:00:00,F,62,249.79684734329203,69700.0,40300.00000000001,0.003583885901625424,90317.80788306842,8511.75546986165,0.002765754098756427,0.0,0.0
BC,SA,2042-01-01T00:00:00,F,63,356.47114740422694,69700.0,38600.0,0.005114363664336111,90317.80788306842,8511.75546986165,0.003946853403104499,0.0,0.0
BC,SA,2042-01-01T00:00:00,F,64,266.46709921888396,69700.0,37400.0,0.0038230573776023525,90317.80788306842,8511.75546986165,0.0029503273547545616,0.0,0.0
BC,SA,2042-01-01T00:00:00,F,65,279.98072402719845,69700.0,36900.00000000001,0.004016940086473435,90317.80788306842,8511.75546986165,0.003099950392835935,0.0,0.0
BC,SA,2042-01-01T00:00:00,F,66,98.01608128019143,69700.0,36800.0,0.00140625654634421,90317.80788306842,8511.75546986165,0.001085235387987823,0.0,0.0
BC,SA,2042-01-01T00:00:00,F,67,212.89671823964454,69700.0,36100.0,0.003054472284643394,90317.80788306842,8511.75546986165,0.0023571953663365603,0.0,0.0
BC,SA,2042-01-01T00:00:00,F,68,131.76932506553567,69700.0,35600.0,0.0018905211630636395,90317.80788306842,8511.75546986165,0.00145895176326836,0.0,0.0
BC,SA,2042-01-01T00:00:00,F,69,254.84078343733563,69700.0,35599.99999999999,0.0036562522731325054,90317.80788306842,8511.75546986165,0.0028216006279433823,0.0,0.0
BC,SA,2042-01-01T00:00:00,F,70,282.6920063247235,69700.0,35800.00000000001,0.004055839402076377,90317.80788306842,8511.75546986165,0.0031299697473915196,0.0,0.0
BC,SA,2042-01-01T00:00:00,F,71,227.9483133462054,69700.0,37500.00000000001,0.003270420564507968,90317.80788306842,8511.75546986165,0.0025238468325241327,0.0,0.0
BC,SA,2042-01-01T00:00:00,F,72,60.95736650900653,69700.0,37100.0,0.0008745676687088455,90317.80788306842,8511.75546986165,0.0006749207928953068,0.0,0.0
BC,SA,2042-01-01T00:00:00,F,73,193.4743049262761,69700.0,36600.0,0.002775814991768667,90317.80788306842,8511.75546986165,0.0021421501413847544,0.0,0.0
BC,SA,2042-01-01T00:00:00,F,74,118.69439067185886,69700.0,35000.00000000001,0.0017029324343164828,90317.80788306842,8511.75546986165,0.001314185911437628,0.0,0.0
BC,SA,2042-01-01T00:00:00,F,75,50.54409679087985,69700.0,33800.0,0.0007251663815047324,90317.80788306842,8511.75546986165,0.0005596249286333175,0.0,0.0
BC,SA,2042-01-01T00:00:00,F,76,12.916266153333709,69700.0,34500.00000000001,0.00018531228340507472,90317.80788306842,8511.75546986165,0.0001430090749108524,0.0,0.0
BC,SA,2042-01-01T00:00:00,F,77,-15.736530720743758,69700.0,35200.0,-0.0002257751896806852,90317.80788306842,8511.75546986165,0.0,0.001848799671990523,0.0004470605318393113
BC,SA,2042-01-01T00:00:00,F,78,-31.96514646525611,69700.0,36000.0,-0.0004586104227439901,90317.80788306842,8511.75546986165,0.0,0.0037554117453723885,0.0008879207351460032
BC,SA,2042-01-01T00:00:00,F,79,31.753654087246105,69700.0,35300.00000000001,0.00045557609881271313,90317.80788306842,8511.75546986165,0.00035157689088686193,0.0,0.0
BC,SA,2042-01-01T00:00:00,F,80,-27.087129805753648,69700.0,33200.00000000001,-0.00038862453092903366,90317.80788306842,8511.75546986165,0.0,0.003182320016319022,0.0008158774037877603
BC,SA,2042-01-01T00:00:00,F,81,-252.10099960475782,69700.0,32200.000000000004,-0.0036169440402404277,90317.80788306842,8511.75546986165,0.0,0.029617979569243367,0.007829223590209869
BC,SA,2042-01-01T00:00:00,F,82,-189.02842125929237,69700.0,30800.000000000004,-0.0027120289994159593,90317.80788306842,8511.75546986165,0.0,0.022207924314626117,0.0061372864045224785
BC,SA,2042-01-01T00:00:00,F,83,-231.5841329836221,69700.0,29000.0,-0.003322584404356128,90317.80788306842,8511.75546986165,0.0,0.027207564150969,0.007985659758055935
BC,SA,2042-01-01T00:00:00,F,84,-168.5077559725869,69700.0,27400.000000000004,-0.0024176148633082767,90317.80788306842,8511.75546986165,0.0,0.01979706261173006,0.006149918101189302
BC,SA,2042-01-01T00:00:00,F,85,-219.64275667731636,69700.0,25300.0,-0.0031512590628022434,90317.80788306842,8511.75546986165,0.0,0.025804636594064,0.008681531884478908
BC,SA,2042-01-01T00:00:00,F,86,-363.8093862343485,69700.0,23300.0,-0.0052196468613249425,90317.80788306842,8511.75546986165,0.0,0.04274199223914757,0.0156141367482553
BC,SA,2042-01-01T00:00:00,F,87,-114.91864328139127,69700.0,21600.0,-0.0016487610226885404,90317.80788306842,8511.75546986165,0.0,0.013501168318132988,0.00532030755932367
BC,SA,2042-01-01T00:00:00,F,88,-287.96460298049715,69700.0,19200.0,-0.0041314864129196145,90317.80788306842,8511.75546986165,0.0,0.03383139987986259,0.014998156405234227
BC,SA,2042-01-01T00:00:00,F,89,-292.53291635765345,69700.0,16700.0,-0.004197028929091154,90317.80788306842,8511.75546986165,0.0,0.03436810624946305,0.017516941099260684
BC,SA,2042-01-01T00:00:00,F,90,-302.8224667910181,69700.0,14400.000000000002,-0.004344655190688925,90317.80788306842,8511.75546986165,0.0,0.03557696974064272,0.021029337971598474
BC,SA,2042-01-01T00:00:00,F,91,-310.2774076093483,69700.0,12400.000000000002,-0.0044516127347108796,90317.80788306842,8511.75546986165,0.0,0.036452810317210815,0.025022371581399052
BC,SA,2042-01-01T00:00:00,F,92,-314.6722917032512,69700.0,10699.999999999998,-0.0045146670258716095,90317.80788306842,8511.75546986165,0.0,0.036969141420643496,0.02940862539282722
BC,SA,2042-01-01T00:00:00,F,93,-380.3989627633273,69700.0,8700.0,-0.005457660871783749,90317.80788306842,8511.75546986165,0.0,0.044691011637991794,0.043724018708428423
BC,SA,2042-01-01T00:00:00,F,94,-338.3427545741306,69700.0,7200.0,-0.004854271945109478,90317.80788306842,8511.75546986165,0.0,0.039750055763717804,0.04699204924640703
BC,SA,2042-01-01T00:00:00,F,95,-218.86070672939968,69700.0,5899.999999999999,-0.0031400388339942564,90317.80788306842,8511.75546986165,0.0,0.02571275778590442,0.037095035038881306
BC,SA,2042-01-01T00:00:00,F,96,-165.4042702819047,69700.0,3900.0,-0.0023730885262827073,90317.80788306842,8511.75546986165,0.0,0.01943245090481825,0.04241135135433454
BC,SA,2042-01-01T00:00:00,F,97,-90.02215029593435,69700.0,2900.0,-0.0012915660013763895,90317.80788306842,8511.75546986165,0.0,0.01057621434434812,0.031042120791701502
BC,SA,2042-01-01T00:00:00,F,98,-176.73955535978394,69700.0,2100.0000000000005,-0.002535718154372797,90317.80788306842,8511.75546986165,0.0,0.020764172089480466,0.08416169302846853
BC,SA,2042-01-01T00:00:00,F,99,-89.43483709727025,69700.0,1500.0,-0.0012831397001043076,90317.80788306842,8511.75546986165,0.0,0.010507214101008933,0.0596232247315135
BC,SA,2042-01-01T00:00:00,F,100,1614.3581490071952,69700.0,2700.0,0.0231615229412797,90317.80788306842,8511.75546986165,0.017874195431063306,0.0,0.0
BC,SA,2042-01-01T00:00:00,M,1,593.3833802038498,69700.0,35400.0,0.008513391394603297,90317.80788306842,8511.75546986165,0.006569948874003721,0.0,0.0
BC,SA,2042-01-01T00:00:00,M,2,505.94235206689336,69700.0,35000.0,0.007258857274991297,90317.80788306842,8511.75546986165,0.005601800618565951,0.0,0.0
BC,SA,2042-01-01T00:00:00,M,3,504.09779190883273,69700.0,34700.0,0.007232392997257284,90317.80788306842,8511.75546986165,0.005581377623352772,0.0,0.0
BC,SA,2042-01-01T00:00:00,M,4,502.8007217232371,69700.0,34500.0,0.007213783668913014,90317.80788306842,8511.75546986165,0.005567016444577542,0.0,0.0
BC,SA,2042-01-01T00:00:00,M,5,702.2780087389547,69700.0,34500.0,0.010075724659095476,90317.80788306842,8511.75546986165,0.007775631685483017,0.0,0.0
BC,SA,2042-01-01T00:00:00,M,6,701.771775674395,69700.0,34500.0,0.01006846163090954,90317.80788306842,8511.75546986165,0.007770026666091769,0.0,0.0
BC,SA,2042-01-01T00:00:00,M,7,601.5231541293833,69700.0,34500.0,0.00863017437775299,90317.80788306842,8511.75546986165,0.006660072561860183,0.0,0.0
BC,SA,2042-01-01T00:00:00,M,8,501.52764720941195,69700.0,34500.0,0.007195518611325853,90317.80788306842,8511.75546986165,0.005552920946207239,0.0,0.0
BC,SA,2042-01-01T00:00:00,M,9,501.52764720941195,69700.0,34500.0,0.007195518611325853,90317.80788306842,8511.75546986165,0.005552920946207239,0.0,0.0
BC,SA,2042-01-01T00:00:00,M,10,601.5321402894406,69700.0,34700.0,0.00863030330400919,90317.80788306842,8511.75546986165,0.006660172056746827,0.0,0.0
BC,SA,2042-01-01T00:00:00,M,11,501.5366333694692,69700.0,34700.0,0.007195647537582055,90317.80788306842,8511.75546986165,0.005553020441093883,0.0,0.0
BC,SA,2042-01-01T00:00:00,M,12,402.05484558824537,69700.0,34700.0,0.005768362203561627,90317.80788306842,8511.75546986165,0.004451556730747638,0.0,0.0
BC,SA,2042-01-01T00:00:00,M,13,502.3049674222566,69700.0,34700.0,0.007206670981667957,90317.80788306842,8511.75546986165,0.005561527446199478,0.0,0.0
BC,SA,2042-01-01T00:00:00,M,14,803.073313054083,69700.0,35000.0,0.011521855280546384,90317.80788306842,8511.75546986165,0.008891638668797146,0.0,0.0
BC,SA,2042-01-01T00:00:00,M,15,1404.1217556042102,69700.0,35800.0,0.020145218875239745,90317.80788306842,8511.75546986165,0.01554645521758103,0.0,0.0
BC,SA,2042-01-01T00:00:00,M,16,2006.3265427039514,69700.0,37199.99999999999,0.028785172779109778,90317.80788306842,8511.75546986165,0.02221407482898033,0.0,0.0
BC,SA,2042-01-01T00:00:00,M,17,1809.319303377495,69700.0,38400.0,0.025958670062804806,90317.80788306842,8511.75546986165,0.020032807989759482,0.0,0.0
BC,SA,2042-01-01T00:00:00,M,18,2712.7054283471152,69700.0,40400.0,0.0389197335487391,90317.80788306842,8511.75546986165,0.03003511147944565,0.0,0.0
BC,SA,2042-01-01T00:00:00,M,19,5416.947822270697,69700.0,45099.99999999999,0.07771804623056953,90317.80788306842,8511.75546986165,0.05997652012639463,0.0,0.0
BC,SA,2042-01-01T00:00:00,M,20,3522.9452973955704,69700.0,47900.00000000001,0.05054440885789915,90317.80788306842,8511.75546986165,0.039006098353899545,0.0,0.0
BC,SA,2042-01-01T00:00:00,M,21,1127.9679520516438,69700.0,47200.00000000001,0.016183184390984845,90317.80788306842,8511.75546986165,0.012488876540404831,0.0,0.0
BC,SA,2042-01-01T00:00:00,M,22,-66.91246812424652,69700.0,47399.99999999999,-0.0009600067162732642,90317.80788306842,8511.75546986165,0.0,0.007861183085107368,0.0014116554456592093
BC,SA,2042-01-01T00:00:00,M,23,-263.07576577572763,69700.0,47100.0,-0.0037744012306417164,90317.80788306842,8511.75546986165,0.0,0.030907345342241568,0.005585472734091882
BC,SA,2042-01-01T00:00:00,M,24,-159.9641346203498,69700.0,47100.00000000001,-0.0022950377994311304,90317.80788306842,8511.75546986165,0.0,0.018793318861984397,0.00339626612782059
BC,SA,2042-01-01T00:00:00,M,25,142.25143715549348,69700.0,47500.0,0.0020409101457029193,90317.80788306842,8511.75546986165,0.0015750098512096514,0.0,0.0
BC,SA,2042-01-01T00:00:00,M,26,344.195163115357,69700.0,47499.99999999999,0.004938237634366671,90317.80788306842,8511.75546986165,0.003810933537724647,0.0,0.0
BC,SA,2042-01-01T00:00:00,M,27,547.0664292655711,69700.0,48100.0,0.007848872729778638,90317.80788306842,8511.75546986165,0.00605712696187047,0.0,0.0
BC,SA,2042-01-01T00:00:00,M,28,649.4591234879554,69700.0,48100.0,0.009317921427373822,90317.80788306842,8511.75546986165,0.0071908202680117,0.0,0.0
BC,SA,2042-01-01T00:00:00,M,29,652.9953101741921,69700.0,48400.0,0.009368655813116099,90317.80788306842,8511.75546986165,0.007229972975203343,0.0,0.0
BC,SA,2042-01-01T00:00:00,M,30,656.4591329678806,69700.0,48300.00000000001,0.009418351979453093,90317.80788306842,8511.75546986165,0.0072683244683903,0.0,0.0
BC,SA,2042-01-01T00:00:00,M,31,760.4942872813772,69700.0,48200.0,0.010910965384237836,90317.80788306842,8511.75546986165,0.008420203115048638,0.0,0.0
BC,SA,2042-01-01T00:00:00,M,32,565.7208777249471,69700.0,48699.99999999999,0.00811651187553726,90317.80788306842,8511.75546986165,0.006263669269490772,0.0,0.0
BC,SA,2042-01-01T00:00:00,M,33,569.8395404282055,69700.0,48800.00000000001,0.008175603162528055,90317.80788306842,8511.75546986165,0.0063092711590825865,0.0,0.0
BC,SA,2042-01-01T00:00:00,M,34,773.3635507309373,69700.0,48699.99999999999,0.011095603310343432,90317.80788306842,8511.75546986165,0.008562691775382616,0.0,0.0
BC,SA,2042-01-01T00:00:00,M,35,775.2890593827105,69700.0,48099.99999999999,0.011123228972492261,90317.80788306842,8511.75546986165,0.008584011033421587,0.0,0.0
BC,SA,2042-01-01T00:00:00,M,36,776.9559610227661,69700.0,47600.0,0.011147144347528925,90317.80788306842,8511.75546986165,0.008602466991101756,0.0,0.0
BC,SA,2042-01-01T00:00:00,M,37,578.7283692167184,69700.0,47200.0,0.00830313298732738,90317.80788306842,8511.75546986165,0.006407688392592295,0.0,0.0
BC,SA,2042-01-01T00:00:00,M,38,581.5292392292831,69700.0,47200.0,0.008343317636001192,90317.80788306842,8511.75546986165,0.006438699663549966,0.0,0.0
BC,SA,2042-01-01T00:00:00,M,39,383.7737107247376,69700.0,46500.0,0.005506079063482606,90317.80788306842,8511.75546986165,0.004249147756349414,0.0,0.0
BC,SA,2042-01-01T00:00:00,M,40,485.7270184862282,69700.0,45800.0,0.00696882379463742,90317.80788306842,8511.75546986165,0.0053779761696063685,0.0,0.0
BC,SA,2042-01-01T00:00:00,M,41,493.21594821496547,69700.0,47700.0,0.00707626898443279,90317.80788306842,8511.75546986165,0.005460893701644269,0.0,0.0
BC,SA,2042-01-01T00:00:00,M,42,501.3427498839519,69700.0,49400.0,0.007192865851993571,90317.80788306842,8511.75546986165,0.005550873760499417,0.0,0.0
BC,SA,2042-01-01T00:00:00,M,43,407.79099448101624,69700.0,49899.99999999999,0.005850659892123619,90317.80788306842,8511.75546986165,0.004515067449477629,0.0,0.0
BC,SA,2042-01-01T00:00:00,M,44,513.5992349547305,69700.0,50100.0,0.007368712122736449,90317.80788306842,8511.75546986165,0.005686577730270767,0.0,0.0
BC,SA,2042-01-01T00:00:00,M,45,320.62949692676193,69700.0,50500.0,0.00460013625432944,90317.80788306842,8511.75546986165,0.0035500141604618072,0.0,0.0
BC,SA,2042-01-01T00:00:00,M,46,327.80108173337794,69700.0,50800.0,0.004703028432329669,90317.80788306842,8511.75546986165,0.0036294180451962644,0.0,0.0
BC,SA,2042-01-01T00:00:00,M,47,335.16549175645923,69700.0,50999.99999999999,0.00480868711271821,90317.80788306842,8511.75546986165,0.003710956893355818,0.0,0.0
BC,SA,2042-01-01T00:00:00,M,48,241.56551977355412,69700.0,50600.0,0.0034657893798214364,90317.80788306842,8511.75546986165,0.00267461672770337,0.0,0.0
BC,SA,2042-01-01T00:00:00,M,49,248.3379448712658,69700.0,50200.0,0.003562954732729782,90317.80788306842,8511.75546986165,0.0027496011106999075,0.0,0.0
BC,SA,2042-01-01T00:00:00,M,50,155.98328377472353,69700.0,49899.99999999999,0.00223792372704051,90317.80788306842,8511.75546986165,0.001727049044156055,0.0,0.0
BC,SA,2042-01-01T00:00:00,M,51,163.97888595639233,69700.0,49600.0,0.002352638249015672,90317.80788306842,8511.75546986165,0.0018155764604992468,0.0,0.0
BC,SA,2042-01-01T00:00:00,M,52,172.2574611379314,69700.0,49199.99999999999,0.0024714126418641518,90317.80788306842,8511.75546986165,0.0019072369577541964,0.0,0.0
BC,SA,2042-01-01T00:00:00,M,53,177.77363396617147,69700.0,47900.0,0.0025505542893281418,90317.80788306842,8511.75546986165,0.0019683120984992164,0.0,0.0
BC,SA,2042-01-01T00:00:00,M,54,181.8698390924983,69700.0,46199.99999999999,0.002609323372919631,90317.80788306842,8511.75546986165,0.002013665337493126,0.0,0.0
BC,SA,2042-01-01T00:00:00,M,55,189.89194858610426,69700.0,45300.0,0.002724418200661467,90317.80788306842,8511.75546986165,0.002102486243155406,0.0,0.0
BC,SA,2042-01-01T00:00:00,M,56,201.2469811402334,69700.0,45100.0,0.0028873311497881406,90317.80788306842,8511.75546986165,0.0022282093183747485,0.0,0.0
BC,SA,2042-01-01T00:00:00,M,57,209.22829105966957,69700.0,44000.0,0.00300184061778579,90317.80788306842,8511.75546986165,0.0023165784905956836,0.0,0.0
BC,SA,2042-01-01T00:00:00,M,58,217.34912324577454,69700.0,42800.0,0.003118351839968071,90317.80788306842,8511.75546986165,0.002406492455254998,0.0,0.0
BC,SA,2042-01-01T00:00:00,M,59,225.404963708781,69700.0,41499.99999999999,0.003233930612751521,90317.80788306842,8511.75546986165,0.002495686830670266,0.0,0.0
BC,SA,2042-01-01T00:00:00,M,60,234.63911308020033,69700.0,40300.0,0.0033664148218106216,90317.80788306842,8511.75546986165,0.002597927458380966,0.0,0.0
BC,SA,2042-01-01T00:00:00,M,61,342.86659087640874,69700.0,39000.0,0.0049191763396902255,90317.80788306842,8511.75546986165,0.0037962235677852937,0.0,0.0
BC,SA,2042-01-01T00:00:00,M,62,251.6120358376793,69700.0,37500.0,0.0036099287781589566,90317.80788306842,8511.75546986165,0.002785851890509049,0.0,0.0
BC,SA,2042-01-01T00:00:00,M,63,258.5205499640142,69700.0,35800.0,0.003709046627891165,90317.80788306842,8511.75546986165,0.0028623430530855276,0.0,0.0
BC,SA,2042-01-01T00:00:00,M,64,268.3470001991591,69700.0,34500.0,0.0038500286972619666,90317.80788306842,8511.75546986165,0.002971141644033028,0.0,0.0
BC,SA,2042-01-01T00:00:00,M,65,285.44885322092887,69700.0,34000.0,0.004095392442194101,90317.80788306842,8511.75546986165,0.003160493593804783,0.0,0.0
BC,SA,2042-01-01T00:00:00,M,66,303.05359634377965,69700.0,33400.0,0.004347971253138876,90317.80788306842,8511.75546986165,0.0033554135496305826,0.0,0.0
BC,SA,2042-01-01T00:00:00,M,67,225.27538829600962,69700.0,32999.99999999999,0.00323207156809196,90317.80788306842,8511.75546986165,0.0024942521699338237,0.0,0.0
BC,SA,2042-01-01T00:00:00,M,68,246.33426215605868,69700.0,32399.999999999996,0.0035342074914786036,90317.80788306842,8511.75546986165,0.00272741630836501,0.0,0.0
BC,SA,2042-01-01T00:00:00,M,69,272.5313577712659,69700.0,32100.0,0.0039100625218259095,90317.80788306842,8511.75546986165,0.003017470908108216,0.0,0.0
BC,SA,2042-01-01T00:00:00,M,70,208.87862181324817,69700.0,32299.999999999996,0.002996823842370849,90317.80788306842,8511.75546986165,0.002312706947932977,0.0,0.0
BC,SA,2042-01-01T00:00:00,M,71,261.6545261530264,69700.0,33499.99999999999,0.003754010418264367,90317.80788306842,8511.75546986165,0.002897042480169383,0.0,0.0
BC,SA,2042-01-01T00:00:00,M,72,100.70525333844853,69700.0,33100.0,0.0014448386418715715,90317.80788306842,8511.75546986165,0.0011150099376728497,0.0,0.0
BC,SA,2042-01-01T00:00:00,M,73,130.51821685259347,69700.0,32100.0,0.0018725712604389306,90317.80788306842,8511.75546986165,0.0014450994760808547,0.0,0.0
BC,SA,2042-01-01T00:00:00,M,74,60.843337499914924,69700.0,30899.999999999996,0.0008729316714478468,90317.80788306842,8511.75546986165,0.0006736582621523193,0.0,0.0
BC,SA,2042-01-01T00:00:00,M,75,97.03558782825712,69700.0,30000.0,0.001392189208439844,90317.80788306842,8511.75546986165,0.0010743793511229368,0.0,0.0
BC,SA,2042-01-01T00:00:00,M,76,165.89504507723177,69700.0,30499.999999999996,0.0023801297715528233,90317.80788306842,8511.75546986165,0.0018367922004042744,0.0,0.0
BC,SA,2042-01-01T00:00:00,M,77,53.128814283467364,69700.0,31199.999999999996,0.0007622498462477383,90317.80788306842,8511.75546986165,0.0005882429559434341,0.0,0.0
BC,SA,2042-01-01T00:00:00,M,78,36.944460374172195,69700.0,31400.0,0.0005300496466882667,90317.80788306842,8511.75546986165,0.00040904956885139425,0.0,0.0
BC,SA,2042-01-01T00:00:00,M,79,11.427810953126027,69700.0,30899.999999999996,0.00016395711553982822,90317.80788306842,8511.75546986165,0.00012652887864507572,0.0,0.0
BC,SA,2042-01-01T00:00:00,M,80,-59.805725111724314,69700.0,28699.999999999996,-0.000858044836610105,90317.80788306842,8511.75546986165,0.0,0.007026250380839053,0.002083823174624541
BC,SA,2042-01-01T00:00:00,M,81,1.5058156094710284,69700.0,27600.0,2.1604241168881325e-05,90317.80788306842,8511.75546986165,1.6672410953779567e-05,0.0,0.0
BC,SA,2042-01-01T00:00:00,M,82,-48.48166719157598,69700.0,25999.999999999996,-0.0006955762868231848,90317.80788306842,8511.75546986165,0.0,0.005695848214065765,0.0018646795073683073
BC,SA,2042-01-01T00:00:00,M,83,-114.77069189332542,69700.0,24000.0,-0.001646638334194052,90317.80788306842,8511.75546986165,0.0,0.013483786311731404,0.004782112162221893
BC,SA,2042-01-01T00:00:00,M,84,-155.82867522536253,69700.0,22600.0,-0.0022357055269062055,90317.80788306842,8511.75546986165,0.0,0.01830746615984439,0.006895074125016041
BC,SA,2042-01-01T00:00:00,M,85,-243.1726790913308,69700.0,20300.0,-0.0034888476196747605,90317.80788306842,8511.75546986165,0.0,0.02856903960086195,0.01197894970893255
BC,SA,2042-01-01T00:00:00,M,86,-210.81089255308325,69700.0,18600.0,-0.0030245465215650393,90317.80788306842,8511.75546986165,0.0,0.024767028763869055,0.01133391895446684
BC,SA,2042-01-01T00:00:00,M,87,-203.9442758547193,69700.0,16600.0,-0.002926029782707594,90317.80788306842,8511.75546986165,0.0,0.023960307198302798,0.012285799750284297
BC,SA,2042-01-01T00:00:00,M,88,-232.23281789061366,69700.0,14299.999999999998,-0.003331891217942807,90317.80788306842,8511.75546986165,0.0,0.027283774623566386,0.01624005719514781
BC,SA,2042-01-01T00:00:00,M,89,-248.88659633565658,69700.0,12400.0,-0.0035708263462791473,90317.80788306842,8511.75546986165,0.0,0.029240336757430603,0.020071499704488432
BC,SA,2042-01-01T00:00:00,M,90,-194.01089603759283,69700.0,10500.0,-0.0027835135729927236,90317.80788306842,8511.75546986165,0.0,0.02279328826169231,0.01847722819405646
BC,SA,2042-01-01T00:00:00,M,91,-234.2920674543766,69700.0,8800.0,-0.003361435688011142,90317.80788306842,8511.75546986165,0.0,0.027525704689703074,0.026624098574360978
BC,SA,2042-01-01T00:00:00,M,92,-179.76209536938495,69700.0,7400.0,-0.0025790831473369432,90317.80788306842,8511.75546986165,0.0,0.021119273927203974,0.024292175049916886
BC,SA,2042-01-01T00:00:00,M,93,-170.74149368560484,69700.0,5900.0,-0.0024496627501521496,90317.80788306842,8511.75546986165,0.0,0.02005949234445995,0.028939236217899126
BC,SA,2042-01-01T00:00:00,M,94,-227.64356909367052,69700.0,4800.0,-0.0032660483370684436,90317.80788306842,8511.75546986165,0.0,0.02674460866500558,0.04742574356118136
BC,SA,2042-01-01T00:00:00,M,95,-229.66225129744635,69700.0,3700.0,-0.003295010779016447,90317.80788306842,8511.75546986165,0.0,0.026981772691970825,0.062070878729039554
BC,SA,2042-01-01T00:00:00,M,96,-145.85471886024652,69700.0,2399.9999999999995,-0.002092607157248874,90317.80788306842,8511.75546986165,0.0,0.017135680104613867,0.06077279952510273
BC,SA,2042-01-01T00:00:00,M,97,-69.78118536853185,69700.0,1700.0,-0.0010011647829057655,90317.80788306842,8511.75546986165,0.0,0.008198213120150417,0.041047756099136384
BC,SA,2042-01-01T00:00:00,M,98,-58.987701635346866,69700.0,1199.9999999999998,-0.0008463084883120066,90317.80788306842,8511.75546986165,0.0,0.00693014523786662,0.04915641802945573
BC,SA,2042-01-01T00:00:00,M,99,-45.47630868395743,69700.0,799.9999999999999,-0.000652457800343722,90317.80788306842,8511.75546986165,0.0,0.005342764937853249,0.05684538585494679
BC,SA,2042-01-01T00:00:00,M,100,775.1272013062553,69700.0,1300.0,0.011120906761926189,90317.80788306842,8511.75546986165,0.008582218938592793,0.0,0.0
BC,SA,2043-01-01T00:00:00,F,1,490.04318215043895,71500.0,34400.00000000001,0.006853750799306838,91292.16505454852,9475.316841263711,0.005367855848939834,0.0,0.0
BC,SA,2043-01-01T00:00:00,F,2,403.9345400213424,71500.0,34000.0,0.005649434126172621,91292.16505454852,9475.316841263711,0.004424635342802803,0.0,0.0
BC,SA,2043-01-01T00:00:00,F,3,403.11013973919034,71500.0,33600.0,0.005637904052296369,91292.16505454852,9475.316841263711,0.004415604991932502,0.0,0.0
BC,SA,2043-01-01T00:00:00,F,4,402.560545579312,71500.0,33200.0,0.005630217420689678,91292.16505454852,9475.316841263711,0.004409584824051174,0.0,0.0
BC,SA,2043-01-01T00:00:00,F,5,502.2834083505404,71500.0,33000.0,0.007024942774133432,91292.16505454852,9475.316841263711,0.005501933359236448,0.0,0.0
BC,SA,2043-01-01T00:00:00,F,6,502.01720144767023,71500.0,32800.0,0.0070212196006667164,91292.16505454852,9475.316841263711,0.005499017370742681,0.0,0.0
BC,SA,2043-01-01T00:00:00,F,7,501.7595828517624,71500.0,32699.999999999996,0.007017616543381292,91292.16505454852,9475.316841263711,0.005496195457210956,0.0,0.0
BC,SA,2043-01-01T00:00:00,F,8,401.5035266806917,71500.0,32499.999999999996,0.005615433939590094,91292.16505454852,9475.316841263711,0.004398006405487119,0.0,0.0
BC,SA,2043-01-01T00:00:00,F,9,401.49884279695107,71500.0,32400.0,0.005615368430726588,91292.16505454852,9475.316841263711,0.004397955098962207,0.0,0.0
BC,SA,2043-01-01T00:00:00,F,10,501.4941589132104,71500.0,32400.0,0.007013904320464481,91292.16505454852,9475.316841263711,0.005493288045185035,0.0,0.0
BC,SA,2043-01-01T00:00:00,F,11,401.4941589132104,71500.0,32300.000000000004,0.005615302921863082,91292.16505454852,9475.316841263711,0.004397903792437295,0.0,0.0
BC,SA,2043-01-01T00:00:00,F,12,401.7431892227105,71500.0,32300.000000000004,0.005618785863254692,91292.16505454852,9475.316841263711,0.004400631631232128,0.0,0.0
BC,SA,2043-01-01T00:00:00,F,13,401.99222062478657,71500.0,32300.000000000004,0.005622268819927085,91292.16505454852,9475.316841263711,0.004403359481994866,0.0,0.0
BC,SA,2043-01-01T00:00:00,F,14,702.2412531194495,71500.0,32600.0,0.009821555987684609,91292.16505454852,9475.316841263711,0.00769224010296885,0.0,0.0
BC,SA,2043-01-01T00:00:00,F,15,1303.0070929405993,71500.0,33400.0,0.018223875425742646,91292.16505454852,9475.316841263711,0.014272934508257437,0.0,0.0
BC,SA,2043-01-01T00:00:00,F,16,2304.3662656524757,71500.0,35200.0,0.03222889882031434,91292.16505454852,9475.316841263711,0.02524166519958838,0.0,0.0
BC,SA,2043-01-01T00:00:00,F,17,1906.482751073796,71500.0,36500.0,0.02666409442061253,91292.16505454852,9475.316841263711,0.020883311836614262,0.0,0.0
BC,SA,2043-01-01T00:00:00,F,18,2608.4080139776706,71500.0,38500.0,0.036481230964722666,91292.16505454852,9475.316841263711,0.02857209063252148,0.0,0.0
BC,SA,2043-01-01T00:00:00,F,19,5110.651852621726,71500.0,43000.00000000001,0.07147764828841575,91292.16505454852,9475.316841263711,0.05598127560637904,0.0,0.0
BC,SA,2043-01-01T00:00:00,F,20,2913.5398055117694,71500.0,45200.0,0.04074880846869607,91292.16505454852,9475.316841263711,0.03191445622711306,0.0,0.0
BC,SA,2043-01-01T00:00:00,F,21,815.6689316311531,71500.0,45400.0,0.011407957085750393,91292.16505454852,9475.316841263711,0.008934709031643383,0.0,0.0
BC,SA,2043-01-01T00:00:00,F,22,-283.6611081512019,71500.0,43300.0,-0.0039672882258909355,91292.16505454852,9475.316841263711,0.0,0.029936846746474642,0.006551064853376488
BC,SA,2043-01-01T00:00:00,F,23,17.280552962212823,71500.0,43400.0,0.00024168605541556397,91292.16505454852,9475.316841263711,0.00018928845593581243,0.0,0.0
BC,SA,2043-01-01T00:00:00,F,24,318.04105764755514,71500.0,43900.0,0.004448126680385386,91292.16505454852,9475.316841263711,0.0034837716627436816,0.0,0.0
BC,SA,2043-01-01T00:00:00,F,25,718.2893290830834,71500.0,44900.0,0.010046004602560608,91292.16505454852,9475.316841263711,0.007868028199943491,0.0,0.0
BC,SA,2043-01-01T00:00:00,F,26,518.6203576637708,71500.0,45500.00000000001,0.007253431575717075,91292.16505454852,9475.316841263711,0.005680885729392954,0.0,0.0
BC,SA,2043-01-01T00:00:00,F,27,719.1403643600861,71500.0,46100.0,0.010057907193847358,91292.16505454852,9475.316841263711,0.007877350306353106,0.0,0.0
BC,SA,2043-01-01T00:00:00,F,28,719.6666191877885,71500.0,46500.00000000001,0.01006526740122781,91292.16505454852,9475.316841263711,0.007883114818865082,0.0,0.0
BC,SA,2043-01-01T00:00:00,F,29,920.6043677789858,71500.0,47199.99999999999,0.012875585563342458,91292.16505454852,9475.316841263711,0.010084155274758902,0.0,0.0
BC,SA,2043-01-01T00:00:00,F,30,921.6038029064221,71500.0,47799.99999999999,0.012889563677012895,91292.16505454852,9475.316841263711,0.01009510292976127,0.0,0.0
BC,SA,2043-01-01T00:00:00,F,31,922.8960750946644,71500.0,48200.0,0.01290763741391139,91292.16505454852,9475.316841263711,0.010109258275813915,0.0,0.0
BC,SA,2043-01-01T00:00:00,F,32,624.5280436345565,71500.0,48200.00000000001,0.00873465795293086,91292.16505454852,9475.316841263711,0.006840981843966468,0.0,0.0
BC,SA,2043-01-01T00:00:00,F,33,626.3427379337882,71500.0,48800.0,0.008760038292780254,91292.16505454852,9475.316841263711,0.006860859719555763,0.0,0.0
BC,SA,2043-01-01T00:00:00,F,34,828.3417865121737,71500.0,49199.99999999999,0.011585199811359073,91292.16505454852,9475.316841263711,0.009073525488383657,0.0,0.0
BC,SA,2043-01-01T00:00:00,F,35,730.481418276031,71500.0,49500.0,0.010216523332531903,91292.16505454852,9475.316841263711,0.008001578425043999,0.0,0.0
BC,SA,2043-01-01T00:00:00,F,36,732.8094095608685,71500.0,49000.0,0.010249082651200959,91292.16505454852,9475.316841263711,0.008027078874983447,0.0,0.0
BC,SA,2043-01-01T00:00:00,F,37,635.0828164937702,71500.0,48400.00000000001,0.008882277153759024,91292.16505454852,9475.316841263711,0.006956597163779588,0.0,0.0
BC,SA,2043-01-01T00:00:00,F,38,437.5382219924213,71500.0,48000.00000000001,0.006119415692201697,91292.16505454852,9475.316841263711,0.004792724783457433,0.0,0.0
BC,SA,2043-01-01T00:00:00,F,39,539.396982021557,71500.0,48100.0,0.007544013734567231,91292.16505454852,9475.316841263711,0.005908469600860696,0.0,0.0
BC,SA,2043-01-01T00:00:00,F,40,440.56240833352786,71500.0,47200.0,0.006161712004664725,91292.16505454852,9475.316841263711,0.004825851244411663,0.0,0.0
BC,SA,2043-01-01T00:00:00,F,41,441.5755060296724,71500.0,46700.000000000015,0.006175881203212202,91292.16505454852,9475.316841263711,0.00483694855704018,0.0,0.0
BC,SA,2043-01-01T00:00:00,F,42,344.6945492752784,71500.0,48400.00000000001,0.004820902787066831,91292.16505454852,9475.316841263711,0.0037757298128412,0.0,0.0
BC,SA,2043-01-01T00:00:00,F,43,447.2537794703021,71500.0,49600.0,0.00625529761496926,91292.16505454852,9475.316841263711,0.004899147470136795,0.0,0.0
BC,SA,2043-01-01T00:00:00,F,44,349.37510352571553,71500.0,49700.0,0.004886365084275742,91292.16505454852,9475.316841263711,0.003826999867041803,0.0,0.0
BC,SA,2043-01-01T00:00:00,F,45,351.69024203011213,71500.0,49700.0,0.004918744643777792,91292.16505454852,9475.316841263711,0.0038523595296482633,0.0,0.0
BC,SA,2043-01-01T00:00:00,F,46,354.0610023770496,71500.0,49400.00000000001,0.004951902131147547,91292.16505454852,9475.316841263711,0.0038783284651590037,0.0,0.0
BC,SA,2043-01-01T00:00:00,F,47,257.7858997469666,71500.0,50200.0,0.003605397199258274,91292.16505454852,9475.316841263711,0.0028237461516323493,0.0,0.0
BC,SA,2043-01-01T00:00:00,F,48,160.9333110978696,71500.0,49800.0,0.002250815539830344,91292.16505454852,9475.316841263711,0.0017628381471915951,0.0,0.0
BC,SA,2043-01-01T00:00:00,F,49,264.29417939697305,71500.0,49499.99999999999,0.0036964220894681547,91292.16505454852,9475.316841263711,0.0028950368220433055,0.0,0.0
BC,SA,2043-01-01T00:00:00,F,50,168.91593520893366,71500.0,49400.0,0.0023624606322927783,91292.16505454852,9475.316841263711,0.0018502785546602352,0.0,0.0
BC,SA,2043-01-01T00:00:00,F,51,174.45901807583869,71500.0,49500.00000000001,0.0024399862667949467,91292.16505454852,9475.316841263711,0.0019109966115010708,0.0,0.0
BC,SA,2043-01-01T00:00:00,F,52,179.923736808807,71500.0,49300.00000000001,0.002516415899423874,91292.16505454852,9475.316841263711,0.001970856279958962,0.0,0.0
BC,SA,2043-01-01T00:00:00,F,53,185.72484168723895,71500.0,49100.0,0.0025975502333879575,91292.16505454852,9475.316841263711,0.002034400669282686,0.0,0.0
BC,SA,2043-01-01T00:00:00,F,54,190.5379443783022,71500.0,48000.00000000001,0.0026648663549412896,91292.16505454852,9475.316841263711,0.0020871226382291708,0.0,0.0
BC,SA,2043-01-01T00:00:00,F,55,195.97827686784876,71500.0,47000.0,0.002740954921228654,91292.16505454852,9475.316841263711,0.002146715183616783,0.0,0.0
BC,SA,2043-01-01T00:00:00,F,56,301.8241542950054,71500.0,46100.00000000001,0.0042213168432867895,91292.16505454852,9475.316841263711,0.003306134257136532,0.0,0.0
BC,SA,2043-01-01T00:00:00,F,57,309.95363258735597,71500.0,45900.0,0.0043350158403826005,91292.16505454852,9475.316841263711,0.0033951832821814856,0.0,0.0
BC,SA,2043-01-01T00:00:00,F,58,316.8939228315212,71500.0,44999.99999999999,0.004432082836804492,91292.16505454852,9475.316841263711,0.0034712061286110594,0.0,0.0
BC,SA,2043-01-01T00:00:00,F,59,325.3499011446547,71500.0,44399.99999999999,0.004550348267757408,91292.16505454852,9475.316841263711,0.003563831583468888,0.0,0.0
BC,SA,2043-01-01T00:00:00,F,60,234.28004605380556,71500.0,43500.00000000001,0.003276644000752525,91292.16505454852,9475.316841263711,0.00256626673180354,0.0,0.0
BC,SA,2043-01-01T00:00:00,F,61,243.80205269069847,71500.0,42800.0,0.0034098189187510277,91292.16505454852,9475.316841263711,0.0026705692930496594,0.0,0.0
BC,SA,2043-01-01T00:00:00,F,62,351.640849380703,71500.0,41400.0,0.004918053837492349,91292.16505454852,9475.316841263711,0.0038518184903446207,0.0,0.0
BC,SA,2043-01-01T00:00:00,F,63,262.20055045928166,71500.0,40400.00000000001,0.0036671405658640793,91292.16505454852,9475.316841263711,0.002872103540348864,0.0,0.0
BC,SA,2043-01-01T00:00:00,F,64,270.1583219012973,71500.0,38700.0,0.003778438068549613,91292.16505454852,9475.316841263711,0.0029592717155943605,0.0,0.0
BC,SA,2043-01-01T00:00:00,F,65,180.67512926908967,71500.0,37400.0,0.002526924884882373,91292.16505454852,9475.316841263711,0.0019790869146452316,0.0,0.0
BC,SA,2043-01-01T00:00:00,F,66,95.59223039490462,71500.0,36800.0,0.0013369542712574072,91292.16505454852,9475.316841263711,0.0010471022385961243,0.0,0.0
BC,SA,2043-01-01T00:00:00,F,67,114.36977885354281,71500.0,36700.0,0.0015995773266229763,91292.16505454852,9475.316841263711,0.001252788547464123,0.0,0.0
BC,SA,2043-01-01T00:00:00,F,68,131.50058710032317,71500.0,36000.0,0.0018391690503541704,91292.16505454852,9475.316841263711,0.0014404367233677663,0.0,0.0
BC,SA,2043-01-01T00:00:00,F,69,251.726911717873,71500.0,35600.00000000001,0.0035206561079422797,91292.16505454852,9475.316841263711,0.0027573769508857874,0.0,0.0
BC,SA,2043-01-01T00:00:00,F,70,277.6803576767197,71500.0,35599.99999999999,0.0038836413661079683,91292.16505454852,9475.316841263711,0.0030416669109643887,0.0,0.0
BC,SA,2043-01-01T00:00:00,F,71,208.4392630371949,71500.0,35700.0,0.002915234448072656,91292.16505454852,9475.316841263711,0.002283210863852874,0.0,0.0
BC,SA,2043-01-01T00:00:00,F,72,57.511169827441336,71500.0,37199.99999999999,0.00080435202555862,91292.16505454852,9475.316841263711,0.0006299682978608022,0.0,0.0
BC,SA,2043-01-01T00:00:00,F,73,191.8520038771967,71500.0,36900.0,0.0026832448094712825,91292.16505454852,9475.316841263711,0.0021015166390517966,0.0,0.0
BC,SA,2043-01-01T00:00:00,F,74,128.8341611578071,71500.0,36300.0,0.00180187637982947,91292.16505454852,9475.316841263711,0.0014112291134822648,0.0,0.0
BC,SA,2043-01-01T00:00:00,F,75,155.48293524332985,71500.0,34700.00000000001,0.002174586506899718,91292.16505454852,9475.316841263711,0.0017031355883654017,0.0,0.0
BC,SA,2043-01-01T00:00:00,F,76,89.32331893431547,71500.0,33400.0,0.001249277187892524,91292.16505454852,9475.316841263711,0.0009784335696381324,0.0,0.0
BC,SA,2043-01-01T00:00:00,F,77,-43.76989722088183,71500.0,33900.0,-0.000612166394697648,91292.16505454852,9475.316841263711,0.0,0.004619359748506763,0.0012911474106454817
BC,SA,2043-01-01T00:00:00,F,78,-67.0120094190861,71500.0,34500.00000000001,-0.0009372309009662392,91292.16505454852,9475.316841263711,0.0,0.007072271095701828,0.0019423770846111908
BC,SA,2043-01-01T00:00:00,F,79,22.92959326356504,71500.0,35300.0,0.0003206936120778327,91292.16505454852,9475.316841263711,0.0002511671538281981,0.0,0.0
BC,SA,2043-01-01T00:00:00,F,80,-107.1878559716788,71500.0,34400.00000000001,-0.0014991308527507524,91292.16505454852,9475.316841263711,0.0,0.0113123241963678,0.0031159260456883366
BC,SA,2043-01-01T00:00:00,F,81,-264.78837036042023,71500.0,32100.0,-0.0037033338511946886,91292.16505454852,9475.316841263711,0.0,0.027945067673864267,0.008248858889732718
BC,SA,2043-01-01T00:00:00,F,82,-191.45776622244375,71500.0,31100.000000000004,-0.0026777309961180944,91292.16505454852,9475.316841263711,0.0,0.020205948722334152,0.0061561982708181265
BC,SA,2043-01-01T00:00:00,F,83,-224.11298803802492,71500.0,29600.000000000004,-0.0031344473851472017,91292.16505454852,9475.316841263711,0.0,0.0236522948828522,0.0075713847310143545
BC,SA,2043-01-01T00:00:00,F,84,-266.49357016017166,71500.0,27700.000000000004,-0.00372718279944296,91292.16505454852,9475.316841263711,0.0,0.028125029972573427,0.009620706503977314
BC,SA,2043-01-01T00:00:00,F,85,-300.2957906211959,71500.0,26000.0,-0.0041999411275691735,91292.16505454852,9475.316841263711,0.0,0.03169242735118352,0.011549838100815227
BC,SA,2043-01-01T00:00:00,F,86,-254.52026049288907,71500.0,23899.999999999996,-0.0035597239229774695,91292.16505454852,9475.316841263711,0.0,0.026861398384536134,0.010649383284221301
BC,SA,2043-01-01T00:00:00,F,87,-108.29784877179554,71500.0,22000.0,-0.00151465522757756,91292.16505454852,9475.316841263711,0.0,0.011429469914945027,0.00492262948962707
BC,SA,2043-01-01T00:00:00,F,88,-349.93036565092916,71500.0,20000.0,-0.004894130988124883,91292.16505454852,9475.316841263711,0.0,0.0369307297595612,0.017496518282546458
BC,SA,2043-01-01T00:00:00,F,89,-340.8359585599428,71500.0,17600.0,-0.0047669364833558435,91292.16505454852,9475.316841263711,0.0,0.03597092997203521,0.019365679463633115
BC,SA,2043-01-01T00:00:00,F,90,-356.9089211573937,71500.0,15100.000000000002,-0.004991733163040472,91292.16505454852,9475.316841263711,0.0,0.037667228139865894,0.02363635239452938
BC,SA,2043-01-01T00:00:00,F,91,-381.3653202399528,71500.0,12800.0,-0.005333780702656683,91292.16505454852,9475.316841263711,0.0,0.040248292128782316,0.02979416564374631
BC,SA,2043-01-01T00:00:00,F,92,-308.6419360622058,71500.0,10900.000000000002,-0.004316670434436444,91292.16505454852,9475.316841263711,0.0,0.032573257573626696,0.028315773950661077
BC,SA,2043-01-01T00:00:00,F,93,-338.40060480668944,71500.0,9200.0,-0.0047328755917019506,91292.16505454852,9475.316841263711,0.0,0.03571390914686895,0.03678267443550972
BC,SA,2043-01-01T00:00:00,F,94,-237.60053169545972,71500.0,7400.0,-0.003323084359377059,91292.16505454852,9475.316841263711,0.0,0.025075734740683482,0.032108179958845906
BC,SA,2043-01-01T00:00:00,F,95,-215.6117166836666,71500.0,6000.0,-0.003015548485086246,91292.16505454852,9475.316841263711,0.0,0.022755093079812064,0.035935286113944434
BC,SA,2043-01-01T00:00:00,F,96,-206.48816158152022,71500.0,4800.0,-0.0028879463158254575,91292.16505454852,9475.316841263711,0.0,0.02179221708790702,0.04301836699615005
BC,SA,2043-01-01T00:00:00,F,97,-145.95878432938161,71500.0,3100.0,-0.0020413815990123303,91292.16505454852,9475.316841263711,0.0,0.01540410592854806,0.04708347881592955
BC,SA,2043-01-01T00:00:00,F,98,-163.48702186913624,71500.0,2200.0,-0.002286531774393514,91292.16505454852,9475.316841263711,0.0,0.017253989983445468,0.0743122826677892
BC,SA,2043-01-01T00:00:00,F,99,-73.1332281783059,71500.0,1600.0,-0.0010228423521441384,91292.16505454852,9475.316841263711,0.0,0.007718288412248198,0.045708267611441186
BC,SA,2043-01-01T00:00:00,F,100,1733.5892916586029,71500.0,2900.0000000000005,0.0242460040791413,91292.16505454852,9475.316841263711,0.01898946410814943,0.0,0.0
BC,SA,2043-01-01T00:00:00,M,1,594.0846321627978,71500.0,36199.99999999999,0.008308875974304865,91292.16505454852,9475.316841263711,0.006507509508705624,0.0,0.0
BC,SA,2043-01-01T00:00:00,M,2,506.0052685261835,71500.0,35900.0,0.007076996762603965,91292.16505454852,9475.316841263711,0.005542702029509732,0.0,0.0
BC,SA,2043-01-01T00:00:00,M,3,604.1302979404136,71500.0,35600.0,0.008449374796369421,91292.16505454852,9475.316841263711,0.006617548149717297,0.0,0.0
BC,SA,2043-01-01T00:00:00,M,4,602.8152036303509,71500.0,35300.0,0.008430981868955956,91292.16505454852,9475.316841263711,0.006603142813736088,0.0,0.0
BC,SA,2043-01-01T00:00:00,M,5,702.2900606192488,71500.0,35200.0,0.009822238610059424,91292.16505454852,9475.316841263711,0.007692774732635812,0.0,0.0
BC,SA,2043-01-01T00:00:00,M,6,701.7811489089581,71500.0,35200.0,0.009815120963761652,91292.16505454852,9475.316841263711,0.007687200193900898,0.0,0.0
BC,SA,2043-01-01T00:00:00,M,7,601.5266950575096,71500.0,35100.0,0.0084129607700351,91292.16505454852,9475.316841263711,0.0065890286937338805,0.0,0.0
BC,SA,2043-01-01T00:00:00,M,8,601.5266950575096,71500.0,35100.0,0.0084129607700351,91292.16505454852,9475.316841263711,0.0065890286937338805,0.0,0.0
BC,SA,2043-01-01T00:00:00,M,9,601.5266950575096,71500.0,35100.0,0.0084129607700351,91292.16505454852,9475.316841263711,0.0065890286937338805,0.0,0.0
BC,SA,2043-01-01T00:00:00,M,10,701.5266950575096,71500.0,35200.0,0.009811562168636498,91292.16505454852,9475.316841263711,0.007684412946481621,0.0,0.0
BC,SA,2043-01-01T00:00:00,M,11,501.53554546364467,71500.0,35200.0,0.007014483153337687,91292.16505454852,9475.316841263711,0.005493741386941247,0.0,0.0
BC,SA,2043-01-01T00:00:00,M,12,502.04740469966055,71500.0,35200.0,0.007021642023771476,91292.16505454852,9475.316841263711,0.0054993482124088,0.0,0.0
BC,SA,2043-01-01T00:00:00,M,13,602.3033363329887,71500.0,35300.0,0.008423822885776066,91292.16505454852,9475.316841263711,0.006597535899965817,0.0,0.0
BC,SA,2043-01-01T00:00:00,M,14,903.0711392943995,71500.0,35600.0,0.012630365584537055,91292.16505454852,9475.316841263711,0.009892099050940463,0.0,0.0
BC,SA,2043-01-01T00:00:00,M,15,1404.1302979404136,71500.0,36400.0,0.01963818598518061,91292.16505454852,9475.316841263711,0.015380622171699219,0.0,0.0
BC,SA,2043-01-01T00:00:00,M,16,2006.3371902010404,71500.0,37800.0,0.028060660002811752,91292.16505454852,9475.316841263711,0.021977101638483675,0.0,0.0
BC,SA,2043-01-01T00:00:00,M,17,1809.329013696799,71500.0,39000.0,0.02530530089086432,91292.16505454852,9475.316841263711,0.019819105096430742,0.0,0.0
BC,SA,2043-01-01T00:00:00,M,18,2712.7458895984237,71500.0,41100.0,0.03794050195242551,91292.16505454852,9475.316841263711,0.029714991291722732,0.0,0.0
BC,SA,2043-01-01T00:00:00,M,19,5416.986203235632,71500.0,45799.99999999999,0.07576204480049835,91292.16505454852,9475.316841263711,0.05933681384376082,0.0,0.0
BC,SA,2043-01-01T00:00:00,M,20,3622.9551116378425,71500.0,48700.0,0.05067070086206773,91292.16505454852,9475.316841263711,0.03968527977700024,0.0,0.0
BC,SA,2043-01-01T00:00:00,M,21,1228.6212100337434,71500.0,49100.0,0.017183513427045362,91292.16505454852,9475.316841263711,0.013458123260628365,0.0,0.0
BC,SA,2043-01-01T00:00:00,M,22,-67.61781960395456,71500.0,47100.0,-0.0009457037706846792,91292.16505454852,9475.316841263711,0.0,0.00713620670809531,0.0014356224968992476
BC,SA,2043-01-01T00:00:00,M,23,-163.63317689553514,71500.0,47200.0,-0.002288575900636855,91292.16505454852,9475.316841263711,0.0,0.017269414800245516,0.0034668045952443885
BC,SA,2043-01-01T00:00:00,M,24,-160.7352084715967,71500.0,46900.0,-0.0022480448737286253,91292.16505454852,9475.316841263711,0.0,0.016963570840356157,0.003427189946089482
BC,SA,2043-01-01T00:00:00,M,25,141.35029912101163,71500.0,47200.0,0.001976927260433729,91292.16505454852,9475.316841263711,0.001548328917783389,0.0,0.0
BC,SA,2043-01-01T00:00:00,M,26,243.8047545668378,71500.0,47699.99999999999,0.0034098567072285008,91292.16505454852,9475.316841263711,0.0026705988889754186,0.0,0.0
BC,SA,2043-01-01T00:00:00,M,27,646.2586710326505,71500.0,48100.0,0.00903858281164546,91292.16505454852,9475.316841263711,0.007079015714508476,0.0,0.0
BC,SA,2043-01-01T00:00:00,M,28,649.3279957393024,71500.0,48699.99999999999,0.009081510429920314,91292.16505454852,9475.316841263711,0.007112636614010837,0.0,0.0
BC,SA,2043-01-01T00:00:00,M,29,652.5231359508762,71500.0,48700.00000000001,0.009126197705606659,91292.16505454852,9475.316841263711,0.0071476356767416266,0.0,0.0
BC,SA,2043-01-01T00:00:00,M,30,756.4231994390211,71500.0,49100.00000000001,0.010579345446699596,91292.16505454852,9475.316841263711,0.008285740610785672,0.0,0.0
BC,SA,2043-01-01T00:00:00,M,31,760.5849839856528,71500.0,49000.0,0.010637552223575564,91292.16505454852,9475.316841263711,0.008331328143342764,0.0,0.0
BC,SA,2043-01-01T00:00:00,M,32,564.7293218345803,71500.0,48699.99999999999,0.007898312193490634,91292.16505454852,9475.316841263711,0.0061859560620251,0.0,0.0
BC,SA,2043-01-01T00:00:00,M,33,569.3555861275163,71500.0,49200.0,0.007963015190594634,91292.16505454852,9475.316841263711,0.006236631432580411,0.0,0.0
BC,SA,2043-01-01T00:00:00,M,34,773.4611480583699,71500.0,49500.00000000001,0.010817638434382795,91292.16505454852,9475.316841263711,0.008472371616953269,0.0,0.0
BC,SA,2043-01-01T00:00:00,M,35,776.187139567257,71500.0,49400.0,0.010855764189751845,91292.16505454852,9475.316841263711,0.008502231698672858,0.0,0.0
BC,SA,2043-01-01T00:00:00,M,36,777.7345379425387,71500.0,48800.0,0.010877406125070472,91292.16505454852,9475.316841263711,0.008519181656802969,0.0,0.0
BC,SA,2043-01-01T00:00:00,M,37,579.035307004815,71500.0,48099.99999999999,0.008098395902165245,91292.16505454852,9475.316841263711,0.006342661570780277,0.0,0.0
BC,SA,2043-01-01T00:00:00,M,38,581.1593795622757,71500.0,47699.99999999999,0.0081281032106612,91292.16505454852,9475.316841263711,0.0063659283270916375,0.0,0.0
BC,SA,2043-01-01T00:00:00,M,39,484.2962837688465,71500.0,47600.0,0.006773374598165685,91292.16505454852,9475.316841263711,0.005304905229046455,0.0,0.0
BC,SA,2043-01-01T00:00:00,M,40,586.4800565112819,71500.0,47000.0,0.00820251827288506,91292.16505454852,9475.316841263711,0.00642421018453063,0.0,0.0
BC,SA,2043-01-01T00:00:00,M,41,488.89887093690777,71500.0,46199.99999999999,0.006837746446670039,91292.16505454852,9475.316841263711,0.005355321244104387,0.0,0.0
BC,SA,2043-01-01T00:00:00,M,42,497.16666778627405,71500.0,48099.99999999999,0.006953379969038798,91292.16505454852,9475.316841263711,0.005445885388841519,0.0,0.0
BC,SA,2043-01-01T00:00:00,M,43,405.73792070731724,71500.0,49700.0,0.005674656233668773,91292.16505454852,9475.316841263711,0.0044443892908540665,0.0,0.0
BC,SA,2043-01-01T00:00:00,M,44,412.3371279446874,71500.0,50200.0,0.005766952838387236,91292.16505454852,9475.316841263711,0.004516675967738408,0.0,0.0
BC,SA,2043-01-01T00:00:00,M,45,218.33896006747818,71500.0,50200.0,0.003053691749195499,91292.16505454852,9475.316841263711,0.002391650586192333,0.0,0.0
BC,SA,2043-01-01T00:00:00,M,46,325.62634334131144,71500.0,50699.99999999999,0.004554214592186174,91292.16505454852,9475.316841263711,0.0035668596877590155,0.0,0.0
BC,SA,2043-01-01T00:00:00,M,47,333.12880768615287,71500.0,51000.0,0.004659144163442697,91292.16505454852,9475.316841263711,0.0036490405007604224,0.0,0.0
BC,SA,2043-01-01T00:00:00,M,48,240.8132216396698,71500.0,51100.0,0.0033680170858695077,91292.16505454852,9475.316841263711,0.0026378301083754565,0.0,0.0
BC,SA,2043-01-01T00:00:00,M,49,247.56155785083683,71500.0,50700.00000000001,0.0034623994105012143,91292.16505454852,9475.316841263711,0.002711750320555054,0.0,0.0
BC,SA,2043-01-01T00:00:00,M,50,254.55764662992442,71500.0,50300.0,0.003560246806012929,91292.16505454852,9475.316841263711,0.002788384375349431,0.0,0.0
BC,SA,2043-01-01T00:00:00,M,51,262.48648668971146,71500.0,49999.99999999999,0.003671139673981978,91292.16505454852,9475.316841263711,0.002875235640789893,0.0,0.0
BC,SA,2043-01-01T00:00:00,M,52,171.04340903882985,71500.0,49599.99999999999,0.0023922155110325852,91292.16505454852,9475.316841263711,0.0018735825679742472,0.0,0.0
BC,SA,2043-01-01T00:00:00,M,53,179.84983625051245,71500.0,49200.0,0.0025153823251819925,91292.16505454852,9475.316841263711,0.0019700467848807104,0.0,0.0
BC,SA,2043-01-01T00:00:00,M,54,185.72433221731626,71500.0,47900.0,0.0025975431079344933,91292.16505454852,9475.316841263711,0.0020343950886293804,0.0,0.0
BC,SA,2043-01-01T00:00:00,M,55,90.75089521810878,71500.0,46099.99999999999,0.0012692432897637592,91292.16505454852,9475.316841263711,0.0009940710154467656,0.0,0.0
BC,SA,2043-01-01T00:00:00,M,56,199.09899541289633,71500.0,45299.99999999999,0.0027846013344461026,91292.16505454852,9475.316841263711,0.0021808990431318124,0.0,0.0
BC,SA,2043-01-01T00:00:00,M,57,211.23419778074458,71500.0,45100.0,0.002954324444485938,91292.16505454852,9475.316841263711,0.002313826138908293,0.0,0.0
BC,SA,2043-01-01T00:00:00,M,58,320.0842056081092,71500.0,44100.0,0.004476702176337191,91292.16505454852,9475.316841263711,0.0035061519837639274,0.0,0.0
BC,SA,2043-01-01T00:00:00,M,59,228.97261375739618,71500.0,42800.0,0.0032024141784251212,91292.16505454852,9475.316841263711,0.0025081299542034237,0.0,0.0
BC,SA,2043-01-01T00:00:00,M,60,237.99641628452082,71500.0,41499.99999999999,0.003328621206776515,91292.16505454852,9475.316841263711,0.0026069752660845998,0.0,0.0
BC,SA,2043-01-01T00:00:00,M,61,247.8294670273972,71500.0,40300.0,0.0034661463919915692,91292.16505454852,9475.316841263711,0.002714684955486762,0.0,0.0
BC,SA,2043-01-01T00:00:00,M,62,257.7493223755737,71500.0,39000.0,0.003604885627630401,91292.16505454852,9475.316841263711,0.002823345488866042,0.0,0.0
BC,SA,2043-01-01T00:00:00,M,63,266.7346587818756,71500.0,37500.0,0.0037305546682779808,91292.16505454852,9475.316841263711,0.002921769448917083,0.0,0.0
BC,SA,2043-01-01T00:00:00,M,64,274.2839966454121,71500.0,35800.0,0.003836139813222547,91292.16505454852,9475.316841263711,0.0030044637070609846,0.0,0.0
BC,SA,2043-01-01T00:00:00,M,65,285.306932576641,71500.0,34500.0,0.00399030674932365,91292.16505454852,9475.316841263711,0.003125207211442138,0.0,0.0
BC,SA,2043-01-01T00:00:00,M,66,303.87864750075096,71500.0,34000.0,0.004250051013996517,91292.16505454852,9475.316841263711,0.0033286388521860406,0.0,0.0
BC,SA,2043-01-01T00:00:00,M,67,223.312811776952,71500.0,33300.0,0.0031232561087685593,91292.16505454852,9475.316841263711,0.0024461333745729335,0.0,0.0
BC,SA,2043-01-01T00:00:00,M,68,246.405450352333,71500.0,32899.99999999999,0.003446230074857804,91292.16505454852,9475.316841263711,0.0026990865010716072,0.0,0.0
BC,SA,2043-01-01T00:00:00,M,69,269.2467184625275,71500.0,32299.999999999996,0.00376568837010528,91292.16505454852,9475.316841263711,0.002949286155078569,0.0,0.0
BC,SA,2043-01-01T00:00:00,M,70,197.8207066396717,71500.0,31900.000000000004,0.0027667231697856183,91292.16505454852,9475.316841263711,0.0021668968692052674,0.0,0.0
BC,SA,2043-01-01T00:00:00,M,71,235.88142851294106,71500.0,32099.999999999996,0.003299040958222952,91292.16505454852,9475.316841263711,0.0025838080230871745,0.0,0.0
BC,SA,2043-01-01T00:00:00,M,72,193.25214317906648,71500.0,33200.0,0.002702827177329601,91292.16505454852,9475.316841263711,0.0021168535444810108,0.0,0.0
BC,SA,2043-01-01T00:00:00,M,73,132.28080527617567,71500.0,32700.0,0.0018500811926737855,91292.16505454852,9475.316841263711,0.0014489831104031303,0.0,0.0
BC,SA,2043-01-01T00:00:00,M,74,164.83670617536336,71500.0,31700.0,0.00230540847797711,91292.16505454852,9475.316841263711,0.0018055953221929922,0.0,0.0
BC,SA,2043-01-01T00:00:00,M,75,95.90368157725243,71500.0,30399.999999999996,0.0013413102318496843,91292.16505454852,9475.316841263711,0.0010505138258025588,0.0,0.0
BC,SA,2043-01-01T00:00:00,M,76,34.88499074308129,71500.0,29400.0,0.00048790196843470336,91292.16505454852,9475.316841263711,0.00038212469517221934,0.0,0.0
BC,SA,2043-01-01T00:00:00,M,77,9.450512246065045,71500.0,29799.999999999996,0.00013217499644846217,91292.16505454852,9475.316841263711,0.00010351942294739329,0.0,0.0
BC,SA,2043-01-01T00:00:00,M,78,-0.9854474305320764,71500.0,30399.999999999996,-1.3782481545903167e-05,91292.16505454852,9475.316841263711,0.0,0.00010400152807984081,3.241603389908146e-05
BC,SA,2043-01-01T00:00:00,M,79,-13.249070370286063,71500.0,30500.0,-0.00018530168350050437,91292.16505454852,9475.316841263711,0.0,0.0013982720147771913,0.0004343957498454447
BC,SA,2043-01-01T00:00:00,M,80,-36.135154212599446,71500.0,29899.999999999996,-0.0005053867722041881,91292.16505454852,9475.316841263711,0.0,0.0038136090663729344,0.0012085335857056673
BC,SA,2043-01-01T00:00:00,M,81,-9.651808361821168,71500.0,27699.999999999996,-0.00013499032673875758,91292.16505454852,9475.316841263711,0.0,0.0010186264505466307,0.0003484407350837967
BC,SA,2043-01-01T00:00:00,M,82,-144.64140034368393,71500.0,26400.0,-0.0020229566481634116,91292.16505454852,9475.316841263711,0.0,0.015265072690106823,0.005478840922109239
BC,SA,2043-01-01T00:00:00,M,83,-96.51680494556786,71500.0,24799.999999999996,-0.001349885383854096,91292.16505454852,9475.316841263711,0.0,0.010186129557720998,0.0038918066510309625
BC,SA,2043-01-01T00:00:00,M,84,-167.5804080486705,71500.0,22700.0,-0.0023437819307506364,91292.16505454852,9475.316841263711,0.0,0.017685995186871292,0.007382396830337908
BC,SA,2043-01-01T00:00:00,M,85,-212.4390313965414,71500.0,21200.0,-0.002971175264287292,91292.16505454852,9475.316841263711,0.0,0.022420256225248153,0.010020709028138746
BC,SA,2043-01-01T00:00:00,M,86,-210.13957538386967,71500.0,18900.0,-0.0029390150403338414,91292.16505454852,9475.316841263711,0.0,0.022177577689934388,0.011118496052056595
BC,SA,2043-01-01T00:00:00,M,87,-281.5244983884295,71500.0,17100.0,-0.003937405571866147,91292.16505454852,9475.316841263711,0.0,0.029711354575757163,0.016463420958387688
BC,SA,2043-01-01T00:00:00,M,88,-282.5762982409542,71500.0,15100.0,-0.0039521160593140444,91292.16505454852,9475.316841263711,0.0,0.02982235876381178,0.01871366213516253
BC,SA,2043-01-01T00:00:00,M,89,-323.717984612691,71500.0,12799.999999999998,-0.004527524260317357,91292.16505454852,9475.316841263711,0.0,0.03416434405685975,0.02529046754786649
BC,SA,2043-01-01T00:00:00,M,90,-353.70952659469185,71500.0,10899.999999999998,-0.004946986385939746,91292.16505454852,9475.316841263711,0.0,0.03732957245865755,0.03245041528391669
BC,SA,2043-01-01T00:00:00,M,91,-307.0815975073274,71500.0,9100.0,-0.004294847517584998,91292.16505454852,9475.316841263711,0.0,0.03240858354942063,0.0337452304953107
BC,SA,2043-01-01T00:00:00,M,92,-269.9614060259946,71500.0,7500.0,-0.0037756840003635612,91292.16505454852,9475.316841263711,0.0,0.028491016242364536,0.03599485413679928
BC,SA,2043-01-01T00:00:00,M,93,-230.53784629349047,71500.0,6200.0,-0.0032243055425663003,91292.16505454852,9475.316841263711,0.0,0.024330357512640594,0.03718352359572427
BC,SA,2043-01-01T00:00:00,M,94,-238.89933627815572,71500.0,4799.999999999999,-0.0033412494584357444,91292.16505454852,9475.316841263711,0.0,0.02521280715783368,0.049770695057949114
BC,SA,2043-01-01T00:00:00,M,95,-223.23430605316344,71500.0,3800.0,-0.0031221581266176707,91292.16505454852,9475.316841263711,0.0,0.02355956109889735,0.05874587001399038
BC,SA,2043-01-01T00:00:00,M,96,-146.82904381303388,71500.0,2899.9999999999995,-0.0020535530603221523,91292.16505454852,9475.316841263711,0.0,0.01549595082389366,0.05063070476311514
BC,SA,2043-01-01T00:00:00,M,97,-136.39119082910202,71500.0,1800.0,-0.0019075691025049232,91292.16505454852,9475.316841263711,0.0,0.014394367292831518,0.07577288379394556
BC,SA,2043-01-01T00:00:00,M,98,-141.99557567180364,71500.0,1200.0,-0.001985952107297953,91292.16505454852,9475.316841263711,0.0,0.014985839318156864,0.1183296463931697
BC,SA,2043-01-01T00:00:00,M,99,-25.573309245841074,71500.0,900.0,-0.00035766866078099405,91292.16505454852,9475.316841263711,0.0,0.002698939747795325,0.028414788050934527
BC,SA,2043-01-01T00:00:00,M,100,797.8695228884634,71500.0,1399.9999999999998,0.011159014306132356,91292.16505454852,9475.316841263711,0.008739737111193756,0.0,0.0
