province,projection_scenario,timepoint,sex,age,delta_n,n_birth,n,prop_migrants_birth,n_immigrants_timepoint,n_emigrants_timepoint,prop_immigrants_timepoint,prop_emigrants_timepoint,prob_emigration
BC,FA,2023-01-01T00:00:00,F,1,269.83400000000256,42100.0,20800.000000000004,0.00640935866983379,88530.03799999999,994.3159999999917,0.003047937243628006,0.0,0.0
BC,FA,2023-01-01T00:00:00,F,2,303.16499999999724,42100.0,21399.999999999996,0.007201068883610386,88530.03799999999,994.3159999999917,0.0034244309259191474,0.0,0.0
BC,FA,2023-01-01T00:00:00,F,3,302.5679999999993,42100.0,21700.0,0.007186888361045114,88530.03799999999,994.3159999999917,0.0034176874520261626,0.0,0.0
BC,FA,2023-01-01T00:00:00,F,4,302.2000000000007,42100.0,22300.0,0.007178147268408568,88530.03799999999,994.3159999999917,0.003413530670798998,0.0,0.0
BC,FA,2023-01-01T00:00:00,F,5,502.05199999999604,42100.0,23300.0,0.011925225653206558,88530.03799999999,994.3159999999917,0.0056709791539906055,0.0,0.0
BC,FA,2023-01-01T00:00:00,F,6,501.8799999999974,42100.0,24000.0,0.011921140142517753,88530.03799999999,994.3159999999917,0.00566903631059096,0.0,0.0
BC,FA,2023-01-01T00:00:00,F,7,501.65899999999965,42100.0,24200.0,0.011915890736342034,88530.03799999999,994.3159999999917,0.005666539982734445,0.0,0.0
BC,FA,2023-01-01T00:00:00,F,8,501.4399999999987,42100.0,24500.0,0.011910688836104482,88530.03799999999,994.3159999999917,0.005664066246080215,0.0,0.0
BC,FA,2023-01-01T00:00:00,F,9,401.45800000000236,42100.0,24700.0,0.009535819477434735,88530.03799999999,994.3159999999917,0.0045347094508194205,0.0,0.0
BC,FA,2023-01-01T00:00:00,F,10,401.4880000000012,42100.0,25200.000000000004,0.009536532066508343,88530.03799999999,994.3159999999917,0.004535048318854232,0.0,0.0
BC,FA,2023-01-01T00:00:00,F,11,301.4879999999939,42100.0,25100.0,0.007161235154394155,88530.03799999999,994.3159999999917,0.003405488202772419,0.0,0.0
BC,FA,2023-01-01T00:00:00,F,12,401.71500000000015,42100.0,24900.0,0.009541923990498816,88530.03799999999,994.3159999999917,0.004537612420317726,0.0,0.0
BC,FA,2023-01-01T00:00:00,F,13,402.007999999998,42100.0,25500.0,0.009548883610451258,88530.03799999999,994.3159999999917,0.004540922031457821,0.0,0.0
BC,FA,2023-01-01T00:00:00,F,14,502.27700000000186,42100.0,25800.0,0.011930570071258952,88530.03799999999,994.3159999999917,0.0056735206642518545,0.0,0.0
BC,FA,2023-01-01T00:00:00,F,15,803.0839999999953,42100.0,26500.0,0.0190756294536816,88530.03799999999,994.3159999999917,0.009071316562633751,0.0,0.0
BC,FA,2023-01-01T00:00:00,F,16,1604.3349999999991,42100.0,27100.0,0.03810771971496435,88530.03799999999,994.3159999999917,0.018121928288339823,0.0,0.0
BC,FA,2023-01-01T00:00:00,F,17,1306.2160000000003,42100.0,27199.999999999996,0.0310265083135392,88530.03799999999,994.3159999999917,0.014754494965878141,0.0,0.0
BC,FA,2023-01-01T00:00:00,F,18,1807.9500000000007,42100.0,28300.0,0.04294418052256534,88530.03799999999,994.3159999999917,0.020421882118699657,0.0,0.0
BC,FA,2023-01-01T00:00:00,F,19,3309.971999999998,42100.0,31000.0,0.07862166270783844,88530.03799999999,994.3159999999917,0.037388123565472754,0.0,0.0
BC,FA,2023-01-01T00:00:00,F,20,2212.0539999999964,42100.0,31600.0,0.052542850356294454,88530.03799999999,994.3159999999917,0.024986479730190525,0.0,0.0
BC,FA,2023-01-01T00:00:00,F,21,1013.5900000000001,42100.0,31200.0,0.02407577197149644,88530.03799999999,994.3159999999917,0.011449108380592814,0.0,0.0
BC,FA,2023-01-01T00:00:00,F,22,515.6959999999999,42100.0,33200.0,0.012249311163895485,88530.03799999999,994.3159999999917,0.00582509633622884,0.0,0.0
BC,FA,2023-01-01T00:00:00,F,23,617.1869999999981,42100.0,34300.0,0.014660023752969075,88530.03799999999,994.3159999999917,0.006971498193641328,0.0,0.0
BC,FA,2023-01-01T00:00:00,F,24,818.0200000000041,42100.0,34800.0,0.019430403800475157,88530.03799999999,994.3159999999917,0.009240027661571818,0.0,0.0
BC,FA,2023-01-01T00:00:00,F,25,1118.0729999999967,42100.0,35199.99999999999,0.026557553444180444,88530.03799999999,994.3159999999917,0.01262930667667845,0.0,0.0
BC,FA,2023-01-01T00:00:00,F,26,1018.073000000004,42100.0,35100.0,0.024182256532066602,88530.03799999999,994.3159999999917,0.011499746560596802,0.0,0.0
BC,FA,2023-01-01T00:00:00,F,27,1219.224000000002,42100.0,36800.0,0.028960190023753017,88530.03799999999,994.3159999999917,0.01377186802969634,0.0,0.0
BC,FA,2023-01-01T00:00:00,F,28,1219.7450000000026,42100.0,37100.0,0.028972565320665146,88530.03799999999,994.3159999999917,0.013777753037901134,0.0,0.0
BC,FA,2023-01-01T00:00:00,F,29,1220.8620000000083,42100.0,37800.00000000001,0.028999097387173593,88530.03799999999,994.3159999999917,0.01379037022439783,0.0,0.0
BC,FA,2023-01-01T00:00:00,F,30,1122.1249999999927,42100.0,38600.0,0.02665380047505921,88530.03799999999,994.3159999999917,0.012675076452582036,0.0,0.0
BC,FA,2023-01-01T00:00:00,F,31,1123.9939999999988,42100.0,39800.0,0.026698194774346765,88530.03799999999,994.3159999999917,0.012696187931151673,0.0,0.0
BC,FA,2023-01-01T00:00:00,F,32,926.0040000000008,42100.0,40300.0,0.021995344418052277,88530.03799999999,994.3159999999917,0.010459771857321477,0.0,0.0
BC,FA,2023-01-01T00:00:00,F,33,827.9999999999854,42100.0,40799.99999999999,0.01966745843230369,88530.03799999999,994.3159999999917,0.009352757761156565,0.0,0.0
BC,FA,2023-01-01T00:00:00,F,34,829.7000000000044,42100.0,40400.0,0.01970783847981008,88530.03799999999,994.3159999999917,0.009371960283130167,0.0,0.0
BC,FA,2023-01-01T00:00:00,F,35,831.5200000000041,42100.0,40200.0,0.01975106888361055,88530.03799999999,994.3159999999917,0.009392518277242853,0.0,0.0
BC,FA,2023-01-01T00:00:00,F,36,833.755999999994,42100.0,39600.0,0.019804180522565176,88530.03799999999,994.3159999999917,0.009417775241438326,0.0,0.0
BC,FA,2023-01-01T00:00:00,F,37,636.8480000000127,42100.0,39800.0,0.01512703087886016,88530.03799999999,994.3159999999917,0.007193581008064323,0.0,0.0
BC,FA,2023-01-01T00:00:00,F,38,638.9859999999971,42100.0,39199.99999999999,0.015177814726840787,88530.03799999999,994.3159999999917,0.007217731003345974,0.0,0.0
BC,FA,2023-01-01T00:00:00,F,39,540.5980000000054,42100.0,38800.00000000001,0.012840807600950247,88530.03799999999,994.3159999999917,0.006106379396335575,0.0,0.0
BC,FA,2023-01-01T00:00:00,F,40,542.0689999999959,42100.0,38400.0,0.012875748218527218,88530.03799999999,994.3159999999917,0.0061229952256430294,0.0,0.0
BC,FA,2023-01-01T00:00:00,F,41,443.23999999999796,42100.0,38000.0,0.01052826603325411,88530.03799999999,994.3159999999917,0.005006662258520639,0.0,0.0
BC,FA,2023-01-01T00:00:00,F,42,443.1970000000074,42100.0,36700.00000000001,0.010527244655582123,88530.03799999999,994.3159999999917,0.005006176547670831,0.0,0.0
BC,FA,2023-01-01T00:00:00,F,43,443.91100000000006,42100.0,36100.00000000001,0.010544204275534444,88530.03799999999,994.3159999999917,0.005014241606899571,0.0,0.0
BC,FA,2023-01-01T00:00:00,F,44,443.775999999998,42100.0,34600.0,0.010540997624703041,88530.03799999999,994.3159999999917,0.005012716700742838,0.0,0.0
BC,FA,2023-01-01T00:00:00,F,45,344.6220000000176,42100.0,33600.00000000001,0.008185795724465976,88530.03799999999,994.3159999999917,0.00389271266324338,0.0,0.0
BC,FA,2023-01-01T00:00:00,F,46,446.6710000000021,42100.0,33500.00000000001,0.010609762470308839,88530.03799999999,994.3159999999917,0.00504541746610345,0.0,0.0
BC,FA,2023-01-01T00:00:00,F,47,349.7279999999955,42100.0,33900.0,0.008307078384797993,88530.03799999999,994.3159999999917,0.003950388002770264,0.0,0.0
BC,FA,2023-01-01T00:00:00,F,48,352.12400000000343,42100.0,33500.00000000001,0.008363990498812432,88530.03799999999,994.3159999999917,0.003977452263151672,0.0,0.0
BC,FA,2023-01-01T00:00:00,F,49,255.4439999999886,42100.0,33399.99999999999,0.0060675534441802514,88530.03799999999,994.3159999999917,0.002885393542923687,0.0,0.0
BC,FA,2023-01-01T00:00:00,F,50,259.96499999998923,42100.0,33700.0,0.006174940617576941,88530.03799999999,994.3159999999917,0.002936460955771749,0.0,0.0
BC,FA,2023-01-01T00:00:00,F,51,265.6200000000099,42100.0,34200.0,0.00630926365795748,88530.03799999999,994.3159999999917,0.0030003375803364044,0.0,0.0
BC,FA,2023-01-01T00:00:00,F,52,175.91999999999825,42100.0,36600.0,0.004178622327790932,88530.03799999999,994.3159999999917,0.001987122156210961,0.0,0.0
BC,FA,2023-01-01T00:00:00,F,53,182.20799999999872,42100.0,36800.0,0.0043279809976246725,88530.03799999999,994.3159999999917,0.002058148896310185,0.0,0.0
BC,FA,2023-01-01T00:00:00,F,54,288.57199999998556,42100.0,36800.0,0.00685444180522531,88530.03799999999,994.3159999999917,0.0032595942181792084,0.0,0.0
BC,FA,2023-01-01T00:00:00,F,55,292.74800000000687,42100.0,35600.00000000001,0.006953634204275697,88530.03799999999,994.3159999999917,0.003306764648627022,0.0,0.0
BC,FA,2023-01-01T00:00:00,F,56,198.26399999999558,42100.0,34700.00000000001,0.004709358669833624,88530.03799999999,994.3159999999917,0.002239511068548232,0.0,0.0
BC,FA,2023-01-01T00:00:00,F,57,211.18799999999464,42100.0,36200.0,0.005016342042755217,88530.03799999999,994.3159999999917,0.0023854954179506247,0.0,0.0
BC,FA,2023-01-01T00:00:00,F,58,225.58400000000984,42100.0,37700.00000000001,0.005358289786223511,88530.03799999999,994.3159999999917,0.002548106892261922,0.0,0.0
BC,FA,2023-01-01T00:00:00,F,59,244.11100000000442,42100.0,39800.00000000001,0.0057983610451307465,88530.03799999999,994.3159999999917,0.002757380494968323,0.0,0.0
BC,FA,2023-01-01T00:00:00,F,60,257.60800000000745,42100.0,39900.00000000001,0.006118954869358846,88530.03799999999,994.3159999999917,0.0029098372238359088,0.0,0.0
BC,FA,2023-01-01T00:00:00,F,61,265.07300000000396,42100.0,38400.0,0.006296270783848075,88530.03799999999,994.3159999999917,0.0029941588865013704,0.0,0.0
BC,FA,2023-01-01T00:00:00,F,62,281.80599999999686,42100.0,38700.0,0.006693729216151944,88530.03799999999,994.3159999999917,0.003183168180725246,0.0,0.0
BC,FA,2023-01-01T00:00:00,F,63,198.27500000000146,42100.0,38500.0,0.004709619952494097,88530.03799999999,994.3159999999917,0.0022396353201610676,0.0,0.0
BC,FA,2023-01-01T00:00:00,F,64,313.19200000000274,42100.0,37900.0,0.007439239904988189,88530.03799999999,994.3159999999917,0.0035376919187587244,0.0,0.0
BC,FA,2023-01-01T00:00:00,F,65,231.75,42100.0,37499.99999999999,0.005504750593824228,88530.03799999999,994.3159999999917,0.0026177555690194104,0.0,0.0
BC,FA,2023-01-01T00:00:00,F,66,248.14799999999377,42100.0,36600.0,0.0058942517814725365,88530.03799999999,994.3159999999917,0.002802980836854422,0.0,0.0
BC,FA,2023-01-01T00:00:00,F,67,267.45499999999447,42100.0,35900.0,0.006352850356294406,88530.03799999999,994.3159999999917,0.00302106500846633,0.0,0.0
BC,FA,2023-01-01T00:00:00,F,68,190.2800000000061,42100.0,35300.0,0.004519714964370691,88530.03799999999,994.3159999999917,0.002149326988880386,0.0,0.0
BC,FA,2023-01-01T00:00:00,F,69,207.3599999999933,42100.0,33900.0,0.0049254156769594605,88530.03799999999,994.3159999999917,0.002342255856707001,0.0,0.0
BC,FA,2023-01-01T00:00:00,F,70,223.02800000000207,42100.0,32300.0,0.005297577197149693,88530.03799999999,994.3159999999917,0.002519235335694785,0.0,0.0
BC,FA,2023-01-01T00:00:00,F,71,141.31000000000859,42100.0,30800.000000000007,0.0033565320665085176,88530.03799999999,994.3159999999917,0.0015961814000351904,0.0,0.0
BC,FA,2023-01-01T00:00:00,F,72,165.39999999999782,42100.0,29800.000000000004,0.003928741092636528,88530.03799999999,994.3159999999917,0.0018682924319991577,0.0,0.0
BC,FA,2023-01-01T00:00:00,F,73,99.30400000000009,42100.0,29300.0,0.002358764845605703,88530.03799999999,994.3159999999917,0.0011216983776738028,0.0,0.0
BC,FA,2023-01-01T00:00:00,F,74,118.8800000000083,42100.0,27700.000000000007,0.002823752969121337,88530.03799999999,994.3159999999917,0.001342821065998055,0.0,0.0
BC,FA,2023-01-01T00:00:00,F,75,56.77500000000509,42100.0,27100.000000000004,0.0013485748218528527,88530.03799999999,994.3159999999917,0.00064130775590546,0.0,0.0
BC,FA,2023-01-01T00:00:00,F,76,94.99600000000282,42100.0,26400.000000000004,0.002256437054631896,88530.03799999999,994.3159999999917,0.0010730369278730326,0.0,0.0
BC,FA,2023-01-01T00:00:00,F,77,-53.84799999999086,42100.0,21200.000000000004,-0.0012790498812349372,88530.03799999999,994.3159999999917,0.0,0.05415582169048,0.0025399999999995686
BC,FA,2023-01-01T00:00:00,F,78,53.815999999998894,42100.0,19400.0,0.0012782897862232516,88530.03799999999,994.3159999999917,0.0006078840720705317,0.0,0.0
BC,FA,2023-01-01T00:00:00,F,79,-11.4220000000023,42100.0,18599.999999999996,-0.0002713064133017173,88530.03799999999,994.3159999999917,0.0,0.011487293777835611,0.0006140860215055001
BC,FA,2023-01-01T00:00:00,F,80,3.183999999997468,42100.0,17100.0,7.562945368165007e-05,88530.03799999999,994.3159999999917,3.59651940960137e-05,0.0,0.0
BC,FA,2023-01-01T00:00:00,F,81,5.600000000002183,42100.0,15300.000000000002,0.00013301662707843664,88530.03799999999,994.3159999999917,6.325536650060157e-05,0.0,0.0
BC,FA,2023-01-01T00:00:00,F,82,30.728000000000975,42100.0,14300.000000000002,0.0007298812351544175,88530.03799999999,994.3159999999917,0.0003470912324696052,0.0,0.0
BC,FA,2023-01-01T00:00:00,F,83,35.05899999999929,42100.0,12800.000000000002,0.0008327553444180353,88530.03799999999,994.3159999999917,0.00039601248109708584,0.0,0.0
BC,FA,2023-01-01T00:00:00,F,84,46.92000000000189,42100.0,11600.000000000002,0.0011144893111639405,88530.03799999999,994.3159999999917,0.0005299896064655693,0.0,0.0
BC,FA,2023-01-01T00:00:00,F,85,-20.424000000000888,42100.0,10800.0,-0.0004851306413301874,88530.03799999999,994.3159999999917,0.0,0.020540753643711916,0.0018911111111111934
BC,FA,2023-01-01T00:00:00,F,86,7.061999999998079,42100.0,9999.999999999998,0.00016774346793344607,88530.03799999999,994.3159999999917,7.976953539767012e-05,0.0,0.0
BC,FA,2023-01-01T00:00:00,F,87,20.064000000000306,42100.0,9000.0,0.00047657957244656306,88530.03799999999,994.3159999999917,0.00022663494169064186,0.0,0.0
BC,FA,2023-01-01T00:00:00,F,88,-72.6299999999992,42100.0,7900.000000000001,-0.0017251781472683895,88530.03799999999,994.3159999999917,0.0,0.07304518885344277,0.009193670886075847
BC,FA,2023-01-01T00:00:00,F,89,-64.82699999999932,42100.0,7000.000000000001,-0.0015398337292161358,88530.03799999999,994.3159999999917,0.0,0.06519758306212498,0.009260999999999901
BC,FA,2023-01-01T00:00:00,F,90,-36.85999999999876,42100.0,6400.000000000001,-0.0008755344418051962,88530.03799999999,994.3159999999917,0.0,0.03707070991515682,0.005759374999999806
BC,FA,2023-01-01T00:00:00,F,91,-54.07099999999991,42100.0,5400.0,-0.0012843467933491665,88530.03799999999,994.3159999999917,0.0,0.05438009646832633,0.010013148148148132
BC,FA,2023-01-01T00:00:00,F,92,-40.88000000000011,42100.0,4800.0,-0.0009710213776722116,88530.03799999999,994.3159999999917,0.0,0.04111369021518355,0.00851666666666669
BC,FA,2023-01-01T00:00:00,F,93,-79.23000000000002,42100.0,3900.0,-0.0018819477434679338,88530.03799999999,994.3159999999917,0.0,0.07968291770423153,0.02031538461538462
BC,FA,2023-01-01T00:00:00,F,94,-25.287999999999556,42100.0,3200.0000000000005,-0.0006006650831353814,88530.03799999999,994.3159999999917,0.0,0.025432558663442774,0.007902499999999861
BC,FA,2023-01-01T00:00:00,F,95,-60.288000000000466,42100.0,2600.0,-0.001432019002375308,88530.03799999999,994.3159999999917,0.0,0.06063263590247061,0.023187692307692485
BC,FA,2023-01-01T00:00:00,F,96,-16.191999999999553,42100.0,2100.0,-0.0003846080760094906,88530.03799999999,994.3159999999917,0.0,0.016284561447265946,0.007710476190475977
BC,FA,2023-01-01T00:00:00,F,97,10.319999999999709,42100.0,1600.0,0.00024513064133015937,88530.03799999999,994.3159999999917,0.0001165706039796313,0.0,0.0
BC,FA,2023-01-01T00:00:00,F,98,37.92000000000007,42100.0,1200.0,0.0009007125890736359,88530.03799999999,994.3159999999917,0.000428329196018193,0.0,0.0
BC,FA,2023-01-01T00:00:00,F,99,-29.048000000000116,42100.0,800.0,-0.0006899762470308816,88530.03799999999,994.3159999999917,0.0,0.029214052675407373,0.03631000000000015
BC,FA,2023-01-01T00:00:00,F,100,1041.317,42100.0,1700.0,0.02473437054631829,88530.03799999999,994.3159999999917,0.011762301513978795,0.0,0.0
BC,FA,2023-01-01T00:00:00,M,1,377.4689999999973,42100.0,21999.999999999996,0.008966009501187585,88530.03799999999,994.3159999999917,0.004263739274572517,0.0,0.0
BC,FA,2023-01-01T00:00:00,M,2,405.15200000000186,42100.0,22800.000000000004,0.009623562945368215,88530.03799999999,994.3159999999917,0.004576435401507474,0.0,0.0
BC,FA,2023-01-01T00:00:00,M,3,403.6959999999999,42100.0,23500.0,0.00958897862232779,88530.03799999999,994.3159999999917,0.004559989006217302,0.0,0.0
BC,FA,2023-01-01T00:00:00,M,4,502.5740000000005,42100.0,23900.0,0.011937624703087898,88530.03799999999,994.3159999999917,0.005676875457796602,0.0,0.0
BC,FA,2023-01-01T00:00:00,M,5,502.1690000000053,42100.0,24600.0,0.01192800475059395,88530.03799999999,994.3159999999917,0.005672300739326525,0.0,0.0
BC,FA,2023-01-01T00:00:00,M,6,601.7500000000036,42100.0,25600.0,0.014293349168646167,88530.03799999999,994.3159999999917,0.006797127998521855,0.0,0.0
BC,FA,2023-01-01T00:00:00,M,7,501.5239999999976,42100.0,25900.0,0.011912684085510631,88530.03799999999,994.3159999999917,0.005665015076577711,0.0,0.0
BC,FA,2023-01-01T00:00:00,M,8,401.5779999999977,42100.0,26700.0,0.009538669833729162,88530.03799999999,994.3159999999917,0.004536064922958666,0.0,0.0
BC,FA,2023-01-01T00:00:00,M,9,401.56599999999526,42100.0,26500.0,0.00953838479809965,88530.03799999999,994.3159999999917,0.004535929375744708,0.0,0.0
BC,FA,2023-01-01T00:00:00,M,10,401.5839999999953,42100.0,26799.999999999996,0.009538812351543831,88530.03799999999,994.3159999999917,0.004536132696565604,0.0,0.0
BC,FA,2023-01-01T00:00:00,M,11,401.56600000000253,42100.0,26500.0,0.009538384798099823,88530.03799999999,994.3159999999917,0.0045359293757447905,0.0,0.0
BC,FA,2023-01-01T00:00:00,M,12,402.0639999999985,42100.0,26200.0,0.009550213776722055,88530.03799999999,994.3159999999917,0.004541554585122832,0.0,0.0
BC,FA,2023-01-01T00:00:00,M,13,402.3760000000002,42100.0,26800.0,0.00955762470308789,88530.03799999999,994.3159999999917,0.004545078812685026,0.0,0.0
BC,FA,2023-01-01T00:00:00,M,14,603.1919999999991,42100.0,27200.0,0.014327600950118743,88530.03799999999,994.3159999999917,0.006813416255395702,0.0,0.0
BC,FA,2023-01-01T00:00:00,M,15,904.2400000000052,42100.0,27400.0,0.021478384798099888,88530.03799999999,994.3159999999917,0.0102139343936575,0.0,0.0
BC,FA,2023-01-01T00:00:00,M,16,1306.3120000000017,42100.0,27600.0,0.03102878859857486,88530.03799999999,994.3159999999917,0.014755579343589596,0.0,0.0
BC,FA,2023-01-01T00:00:00,M,17,1209.0099999999984,42100.0,27700.000000000004,0.028717577197149607,88530.03799999999,994.3159999999917,0.013656494759439712,0.0,0.0
BC,FA,2023-01-01T00:00:00,M,18,1812.1049999999996,42100.0,28700.0,0.04304287410926365,88530.03799999999,994.3159999999917,0.02046881534152284,0.0,0.0
BC,FA,2023-01-01T00:00:00,M,19,3416.0740000000005,42100.0,31600.0,0.08114190023752971,88530.03799999999,994.3159999999917,0.03858660943983782,0.0,0.0
BC,FA,2023-01-01T00:00:00,M,20,2521.0449999999983,42100.0,33000.0,0.05988230403800471,88530.03799999999,994.3159999999917,0.028476718828472643,0.0,0.0
BC,FA,2023-01-01T00:00:00,M,21,1225.434000000001,42100.0,32600.0,0.029107695961995275,88530.03799999999,994.3159999999917,0.013842013712905006,0.0,0.0
BC,FA,2023-01-01T00:00:00,M,22,531.7129999999961,42100.0,34600.0,0.012629762470308696,88530.03799999999,994.3159999999917,0.006006017980021608,0.0,0.0
BC,FA,2023-01-01T00:00:00,M,23,537.336000000003,42100.0,36400.0,0.01276332541567703,88530.03799999999,994.3159999999917,0.006069533145348961,0.0,0.0
BC,FA,2023-01-01T00:00:00,M,24,541.2449999999953,42100.0,37000.0,0.012856175771971385,88530.03799999999,994.3159999999917,0.00611368765028651,0.0,0.0
BC,FA,2023-01-01T00:00:00,M,25,743.5540000000037,42100.0,37300.00000000001,0.017661615201900325,88530.03799999999,994.3159999999917,0.008398889425530394,0.0,0.0
BC,FA,2023-01-01T00:00:00,M,26,846.625,42100.0,38100.0,0.020109857482185273,88530.03799999999,994.3159999999917,0.00956313833277695,0.0,0.0
BC,FA,2023-01-01T00:00:00,M,27,1050.0279999999984,42100.0,38900.0,0.024941282660332503,88530.03799999999,994.3159999999917,0.011860697495690655,0.0,0.0
BC,FA,2023-01-01T00:00:00,M,28,1053.9320000000007,42100.0,39800.0,0.02503401425178149,88530.03799999999,994.3159999999917,0.011904795522622512,0.0,0.0
BC,FA,2023-01-01T00:00:00,M,29,1058.015999999996,42100.0,40199.99999999999,0.025131021377672112,88530.03799999999,994.3159999999917,0.011950926757763236,0.0,0.0
BC,FA,2023-01-01T00:00:00,M,30,1062.5680000000066,42100.0,40600.0,0.025239144893111794,88530.03799999999,994.3159999999917,0.012002344334247397,0.0,0.0
BC,FA,2023-01-01T00:00:00,M,31,1068.3400000000038,42100.0,41200.0,0.02537624703087895,88530.03799999999,994.3159999999917,0.012067542544147603,0.0,0.0
BC,FA,2023-01-01T00:00:00,M,32,874.0740000000005,42100.0,41500.0,0.020761852731591462,88530.03799999999,994.3159999999917,0.009873191289040231,0.0,0.0
BC,FA,2023-01-01T00:00:00,M,33,879.3230000000112,42100.0,41900.00000000001,0.02088653206650858,88530.03799999999,994.3159999999917,0.009932481899533482,0.0,0.0
BC,FA,2023-01-01T00:00:00,M,34,783.2320000000036,42100.0,41500.0,0.01860408551068892,88530.03799999999,994.3159999999917,0.008847076288389301,0.0,0.0
BC,FA,2023-01-01T00:00:00,M,35,884.3760000000038,42100.0,40600.0,0.021006555819477527,88530.03799999999,994.3159999999917,0.00998955857219901,0.0,0.0
BC,FA,2023-01-01T00:00:00,M,36,786.9429999999993,42100.0,40400.0,0.01869223277909737,88530.03799999999,994.3159999999917,0.008888994264297045,0.0,0.0
BC,FA,2023-01-01T00:00:00,M,37,590.2249999999913,42100.0,40600.0,0.014019596199524734,88530.03799999999,994.3159999999917,0.006666946195143296,0.0,0.0
BC,FA,2023-01-01T00:00:00,M,38,592.2680000000037,42100.0,40100.00000000001,0.014068123515439518,88530.03799999999,994.3159999999917,0.006690023108314985,0.0,0.0
BC,FA,2023-01-01T00:00:00,M,39,493.6539999999877,42100.0,39099.99999999999,0.011725748218527024,88530.03799999999,994.3159999999917,0.005576118695441968,0.0,0.0
BC,FA,2023-01-01T00:00:00,M,40,495.0040000000081,42100.0,38100.0,0.011757814726841048,88530.03799999999,994.3159999999917,0.005591367757009301,0.0,0.0
BC,FA,2023-01-01T00:00:00,M,41,397.3099999999977,42100.0,37300.0,0.009437292161520134,88530.03799999999,994.3159999999917,0.004487855297204297,0.0,0.0
BC,FA,2023-01-01T00:00:00,M,42,399.0839999999953,42100.0,36199.99999999999,0.009479429928740981,88530.03799999999,994.3159999999917,0.00450789369366356,0.0,0.0
BC,FA,2023-01-01T00:00:00,M,43,500.3400000000038,42100.0,35000.0,0.011884560570071348,88530.03799999999,994.3159999999917,0.005651641084803373,0.0,0.0
BC,FA,2023-01-01T00:00:00,M,44,500.95500000000175,42100.0,33500.0,0.011899168646080802,88530.03799999999,994.3159999999917,0.005658587879517253,0.0,0.0
BC,FA,2023-01-01T00:00:00,M,45,403.0400000000009,42100.0,32500.0,0.009573396674584345,88530.03799999999,994.3159999999917,0.0045525790918558165,0.0,0.0
BC,FA,2023-01-01T00:00:00,M,46,408.17699999999604,42100.0,32399.999999999996,0.009695415676959526,88530.03799999999,994.3159999999917,0.0046106045950188804,0.0,0.0
BC,FA,2023-01-01T00:00:00,M,47,312.5350000000035,42100.0,31900.0,0.007423634204275617,88530.03799999999,994.3159999999917,0.003530270708796076,0.0,0.0
BC,FA,2023-01-01T00:00:00,M,48,318.55799999999726,42100.0,31900.0,0.007566698337292096,88530.03799999999,994.3159999999917,0.003598304114587608,0.0,0.0
BC,FA,2023-01-01T00:00:00,M,49,324.42499999999563,42100.0,31700.0,0.0077060570071257875,88530.03799999999,994.3159999999917,0.003664575406598105,0.0,0.0
BC,FA,2023-01-01T00:00:00,M,50,331.7720000000045,42100.0,31800.0,0.007880570071259014,88530.03799999999,994.3159999999917,0.0037475641883267297,0.0,0.0
BC,FA,2023-01-01T00:00:00,M,51,242.0020000000004,42100.0,32300.0,0.005748266033254166,88530.03799999999,994.3159999999917,0.002733558072120114,0.0,0.0
BC,FA,2023-01-01T00:00:00,M,52,159.71399999999994,42100.0,34200.0,0.0037936817102137755,88530.03799999999,994.3159999999917,0.0018040656437987744,0.0,0.0
BC,FA,2023-01-01T00:00:00,M,53,170.27999999999884,42100.0,34400.0,0.004044655581947716,88530.03799999999,994.3159999999917,0.0019234149656639577,0.0,0.0
BC,FA,2023-01-01T00:00:00,M,54,177.97499999999854,42100.0,33900.0,0.004227434679334882,88530.03799999999,994.3159999999917,0.0020103346165964435,0.0,0.0
BC,FA,2023-01-01T00:00:00,M,55,185.028999999995,42100.0,33099.99999999999,0.00439498812351532,88530.03799999999,994.3159999999917,0.0020900137871848086,0.0,0.0
BC,FA,2023-01-01T00:00:00,M,56,194.5649999999987,42100.0,32699.999999999996,0.004621496437054601,88530.03799999999,994.3159999999917,0.002197728639854404,0.0,0.0
BC,FA,2023-01-01T00:00:00,M,57,215.56000000000495,42100.0,34000.0,0.0051201900237530865,88530.03799999999,994.3159999999917,0.002434879786225834,0.0,0.0
BC,FA,2023-01-01T00:00:00,M,58,243.04299999999785,42100.0,35899.99999999999,0.005772992874109212,88530.03799999999,994.3159999999917,0.002745316792928496,0.0,0.0
BC,FA,2023-01-01T00:00:00,M,59,270.7760000000053,42100.0,37400.0,0.006431733966745969,88530.03799999999,994.3159999999917,0.0030585776999215264,0.0,0.0
BC,FA,2023-01-01T00:00:00,M,60,295.6559999999881,42100.0,38099.99999999999,0.0070227078384795276,88530.03799999999,994.3159999999917,0.003339612256802467,0.0,0.0
BC,FA,2023-01-01T00:00:00,M,61,304.51200000000244,42100.0,36600.0,0.007233064133016685,88530.03799999999,994.3159999999917,0.003439646100682827,0.0,0.0
BC,FA,2023-01-01T00:00:00,M,62,327.2039999999979,42100.0,36600.0,0.00777206650831349,88530.03799999999,994.3159999999917,0.003695965882224042,0.0,0.0
BC,FA,2023-01-01T00:00:00,M,63,347.28199999999197,42100.0,36100.0,0.0082489786223276,88530.03799999999,994.3159999999917,0.0039227589623308644,0.0,0.0
BC,FA,2023-01-01T00:00:00,M,64,164.67199999999866,42100.0,35000.0,0.003911448931116358,88530.03799999999,994.3159999999917,0.0018600692343540921,0.0,0.0
BC,FA,2023-01-01T00:00:00,M,65,292.41799999999785,42100.0,35000.0,0.006945795724465507,88530.03799999999,994.3159999999917,0.0033030371002438505,0.0,0.0
BC,FA,2023-01-01T00:00:00,M,66,307.09599999999773,42100.0,33600.0,0.007294441805225599,88530.03799999999,994.3159999999917,0.0034688339340823255,0.0,0.0
BC,FA,2023-01-01T00:00:00,M,67,235.56400000000576,42100.0,33100.0,0.005595344418052393,88530.03799999999,994.3159999999917,0.0026608369918468327,0.0,0.0
BC,FA,2023-01-01T00:00:00,M,68,158.0139999999992,42100.0,32000.0,0.0037533016627078197,88530.03799999999,994.3159999999917,0.0017848631218253769,0.0,0.0
BC,FA,2023-01-01T00:00:00,M,69,170.93400000000474,42100.0,30300.0,0.004060190023753082,88530.03799999999,994.3159999999917,0.0019308022888231988,0.0,0.0
BC,FA,2023-01-01T00:00:00,M,70,195.20799999999872,42100.0,29299.999999999996,0.004636769596199495,88530.03799999999,994.3159999999917,0.00220499171140081,0.0,0.0
BC,FA,2023-01-01T00:00:00,M,71,215.34299999999348,42100.0,27999.999999999996,0.005115035629453527,88530.03799999999,994.3159999999917,0.002432428640773807,0.0,0.0
BC,FA,2023-01-01T00:00:00,M,72,144.1640000000043,42100.0,27000.0,0.0034243230403801497,88530.03799999999,994.3159999999917,0.0016284190457481146,0.0,0.0
BC,FA,2023-01-01T00:00:00,M,73,83.1919999999991,42100.0,26400.0,0.001976057007125869,88530.03799999999,994.3159999999917,0.0009397036517707031,0.0,0.0
BC,FA,2023-01-01T00:00:00,M,74,102.23399999999674,42100.0,24899.999999999996,0.0024283610451305638,88530.03799999999,994.3159999999917,0.0011547944890749596,0.0,0.0
BC,FA,2023-01-01T00:00:00,M,75,54.443999999999505,42100.0,24600.0,0.0012932066508313422,88530.03799999999,994.3159999999917,0.0006149777095995318,0.0,0.0
BC,FA,2023-01-01T00:00:00,M,76,92.06399999999485,42100.0,23699.999999999996,0.0021867933491685238,88530.03799999999,994.3159999999917,0.0010399182252694263,0.0,0.0
BC,FA,2023-01-01T00:00:00,M,77,113.0879999999961,42100.0,19100.0,0.0026861757719714037,88530.03799999999,994.3159999999917,0.0012773969440744634,0.0,0.0
BC,FA,2023-01-01T00:00:00,M,78,112.49799999999959,42100.0,17300.0,0.002672161520190014,88530.03799999999,994.3159999999917,0.0012707325393896205,0.0,0.0
BC,FA,2023-01-01T00:00:00,M,79,52.05199999999968,42100.0,16600.0,0.0012363895486935791,88530.03799999999,994.3159999999917,0.0005879586316228588,0.0,0.0
BC,FA,2023-01-01T00:00:00,M,80,65.09699999999975,42100.0,15300.0,0.0015462470308788539,88530.03799999999,994.3159999999917,0.0007353097487657214,0.0,0.0
BC,FA,2023-01-01T00:00:00,M,81,47.07999999999811,42100.0,13399.999999999998,0.001118289786223233,88530.03799999999,994.3159999999917,0.0005317969026512574,0.0,0.0
BC,FA,2023-01-01T00:00:00,M,82,49.60499999999956,42100.0,12100.0,0.0011782660332541465,88530.03799999999,994.3159999999917,0.0005603182955823375,0.0,0.0
BC,FA,2023-01-01T00:00:00,M,83,51.93499999999949,42100.0,10900.0,0.001233610451306401,88530.03799999999,994.3159999999917,0.000586637046287041,0.0,0.0
BC,FA,2023-01-01T00:00:00,M,84,-45.63199999999961,42100.0,9700.0,-0.0010838954869358576,88530.03799999999,994.3159999999917,0.0,0.04589285498775036,0.004704329896907176
BC,FA,2023-01-01T00:00:00,M,85,-56.55199999999968,42100.0,8500.0,-0.0013432779097387096,88530.03799999999,994.3159999999917,0.0,0.05687527908632683,0.006653176470588198
BC,FA,2023-01-01T00:00:00,M,86,38.36999999999989,42100.0,7600.0,0.0009114014251781447,88530.03799999999,994.3159999999917,0.0004334122165405588,0.0,0.0
BC,FA,2023-01-01T00:00:00,M,87,-40.31999999999971,42100.0,6900.0,-0.0009577197149643636,88530.03799999999,994.3159999999917,0.0,0.04055048897935872,0.005843478260869523
BC,FA,2023-01-01T00:00:00,M,88,-70.08500000000004,42100.0,5800.0,-0.0016647268408551078,88530.03799999999,994.3159999999917,0.0,0.07048564037992008,0.012083620689655178
BC,FA,2023-01-01T00:00:00,M,89,17.652000000000044,42100.0,5100.0,0.00041928741092636684,88530.03799999999,994.3159999999917,0.00019938995169074757,0.0,0.0
BC,FA,2023-01-01T00:00:00,M,90,-5.385000000002037,42100.0,4299.999999999999,-0.00012790973871738807,88530.03799999999,994.3159999999917,0.0,0.0054157833123494765,0.0012523255813958229
BC,FA,2023-01-01T00:00:00,M,91,-28.422000000000025,42100.0,3600.0,-0.0006751068883610457,88530.03799999999,994.3159999999917,0.0,0.02858447415107497,0.007895000000000008
BC,FA,2023-01-01T00:00:00,M,92,33.25999999999976,42100.0,2999.9999999999995,0.0007900237529691155,88530.03799999999,994.3159999999917,0.0003756916946087809,0.0,0.0
BC,FA,2023-01-01T00:00:00,M,93,-24.784000000000106,42100.0,2300.0,-0.0005886935866983398,88530.03799999999,994.3159999999917,0.0,0.02492567755120134,0.010775652173913089
BC,FA,2023-01-01T00:00:00,M,94,-86.13599999999951,42100.0,1700.0,-0.0020459857482185155,88530.03799999999,994.3159999999917,0.0,0.0866283958017373,0.05066823529411736
BC,FA,2023-01-01T00:00:00,M,95,-68.048,42100.0,1200.0,-0.0016163420427553444,88530.03799999999,994.3159999999917,0.0,0.06843699588460868,0.05670666666666667
BC,FA,2023-01-01T00:00:00,M,96,47.730999999999995,42100.0,900.0,0.00113375296912114,88530.03799999999,994.3159999999917,0.0005391503390069708,0.0,0.0
BC,FA,2023-01-01T00:00:00,M,97,-3.94399999999996,42100.0,600.0,-9.368171021377577e-05,88530.03799999999,994.3159999999917,0.0,0.0039665458465920215,0.006573333333333267
BC,FA,2023-01-01T00:00:00,M,98,32.815,42100.0,400.0,0.0007794536817102137,88530.03799999999,994.3159999999917,0.00037066515209221984,0.0,0.0
BC,FA,2023-01-01T00:00:00,M,99,14.696000000000083,42100.0,300.0,0.0003490736342042775,88530.03799999999,994.3159999999917,0.00016600015465937206,0.0,0.0
BC,FA,2023-01-01T00:00:00,M,100,261.6459999999999,42100.0,399.9999999999999,0.006214869358669831,88530.03799999999,994.3159999999917,0.0029554488613232036,0.0,0.0
BC,FA,2024-01-01T00:00:00,F,1,368.37510386980284,42100.0,20800.000000000004,0.00875000246721622,80653.05267978211,1117.2374598932256,0.0045674043527201315,0.0,0.0
BC,FA,2024-01-01T00:00:00,F,2,303.0695610964467,42100.0,21100.0,0.007198801926281395,80653.05267978211,1117.2374598932256,0.0037576948550196586,0.0,0.0
BC,FA,2024-01-01T00:00:00,F,3,302.52648367696384,42100.0,21700.0,0.007185902225106029,80653.05267978211,1117.2374598932256,0.0037509613539128987,0.0,0.0
BC,FA,2024-01-01T00:00:00,F,4,302.13491736998185,42100.0,22000.0,0.007176601362707407,80653.05267978211,1117.2374598932256,0.0037461064067785773,0.0,0.0
BC,FA,2024-01-01T00:00:00,F,5,501.9745522897538,42100.0,22800.0,0.01192338604013667,80653.05267978211,1117.2374598932256,0.0062238754220841465,0.0,0.0
BC,FA,2024-01-01T00:00:00,F,6,401.83386391280146,42100.0,23699.999999999996,0.009544747361349203,80653.05267978211,1117.2374598932256,0.00498225238303388,0.0,0.0
BC,FA,2024-01-01T00:00:00,F,7,401.65283845244994,42100.0,24399.999999999996,0.009540447469179333,80653.05267978211,1117.2374598932256,0.00498000788695671,0.0,0.0
BC,FA,2024-01-01T00:00:00,F,8,401.4285244315033,42100.0,24600.0,0.00953511934516635,80653.05267978211,1117.2374598932256,0.004977226665248498,0.0,0.0
BC,FA,2024-01-01T00:00:00,F,9,301.44623341205806,42100.0,24800.0,0.007160243073920619,80653.05267978211,1117.2374598932256,0.003737567561253931,0.0,0.0
BC,FA,2024-01-01T00:00:00,F,10,401.4580393990909,42100.0,25099.999999999996,0.009535820413280069,80653.05267978211,1117.2374598932256,0.004977592615037216,0.0,0.0
BC,FA,2024-01-01T00:00:00,F,11,301.4875543666858,42100.0,25500.0,0.007161224569279948,80653.05267978211,1117.2374598932256,0.003738079890958199,0.0,0.0
BC,FA,2024-01-01T00:00:00,F,12,401.7285935481923,42100.0,25500.0,0.00954224687762927,80653.05267978211,1117.2374598932256,0.004980947158233188,0.0,0.0
BC,FA,2024-01-01T00:00:00,F,13,401.9597944819252,42100.0,25300.0,0.009547738586269007,80653.05267978211,1117.2374598932256,0.004983813769304325,0.0,0.0
BC,FA,2024-01-01T00:00:00,F,14,502.25789611608707,42100.0,26000.0,0.01193011629729423,80653.05267978211,1117.2374598932256,0.006227388541760574,0.0,0.0
BC,FA,2024-01-01T00:00:00,F,15,903.0459476105389,42100.0,26700.0,0.021450022508563867,80653.05267978211,1117.2374598932256,0.011196674119650675,0.0,0.0
BC,FA,2024-01-01T00:00:00,F,16,1604.432172183093,42100.0,28099.999999999996,0.03811002784282881,80653.05267978211,1117.2374598932256,0.01989301233957246,0.0,0.0
BC,FA,2024-01-01T00:00:00,F,17,1306.3988635972164,42100.0,28399.999999999996,0.031030851866917255,80653.05267978211,1117.2374598932256,0.01619776090539349,0.0,0.0
BC,FA,2024-01-01T00:00:00,F,18,1808.0281023382922,42100.0,29000.0,0.04294603568499507,80653.05267978211,1117.2374598932256,0.022417354858429606,0.0,0.0
BC,FA,2024-01-01T00:00:00,F,19,3410.0233316139165,42100.0,31700.000000000004,0.08099817889819279,80653.05267978211,1117.2374598932256,0.042280152062598025,0.0,0.0
BC,FA,2024-01-01T00:00:00,F,20,2112.504578700955,42100.0,33100.0,0.05017825602615095,80653.05267978211,1117.2374598932256,0.026192493755794466,0.0,0.0
BC,FA,2024-01-01T00:00:00,F,21,913.9901828583861,42100.0,32500.000000000004,0.021709980590460476,80653.05267978211,1117.2374598932256,0.011332369358506659,0.0,0.0
BC,FA,2024-01-01T00:00:00,F,22,314.733971878788,42100.0,31499.999999999996,0.0074758663154106415,80653.05267978211,1117.2374598932256,0.003902319396742247,0.0,0.0
BC,FA,2024-01-01T00:00:00,F,23,416.65836891450454,42100.0,33600.0,0.009896873370890845,80653.05267978211,1117.2374598932256,0.005166058259056465,0.0,0.0
BC,FA,2024-01-01T00:00:00,F,24,717.8852224442453,42100.0,35000.00000000001,0.01705190552124098,80653.05267978211,1117.2374598932256,0.008900905775934788,0.0,0.0
BC,FA,2024-01-01T00:00:00,F,25,918.1459399725791,42100.0,35700.0,0.02180869216086886,80653.05267978211,1117.2374598932256,0.011383895704703282,0.0,0.0
BC,FA,2024-01-01T00:00:00,F,26,818.3545139952548,42100.0,36000.0,0.019438349501074936,80653.05267978211,1117.2374598932256,0.010146603095661844,0.0,0.0
BC,FA,2024-01-01T00:00:00,F,27,1118.6477012497853,42100.0,36200.0,0.026571204305220555,80653.05267978211,1117.2374598932256,0.013869874283508738,0.0,0.0
BC,FA,2024-01-01T00:00:00,F,28,1019.9129225662982,42100.0,37800.0,0.02422596015596908,80653.05267978211,1117.2374598932256,0.012645682818921587,0.0,0.0
BC,FA,2024-01-01T00:00:00,F,29,1020.8052722175416,42100.0,38100.0,0.024247156109680323,80653.05267978211,1117.2374598932256,0.012656746871943687,0.0,0.0
BC,FA,2024-01-01T00:00:00,F,30,921.9416149355602,42100.0,38700.0,0.02189885071105844,80653.05267978211,1117.2374598932256,0.011430957469098627,0.0,0.0
BC,FA,2024-01-01T00:00:00,F,31,1023.5452866715714,42100.0,39600.0,0.02431223958839837,80653.05267978211,1117.2374598932256,0.012690719726820099,0.0,0.0
BC,FA,2024-01-01T00:00:00,F,32,825.8435563387393,42100.0,40600.0,0.019616236492606635,80653.05267978211,1117.2374598932256,0.010239458134555637,0.0,0.0
BC,FA,2024-01-01T00:00:00,F,33,727.7541950598024,42100.0,41000.00000000001,0.017286322923035686,80653.05267978211,1117.2374598932256,0.009023269062724937,0.0,0.0
BC,FA,2024-01-01T00:00:00,F,34,830.105602815478,42100.0,41600.0,0.019717472750961473,80653.05267978211,1117.2374598932256,0.010292302339891056,0.0,0.0
BC,FA,2024-01-01T00:00:00,F,35,731.797838876606,42100.0,41100.0,0.017382371469753112,80653.05267978211,1117.2374598932256,0.009073405340056658,0.0,0.0
BC,FA,2024-01-01T00:00:00,F,36,634.4089998629424,42100.0,40800.0,0.015069097383917873,80653.05267978211,1117.2374598932256,0.007865901894398777,0.0,0.0
BC,FA,2024-01-01T00:00:00,F,37,536.622692874349,42100.0,40100.00000000001,0.012746382253547482,80653.05267978211,1117.2374598932256,0.006653470328084285,0.0,0.0
BC,FA,2024-01-01T00:00:00,F,38,539.5486963892326,42100.0,40299.99999999999,0.012815883524684862,80653.05267978211,1117.2374598932256,0.00668974922166195,0.0,0.0
BC,FA,2024-01-01T00:00:00,F,39,440.88085877187405,42100.0,39599.99999999999,0.010472229424510072,80653.05267978211,1117.2374598932256,0.005466387745077786,0.0,0.0
BC,FA,2024-01-01T00:00:00,F,40,542.372406839364,42100.0,39300.0,0.01288295503181387,80653.05267978211,1117.2374598932256,0.006724759805344906,0.0,0.0
BC,FA,2024-01-01T00:00:00,F,41,343.44679799901496,42100.0,38700.0,0.008157881187625058,80653.05267978211,1117.2374598932256,0.004258323604471691,0.0,0.0
BC,FA,2024-01-01T00:00:00,F,42,444.4897073411048,42100.0,38400.00000000001,0.010557950293137882,80653.05267978211,1117.2374598932256,0.005511133088859863,0.0,0.0
BC,FA,2024-01-01T00:00:00,F,43,444.4120118969586,42100.0,37100.0,0.010556104795652223,80653.05267978211,1117.2374598932256,0.005510169759617327,0.0,0.0
BC,FA,2024-01-01T00:00:00,F,44,445.461817523581,42100.0,36500.00000000001,0.010581040796284583,80653.05267978211,1117.2374598932256,0.005523186075698882,0.0,0.0
BC,FA,2024-01-01T00:00:00,F,45,345.61534263597423,42100.0,34900.00000000001,0.008209390561424565,80653.05267978211,1117.2374598932256,0.004285210926958654,0.0,0.0
BC,FA,2024-01-01T00:00:00,F,46,346.61105423817935,42100.0,33900.00000000001,0.008233041668365306,80653.05267978211,1117.2374598932256,0.004297556542767623,0.0,0.0
BC,FA,2024-01-01T00:00:00,F,47,248.77952306599764,42100.0,33700.0,0.0059092523293586136,80653.05267978211,1117.2374598932256,0.0030845642514453894,0.0,0.0
BC,FA,2024-01-01T00:00:00,F,48,252.36378245610103,42100.0,34100.0,0.005994389131973896,80653.05267978211,1117.2374598932256,0.0031290047192393863,0.0,0.0
BC,FA,2024-01-01T00:00:00,F,49,255.0419282310686,42100.0,33700.0,0.006058003045868613,80653.05267978211,1117.2374598932256,0.003162210477558301,0.0,0.0
BC,FA,2024-01-01T00:00:00,F,50,258.82104041899584,42100.0,33600.0,0.006147768180973773,80653.05267978211,1117.2374598932256,0.0032090668836379506,0.0,0.0
BC,FA,2024-01-01T00:00:00,F,51,163.99136838499544,42100.0,33800.0,0.0038952819093823147,80653.05267978211,1117.2374598932256,0.0020332940035895797,0.0,0.0
BC,FA,2024-01-01T00:00:00,F,52,169.98817702702218,42100.0,34300.00000000001,0.004037723919881762,80653.05267978211,1117.2374598932256,0.002107647155054732,0.0,0.0
BC,FA,2024-01-01T00:00:00,F,53,180.66134657346993,42100.0,36700.0,0.004291243386543229,80653.05267978211,1117.2374598932256,0.0022399815080868927,0.0,0.0
BC,FA,2024-01-01T00:00:00,F,54,287.6195085324289,42100.0,37000.0,0.006831817304808287,80653.05267978211,1117.2374598932256,0.0035661329481770326,0.0,0.0
BC,FA,2024-01-01T00:00:00,F,55,194.86109699746885,42100.0,36899.99999999999,0.004628529619892372,80653.05267978211,1117.2374598932256,0.002416041185336511,0.0,0.0
BC,FA,2024-01-01T00:00:00,F,56,199.4738473707621,42100.0,35699.99999999999,0.004738096137072734,80653.05267978211,1117.2374598932256,0.0024732336934937325,0.0,0.0
BC,FA,2024-01-01T00:00:00,F,57,205.15319046277727,42100.0,34800.0,0.004872997398165731,80653.05267978211,1117.2374598932256,0.0025436506573074144,0.0,0.0
BC,FA,2024-01-01T00:00:00,F,58,218.9594988836252,42100.0,36300.0,0.005200938215763069,80653.05267978211,1117.2374598932256,0.0027148321310659254,0.0,0.0
BC,FA,2024-01-01T00:00:00,F,59,234.64619976007816,42100.0,37800.0,0.005573543937294018,80653.05267978211,1117.2374598932256,0.002909328189866503,0.0,0.0
BC,FA,2024-01-01T00:00:00,F,60,255.06961212574242,42100.0,39900.00000000001,0.006058660620563953,80653.05267978211,1117.2374598932256,0.003162553724264458,0.0,0.0
BC,FA,2024-01-01T00:00:00,F,61,169.200275676827,42100.0,39900.0,0.004019008923440071,80653.05267978211,1117.2374598932256,0.002097878134242545,0.0,0.0
BC,FA,2024-01-01T00:00:00,F,62,277.9532159544542,42100.0,38500.0,0.006602214155687749,80653.05267978211,1117.2374598932256,0.003446282647949056,0.0,0.0
BC,FA,2024-01-01T00:00:00,F,63,196.0988258963407,42100.0,38700.0,0.004657929356207618,80653.05267978211,1117.2374598932256,0.0024313875219939226,0.0,0.0
BC,FA,2024-01-01T00:00:00,F,64,313.6486111238555,42100.0,38600.0,0.007450085774913432,80653.05267978211,1117.2374598932256,0.0038888622402073083,0.0,0.0
BC,FA,2024-01-01T00:00:00,F,65,230.45796238837647,42100.0,37899.99999999999,0.005474060864331983,80653.05267978211,1117.2374598932256,0.0028573991278838112,0.0,0.0
BC,FA,2024-01-01T00:00:00,F,66,250.1665318897867,42100.0,37500.0,0.005942197907120824,80653.05267978211,1117.2374598932256,0.003101761478056215,0.0,0.0
BC,FA,2024-01-01T00:00:00,F,67,168.29359800151724,42100.0,36500.00000000001,0.003997472636615611,80653.05267978211,1117.2374598932256,0.0020866364311056588,0.0,0.0
BC,FA,2024-01-01T00:00:00,F,68,189.6586616165223,42100.0,35800.00000000001,0.0045049563329340216,80653.05267978211,1117.2374598932256,0.0023515372985264005,0.0,0.0
BC,FA,2024-01-01T00:00:00,F,69,213.99826895490696,42100.0,35200.0,0.0050830942744633486,80653.05267978211,1117.2374598932256,0.0026533188992182,0.0,0.0
BC,FA,2024-01-01T00:00:00,F,70,232.5718650500712,42100.0,33800.0,0.005524272328980314,80653.05267978211,1117.2374598932256,0.0028836089561724886,0.0,0.0
BC,FA,2024-01-01T00:00:00,F,71,149.9353325032207,42100.0,32100.0,0.0035614093231168815,80653.05267978211,1117.2374598932256,0.0018590162123002455,0.0,0.0
BC,FA,2024-01-01T00:00:00,F,72,169.15110739872034,42100.0,30600.0,0.004017841030848464,80653.05267978211,1117.2374598932256,0.0020972685072479925,0.0,0.0
BC,FA,2024-01-01T00:00:00,F,73,95.58843380547114,42100.0,29500.0,0.0022705091165195045,80653.05267978211,1117.2374598932256,0.0011851806054382985,0.0,0.0
BC,FA,2024-01-01T00:00:00,F,74,131.34514087022035,42100.0,29000.0,0.003119837075302146,80653.05267978211,1117.2374598932256,0.0016285203908115136,0.0,0.0
BC,FA,2024-01-01T00:00:00,F,75,52.779428428471874,42100.0,27300.000000000007,0.0012536681336929186,80653.05267978211,1117.2374598932256,0.0006544008772739544,0.0,0.0
BC,FA,2024-01-01T00:00:00,F,76,92.59107212395611,42100.0,26700.0,0.002199312877053589,80653.05267978211,1117.2374598932256,0.0011480169571705075,0.0,0.0
BC,FA,2024-01-01T00:00:00,F,77,-65.81453391336981,42100.0,25800.000000000004,-0.0015632905917665038,80653.05267978211,1117.2374598932256,0.0,0.05890827713533675,0.0025509509268747984
BC,FA,2024-01-01T00:00:00,F,78,78.22478706015681,42100.0,20800.000000000004,0.0018580709515476678,80653.05267978211,1117.2374598932256,0.0009698924524374016,0.0,0.0
BC,FA,2024-01-01T00:00:00,F,79,-11.569737875750434,42100.0,18900.0,-0.0002748156265023856,80653.05267978211,1117.2374598932256,0.0,0.010355665909068385,0.0006121554431613986
BC,FA,2024-01-01T00:00:00,F,80,23.41786181608404,42100.0,18100.0,0.0005562437486005711,80653.05267978211,1117.2374598932256,0.0002903530745334624,0.0,0.0
BC,FA,2024-01-01T00:00:00,F,81,38.63117355902068,42100.0,16600.000000000004,0.0009176050726608238,80653.05267978211,1117.2374598932256,0.00047897968242316315,0.0,0.0
BC,FA,2024-01-01T00:00:00,F,82,40.100067882523945,42100.0,14799.999999999998,0.0009524956741692148,80653.05267978211,1117.2374598932256,0.0004971921898819352,0.0,0.0
BC,FA,2024-01-01T00:00:00,F,83,66.35571960035668,42100.0,13800.000000000002,0.001576145358678306,80653.05267978211,1117.2374598932256,0.0008227304162163543,0.0,0.0
BC,FA,2024-01-01T00:00:00,F,84,-30.378269873284808,42100.0,12200.000000000002,-0.0007215741062537959,80653.05267978211,1117.2374598932256,0.0,0.02719052212605551,0.0024900221207610493
BC,FA,2024-01-01T00:00:00,F,85,-19.314061017676067,42100.0,10999.999999999998,-0.0004587662949566762,80653.05267978211,1117.2374598932256,0.0,0.017287337482867707,0.0017558237288796427
BC,FA,2024-01-01T00:00:00,F,86,9.079395792165087,42100.0,10200.000000000002,0.00021566260788990707,80653.05267978211,1117.2374598932256,0.00011257349214310751,0.0,0.0
BC,FA,2024-01-01T00:00:00,F,87,-63.879039907607876,42100.0,9300.0,-0.0015173168624134888,80653.05267978211,1117.2374598932256,0.0,0.0571758844477993,0.006868713968559987
BC,FA,2024-01-01T00:00:00,F,88,-53.3027771148827,42100.0,8300.0,-0.0012660992188808242,80653.05267978211,1117.2374598932256,0.0,0.04770944318316793,0.0064220213391424944
BC,FA,2024-01-01T00:00:00,F,89,41.990585137351445,42100.0,7300.000000000001,0.000997401072146115,80653.05267978211,1117.2374598932256,0.0005206323101503328,0.0,0.0
BC,FA,2024-01-01T00:00:00,F,90,-55.798251343892844,42100.0,6299.999999999999,-0.0013253741411851031,80653.05267978211,1117.2374598932256,0.0,0.049943054495528175,0.008856865292681405
BC,FA,2024-01-01T00:00:00,F,91,-132.11798088849173,42100.0,5600.0,-0.0031381943203917274,80653.05267978211,1117.2374598932256,0.0,0.11825416317594493,0.023592496587230664
BC,FA,2024-01-01T00:00:00,F,92,-62.09130034365171,42100.0,4700.000000000001,-0.0014748527397541974,80653.05267978211,1117.2374598932256,0.0,0.055575741570270815,0.013210914966734403
BC,FA,2024-01-01T00:00:00,F,93,-61.31985946959048,42100.0,4100.0,-0.0014565287284938357,80653.05267978211,1117.2374598932256,0.0,0.05488525194585833,0.014956063285265971
BC,FA,2024-01-01T00:00:00,F,94,-18.278366571445986,42100.0,3300.0000000000005,-0.0004341654767564367,80653.05267978211,1117.2374598932256,0.0,0.016360323769660255,0.005538898961044238
BC,FA,2024-01-01T00:00:00,F,95,-67.56247800247593,42100.0,2600.0,-0.0016048094537405209,80653.05267978211,1117.2374598932256,0.0,0.060472800481406054,0.02598556846249074
BC,FA,2024-01-01T00:00:00,F,96,-22.5781413042223,42100.0,2100.0,-0.0005362978932119311,80653.05267978211,1117.2374598932256,0.0,0.02020890107496046,0.010751495859153476
BC,FA,2024-01-01T00:00:00,F,97,-74.71933000311833,42100.0,1600.0,-0.00177480593831635,80653.05267978211,1117.2374598932256,0.0,0.06687864727544962,0.04669958125194896
BC,FA,2024-01-01T00:00:00,F,98,-44.08355573669587,42100.0,1200.0,-0.0010471153381637975,80653.05267978211,1117.2374598932256,0.0,0.039457642013640444,0.03673629644724656
BC,FA,2024-01-01T00:00:00,F,99,-8.032397486667492,42100.0,900.0,-0.0001907932894695366,80653.05267978211,1117.2374598932256,0.0,0.007189516799262306,0.008924886096297213
BC,FA,2024-01-01T00:00:00,F,100,1111.9546387779008,42100.0,1700.0000000000002,0.02641222419900002,80653.05267978211,1117.2374598932256,0.01378688842929119,0.0,0.0
BC,FA,2024-01-01T00:00:00,M,1,475.6341876662191,42100.0,21999.999999999996,0.011297724172594278,80653.05267978211,1117.2374598932256,0.005897286858497915,0.0,0.0
BC,FA,2024-01-01T00:00:00,M,2,404.962708870582,42100.0,22400.0,0.0096190667190162,80653.05267978211,1117.2374598932256,0.005021046264403789,0.0,0.0
BC,FA,2024-01-01T00:00:00,M,3,303.577853278206,42100.0,23100.0,0.00721087537477924,80653.05267978211,1117.2374598932256,0.00376399706138223,0.0,0.0
BC,FA,2024-01-01T00:00:00,M,4,402.5352910719921,42100.0,23900.0,0.009561408339002188,80653.05267978211,1117.2374598932256,0.0049909492287934015,0.0,0.0
BC,FA,2024-01-01T00:00:00,M,5,402.10963597612135,42100.0,24300.0,0.009551297766653713,80653.05267978211,1117.2374598932256,0.004985671622035469,0.0,0.0
BC,FA,2024-01-01T00:00:00,M,6,501.6888850551295,42100.0,25100.000000000004,0.011916600595133718,80653.05267978211,1117.2374598932256,0.006220333494963812,0.0,0.0
BC,FA,2024-01-01T00:00:00,M,7,401.50646164098725,42100.0,26000.000000000004,0.009536970585296609,80653.05267978211,1117.2374598932256,0.004978192992087896,0.0,0.0
BC,FA,2024-01-01T00:00:00,M,8,401.524115488337,42100.0,26300.0,0.009537389916587577,80653.05267978211,1117.2374598932256,0.004978411878376303,0.0,0.0
BC,FA,2024-01-01T00:00:00,M,9,401.5711924146199,42100.0,27100.0,0.009538508133363892,80653.05267978211,1117.2374598932256,0.004978995575145597,0.0,0.0
BC,FA,2024-01-01T00:00:00,M,10,401.55942318305097,42100.0,26900.000000000004,0.009538228579169857,80653.05267978211,1117.2374598932256,0.004978849650953296,0.0,0.0
BC,FA,2024-01-01T00:00:00,M,11,401.57707703040796,42100.0,27200.0,0.009538647910460997,80653.05267978211,1117.2374598932256,0.004979068537241793,0.0,0.0
BC,FA,2024-01-01T00:00:00,M,12,302.0792317104788,42100.0,26800.0,0.007175278662956741,80653.05267978211,1117.2374598932256,0.003745415972161996,0.0,0.0
BC,FA,2024-01-01T00:00:00,M,13,302.3126553378388,42100.0,26500.0,0.0071808231671695675,80653.05267978211,1117.2374598932256,0.003748310141937402,0.0,0.0
BC,FA,2024-01-01T00:00:00,M,14,503.15415770042455,42100.0,27300.0,0.011951405171031462,80653.05267978211,1117.2374598932256,0.006238501098006844,0.0,0.0
BC,FA,2024-01-01T00:00:00,M,15,804.2683161915484,42100.0,28000.0,0.019103760479609225,80653.05267978211,1117.2374598932256,0.00997195133313485,0.0,0.0
BC,FA,2024-01-01T00:00:00,M,16,1306.4495612271276,42100.0,28700.000000000004,0.031032056086155047,80653.05267978211,1117.2374598932256,0.016198389494494918,0.0,0.0
BC,FA,2024-01-01T00:00:00,M,17,1209.2035886484628,42100.0,28800.000000000004,0.028722175502338784,80653.05267978211,1117.2374598932256,0.0149926574192967,0.0,0.0
BC,FA,2024-01-01T00:00:00,M,18,1812.2253809890535,42100.0,29500.0,0.043045733515179416,80653.05267978211,1117.2374598932256,0.0224693960213032,0.0,0.0
BC,FA,2024-01-01T00:00:00,M,19,3516.0445623070627,42100.0,32199.999999999996,0.08351649791703238,80653.05267978211,1117.2374598932256,0.04359468669173455,0.0,0.0
BC,FA,2024-01-01T00:00:00,M,20,2521.384952864584,42100.0,34100.0,0.05989037892789986,80653.05267978211,1117.2374598932256,0.03126211431668027,0.0,0.0
BC,FA,2024-01-01T00:00:00,M,21,1126.2163414642491,42100.0,34100.0,0.026750981982523733,80653.05267978211,1117.2374598932256,0.013963716239429658,0.0,0.0
BC,FA,2024-01-01T00:00:00,M,22,529.7354610873081,42100.0,33100.0,0.012582790049579764,80653.05267978211,1117.2374598932256,0.006568077009936919,0.0,0.0
BC,FA,2024-01-01T00:00:00,M,23,335.2926675704075,42100.0,34900.0,0.007964196379344595,80653.05267978211,1117.2374598932256,0.0041572222802480205,0.0,0.0
BC,FA,2024-01-01T00:00:00,M,24,340.34183290308283,42100.0,36699.99999999999,0.008084129047579165,80653.05267978211,1117.2374598932256,0.004219825804416189,0.0,0.0
BC,FA,2024-01-01T00:00:00,M,25,543.1842106487311,42100.0,37500.0,0.012902237782630192,80653.05267978211,1117.2374598932256,0.0067348251876508955,0.0,0.0
BC,FA,2024-01-01T00:00:00,M,26,645.7294150558446,42100.0,37900.0,0.015337990856433363,80653.05267978211,1117.2374598932256,0.008006261308168864,0.0,0.0
BC,FA,2024-01-01T00:00:00,M,27,949.326044786183,42100.0,39000.0,0.02254931222770031,80653.05267978211,1117.2374598932256,0.011770491174776793,0.0,0.0
BC,FA,2024-01-01T00:00:00,M,28,853.0325331716158,42100.0,39700.0,0.020262055419753344,80653.05267978211,1117.2374598932256,0.010576568459949337,0.0,0.0
BC,FA,2024-01-01T00:00:00,M,29,857.7728124321657,42100.0,40600.0,0.020374651126654767,80653.05267978211,1117.2374598932256,0.010635342171582674,0.0,0.0
BC,FA,2024-01-01T00:00:00,M,30,862.2963637745197,42100.0,41000.0,0.020482098902007594,80653.05267978211,1117.2374598932256,0.010691428719977983,0.0,0.0
BC,FA,2024-01-01T00:00:00,M,31,767.6948320260053,42100.0,41300.0,0.018235031639572574,80653.05267978211,1117.2374598932256,0.009518484502675855,0.0,0.0
BC,FA,2024-01-01T00:00:00,M,32,673.5444943438197,42100.0,41800.0,0.0159986815758627,80653.05267978211,1117.2374598932256,0.008351134544379893,0.0,0.0
BC,FA,2024-01-01T00:00:00,M,33,678.5575420941968,42100.0,42099.99999999999,0.01611775634428021,80653.05267978211,1117.2374598932256,0.00841329025434763,0.0,0.0
BC,FA,2024-01-01T00:00:00,M,34,783.8354288499831,42100.0,42600.0,0.018618418737529292,80653.05267978211,1117.2374598932256,0.009718608320531343,0.0,0.0
BC,FA,2024-01-01T00:00:00,M,35,686.2915014596074,42100.0,42100.0,0.016301460842270958,80653.05267978211,1117.2374598932256,0.008509181967164959,0.0,0.0
BC,FA,2024-01-01T00:00:00,M,36,587.2076936824524,42100.0,41100.0,0.01394792621573521,80653.05267978211,1117.2374598932256,0.007280662965279825,0.0,0.0
BC,FA,2024-01-01T00:00:00,M,37,489.1556841822603,42100.0,40799.99999999999,0.011618899861811409,80653.05267978211,1117.2374598932256,0.006064937010188091,0.0,0.0
BC,FA,2024-01-01T00:00:00,M,38,492.7828645641639,42100.0,41000.00000000001,0.01170505616541957,80653.05267978211,1117.2374598932256,0.006109909646206032,0.0,0.0
BC,FA,2024-01-01T00:00:00,M,39,295.18013412738946,42100.0,40300.00000000001,0.007011404611101888,80653.05267978211,1117.2374598932256,0.003659875532539941,0.0,0.0
BC,FA,2024-01-01T00:00:00,M,40,396.64173257852235,42100.0,39400.0,0.009421418826093167,80653.05267978211,1117.2374598932256,0.004917876253900944,0.0,0.0
BC,FA,2024-01-01T00:00:00,M,41,398.2808835371179,42100.0,38400.0,0.009460353528197575,80653.05267978211,1117.2374598932256,0.004938199737069071,0.0,0.0
BC,FA,2024-01-01T00:00:00,M,42,500.97348079072253,42100.0,37699.99999999999,0.011899607619732126,80653.05267978211,1117.2374598932256,0.0062114633500574895,0.0,0.0
BC,FA,2024-01-01T00:00:00,M,43,402.9667847415549,42100.0,36500.0,0.009571657594811279,80653.05267978211,1117.2374598932256,0.0049962992267814,0.0,0.0
BC,FA,2024-01-01T00:00:00,M,44,404.70314328077075,42100.0,35300.0,0.009612901265576502,80653.05267978211,1117.2374598932256,0.00501782796601102,0.0,0.0
BC,FA,2024-01-01T00:00:00,M,45,405.14481818189233,42100.0,33799.99999999999,0.009623392355864426,80653.05267978211,1117.2374598932256,0.005023304198917854,0.0,0.0
BC,FA,2024-01-01T00:00:00,M,46,307.42559574919505,42100.0,32699.999999999996,0.007302270682878743,80653.05267978211,1117.2374598932256,0.0038117043997053777,0.0,0.0
BC,FA,2024-01-01T00:00:00,M,47,312.8156566943653,42100.0,32600.0,0.007430300634070435,80653.05267978211,1117.2374598932256,0.003878534615873022,0.0,0.0
BC,FA,2024-01-01T00:00:00,M,48,317.01994368883607,42100.0,32099.999999999996,0.00753016493322651,80653.05267978211,1117.2374598932256,0.003930662673705664,0.0,0.0
BC,FA,2024-01-01T00:00:00,M,49,323.5910814195886,42100.0,32100.0,0.007686248964835833,80653.05267978211,1117.2374598932256,0.004012136809059746,0.0,0.0
BC,FA,2024-01-01T00:00:00,M,50,229.65716115103714,42100.0,31799.999999999996,0.005455039457269291,80653.05267978211,1117.2374598932256,0.002847470164121971,0.0,0.0
BC,FA,2024-01-01T00:00:00,M,51,137.55263220208872,42100.0,31800.0,0.0032672834252277603,80653.05267978211,1117.2374598932256,0.0017054857520175431,0.0,0.0
BC,FA,2024-01-01T00:00:00,M,52,247.9533389804601,42100.0,32399.999999999996,0.005889628004286464,80653.05267978211,1117.2374598932256,0.0030743205711619196,0.0,0.0
BC,FA,2024-01-01T00:00:00,M,53,166.05005035027716,42100.0,34200.0,0.0039441817185339,80653.05267978211,1117.2374598932256,0.0020588191622398708,0.0,0.0
BC,FA,2024-01-01T00:00:00,M,54,177.14461652602768,42100.0,34400.0,0.004207710606318947,80653.05267978211,1117.2374598932256,0.0021963783222111546,0.0,0.0
BC,FA,2024-01-01T00:00:00,M,55,185.87653101996693,42100.0,33900.0,0.004415119501661922,80653.05267978211,1117.2374598932256,0.002304643467841881,0.0,0.0
BC,FA,2024-01-01T00:00:00,M,56,193.17949182845769,42100.0,33100.0,0.0045885865042389,80653.05267978211,1117.2374598932256,0.002395191321467283,0.0,0.0
BC,FA,2024-01-01T00:00:00,M,57,203.35568972073452,42100.0,32699.999999999996,0.004830301418544763,80653.05267978211,1117.2374598932256,0.00252136382894421,0.0,0.0
BC,FA,2024-01-01T00:00:00,M,58,225.7826131900074,42100.0,34000.0,0.005363007439192575,80653.05267978211,1117.2374598932256,0.002799430470244383,0.0,0.0
BC,FA,2024-01-01T00:00:00,M,59,254.95283782630577,42100.0,35900.0,0.006055886884235292,80653.05267978211,1117.2374598932256,0.003161105864629184,0.0,0.0
BC,FA,2024-01-01T00:00:00,M,60,184.68494625590392,42100.0,37300.0,0.004386815825555912,80653.05267978211,1117.2374598932256,0.0022898692624712053,0.0,0.0
BC,FA,2024-01-01T00:00:00,M,61,210.9454164334893,42100.0,38000.0,0.00501057996279072,80653.05267978211,1117.2374598932256,0.0026154672318605063,0.0,0.0
BC,FA,2024-01-01T00:00:00,M,62,220.96645151660778,42100.0,36500.0,0.005248609299681895,80653.05267978211,1117.2374598932256,0.002739715908756905,0.0,0.0
BC,FA,2024-01-01T00:00:00,M,63,245.38452470664924,42100.0,36500.0,0.00582861103816269,80653.05267978211,1117.2374598932256,0.003042470390809666,0.0,0.0
BC,FA,2024-01-01T00:00:00,M,64,166.87646806341218,42100.0,35900.0,0.003963811592955158,80653.05267978211,1117.2374598932256,0.002069065739222098,0.0,0.0
BC,FA,2024-01-01T00:00:00,M,65,283.85711712613556,42100.0,34900.0,0.006742449337912959,80653.05267978211,1117.2374598932256,0.003519483859502966,0.0,0.0
BC,FA,2024-01-01T00:00:00,M,66,214.7651389663224,42100.0,34800.0,0.005101309714164428,80653.05267978211,1117.2374598932256,0.0026628271569460278,0.0,0.0
BC,FA,2024-01-01T00:00:00,M,67,231.1442950273631,42100.0,33399.99999999999,0.0054903633023126635,80653.05267978211,1117.2374598932256,0.002865908819906401,0.0,0.0
BC,FA,2024-01-01T00:00:00,M,68,160.4569547843239,42100.0,32800.0,0.003811329092264226,80653.05267978211,1117.2374598932256,0.0019894715631085694,0.0,0.0
BC,FA,2024-01-01T00:00:00,M,69,283.1517085325322,42100.0,31800.0,0.006725693789371312,80653.05267978211,1117.2374598932256,0.003510737648787247,0.0,0.0
BC,FA,2024-01-01T00:00:00,M,70,197.3300330716811,42100.0,30000.0,0.004687174182225204,80653.05267978211,1117.2374598932256,0.0024466529971920985,0.0,0.0
BC,FA,2024-01-01T00:00:00,M,71,223.47512427806942,42100.0,29000.0,0.005308197726319939,80653.05267978211,1117.2374598932256,0.002770820407323399,0.0,0.0
BC,FA,2024-01-01T00:00:00,M,72,145.5939480942252,42100.0,27600.0,0.0034582885533070117,80653.05267978211,1117.2374598932256,0.0018051883128624875,0.0,0.0
BC,FA,2024-01-01T00:00:00,M,73,174.341923192369,42100.0,26600.0,0.004141138318108527,80653.05267978211,1117.2374598932256,0.002161628325273205,0.0,0.0
BC,FA,2024-01-01T00:00:00,M,74,114.18600947670348,42100.0,25899.999999999996,0.002712256757166353,80653.05267978211,1117.2374598932256,0.001415767980042339,0.0,0.0
BC,FA,2024-01-01T00:00:00,M,75,134.53359498580176,42100.0,24399.999999999996,0.0031955723274537232,80653.05267978211,1117.2374598932256,0.0016680533534166684,0.0,0.0
BC,FA,2024-01-01T00:00:00,M,76,87.51058821444894,42100.0,23999.999999999996,0.0020786362996306164,80653.05267978211,1117.2374598932256,0.001085025120647242,0.0,0.0
BC,FA,2024-01-01T00:00:00,M,77,127.51640229050827,42100.0,23100.0,0.003028893166045327,80653.05267978211,1117.2374598932256,0.0015810486776835137,0.0,0.0
BC,FA,2024-01-01T00:00:00,M,78,45.01809433053495,42100.0,18500.0,0.0010693134045257709,80653.05267978211,1117.2374598932256,0.0005581697509860028,0.0,0.0
BC,FA,2024-01-01T00:00:00,M,79,43.69924365396946,42100.0,16700.0,0.001037986785129916,80653.05267978211,1117.2374598932256,0.0005418176027071059,0.0,0.0
BC,FA,2024-01-01T00:00:00,M,80,-18.427859850875393,42100.0,15900.0,-0.0004377163860065414,80653.05267978211,1117.2374598932256,0.0,0.016494129952137965,0.0011589848962814712
BC,FA,2024-01-01T00:00:00,M,81,-5.817043246383037,42100.0,14599.999999999998,-0.00013817204860767308,80653.05267978211,1117.2374598932256,0.0,0.005206631047744292,0.00039842761961527654
BC,FA,2024-01-01T00:00:00,M,82,72.8902362411227,42100.0,12800.0,0.0017313595306679974,80653.05267978211,1117.2374598932256,0.0009037504944855562,0.0,0.0
BC,FA,2024-01-01T00:00:00,M,83,-26.508781834783804,42100.0,11400.0,-0.0006296622763606604,80653.05267978211,1117.2374598932256,0.0,0.02372707932413692,0.0023253317398933162
BC,FA,2024-01-01T00:00:00,M,84,-26.546806898611976,42100.0,10199.999999999998,-0.0006305654845276004,80653.05267978211,1117.2374598932256,0.0,0.023761114222887812,0.0026026281273149
BC,FA,2024-01-01T00:00:00,M,85,66.26695618481972,42100.0,9100.0,0.0015740369640099695,80653.05267978211,1117.2374598932256,0.0008216298575569148,0.0,0.0
BC,FA,2024-01-01T00:00:00,M,86,49.97195140675922,42100.0,7899.999999999999,0.0011869822186878673,80653.05267978211,1117.2374598932256,0.0006195915684079997,0.0,0.0
BC,FA,2024-01-01T00:00:00,M,87,48.07499023402306,42100.0,7000.0,0.0011419237585278638,80653.05267978211,1117.2374598932256,0.0005960715513756911,0.0,0.0
BC,FA,2024-01-01T00:00:00,M,88,57.04364606500167,42100.0,6300.0,0.001354955963539232,80653.05267978211,1117.2374598932256,0.0007072720023565979,0.0,0.0
BC,FA,2024-01-01T00:00:00,M,89,17.68826157393596,42100.0,5200.0,0.0004201487309723506,80653.05267978211,1117.2374598932256,0.0002193129830331891,0.0,0.0
BC,FA,2024-01-01T00:00:00,M,90,8.402585949438617,42100.0,4500.0,0.0001995863645947415,80653.05267978211,1117.2374598932256,0.00010418187124050365,0.0,0.0
BC,FA,2024-01-01T00:00:00,M,91,-24.561146085724886,42100.0,3700.0,-0.0005834001445540353,80653.05267978211,1117.2374598932256,0.0,0.02198381898873333,0.006638147590736456
BC,FA,2024-01-01T00:00:00,M,92,39.52832139116117,42100.0,3100.0,0.0009389149974147546,80653.05267978211,1117.2374598932256,0.0004901032270669405,0.0,0.0
BC,FA,2024-01-01T00:00:00,M,93,-98.99679275774724,42100.0,2399.9999999999995,-0.0023514677614666804,80653.05267978211,1117.2374598932256,0.0,0.08860855128077103,0.04124866364906136
BC,FA,2024-01-01T00:00:00,M,94,25.895691796816664,42100.0,1899.9999999999995,0.0006150995676203483,80653.05267978211,1117.2374598932256,0.00032107516003926936,0.0,0.0
BC,FA,2024-01-01T00:00:00,M,95,47.30169501845239,42100.0,1400.0,0.0011235557011508883,80653.05267978211,1117.2374598932256,0.0005864836289117901,0.0,0.0
BC,FA,2024-01-01T00:00:00,M,96,66.20755688050986,42100.0,1000.0,0.0015726260541688802,80653.05267978211,1117.2374598932256,0.0008208933782503509,0.0,0.0
BC,FA,2024-01-01T00:00:00,M,97,-82.65444982238148,42100.0,600.0,-0.0019632885943558546,80653.05267978211,1117.2374598932256,0.0,0.07398109425213935,0.1377574163706358
BC,FA,2024-01-01T00:00:00,M,98,-42.88449854389353,42100.0,400.0,-0.0010186341696886824,80653.05267978211,1117.2374598932256,0.0,0.03838440804517242,0.10721124635973382
BC,FA,2024-01-01T00:00:00,M,99,13.113956545325948,42100.0,300.0,0.0003114954048771009,80653.05267978211,1117.2374598932256,0.0001625971505057901,0.0,0.0
BC,FA,2024-01-01T00:00:00,M,100,291.23145592526066,42100.0,499.9999999999999,0.006917611779697403,80653.05267978211,1117.2374598932256,0.0036109167136120788,0.0,0.0
BC,FA,2025-01-01T00:00:00,F,1,267.2731951867936,42100.0,20700.0,0.00634853195218037,75682.1791100704,1131.3372125027763,0.003531520872279294,0.0,0.0
BC,FA,2025-01-01T00:00:00,F,2,303.01993748570385,42100.0,21099.999999999996,0.00719762321818774,75682.1791100704,1131.3372125027763,0.004003847947414393,0.0,0.0
BC,FA,2025-01-01T00:00:00,F,3,302.4507930627333,42100.0,21399.999999999996,0.007184104348283451,75682.1791100704,1131.3372125027763,0.0039963277566685265,0.0,0.0
BC,FA,2025-01-01T00:00:00,F,4,302.1004018698186,42100.0,21999.999999999996,0.007175781517097829,75682.1791100704,1131.3372125027763,0.003991697985207995,0.0,0.0
BC,FA,2025-01-01T00:00:00,F,5,401.91649510058414,42100.0,22400.0,0.009546710097401049,75682.1791100704,1131.3372125027763,0.005310583017384398,0.0,0.0
BC,FA,2025-01-01T00:00:00,F,6,401.7654979505969,42100.0,23199.999999999996,0.009543123466760022,75682.1791100704,1131.3372125027763,0.005308587869361934,0.0,0.0
BC,FA,2025-01-01T00:00:00,F,7,401.605789561705,42100.0,24099.999999999996,0.009539329918330286,75682.1791100704,1131.3372125027763,0.0053064776184314,0.0,0.0
BC,FA,2025-01-01T00:00:00,F,8,301.41704349865904,42100.0,24700.0,0.007159549726809003,75682.1791100704,1131.3372125027763,0.00398266866840984,0.0,0.0
BC,FA,2025-01-01T00:00:00,F,9,301.4286586093003,42100.0,24900.0,0.007159825620173405,75682.1791100704,1131.3372125027763,0.003982822140611325,0.0,0.0
BC,FA,2025-01-01T00:00:00,F,10,401.44027371994525,42100.0,25200.0,0.009535398425651907,75682.1791100704,1131.3372125027763,0.005304290632753846,0.0,0.0
BC,FA,2025-01-01T00:00:00,F,11,301.4576963859108,42100.0,25399.999999999996,0.00716051535358458,75682.1791100704,1131.3372125027763,0.003983205821115137,0.0,0.0
BC,FA,2025-01-01T00:00:00,F,12,301.7277482625941,42100.0,25800.0,0.007166929887472544,75682.1791100704,1131.3372125027763,0.003986774057123385,0.0,0.0
BC,FA,2025-01-01T00:00:00,F,13,301.9745700763269,42100.0,25800.0,0.0071727926383925635,75682.1791100704,1131.3372125027763,0.003990035350820728,0.0,0.0
BC,FA,2025-01-01T00:00:00,F,14,502.2039693656734,42100.0,25800.0,0.01192883537685685,75682.1791100704,1131.3372125027763,0.006635696477968475,0.0,0.0
BC,FA,2025-01-01T00:00:00,F,15,903.0199345796755,42100.0,26900.0,0.02144940462184502,75682.1791100704,1131.3372125027763,0.011931738028662525,0.0,0.0
BC,FA,2025-01-01T00:00:00,F,16,1604.393431102988,42100.0,28300.0,0.038109107627149356,75682.1791100704,1131.3372125027763,0.021199091384110327,0.0,0.0
BC,FA,2025-01-01T00:00:00,F,17,1306.5277298713954,42100.0,29399.999999999996,0.031033912823548584,75682.1791100704,1131.3372125027763,0.01726334713448475,0.0,0.0
BC,FA,2025-01-01T00:00:00,F,18,1808.2467920436065,42100.0,30200.0,0.04295123021481251,75682.1791100704,1131.3372125027763,0.023892636460873234,0.0,0.0
BC,FA,2025-01-01T00:00:00,F,19,3410.105243501752,42100.0,32400.0,0.0810001245487352,75682.1791100704,1131.3372125027763,0.045058232778183806,0.0,0.0
BC,FA,2025-01-01T00:00:00,F,20,2112.5802739879764,42100.0,33800.0,0.050180054013966184,75682.1791100704,1131.3372125027763,0.027913840468513584,0.0,0.0
BC,FA,2025-01-01T00:00:00,F,21,914.4174364449063,42100.0,34000.0,0.02172012913170799,75682.1791100704,1131.3372125027763,0.012082334932705874,0.0,0.0
BC,FA,2025-01-01T00:00:00,F,22,215.09984726230323,42100.0,32700.000000000004,0.00510926002998345,75682.1791100704,1131.3372125027763,0.002842146589746934,0.0,0.0
BC,FA,2025-01-01T00:00:00,F,23,415.549953827016,42100.0,31899.999999999996,0.009870545221544322,75682.1791100704,1131.3372125027763,0.005490723955274198,0.0,0.0
BC,FA,2025-01-01T00:00:00,F,24,617.2370840585136,42100.0,34200.0,0.014661213398064456,75682.1791100704,1131.3372125027763,0.008155646300310914,0.0,0.0
BC,FA,2025-01-01T00:00:00,F,25,817.9552958942659,42100.0,35799.99999999999,0.019428866885849546,75682.1791100704,1131.3372125027763,0.010807766181053675,0.0,0.0
BC,FA,2025-01-01T00:00:00,F,26,718.3144018121675,42100.0,36400.0,0.017062099805514666,75682.1791100704,1131.3372125027763,0.00949119608154342,0.0,0.0
BC,FA,2025-01-01T00:00:00,F,27,918.8167689567854,42100.0,36900.0,0.02182462634101628,75682.1791100704,1131.3372125027763,0.012140463973962479,0.0,0.0
BC,FA,2025-01-01T00:00:00,F,28,819.2717073097592,42100.0,37000.0,0.019460135565552476,75682.1791100704,1131.3372125027763,0.010825160122810807,0.0,0.0
BC,FA,2025-01-01T00:00:00,F,29,920.8552723293833,42100.0,38700.0,0.02187304684867894,75682.1791100704,1131.3372125027763,0.012167399025206619,0.0,0.0
BC,FA,2025-01-01T00:00:00,F,30,921.7583759141271,42100.0,39000.0,0.021894498240240548,75682.1791100704,1131.3372125027763,0.012179331868517464,0.0,0.0
BC,FA,2025-01-01T00:00:00,F,31,923.2248309120114,42100.0,39600.0,0.021929330900522837,75682.1791100704,1131.3372125027763,0.012198708358665185,0.0,0.0
BC,FA,2025-01-01T00:00:00,F,32,625.2981978637545,42100.0,40200.0,0.014852688785362339,75682.1791100704,1131.3372125027763,0.008262159007794099,0.0,0.0
BC,FA,2025-01-01T00:00:00,F,33,627.5090184336368,42100.0,41200.00000000001,0.014905202338091136,75682.1791100704,1131.3372125027763,0.008291370912047898,0.0,0.0
BC,FA,2025-01-01T00:00:00,F,34,729.7643797861965,42100.0,41700.0,0.017334070778769514,75682.1791100704,1131.3372125027763,0.009642486360294201,0.0,0.0
BC,FA,2025-01-01T00:00:00,F,35,632.2133381457752,42100.0,42200.00000000001,0.015016943898949529,75682.1791100704,1131.3372125027763,0.008353529794990428,0.0,0.0
BC,FA,2025-01-01T00:00:00,F,36,634.6110251930731,42100.0,41700.0,0.015073896085346155,75682.1791100704,1131.3372125027763,0.008385210794077554,0.0,0.0
BC,FA,2025-01-01T00:00:00,F,37,537.122941486552,42100.0,41300.0,0.012758264643386034,75682.1791100704,1131.3372125027763,0.007097086101410649,0.0,0.0
BC,FA,2025-01-01T00:00:00,F,38,439.2031609597543,42100.0,40500.0,0.010432379120184188,75682.1791100704,1131.3372125027763,0.0058032573338168214,0.0,0.0
BC,FA,2025-01-01T00:00:00,F,39,441.3491843614029,42100.0,40700.0,0.01048335354777679,75682.1791100704,1131.3372125027763,0.005831613063354253,0.0,0.0
BC,FA,2025-01-01T00:00:00,F,40,442.5475832873708,42100.0,40000.0,0.010511819080460115,75682.1791100704,1131.3372125027763,0.005847447688361878,0.0,0.0
BC,FA,2025-01-01T00:00:00,F,41,343.7469399847105,42100.0,39600.0,0.008165010450943241,75682.1791100704,1131.3372125027763,0.004541979948605509,0.0,0.0
BC,FA,2025-01-01T00:00:00,F,42,444.5775066296046,42100.0,39100.0,0.010560035786926476,75682.1791100704,1131.3372125027763,0.005874269370376102,0.0,0.0
BC,FA,2025-01-01T00:00:00,F,43,345.7187912764639,42100.0,38700.0,0.00821184777378774,75682.1791100704,1131.3372125027763,0.0045680343158943475,0.0,0.0
BC,FA,2025-01-01T00:00:00,F,44,345.96666332735913,42100.0,37400.0,0.00821773547095865,75682.1791100704,1131.3372125027763,0.004571309486533062,0.0,0.0
BC,FA,2025-01-01T00:00:00,F,45,347.343198921335,42100.0,36800.00000000001,0.008250432278416509,75682.1791100704,1131.3372125027763,0.004589497858091099,0.0,0.0
BC,FA,2025-01-01T00:00:00,F,46,347.6327275996737,42100.0,35200.0,0.00825730944417277,75682.1791100704,1131.3372125027763,0.0045933234440050244,0.0,0.0
BC,FA,2025-01-01T00:00:00,F,47,348.5649896423929,42100.0,34200.0,0.008279453435686292,75682.1791100704,1131.3372125027763,0.004605641562400682,0.0,0.0
BC,FA,2025-01-01T00:00:00,F,48,251.21447132196772,42100.0,33900.0,0.005967089580094245,75682.1791100704,1131.3372125027763,0.003319334541842502,0.0,0.0
BC,FA,2025-01-01T00:00:00,F,49,155.12332219216478,42100.0,34200.00000000001,0.003684639481999163,75682.1791100704,1131.3372125027763,0.002049667755556523,0.0,0.0
BC,FA,2025-01-01T00:00:00,F,50,158.39143351595703,42100.0,33800.00000000001,0.003762266829357649,75682.1791100704,1131.3372125027763,0.0020928498013461825,0.0,0.0
BC,FA,2025-01-01T00:00:00,F,51,162.77182311547222,42100.0,33700.0,0.003866314088253497,75682.1791100704,1131.3372125027763,0.0021507285470565092,0.0,0.0
BC,FA,2025-01-01T00:00:00,F,52,168.0534709929343,42100.0,33900.0,0.003991768907195589,75682.1791100704,1131.3372125027763,0.0022205157537618105,0.0,0.0
BC,FA,2025-01-01T00:00:00,F,53,174.37288233501022,42100.0,34400.0,0.004141873689667701,75682.1791100704,1131.3372125027763,0.0023040150849965137,0.0,0.0
BC,FA,2025-01-01T00:00:00,F,54,185.97187775705243,42100.0,36800.0,0.004417384269763716,75682.1791100704,1131.3372125027763,0.002457274353670225,0.0,0.0
BC,FA,2025-01-01T00:00:00,F,55,193.8384410028666,42100.0,37100.0,0.004604238503631035,75682.1791100704,1131.3372125027763,0.0025612164353903248,0.0,0.0
BC,FA,2025-01-01T00:00:00,F,56,201.44380714502768,42100.0,37000.00000000001,0.004784888530760752,75682.1791100704,1131.3372125027763,0.0026617072805482055,0.0,0.0
BC,FA,2025-01-01T00:00:00,F,57,206.4395695996136,42100.0,35800.00000000001,0.0049035527220810836,75682.1791100704,1131.3372125027763,0.002727717040221222,0.0,0.0
BC,FA,2025-01-01T00:00:00,F,58,212.51579942480748,42100.0,34900.0,0.0050478812214918645,75682.1791100704,1131.3372125027763,0.0028080031775476423,0.0,0.0
BC,FA,2025-01-01T00:00:00,F,59,127.5572329761635,42100.0,36300.0,0.0030298630160608907,75682.1791100704,1131.3372125027763,0.0016854328783351658,0.0,0.0
BC,FA,2025-01-01T00:00:00,F,60,244.90501729938842,42100.0,37900.0,0.0058172213135246655,75682.1791100704,1131.3372125027763,0.003235966778165891,0.0,0.0
BC,FA,2025-01-01T00:00:00,F,61,166.47594139805733,42100.0,39900.00000000001,0.003954297895440792,75682.1791100704,1131.3372125027763,0.0021996716182806865,0.0,0.0
BC,FA,2025-01-01T00:00:00,F,62,281.92847931220604,42100.0,40000.0,0.006696638463472827,75682.1791100704,1131.3372125027763,0.003725163342643396,0.0,0.0
BC,FA,2025-01-01T00:00:00,F,63,191.94684384803986,42100.0,38500.00000000001,0.0045593074548227995,75682.1791100704,1131.3372125027763,0.0025362224780668225,0.0,0.0
BC,FA,2025-01-01T00:00:00,F,64,311.30506780411815,42100.0,38800.0,0.007394419662805657,75682.1791100704,1131.3372125027763,0.004113320618733286,0.0,0.0
BC,FA,2025-01-01T00:00:00,F,65,130.94211967982847,42100.0,38500.0,0.0031102641254116027,75682.1791100704,1131.3372125027763,0.0017301578947586762,0.0,0.0
BC,FA,2025-01-01T00:00:00,F,66,148.77379522401316,42100.0,37800.00000000001,0.003533819363990811,75682.1791100704,1131.3372125027763,0.0019657705020311323,0.0,0.0
BC,FA,2025-01-01T00:00:00,F,67,170.47840941800678,42100.0,37400.0,0.004049368394727002,75682.1791100704,1131.3372125027763,0.002252556829396613,0.0,0.0
BC,FA,2025-01-01T00:00:00,F,68,189.7758781730954,42100.0,36399.99999999999,0.004507740574182789,75682.1791100704,1131.3372125027763,0.0025075371825260184,0.0,0.0
BC,FA,2025-01-01T00:00:00,F,69,213.3420466066018,42100.0,35700.0,0.005067507045287453,75682.1791100704,1131.3372125027763,0.0028189205056625296,0.0,0.0
BC,FA,2025-01-01T00:00:00,F,70,239.79579459754314,42100.0,35100.00000000001,0.0056958621044547065,75682.1791100704,1131.3372125027763,0.003168457851204175,0.0,0.0
BC,FA,2025-01-01T00:00:00,F,71,160.3285629004531,42100.0,33600.0,0.003808279403811238,75682.1791100704,1131.3372125027763,0.0021184453828592196,0.0,0.0
BC,FA,2025-01-01T00:00:00,F,72,78.58490673525012,42100.0,31800.0,0.001866624863070074,75682.1791100704,1131.3372125027763,0.001038354176099476,0.0,0.0
BC,FA,2025-01-01T00:00:00,F,73,99.72619314553958,42100.0,30300.000000000007,0.0023687931863548596,75682.1791100704,1131.3372125027763,0.0013176971688473732,0.0,0.0
BC,FA,2025-01-01T00:00:00,F,74,127.36930635425597,42100.0,29200.0,0.003025399200813681,75682.1791100704,1131.3372125027763,0.0016829497756534338,0.0,0.0
BC,FA,2025-01-01T00:00:00,F,75,66.48785954615596,42100.0,28600.000000000004,0.0015792840747305453,75682.1791100704,1131.3372125027763,0.0008785140746206259,0.0,0.0
BC,FA,2025-01-01T00:00:00,F,76,88.34661632880307,42100.0,26899.999999999996,0.002098494449615275,75682.1791100704,1131.3372125027763,0.0011673371111621113,0.0,0.0
BC,FA,2025-01-01T00:00:00,F,77,31.694471915510803,42100.0,26200.0,0.0007528378127199715,75682.1791100704,1131.3372125027763,0.00041878381791062203,0.0,0.0
BC,FA,2025-01-01T00:00:00,F,78,72.78942490291229,42100.0,25300.0,0.0017289649620644248,75682.1791100704,1131.3372125027763,0.0009617776041708451,0.0,0.0
BC,FA,2025-01-01T00:00:00,F,79,15.420432275852363,42100.0,20299.999999999996,0.000366281051682954,75682.1791100704,1131.3372125027763,0.000203752487800665,0.0,0.0
BC,FA,2025-01-01T00:00:00,F,80,23.498790106070373,42100.0,18400.0,0.0005581660357736431,75682.1791100704,1131.3372125027763,0.00031049304317591435,0.0,0.0
BC,FA,2025-01-01T00:00:00,F,81,-38.802374400082044,42100.0,17500.0,-0.0009216716009520676,75682.1791100704,1131.3372125027763,0.0,0.034297797306819186,0.0022172785371475452
BC,FA,2025-01-01T00:00:00,F,82,-23.154545246121415,42100.0,16000.000000000002,-0.0005499891982451643,75682.1791100704,1131.3372125027763,0.0,0.02046652844990246,0.0014471590778825883
BC,FA,2025-01-01T00:00:00,F,83,-22.949528825216476,42100.0,14199.999999999998,-0.0005451194495300826,75682.1791100704,1131.3372125027763,0.0,0.02028531243522599,0.0016161640017758082
BC,FA,2025-01-01T00:00:00,F,84,-95.37109904516001,42100.0,13100.000000000002,-0.002265346770668884,75682.1791100704,1131.3372125027763,0.0,0.08429944493222967,0.007280236568332824
BC,FA,2025-01-01T00:00:00,F,85,1.3335604391086235,42100.0,11600.000000000002,3.167601993132122e-05,75682.1791100704,1131.3372125027763,1.762053438193322e-05,0.0,0.0
BC,FA,2025-01-01T00:00:00,F,86,10.885288401632351,42100.0,10400.000000000002,0.00025855791927867816,75682.1791100704,1131.3372125027763,0.00014382895061466243,0.0,0.0
BC,FA,2025-01-01T00:00:00,F,87,39.0096618810112,42100.0,9600.000000000002,0.0009265952940857767,75682.1791100704,1131.3372125027763,0.0005154405216619946,0.0,0.0
BC,FA,2025-01-01T00:00:00,F,88,-41.78628241437036,42100.0,8600.0,-0.0009925482758757806,75682.1791100704,1131.3372125027763,0.0,0.03693530271308725,0.004858870048182601
BC,FA,2025-01-01T00:00:00,F,89,-35.53622601304596,42100.0,7600.000000000001,-0.0008440908791697378,75682.1791100704,1131.3372125027763,0.0,0.03141081688140684,0.004675819212242889
BC,FA,2025-01-01T00:00:00,F,90,-138.06695915977798,42100.0,6500.0,-0.0032795002175719234,75682.1791100704,1131.3372125027763,0.0,0.12203873224884235,0.02124107063996584
BC,FA,2025-01-01T00:00:00,F,91,-52.09046699348983,42100.0,5600.000000000001,-0.0012373032540021337,75682.1791100704,1131.3372125027763,0.0,0.046043271995140876,0.009301869105980324
BC,FA,2025-01-01T00:00:00,F,92,-47.91571346875844,42100.0,4900.0,-0.001138140462440818,75682.1791100704,1131.3372125027763,0.0,0.042353166623731876,0.009778717034440498
BC,FA,2025-01-01T00:00:00,F,93,16.589332448648292,42100.0,4100.0,0.00039404590139307106,75682.1791100704,1131.3372125027763,0.00021919734135193378,0.0,0.0
BC,FA,2025-01-01T00:00:00,F,94,3.120038826263226,42100.0,3500.0000000000005,7.411018589698874e-05,75682.1791100704,1131.3372125027763,4.1225541639406475e-05,0.0,0.0
BC,FA,2025-01-01T00:00:00,F,95,-58.344461689551736,42100.0,2700.0,-0.0013858541969014664,75682.1791100704,1131.3372125027763,0.0,0.05157123892396367,0.021609059885019162
BC,FA,2025-01-01T00:00:00,F,96,-28.898752815579883,42100.0,2100.0,-0.0006864311832679307,75682.1791100704,1131.3372125027763,0.0,0.025543889563792603,0.01376131086456185
BC,FA,2025-01-01T00:00:00,F,97,19.778957305147287,42100.0,1699.9999999999998,0.0004698089621175128,75682.1791100704,1131.3372125027763,0.0002613423336606261,0.0,0.0
BC,FA,2025-01-01T00:00:00,F,98,-48.57429250648761,42100.0,1200.0,-0.0011537836699878291,75682.1791100704,1131.3372125027763,0.0,0.04293529106059384,0.04047857708873968
BC,FA,2025-01-01T00:00:00,F,99,-11.618657398313871,42100.0,900.0,-0.00027597761041125583,75682.1791100704,1131.3372125027763,0.0,0.01026984463156723,0.012909619331459857
BC,FA,2025-01-01T00:00:00,F,100,1035.6028312996114,42100.0,1700.0000000000002,0.02459864207362497,75682.1791100704,1131.3372125027763,0.013683575756895883,0.0,0.0
BC,FA,2025-01-01T00:00:00,M,1,374.1845992376293,42100.0,21900.0,0.008887995231297609,75682.1791100704,1131.3372125027763,0.004944157312032783,0.0,0.0
BC,FA,2025-01-01T00:00:00,M,2,304.86728799200137,42100.0,22300.000000000004,0.007241503277719747,75682.1791100704,1131.3372125027763,0.0040282572671250585,0.0,0.0
BC,FA,2025-01-01T00:00:00,M,3,403.4474928155141,42100.0,22800.000000000004,0.009583075838848317,75682.1791100704,1131.3372125027763,0.0053308123201467215,0.0,0.0
BC,FA,2025-01-01T00:00:00,M,4,402.4442138836275,42100.0,23500.000000000004,0.009559244985359323,75682.1791100704,1131.3372125027763,0.0053175558449278,0.0,0.0
BC,FA,2025-01-01T00:00:00,M,5,502.06906731920026,42100.0,24400.0,0.011925631052712595,75682.1791100704,1131.3372125027763,0.006633913996966217,0.0,0.0
BC,FA,2025-01-01T00:00:00,M,6,501.63620680081294,42100.0,24800.000000000004,0.01191534933018558,75682.1791100704,1131.3372125027763,0.006628194545921371,0.0,0.0
BC,FA,2025-01-01T00:00:00,M,7,401.44863404076386,42100.0,25500.000000000004,0.009535597008094154,75682.1791100704,1131.3372125027763,0.005304401098928538,0.0,0.0
BC,FA,2025-01-01T00:00:00,M,8,401.50057709401517,42100.0,26400.0,0.00953683080983409,75682.1791100704,1131.3372125027763,0.005305087430292964,0.0,0.0
BC,FA,2025-01-01T00:00:00,M,9,301.5178914451026,42100.0,26600.0,0.007161945164966807,75682.1791100704,1131.3372125027763,0.0039840011874735,0.0,0.0
BC,FA,2025-01-01T00:00:00,M,10,401.5640630479975,42100.0,27500.0,0.009538338789738657,75682.1791100704,1131.3372125027763,0.005305926279738485,0.0,0.0
BC,FA,2025-01-01T00:00:00,M,11,401.55252014727375,42100.0,27300.000000000004,0.009538064611574198,75682.1791100704,1131.3372125027763,0.005305773761657485,0.0,0.0
BC,FA,2025-01-01T00:00:00,M,12,302.0931142591762,42100.0,27500.0,0.007175608414707274,75682.1791100704,1131.3372125027763,0.003991601692913982,0.0,0.0
BC,FA,2025-01-01T00:00:00,M,13,402.32012569684593,42100.0,27200.0,0.009556297522490402,75682.1791100704,1131.3372125027763,0.005315916249077883,0.0,0.0
BC,FA,2025-01-01T00:00:00,M,14,603.0588756831239,42100.0,27100.0,0.014324438852330734,75682.1791100704,1131.3372125027763,0.00796830750348836,0.0,0.0
BC,FA,2025-01-01T00:00:00,M,15,904.2016318689057,42100.0,28200.0,0.021477473441066642,75682.1791100704,1131.3372125027763,0.011947351972435358,0.0,0.0
BC,FA,2025-01-01T00:00:00,M,16,1406.464068728481,42100.0,29400.0,0.03340769759450073,75682.1791100704,1131.3372125027763,0.01858382099018254,0.0,0.0
BC,FA,2025-01-01T00:00:00,M,17,1309.3864022228554,42100.0,30000.000000000004,0.03110181477964027,75682.1791100704,1131.3372125027763,0.01730111920163549,0.0,0.0
BC,FA,2025-01-01T00:00:00,M,18,1812.4665179913682,42100.0,30600.0,0.043051461234949365,75682.1791100704,1131.3372125027763,0.023948392333621355,0.0,0.0
BC,FA,2025-01-01T00:00:00,M,19,3616.1748038806436,42100.0,33100.0,0.08589488845322193,75682.1791100704,1131.3372125027763,0.047781060830996466,0.0,0.0
BC,FA,2025-01-01T00:00:00,M,20,2521.3721936035727,42100.0,34700.0,0.059890075857567046,75682.1791100704,1131.3372125027763,0.03331526950269954,0.0,0.0
BC,FA,2025-01-01T00:00:00,M,21,1126.569630845166,42100.0,35200.0,0.02675937365427948,75682.1791100704,1131.3372125027763,0.014885533742450907,0.0,0.0
BC,FA,2025-01-01T00:00:00,M,22,430.5060119069676,42100.0,34500.0,0.010225796007291392,75682.1791100704,1131.3372125027763,0.005688340597075696,0.0,0.0
BC,FA,2025-01-01T00:00:00,M,23,233.11397075257992,42100.0,33300.0,0.005537148948992397,75682.1791100704,1131.3372125027763,0.0030801699091346775,0.0,0.0
BC,FA,2025-01-01T00:00:00,M,24,337.9363276208169,42100.0,35200.0,0.008026991154888762,75682.1791100704,1131.3372125027763,0.0044652034546908345,0.0,0.0
BC,FA,2025-01-01T00:00:00,M,25,442.01123369347624,42100.0,37100.00000000001,0.0104990791851182,75682.1791100704,1131.3372125027763,0.005840360820618357,0.0,0.0
BC,FA,2025-01-01T00:00:00,M,26,545.091500025861,42100.0,38000.0,0.012947541568310237,75682.1791100704,1131.3372125027763,0.00720237586226333,0.0,0.0
BC,FA,2025-01-01T00:00:00,M,27,748.1246630173191,42100.0,38600.0,0.017770182019413754,75682.1791100704,1131.3372125027763,0.00988508354033073,0.0,0.0
BC,FA,2025-01-01T00:00:00,M,28,652.1476960737346,42100.0,39600.0,0.015490444087262103,75682.1791100704,1131.3372125027763,0.008616925460421351,0.0,0.0
BC,FA,2025-01-01T00:00:00,M,29,756.5209469805268,42100.0,40400.0,0.01796961869312415,75682.1791100704,1131.3372125027763,0.00999602490145349,0.0,0.0
BC,FA,2025-01-01T00:00:00,M,30,661.7080726977802,42100.0,41200.0,0.015717531417999527,75682.1791100704,1131.3372125027763,0.008743248152717794,0.0,0.0
BC,FA,2025-01-01T00:00:00,M,31,667.0492038648736,42100.0,41600.0,0.01584439914168346,75682.1791100704,1131.3372125027763,0.008813821321063347,0.0,0.0
BC,FA,2025-01-01T00:00:00,M,32,672.3076541982373,42100.0,41900.0,0.015969302950076897,75682.1791100704,1131.3372125027763,0.00888330201513422,0.0,0.0
BC,FA,2025-01-01T00:00:00,M,33,577.6065260911855,42100.0,42299.99999999999,0.013719869978412957,75682.1791100704,1131.3372125027763,0.007632001785402189,0.0,0.0
BC,FA,2025-01-01T00:00:00,M,34,682.6187720718735,42100.0,42700.0,0.016214222614533813,75682.1791100704,1131.3372125027763,0.009019544364322394,0.0,0.0
BC,FA,2025-01-01T00:00:00,M,35,586.8786885105728,42100.0,43099.99999999999,0.013940111366046861,75682.1791100704,1131.3372125027763,0.007754516260122877,0.0,0.0
BC,FA,2025-01-01T00:00:00,M,36,588.6941886272834,42100.0,42600.0,0.013983234884258514,75682.1791100704,1131.3372125027763,0.00777850473585202,0.0,0.0
BC,FA,2025-01-01T00:00:00,M,37,488.95990023348713,42100.0,41500.0,0.011614249411721785,75682.1791100704,1131.3372125027763,0.006460700603273529,0.0,0.0
BC,FA,2025-01-01T00:00:00,M,38,391.45076756393973,42100.0,41100.0,0.009298117994392868,75682.1791100704,1131.3372125027763,0.005172297787496616,0.0,0.0
BC,FA,2025-01-01T00:00:00,M,39,295.4491318414366,42100.0,41200.0,0.007017794105497307,75682.1791100704,1131.3372125027763,0.0039038137553061504,0.0,0.0
BC,FA,2025-01-01T00:00:00,M,40,397.6967240758386,42100.0,40600.0,0.009446478006551986,75682.1791100704,1131.3372125027763,0.005254826549027317,0.0,0.0
BC,FA,2025-01-01T00:00:00,M,41,399.68463081702066,42100.0,39700.0,0.009493696693990989,75682.1791100704,1131.3372125027763,0.0052810930593809756,0.0,0.0
BC,FA,2025-01-01T00:00:00,M,42,401.95738586236257,42100.0,38700.0,0.009547681374402912,75682.1791100704,1131.3372125027763,0.005311123313161545,0.0,0.0
BC,FA,2025-01-01T00:00:00,M,43,305.17682340103784,42100.0,37899.99999999999,0.00724885566273249,75682.1791100704,1131.3372125027763,0.004032347204976693,0.0,0.0
BC,FA,2025-01-01T00:00:00,M,44,407.0966503051459,42100.0,36799.99999999999,0.009669754164017717,75682.1791100704,1131.3372125027763,0.005379029186158527,0.0,0.0
BC,FA,2025-01-01T00:00:00,M,45,308.6701707042812,42100.0,35499.99999999999,0.007331833033355848,75682.1791100704,1131.3372125027763,0.004078505327593151,0.0,0.0
BC,FA,2025-01-01T00:00:00,M,46,309.580954629957,42100.0,34000.0,0.0073534668558184555,75682.1791100704,1131.3372125027763,0.004090539652402313,0.0,0.0
BC,FA,2025-01-01T00:00:00,M,47,311.67798320041766,42100.0,32900.0,0.0074032775106987565,75682.1791100704,1131.3372125027763,0.004118248005876264,0.0,0.0
BC,FA,2025-01-01T00:00:00,M,48,317.29616220533353,42100.0,32800.0,0.007536725943119561,75682.1791100704,1131.3372125027763,0.004192481848915388,0.0,0.0
BC,FA,2025-01-01T00:00:00,M,49,221.98325088407,42100.0,32199.999999999996,0.00527276130365962,75682.1791100704,1131.3372125027763,0.0029330980356845004,0.0,0.0
BC,FA,2025-01-01T00:00:00,M,50,228.77833413767803,42100.0,32199.999999999996,0.005434164706358148,75682.1791100704,1131.3372125027763,0.0030228824913319176,0.0,0.0
BC,FA,2025-01-01T00:00:00,M,51,134.91846642925157,42100.0,31800.0,0.0032047141669655954,75682.1791100704,1131.3372125027763,0.0017826979616037389,0.0,0.0
BC,FA,2025-01-01T00:00:00,M,52,142.8742584548636,42100.0,31800.0,0.003393687849284171,75682.1791100704,1131.3372125027763,0.0018878190365934177,0.0,0.0
BC,FA,2025-01-01T00:00:00,M,53,54.299610963484156,42100.0,32299.999999999996,0.0012897769825055618,75682.1791100704,1131.3372125027763,0.0007174689154300389,0.0,0.0
BC,FA,2025-01-01T00:00:00,M,54,172.74480498015328,42100.0,34200.0,0.0041032020185309565,75682.1791100704,1131.3372125027763,0.002282503054370531,0.0,0.0
BC,FA,2025-01-01T00:00:00,M,55,185.01011054220726,42100.0,34400.0,0.004394539442807773,75682.1791100704,1131.3372125027763,0.0024445663790036076,0.0,0.0
BC,FA,2025-01-01T00:00:00,M,56,194.06527554422792,42100.0,33900.0,0.004609626497487599,75682.1791100704,1131.3372125027763,0.002564213634255746,0.0,0.0
BC,FA,2025-01-01T00:00:00,M,57,201.9086265593869,42100.0,33100.0,0.004795929371956934,75682.1791100704,1131.3372125027763,0.0026678490092857353,0.0,0.0
BC,FA,2025-01-01T00:00:00,M,58,213.0007633956484,42100.0,32699.999999999993,0.005059400555716114,75682.1791100704,1131.3372125027763,0.0028144110793356654,0.0,0.0
BC,FA,2025-01-01T00:00:00,M,59,236.8481514886589,42100.0,34000.0,0.005625846828709238,75682.1791100704,1131.3372125027763,0.003129510200072232,0.0,0.0
BC,FA,2025-01-01T00:00:00,M,60,168.05091341288062,42100.0,35800.0,0.003991708157075549,75682.1791100704,1131.3372125027763,0.0022204819600724138,0.0,0.0
BC,FA,2025-01-01T00:00:00,M,61,298.6087621406041,42100.0,37300.0,0.007092844706427651,75682.1791100704,1131.3372125027763,0.003945562425023657,0.0,0.0
BC,FA,2025-01-01T00:00:00,M,62,226.8900978173624,42100.0,37900.0,0.005389313487348275,75682.1791100704,1131.3372125027763,0.002997932941219606,0.0,0.0
BC,FA,2025-01-01T00:00:00,M,63,237.8779418260383,42100.0,36399.99999999999,0.005650307406794259,75682.1791100704,1131.3372125027763,0.003143116974473927,0.0,0.0
BC,FA,2025-01-01T00:00:00,M,64,163.87881402726634,42100.0,36300.0,0.0038926084091987253,75682.1791100704,1131.3372125027763,0.002165355384243427,0.0,0.0
BC,FA,2025-01-01T00:00:00,M,65,186.2370882790783,42100.0,35700.0,0.004423683807103998,75682.1791100704,1131.3372125027763,0.0024607786201322167,0.0,0.0
BC,FA,2025-01-01T00:00:00,M,66,205.7186574162697,42100.0,34700.0,0.0048864289172510615,75682.1791100704,1131.3372125027763,0.0027181915192621142,0.0,0.0
BC,FA,2025-01-01T00:00:00,M,67,238.06258159641584,42100.0,34600.0,0.005654693149558571,75682.1791100704,1131.3372125027763,0.00314555664749271,0.0,0.0
BC,FA,2025-01-01T00:00:00,M,68,155.81653533209465,42100.0,33100.0,0.0037011053523062862,75682.1791100704,1131.3372125027763,0.002058827284894621,0.0,0.0
BC,FA,2025-01-01T00:00:00,M,69,285.8473866714048,42100.0,32600.0,0.006789724148964485,75682.1791100704,1131.3372125027763,0.003776944454198062,0.0,0.0
BC,FA,2025-01-01T00:00:00,M,70,212.07391194194497,42100.0,31499.999999999996,0.0050373850817564125,75682.1791100704,1131.3372125027763,0.002802164451865341,0.0,0.0
BC,FA,2025-01-01T00:00:00,M,71,225.8541331496417,42100.0,29699.999999999996,0.005364706250585314,75682.1791100704,1131.3372125027763,0.002984244584463731,0.0,0.0
BC,FA,2025-01-01T00:00:00,M,72,154.4196962913229,42100.0,28600.0,0.003667926277703632,75682.1791100704,1131.3372125027763,0.0020403706408445043,0.0,0.0
BC,FA,2025-01-01T00:00:00,M,73,176.04963034660977,42100.0,27199.999999999996,0.004181701433411159,75682.1791100704,1131.3372125027763,0.0023261702083203404,0.0,0.0
BC,FA,2025-01-01T00:00:00,M,74,107.20920437552559,42100.0,26100.0,0.002546536921033862,75682.1791100704,1131.3372125027763,0.0014165713201730492,0.0,0.0
BC,FA,2025-01-01T00:00:00,M,75,147.6409392894093,42100.0,25400.0,0.003506910671957465,75682.1791100704,1131.3372125027763,0.0019508019064129185,0.0,0.0
BC,FA,2025-01-01T00:00:00,M,76,169.1661438941519,42100.0,23900.0,0.00401819819226014,75682.1791100704,1131.3372125027763,0.0022352176679284116,0.0,0.0
BC,FA,2025-01-01T00:00:00,M,77,122.98370748489833,42100.0,23400.0,0.002921228206292122,75682.1791100704,1131.3372125027763,0.0016250021990782493,0.0,0.0
BC,FA,2025-01-01T00:00:00,M,78,65.594886926654,42100.0,22400.0,0.0015580733236734918,75682.1791100704,1131.3372125027763,0.000866715093275186,0.0,0.0
BC,FA,2025-01-01T00:00:00,M,79,75.59413120121826,42100.0,17900.0,0.001795585064161954,75682.1791100704,1131.3372125027763,0.0009988366097555927,0.0,0.0
BC,FA,2025-01-01T00:00:00,M,80,73.02259068749481,42100.0,16100.0,0.00173450334174572,75682.1791100704,1131.3372125027763,0.0009648584587038972,0.0,0.0
BC,FA,2025-01-01T00:00:00,M,81,108.14977515981991,42100.0,15299.999999999998,0.0025688782698294515,75682.1791100704,1131.3372125027763,0.0014289992232191069,0.0,0.0
BC,FA,2025-01-01T00:00:00,M,82,19.744347903175367,42100.0,13899.999999999998,0.00046898688606117263,75682.1791100704,1131.3372125027763,0.00026088503443405937,0.0,0.0
BC,FA,2025-01-01T00:00:00,M,83,-0.4994860796869034,42100.0,12100.0,-1.1864277427242361e-05,75682.1791100704,1131.3372125027763,0.0,0.00044150061906116046,4.12798412964383e-05
BC,FA,2025-01-01T00:00:00,M,84,-8.378507757164698,42100.0,10700.0,-0.00019901443603716622,75682.1791100704,1131.3372125027763,0.0,0.007405844751300565,0.0007830381081462334
BC,FA,2025-01-01T00:00:00,M,85,-11.954517020820276,42100.0,9499.999999999998,-0.00028395527365368827,75682.1791100704,1131.3372125027763,0.0,0.010566714228708304,0.001258370212717924
BC,FA,2025-01-01T00:00:00,M,86,-16.52506960887513,42100.0,8399.999999999998,-0.0003925194681443023,75682.1791100704,1131.3372125027763,0.0,0.014606670253794534,0.0019672701915327538
BC,FA,2025-01-01T00:00:00,M,87,-38.21345876644682,42100.0,7199.999999999999,-0.0009076831060913734,75682.1791100704,1131.3372125027763,0.0,0.03377724903250545,0.00530742482867317
BC,FA,2025-01-01T00:00:00,M,88,-45.05384899703495,42100.0,6300.0,-0.001070162684015082,75682.1791100704,1131.3372125027763,0.0,0.03982353669545223,0.00715140460270396
BC,FA,2025-01-01T00:00:00,M,89,-40.61558518073525,42100.0,5599.999999999999,-0.0009647407406350416,75682.1791100704,1131.3372125027763,0.0,0.035900512006393125,0.007252783067988439
BC,FA,2025-01-01T00:00:00,M,90,9.800963882964425,42100.0,4600.0,0.00023280199246946377,75682.1791100704,1131.3372125027763,0.0001295016078846003,0.0,0.0
BC,FA,2025-01-01T00:00:00,M,91,-7.854041891324414,42100.0,3900.0,-0.00018655681452076992,75682.1791100704,1131.3372125027763,0.0,0.00694226425554365,0.002013856895211388
BC,FA,2025-01-01T00:00:00,M,92,-54.57707742090906,42100.0,3100.0,-0.001296367634700928,75682.1791100704,1131.3372125027763,0.0,0.048241211212501446,0.017605508845454535
BC,FA,2025-01-01T00:00:00,M,93,-90.61706620402629,42100.0,2500.0,-0.002152424375392548,75682.1791100704,1131.3372125027763,0.0,0.08009730892132562,0.03624682648161052
BC,FA,2025-01-01T00:00:00,M,94,37.423773311608784,42100.0,1999.9999999999998,0.000888925731867192,75682.1791100704,1131.3372125027763,0.0004944859377949533,0.0,0.0
BC,FA,2025-01-01T00:00:00,M,95,-17.802682903925415,42100.0,1499.9999999999998,-0.0004228665772903899,75682.1791100704,1131.3372125027763,0.0,0.015735965110297942,0.011868455269283613
BC,FA,2025-01-01T00:00:00,M,96,-94.0923339047522,42100.0,1000.0,-0.0022349723017755867,75682.1791100704,1131.3372125027763,0.0,0.08316913194837679,0.09409233390475219
BC,FA,2025-01-01T00:00:00,M,97,-62.0441767911193,42100.0,700.0,-0.0014737334154660165,75682.1791100704,1131.3372125027763,0.0,0.054841453198435336,0.08863453827302757
BC,FA,2025-01-01T00:00:00,M,98,54.87383177321129,42100.0,499.99999999999994,0.0013034164316677267,75682.1791100704,1131.3372125027763,0.0007250561812365904,0.0,0.0
BC,FA,2025-01-01T00:00:00,M,99,11.54520316726348,42100.0,300.0,0.00027423285432929883,75682.1791100704,1131.3372125027763,0.00015254850353175488,0.0,0.0
BC,FA,2025-01-01T00:00:00,M,100,290.00329141081386,42100.0,499.9999999999999,0.006888439225910068,75682.1791100704,1131.3372125027763,0.003831857047734313,0.0,0.0
BC,FA,2026-01-01T00:00:00,F,1,266.18898694186646,42000.0,20700.0,0.006337833022425392,66307.72866864718,1341.6333837983627,0.004014448877778116,0.0,0.0
BC,FA,2026-01-01T00:00:00,F,2,302.9568317817102,42000.0,21000.000000000004,0.007213257899564529,66307.72866864718,1341.6333837983627,0.004568952034168526,0.0,0.0
BC,FA,2026-01-01T00:00:00,F,3,202.41117144989403,42000.0,21300.0,0.0048193136059498575,66307.72866864718,1341.6333837983627,0.0030526029998913496,0.0,0.0
BC,FA,2026-01-01T00:00:00,F,4,302.03787597847986,42000.0,21700.0,0.007191377999487616,66307.72866864718,1341.6333837983627,0.004555093079538628,0.0,0.0
BC,FA,2026-01-01T00:00:00,F,5,401.8855105194525,42000.0,22399.999999999996,0.009568702631415536,66307.72866864718,1341.6333837983627,0.006060915048496892,0.0,0.0
BC,FA,2026-01-01T00:00:00,F,6,401.70648143346625,42000.0,22800.0,0.009564440034130149,66307.72866864718,1341.6333837983627,0.006058215075362827,0.0,0.0
BC,FA,2026-01-01T00:00:00,F,7,301.5464980609977,42000.0,23500.0,0.00717967852526185,66307.72866864718,1341.6333837983627,0.004547682511760961,0.0,0.0
BC,FA,2026-01-01T00:00:00,F,8,301.3769920744671,42000.0,24400.0,0.007175642668439694,66307.72866864718,1341.6333837983627,0.004545126158377518,0.0,0.0
BC,FA,2026-01-01T00:00:00,F,9,301.4112740348246,42000.0,25000.0,0.007176458905591062,66307.72866864718,1341.6333837983627,0.004545643171417261,0.0,0.0
BC,FA,2026-01-01T00:00:00,F,10,301.42270135494255,42000.0,25200.0,0.007176730984641489,66307.72866864718,1341.6333837983627,0.004545815509097158,0.0,0.0
BC,FA,2026-01-01T00:00:00,F,11,301.43984233511947,42000.0,25499.999999999996,0.00717713910321713,66307.72866864718,1341.6333837983627,0.004546074015617001,0.0,0.0
BC,FA,2026-01-01T00:00:00,F,12,301.6931487391994,42000.0,25700.000000000004,0.007183170208076176,66307.72866864718,1341.6333837983627,0.00454989417970897,0.0,0.0
BC,FA,2026-01-01T00:00:00,F,13,301.9655009367598,42000.0,26099.999999999996,0.007189654784208566,66307.72866864718,1341.6333837983627,0.004554001577187798,0.0,0.0
BC,FA,2026-01-01T00:00:00,F,14,502.211189609181,42000.0,26300.000000000004,0.011957409276409071,66307.72866864718,1341.6333837983627,0.0075739465020560354,0.0,0.0
BC,FA,2026-01-01T00:00:00,F,15,902.9482570335131,42000.0,26700.0,0.021498768024607453,66307.72866864718,1341.6333837983627,0.013617541652583576,0.0,0.0
BC,FA,2026-01-01T00:00:00,F,16,1504.3547841045038,42000.0,28400.0,0.035817971050107235,66307.72866864718,1341.6333837983627,0.02268747270204446,0.0,0.0
BC,FA,2026-01-01T00:00:00,F,17,1306.467918751976,42000.0,29600.0,0.03110637901790419,66307.72866864718,1341.6333837983627,0.019703101659244795,0.0,0.0
BC,FA,2026-01-01T00:00:00,F,18,1808.399176494786,42000.0,31200.0,0.04305712324987586,66307.72866864718,1341.6333837983627,0.02727282645333418,0.0,0.0
BC,FA,2026-01-01T00:00:00,F,19,3410.3533002658114,42000.0,33600.0,0.08119888810156693,66307.72866864718,1341.6333837983627,0.05143221414366372,0.0,0.0
BC,FA,2026-01-01T00:00:00,F,20,2112.650254684824,42000.0,34500.0,0.05030119654011486,66307.72866864718,1341.6333837983627,0.03186129727414062,0.0,0.0
BC,FA,2026-01-01T00:00:00,F,21,714.4843978533245,42000.0,34500.0,0.017011533282222012,66307.72866864718,1341.6333837983627,0.010775280833758373,0.0,0.0
BC,FA,2026-01-01T00:00:00,F,22,15.541466891925666,42000.0,34000.0,0.0003700349259982301,66307.72866864718,1341.6333837983627,0.00023438394292751977,0.0,0.0
BC,FA,2026-01-01T00:00:00,F,23,215.88145921948671,42000.0,32900.0,0.005140034743321112,66307.72866864718,1341.6333837983627,0.003255751079912404,0.0,0.0
BC,FA,2026-01-01T00:00:00,F,24,416.1005029277949,42000.0,32300.000000000004,0.009907154831614164,66307.72866864718,1341.6333837983627,0.006275294166795116,0.0,0.0
BC,FA,2026-01-01T00:00:00,F,25,617.2613542360632,42000.0,34800.0,0.014696698910382456,66307.72866864718,1341.6333837983627,0.009309040840784039,0.0,0.0
BC,FA,2026-01-01T00:00:00,F,26,518.0689029722562,42000.0,36300.0,0.012334973880291814,66307.72866864718,1341.6333837983627,0.007813099820703388,0.0,0.0
BC,FA,2026-01-01T00:00:00,F,27,618.7183791679054,42000.0,36999.99999999999,0.014731389980188223,66307.72866864718,1341.6333837983627,0.009331014522602083,0.0,0.0
BC,FA,2026-01-01T00:00:00,F,28,619.3269071287941,42000.0,37499.99999999999,0.014745878741161764,66307.72866864718,1341.6333837983627,0.009340191853406607,0.0,0.0
BC,FA,2026-01-01T00:00:00,F,29,720.084003962751,42000.0,37700.0,0.017144857237208357,66307.72866864718,1341.6333837983627,0.010859729603484882,0.0,0.0
BC,FA,2026-01-01T00:00:00,F,30,621.7438833672932,42000.0,39300.0,0.014803425794459361,66307.72866864718,1341.6333837983627,0.009376642751168122,0.0,0.0
BC,FA,2026-01-01T00:00:00,F,31,623.0266654678271,42000.0,39599.99999999999,0.014833968225424455,66307.72866864718,1341.6333837983627,0.009395988642307663,0.0,0.0
BC,FA,2026-01-01T00:00:00,F,32,424.88941594758217,42000.0,40000.0,0.010116414665418624,66307.72866864718,1341.6333837983627,0.006407841506241882,0.0,0.0
BC,FA,2026-01-01T00:00:00,F,33,526.7978842164084,42000.0,40700.0,0.012542806767057343,66307.72866864718,1341.6333837983627,0.007944743317161737,0.0,0.0
BC,FA,2026-01-01T00:00:00,F,34,529.4263183492003,42000.0,41700.0,0.012605388532123816,66307.72866864718,1341.6333837983627,0.007984383253343637,0.0,0.0
BC,FA,2026-01-01T00:00:00,F,35,531.769071934039,42000.0,42200.00000000001,0.01266116837938188,66307.72866864718,1341.6333837983627,0.008019714784552403,0.0,0.0
BC,FA,2026-01-01T00:00:00,F,36,434.96323752347234,42000.0,42600.00000000001,0.010356267560082675,66307.72866864718,1341.6333837983627,0.006559766806326146,0.0,0.0
BC,FA,2026-01-01T00:00:00,F,37,437.32890895059245,42000.0,42099.99999999999,0.010412593070252201,66307.72866864718,1341.6333837983627,0.006595443966057281,0.0,0.0
BC,FA,2026-01-01T00:00:00,F,38,339.72411810056656,42000.0,41600.0,0.008088669478584918,66307.72866864718,1341.6333837983627,0.005123446767393212,0.0,0.0
BC,FA,2026-01-01T00:00:00,F,39,340.8831889281428,42000.0,40800.0,0.008116266403051018,66307.72866864718,1341.6333837983627,0.005140926944302427,0.0,0.0
BC,FA,2026-01-01T00:00:00,F,40,343.02315941981215,42000.0,41000.0,0.008167218081424099,66307.72866864718,1341.6333837983627,0.005173200263486126,0.0,0.0
BC,FA,2026-01-01T00:00:00,F,41,343.8070060348764,42000.0,40300.0,0.008185881096068486,66307.72866864718,1341.6333837983627,0.005185021609667071,0.0,0.0
BC,FA,2026-01-01T00:00:00,F,42,344.8775063818248,42000.0,39900.0,0.008211369199567256,66307.72866864718,1341.6333837983627,0.005201166037600923,0.0,0.0
BC,FA,2026-01-01T00:00:00,F,43,345.80039968884375,42000.0,39400.00000000001,0.008233342849734374,66307.72866864718,1341.6333837983627,0.005215084374505975,0.0,0.0
BC,FA,2026-01-01T00:00:00,F,44,347.1747242485435,42000.0,39000.0,0.008266064863060559,66307.72866864718,1341.6333837983627,0.005235810835618336,0.0,0.0
BC,FA,2026-01-01T00:00:00,F,45,347.72721356050897,42000.0,37700.00000000001,0.00827921937048831,66307.72866864718,1341.6333837983627,0.005244143036450103,0.0,0.0
BC,FA,2026-01-01T00:00:00,F,46,249.41491601947928,42000.0,37000.00000000001,0.0059384503814161735,66307.72866864718,1341.6333837983627,0.003761475789132439,0.0,0.0
BC,FA,2026-01-01T00:00:00,F,47,249.61316809098935,42000.0,35400.0,0.005943170668833079,66307.72866864718,1341.6333837983627,0.003764465667921694,0.0,0.0
BC,FA,2026-01-01T00:00:00,F,48,151.1352290162322,42000.0,34300.0,0.003598457833719814,66307.72866864718,1341.6333837983627,0.0022793003477993463,0.0,0.0
BC,FA,2026-01-01T00:00:00,F,49,153.91538230903825,42000.0,34000.00000000001,0.003664651959739006,66307.72866864718,1341.6333837983627,0.0023212283907081757,0.0,0.0
BC,FA,2026-01-01T00:00:00,F,50,158.3012873141197,42000.0,34300.0,0.003769078269383802,66307.72866864718,1341.6333837983627,0.0023873730934923514,0.0,0.0
BC,FA,2026-01-01T00:00:00,F,51,162.1263613774645,42000.0,33900.00000000001,0.0038601514613682024,66307.72866864718,1341.6333837983627,0.0024450597936726496,0.0,0.0
BC,FA,2026-01-01T00:00:00,F,52,166.75722178447177,42000.0,33800.0,0.003970410042487423,66307.72866864718,1341.6333837983627,0.0025148987174299178,0.0,0.0
BC,FA,2026-01-01T00:00:00,F,53,172.31960607467772,42000.0,34000.0,0.0041028477636828025,66307.72866864718,1341.6333837983627,0.0025987861375224124,0.0,0.0
BC,FA,2026-01-01T00:00:00,F,54,179.28405884429958,42000.0,34500.0,0.0042686680677214185,66307.72866864718,1341.6333837983627,0.002703818430280088,0.0,0.0
BC,FA,2026-01-01T00:00:00,F,55,191.8259272612704,42000.0,36900.0,0.0045672839824112,66307.72866864718,1341.6333837983627,0.0028929648340069447,0.0,0.0
BC,FA,2026-01-01T00:00:00,F,56,100.34899394465901,42000.0,37099.99999999999,0.0023892617605871195,66307.72866864718,1341.6333837983627,0.001513383069507972,0.0,0.0
BC,FA,2026-01-01T00:00:00,F,57,108.53709385936963,42000.0,37000.0,0.002584216520461182,66307.72866864718,1341.6333837983627,0.001636869427420006,0.0,0.0
BC,FA,2026-01-01T00:00:00,F,58,113.88345431425114,42000.0,35800.0,0.0027115108170059797,66307.72866864718,1341.6333837983627,0.0017174989492303267,0.0,0.0
BC,FA,2026-01-01T00:00:00,F,59,120.66163396654156,42000.0,34899.99999999999,0.002872896046822418,66307.72866864718,1341.6333837983627,0.001819722020181261,0.0,0.0
BC,FA,2026-01-01T00:00:00,F,60,236.91335169151716,42000.0,36399.99999999999,0.005640794087893266,66307.72866864718,1341.6333837983627,0.00357293721936126,0.0,0.0
BC,FA,2026-01-01T00:00:00,F,61,155.58500114238268,42000.0,37900.0,0.0037044047891043497,66307.72866864718,1341.6333837983627,0.0023464082432965196,0.0,0.0
BC,FA,2026-01-01T00:00:00,F,62,279.00012849002087,42000.0,40000.00000000001,0.006642860202143354,66307.72866864718,1341.6333837983627,0.004207656242973419,0.0,0.0
BC,FA,2026-01-01T00:00:00,F,63,196.2166615798269,42000.0,40000.0,0.004671825275710164,66307.72866864718,1341.6333837983627,0.0029591823686249356,0.0,0.0
BC,FA,2026-01-01T00:00:00,F,64,206.83243955807848,42000.0,38499.99999999999,0.004924581894239964,66307.72866864718,1341.6333837983627,0.003119281020643326,0.0,0.0
BC,FA,2026-01-01T00:00:00,F,65,128.40742485308147,42000.0,38700.0,0.0030573196393590824,66307.72866864718,1341.6333837983627,0.0019365378279620879,0.0,0.0
BC,FA,2026-01-01T00:00:00,F,66,248.6525287441109,42000.0,38500.00000000001,0.005920298303431212,66307.72866864718,1341.6333837983627,0.003749978075507257,0.0,0.0
BC,FA,2026-01-01T00:00:00,F,67,168.2652511377455,42000.0,37700.0,0.004006315503279655,66307.72866864718,1341.6333837983627,0.0025376416070380004,0.0,0.0
BC,FA,2026-01-01T00:00:00,F,68,192.15771188982762,42000.0,37300.00000000001,0.004575183616424467,66307.72866864718,1341.6333837983627,0.0028979685437587176,0.0,0.0
BC,FA,2026-01-01T00:00:00,F,69,213.48670861489518,42000.0,36299.99999999999,0.005083016871783219,66307.72866864718,1341.6333837983627,0.003219635371341559,0.0,0.0
BC,FA,2026-01-01T00:00:00,F,70,239.10326974109194,42000.0,35600.00000000001,0.005692934993835522,66307.72866864718,1341.6333837983627,0.0036059638075666596,0.0,0.0
BC,FA,2026-01-01T00:00:00,F,71,168.20069630260696,42000.0,34900.0,0.004004778483395404,66307.72866864718,1341.6333837983627,0.0025366680427727976,0.0,0.0
BC,FA,2026-01-01T00:00:00,F,72,89.94288447593135,42000.0,33300.0,0.002141497249426937,66307.72866864718,1341.6333837983627,0.001356446469843564,0.0,0.0
BC,FA,2026-01-01T00:00:00,F,73,108.77156063020084,42000.0,31500.0,0.0025897990626238296,66307.72866864718,1341.6333837983627,0.001640405467268436,0.0,0.0
BC,FA,2026-01-01T00:00:00,F,74,131.96276765736548,42000.0,30000.0,0.003141970658508702,66307.72866864718,1341.6333837983627,0.00199015665755661,0.0,0.0
BC,FA,2026-01-01T00:00:00,F,75,62.230716938556725,42000.0,28800.000000000007,0.001481683736632303,66307.72866864718,1341.6333837983627,0.0009385137779267921,0.0,0.0
BC,FA,2026-01-01T00:00:00,F,76,103.4749089786128,42000.0,28200.0,0.0024636883090145907,66307.72866864718,1341.6333837983627,0.0015605256137741857,0.0,0.0
BC,FA,2026-01-01T00:00:00,F,77,27.18573949085112,42000.0,26400.000000000004,0.0006472795116869314,66307.72866864718,1341.6333837983627,0.0004099935261951685,0.0,0.0
BC,FA,2026-01-01T00:00:00,F,78,-27.529469392778992,42000.0,25600.000000000004,-0.0006554635569709284,66307.72866864718,1341.6333837983627,0.0,0.020519368200900747,0.0010753698981554292
BC,FA,2026-01-01T00:00:00,F,79,17.040243865631055,42000.0,24700.0,0.00040572009203883465,66307.72866864718,1341.6333837983627,0.00025698729556526543,0.0,0.0
BC,FA,2026-01-01T00:00:00,F,80,53.43305077567493,42000.0,19800.0,0.0012722154946589268,66307.72866864718,1341.6333837983627,0.0008058344305939123,0.0,0.0
BC,FA,2026-01-01T00:00:00,F,81,-38.44347037362604,42000.0,17800.0,-0.0009153207231815724,66307.72866864718,1341.6333837983627,0.0,0.02865422911942373,0.0021597455266082048
BC,FA,2026-01-01T00:00:00,F,82,-1.3759640300522733,42000.0,16900.0,-3.276104833457794e-05,66307.72866864718,1341.6333837983627,0.0,0.0010255886941011527,8.14179899439215e-05
BC,FA,2026-01-01T00:00:00,F,83,14.138854254317266,42000.0,15400.000000000002,0.00033663938700755395,66307.72866864718,1341.6333837983627,0.00021323086370477135,0.0,0.0
BC,FA,2026-01-01T00:00:00,F,84,12.528869896761535,42000.0,13600.000000000002,0.0002983064261133699,66307.72866864718,1341.6333837983627,0.00018895037046692963,0.0,0.0
BC,FA,2026-01-01T00:00:00,F,85,35.76086496660537,42000.0,12500.0,0.0008514491658715564,66307.72866864718,1341.6333837983627,0.0005393166933120191,0.0,0.0
BC,FA,2026-01-01T00:00:00,F,86,-65.64006485560094,42000.0,10900.0,-0.0015628586870381177,66307.72866864718,1341.6333837983627,0.0,0.04892548564181088,0.006022024298678985
BC,FA,2026-01-01T00:00:00,F,87,-58.34532496266729,42000.0,9700.0,-0.0013891744038730307,66307.72866864718,1341.6333837983627,0.0,0.04348827754828449,0.006014981954914154
BC,FA,2026-01-01T00:00:00,F,88,-130.77351829926192,42000.0,8800.000000000002,-0.003113655197601474,66307.72866864718,1341.6333837983627,0.0,0.09747336334835582,0.01486062707946158
BC,FA,2026-01-01T00:00:00,F,89,-21.77340306952283,42000.0,7900.000000000001,-0.0005184143587981625,66307.72866864718,1341.6333837983627,0.0,0.01622902600103696,0.002756126970825674
BC,FA,2026-01-01T00:00:00,F,90,-21.011190090275704,42000.0,6900.0,-0.0005002664307208501,66307.72866864718,1341.6333837983627,0.0,0.01566090285469039,0.0030451000130834356
BC,FA,2026-01-01T00:00:00,F,91,-41.23491583090072,42000.0,5800.0,-0.0009817837102595408,66307.72866864718,1341.6333837983627,0.0,0.03073486119893541,0.00710946824670702
BC,FA,2026-01-01T00:00:00,F,92,-57.24893501795577,42000.0,4900.0,-0.0013630698813798994,66307.72866864718,1341.6333837983627,0.0,0.04267107222382583,0.011683456126113424
BC,FA,2026-01-01T00:00:00,F,93,-66.22216047769143,42000.0,4200.0,-0.0015767181066117008,66307.72866864718,1341.6333837983627,0.0,0.04935935649589062,0.015767181066117006
BC,FA,2026-01-01T00:00:00,F,94,-105.21696393516095,42000.0,3400.000000000001,-0.0025051658079800225,66307.72866864718,1341.6333837983627,0.0,0.0784245273006521,0.030946165863282624
BC,FA,2026-01-01T00:00:00,F,95,-133.30153926331968,42000.0,2800.0000000000005,-0.003173846172936183,66307.72866864718,1341.6333837983627,0.0,0.09935764931990831,0.04760769259404274
BC,FA,2026-01-01T00:00:00,F,96,-17.275319292180484,42000.0,2200.0000000000005,-0.00041131712600429724,66307.72866864718,1341.6333837983627,0.0,0.012876333803852955,0.007852417860082037
BC,FA,2026-01-01T00:00:00,F,97,14.330809794387733,42000.0,1699.9999999999998,0.00034120975700923175,66307.72866864718,1341.6333837983627,0.00021612578325524648,0.0,0.0
BC,FA,2026-01-01T00:00:00,F,98,-31.33818147249235,42000.0,1300.0,-0.0007461471779164846,66307.72866864718,1341.6333837983627,0.0,0.023358230237063213,0.02410629344037873
BC,FA,2026-01-01T00:00:00,F,99,-15.17468440384664,42000.0,900.0,-0.0003613020096153962,66307.72866864718,1341.6333837983627,0.0,0.01131060436263509,0.01686076044871849
BC,FA,2026-01-01T00:00:00,F,100,1132.7787120641046,42000.0,1800.0000000000002,0.026970921715812016,66307.72866864718,1341.6333837983627,0.017083660303383694,0.0,0.0
BC,FA,2026-01-01T00:00:00,M,1,372.76269938811674,42000.0,21900.0,0.008875302366383732,66307.72866864718,1341.6333837983627,0.005621708160912668,0.0,0.0
BC,FA,2026-01-01T00:00:00,M,2,304.75200278486955,42000.0,22199.999999999996,0.007256000066306418,66307.72866864718,1341.6333837983627,0.004596025363917614,0.0,0.0
BC,FA,2026-01-01T00:00:00,M,3,303.3661065649794,42000.0,22600.0,0.007223002537261415,66307.72866864718,1341.6333837983627,0.004575124388304112,0.0,0.0
BC,FA,2026-01-01T00:00:00,M,4,302.36607942161936,42000.0,23100.0,0.007199192367181413,66307.72866864718,1341.6333837983627,0.004560042780723231,0.0,0.0
BC,FA,2026-01-01T00:00:00,M,5,401.9953159141078,42000.0,23900.000000000004,0.009571317045573995,66307.72866864718,1341.6333837983627,0.006062571045420026,0.0,0.0
BC,FA,2026-01-01T00:00:00,M,6,401.6113454959377,42000.0,24800.0,0.009562174892760423,66307.72866864718,1341.6333837983627,0.006056780311430496,0.0,0.0
BC,FA,2026-01-01T00:00:00,M,7,401.4037943448566,42000.0,25200.0,0.009557233198687062,66307.72866864718,1341.6333837983627,0.0060536501913789065,0.0,0.0
BC,FA,2026-01-01T00:00:00,M,8,401.4434175723327,42000.0,25900.0,0.009558176608865064,66307.72866864718,1341.6333837983627,0.006054247757126847,0.0,0.0
BC,FA,2026-01-01T00:00:00,M,9,401.49436172195055,42000.0,26800.0,0.009559389564808346,66307.72866864718,1341.6333837983627,0.006055016055945713,0.0,0.0
BC,FA,2026-01-01T00:00:00,M,10,401.505682644085,42000.0,27000.0,0.009559659110573453,66307.72866864718,1341.6333837983627,0.00605518678901653,0.0,0.0
BC,FA,2026-01-01T00:00:00,M,11,301.5566267937029,42000.0,27800.000000000004,0.007179919685564354,66307.72866864718,1341.6333837983627,0.004547835265186671,0.0,0.0
BC,FA,2026-01-01T00:00:00,M,12,302.0604101608478,42000.0,27599.999999999996,0.007191914527639234,66307.72866864718,1341.6333837983627,0.004555432922009791,0.0,0.0
BC,FA,2026-01-01T00:00:00,M,13,402.33494415481255,42000.0,27900.000000000004,0.009579403432257442,66307.72866864718,1341.6333837983627,0.006067693046241408,0.0,0.0
BC,FA,2026-01-01T00:00:00,M,14,603.0793012770373,42000.0,27799.999999999996,0.014359030982786602,66307.72866864718,1341.6333837983627,0.009095158488850428,0.0,0.0
BC,FA,2026-01-01T00:00:00,M,15,904.090649682108,42000.0,28000.0,0.021525967849574,66307.72866864718,1341.6333837983627,0.013634770302569519,0.0,0.0
BC,FA,2026-01-01T00:00:00,M,16,1406.3850651279463,42000.0,29600.0,0.03348535869352253,66307.72866864718,1341.6333837983627,0.021209971949965746,0.0,0.0
BC,FA,2026-01-01T00:00:00,M,17,1209.4304775755809,42000.0,30600.0,0.028795963751799544,66307.72866864718,1341.6333837983627,0.018239660773472485,0.0,0.0
BC,FA,2026-01-01T00:00:00,M,18,1812.7363185107934,42000.0,31800.0,0.04316038853597127,66307.72866864718,1341.6333837983627,0.027338235751814013,0.0,0.0
BC,FA,2026-01-01T00:00:00,M,19,3616.455435270338,42000.0,34200.0,0.0861060817921509,66307.72866864718,1341.6333837983627,0.05454048129656922,0.0,0.0
BC,FA,2026-01-01T00:00:00,M,20,2421.5473132973566,42000.0,35500.0,0.05765588841184183,66307.72866864718,1341.6333837983627,0.036519835046655076,0.0,0.0
BC,FA,2026-01-01T00:00:00,M,21,926.5175554083617,42000.0,35600.0,0.02205994179543718,66307.72866864718,1341.6333837983627,0.013972994913433892,0.0,0.0
BC,FA,2026-01-01T00:00:00,M,22,230.8849962437307,42000.0,35400.0,0.005497261815326922,66307.72866864718,1341.6333837983627,0.0034820223958734685,0.0,0.0
BC,FA,2026-01-01T00:00:00,M,23,133.85143463299028,42000.0,34600.0,0.003186938919833102,66307.72866864718,1341.6333837983627,0.0020186400185998278,0.0,0.0
BC,FA,2026-01-01T00:00:00,M,24,135.50173138615355,42000.0,33400.0,0.0032262316996703225,66307.72866864718,1341.6333837983627,0.0020435284710668116,0.0,0.0
BC,FA,2026-01-01T00:00:00,M,25,339.5200928592458,42000.0,35500.0,0.008083811734743948,66307.72866864718,1341.6333837983627,0.005120369822285646,0.0,0.0
BC,FA,2026-01-01T00:00:00,M,26,443.75359363111784,42000.0,37500.0,0.010565561753121852,66307.72866864718,1341.6333837983627,0.006692335909266961,0.0,0.0
BC,FA,2026-01-01T00:00:00,M,27,547.3248291415439,42000.0,38500.00000000001,0.01303154355098914,66307.72866864718,1341.6333837983627,0.008254314242561893,0.0,0.0
BC,FA,2026-01-01T00:00:00,M,28,550.6215399220309,42000.0,39100.00000000001,0.013110036664810261,66307.72866864718,1341.6333837983627,0.008304032591337815,0.0,0.0
BC,FA,2026-01-01T00:00:00,M,29,555.2958274158736,42000.0,40100.0,0.013221329224187468,66307.72866864718,1341.6333837983627,0.008374526447600047,0.0,0.0
BC,FA,2026-01-01T00:00:00,M,30,560.2249391331497,42000.0,40900.0,0.013338689026979756,66307.72866864718,1341.6333837983627,0.008448863358488788,0.0,0.0
BC,FA,2026-01-01T00:00:00,M,31,566.082582181647,42000.0,41700.00000000001,0.013478156718610643,66307.72866864718,1341.6333837983627,0.00853720363444318,0.0,0.0
BC,FA,2026-01-01T00:00:00,M,32,471.4345865717478,42000.0,42000.0,0.011224633013613042,66307.72866864718,1341.6333837983627,0.007109798450910596,0.0,0.0
BC,FA,2026-01-01T00:00:00,M,33,376.29882551686023,42000.0,42200.0,0.00895949584563953,66307.72866864718,1341.6333837983627,0.00567503718001411,0.0,0.0
BC,FA,2026-01-01T00:00:00,M,34,481.4178743248922,42000.0,42700.0,0.011462330341068862,66307.72866864718,1341.6333837983627,0.007260358392467829,0.0,0.0
BC,FA,2026-01-01T00:00:00,M,35,485.4112203665136,42000.0,43099.99999999999,0.011557410008726513,66307.72866864718,1341.6333837983627,0.007320582835708479,0.0,0.0
BC,FA,2026-01-01T00:00:00,M,36,489.0582786925661,42000.0,43499.99999999999,0.011644244730775383,66307.72866864718,1341.6333837983627,0.007375584845267238,0.0,0.0
BC,FA,2026-01-01T00:00:00,M,37,390.43707425504545,42000.0,42900.00000000001,0.00929612081559632,66307.72866864718,1341.6333837983627,0.0058882589118100645,0.0,0.0
BC,FA,2026-01-01T00:00:00,M,38,291.2347677824291,42000.0,41700.0,0.006934161137676884,66307.72866864718,1341.6333837983627,0.004392169263371798,0.0,0.0
BC,FA,2026-01-01T00:00:00,M,39,193.84599719494872,42000.0,41200.0,0.004615380885594017,66307.72866864718,1341.6333837983627,0.0029234299091081143,0.0,0.0
BC,FA,2026-01-01T00:00:00,M,40,297.9622565588943,42000.0,41400.0,0.007094339441878436,66307.72866864718,1341.6333837983627,0.004493627855176137,0.0,0.0
BC,FA,2026-01-01T00:00:00,M,41,300.7501055421162,42000.0,40800.0,0.007160716798621815,66307.72866864718,1341.6333837983627,0.004535671958317618,0.0,0.0
BC,FA,2026-01-01T00:00:00,M,42,303.38713775286305,42000.0,39900.0,0.007223503279830072,66307.72866864718,1341.6333837983627,0.0045754415638175235,0.0,0.0
BC,FA,2026-01-01T00:00:00,M,43,305.8959443747808,42000.0,38899.99999999999,0.007283236770828114,66307.72866864718,1341.6333837983627,0.004613277373794589,0.0,0.0
BC,FA,2026-01-01T00:00:00,M,44,409.0719559973368,42000.0,38200.0,0.009739808476127066,66307.72866864718,1341.6333837983627,0.006169295257292708,0.0,0.0
BC,FA,2026-01-01T00:00:00,M,45,311.11572812646773,42000.0,36999.99999999999,0.007407517336344469,66307.72866864718,1341.6333837983627,0.004691997967253177,0.0,0.0
BC,FA,2026-01-01T00:00:00,M,46,312.8860228555277,42000.0,35699.99999999999,0.007449667210845897,66307.72866864718,1341.6333837983627,0.004718696132981435,0.0,0.0
BC,FA,2026-01-01T00:00:00,M,47,213.89210335137614,42000.0,34100.0,0.005092669127413718,66307.72866864718,1341.6333837983627,0.0032257492097224026,0.0,0.0
BC,FA,2026-01-01T00:00:00,M,48,216.10702956514433,42000.0,33000.0,0.00514540546583677,66307.72866864718,1341.6333837983627,0.003259152951009284,0.0,0.0
BC,FA,2026-01-01T00:00:00,M,49,122.25513683856843,42000.0,32799.99999999999,0.0029108365913944863,66307.72866864718,1341.6333837983627,0.001843753952868775,0.0,0.0
BC,FA,2026-01-01T00:00:00,M,50,226.7049295696561,42000.0,32300.0,0.005397736418325145,66307.72866864718,1341.6333837983627,0.0034189819817618157,0.0,0.0
BC,FA,2026-01-01T00:00:00,M,51,133.9991200661825,42000.0,32199.999999999996,0.0031904552396710122,66307.72866864718,1341.6333837983627,0.0020208672918929646,0.0,0.0
BC,FA,2026-01-01T00:00:00,M,52,140.13863332531764,42000.0,31800.0,0.003336634126793277,66307.72866864718,1341.6333837983627,0.0021134585083681283,0.0,0.0
BC,FA,2026-01-01T00:00:00,M,53,148.54330411675255,42000.0,31799.999999999996,0.003536745336113156,66307.72866864718,1341.6333837983627,0.0022402110146021257,0.0,0.0
BC,FA,2026-01-01T00:00:00,M,54,160.02578351524426,42000.0,32299.999999999996,0.0038101377027439107,66307.72866864718,1341.6333837983627,0.0024133805625423353,0.0,0.0
BC,FA,2026-01-01T00:00:00,M,55,80.4157340066813,42000.0,34100.0,0.001914660333492412,66307.72866864718,1341.6333837983627,0.001212765625083233,0.0,0.0
BC,FA,2026-01-01T00:00:00,M,56,93.16158256585186,42000.0,34300.0,0.002218132918234568,66307.72866864718,1341.6333837983627,0.001404988293768871,0.0,0.0
BC,FA,2026-01-01T00:00:00,M,57,102.83546473749448,42000.0,33800.0,0.0024484634461308208,66307.72866864718,1341.6333837983627,0.0015508820284190945,0.0,0.0
BC,FA,2026-01-01T00:00:00,M,58,111.4862664558168,42000.0,33000.0,0.002654434915614686,66307.72866864718,1341.6333837983627,0.00168134648395115,0.0,0.0
BC,FA,2026-01-01T00:00:00,M,59,123.44126578906071,42000.0,32600.0,0.002939077756882398,66307.72866864718,1341.6333837983627,0.0018616421986933243,0.0,0.0
BC,FA,2026-01-01T00:00:00,M,60,149.01785532022768,42000.0,33900.0,0.003548044174291135,66307.72866864718,1341.6333837983627,0.002247367815370352,0.0,0.0
BC,FA,2026-01-01T00:00:00,M,61,281.13179984296585,42000.0,35800.0,0.006693614281975378,66307.72866864718,1341.6333837983627,0.0042398044012009065,0.0,0.0
BC,FA,2026-01-01T00:00:00,M,62,214.74962149711791,42000.0,37199.99999999999,0.005113086226121855,66307.72866864718,1341.6333837983627,0.003238681610861144,0.0,0.0
BC,FA,2026-01-01T00:00:00,M,63,244.15166085057717,42000.0,37800.0,0.005813134782156599,66307.72866864718,1341.6333837983627,0.0036820995946136425,0.0,0.0
BC,FA,2026-01-01T00:00:00,M,64,255.97125101649,42000.0,36300.0,0.006094553595630714,66307.72866864718,1341.6333837983627,0.003860353176861613,0.0,0.0
BC,FA,2026-01-01T00:00:00,M,65,283.10902303821786,42000.0,36200.0,0.006740691024719473,66307.72866864718,1341.6333837983627,0.004269623296146511,0.0,0.0
BC,FA,2026-01-01T00:00:00,M,66,307.1282489082005,42000.0,35599.99999999999,0.007312577354957155,66307.72866864718,1341.6333837983627,0.00463186200273849,0.0,0.0
BC,FA,2026-01-01T00:00:00,M,67,228.5069806157626,42000.0,34500.0,0.005440642395613395,66307.72866864718,1341.6333837983627,0.0034461590708023964,0.0,0.0
BC,FA,2026-01-01T00:00:00,M,68,263.2336170496055,42000.0,34400.0,0.006267467072609656,66307.72866864718,1341.6333837983627,0.0039698783586003365,0.0,0.0
BC,FA,2026-01-01T00:00:00,M,69,280.9989375491059,42000.0,32900.0,0.006690450894026331,66307.72866864718,1341.6333837983627,0.004237800678610379,0.0,0.0
BC,FA,2026-01-01T00:00:00,M,70,115.01989863577182,42000.0,32200.0,0.0027385690151374245,66307.72866864718,1341.6333837983627,0.001734637891316546,0.0,0.0
BC,FA,2026-01-01T00:00:00,M,71,141.7106565085087,42000.0,31100.0,0.003374063250202588,66307.72866864718,1341.6333837983627,0.002137166501610466,0.0,0.0
BC,FA,2026-01-01T00:00:00,M,72,157.0871878690741,42000.0,29300.0,0.00374017113973986,66307.72866864718,1341.6333837983627,0.002369063019094951,0.0,0.0
BC,FA,2026-01-01T00:00:00,M,73,85.67619544213449,42000.0,28100.0,0.0020399094152889164,66307.72866864718,1341.6333837983627,0.001292099686754094,0.0,0.0
BC,FA,2026-01-01T00:00:00,M,74,109.23195879849663,42000.0,26700.0,0.0026007609237737295,66307.72866864718,1341.6333837983627,0.0016473488233076164,0.0,0.0
BC,FA,2026-01-01T00:00:00,M,75,140.3984923137832,42000.0,25599.999999999996,0.0033428212455662667,66307.72866864718,1341.6333837983627,0.002117377493284112,0.0,0.0
BC,FA,2026-01-01T00:00:00,M,76,83.55479082104284,42000.0,24800.0,0.001989399781453401,66307.72866864718,1341.6333837983627,0.001260106363144825,0.0,0.0
BC,FA,2026-01-01T00:00:00,M,77,6.53423491749345,42000.0,23199.999999999996,0.00015557702184508214,66307.72866864718,1341.6333837983627,9.854409204915332e-05,0.0,0.0
BC,FA,2026-01-01T00:00:00,M,78,61.107790922651475,42000.0,22700.0,0.0014549474029202732,66307.72866864718,1341.6333837983627,0.0009215787080872455,0.0,0.0
BC,FA,2026-01-01T00:00:00,M,79,102.84857301817465,42000.0,21700.0,0.0024487755480517774,66307.72866864718,1341.6333837983627,0.0015510797169984406,0.0,0.0
BC,FA,2026-01-01T00:00:00,M,80,8.058753815177624,42000.0,17200.0,0.00019187509083756248,66307.72866864718,1341.6333837983627,0.0001215356637451542,0.0,0.0
BC,FA,2026-01-01T00:00:00,M,81,3.8698861935336026,42000.0,15400.0,9.214014746508578e-05,66307.72866864718,1341.6333837983627,5.836252079862649e-05,0.0,0.0
BC,FA,2026-01-01T00:00:00,M,82,40.44898355920668,42000.0,14600.0,0.0009630710371239686,66307.72866864718,1341.6333837983627,0.00061001913911632,0.0,0.0
BC,FA,2026-01-01T00:00:00,M,83,45.78888892615396,42000.0,13200.0,0.0010902116410989038,66307.72866864718,1341.6333837983627,0.000690551310465935,0.0,0.0
BC,FA,2026-01-01T00:00:00,M,84,20.812612217412607,42000.0,11400.0,0.0004955383861288716,66307.72866864718,1341.6333837983627,0.00031387913046181,0.0,0.0
BC,FA,2026-01-01T00:00:00,M,85,8.811715811609247,42000.0,10000.0,0.00020980275741926778,66307.72866864718,1341.6333837983627,0.0001328912328703511,0.0,0.0
BC,FA,2026-01-01T00:00:00,M,86,0.8078091595925798,42000.0,8800.0,1.923355141887095e-05,66307.72866864718,1341.6333837983627,1.2182730064987776e-05,0.0,0.0
BC,FA,2026-01-01T00:00:00,M,87,-8.747484520317812,42000.0,7700.0,-0.0002082734409599479,66307.72866864718,1341.6333837983627,0.0,0.006520025981727131,0.001136036950690625
BC,FA,2026-01-01T00:00:00,M,88,-38.105784120894896,42000.0,6499.999999999999,-0.0009072805743070213,66307.72866864718,1341.6333837983627,0.0,0.028402531258585547,0.005862428326291524
BC,FA,2026-01-01T00:00:00,M,89,-51.992392517321605,42000.0,5600.0,-0.0012379141075552762,66307.72866864718,1341.6333837983627,0.0,0.0387530551529088,0.009284355806664573
BC,FA,2026-01-01T00:00:00,M,90,-54.46510438441328,42000.0,4900.0,-0.0012967881996288875,66307.72866864718,1341.6333837983627,0.0,0.04059611593013175,0.011115327425390465
BC,FA,2026-01-01T00:00:00,M,91,-104.83018013620813,42000.0,3900.0,-0.0024959566699097172,66307.72866864718,1341.6333837983627,0.0,0.07813623408760027,0.026879533368258494
BC,FA,2026-01-01T00:00:00,M,92,-34.548186265707045,42000.0,3300.0,-0.0008225758634692154,66307.72866864718,1341.6333837983627,0.0,0.0257508397472162,0.010469147353244558
BC,FA,2026-01-01T00:00:00,M,93,1.1703234030374006,42000.0,2599.9999999999995,2.7864842929461917e-05,66307.72866864718,1341.6333837983627,1.7649879230304177e-05,0.0,0.0
BC,FA,2026-01-01T00:00:00,M,94,-51.5412828120202,42000.0,1999.9999999999995,-0.0012271734002861953,66307.72866864718,1341.6333837983627,0.0,0.038416815975538116,0.025770641406010104
BC,FA,2026-01-01T00:00:00,M,95,-3.8918637300757837,42000.0,1599.9999999999998,-9.266342214466152e-05,66307.72866864718,1341.6333837983627,0.0,0.002900839959018716,0.002432414831297365
BC,FA,2026-01-01T00:00:00,M,96,-77.18864033730733,42000.0,1100.0,-0.001837824769935889,66307.72866864718,1341.6333837983627,0.0,0.057533333077010106,0.07017149121573393
BC,FA,2026-01-01T00:00:00,M,97,34.45242722770331,42000.0,800.0,0.0008202958863738883,66307.72866864718,1341.6333837983627,0.0005195838844046204,0.0,0.0
BC,FA,2026-01-01T00:00:00,M,98,-21.90469163756643,42000.0,500.0,-0.000521540277084915,66307.72866864718,1341.6333837983627,0.0,0.016326883261916905,0.04380938327513286
BC,FA,2026-01-01T00:00:00,M,99,-62.51266856919614,42000.0,300.0,-0.001488396870695146,66307.72866864718,1341.6333837983627,0.0,0.04659444921697872,0.20837556189732045
BC,FA,2026-01-01T00:00:00,M,100,288.7846291463237,42000.0,499.9999999999998,0.006875824503483898,66307.72866864718,1341.6333837983627,0.004355218236918317,0.0,0.0
BC,FA,2027-01-01T00:00:00,F,1,265.12219664467193,41900.0,20700.0,0.006327498726603148,58950.66693296881,1898.5336234686586,0.004497357034927783,0.0,0.0
BC,FA,2027-01-01T00:00:00,F,2,202.90903037033786,41900.0,20900.0,0.004842697622203768,58950.66693296881,1898.5336234686586,0.0034420141607737903,0.0,0.0
BC,FA,2027-01-01T00:00:00,F,3,202.36094771366697,41900.0,21200.0,0.004829616890540978,58950.66693296881,1898.5336234686586,0.003432716850239643,0.0,0.0
BC,FA,2027-01-01T00:00:00,F,4,201.9955604291281,41900.0,21500.000000000004,0.004820896430289453,58950.66693296881,1898.5336234686586,0.0034265186627797056,0.0,0.0
BC,FA,2027-01-01T00:00:00,F,5,301.82973101311654,41900.0,21999.999999999996,0.007203573532532615,58950.66693296881,1898.5336234686586,0.005120039292453109,0.0,0.0
BC,FA,2027-01-01T00:00:00,F,6,301.6788919128412,41900.0,22700.0,0.007199973554005757,58950.66693296881,1898.5336234686586,0.005117480558037995,0.0,0.0
BC,FA,2027-01-01T00:00:00,F,7,301.49526216601225,41900.0,23100.0,0.007195590982482392,58950.66693296881,1898.5336234686586,0.005114365584851385,0.0,0.0
BC,FA,2027-01-01T00:00:00,F,8,301.32100145566073,41900.0,23800.0,0.007191432015648228,58950.66693296881,1898.5336234686586,0.00511140954178321,0.0,0.0
BC,FA,2027-01-01T00:00:00,F,9,301.37159300076746,41900.0,24699.999999999996,0.007192639451092302,58950.66693296881,1898.5336234686586,0.005112267743186839,0.0,0.0
BC,FA,2027-01-01T00:00:00,F,10,301.40532069751134,41900.0,25300.0,0.007193444408055164,58950.66693296881,1898.5336234686586,0.005112839877456027,0.0,0.0
BC,FA,2027-01-01T00:00:00,F,11,301.41656326309385,41900.0,25500.000000000004,0.007193712727042813,58950.66693296881,1898.5336234686586,0.0051130305888791115,0.0,0.0
BC,FA,2027-01-01T00:00:00,F,12,201.67233268567725,41900.0,25700.000000000004,0.004813182164335973,58950.66693296881,1898.5336234686586,0.0034210356418018706,0.0,0.0
BC,FA,2027-01-01T00:00:00,F,13,301.92622866785314,41900.0,26000.0,0.007205876579185039,58950.66693296881,1898.5336234686586,0.005121676214641731,0.0,0.0
BC,FA,2027-01-01T00:00:00,F,14,502.20073637984024,41900.0,26600.0,0.011985697765628646,58950.66693296881,1898.5336234686586,0.008519000081048769,0.0,0.0
BC,FA,2027-01-01T00:00:00,F,15,902.9568059461708,41900.0,27200.000000000004,0.02155028176482508,58950.66693296881,1898.5336234686586,0.01531716014295306,0.0,0.0
BC,FA,2027-01-01T00:00:00,F,16,1504.2525299583867,41900.0,28200.0,0.03590101503480637,58950.66693296881,1898.5336234686586,0.02551714184453301,0.0,0.0
BC,FA,2027-01-01T00:00:00,F,17,1306.3858498067857,41900.0,29700.000000000004,0.031178659899923286,58950.66693296881,1898.5336234686586,0.02216066276726337,0.0,0.0
BC,FA,2027-01-01T00:00:00,F,18,1708.3196245682302,41900.0,31300.0,0.040771351421676136,58950.66693296881,1898.5336234686586,0.02897880063868851,0.0,0.0
BC,FA,2027-01-01T00:00:00,F,19,3410.5232406615432,41900.0,34600.0,0.08139673605397478,58950.66693296881,1898.5336234686586,0.0578538533675888,0.0,0.0
BC,FA,2027-01-01T00:00:00,F,20,1912.9067504368868,41900.0,35500.0,0.04565409905577295,58950.66693296881,1898.5336234686586,0.03244928089807705,0.0,0.0
BC,FA,2027-01-01T00:00:00,F,21,614.5454272999777,41900.0,35100.00000000001,0.014666955305488729,58950.66693296881,1898.5336234686586,0.010424740876956669,0.0,0.0
BC,FA,2027-01-01T00:00:00,F,22,-84.48484816493874,41900.0,34400.0,-0.002016344824938872,58950.66693296881,1898.5336234686586,0.0,0.0445000536838443,0.002455954888515661
BC,FA,2027-01-01T00:00:00,F,23,116.24596873801784,41900.0,34100.0,0.0027743667956567505,58950.66693296881,1898.5336234686586,0.0019719194843070722,0.0,0.0
BC,FA,2027-01-01T00:00:00,F,24,316.3368693499506,41900.0,33200.0,0.007549805951072806,58950.66693296881,1898.5336234686586,0.005366128761692359,0.0,0.0
BC,FA,2027-01-01T00:00:00,F,25,516.0389325228971,41900.0,32800.0,0.012315964976680121,58950.66693296881,1898.5336234686586,0.008753742058756873,0.0,0.0
BC,FA,2027-01-01T00:00:00,F,26,317.28033596894966,41900.0,35100.0,0.007572323054151543,58950.66693296881,1898.5336234686586,0.005382133103425623,0.0,0.0
BC,FA,2027-01-01T00:00:00,F,27,418.36528732850275,41900.0,36700.0,0.009984851726217249,58950.66693296881,1898.5336234686586,0.007096871148280892,0.0,0.0
BC,FA,2027-01-01T00:00:00,F,28,419.0661071857685,41900.0,37400.0,0.010001577737130512,58950.66693296881,1898.5336234686586,0.007108759391344582,0.0,0.0
BC,FA,2027-01-01T00:00:00,F,29,520.0264646494034,41900.0,37999.99999999999,0.012411132807861654,58950.66693296881,1898.5336234686586,0.00882138390801772,0.0,0.0
BC,FA,2027-01-01T00:00:00,F,30,420.8397293838352,41900.0,38100.0,0.0100439076225259,58950.66693296881,1898.5336234686586,0.007138845941511748,0.0,0.0
BC,FA,2027-01-01T00:00:00,F,31,422.8288363883039,41900.0,39700.0,0.010091380343396274,58950.66693296881,1898.5336234686586,0.007172587832960244,0.0,0.0
BC,FA,2027-01-01T00:00:00,F,32,324.4872352628372,41900.0,39900.0,0.007744325423934062,58950.66693296881,1898.5336234686586,0.005504386161259257,0.0,0.0
BC,FA,2027-01-01T00:00:00,F,33,326.2337128340514,41900.0,40300.0,0.007786007466206477,58950.66693296881,1898.5336234686586,0.005534012247986996,0.0,0.0
BC,FA,2027-01-01T00:00:00,F,34,428.59952184918075,41900.0,41100.0,0.010229105533393335,58950.66693296881,1898.5336234686586,0.007270477912260595,0.0,0.0
BC,FA,2027-01-01T00:00:00,F,35,431.25579231005395,41900.0,42100.0,0.01029250100978649,58950.66693296881,1898.5336234686586,0.007315537121919641,0.0,0.0
BC,FA,2027-01-01T00:00:00,F,36,334.3983881781314,41900.0,42500.0,0.007980868452938697,58950.66693296881,1898.5336234686586,0.005672512383250332,0.0,0.0
BC,FA,2027-01-01T00:00:00,F,37,337.51852543946006,41900.0,42899.99999999999,0.0080553347360253,58950.66693296881,1898.5336234686586,0.005725440321536025,0.0,0.0
BC,FA,2027-01-01T00:00:00,F,38,239.83948331312422,41900.0,42300.0,0.005724092680504158,58950.66693296881,1898.5336234686586,0.00406847786108746,0.0,0.0
BC,FA,2027-01-01T00:00:00,F,39,241.3152889432895,41900.0,41800.0,0.005759314771916217,58950.66693296881,1898.5336234686586,0.004093512448598461,0.0,0.0
BC,FA,2027-01-01T00:00:00,F,40,242.4322548874261,41900.0,41000.0,0.005785972670344299,58950.66693296881,1898.5336234686586,0.0041124599177663115,0.0,0.0
BC,FA,2027-01-01T00:00:00,F,41,144.1769534948471,41900.0,41100.0,0.0034409774103782128,58950.66693296881,1898.5336234686586,0.002445722177474036,0.0,0.0
BC,FA,2027-01-01T00:00:00,F,42,244.93318151520361,41900.0,40500.0,0.005845660656687437,58950.66693296881,1898.5336234686586,0.004154883977711574,0.0,0.0
BC,FA,2027-01-01T00:00:00,F,43,245.9826785991463,41900.0,40100.0,0.005870708319788695,58950.66693296881,1898.5336234686586,0.004172686949900779,0.0,0.0
BC,FA,2027-01-01T00:00:00,F,44,247.25239453959512,41900.0,39600.0,0.005901011802854299,58950.66693296881,1898.5336234686586,0.00419422556865623,0.0,0.0
BC,FA,2027-01-01T00:00:00,F,45,148.9653293947922,41900.0,39100.00000000001,0.0035552584581095992,58950.66693296881,1898.5336234686586,0.0025269490091465226,0.0,0.0
BC,FA,2027-01-01T00:00:00,F,46,249.80599917061772,41900.0,37900.00000000001,0.005961957020778466,58950.66693296881,1898.5336234686586,0.004237543223296614,0.0,0.0
BC,FA,2027-01-01T00:00:00,F,47,251.30817327798286,41900.0,37200.0,0.0059978084314554385,58950.66693296881,1898.5336234686586,0.004263025108159311,0.0,0.0
BC,FA,2027-01-01T00:00:00,F,48,52.07490606725332,41900.0,35400.00000000001,0.0012428378536337309,58950.66693296881,1898.5336234686586,0.0008833641547510611,0.0,0.0
BC,FA,2027-01-01T00:00:00,F,49,153.67090441225446,41900.0,34400.0,0.0036675633511277913,58950.66693296881,1898.5336234686586,0.002606771261587073,0.0,0.0
BC,FA,2027-01-01T00:00:00,F,50,157.02477239642758,41900.0,34100.00000000001,0.0037476079330889638,58950.66693296881,1898.5336234686586,0.002663664052774435,0.0,0.0
BC,FA,2027-01-01T00:00:00,F,51,162.02787171104865,41900.0,34400.0,0.003867013644655099,58950.66693296881,1898.5336234686586,0.002748533309984196,0.0,0.0
BC,FA,2027-01-01T00:00:00,F,52,66.06973984243814,41900.0,33900.0,0.0015768434329937503,58950.66693296881,1898.5336234686586,0.0011207632293212938,0.0,0.0
BC,FA,2027-01-01T00:00:00,F,53,170.94285613101965,41900.0,33900.00000000001,0.004079781769236746,58950.66693296881,1898.5336234686586,0.002899761190579813,0.0,0.0
BC,FA,2027-01-01T00:00:00,F,54,177.09801003165921,41900.0,34100.00000000001,0.004226682816984707,58950.66693296881,1898.5336234686586,0.0030041731373969443,0.0,0.0
BC,FA,2027-01-01T00:00:00,F,55,184.69831211554265,41900.0,34600.0,0.004408074274833953,58950.66693296881,1898.5336234686586,0.0031330996191367613,0.0,0.0
BC,FA,2027-01-01T00:00:00,F,56,198.19855737232865,41900.0,37000.0,0.004730275832275147,58950.66693296881,1898.5336234686586,0.003362108822241058,0.0,0.0
BC,FA,2027-01-01T00:00:00,F,57,207.07586910903774,41900.0,37200.0,0.004942144847471068,58950.66693296881,1898.5336234686586,0.0035126976484336986,0.0,0.0
BC,FA,2027-01-01T00:00:00,F,58,215.80366437717748,41900.0,37100.00000000001,0.005150445450529295,58950.66693296881,1898.5336234686586,0.0036607501764579172,0.0,0.0
BC,FA,2027-01-01T00:00:00,F,59,221.77880683553667,41900.0,35900.00000000001,0.005293050282471042,58950.66693296881,1898.5336234686586,0.003762108528606051,0.0,0.0
BC,FA,2027-01-01T00:00:00,F,60,229.512511299974,41900.0,35000.0,0.005477625568018472,58950.66693296881,1898.5336234686586,0.003893297959816916,0.0,0.0
BC,FA,2027-01-01T00:00:00,F,61,147.02099680086394,41900.0,36399.99999999999,0.003508854338922767,58950.66693296881,1898.5336234686586,0.0024939666410905494,0.0,0.0
BC,FA,2027-01-01T00:00:00,F,62,167.2906986709786,41900.0,37900.0,0.003992618106705933,58950.66693296881,1898.5336234686586,0.0028378084146393166,0.0,0.0
BC,FA,2027-01-01T00:00:00,F,63,193.0594053366367,41900.0,40000.0,0.004607623039060542,58950.66693296881,1898.5336234686586,0.0032749316569422237,0.0,0.0
BC,FA,2027-01-01T00:00:00,F,64,211.43470615884144,41900.0,40000.0,0.0050461743713327315,58950.66693296881,1898.5336234686586,0.0035866380680520215,0.0,0.0
BC,FA,2027-01-01T00:00:00,F,65,222.99811649717594,41900.0,38500.0,0.005322150751722576,58950.66693296881,1898.5336234686586,0.0037827920886924146,0.0,0.0
BC,FA,2027-01-01T00:00:00,F,66,145.9286378472607,41900.0,38600.00000000001,0.003482783719505028,58950.66693296881,1898.5336234686586,0.0024754365885833345,0.0,0.0
BC,FA,2027-01-01T00:00:00,F,67,68.84615109206061,41900.0,38300.00000000001,0.0016431062313140958,58950.66693296881,1898.5336234686586,0.0011678604276070988,0.0,0.0
BC,FA,2027-01-01T00:00:00,F,68,189.77612083293207,41900.0,37600.00000000001,0.004529263027038951,58950.66693296881,1898.5336234686586,0.0032192361970852902,0.0,0.0
BC,FA,2027-01-01T00:00:00,F,69,216.0877712993606,41900.0,37200.0,0.0051572260453308025,58950.66693296881,1898.5336234686586,0.003665569577780487,0.0,0.0
BC,FA,2027-01-01T00:00:00,F,70,139.27958303558262,41900.0,36100.0,0.003324095060515098,58950.66693296881,1898.5336234686586,0.002362646434415299,0.0,0.0
BC,FA,2027-01-01T00:00:00,F,71,167.4699148875079,41900.0,35400.0,0.0039968953433772774,58950.66693296881,1898.5336234686586,0.002840848519626307,0.0,0.0
BC,FA,2027-01-01T00:00:00,F,72,98.55593890776072,41900.0,34600.0,0.0023521703796601603,58950.66693296881,1898.5336234686586,0.0016718375556264017,0.0,0.0
BC,FA,2027-01-01T00:00:00,F,73,121.21971927414415,41900.0,33000.0,0.0028930720590487867,58950.66693296881,1898.5336234686586,0.002056290888311404,0.0,0.0
BC,FA,2027-01-01T00:00:00,F,74,141.91118437250407,41900.0,31200.000000000004,0.003386901775000097,58950.66693296881,1898.5336234686586,0.0024072871734236254,0.0,0.0
BC,FA,2027-01-01T00:00:00,F,75,67.33575716619453,41900.0,29600.000000000007,0.0016070586435845949,58950.66693296881,1898.5336234686586,0.0011422391071972124,0.0,0.0
BC,FA,2027-01-01T00:00:00,F,76,98.94026569943526,41900.0,28400.0,0.0023613428567884308,58950.66693296881,1898.5336234686586,0.0016783570203189988,0.0,0.0
BC,FA,2027-01-01T00:00:00,F,77,-56.100380035411945,41900.0,27600.000000000004,-0.0013389112180289247,58950.66693296881,1898.5336234686586,0.0,0.029549321298253037,0.0020326224650511573
BC,FA,2027-01-01T00:00:00,F,78,-32.28566188202967,41900.0,25800.0,-0.0007705408563730232,58950.66693296881,1898.5336234686586,0.0,0.017005578138270278,0.0012513822434895223
BC,FA,2027-01-01T00:00:00,F,79,14.504207994858007,41900.0,25000.0,0.0003461624819775181,58950.66693296881,1898.5336234686586,0.0002460397608622536,0.0,0.0
BC,FA,2027-01-01T00:00:00,F,80,-37.206681336992915,41900.0,24000.000000000004,-0.0008879876214079454,58950.66693296881,1898.5336234686586,0.0,0.019597588832277604,0.0015502783890413712
BC,FA,2027-01-01T00:00:00,F,81,-105.19331256411533,41900.0,19100.0,-0.0025105802521268577,58950.66693296881,1898.5336234686586,0.0,0.05540766371676108,0.005507503275608132
BC,FA,2027-01-01T00:00:00,F,82,-0.6272326063844957,41900.0,17199.999999999996,-1.4969751942350733e-05,58950.66693296881,1898.5336234686586,0.0,0.0003303774021334051,3.6467011999098595e-05
BC,FA,2027-01-01T00:00:00,F,83,-61.40789636841146,41900.0,16200.000000000002,-0.0014655822522293904,58950.66693296881,1898.5336234686586,0.0,0.03234490851745781,0.0037906108869389782
BC,FA,2027-01-01T00:00:00,F,84,-45.99272624217156,41900.0,14700.0,-0.0010976784306007531,58950.66693296881,1898.5336234686586,0.0,0.024225394627534664,0.003128756887222555
BC,FA,2027-01-01T00:00:00,F,85,-50.135283498239005,41900.0,12900.0,-0.001196546145542697,58950.66693296881,1898.5336234686586,0.0,0.026407371920356536,0.0038864560851348067
BC,FA,2027-01-01T00:00:00,F,86,-26.879868293190157,41900.0,11800.0,-0.0006415243029400992,58950.66693296881,1898.5336234686586,0.0,0.014158226096665122,0.002277954940100861
BC,FA,2027-01-01T00:00:00,F,87,62.29063087263785,41900.0,10300.0,0.0014866499014949367,58950.66693296881,1898.5336234686586,0.0010566569322017479,0.0,0.0
BC,FA,2027-01-01T00:00:00,F,88,-33.984955258258196,41900.0,9000.0,-0.0008110967842066395,58950.66693296881,1898.5336234686586,0.0,0.017900633856653542,0.0037761061398064663
BC,FA,2027-01-01T00:00:00,F,89,-16.350022403292314,41900.0,8099.999999999999,-0.00039021533182081894,58950.66693296881,1898.5336234686586,0.0,0.00861192143303762,0.002018521284357076
BC,FA,2027-01-01T00:00:00,F,90,-104.61622694106518,41900.0,7100.0,-0.002496807325562415,58950.66693296881,1898.5336234686586,0.0,0.05510369984911263,0.01473467985085425
BC,FA,2027-01-01T00:00:00,F,91,-110.8731174546765,41900.0,6100.0,-0.002646136454765549,58950.66693296881,1898.5336234686586,0.0,0.058399343621899684,0.018175920894209264
BC,FA,2027-01-01T00:00:00,F,92,-43.839449537408655,41900.0,5100.000000000001,-0.0010462875784584403,58950.66693296881,1898.5336234686586,0.0,0.023091215765414317,0.008595970497531108
BC,FA,2027-01-01T00:00:00,F,93,-75.16280373863356,41900.0,4200.0,-0.0017938616644065288,58950.66693296881,1898.5336234686586,0.0,0.039589924987111696,0.017895905652055608
BC,FA,2027-01-01T00:00:00,F,94,0.8478477415551424,41900.0,3600.0,2.0235029631387647e-05,58950.66693296881,1898.5336234686586,1.4382326539565819e-05,0.0,0.0
BC,FA,2027-01-01T00:00:00,F,95,-56.97229624395732,41900.0,2800.0000000000005,-0.0013597206740801268,58950.66693296881,1898.5336234686586,0.0,0.030008579010503803,0.02034724865855618
BC,FA,2027-01-01T00:00:00,F,96,-6.062883983012398,41900.0,2300.0000000000005,-0.00014469890174253932,58950.66693296881,1898.5336234686586,0.0,0.003193456206445998,0.002636036514353216
BC,FA,2027-01-01T00:00:00,F,97,-71.59068716608544,41900.0,1699.9999999999998,-0.0017086082855867649,58950.66693296881,1898.5336234686586,0.0,0.03770841152409397,0.04211216892122674
BC,FA,2027-01-01T00:00:00,F,98,-36.02273523210465,41900.0,1300.0,-0.000859731151124216,58950.66693296881,1898.5336234686586,0.0,0.018973978014827253,0.02770979633238819
BC,FA,2027-01-01T00:00:00,F,99,-95.25875879921443,41900.0,900.0,-0.002273478730291514,58950.66693296881,1898.5336234686586,0.0,0.050174912691393264,0.10584306533246048
BC,FA,2027-01-01T00:00:00,F,100,1129.9767272427712,41900.0,1800.0,0.026968418311283323,58950.66693296881,1898.5336234686586,0.01916817545978974,0.0,0.0
BC,FA,2027-01-01T00:00:00,M,1,371.03755556922624,41900.0,21800.0,0.00885531158876435,58950.66693296881,1898.5336234686586,0.006294034908733482,0.0,0.0
BC,FA,2027-01-01T00:00:00,M,2,204.66063250421212,41900.0,22100.0,0.004884501969074275,58950.66693296881,1898.5336234686586,0.00347172717718234,0.0,0.0
BC,FA,2027-01-01T00:00:00,M,3,303.2865753519618,41900.0,22500.0,0.007238343087158993,58950.66693296881,1898.5336234686586,0.005144752233199002,0.0,0.0
BC,FA,2027-01-01T00:00:00,M,4,302.30022404089686,41900.0,22899.999999999996,0.007214802483076298,58950.66693296881,1898.5336234686586,0.005128020424003585,0.0,0.0
BC,FA,2027-01-01T00:00:00,M,5,401.92363581373866,41900.0,23500.000000000004,0.009592449542094001,58950.66693296881,1898.5336234686586,0.006817965881043467,0.0,0.0
BC,FA,2027-01-01T00:00:00,M,6,401.54797398073424,41900.0,24300.0,0.009583483865888646,58950.66693296881,1898.5336234686586,0.006811593402960538,0.0,0.0
BC,FA,2027-01-01T00:00:00,M,7,401.3767983035614,41900.0,25200.0,0.009579398527531298,58950.66693296881,1898.5336234686586,0.006808689692348281,0.0,0.0
BC,FA,2027-01-01T00:00:00,M,8,401.399004727813,41900.0,25600.0,0.009579928513790286,58950.66693296881,1898.5336234686586,0.006809066387395292,0.0,0.0
BC,FA,2027-01-01T00:00:00,M,9,301.4378659702561,41900.0,26200.000000000004,0.007194221144874847,58950.66693296881,1898.5336234686586,0.005113391953869035,0.0,0.0
BC,FA,2027-01-01T00:00:00,M,10,301.4878304248159,41900.0,27100.0,0.00719541361395742,58950.66693296881,1898.5336234686586,0.005114239517724701,0.0,0.0
BC,FA,2027-01-01T00:00:00,M,11,401.4989336369399,41900.0,27399.999999999996,0.009582313451955607,58950.66693296881,1898.5336234686586,0.006810761515106748,0.0,0.0
BC,FA,2027-01-01T00:00:00,M,12,302.05779838978196,41900.0,28099.999999999996,0.007209016668013889,58950.66693296881,1898.5336234686586,0.005123908076107835,0.0,0.0
BC,FA,2027-01-01T00:00:00,M,13,302.29837006316666,41900.0,27900.0,0.007214758235397772,58950.66693296881,1898.5336234686586,0.005127988974355487,0.0,0.0
BC,FA,2027-01-01T00:00:00,M,14,503.0978100742359,41900.0,28400.0,0.012007107639003244,58950.66693296881,1898.5336234686586,0.008534217443990832,0.0,0.0
BC,FA,2027-01-01T00:00:00,M,15,804.1156213866889,41900.0,28599.999999999996,0.019191303613047467,58950.66693296881,1898.5336234686586,0.013640483869351754,0.0,0.0
BC,FA,2027-01-01T00:00:00,M,16,1306.2178824371185,41900.0,29300.0,0.031174651132150802,58950.66693296881,1898.5336234686586,0.02215781348025092,0.0,0.0
BC,FA,2027-01-01T00:00:00,M,17,1209.312088770199,41900.0,30799.999999999996,0.028861863693799495,58950.66693296881,1898.5336234686586,0.020513967893616446,0.0,0.0
BC,FA,2027-01-01T00:00:00,M,18,1812.7413072894124,41900.0,32400.0,0.043263515687098145,58950.66693296881,1898.5336234686586,0.030750140780436478,0.0,0.0
BC,FA,2027-01-01T00:00:00,M,19,3516.772041194854,41900.0,35300.0,0.08393250694975785,58950.66693296881,1898.5336234686586,0.05965618752360646,0.0,0.0
BC,FA,2027-01-01T00:00:00,M,20,2421.8354947513435,41900.0,36600.0,0.05780036980313469,58950.66693296881,1898.5336234686586,0.04108241044168587,0.0,0.0
BC,FA,2027-01-01T00:00:00,M,21,926.607563478974,41900.0,36399.99999999999,0.022114738985178378,58950.66693296881,1898.5336234686586,0.015718355901428463,0.0,0.0
BC,FA,2027-01-01T00:00:00,M,22,230.63575422230497,41900.0,35800.0,0.0055044332749953455,58950.66693296881,1898.5336234686586,0.003912351907478071,0.0,0.0
BC,FA,2027-01-01T00:00:00,M,23,34.06714994964568,41900.0,35400.0,0.0008130584713519256,58950.66693296881,1898.5336234686586,0.0005778925281436173,0.0,0.0
BC,FA,2027-01-01T00:00:00,M,24,-63.82099118291808,41900.0,34500.0,-0.001523174013912126,58950.66693296881,1898.5336234686586,0.0,0.03361593937236458,0.0018498838024034227
BC,FA,2027-01-01T00:00:00,M,25,236.7787951595892,41900.0,33600.0,0.005651045230539122,58950.66693296881,1898.5336234686586,0.004016558378021811,0.0,0.0
BC,FA,2027-01-01T00:00:00,M,26,241.0624051313498,41900.0,35700.0,0.005753279358743432,58950.66693296881,1898.5336234686586,0.004089222695401483,0.0,0.0
BC,FA,2027-01-01T00:00:00,M,27,345.8050634061583,41900.0,37800.0,0.008253104138571797,58950.66693296881,1898.5336234686586,0.005866007653473434,0.0,0.0
BC,FA,2027-01-01T00:00:00,M,28,349.52062208885764,41900.0,38800.0,0.008341780956774646,58950.66693296881,1898.5336234686586,0.005929035925688305,0.0,0.0
BC,FA,2027-01-01T00:00:00,M,29,353.5490729030207,41900.0,39400.00000000001,0.00843792536761386,58950.66693296881,1898.5336234686586,0.005997371892416954,0.0,0.0
BC,FA,2027-01-01T00:00:00,M,30,358.6297698260096,41900.0,40400.0,0.008559183050740085,58950.66693296881,1898.5336234686586,0.006083557463968944,0.0,0.0
BC,FA,2027-01-01T00:00:00,M,31,364.34174785324285,41900.0,41200.0,0.00869550710866928,58950.66693296881,1898.5336234686586,0.00618045166931743,0.0,0.0
BC,FA,2027-01-01T00:00:00,M,32,270.2315031135222,41900.0,41900.0,0.0064494392151198615,58950.66693296881,1898.5336234686586,0.004584027919833291,0.0,0.0
BC,FA,2027-01-01T00:00:00,M,33,275.0126815172771,41900.0,42200.0,0.006563548484899214,58950.66693296881,1898.5336234686586,0.004665132657955957,0.0,0.0
BC,FA,2027-01-01T00:00:00,M,34,379.66623270806303,41900.0,42500.0,0.009061246604011051,58950.66693296881,1898.5336234686586,0.006440406062577225,0.0,0.0
BC,FA,2027-01-01T00:00:00,M,35,383.77182853236445,41900.0,43000.0,0.009159232184543304,58950.66693296881,1898.5336234686586,0.006510050666072038,0.0,0.0
BC,FA,2027-01-01T00:00:00,M,36,387.34899581030186,41900.0,43400.0,0.009244606105257801,58950.66693296881,1898.5336234686586,0.00657073135831942,0.0,0.0
BC,FA,2027-01-01T00:00:00,M,37,290.57539870087203,41900.0,43700.00000000001,0.0069349737160112656,58950.66693296881,1898.5336234686586,0.0049291282663736,0.0,0.0
BC,FA,2027-01-01T00:00:00,M,38,292.5026745171781,41900.0,43100.0,0.006980970752199955,58950.66693296881,1898.5336234686586,0.004961821294571186,0.0,0.0
BC,FA,2027-01-01T00:00:00,M,39,193.38893420357635,41900.0,41800.0,0.0046154876898228244,58950.66693296881,1898.5336234686586,0.003280521565998119,0.0,0.0
BC,FA,2027-01-01T00:00:00,M,40,296.08265635075804,41900.0,41400.0,0.007066411846080144,58950.66693296881,1898.5336234686586,0.005022549731073026,0.0,0.0
BC,FA,2027-01-01T00:00:00,M,41,300.76434939146566,41900.0,41600.0,0.007178146763519467,58950.66693296881,1898.5336234686586,0.005101966865505637,0.0,0.0
BC,FA,2027-01-01T00:00:00,M,42,304.21357177763275,41900.0,41000.0,0.007260467106864743,58950.66693296881,1898.5336234686586,0.005160477185500644,0.0,0.0
BC,FA,2027-01-01T00:00:00,M,43,307.08545207847783,41900.0,40100.0,0.007329008402827633,58950.66693296881,1898.5336234686586,0.005209193857427539,0.0,0.0
BC,FA,2027-01-01T00:00:00,M,44,309.8029204483464,41900.0,39100.0,0.007393864449841203,58950.66693296881,1898.5336234686586,0.005255291187809883,0.0,0.0
BC,FA,2027-01-01T00:00:00,M,45,113.13126977117645,41900.0,38199.99999999999,0.0027000303048013473,58950.66693296881,1898.5336234686586,0.0019190837976407447,0.0,0.0
BC,FA,2027-01-01T00:00:00,M,46,215.40017422095116,41900.0,37099.99999999999,0.005140815613865183,58950.66693296881,1898.5336234686586,0.0036539056371639833,0.0,0.0
BC,FA,2027-01-01T00:00:00,M,47,217.2943931278569,41900.0,35800.0,0.005186023702335486,58950.66693296881,1898.5336234686586,0.0036860379098838086,0.0,0.0
BC,FA,2027-01-01T00:00:00,M,48,218.0355514233088,41900.0,34199.99999999999,0.005203712444470376,58950.66693296881,1898.5336234686586,0.0036986104274482775,0.0,0.0
BC,FA,2027-01-01T00:00:00,M,49,220.6437159998677,41900.0,33099.99999999999,0.005265959809066055,58950.66693296881,1898.5336234686586,0.0037428536008041378,0.0,0.0
BC,FA,2027-01-01T00:00:00,M,50,126.59329725144926,41900.0,32799.99999999999,0.003021319743471343,58950.66693296881,1898.5336234686586,0.00214744469974182,0.0,0.0
BC,FA,2027-01-01T00:00:00,M,51,131.84076583948627,41900.0,32299.999999999996,0.003146557657266975,58950.66693296881,1898.5336234686586,0.0022364592751664505,0.0,0.0
BC,FA,2027-01-01T00:00:00,M,52,39.18415572700178,41900.0,32100.0,0.0009351827142482526,58950.66693296881,1898.5336234686586,0.0006646940190101159,0.0,0.0
BC,FA,2027-01-01T00:00:00,M,53,45.699632879212004,41900.0,31699.999999999996,0.0010906833622723628,58950.66693296881,1898.5336234686586,0.000775218250391905,0.0,0.0
BC,FA,2027-01-01T00:00:00,M,54,54.53337972591544,41900.0,31700.0,0.0013015126426232802,58950.66693296881,1898.5336234686586,0.0009250680706958558,0.0,0.0
BC,FA,2027-01-01T00:00:00,M,55,167.13263098302195,41900.0,32300.0,0.003988845608186681,58950.66693296881,1898.5336234686586,0.0028351270592589547,0.0,0.0
BC,FA,2027-01-01T00:00:00,M,56,187.81486141351343,41900.0,34100.0,0.004482454926336836,58950.66693296881,1898.5336234686586,0.003185966693592671,0.0,0.0
BC,FA,2027-01-01T00:00:00,M,57,201.30504155017115,41900.0,34300.0,0.00480441626611387,58950.66693296881,1898.5336234686586,0.003414805158677333,0.0,0.0
BC,FA,2027-01-01T00:00:00,M,58,211.8315316044027,41900.0,33800.0,0.0050556451456898015,58950.66693296881,1898.5336234686586,0.0035933695516162786,0.0,0.0
BC,FA,2027-01-01T00:00:00,M,59,221.1836428340539,41900.0,32999.99999999999,0.005278845891027539,58950.66693296881,1898.5336234686586,0.003752012561377054,0.0,0.0
BC,FA,2027-01-01T00:00:00,M,60,234.20529480906043,41900.0,32600.0,0.0055896251744405835,58950.66693296881,1898.5336234686586,0.003972903225596563,0.0,0.0
BC,FA,2027-01-01T00:00:00,M,61,261.13110082259664,41900.0,33900.0,0.006232245843021399,58950.66693296881,1898.5336234686586,0.004429654733499821,0.0,0.0
BC,FA,2027-01-01T00:00:00,M,62,196.33043409870152,41900.0,35700.0,0.004685690551281659,58950.66693296881,1898.5336234686586,0.0033304192185296816,0.0,0.0
BC,FA,2027-01-01T00:00:00,M,63,231.35674105522776,41900.0,37100.0,0.005521640597976796,58950.66693296881,1898.5336234686586,0.00392458224973599,0.0,0.0
BC,FA,2027-01-01T00:00:00,M,64,262.62136648358137,41900.0,37700.0,0.006267813042567574,58950.66693296881,1898.5336234686586,0.004454934611379392,0.0,0.0
BC,FA,2027-01-01T00:00:00,M,65,175.81741429504473,41900.0,36100.0,0.004196119672912762,58950.66693296881,1898.5336234686586,0.0029824499609980987,0.0,0.0
BC,FA,2027-01-01T00:00:00,M,66,204.97966211631865,41900.0,35999.99999999999,0.004892116040962259,58950.66693296881,1898.5336234686586,0.0034771389838455166,0.0,0.0
BC,FA,2027-01-01T00:00:00,M,67,231.2686993433672,41900.0,35399.99999999999,0.005519539363803513,58950.66693296881,1898.5336234686586,0.003923088768551787,0.0,0.0
BC,FA,2027-01-01T00:00:00,M,68,253.12837932624825,41900.0,34299.99999999999,0.006041250103251748,58950.66693296881,1898.5336234686586,0.0042939018758527975,0.0,0.0
BC,FA,2027-01-01T00:00:00,M,69,190.41338664993236,41900.0,34100.0,0.004544472235081918,58950.66693296881,1898.5336234686586,0.0032300463515781124,0.0,0.0
BC,FA,2027-01-01T00:00:00,M,70,109.91834722471322,41900.0,32500.0,0.002623349575768812,58950.66693296881,1898.5336234686586,0.001864581911341196,0.0,0.0
BC,FA,2027-01-01T00:00:00,M,71,243.27874867476203,41900.0,31900.0,0.0058061753860325065,58950.66693296881,1898.5336234686586,0.0041268192767248526,0.0,0.0
BC,FA,2027-01-01T00:00:00,M,72,172.33481434230998,41900.0,30699.999999999996,0.004113002728933412,58950.66693296881,1898.5336234686586,0.0029233734461099003,0.0,0.0
BC,FA,2027-01-01T00:00:00,M,73,88.70346774831341,41900.0,28799.999999999996,0.002117027869888148,58950.66693296881,1898.5336234686586,0.001504706772006086,0.0,0.0
BC,FA,2027-01-01T00:00:00,M,74,117.55205414773445,41900.0,27599.999999999996,0.0028055382851487937,58950.66693296881,1898.5336234686586,0.0019940750506079884,0.0,0.0
BC,FA,2027-01-01T00:00:00,M,75,142.82446706517658,41900.0,26199.999999999996,0.0034086984979755748,58950.66693296881,1898.5336234686586,0.002422779495057764,0.0,0.0
BC,FA,2027-01-01T00:00:00,M,76,76.03747734102944,41900.0,25000.0,0.0018147369293801776,58950.66693296881,1898.5336234686586,0.0012898493146394692,0.0,0.0
BC,FA,2027-01-01T00:00:00,M,77,119.44952836176162,41900.0,24200.0,0.002850824065913165,58950.66693296881,1898.5336234686586,0.0020262625441979207,0.0,0.0
BC,FA,2027-01-01T00:00:00,M,78,140.55344557084027,41900.0,22600.0,0.0033544975076572857,58950.66693296881,1898.5336234686586,0.002384255393253816,0.0,0.0
BC,FA,2027-01-01T00:00:00,M,79,98.50437613902977,41900.0,21999.999999999996,0.0023509397646546484,58950.66693296881,1898.5336234686586,0.00167096287902962,0.0,0.0
BC,FA,2027-01-01T00:00:00,M,80,42.50574620284169,41900.0,20899.999999999996,0.0010144569499484892,58950.66693296881,1898.5336234686586,0.0007210392759622858,0.0,0.0
BC,FA,2027-01-01T00:00:00,M,81,38.11940099618005,41900.0,16500.0,0.0009097709068300727,58950.66693296881,1898.5336234686586,0.0006466322262227258,0.0,0.0
BC,FA,2027-01-01T00:00:00,M,82,31.63621103429614,41900.0,14700.0,0.0007550408361407193,58950.66693296881,1898.5336234686586,0.000536655693315036,0.0,0.0
BC,FA,2027-01-01T00:00:00,M,83,-30.925009616932584,41900.0,13800.0,-0.0007380670552967203,58950.66693296881,1898.5336234686586,0.0,0.016288892245390936,0.00224094272586468
BC,FA,2027-01-01T00:00:00,M,84,-27.897177519294928,41900.0,12400.0,-0.0006658037594103801,58950.66693296881,1898.5336234686586,0.0,0.01469406555377525,0.0022497723805883006
BC,FA,2027-01-01T00:00:00,M,85,-58.3961705945967,41900.0,10600.0,-0.0013937033554796347,58950.66693296881,1898.5336234686586,0.0,0.03075856538579798,0.005509072697603462
BC,FA,2027-01-01T00:00:00,M,86,24.533160301909447,41900.0,9299.999999999998,0.0005855169523128746,58950.66693296881,1898.5336234686586,0.00041616425357503473,0.0,0.0
BC,FA,2027-01-01T00:00:00,M,87,11.368027123337924,41900.0,8099.999999999999,0.0002713132964997118,58950.66693296881,1898.5336234686586,0.00019283966941823063,0.0,0.0
BC,FA,2027-01-01T00:00:00,M,88,-104.52475194940234,41900.0,6900.0,-0.002494624151537049,58950.66693296881,1898.5336234686586,0.0,0.055055517930956394,0.015148514775275701
BC,FA,2027-01-01T00:00:00,M,89,-42.979039128522345,41900.0,5800.0,-0.0010257527238310823,58950.66693296881,1898.5336234686586,0.0,0.02263801841444282,0.0074101791600900595
BC,FA,2027-01-01T00:00:00,M,90,-65.4732216502498,41900.0,4900.0,-0.0015626067219630024,58950.66693296881,1898.5336234686586,0.0,0.034486206007049235,0.013361881969438735
BC,FA,2027-01-01T00:00:00,M,91,-76.65638656880765,41900.0,4200.0,-0.0018295080326684403,58950.66693296881,1898.5336234686586,0.0,0.040376628373194105,0.01825152061162087
BC,FA,2027-01-01T00:00:00,M,92,-43.87216699357759,41900.0,3299.9999999999995,-0.001047068424667723,58950.66693296881,1898.5336234686586,0.0,0.023108448779233244,0.013294596058659878
BC,FA,2027-01-01T00:00:00,M,93,-75.12443881959689,41900.0,2700.0,-0.001792946033880594,58950.66693296881,1898.5336234686586,0.0,0.03956971732865234,0.02782386622948033
BC,FA,2027-01-01T00:00:00,M,94,-40.98907555443111,41900.0,2100.0,-0.0009782595597716255,58950.66693296881,1898.5336234686586,0.0,0.021589860220406976,0.019518607406871957
BC,FA,2027-01-01T00:00:00,M,95,-10.02435472905995,41900.0,1599.9999999999998,-0.00023924474293699166,58950.66693296881,1898.5336234686586,0.0,0.005280051195904161,0.00626522170566247
BC,FA,2027-01-01T00:00:00,M,96,-60.88648586716067,41900.0,1199.9999999999998,-0.0014531380875217345,58950.66693296881,1898.5336234686586,0.0,0.032070269978110716,0.0507387382226339
BC,FA,2027-01-01T00:00:00,M,97,-45.916525544514,41900.0,800.0,-0.001095859798198425,58950.66693296881,1898.5336234686586,0.0,0.024185258020673662,0.057395656930642504
BC,FA,2027-01-01T00:00:00,M,98,0.6046543218013767,41900.0,600.0,1.4430890735116388e-05,58950.66693296881,1898.5336234686586,1.0256954726040887e-05,0.0,0.0
BC,FA,2027-01-01T00:00:00,M,99,35.56007575977816,41900.0,400.0,0.0008486891589445861,58950.66693296881,1898.5336234686586,0.0006032175310283181,0.0,0.0
BC,FA,2027-01-01T00:00:00,M,100,387.5755863752941,41900.0,600.0,0.009250013994637091,58950.66693296881,1898.5336234686586,0.006574575090320788,0.0,0.0
BC,FA,2028-01-01T00:00:00,F,1,263.75999724833673,41800.0,20600.0,0.0063100477810606875,55084.1354436308,2115.5632563936592,0.004788311464346209,0.0,0.0
BC,FA,2028-01-01T00:00:00,F,2,202.8620016302375,41800.0,20900.0,0.004853157933737739,55084.1354436308,2115.5632563936592,0.0036827663717774435,0.0,0.0
BC,FA,2028-01-01T00:00:00,F,3,202.31171762763552,41800.0,21100.0,0.004839993244680276,55084.1354436308,2115.5632563936592,0.0036727764899690033,0.0,0.0
BC,FA,2028-01-01T00:00:00,F,4,201.95408042209965,41800.0,21399.999999999996,0.0048314373306722405,55084.1354436308,2115.5632563936592,0.0036662839272255643,0.0,0.0
BC,FA,2028-01-01T00:00:00,F,5,301.78355785716485,41800.0,21800.0,0.007219702341080499,55084.1354436308,2115.5632563936592,0.005478592981930137,0.0,0.0
BC,FA,2028-01-01T00:00:00,F,6,301.62225290523565,41800.0,22300.0,0.007215843370938652,55084.1354436308,2115.5632563936592,0.005475664644204037,0.0,0.0
BC,FA,2028-01-01T00:00:00,F,7,301.4646351413394,41800.0,23000.0,0.007212072611036828,55084.1354436308,2115.5632563936592,0.005472803243863869,0.0,0.0
BC,FA,2028-01-01T00:00:00,F,8,301.2775221629963,41800.0,23400.0,0.007207596223995127,55084.1354436308,2115.5632563936592,0.005469406386005684,0.0,0.0
BC,FA,2028-01-01T00:00:00,F,9,301.31623495581516,41800.0,24100.0,0.007208522367363999,55084.1354436308,2115.5632563936592,0.0054701091798774045,0.0,0.0
BC,FA,2028-01-01T00:00:00,F,10,301.3660085465817,41800.0,25000.0,0.0072097131231239646,55084.1354436308,2115.5632563936592,0.00547101277199818,0.0,0.0
BC,FA,2028-01-01T00:00:00,F,11,301.3991909404249,41800.0,25600.0,0.0072105069602972464,55084.1354436308,2115.5632563936592,0.005471615166745341,0.0,0.0
BC,FA,2028-01-01T00:00:00,F,12,201.6452949825616,41800.0,25700.000000000004,0.004824050119200039,55084.1354436308,2115.5632563936592,0.0036606782217524516,0.0,0.0
BC,FA,2028-01-01T00:00:00,F,13,301.8950863483806,41800.0,26000.0,0.007222370486803363,55084.1354436308,2115.5632563936592,0.005480617675434311,0.0,0.0
BC,FA,2028-01-01T00:00:00,F,14,502.15686066448325,41800.0,26500.0,0.012013322025466107,55084.1354436308,2115.5632563936592,0.009116179397575459,0.0,0.0
BC,FA,2028-01-01T00:00:00,F,15,902.9421860715302,41800.0,27499.999999999996,0.02160148770506053,55084.1354436308,2115.5632563936592,0.016392055149808734,0.0,0.0
BC,FA,2028-01-01T00:00:00,F,16,1504.262130839019,41800.0,28700.000000000004,0.03598713231672294,55084.1354436308,2115.5632563936592,0.02730844586602206,0.0,0.0
BC,FA,2028-01-01T00:00:00,F,17,1206.238377934409,41800.0,29400.000000000004,0.028857377462545672,55084.1354436308,2115.5632563936592,0.021898108561017315,0.0,0.0
BC,FA,2028-01-01T00:00:00,F,18,1708.212796755157,41800.0,31400.0,0.040866334850601836,55084.1354436308,2115.5632563936592,0.031010975900733175,0.0,0.0
BC,FA,2028-01-01T00:00:00,F,19,3410.3863331594403,41800.0,34700.0,0.08158818978850335,55084.1354436308,2115.5632563936592,0.06191231478343502,0.0,0.0
BC,FA,2028-01-01T00:00:00,F,20,1913.0760648601427,41800.0,36500.0,0.04576736997273068,55084.1354436308,2115.5632563936592,0.034730073358741356,0.0,0.0
BC,FA,2028-01-01T00:00:00,F,21,614.7251367663048,41800.0,36100.0,0.014706342984839827,55084.1354436308,2115.5632563936592,0.011159749205746741,0.0,0.0
BC,FA,2028-01-01T00:00:00,F,22,-84.47012915134837,41800.0,35000.0,-0.002020816486874363,55084.1354436308,2115.5632563936592,0.0,0.039927961925063024,0.0024134322614670963
BC,FA,2028-01-01T00:00:00,F,23,116.17145619408984,41800.0,34500.0,0.002779221440049996,55084.1354436308,2115.5632563936592,0.002108982109975593,0.0,0.0
BC,FA,2028-01-01T00:00:00,F,24,216.65909629137604,41800.0,34300.0,0.005183231968693207,55084.1354436308,2115.5632563936592,0.003933239480777357,0.0,0.0
BC,FA,2028-01-01T00:00:00,F,25,416.219413398052,41800.0,33600.0,0.009957402234403157,55084.1354436308,2115.5632563936592,0.007556066915563764,0.0,0.0
BC,FA,2028-01-01T00:00:00,F,26,216.0239987788009,41800.0,33000.0,0.005168038248296672,55084.1354436308,2115.5632563936592,0.003921709890497683,0.0,0.0
BC,FA,2028-01-01T00:00:00,F,27,417.4711867572332,41800.0,35500.0,0.009987348965484049,55084.1354436308,2115.5632563936592,0.007578791668327874,0.0,0.0
BC,FA,2028-01-01T00:00:00,F,28,418.6058974746484,41800.0,37100.0,0.010014495154895895,55084.1354436308,2115.5632563936592,0.007599391260356986,0.0,0.0
BC,FA,2028-01-01T00:00:00,F,29,419.65029196446267,41800.0,37800.0,0.010039480669006284,55084.1354436308,2115.5632563936592,0.007618351247318804,0.0,0.0
BC,FA,2028-01-01T00:00:00,F,30,320.66611481083237,41800.0,38300.0,0.007671438153369195,55084.1354436308,2115.5632563936592,0.005821387813901143,0.0,0.0
BC,FA,2028-01-01T00:00:00,F,31,421.77413516581873,41800.0,38500.0,0.01009029031497174,55084.1354436308,2115.5632563936592,0.007656907597241541,0.0,0.0
BC,FA,2028-01-01T00:00:00,F,32,324.1523865860727,41800.0,40000.0,0.007754841784355806,55084.1354436308,2115.5632563936592,0.00588467775658905,0.0,0.0
BC,FA,2028-01-01T00:00:00,F,33,325.74529690326017,41800.0,40200.0,0.007792949686680865,55084.1354436308,2115.5632563936592,0.005913595525822581,0.0,0.0
BC,FA,2028-01-01T00:00:00,F,34,427.86088952457794,41800.0,40700.0,0.01023590644795641,55084.1354436308,2115.5632563936592,0.007767406823738215,0.0,0.0
BC,FA,2028-01-01T00:00:00,F,35,330.3083418650349,41800.0,41400.0,0.007902113441747247,55084.1354436308,2115.5632563936592,0.005996433259863886,0.0,0.0
BC,FA,2028-01-01T00:00:00,F,36,233.7624610748826,41800.0,42300.0,0.005592403374997191,55084.1354436308,2115.5632563936592,0.0042437347739459124,0.0,0.0
BC,FA,2028-01-01T00:00:00,F,37,236.8257763560323,41800.0,42700.0,0.005665688429570151,55084.1354436308,2115.5632563936592,0.004299346344436739,0.0,0.0
BC,FA,2028-01-01T00:00:00,F,38,239.94074610305688,41800.0,43100.0,0.005740209236915236,55084.1354436308,2115.5632563936592,0.004355895652544011,0.0,0.0
BC,FA,2028-01-01T00:00:00,F,39,141.33190664444555,41800.0,42399.99999999999,0.0033811460919723818,55084.1354436308,2115.5632563936592,0.0025657461173929945,0.0,0.0
BC,FA,2028-01-01T00:00:00,F,40,142.77009033055947,41800.0,41900.0,0.003415552400252619,55084.1354436308,2115.5632563936592,0.0025918549720483543,0.0,0.0
BC,FA,2028-01-01T00:00:00,F,41,243.46342672852916,41800.0,41200.0,0.0058244838930270135,55084.1354436308,2115.5632563936592,0.004419846563220954,0.0,0.0
BC,FA,2028-01-01T00:00:00,F,42,245.08503486514383,41800.0,41300.0,0.005863278346056072,55084.1354436308,2115.5632563936592,0.004449285314025605,0.0,0.0
BC,FA,2028-01-01T00:00:00,F,43,245.9203427607863,41800.0,40700.0,0.005883261788535557,55084.1354436308,2115.5632563936592,0.004464449533068259,0.0,0.0
BC,FA,2028-01-01T00:00:00,F,44,247.31523794848908,41800.0,40300.0,0.005916632486805959,55084.1354436308,2115.5632563936592,0.0044897725262761715,0.0,0.0
BC,FA,2028-01-01T00:00:00,F,45,148.9157492758095,41800.0,39700.0,0.0035625777338710407,55084.1354436308,2115.5632563936592,0.0027034235551940235,0.0,0.0
BC,FA,2028-01-01T00:00:00,F,46,250.82144110001536,41800.0,39300.0,0.006000512944976444,55084.1354436308,2115.5632563936592,0.004553424304111812,0.0,0.0
BC,FA,2028-01-01T00:00:00,F,47,151.70760361311113,41800.0,38000.0,0.003629368507490697,55084.1354436308,2115.5632563936592,0.0027541070108717224,0.0,0.0
BC,FA,2028-01-01T00:00:00,F,48,53.83926687676285,41800.0,37200.0,0.0012880207386785371,55084.1354436308,2115.5632563936592,0.000977400597162102,0.0,0.0
BC,FA,2028-01-01T00:00:00,F,49,154.49788876053208,41800.0,35500.00000000001,0.0036961217406825857,55084.1354436308,2115.5632563936592,0.002804761979402114,0.0,0.0
BC,FA,2028-01-01T00:00:00,F,50,156.7643276474846,41800.0,34500.0,0.0037503427666862347,55084.1354436308,2115.5632563936592,0.002845907018145108,0.0,0.0
BC,FA,2028-01-01T00:00:00,F,51,160.67090487761743,41800.0,34200.0,0.003843801552096111,55084.1354436308,2115.5632563936592,0.0029168272059391155,0.0,0.0
BC,FA,2028-01-01T00:00:00,F,52,65.96228042842267,41800.0,34400.00000000001,0.0015780449863259012,55084.1354436308,2115.5632563936592,0.0011974823585263273,0.0,0.0
BC,FA,2028-01-01T00:00:00,F,53,170.00467444865353,41800.0,33999.99999999999,0.004067097474848171,55084.1354436308,2115.5632563936592,0.003086272900164227,0.0,0.0
BC,FA,2028-01-01T00:00:00,F,54,75.63111581326666,41800.0,33900.00000000001,0.0018093568376379584,55084.1354436308,2115.5632563936592,0.0013730108533819539,0.0,0.0
BC,FA,2028-01-01T00:00:00,F,55,182.36598828456772,41800.0,34200.00000000001,0.004362822686233677,55084.1354436308,2115.5632563936592,0.003310680776159011,0.0,0.0
BC,FA,2028-01-01T00:00:00,F,56,190.5929000133474,41800.0,34700.0,0.0045596387563001765,55084.1354436308,2115.5632563936592,0.0034600325207679197,0.0,0.0
BC,FA,2028-01-01T00:00:00,F,57,105.06554657685774,41800.0,37000.0,0.002513529822412865,55084.1354436308,2115.5632563936592,0.0019073649015400155,0.0,0.0
BC,FA,2028-01-01T00:00:00,F,58,114.55291119484173,41800.0,37199.99999999999,0.00274050026781918,55084.1354436308,2115.5632563936592,0.0020795989675115633,0.0,0.0
BC,FA,2028-01-01T00:00:00,F,59,124.16726615268271,41800.0,37100.0,0.0029705087596335576,55084.1354436308,2115.5632563936592,0.002254138422118773,0.0,0.0
BC,FA,2028-01-01T00:00:00,F,60,131.07728580888215,41800.0,35900.0,0.0031358202346622524,55084.1354436308,2115.5632563936592,0.0023795832457607934,0.0,0.0
BC,FA,2028-01-01T00:00:00,F,61,139.08971629120788,41800.0,35000.00000000001,0.0033275051744308106,55084.1354436308,2115.5632563936592,0.002525041287677873,0.0,0.0
BC,FA,2028-01-01T00:00:00,F,62,158.0831566450579,41800.0,36400.00000000001,0.0037818936996425333,55084.1354436308,2115.5632563936592,0.0028698491021399253,0.0,0.0
BC,FA,2028-01-01T00:00:00,F,63,279.98019177786773,41800.0,38000.0,0.00669809071238918,55084.1354436308,2115.5632563936592,0.005082773642955322,0.0,0.0
BC,FA,2028-01-01T00:00:00,F,64,108.03386128473358,41800.0,39900.0,0.002584542135998411,55084.1354436308,2115.5632563936592,0.0019612518271306585,0.0,0.0
BC,FA,2028-01-01T00:00:00,F,65,127.96163631946547,41800.0,39900.0,0.0030612831655374515,55084.1354436308,2115.5632563936592,0.0023230215975779873,0.0,0.0
BC,FA,2028-01-01T00:00:00,F,66,40.72662588804087,41800.0,38300.00000000001,0.0009743211934938007,55084.1354436308,2115.5632563936592,0.0007393530925018804,0.0,0.0
BC,FA,2028-01-01T00:00:00,F,67,165.21621361453435,41800.0,38500.00000000001,0.003952540995563023,55084.1354436308,2115.5632563936592,0.0029993429557155326,0.0,0.0
BC,FA,2028-01-01T00:00:00,F,68,189.66407071484718,41800.0,38200.0,0.004537417959685339,55084.1354436308,2115.5632563936592,0.003443170509754772,0.0,0.0
BC,FA,2028-01-01T00:00:00,F,69,113.52115605053405,41800.0,37400.00000000001,0.0027158171303955513,55084.1354436308,2115.5632563936592,0.0020608684358258385,0.0,0.0
BC,FA,2028-01-01T00:00:00,F,70,142.12145583703386,41800.0,37000.0,0.0034000348286371738,55084.1354436308,2115.5632563936592,0.0025800796307762857,0.0,0.0
BC,FA,2028-01-01T00:00:00,F,71,166.66724513894587,41800.0,35900.00000000001,0.003987254668395834,55084.1354436308,2115.5632563936592,0.0030256850506349747,0.0,0.0
BC,FA,2028-01-01T00:00:00,F,72,97.80290719209734,41800.0,35100.00000000001,0.0023397824687104627,55084.1354436308,2115.5632563936592,0.0017755186026688554,0.0,0.0
BC,FA,2028-01-01T00:00:00,F,73,130.67536066348111,41800.0,34299.99999999999,0.0031262048005617493,55084.1354436308,2115.5632563936592,0.0023722866776624825,0.0,0.0
BC,FA,2028-01-01T00:00:00,F,74,155.5725371644512,41800.0,32700.0,0.0037218310326423733,55084.1354436308,2115.5632563936592,0.0028242711973514244,0.0,0.0
BC,FA,2028-01-01T00:00:00,F,75,78.2911956735843,41800.0,30800.000000000004,0.0018729951118082368,55084.1354436308,2115.5632563936592,0.001421302068972326,0.0,0.0
BC,FA,2028-01-01T00:00:00,F,76,4.6497703369714145,41800.0,29099.999999999996,0.00011123852480792858,55084.1354436308,2115.5632563936592,8.441215060422723e-05,0.0,0.0
BC,FA,2028-01-01T00:00:00,F,77,-60.93134810972697,41800.0,27800.000000000004,-0.0014576877538212192,55084.1354436308,2115.5632563936592,0.0,0.02880147777457381,0.002191775111860682
BC,FA,2028-01-01T00:00:00,F,78,-15.87380581186153,41800.0,27000.0,-0.0003797561199009935,55084.1354436308,2115.5632563936592,0.0,0.007503347282993162,0.0005879187337726493
BC,FA,2028-01-01T00:00:00,F,79,109.52823101619651,41800.0,25300.0,0.002620292608042979,55084.1354436308,2115.5632563936592,0.0019883806859105546,0.0,0.0
BC,FA,2028-01-01T00:00:00,F,80,60.28324762466582,41800.0,24400.0,0.0014421829575278905,55084.1354436308,2115.5632563936592,0.001094384928422003,0.0,0.0
BC,FA,2028-01-01T00:00:00,F,81,-90.33477337458316,41800.0,23200.000000000004,-0.0021611189802531855,55084.1354436308,2115.5632563936592,0.0,0.04270010509096017,0.003893740231663067
BC,FA,2028-01-01T00:00:00,F,82,-66.90698888742554,41800.0,18400.0,-0.0016006456671632905,55084.1354436308,2115.5632563936592,0.0,0.03162608760821456,0.0036362493960557358
BC,FA,2028-01-01T00:00:00,F,83,-60.18953664698347,41800.0,16500.0,-0.0014399410681096524,55084.1354436308,2115.5632563936592,0.0,0.02845083287634087,0.003647850705877786
BC,FA,2028-01-01T00:00:00,F,84,-22.677007163892995,41800.0,15500.000000000004,-0.0005425121331074879,55084.1354436308,2115.5632563936592,0.0,0.010719134535617642,0.0014630327202511605
BC,FA,2028-01-01T00:00:00,F,85,-8.395694416432889,41800.0,14000.0,-0.0002008539334074854,55084.1354436308,2115.5632563936592,0.0,0.003968538587092305,0.000599692458316635
BC,FA,2028-01-01T00:00:00,F,86,-15.976209108966941,41800.0,12200.0,-0.00038220595954466366,55084.1354436308,2115.5632563936592,0.0,0.007551752026645203,0.001309525336800569
BC,FA,2028-01-01T00:00:00,F,87,-93.92371559448475,41800.0,11000.0,-0.0022469788419733194,55084.1354436308,2115.5632563936592,0.0,0.044396552696133434,0.008538519599498614
BC,FA,2028-01-01T00:00:00,F,88,-103.44955981318162,41800.0,9500.0,-0.002474869851989991,55084.1354436308,2115.5632563936592,0.0,0.04889929880401173,0.01088942734875596
BC,FA,2028-01-01T00:00:00,F,89,-111.25233637365636,41800.0,8200.0,-0.0026615391476951284,55084.1354436308,2115.5632563936592,0.0,0.05258757261803888,0.013567358094348336
BC,FA,2028-01-01T00:00:00,F,90,-97.53991483224308,41800.0,7299.999999999999,-0.002333490785460361,55084.1354436308,2115.5632563936592,0.0,0.046105884348982606,0.013361632168800425
BC,FA,2028-01-01T00:00:00,F,91,-101.23529465446154,41800.0,6300.0,-0.0024218970013029075,55084.1354436308,2115.5632563936592,0.0,0.04785264366286758,0.01606909438959707
BC,FA,2028-01-01T00:00:00,F,92,-119.8139446519981,41800.0,5300.0,-0.0028663623122487584,55084.1354436308,2115.5632563936592,0.0,0.056634536589674725,0.022606404651320397
BC,FA,2028-01-01T00:00:00,F,93,-58.852494049650886,41800.0,4400.0,-0.0014079544031016958,55084.1354436308,2115.5632563936592,0.0,0.02781882974748534,0.01337556682946611
BC,FA,2028-01-01T00:00:00,F,94,-107.49657476573157,41800.0,3500.000000000001,-0.0025716883915246785,55084.1354436308,2115.5632563936592,0.0,0.050812271597578194,0.030713307075923298
BC,FA,2028-01-01T00:00:00,F,95,-132.86145590396973,41800.0,2900.0,-0.0031785037297600415,55084.1354436308,2115.5632563936592,0.0,0.06280193017270251,0.0458142951392999
BC,FA,2028-01-01T00:00:00,F,96,-12.65918407046047,41800.0,2300.0000000000005,-0.00030285129355168587,55084.1354436308,2115.5632563936592,0.0,0.0059838362347246574,0.005503993074113246
BC,FA,2028-01-01T00:00:00,F,97,-57.967450326254266,41800.0,1800.0000000000002,-0.0013867811082835949,55084.1354436308,2115.5632563936592,0.0,0.027400480770813602,0.032204139070141254
BC,FA,2028-01-01T00:00:00,F,98,-40.6638292571547,41800.0,1300.0,-0.0009728188817501125,55084.1354436308,2115.5632563936592,0.0,0.019221277895737885,0.03127986865934977
BC,FA,2028-01-01T00:00:00,F,99,-99.04534825067503,41800.0,900.0,-0.0023695059390113644,55084.1354436308,2115.5632563936592,0.0,0.04681748368966988,0.11005038694519448
BC,FA,2028-01-01T00:00:00,F,100,1227.1969855086493,41800.0,1900.0,0.02935877955762319,55084.1354436308,2115.5632563936592,0.02227859211413921,0.0,0.0
BC,FA,2028-01-01T00:00:00,M,1,269.67580051347977,41800.0,21700.0,0.006451574174963631,55084.1354436308,2115.5632563936592,0.0048957072366043915,0.0,0.0
BC,FA,2028-01-01T00:00:00,M,2,304.55014646939526,41800.0,22100.0,0.007285888671516633,55084.1354436308,2115.5632563936592,0.005528817762439973,0.0,0.0
BC,FA,2028-01-01T00:00:00,M,3,303.20885793797424,41800.0,22400.0,0.0072538004291381394,55084.1354436308,2115.5632563936592,0.00550446794700548,0.0,0.0
BC,FA,2028-01-01T00:00:00,M,4,302.2460086686733,41800.0,22800.000000000004,0.007230765757623763,55084.1354436308,2115.5632563936592,0.005486988335833471,0.0,0.0
BC,FA,2028-01-01T00:00:00,M,5,401.87030921192127,41800.0,23300.0,0.00961412222995027,55084.1354436308,2115.5632563936592,0.007295572599540331,0.0,0.0
BC,FA,2028-01-01T00:00:00,M,6,401.4927961959402,41800.0,23900.0,0.009605090818084694,55084.1354436308,2115.5632563936592,0.007288719210394061,0.0,0.0
BC,FA,2028-01-01T00:00:00,M,7,401.3230971670164,41800.0,24700.0,0.009601031032703742,55084.1354436308,2115.5632563936592,0.00728563848619721,0.0,0.0
BC,FA,2028-01-01T00:00:00,M,8,301.37210076579504,41800.0,25500.0,0.007209858869995096,55084.1354436308,2115.5632563936592,0.0054711233704339045,0.0,0.0
BC,FA,2028-01-01T00:00:00,M,9,301.3938801430304,41800.0,25900.0,0.007210379907728,55084.1354436308,2115.5632563936592,0.005471518754278272,0.0,0.0
BC,FA,2028-01-01T00:00:00,M,10,401.426549208878,41800.0,26600.0,0.00960350596193488,55084.1354436308,2115.5632563936592,0.007287516559457839,0.0,0.0
BC,FA,2028-01-01T00:00:00,M,11,301.4755528076603,41800.0,27400.0,0.007212333799226323,55084.1354436308,2115.5632563936592,0.0054730014436946,0.0,0.0
BC,FA,2028-01-01T00:00:00,M,12,201.98918680203133,41800.0,27599.999999999996,0.004832277196220845,55084.1354436308,2115.5632563936592,0.00366692125010717,0.0,0.0
BC,FA,2028-01-01T00:00:00,M,13,302.2950082469397,41800.0,28400.0,0.00723193799633827,55084.1354436308,2115.5632563936592,0.005487877876494711,0.0,0.0
BC,FA,2028-01-01T00:00:00,M,14,503.0382399922346,41800.0,28400.0,0.012034407655316617,55084.1354436308,2115.5632563936592,0.009132179999575527,0.0,0.0
BC,FA,2028-01-01T00:00:00,M,15,904.1236002460864,41800.0,29300.000000000004,0.021629751202059483,55084.1354436308,2115.5632563936592,0.016413502598607587,0.0,0.0
BC,FA,2028-01-01T00:00:00,M,16,1406.2290056374222,41800.0,29999.999999999996,0.03364184224012972,55084.1354436308,2115.5632563936592,0.025528747874720793,0.0,0.0
BC,FA,2028-01-01T00:00:00,M,17,1209.0404907289958,41800.0,30499.999999999996,0.028924413653803726,55084.1354436308,2115.5632563936592,0.021948978249213734,0.0,0.0
BC,FA,2028-01-01T00:00:00,M,18,1812.5780442605865,41800.0,32600.0,0.04336311110671259,55084.1354436308,2115.5632563936592,0.032905627539810446,0.0,0.0
BC,FA,2028-01-01T00:00:00,M,19,3616.760021705475,41800.0,36000.0,0.08652535937094438,55084.1354436308,2115.5632563936592,0.06565883248556403,0.0,0.0
BC,FA,2028-01-01T00:00:00,M,20,2422.1046340574176,41800.0,37700.0,0.05794508693917267,55084.1354436308,2115.5632563936592,0.0439710020780126,0.0,0.0
BC,FA,2028-01-01T00:00:00,M,21,926.9048428884344,41800.0,37500.0,0.022174757006900345,55084.1354436308,2115.5632563936592,0.016827074354955847,0.0,0.0
BC,FA,2028-01-01T00:00:00,M,22,130.7222848075544,41800.0,36500.0,0.0031273273877405355,55084.1354436308,2115.5632563936592,0.002373138540793225,0.0,0.0
BC,FA,2028-01-01T00:00:00,M,23,-66.20986199724575,41800.0,35700.0,-0.001583967990364731,55084.1354436308,2115.5632563936592,0.0,0.031296564542396065,0.0018546179831161276
BC,FA,2028-01-01T00:00:00,M,24,-63.69562854502874,41800.0,35300.0,-0.0015238188647136062,55084.1354436308,2115.5632563936592,0.0,0.030108118182014976,0.0018044087406523723
BC,FA,2028-01-01T00:00:00,M,25,137.26024313553353,41800.0,34600.0,0.003283737874055826,55084.1354436308,2115.5632563936592,0.002491828945486417,0.0,0.0
BC,FA,2028-01-01T00:00:00,M,26,138.11810744050308,41800.0,33700.0,0.0033042609435527054,55084.1354436308,2115.5632563936592,0.0025074026546507817,0.0,0.0
BC,FA,2028-01-01T00:00:00,M,27,342.768793600997,41800.0,36000.0,0.008200210373229594,55084.1354436308,2115.5632563936592,0.006222640889984781,0.0,0.0
BC,FA,2028-01-01T00:00:00,M,28,347.6863702248884,41800.0,38100.0,0.0083178557470069,55084.1354436308,2115.5632563936592,0.006311914808587419,0.0,0.0
BC,FA,2028-01-01T00:00:00,M,29,352.1176379135286,41800.0,39100.0,0.00842386693573035,55084.1354436308,2115.5632563936592,0.006392360251779949,0.0,0.0
BC,FA,2028-01-01T00:00:00,M,30,256.5000212591767,41800.0,39600.0,0.006136364144956381,55084.1354436308,2115.5632563936592,0.004656513516884742,0.0,0.0
BC,FA,2028-01-01T00:00:00,M,31,262.33477725963166,41800.0,40600.0,0.006275951609082097,55084.1354436308,2115.5632563936592,0.004762437953266716,0.0,0.0
BC,FA,2028-01-01T00:00:00,M,32,168.05711774592783,41800.0,41300.0,0.004020505209232723,55084.1354436308,2115.5632563936592,0.0030509168636749426,0.0,0.0
BC,FA,2028-01-01T00:00:00,M,33,273.3974043582566,41800.0,42100.0,0.006540607759766904,55084.1354436308,2115.5632563936592,0.00496326940881249,0.0,0.0
BC,FA,2028-01-01T00:00:00,M,34,278.1369417956885,41800.0,42400.0,0.00665399382286336,55084.1354436308,2115.5632563936592,0.005049311195603934,0.0,0.0
BC,FA,2028-01-01T00:00:00,M,35,381.7790003309783,41800.0,42800.0,0.009133468907439673,55084.1354436308,2115.5632563936592,0.006930834027914695,0.0,0.0
BC,FA,2028-01-01T00:00:00,M,36,385.4736776114223,41800.0,43300.0,0.009221858316062734,55084.1354436308,2115.5632563936592,0.006997907374000428,0.0,0.0
BC,FA,2028-01-01T00:00:00,M,37,288.6328020285,41800.0,43600.0,0.006905090957619617,55084.1354436308,2115.5632563936592,0.005239853538662985,0.0,0.0
BC,FA,2028-01-01T00:00:00,M,38,192.41932774968882,41800.0,43800.0,0.004603333199753321,55084.1354436308,2115.5632563936592,0.0034931895762727746,0.0,0.0
BC,FA,2028-01-01T00:00:00,M,39,94.67203245717246,41800.0,43100.00000000001,0.0022648811592624993,55084.1354436308,2115.5632563936592,0.001718680554659029,0.0,0.0
BC,FA,2028-01-01T00:00:00,M,40,195.61145047825266,41800.0,41900.0,0.004679699772207001,55084.1354436308,2115.5632563936592,0.0035511395232557938,0.0,0.0
BC,FA,2028-01-01T00:00:00,M,41,198.8310922925084,41800.0,41500.0,0.004756724695993024,55084.1354436308,2115.5632563936592,0.0036095890530219547,0.0,0.0
BC,FA,2028-01-01T00:00:00,M,42,204.21857814522082,41800.0,41700.0,0.00488561191734978,55084.1354436308,2115.5632563936592,0.0037073937259885586,0.0,0.0
BC,FA,2028-01-01T00:00:00,M,43,207.9270268027758,41800.0,41100.0,0.004974330784755402,55084.1354436308,2115.5632563936592,0.0037747170783056687,0.0,0.0
BC,FA,2028-01-01T00:00:00,M,44,211.01932949029288,41800.0,40200.0,0.00504830931794959,55084.1354436308,2115.5632563936592,0.0038308548875426226,0.0,0.0
BC,FA,2028-01-01T00:00:00,M,45,213.57615274511045,41800.0,39200.0,0.005109477338399771,55084.1354436308,2115.5632563936592,0.0038772715778333153,0.0,0.0
BC,FA,2028-01-01T00:00:00,M,46,216.8585558923005,41800.0,38300.0,0.005188003729480873,55084.1354436308,2115.5632563936592,0.003936860479805808,0.0,0.0
BC,FA,2028-01-01T00:00:00,M,47,119.55747923335002,41800.0,37100.0,0.002860226775917465,55084.1354436308,2115.5632563936592,0.00217045213236934,0.0,0.0
BC,FA,2028-01-01T00:00:00,M,48,121.54490367179824,41800.0,35800.0,0.00290777281511479,55084.1354436308,2115.5632563936592,0.002206531929618441,0.0,0.0
BC,FA,2028-01-01T00:00:00,M,49,122.63481170893647,41800.0,34199.99999999999,0.0029338471700702503,55084.1354436308,2115.5632563936592,0.002226318171670902,0.0,0.0
BC,FA,2028-01-01T00:00:00,M,50,125.3035744087174,41800.0,33100.0,0.002997693167672665,55084.1354436308,2115.5632563936592,0.0022747670159395383,0.0,0.0
BC,FA,2028-01-01T00:00:00,M,51,131.3171633318998,41800.0,32800.0,0.0031415589313851626,55084.1354436308,2115.5632563936592,0.0023839379936584546,0.0,0.0
BC,FA,2028-01-01T00:00:00,M,52,36.942709076080064,41800.0,32199.999999999996,0.0008837968678488054,55084.1354436308,2115.5632563936592,0.0006706596877404859,0.0,0.0
BC,FA,2028-01-01T00:00:00,M,53,144.25836329065714,41800.0,32100.0,0.0034511570165228983,55084.1354436308,2115.5632563936592,0.002618873149752544,0.0,0.0
BC,FA,2028-01-01T00:00:00,M,54,151.09893253555492,41800.0,31699.999999999996,0.0036148069984582518,55084.1354436308,2115.5632563936592,0.002743057167343197,0.0,0.0
BC,FA,2028-01-01T00:00:00,M,55,160.8894513424275,41800.0,31699.999999999996,0.0038490299364217105,55084.1354436308,2115.5632563936592,0.0029207947087972422,0.0,0.0
BC,FA,2028-01-01T00:00:00,M,56,74.49800382901958,41800.0,32200.0,0.0017822488954310906,55084.1354436308,2115.5632563936592,0.0013524402848303855,0.0,0.0
BC,FA,2028-01-01T00:00:00,M,57,96.30451720698329,41800.0,34000.0,0.0023039358183488826,55084.1354436308,2115.5632563936592,0.0017483167600140426,0.0,0.0
BC,FA,2028-01-01T00:00:00,M,58,110.85637481024605,41800.0,34200.0,0.0026520663830202403,55084.1354436308,2115.5632563936592,0.0020124918711611367,0.0,0.0
BC,FA,2028-01-01T00:00:00,M,59,122.21742604184692,41800.0,33700.0,0.0029238618670298306,55084.1354436308,2115.5632563936592,0.002218740932530666,0.0,0.0
BC,FA,2028-01-01T00:00:00,M,60,132.5516464119719,41800.0,32900.0,0.003171092019425165,55084.1354436308,2115.5632563936592,0.002406348857877888,0.0,0.0
BC,FA,2028-01-01T00:00:00,M,61,146.32427007375736,41800.0,32499.999999999993,0.0035005806237740997,55084.1354436308,2115.5632563936592,0.0026563777191982115,0.0,0.0
BC,FA,2028-01-01T00:00:00,M,62,175.25069879528746,41800.0,33799.99999999999,0.004192600449648026,55084.1354436308,2115.5632563936592,0.003181509474259183,0.0,0.0
BC,FA,2028-01-01T00:00:00,M,63,211.9333800109598,41800.0,35600.0,0.00507017655528612,55084.1354436308,2115.5632563936592,0.003847448603924035,0.0,0.0
BC,FA,2028-01-01T00:00:00,M,64,149.12583943855861,41800.0,36900.0,0.003567603814319584,55084.1354436308,2115.5632563936592,0.0027072375419446024,0.0,0.0
BC,FA,2028-01-01T00:00:00,M,65,182.8815741547587,41800.0,37500.0,0.004375157276429635,55084.1354436308,2115.5632563936592,0.003320040746430644,0.0,0.0
BC,FA,2028-01-01T00:00:00,M,66,196.17918598460528,41800.0,35900.0,0.004693281961354193,55084.1354436308,2115.5632563936592,0.0035614462204886766,0.0,0.0
BC,FA,2028-01-01T00:00:00,M,67,227.8268100330606,41800.0,35799.99999999999,0.005450402153900972,55084.1354436308,2115.5632563936592,0.004135978684211217,0.0,0.0
BC,FA,2028-01-01T00:00:00,M,68,256.12250904111715,41800.0,35199.99999999999,0.006127332752179836,55084.1354436308,2115.5632563936592,0.0046496601422239756,0.0,0.0
BC,FA,2028-01-01T00:00:00,M,69,179.71515960237593,41800.0,33999.99999999999,0.0042994057321142564,55084.1354436308,2115.5632563936592,0.003262557506893862,0.0,0.0
BC,FA,2028-01-01T00:00:00,M,70,218.50739174454793,41800.0,33800.0,0.005227449563266697,55084.1354436308,2115.5632563936592,0.003966793523847767,0.0,0.0
BC,FA,2028-01-01T00:00:00,M,71,237.96932131922586,41800.0,32199.999999999996,0.005693045964574781,55084.1354436308,2115.5632563936592,0.0043201063137815205,0.0,0.0
BC,FA,2028-01-01T00:00:00,M,72,175.97091568221367,41800.0,31499.999999999996,0.0042098305187132454,55084.1354436308,2115.5632563936592,0.0031945843256864733,0.0,0.0
BC,FA,2028-01-01T00:00:00,M,73,105.20367801175962,41800.0,30200.0,0.0025168344021952063,55084.1354436308,2115.5632563936592,0.0019098725461420304,0.0,0.0
BC,FA,2028-01-01T00:00:00,M,74,121.02587547137591,41800.0,28300.0,0.002895355872520955,55084.1354436308,2115.5632563936592,0.0021971094671209865,0.0,0.0
BC,FA,2028-01-01T00:00:00,M,75,152.0151914752023,41800.0,27100.0,0.003636727068784744,55084.1354436308,2115.5632563936592,0.002759690975467226,0.0,0.0
BC,FA,2028-01-01T00:00:00,M,76,78.9207464185638,41800.0,25600.0,0.0018880561344154017,55084.1354436308,2115.5632563936592,0.0014327309629707393,0.0,0.0
BC,FA,2028-01-01T00:00:00,M,77,111.70069299867464,41800.0,24400.0,0.0026722653827434125,55084.1354436308,2115.5632563936592,0.0020278196634851645,0.0,0.0
BC,FA,2028-01-01T00:00:00,M,78,58.08314177147258,41800.0,23500.0,0.001389548846207478,55084.1354436308,2115.5632563936592,0.0010544441027110383,0.0,0.0
BC,FA,2028-01-01T00:00:00,M,79,80.22551046228546,41800.0,21900.0,0.0019192705852221401,55084.1354436308,2115.5632563936592,0.0014564177111281442,0.0,0.0
BC,FA,2028-01-01T00:00:00,M,80,38.35233655167394,41800.0,21200.0,0.0009175200131979412,55084.1354436308,2115.5632563936592,0.0006962501315995239,0.0,0.0
BC,FA,2028-01-01T00:00:00,M,81,-19.621561265237688,41800.0,19999.999999999996,-0.00046941534127362887,55084.1354436308,2115.5632563936592,0.0,0.009274863895436532,0.0009810780632618845
BC,FA,2028-01-01T00:00:00,M,82,69.52328338222287,41800.0,15800.0,0.0016632364445507864,55084.1354436308,2115.5632563936592,0.0012621289745641568,0.0,0.0
BC,FA,2028-01-01T00:00:00,M,83,60.22074994227478,41800.0,13999.999999999998,0.001440687797662076,55084.1354436308,2115.5632563936592,0.0010932503425401024,0.0,0.0
BC,FA,2028-01-01T00:00:00,M,84,-7.433926584935762,41800.0,12999.999999999998,-0.0001778451336109034,55084.1354436308,2115.5632563936592,0.0,0.0035139230946977995,0.0005718405065335202
BC,FA,2028-01-01T00:00:00,M,85,-7.86566320881866,41800.0,11600.0,-0.00018817376097652295,55084.1354436308,2115.5632563936592,0.0,0.003717999537497656,0.0006780744145533327
BC,FA,2028-01-01T00:00:00,M,86,54.28603202989507,41800.0,9900.0,0.0012987089002367241,55084.1354436308,2115.5632563936592,0.000985511192881434,0.0,0.0
BC,FA,2028-01-01T00:00:00,M,87,-61.523499655002524,41800.0,8500.0,-0.0014718540587321178,55084.1354436308,2115.5632563936592,0.0,0.029081380322269302,0.007238058782941473
BC,FA,2028-01-01T00:00:00,M,88,-81.2176923336392,41800.0,7299.999999999999,-0.0019430069936277321,55084.1354436308,2115.5632563936592,0.0,0.038390576168395314,0.011125711278580714
BC,FA,2028-01-01T00:00:00,M,89,-14.62794728864992,41800.0,6200.0,-0.0003499508920729646,55084.1354436308,2115.5632563936592,0.0,0.006914445712952005,0.0023593463368790195
BC,FA,2028-01-01T00:00:00,M,90,-54.04286735912501,41800.0,5100.0,-0.0012928915636154308,55084.1354436308,2115.5632563936592,0.0,0.025545380028603046,0.010596640658651964
BC,FA,2028-01-01T00:00:00,M,91,12.85494592226678,41800.0,4300.0,0.000307534591441789,55084.1354436308,2115.5632563936592,0.00023336929623632958,0.0,0.0
BC,FA,2028-01-01T00:00:00,M,92,-10.99589647117,41800.0,3600.0,-0.00026305972419066984,55084.1354436308,2115.5632563936592,0.0,0.005197621218811671,0.003054415686436111
BC,FA,2028-01-01T00:00:00,M,93,16.36072938515099,41800.0,2800.0,0.0003914050092141385,55084.1354436308,2115.5632563936592,0.0002970134550245124,0.0,0.0
BC,FA,2028-01-01T00:00:00,M,94,-30.909279934731785,41800.0,2199.9999999999995,-0.000739456457768703,55084.1354436308,2115.5632563936592,0.0,0.01461042577730432,0.01404967269760536
BC,FA,2028-01-01T00:00:00,M,95,3.1111393136397965,41800.0,1700.0,7.442917018277025e-05,55084.1354436308,2115.5632563936592,5.6479770238447614e-05,0.0,0.0
BC,FA,2028-01-01T00:00:00,M,96,-66.04703194869694,41800.0,1199.9999999999998,-0.0015800725346578216,55084.1354436308,2115.5632563936592,0.0,0.031219596837433,0.055039193290580796
BC,FA,2028-01-01T00:00:00,M,97,-26.93572177433714,41800.0,900.0,-0.0006443952577592617,55084.1354436308,2115.5632563936592,0.0,0.01273217508052853,0.02992857974926349
BC,FA,2028-01-01T00:00:00,M,98,-2.2999336848187113,41800.0,600.0,-5.502233695738544e-05,55084.1354436308,2115.5632563936592,0.0,0.001087149570152463,0.0038332228080311856
BC,FA,2028-01-01T00:00:00,M,99,-39.62014912707741,41800.0,400.0,-0.000947850457585584,55084.1354436308,2115.5632563936592,0.0,0.01872794349558555,0.09905037281769352
BC,FA,2028-01-01T00:00:00,M,100,315.16836653238613,41800.0,600.0,0.007539913074937467,55084.1354436308,2115.5632563936592,0.005721581431643002,0.0,0.0
BC,FA,2029-01-01T00:00:00,F,1,162.7322510771446,41600.0,20500.0,0.003911832958585207,51776.276632182155,2293.752983716405,0.00314298867477845,0.0,0.0
BC,FA,2029-01-01T00:00:00,F,2,202.80213049998565,41600.0,20800.000000000004,0.004875051213941963,51776.276632182155,2293.752983716405,0.003916892903301811,0.0,0.0
BC,FA,2029-01-01T00:00:00,F,3,202.27434422316583,41600.0,21100.0,0.004862364043826102,51776.276632182155,2293.752983716405,0.003906699310576532,0.0,0.0
BC,FA,2029-01-01T00:00:00,F,4,201.9134200032604,41600.0,21300.0,0.004853687980847606,51776.276632182155,2293.752983716405,0.003899728469037087,0.0,0.0
BC,FA,2029-01-01T00:00:00,F,5,301.74656089694327,41600.0,21700.0,0.007253523098484213,51776.276632182155,2293.752983716405,0.005827892241857135,0.0,0.0
BC,FA,2029-01-01T00:00:00,F,6,301.5815157664292,41600.0,22099.999999999996,0.007249555667462241,51776.276632182155,2293.752983716405,0.005824704582541914,0.0,0.0
BC,FA,2029-01-01T00:00:00,F,7,301.41556411189595,41600.0,22599.999999999996,0.007245566444997499,51776.276632182155,2293.752983716405,0.005821499414744465,0.0,0.0
BC,FA,2029-01-01T00:00:00,F,8,201.2514264281017,41600.0,23199.999999999996,0.004837774673752445,51776.276632182155,2293.752983716405,0.00388694281471394,0.0,0.0
BC,FA,2029-01-01T00:00:00,F,9,201.27319036598055,41600.0,23599.999999999996,0.004838297845336071,51776.276632182155,2293.752983716405,0.0038873631604648224,0.0,0.0
BC,FA,2029-01-01T00:00:00,F,10,201.31127725727492,41600.0,24300.0,0.00483921339560757,51776.276632182155,2293.752983716405,0.00388809876552899,0.0,0.0
BC,FA,2029-01-01T00:00:00,F,11,201.36024611750327,41600.0,25200.0,0.004840390531670752,51776.276632182155,2293.752983716405,0.0038890445434684932,0.0,0.0
BC,FA,2029-01-01T00:00:00,F,12,201.62504220917617,41600.0,25800.0,0.004846755822335965,51776.276632182155,2293.752983716405,0.003894158779348258,0.0,0.0
BC,FA,2029-01-01T00:00:00,F,13,301.86444748611393,41600.0,26000.0,0.007256356910723892,51776.276632182155,2293.752983716405,0.005830169087486807,0.0,0.0
BC,FA,2029-01-01T00:00:00,F,14,502.1219898747877,41600.0,26500.0,0.012070240141220857,51776.276632182155,2293.752983716405,0.00969791616036538,0.0,0.0
BC,FA,2029-01-01T00:00:00,F,15,802.8837378906137,41600.0,27300.0,0.019300089853139753,51776.276632182155,2293.752983716405,0.015506787859511161,0.0,0.0
BC,FA,2029-01-01T00:00:00,F,16,1504.2394771842737,41600.0,29000.0,0.036159602816929655,51776.276632182155,2293.752983716405,0.029052677693886083,0.0,0.0
BC,FA,2029-01-01T00:00:00,F,17,1206.2463549321437,41600.0,29900.000000000004,0.02899630660894576,51776.276632182155,2293.752983716405,0.023297278858062712,0.0,0.0
BC,FA,2029-01-01T00:00:00,F,18,1707.9984260314159,41600.0,31099.999999999996,0.04105765447190904,51776.276632182155,2293.752983716405,0.032988050457258826,0.0,0.0
BC,FA,2029-01-01T00:00:00,F,19,3410.2511012849354,41600.0,34800.0,0.08197718993473402,51776.276632182155,2293.752983716405,0.06586512826156475,0.0,0.0
BC,FA,2029-01-01T00:00:00,F,20,1912.901901755591,41600.0,36600.0,0.045983218792201706,51776.276632182155,2293.752983716405,0.03694552845784597,0.0,0.0
BC,FA,2029-01-01T00:00:00,F,21,514.895236252567,41600.0,36999.99999999999,0.012377289332994399,51776.276632182155,2293.752983716405,0.009944616912304733,0.0,0.0
BC,FA,2029-01-01T00:00:00,F,22,-84.28582190083398,41600.0,36000.0,-0.002026101488000817,51776.276632182155,2293.752983716405,0.0,0.03674581461002468,0.002341272830578722
BC,FA,2029-01-01T00:00:00,F,23,16.187607523308543,41600.0,35000.0,0.00038912518084876303,51776.276632182155,2293.752983716405,0.00031264526103924096,0.0,0.0
BC,FA,2029-01-01T00:00:00,F,24,116.5821263397811,41600.0,34600.0,0.0028024549600908916,51776.276632182155,2293.752983716405,0.002251651411088879,0.0,0.0
BC,FA,2029-01-01T00:00:00,F,25,416.4859980711408,41600.0,34700.0,0.010011682645940885,51776.276632182155,2293.752983716405,0.008043954203772718,0.0,0.0
BC,FA,2029-01-01T00:00:00,F,26,116.14954913091788,41600.0,33700.0,0.002792056469493218,51776.276632182155,2293.752983716405,0.0022432966734174885,0.0,0.0
BC,FA,2029-01-01T00:00:00,F,27,416.1604466345525,41600.0,33400.0,0.010003856890253666,51776.276632182155,2293.752983716405,0.008037666547383268,0.0,0.0
BC,FA,2029-01-01T00:00:00,F,28,217.7066787065196,41600.0,35700.0,0.005233333622752875,51776.276632182155,2293.752983716405,0.004204757330333047,0.0,0.0
BC,FA,2029-01-01T00:00:00,F,29,319.17766107111675,41600.0,37400.0,0.0076725399295941524,51776.276632182155,2293.752983716405,0.0061645541516735505,0.0,0.0
BC,FA,2029-01-01T00:00:00,F,30,320.2251380463131,41600.0,38100.0,0.007697719664574834,51776.276632182155,2293.752983716405,0.006184784980217627,0.0,0.0
BC,FA,2029-01-01T00:00:00,F,31,321.5347265079181,41600.0,38600.0,0.007729200156440338,51776.276632182155,2293.752983716405,0.006210078194538701,0.0,0.0
BC,FA,2029-01-01T00:00:00,F,32,223.0438574952277,41600.0,38700.00000000001,0.0053616311897891275,51776.276632182155,2293.752983716405,0.0043078388791787355,0.0,0.0
BC,FA,2029-01-01T00:00:00,F,33,125.3927750795192,41600.0,40100.00000000001,0.0030142494009499808,51776.276632182155,2293.752983716405,0.0024218190885047118,0.0,0.0
BC,FA,2029-01-01T00:00:00,F,34,227.3427048418962,41600.0,40400.0,0.005464968866391735,51776.276632182155,2293.752983716405,0.004390866235070072,0.0,0.0
BC,FA,2029-01-01T00:00:00,F,35,229.5284450254112,41600.0,40900.0,0.005517510697726231,51776.276632182155,2293.752983716405,0.0044330813251786646,0.0,0.0
BC,FA,2029-01-01T00:00:00,F,36,232.6646950311042,41600.0,41600.00000000001,0.005592901322863082,51776.276632182155,2293.752983716405,0.004493654433360484,0.0,0.0
BC,FA,2029-01-01T00:00:00,F,37,236.06036081109778,41600.0,42500.0,0.005674527904112927,51776.276632182155,2293.752983716405,0.004559237862700457,0.0,0.0
BC,FA,2029-01-01T00:00:00,F,38,239.11235161265358,41600.0,42899.99999999999,0.005747893067611865,51776.276632182155,2293.752983716405,0.004618183600016353,0.0,0.0
BC,FA,2029-01-01T00:00:00,F,39,141.4333299602804,41600.0,43200.0,0.00339983966250674,51776.276632182155,2293.752983716405,0.0027316241947064,0.0,0.0
BC,FA,2029-01-01T00:00:00,F,40,242.68325803904736,41600.0,42599.99999999999,0.005833732164400177,51776.276632182155,2293.752983716405,0.004687151603485615,0.0,0.0
BC,FA,2029-01-01T00:00:00,F,41,143.70007765322953,41600.0,42000.0,0.0034543287897410946,51776.276632182155,2293.752983716405,0.0027754038528894727,0.0,0.0
BC,FA,2029-01-01T00:00:00,F,42,144.46477935477014,41600.0,41300.0,0.0034727110421819748,51776.276632182155,2293.752983716405,0.0027901731980660882,0.0,0.0
BC,FA,2029-01-01T00:00:00,F,43,246.07111743838323,41600.0,41500.0,0.0059151710922688274,51776.276632182155,2293.752983716405,0.004752584261446,0.0,0.0
BC,FA,2029-01-01T00:00:00,F,44,147.2476252856577,41600.0,40800.0,0.0035396063770590795,51776.276632182155,2293.752983716405,0.002843920707773224,0.0,0.0
BC,FA,2029-01-01T00:00:00,F,45,148.97651501700602,41600.0,40400.0,0.003581166226370337,51776.276632182155,2293.752983716405,0.0028773122500741566,0.0,0.0
BC,FA,2029-01-01T00:00:00,F,46,250.76805052509735,41600.0,39900.00000000001,0.006028078137622532,51776.276632182155,2293.752983716405,0.004843300191447708,0.0,0.0
BC,FA,2029-01-01T00:00:00,F,47,152.75188296323904,41600.0,39400.0,0.0036719202635394,51776.276632182155,2293.752983716405,0.0029502291956678534,0.0,0.0
BC,FA,2029-01-01T00:00:00,F,48,54.1091350783754,41600.0,37999.99999999999,0.0013007003624609472,51776.276632182155,2293.752983716405,0.0010450565123244731,0.0,0.0
BC,FA,2029-01-01T00:00:00,F,49,156.34440551136504,41600.0,37300.0,0.003758278978638583,51776.276632182155,2293.752983716405,0.0030196146899869455,0.0,0.0
BC,FA,2029-01-01T00:00:00,F,50,157.63384983449214,41600.0,35600.0,0.003789275236406061,51776.276632182155,2293.752983716405,0.0030445188431435597,0.0,0.0
BC,FA,2029-01-01T00:00:00,F,51,60.39184764797392,41600.0,34500.0,0.00145172710692245,51776.276632182155,2293.752983716405,0.0011663999726553658,0.0,0.0
BC,FA,2029-01-01T00:00:00,F,52,64.52045547708258,41600.0,34200.0,0.0015509724874298698,51776.276632182155,2293.752983716405,0.0012461393455430343,0.0,0.0
BC,FA,2029-01-01T00:00:00,F,53,169.89094621715776,41600.0,34499.99999999999,0.004083916976373985,51776.276632182155,2293.752983716405,0.003281250743927771,0.0,0.0
BC,FA,2029-01-01T00:00:00,F,54,174.63044438387442,41600.0,34100.0,0.004197847220766212,51776.276632182155,2293.752983716405,0.003372788770124324,0.0,0.0
BC,FA,2029-01-01T00:00:00,F,55,180.56210939655284,41600.0,34000.0,0.004340435322032521,51776.276632182155,2293.752983716405,0.003487352145448063,0.0,0.0
BC,FA,2029-01-01T00:00:00,F,56,188.10147717999644,41600.0,34300.0,0.004521670124519145,51776.276632182155,2293.752983716405,0.003632966474516241,0.0,0.0
BC,FA,2029-01-01T00:00:00,F,57,96.94572206892917,41600.0,34700.0,0.002330426011272336,51776.276632182155,2293.752983716405,0.0018723965563926127,0.0,0.0
BC,FA,2029-01-01T00:00:00,F,58,212.10040286307776,41600.0,37100.0,0.005098567376516292,51776.276632182155,2293.752983716405,0.004096478477389088,0.0,0.0
BC,FA,2029-01-01T00:00:00,F,59,122.49554268876818,41600.0,37200.0,0.0029446043915569275,51776.276632182155,2293.752983716405,0.0023658623341916716,0.0,0.0
BC,FA,2029-01-01T00:00:00,F,60,133.27637595510896,41600.0,37100.0,0.003203759037382427,51776.276632182155,2293.752983716405,0.0025740818889296003,0.0,0.0
BC,FA,2029-01-01T00:00:00,F,61,140.368599339301,41600.0,35900.00000000001,0.003374245176425505,51776.276632182155,2293.752983716405,0.002711060131582603,0.0,0.0
BC,FA,2029-01-01T00:00:00,F,62,149.55584533253568,41600.0,35000.00000000001,0.0035950924358782617,51776.276632182155,2293.752983716405,0.002888501357387632,0.0,0.0
BC,FA,2029-01-01T00:00:00,F,63,170.0751512931456,41600.0,36400.0,0.004088344983008308,51776.276632182155,2293.752983716405,0.0032848084558369612,0.0,0.0
BC,FA,2029-01-01T00:00:00,F,64,94.45306445789174,41600.0,37900.0,0.0022705063571608593,51776.276632182155,2293.752983716405,0.0018242537046239305,0.0,0.0
BC,FA,2029-01-01T00:00:00,F,65,123.7357195956647,41600.0,39799.99999999999,0.0029744163364342478,51776.276632182155,2293.752983716405,0.002389814943138559,0.0,0.0
BC,FA,2029-01-01T00:00:00,F,66,45.47136500319175,41600.0,39700.0,0.001093061658730571,51776.276632182155,2293.752983716405,0.0008782277900402071,0.0,0.0
BC,FA,2029-01-01T00:00:00,F,67,158.92883921257453,41600.0,38200.00000000001,0.0038204047887638107,51776.276632182155,2293.752983716405,0.0030695300927411693,0.0,0.0
BC,FA,2029-01-01T00:00:00,F,68,86.5037630401348,41600.0,38300.0,0.0020794173807724713,51776.276632182155,2293.752983716405,0.0016707219728188676,0.0,0.0
BC,FA,2029-01-01T00:00:00,F,69,213.4162860860888,41600.0,38100.0,0.00513019918476175,51776.276632182155,2293.752983716405,0.004121893267880089,0.0,0.0
BC,FA,2029-01-01T00:00:00,F,70,238.44974641293084,41600.0,37300.00000000001,0.005731965058003145,51776.276632182155,2293.752983716405,0.004605386132859148,0.0,0.0
BC,FA,2029-01-01T00:00:00,F,71,169.79292720898957,41600.0,36800.0,0.0040815607502160955,51776.276632182155,2293.752983716405,0.0032793576180689048,0.0,0.0
BC,FA,2029-01-01T00:00:00,F,72,96.9709161909268,41600.0,35600.0,0.002331031639204971,51776.276632182155,2293.752983716405,0.001872883152255359,0.0,0.0
BC,FA,2029-01-01T00:00:00,F,73,129.9214280228698,41600.0,34800.00000000001,0.003123111250549755,51776.276632182155,2293.752983716405,0.002509284878590818,0.0,0.0
BC,FA,2029-01-01T00:00:00,F,74,65.96715113938262,41600.0,33899.99999999999,0.0015857488254659284,51776.276632182155,2293.752983716405,0.0012740806297836403,0.0,0.0
BC,FA,2029-01-01T00:00:00,F,75,93.30309357979422,41600.0,32300.000000000004,0.0022428628264373612,51776.276632182155,2293.752983716405,0.0018020433227097018,0.0,0.0
BC,FA,2029-01-01T00:00:00,F,76,16.760671746495063,41600.0,30300.0,0.00040290076313690055,51776.276632182155,2293.752983716405,0.00032371334589318985,0.0,0.0
BC,FA,2029-01-01T00:00:00,F,77,43.59151304415718,41600.0,28599.999999999996,0.0010478729097153168,51776.276632182155,2293.752983716405,0.0008419205837034323,0.0,0.0
BC,FA,2029-01-01T00:00:00,F,78,-20.95586254636146,41600.0,27200.0,-0.0005037466958259967,51776.276632182155,2293.752983716405,0.0,0.009136058980687695,0.0007704361230279948
BC,FA,2029-01-01T00:00:00,F,79,127.8045298015495,41600.0,26500.000000000004,0.0030722242740757093,51776.276632182155,2293.752983716405,0.0024683993928236838,0.0,0.0
BC,FA,2029-01-01T00:00:00,F,80,-42.316531991073134,41600.0,24600.0,-0.0010172243267084888,51776.276632182155,2293.752983716405,0.0,0.0184486003032945,0.0017201842272793956
BC,FA,2029-01-01T00:00:00,F,81,-89.83309434926196,41600.0,23600.0,-0.00215944938339572,51776.276632182155,2293.752983716405,0.0,0.03916424086943825,0.0038064870486975407
BC,FA,2029-01-01T00:00:00,F,82,-43.03537180462445,41600.0,22400.0,-0.0010345041299188568,51776.276632182155,2293.752983716405,0.0,0.01876199055004488,0.0019212219555635914
BC,FA,2029-01-01T00:00:00,F,83,-26.212991348562355,41600.0,17700.000000000004,-0.0006301199843404412,51776.276632182155,2293.752983716405,0.0,0.011427992261874383,0.001480959963195613
BC,FA,2029-01-01T00:00:00,F,84,-20.829096969486272,41600.0,15800.0,-0.0005006994463818815,51776.276632182155,2293.752983716405,0.0,0.009080793405983221,0.0013182972765497642
BC,FA,2029-01-01T00:00:00,F,85,-82.0020876072449,41600.0,14700.000000000002,-0.0019712040290203103,51776.276632182155,2293.752983716405,0.0,0.03575018242565193,0.0055783733066152984
BC,FA,2029-01-01T00:00:00,F,86,-69.02475768633485,41600.0,13200.000000000002,-0.0016592489828445877,51776.276632182155,2293.752983716405,0.0,0.030092498266530397,0.0052291483095708215
BC,FA,2029-01-01T00:00:00,F,87,-81.0967283577138,41600.0,11400.000000000002,-0.0019494405855219664,51776.276632182155,2293.752983716405,0.0,0.03535547590931894,0.007113748101553841
BC,FA,2029-01-01T00:00:00,F,88,-67.33778260905456,41600.0,10200.0,-0.0016186966973330422,51776.276632182155,2293.752983716405,0.0,0.029357033249479168,0.006601743393044564
BC,FA,2029-01-01T00:00:00,F,89,-83.85728824184116,41600.0,8700.0,-0.0020158001981211817,51776.276632182155,2293.752983716405,0.0,0.03655898818972789,0.009638768763430018
BC,FA,2029-01-01T00:00:00,F,90,-99.3832471002097,41600.0,7400.0,-0.00238902036298581,51776.276632182155,2293.752983716405,0.0,0.043327789786320445,0.013430168527055366
BC,FA,2029-01-01T00:00:00,F,91,-92.0415934661878,41600.0,6500.0,-0.002212538304475668,51776.276632182155,2293.752983716405,0.0,0.04012707301945798,0.014160245148644278
BC,FA,2029-01-01T00:00:00,F,92,-107.6227779582614,41600.0,5500.000000000001,-0.0025870860086120526,51776.276632182155,2293.752983716405,0.0,0.046919951155284315,0.019567777810592976
BC,FA,2029-01-01T00:00:00,F,93,-43.14735493295575,41600.0,4600.000000000001,-0.0010371960320422055,51776.276632182155,2293.752983716405,0.0,0.018810811468917263,0.009379859768033856
BC,FA,2029-01-01T00:00:00,F,94,-87.92220597142477,41600.0,3700.0,-0.002113514566620788,51776.276632182155,2293.752983716405,0.0,0.03833115710174278,0.023762758370655345
BC,FA,2029-01-01T00:00:00,F,95,-56.145175776086035,41600.0,2900.0,-0.0013496436484636066,51776.276632182155,2293.752983716405,0.0,0.02447742898850337,0.019360405440029666
BC,FA,2029-01-01T00:00:00,F,96,-2.013823396042426,41600.0,2400.0,-4.8409216251019855e-05,51776.276632182155,2293.752983716405,0.0,0.0008779600115351439,0.0008390930816843441
BC,FA,2029-01-01T00:00:00,F,97,-63.75895346627158,41600.0,1800.0000000000002,-0.0015326671506315282,51776.276632182155,2293.752983716405,0.0,0.02779678279174049,0.03542164081459532
BC,FA,2029-01-01T00:00:00,F,98,-24.3944844189989,41600.0,1400.0000000000002,-0.0005864058754567043,51776.276632182155,2293.752983716405,0.0,0.010635183732589308,0.017424631727856355
BC,FA,2029-01-01T00:00:00,F,99,-2.7989372020965675,41600.0,1000.0,-6.728214428116748e-05,51776.276632182155,2293.752983716405,0.0,0.0012202435144353025,0.0027989372020965674
BC,FA,2029-01-01T00:00:00,F,100,1224.4395879533506,41600.0,1900.0000000000002,0.029433643941186312,51776.276632182155,2293.752983716405,0.02364866049854743,0.0,0.0
BC,FA,2029-01-01T00:00:00,M,1,368.022205609559,41600.0,21700.0,0.008846687634845168,51776.276632182155,2293.752983716405,0.0071079310747658225,0.0,0.0
BC,FA,2029-01-01T00:00:00,M,2,304.4421858181049,41600.0,21999.999999999996,0.007318321774473676,51776.276632182155,2293.752983716405,0.005879955176786028,0.0,0.0
BC,FA,2029-01-01T00:00:00,M,3,303.1471545022614,41600.0,22400.0,0.007287191213996669,51776.276632182155,2293.752983716405,0.005854943117208176,0.0,0.0
BC,FA,2029-01-01T00:00:00,M,4,302.1930277288775,41600.0,22700.0,0.0072642554742518625,51776.276632182155,2293.752983716405,0.005836515241828839,0.0,0.0
BC,FA,2029-01-01T00:00:00,M,5,301.8263323867104,41600.0,23100.0,0.007255440682372847,51776.276632182155,2293.752983716405,0.0058294329376150375,0.0,0.0
BC,FA,2029-01-01T00:00:00,M,6,401.4516284456331,41600.0,23700.000000000004,0.009650279529943103,51776.276632182155,2293.752983716405,0.007753582423424131,0.0,0.0
BC,FA,2029-01-01T00:00:00,M,7,301.27629239826274,41600.0,24200.000000000004,0.007242218567265931,51776.276632182155,2293.752983716405,0.005818809539714969,0.0,0.0
BC,FA,2029-01-01T00:00:00,M,8,301.3190134827237,41600.0,25000.000000000004,0.007243245516411627,51776.276632182155,2293.752983716405,0.005819634648958811,0.0,0.0
BC,FA,2029-01-01T00:00:00,M,9,301.3617345671846,41600.0,25800.000000000004,0.007244272465557322,51776.276632182155,2293.752983716405,0.005820459758202653,0.0,0.0
BC,FA,2029-01-01T00:00:00,M,10,301.38309510941326,41600.0,26200.0,0.007244785940130127,51776.276632182155,2293.752983716405,0.005820872312824539,0.0,0.0
BC,FA,2029-01-01T00:00:00,M,11,301.4204760583161,41600.0,26900.0,0.007245684520632599,51776.276632182155,2293.752983716405,0.0058215942834128915,0.0,0.0
BC,FA,2029-01-01T00:00:00,M,12,301.9509338151329,41600.0,27700.0,0.007258435909017618,51776.276632182155,2293.752983716405,0.0058318394727413,0.0,0.0
BC,FA,2029-01-01T00:00:00,M,13,402.21082341549845,41600.0,28000.0,0.009668529409026405,51776.276632182155,2293.752983716405,0.007768245412330395,0.0,0.0
BC,FA,2029-01-01T00:00:00,M,14,503.0332170130241,41600.0,28900.0,0.012092144639736157,51776.276632182155,2293.752983716405,0.009715515477997077,0.0,0.0
BC,FA,2029-01-01T00:00:00,M,15,904.04430714318,41600.0,29300.0,0.021731834306326442,51776.276632182155,2293.752983716405,0.01746058940401405,0.0,0.0
BC,FA,2029-01-01T00:00:00,M,16,1306.2587627789617,41600.0,30600.0,0.03140045102834042,51776.276632182155,2293.752983716405,0.025228904968555448,0.0,0.0
BC,FA,2029-01-01T00:00:00,M,17,1209.078510025338,41600.0,31199.999999999996,0.029064387260224468,51776.276632182155,2293.752983716405,0.023351978718257636,0.0,0.0
BC,FA,2029-01-01T00:00:00,M,18,1812.2160840817742,41600.0,32300.000000000004,0.04356288663658111,51776.276632182155,2293.752983716405,0.035000896201087005,0.0,0.0
BC,FA,2029-01-01T00:00:00,M,19,3616.539327543185,41600.0,36200.0,0.08693604152748041,51776.276632182155,2293.752983716405,0.06984935114656898,0.0,0.0
BC,FA,2029-01-01T00:00:00,M,20,2322.1096931873326,41600.0,38300.0,0.05581994454777242,51776.276632182155,2293.752983716405,0.04484891236354369,0.0,0.0
BC,FA,2029-01-01T00:00:00,M,21,827.1808620153752,41600.0,38500.00000000001,0.019884155336908058,51776.276632182155,2293.752983716405,0.015976059226731478,0.0,0.0
BC,FA,2029-01-01T00:00:00,M,22,31.042508264516073,41600.0,37500.0,0.000746214140973944,51776.276632182155,2293.752983716405,0.000599550803643946,0.0,0.0
BC,FA,2029-01-01T00:00:00,M,23,-166.21110045862588,41600.0,36300.0,-0.003995459145640045,51776.276632182155,2293.752983716405,0.0,0.07246251084514159,0.004578818194452504
BC,FA,2029-01-01T00:00:00,M,24,-164.09137274772365,41600.0,35500.0,-0.003944504152589511,51776.276632182155,2293.752983716405,0.0,0.071538380075198,0.004622292190076723
BC,FA,2029-01-01T00:00:00,M,25,37.391826189406856,41600.0,35300.0,0.0008988419757068955,51776.276632182155,2293.752983716405,0.000722180670793263,0.0,0.0
BC,FA,2029-01-01T00:00:00,M,26,38.498515867198876,41600.0,34600.0,0.0009254450929615114,51776.276632182155,2293.752983716405,0.000743555125462028,0.0,0.0
BC,FA,2029-01-01T00:00:00,M,27,339.5972524050885,41600.0,34000.0,0.008163395490506936,51776.276632182155,2293.752983716405,0.006558935375318353,0.0,0.0
BC,FA,2029-01-01T00:00:00,M,28,244.54324627961614,41600.0,36200.0,0.005878443420183081,51776.276632182155,2293.752983716405,0.004723075164652095,0.0,0.0
BC,FA,2029-01-01T00:00:00,M,29,250.19443320059509,41600.0,38300.0,0.006014289259629689,51776.276632182155,2293.752983716405,0.004832221424069799,0.0,0.0
BC,FA,2029-01-01T00:00:00,M,30,154.99300924022828,41600.0,39200.0,0.003725793491351641,51776.276632182155,2293.752983716405,0.002993514005290418,0.0,0.0
BC,FA,2029-01-01T00:00:00,M,31,259.9271302384295,41600.0,39800.0,0.0062482483230391715,51776.276632182155,2293.752983716405,0.005020197417534438,0.0,0.0
BC,FA,2029-01-01T00:00:00,M,32,165.77828226058773,41600.0,40699.99999999999,0.003985054862033359,51776.276632182155,2293.752983716405,0.003201819308836632,0.0,0.0
BC,FA,2029-01-01T00:00:00,M,33,170.95740467572614,41600.0,41399.99999999999,0.004109552997012648,51776.276632182155,2293.752983716405,0.003301848178272934,0.0,0.0
BC,FA,2029-01-01T00:00:00,M,34,276.4553499251997,41600.0,42300.0,0.006645561296278839,51776.276632182155,2293.752983716405,0.005339421215803795,0.0,0.0
BC,FA,2029-01-01T00:00:00,M,35,380.020480837753,41600.0,42700.0,0.009135107712445986,51776.276632182155,2293.752983716405,0.007339664138798787,0.0,0.0
BC,FA,2029-01-01T00:00:00,M,36,283.44314556682366,41600.0,42999.99999999999,0.0068135371530486455,51776.276632182155,2293.752983716405,0.005474382555169026,0.0,0.0
BC,FA,2029-01-01T00:00:00,M,37,186.73134165847296,41600.0,43400.0,0.004488734174482523,51776.276632182155,2293.752983716405,0.003606503862473724,0.0,0.0
BC,FA,2029-01-01T00:00:00,M,38,190.43819430420263,41600.0,43700.00000000001,0.00457784120923564,51776.276632182155,2293.752983716405,0.003678097512825662,0.0,0.0
BC,FA,2029-01-01T00:00:00,M,39,194.363327918305,41600.0,43900.0,0.004672195382651563,51776.276632182155,2293.752983716405,0.0037539070122608272,0.0,0.0
BC,FA,2029-01-01T00:00:00,M,40,196.69329526458023,41600.0,43200.00000000001,0.004728204213090871,51776.276632182155,2293.752983716405,0.003798907686272736,0.0,0.0
BC,FA,2029-01-01T00:00:00,M,41,198.10555007951916,41600.0,42000.0,0.004762152646142288,51776.276632182155,2293.752983716405,0.003826183784648283,0.0,0.0
BC,FA,2029-01-01T00:00:00,M,42,201.97346951103827,41600.0,41600.0,0.0048551314786307274,51776.276632182155,2293.752983716405,0.00390088825710382,0.0,0.0
BC,FA,2029-01-01T00:00:00,M,43,207.66406152542186,41600.0,41800.0,0.004991924555899564,51776.276632182155,2293.752983716405,0.004010795581162857,0.0,0.0
BC,FA,2029-01-01T00:00:00,M,44,211.60548384316644,41600.0,41200.0,0.005086670284691501,51776.276632182155,2293.752983716405,0.0040869196784158205,0.0,0.0
BC,FA,2029-01-01T00:00:00,M,45,214.5320599760962,41600.0,40300.0,0.0051570206725023125,51776.276632182155,2293.752983716405,0.004143443173794218,0.0,0.0
BC,FA,2029-01-01T00:00:00,M,46,117.61836323574244,41600.0,39199.99999999999,0.0028273645008591933,51776.276632182155,2293.752983716405,0.002271665150263728,0.0,0.0
BC,FA,2029-01-01T00:00:00,M,47,221.05838940605463,41600.0,38400.0,0.005313903591491698,51776.276632182155,2293.752983716405,0.004269491817197477,0.0,0.0
BC,FA,2029-01-01T00:00:00,M,48,223.54419827931997,41600.0,37200.0,0.005373658612483653,51776.276632182155,2293.752983716405,0.004317502393371667,0.0,0.0
BC,FA,2029-01-01T00:00:00,M,49,125.911964762141,41600.0,35800.0,0.003026729922166851,51776.276632182155,2293.752983716405,0.0024318466477730254,0.0,0.0
BC,FA,2029-01-01T00:00:00,M,50,126.98708458153124,41600.0,34200.0,0.003052574148594501,51776.276632182155,2293.752983716405,0.0024526113664689615,0.0,0.0
BC,FA,2029-01-01T00:00:00,M,51,29.979674143483862,41600.0,33000.0,0.0007206652438337467,51776.276632182155,2293.752983716405,0.0005790233692634754,0.0,0.0
BC,FA,2029-01-01T00:00:00,M,52,136.39925870171646,41600.0,32800.0,0.0032788283341758763,51776.276632182155,2293.752983716405,0.0026343968236784317,0.0,0.0
BC,FA,2029-01-01T00:00:00,M,53,141.93703791884764,41600.0,32200.0,0.003411948026895376,51776.276632182155,2293.752983716405,0.002741352742051463,0.0,0.0
BC,FA,2029-01-01T00:00:00,M,54,50.07672381748489,41600.0,31999.999999999996,0.0012037673994587713,51776.276632182155,2293.752983716405,0.0009671750669371059,0.0,0.0
BC,FA,2029-01-01T00:00:00,M,55,57.81065579908682,41600.0,31600.0,0.001389679225939587,51776.276632182155,2293.752983716405,0.001116547182598177,0.0,0.0
BC,FA,2029-01-01T00:00:00,M,56,67.98043006164153,41600.0,31600.0,0.0016341449534048444,51776.276632182155,2293.752983716405,0.0013129648264314836,0.0,0.0
BC,FA,2029-01-01T00:00:00,M,57,181.82191661891557,41600.0,32200.0,0.004370719149493163,51776.276632182155,2293.752983716405,0.0035116838916512973,0.0,0.0
BC,FA,2029-01-01T00:00:00,M,58,205.01670126557292,41600.0,34000.0,0.004928286088114734,51776.276632182155,2293.752983716405,0.0039596648233709095,0.0,0.0
BC,FA,2029-01-01T00:00:00,M,59,120.55087994790665,41600.0,34100.0,0.0028978576910554483,51776.276632182155,2293.752983716405,0.0023283033811855223,0.0,0.0
BC,FA,2029-01-01T00:00:00,M,60,132.94886732450686,41600.0,33600.0,0.0031958862337621843,51776.276632182155,2293.752983716405,0.002567756431559834,0.0,0.0
BC,FA,2029-01-01T00:00:00,M,61,143.84563024276213,41600.0,32800.0,0.003457827650066397,51776.276632182155,2293.752983716405,0.0027782150359061003,0.0,0.0
BC,FA,2029-01-01T00:00:00,M,62,158.84887118990082,41600.0,32400.0,0.003818482480526462,51776.276632182155,2293.752983716405,0.003067985601173307,0.0,0.0
BC,FA,2029-01-01T00:00:00,M,63,189.70079128304496,41600.0,33699.99999999999,0.004560115175073196,51776.276632182155,2293.752983716405,0.0036638554106676376,0.0,0.0
BC,FA,2029-01-01T00:00:00,M,64,128.6268527210632,41600.0,35400.0,0.0030919916519486345,51776.276632182155,2293.752983716405,0.0024842816264063618,0.0,0.0
BC,FA,2029-01-01T00:00:00,M,65,167.62130953601445,41600.0,36700.0,0.0040293584023080396,51776.276632182155,2293.752983716405,0.0032374152882176824,0.0,0.0
BC,FA,2029-01-01T00:00:00,M,66,203.71394756600057,41600.0,37300.0,0.004896969893413475,51776.276632182155,2293.752983716405,0.003934503614718788,0.0,0.0
BC,FA,2029-01-01T00:00:00,M,67,318.529019113681,41600.0,35800.0,0.0076569475748481,51776.276632182155,2293.752983716405,0.006152026368688233,0.0,0.0
BC,FA,2029-01-01T00:00:00,M,68,252.51737696141208,41600.0,35600.0,0.006070129253880098,51776.276632182155,2293.752983716405,0.004877086445502667,0.0,0.0
BC,FA,2029-01-01T00:00:00,M,69,182.96446378160908,41600.0,34900.0,0.004398184225519449,51776.276632182155,2293.752983716405,0.0035337508929308634,0.0,0.0
BC,FA,2029-01-01T00:00:00,M,70,207.19255507176422,41600.0,33699.99999999999,0.004980590266148178,51776.276632182155,2293.752983716405,0.004001688969325795,0.0,0.0
BC,FA,2029-01-01T00:00:00,M,71,148.90285110475088,41600.0,33400.0,0.003579395459248819,51776.276632182155,2293.752983716405,0.0028758895152417845,0.0,0.0
BC,FA,2029-01-01T00:00:00,M,72,170.4044883382594,41600.0,31799.999999999996,0.004096261738900466,51776.276632182155,2293.752983716405,0.0032911692269571675,0.0,0.0
BC,FA,2029-01-01T00:00:00,M,73,109.2629676775141,41600.0,30999.999999999996,0.002626513646094089,51776.276632182155,2293.752983716405,0.0021102901711862456,0.0,0.0
BC,FA,2029-01-01T00:00:00,M,74,138.95555868402516,41600.0,29700.0,0.0033402778529813743,51776.276632182155,2293.752983716405,0.0026837688555931367,0.0,0.0
BC,FA,2029-01-01T00:00:00,M,75,155.99236669624588,41600.0,27799.999999999996,0.003749816507121295,51776.276632182155,2293.752983716405,0.003012815459953082,0.0,0.0
BC,FA,2029-01-01T00:00:00,M,76,89.08044747978784,41600.0,26500.0,0.002141356910571823,51776.276632182155,2293.752983716405,0.0017204877073840963,0.0,0.0
BC,FA,2029-01-01T00:00:00,M,77,115.15724761596357,41600.0,25000.0,0.002768203067691432,51776.276632182155,2293.752983716405,0.002224131496245642,0.0,0.0
BC,FA,2029-01-01T00:00:00,M,78,50.10037126925454,41600.0,23700.0,0.0012043358478186186,51776.276632182155,2293.752983716405,0.0009676317906203796,0.0,0.0
BC,FA,2029-01-01T00:00:00,M,79,96.22236752122262,41600.0,22799.999999999996,0.0023130376807986206,51776.276632182155,2293.752983716405,0.0018584257845496459,0.0,0.0
BC,FA,2029-01-01T00:00:00,M,80,19.09216241528702,41600.0,21100.0,0.000458946211905938,51776.276632182155,2293.752983716405,0.00036874344115003555,0.0,0.0
BC,FA,2029-01-01T00:00:00,M,81,76.55122737212514,41600.0,20400.0,0.0018401737349068544,51776.276632182155,2293.752983716405,0.0014785000458017452,0.0,0.0
BC,FA,2029-01-01T00:00:00,M,82,15.638159264919523,41600.0,19100.0,0.0003759172900221039,51776.276632182155,2293.752983716405,0.0003020332917334469,0.0,0.0
BC,FA,2029-01-01T00:00:00,M,83,2.1913807282999187,41600.0,14999.999999999998,5.267742135336343e-05,51776.276632182155,2293.752983716405,4.2324030827234886e-05,0.0,0.0
BC,FA,2029-01-01T00:00:00,M,84,-10.538884214056452,41600.0,13199.999999999998,-0.00025333856283789546,51776.276632182155,2293.752983716405,0.0,0.004594602944987147,0.000798400319246701
BC,FA,2029-01-01T00:00:00,M,85,15.493969549386748,41600.0,12199.999999999998,0.0003724511910910276,51776.276632182155,2293.752983716405,0.0002992484310808145,0.0,0.0
BC,FA,2029-01-01T00:00:00,M,86,10.679699270742276,41600.0,10800.0,0.00025672354016207397,51776.276632182155,2293.752983716405,0.00020626626643338396,0.0,0.0
BC,FA,2029-01-01T00:00:00,M,87,-27.819170531534837,41600.0,9099.999999999998,-0.0006687300608542028,51776.276632182155,2293.752983716405,0.0,0.012128232956654909,0.0030570517067620706
BC,FA,2029-01-01T00:00:00,M,88,-58.96375767667996,41600.0,7700.0,-0.0014173980210740375,51776.276632182155,2293.752983716405,0.0,0.025706236938009414,0.007657630867101294
BC,FA,2029-01-01T00:00:00,M,89,12.519805904941677,41600.0,6599.999999999999,0.00030095687271494416,51776.276632182155,2293.752983716405,0.0002418058369450198,0.0,0.0
BC,FA,2029-01-01T00:00:00,M,90,-21.320139496921,41600.0,5500.0,-0.0005125033532913702,51776.276632182155,2293.752983716405,0.0,0.009294871613584778,0.0038763889994401822
BC,FA,2029-01-01T00:00:00,M,91,-72.8895314722131,41600.0,4400.0,-0.0017521521988512763,51776.276632182155,2293.752983716405,0.0,0.03177741107680887,0.016565802607321156
BC,FA,2029-01-01T00:00:00,M,92,-106.96988938809,41600.0,3600.0,-0.0025713915718290864,51776.276632182155,2293.752983716405,0.0,0.04663531345680225,0.029713858163358333
BC,FA,2029-01-01T00:00:00,M,93,-45.86318585620438,41600.0,2999.9999999999995,-0.0011024804292356822,51776.276632182155,2293.752983716405,0.0,0.019994823410276513,0.015287728618734796
BC,FA,2029-01-01T00:00:00,M,94,-121.29165122701806,41600.0,2200.0,-0.002915664692957165,51776.276632182155,2293.752983716405,0.0,0.052879125210116486,0.05513256873955367
BC,FA,2029-01-01T00:00:00,M,95,-84.28011616145659,41600.0,1700.0,-0.002025964330804245,51776.276632182155,2293.752983716405,0.0,0.036743327097455585,0.049576538918503874
BC,FA,2029-01-01T00:00:00,M,96,-50.596373432238806,41600.0,1299.9999999999998,-0.0012162589767365098,51776.276632182155,2293.752983716405,0.0,0.02205833574557845,0.03892028725556832
BC,FA,2029-01-01T00:00:00,M,97,-31.01007550769964,41600.0,900.0,-0.0007454345073966259,51776.276632182155,2293.752983716405,0.0,0.01351936138191141,0.0344556394529996
BC,FA,2029-01-01T00:00:00,M,98,19.17684777177851,41600.0,700.0,0.0004609819175908296,51776.276632182155,2293.752983716405,0.0003703790426648585,0.0,0.0
BC,FA,2029-01-01T00:00:00,M,99,-41.89176644501498,41600.0,400.0,-0.0010070136164667062,51776.276632182155,2293.752983716405,0.0,0.018263416654892246,0.10472941611253744
BC,FA,2029-01-01T00:00:00,M,100,413.5824014504049,41600.0,700.0,0.009941884650250117,51776.276632182155,2293.752983716405,0.00798787453158302,0.0,0.0
BC,FA,2030-01-01T00:00:00,F,1,261.4184668240705,41400.0,20499.999999999996,0.006314455720388176,48421.688587489945,3272.5307058919757,0.005398788733931299,0.0,0.0
BC,FA,2030-01-01T00:00:00,F,2,202.74344708338322,41400.0,20700.0,0.004897184712159015,48421.688587489945,3272.5307058919757,0.0041870379368753215,0.0,0.0
BC,FA,2030-01-01T00:00:00,F,3,202.22686886733572,41400.0,21000.000000000004,0.004884706977471878,48421.688587489945,3272.5307058919757,0.004176369613834209,0.0,0.0
BC,FA,2030-01-01T00:00:00,F,4,201.88248524685696,41400.0,21300.0,0.004876388532532777,48421.688587489945,3272.5307058919757,0.004169257436821701,0.0,0.0
BC,FA,2030-01-01T00:00:00,F,5,301.710293993674,41400.0,21599.999999999996,0.007287688260716763,48421.688587489945,3272.5307058919757,0.006230891627179288,0.0,0.0
BC,FA,2030-01-01T00:00:00,F,6,301.5488091660154,41400.0,21999.999999999996,0.007283787661014865,48421.688587489945,3272.5307058919757,0.006227556658235221,0.0,0.0
BC,FA,2030-01-01T00:00:00,F,7,301.38018732491037,41400.0,22400.0,0.007279714669683825,48421.688587489945,3272.5307058919757,0.006224074296384077,0.0,0.0
BC,FA,2030-01-01T00:00:00,F,8,201.20978150896553,41400.0,22800.0,0.0048601396499750125,48421.688587489945,3272.5307058919757,0.004155364824698604,0.0,0.0
BC,FA,2030-01-01T00:00:00,F,9,201.24189960212607,41400.0,23400.0,0.004860915449326717,48421.688587489945,3272.5307058919757,0.004156028124432616,0.0,0.0
BC,FA,2030-01-01T00:00:00,F,10,301.2633116642319,41400.0,23900.0,0.007276891586092557,48421.688587489945,3272.5307058919757,0.006221660591614832,0.0,0.0
BC,FA,2030-01-01T00:00:00,F,11,201.30078277290886,41400.0,24499.999999999996,0.004862337748137895,48421.688587489945,3272.5307058919757,0.004157244173944735,0.0,0.0
BC,FA,2030-01-01T00:00:00,F,12,201.57378826188506,41400.0,25400.0,0.004868932083620412,48421.688587489945,3272.5307058919757,0.004162882256732429,0.0,0.0
BC,FA,2030-01-01T00:00:00,F,13,301.8414413125938,41400.0,26100.0,0.007290856070352508,48421.688587489945,3272.5307058919757,0.006233600068845524,0.0,0.0
BC,FA,2030-01-01T00:00:00,F,14,502.08768280918594,41400.0,26500.0,0.012127721806985167,48421.688587489945,3272.5307058919757,0.010369065958986476,0.0,0.0
BC,FA,2030-01-01T00:00:00,F,15,802.8371165857861,41400.0,27300.0,0.01939220088371464,48421.688587489945,3272.5307058919757,0.016580113994479825,0.0,0.0
BC,FA,2030-01-01T00:00:00,F,16,1504.1406066259187,41400.0,28800.0,0.036331898710770985,48421.688587489945,3272.5307058919757,0.031063365415441607,0.0,0.0
BC,FA,2030-01-01T00:00:00,F,17,1206.2096185436385,41400.0,30199.999999999996,0.029135498032455038,48421.688587489945,3272.5307058919757,0.024910523646118166,0.0,0.0
BC,FA,2030-01-01T00:00:00,F,18,1708.0029653361416,41400.0,31600.000000000004,0.04125611027381985,48421.688587489945,3272.5307058919757,0.03527351100633477,0.0,0.0
BC,FA,2030-01-01T00:00:00,F,19,3409.9890501296395,41400.0,34500.0,0.08236688526883187,48421.688587489945,3272.5307058919757,0.07042276198130422,0.0,0.0
BC,FA,2030-01-01T00:00:00,F,20,1812.7299513886173,41400.0,36600.0,0.04378574761808254,48421.688587489945,3272.5307058919757,0.03743632252958951,0.0,0.0
BC,FA,2030-01-01T00:00:00,F,21,514.6946456254882,41400.0,37100.0,0.012432237817040778,48421.688587489945,3272.5307058919757,0.01062942372807839,0.0,0.0
BC,FA,2030-01-01T00:00:00,F,22,-184.15435636686016,41400.0,36800.0,-0.004448172859102902,48421.688587489945,3272.5307058919757,0.0,0.05627276652753858,0.005004194466490765
BC,FA,2030-01-01T00:00:00,F,23,-83.61897757153201,41400.0,35900.0,-0.0020197820669452175,48421.688587489945,3272.5307058919757,0.0,0.025551777840000574,0.0023292194309618946
BC,FA,2030-01-01T00:00:00,F,24,16.550578510170453,41400.0,35000.0,0.000399772427781895,48421.688587489945,3272.5307058919757,0.00034180093658374406,0.0,0.0
BC,FA,2030-01-01T00:00:00,F,25,216.36142904148437,41400.0,34800.0,0.00522612147443199,48421.688587489945,3272.5307058919757,0.004468275174884809,0.0,0.0
BC,FA,2030-01-01T00:00:00,F,26,16.40871640865953,41400.0,34700.0,0.0003963458069724524,48421.688587489945,3272.5307058919757,0.0003388712142702687,0.0,0.0
BC,FA,2030-01-01T00:00:00,F,27,316.2365365249061,41400.0,34000.0,0.007638563684176476,48421.688587489945,3272.5307058919757,0.006530886174147339,0.0,0.0
BC,FA,2030-01-01T00:00:00,F,28,216.3900152555434,41400.0,33600.0,0.005226811962694285,48421.688587489945,3272.5307058919757,0.004468865534595363,0.0,0.0
BC,FA,2030-01-01T00:00:00,F,29,318.15575066918245,41400.0,36000.0,0.0076849215137483684,48421.688587489945,3272.5307058919757,0.006570521597864723,0.0,0.0
BC,FA,2030-01-01T00:00:00,F,30,219.687731994738,41400.0,37600.0,0.005306466956394637,48421.688587489945,3272.5307058919757,0.004536969659738296,0.0,0.0
BC,FA,2030-01-01T00:00:00,F,31,221.07609488831076,41400.0,38300.0,0.005340002291988183,48421.688587489945,3272.5307058919757,0.004565641995091993,0.0,0.0
BC,FA,2030-01-01T00:00:00,F,32,122.73037463321089,41400.0,38700.0,0.0029645018027345624,48421.688587489945,3272.5307058919757,0.002534615752019005,0.0,0.0
BC,FA,2030-01-01T00:00:00,F,33,124.17053325074085,41400.0,38800.0,0.002999288242771518,48421.688587489945,3272.5307058919757,0.0025643577676227737,0.0,0.0
BC,FA,2030-01-01T00:00:00,F,34,226.83398698067322,41400.0,40300.0,0.005479081811127372,48421.688587489945,3272.5307058919757,0.004684553422188528,0.0,0.0
BC,FA,2030-01-01T00:00:00,F,35,228.83721149832127,41400.0,40600.0,0.005527468876771045,48421.688587489945,3272.5307058919757,0.0047259238199603565,0.0,0.0
BC,FA,2030-01-01T00:00:00,F,36,231.7488317807656,41400.0,41099.99999999999,0.005597797869100619,48421.688587489945,3272.5307058919757,0.004786054318655864,0.0,0.0
BC,FA,2030-01-01T00:00:00,F,37,234.8906975377322,41400.0,41799.99999999999,0.005673688346322034,48421.688587489945,3272.5307058919757,0.004850939824482241,0.0,0.0
BC,FA,2030-01-01T00:00:00,F,38,138.30028893170675,41400.0,42600.00000000001,0.0033405866891716607,48421.688587489945,3272.5307058919757,0.0028561641067477665,0.0,0.0
BC,FA,2030-01-01T00:00:00,F,39,140.57488015657145,41400.0,43000.0,0.003395528506197378,48421.688587489945,3272.5307058919757,0.0029031387433458874,0.0,0.0
BC,FA,2030-01-01T00:00:00,F,40,142.78614472250774,41400.0,43300.0,0.00344894069378038,48421.688587489945,3272.5307058919757,0.002948805563947174,0.0,0.0
BC,FA,2030-01-01T00:00:00,F,41,43.712509853467054,41400.0,42600.0,0.0010558577259291559,48421.688587489945,3272.5307058919757,0.0009027464991123929,0.0,0.0
BC,FA,2030-01-01T00:00:00,F,42,144.59605363388255,41400.0,42100.0,0.0034926583003353274,48421.688587489945,3272.5307058919757,0.0029861836266329603,0.0,0.0
BC,FA,2030-01-01T00:00:00,F,43,245.32702484410402,41400.0,41499.99999999999,0.005925773546959034,48421.688587489945,3272.5307058919757,0.00506646984028322,0.0,0.0
BC,FA,2030-01-01T00:00:00,F,44,147.39826657603408,41400.0,41599.99999999999,0.003560344603285847,48421.688587489945,3272.5307058919757,0.003044054655584964,0.0,0.0
BC,FA,2030-01-01T00:00:00,F,45,148.78341113045462,41400.0,40899.99999999999,0.0035938022012187106,48421.688587489945,3272.5307058919757,0.003072660526111718,0.0,0.0
BC,FA,2030-01-01T00:00:00,F,46,150.82892909525253,41400.0,40500.00000000001,0.0036432108477114137,48421.688587489945,3272.5307058919757,0.003114904364037816,0.0,0.0
BC,FA,2030-01-01T00:00:00,F,47,152.6924475443666,41400.0,40000.0,0.003688223370636874,48421.688587489945,3272.5307058919757,0.003153389565679369,0.0,0.0
BC,FA,2030-01-01T00:00:00,F,48,55.19679366401397,41400.0,39400.0,0.0013332558856042022,48421.688587489945,3272.5307058919757,0.001139918810643758,0.0,0.0
BC,FA,2030-01-01T00:00:00,F,49,156.6268923271782,41400.0,38100.0,0.0037832582687724204,48421.688587489945,3272.5307058919757,0.003234643336408631,0.0,0.0
BC,FA,2030-01-01T00:00:00,F,50,59.57857949181198,41400.0,37300.0,0.0014390961229906276,48421.688587489945,3272.5307058919757,0.0012304110250959833,0.0,0.0
BC,FA,2030-01-01T00:00:00,F,51,61.311528943886515,41400.0,35600.0,0.001480954805407887,48421.688587489945,3272.5307058919757,0.0012661997285184875,0.0,0.0
BC,FA,2030-01-01T00:00:00,F,52,64.0360147359388,41400.0,34500.0,0.0015467636409647054,48421.688587489945,3272.5307058919757,0.0013224655439315457,0.0,0.0
BC,FA,2030-01-01T00:00:00,F,53,68.36337345343054,41400.0,34200.0,0.0016512892138509793,48421.688587489945,3272.5307058919757,0.0014118337349989206,0.0,0.0
BC,FA,2030-01-01T00:00:00,F,54,74.50617255980615,41400.0,34500.0,0.001799666003860052,48421.688587489945,3272.5307058919757,0.00153869422428724,0.0,0.0
BC,FA,2030-01-01T00:00:00,F,55,79.73019610521442,41400.0,34100.0,0.0019258501474689472,48421.688587489945,3272.5307058919757,0.001646580250111584,0.0,0.0
BC,FA,2030-01-01T00:00:00,F,56,186.17369699833944,41400.0,34100.0,0.00449694920285844,48421.688587489945,3272.5307058919757,0.003844841070793194,0.0,0.0
BC,FA,2030-01-01T00:00:00,F,57,94.28303371550282,41400.0,34300.0,0.00227736796414258,48421.688587489945,3272.5307058919757,0.0019471240360639025,0.0,0.0
BC,FA,2030-01-01T00:00:00,F,58,203.43721861799713,41400.0,34800.0,0.004913942478695583,48421.688587489945,3272.5307058919757,0.004201365639085879,0.0,0.0
BC,FA,2030-01-01T00:00:00,F,59,120.19738344915822,41400.0,37100.00000000001,0.0029033184408009233,48421.688587489945,3272.5307058919757,0.0024823046646128733,0.0,0.0
BC,FA,2030-01-01T00:00:00,F,60,131.48253417438536,41400.0,37200.00000000001,0.0031759066225696946,48421.688587489945,3272.5307058919757,0.002715364499047122,0.0,0.0
BC,FA,2030-01-01T00:00:00,F,61,142.72416759904445,41400.0,37100.0,0.0034474436618126677,48421.688587489945,3272.5307058919757,0.002947525618425421,0.0,0.0
BC,FA,2030-01-01T00:00:00,F,62,150.931690704645,41400.0,35900.00000000001,0.003645693012189493,48421.688587489945,3272.5307058919757,0.0031170265867935714,0.0,0.0
BC,FA,2030-01-01T00:00:00,F,63,160.9018257380958,41400.0,35000.00000000001,0.0038865175299056956,48421.688587489945,3272.5307058919757,0.0033229288451470033,0.0,0.0
BC,FA,2030-01-01T00:00:00,F,64,183.26905804604758,41400.0,36400.0,0.0044267888416919705,48421.688587489945,3272.5307058919757,0.0037848547498485277,0.0,0.0
BC,FA,2030-01-01T00:00:00,F,65,109.10366794653964,41400.0,37800.0,0.002635354298225595,48421.688587489945,3272.5307058919757,0.002253198331764235,0.0,0.0
BC,FA,2030-01-01T00:00:00,F,66,40.921107640744594,41400.0,39600.00000000001,0.0009884325517088067,48421.688587489945,3272.5307058919757,0.000845098732292389,0.0,0.0
BC,FA,2030-01-01T00:00:00,F,67,164.08289167918701,41400.0,39600.0,0.003963354871477948,48421.688587489945,3272.5307058919757,0.003388623909360709,0.0,0.0
BC,FA,2030-01-01T00:00:00,F,68,79.7086240613935,41400.0,38000.00000000001,0.0019253290836085384,48421.688587489945,3272.5307058919757,0.0016461347463621236,0.0,0.0
BC,FA,2030-01-01T00:00:00,F,69,209.19696488820773,41400.0,38200.00000000001,0.005053066784739317,48421.688587489945,3272.5307058919757,0.004320315358482874,0.0,0.0
BC,FA,2030-01-01T00:00:00,F,70,139.25929161212116,41400.0,37900.0,0.0033637510051236995,48421.688587489945,3272.5307058919757,0.0028759693367674025,0.0,0.0
BC,FA,2030-01-01T00:00:00,F,71,166.82297520450084,41400.0,37100.0,0.004029540463876832,48421.688587489945,3272.5307058919757,0.003445211847643013,0.0,0.0
BC,FA,2030-01-01T00:00:00,F,72,100.4150091168558,41400.0,36500.00000000001,0.002425483312001348,48421.688587489945,3272.5307058919757,0.002073760995249527,0.0,0.0
BC,FA,2030-01-01T00:00:00,F,73,129.0803486579025,41400.0,35300.0,0.003117882817823732,48421.688587489945,3272.5307058919757,0.0026657547975567964,0.0,0.0
BC,FA,2030-01-01T00:00:00,F,74,65.21795154211577,41400.0,34400.0,0.0015753128391815404,48421.688587489945,3272.5307058919757,0.0013468747878190527,0.0,0.0
BC,FA,2030-01-01T00:00:00,F,75,103.25994259664003,41400.0,33500.00000000001,0.002494201511996136,48421.688587489945,3272.5307058919757,0.0021325142845868843,0.0,0.0
BC,FA,2030-01-01T00:00:00,F,76,33.309997305463185,41400.0,31799.999999999996,0.000804589306895246,48421.688587489945,3272.5307058919757,0.0006879148224101594,0.0,0.0
BC,FA,2030-01-01T00:00:00,F,77,57.024289017168485,41400.0,29800.0,0.0013773982854388522,48421.688587489945,3272.5307058919757,0.0011776600668135535,0.0,0.0
BC,FA,2030-01-01T00:00:00,F,78,-13.72709191998365,41400.0,28000.0,-0.0003315722685986389,48421.688587489945,3272.5307058919757,0.0,0.004194641136680223,0.0004902532828565589
BC,FA,2030-01-01T00:00:00,F,79,122.46297683772718,41400.0,26700.000000000004,0.002958042918785681,48421.688587489945,3272.5307058919757,0.002529093478771541,0.0,0.0
BC,FA,2030-01-01T00:00:00,F,80,-121.97533914272572,41400.0,25699.999999999996,-0.0029462642305006213,48421.688587489945,3272.5307058919757,0.0,0.037272481178898385,0.004746122145631352
BC,FA,2030-01-01T00:00:00,F,81,-95.2570020610001,41400.0,23800.000000000004,-0.002300893769589374,48421.688587489945,3272.5307058919757,0.0,0.029108054475851408,0.004002395044579835
BC,FA,2030-01-01T00:00:00,F,82,-142.0345482328048,41400.0,22700.000000000004,-0.003430786189198184,48421.688587489945,3272.5307058919757,0.0,0.043402052111254745,0.006257028556511224
BC,FA,2030-01-01T00:00:00,F,83,-92.52204211865683,41400.0,21500.000000000004,-0.0022348319352332568,48421.688587489945,3272.5307058919757,0.0,0.02827232207541307,0.004303350796216596
BC,FA,2030-01-01T00:00:00,F,84,-82.73743915709565,41400.0,16900.0,-0.0019984888685288804,48421.688587489945,3272.5307058919757,0.0,0.025282402700800437,0.004895706458999742
BC,FA,2030-01-01T00:00:00,F,85,-79.39942881928073,41400.0,15000.000000000004,-0.0019178605994995346,48421.688587489945,3272.5307058919757,0.0,0.0242623938337163,0.005293295254618714
BC,FA,2030-01-01T00:00:00,F,86,-44.247849503273756,41400.0,13900.000000000002,-0.0010687886353447768,48421.688587489945,3272.5307058919757,0.0,0.013520988335910316,0.0031832985254153776
BC,FA,2030-01-01T00:00:00,F,87,-34.01692609418933,41400.0,12400.000000000002,-0.0008216648815021578,48421.688587489945,3272.5307058919757,0.0,0.010394685077498004,0.0027433004914668812
BC,FA,2030-01-01T00:00:00,F,88,-52.16712613223535,41400.0,10600.0,-0.0012600755104404675,48421.688587489945,3272.5307058919757,0.0,0.01594091265157937,0.0049214269936071085
BC,FA,2030-01-01T00:00:00,F,89,-42.59801097158561,41400.0,9400.0,-0.001028937463081778,48421.688587489945,3272.5307058919757,0.0,0.013016840726625024,0.004531703294849533
BC,FA,2030-01-01T00:00:00,F,90,-167.66981898490394,41400.0,7799.999999999999,-0.004049995627654685,48421.688587489945,3272.5307058919757,0.0,0.05123552200229183,0.02149613063909025
BC,FA,2030-01-01T00:00:00,F,91,-92.83824088799793,41400.0,6600.0,-0.0022424695866666167,48421.688587489945,3272.5307058919757,0.0,0.028368944169369838,0.01406640013454514
BC,FA,2030-01-01T00:00:00,F,92,-95.94169836173205,41400.0,5700.0,-0.0023174323275780687,48421.688587489945,3272.5307058919757,0.0,0.0293172798009184,0.016831876905567027
BC,FA,2030-01-01T00:00:00,F,93,-128.03516578866856,41400.0,4700.000000000001,-0.0030926368547987576,48421.688587489945,3272.5307058919757,0.0,0.0391242060947357,0.027241524635886923
BC,FA,2030-01-01T00:00:00,F,94,-69.0276458311182,41400.0,3900.0,-0.0016673344403651741,48421.688587489945,3272.5307058919757,0.0,0.02109304756311025,0.017699396366953387
BC,FA,2030-01-01T00:00:00,F,95,-132.93897660703442,41400.0,3000.0,-0.003211086391474261,48421.688587489945,3272.5307058919757,0.0,0.04062268273531752,0.0443129922023448
BC,FA,2030-01-01T00:00:00,F,96,-8.701533167743492,41400.0,2400.0,-0.0002101819605735143,48421.688587489945,3272.5307058919757,0.0,0.0026589615040362967,0.0036256388198931213
BC,FA,2030-01-01T00:00:00,F,97,-50.77442631392341,41400.0,1900.0,-0.0012264354182107105,48421.688587489945,3272.5307058919757,0.0,0.015515339924086092,0.026723382270486006
BC,FA,2030-01-01T00:00:00,F,98,-29.216544640315988,41400.0,1400.0000000000002,-0.0007057136386549755,48421.688587489945,3272.5307058919757,0.0,0.008927813752125695,0.02086896045736856
BC,FA,2030-01-01T00:00:00,F,99,-83.94403709322353,41400.0,1000.0000000000001,-0.0020276337462131287,48421.688587489945,3272.5307058919757,0.0,0.025651107548689406,0.08394403709322353
BC,FA,2030-01-01T00:00:00,F,100,1246.3384757342765,41400.0,2000.0000000000002,0.03010479409986175,48421.688587489945,3272.5307058919757,0.025739260899221843,0.0,0.0
BC,FA,2030-01-01T00:00:00,M,1,366.4063255498804,41400.0,21600.000000000004,0.008850394336953633,48421.688587489945,3272.5307058919757,0.007566987774245937,0.0,0.0
BC,FA,2030-01-01T00:00:00,M,2,204.35677158925319,41400.0,21900.0,0.004936153903122058,48421.688587489945,3272.5307058919757,0.004220356157551475,0.0,0.0
BC,FA,2030-01-01T00:00:00,M,3,303.0726707169961,41400.0,22299.999999999996,0.007320595911038553,48421.688587489945,3272.5307058919757,0.0062590272986741075,0.0,0.0
BC,FA,2030-01-01T00:00:00,M,4,202.15085583293694,41400.0,22600.0,0.004882870913839057,48421.688587489945,3272.5307058919757,0.004174799800045881,0.0,0.0
BC,FA,2030-01-01T00:00:00,M,5,301.7833552339798,41400.0,23000.000000000004,0.007289453024975358,48421.688587489945,3272.5307058919757,0.006232400480803296,0.0,0.0
BC,FA,2030-01-01T00:00:00,M,6,401.4114919642452,41400.0,23500.000000000004,0.009695929757590463,48421.688587489945,3272.5307058919757,0.008289911064108419,0.0,0.0
BC,FA,2030-01-01T00:00:00,M,7,301.241273359341,41400.0,24000.0,0.007276359259887464,48421.688587489945,3272.5307058919757,0.006221205458687135,0.0,0.0
BC,FA,2030-01-01T00:00:00,M,8,301.26746056101183,41400.0,24500.0,0.007276991800990624,48421.688587489945,3272.5307058919757,0.006221746274227335,0.0,0.0
BC,FA,2030-01-01T00:00:00,M,9,301.309360083691,41400.0,25300.0,0.007278003866755821,48421.688587489945,3272.5307058919757,0.006222611579091775,0.0,0.0
BC,FA,2030-01-01T00:00:00,M,10,301.35125960637015,41400.0,26100.0,0.0072790159325210185,48421.688587489945,3272.5307058919757,0.006223476883956215,0.0,0.0
BC,FA,2030-01-01T00:00:00,M,11,301.372209367717,41400.0,26500.000000000004,0.007279521965403792,48421.688587489945,3272.5307058919757,0.006223909536388585,0.0,0.0
BC,FA,2030-01-01T00:00:00,M,12,201.87850004192296,41400.0,27100.0,0.004876292271544033,48421.688587489945,3272.5307058919757,0.00416917513475727,0.0,0.0
BC,FA,2030-01-01T00:00:00,M,13,302.1761647568783,41400.0,28000.0,0.007298941177702374,48421.688587489945,3272.5307058919757,0.006240512744839457,0.0,0.0
BC,FA,2030-01-01T00:00:00,M,14,502.93298895460975,41400.0,28500.0,0.012148139829821492,48421.688587489945,3272.5307058919757,0.010386523139231161,0.0,0.0
BC,FA,2030-01-01T00:00:00,M,15,904.036371987324,41400.0,29800.0,0.021836627342688986,48421.688587489945,3272.5307058919757,0.018670071167672733,0.0,0.0
BC,FA,2030-01-01T00:00:00,M,16,1306.1384205081486,41400.0,30600.0,0.03154923721034175,48421.688587489945,3272.5307058919757,0.026974243538578243,0.0,0.0
BC,FA,2030-01-01T00:00:00,M,17,1209.0820447546284,41400.0,31800.000000000004,0.029204880308082812,48421.688587489945,3272.5307058919757,0.024969844712664616,0.0,0.0
BC,FA,2030-01-01T00:00:00,M,18,1712.2562179161869,41400.0,32900.0,0.04135884584338616,48421.688587489945,3272.5307058919757,0.03536134876466409,0.0,0.0
BC,FA,2030-01-01T00:00:00,M,19,3616.0721274860625,41400.0,35900.0,0.0873447373788904,48421.688587489945,3272.5307058919757,0.07467876963754416,0.0,0.0
BC,FA,2030-01-01T00:00:00,M,20,2321.805210134713,41400.0,38500.0,0.0560822514525293,48421.688587489945,3272.5307058919757,0.04794969522674941,0.0,0.0
BC,FA,2030-01-01T00:00:00,M,21,827.0827669341161,41400.0,39100.0,0.01997784461193517,48421.688587489945,3272.5307058919757,0.017080832805731565,0.0,0.0
BC,FA,2030-01-01T00:00:00,M,22,-68.74211837483017,41400.0,38400.0,-0.0016604376419041104,48421.688587489945,3272.5307058919757,0.0,0.02100579782217613,0.001790159332677869
BC,FA,2030-01-01T00:00:00,M,23,-265.95239689240407,41400.0,37200.0,-0.00642397093943005,48421.688587489945,3272.5307058919757,0.0,0.0812681135164215,0.007149257980978604
BC,FA,2030-01-01T00:00:00,M,24,-164.18936897823005,41400.0,36100.0,-0.003965926786913769,48421.688587489945,3272.5307058919757,0.0,0.0501719872888031,0.004548181966155957
BC,FA,2030-01-01T00:00:00,M,25,-63.11875847729243,41400.0,35400.0,-0.001524607692688223,48421.688587489945,3272.5307058919757,0.0,0.019287445756781218,0.0017830157761947014
BC,FA,2030-01-01T00:00:00,M,26,38.52283571053704,41400.0,35300.0,0.0009305032780322956,48421.688587489945,3272.5307058919757,0.0007955698538049262,0.0,0.0
BC,FA,2030-01-01T00:00:00,M,27,239.8737815003915,41400.0,34800.0,0.0057940526932461715,48421.688587489945,3272.5307058919757,0.004953849989493436,0.0,0.0
BC,FA,2030-01-01T00:00:00,M,28,141.26054655981716,41400.0,34100.0,0.003412090496613941,48421.688587489945,3272.5307058919757,0.002917299059172272,0.0,0.0
BC,FA,2030-01-01T00:00:00,M,29,146.77529272114043,41400.0,36300.0,0.0035452969256314112,48421.688587489945,3272.5307058919757,0.0030311890601655055,0.0,0.0
BC,FA,2030-01-01T00:00:00,M,30,152.8332844436518,41400.0,38400.0,0.003691625228107531,48421.688587489945,3272.5307058919757,0.0031562981156162584,0.0,0.0
BC,FA,2030-01-01T00:00:00,M,31,258.18263189175195,41400.0,39400.0,0.006236295456322511,48421.688587489945,3272.5307058919757,0.005331962585841236,0.0,0.0
BC,FA,2030-01-01T00:00:00,M,32,63.24401888304419,41400.0,39800.0,0.0015276333063537243,48421.688587489945,3272.5307058919757,0.0013061093226596748,0.0,0.0
BC,FA,2030-01-01T00:00:00,M,33,68.58399691081286,41400.0,40700.0,0.0016566182828698759,48421.688587489945,3272.5307058919757,0.0014163900291682924,0.0,0.0
BC,FA,2030-01-01T00:00:00,M,34,273.7407677384981,41400.0,41600.0,0.006612095839094157,48421.688587489945,3272.5307058919757,0.0056532676931308175,0.0,0.0
BC,FA,2030-01-01T00:00:00,M,35,178.29928417782503,41400.0,42400.0,0.0043067459946334544,48421.688587489945,3272.5307058919757,0.003682219463612217,0.0,0.0
BC,FA,2030-01-01T00:00:00,M,36,181.6502310904616,41400.0,42800.00000000001,0.004387686741315498,48421.688587489945,3272.5307058919757,0.0037514228931163733,0.0,0.0
BC,FA,2030-01-01T00:00:00,M,37,184.47723972079257,41400.0,43100.00000000001,0.004455971973932188,48421.688587489945,3272.5307058919757,0.0038098060002073834,0.0,0.0
BC,FA,2030-01-01T00:00:00,M,38,188.29554853690206,41400.0,43499.99999999999,0.004548201655480726,48421.688587489945,3272.5307058919757,0.0038886613422554088,0.0,0.0
BC,FA,2030-01-01T00:00:00,M,39,92.34107598417177,41400.0,43700.0,0.0022304607725645354,48421.688587489945,3272.5307058919757,0.0019070189140002168,0.0,0.0
BC,FA,2030-01-01T00:00:00,M,40,96.59812805779802,41400.0,43900.0,0.0023332881173381164,48421.688587489945,3272.5307058919757,0.001994935139101175,0.0,0.0
BC,FA,2030-01-01T00:00:00,M,41,199.20857659378817,41400.0,43300.0,0.004811801366999715,48421.688587489945,3272.5307058919757,0.004114036135560439,0.0,0.0
BC,FA,2030-01-01T00:00:00,M,42,201.22208389752632,41400.0,42100.0,0.004860436809118993,48421.688587489945,3272.5307058919757,0.004155618892429814,0.0,0.0
BC,FA,2030-01-01T00:00:00,M,43,205.34549319903454,41400.0,41700.00000000001,0.00496003606760953,48421.688587489945,3272.5307058919757,0.0042407751400079605,0.0,0.0
BC,FA,2030-01-01T00:00:00,M,44,211.3291866672298,41400.0,41900.00000000001,0.00510456972626159,48421.688587489945,3272.5307058919757,0.004364349795141759,0.0,0.0
BC,FA,2030-01-01T00:00:00,M,45,115.12997029670805,41400.0,41200.00000000001,0.002780917156925315,48421.688587489945,3272.5307058919757,0.002377652941381574,0.0,0.0
BC,FA,2030-01-01T00:00:00,M,46,118.60023047486175,41400.0,40299.99999999999,0.002864739866542554,48421.688587489945,3272.5307058919757,0.0024493204168328587,0.0,0.0
BC,FA,2030-01-01T00:00:00,M,47,221.52760697573103,41400.0,39299.99999999999,0.005350908381056305,48421.688587489945,3272.5307058919757,0.004574966578777348,0.0,0.0
BC,FA,2030-01-01T00:00:00,M,48,125.4220356683727,41400.0,38400.0,0.0030295177697674566,48421.688587489945,3272.5307058919757,0.0025902036737474763,0.0,0.0
BC,FA,2030-01-01T00:00:00,M,49,28.328362230487983,41400.0,37100.0,0.0006842599572581638,48421.688587489945,3272.5307058919757,0.0005850345796864011,0.0,0.0
BC,FA,2030-01-01T00:00:00,M,50,130.3808619390402,41400.0,35800.0,0.00314929618210242,48421.688587489945,3272.5307058919757,0.0026926128712645705,0.0,0.0
BC,FA,2030-01-01T00:00:00,M,51,31.726367746094184,41400.0,34100.0,0.0007663373851713571,48421.688587489945,3272.5307058919757,0.0006552098588790416,0.0,0.0
BC,FA,2030-01-01T00:00:00,M,52,134.60252335076075,41400.0,33000.0,0.0032512686799700662,48421.688587489945,3272.5307058919757,0.002779798211860298,0.0,0.0
BC,FA,2030-01-01T00:00:00,M,53,41.81327573121234,41400.0,32699.999999999996,0.0010099825055848392,48421.688587489945,3272.5307058919757,0.0008635237008652167,0.0,0.0
BC,FA,2030-01-01T00:00:00,M,54,47.66228740528095,41400.0,32100.0,0.0011512629808038877,48421.688587489945,3272.5307058919757,0.0009843169206948063,0.0,0.0
BC,FA,2030-01-01T00:00:00,M,55,56.255381421338825,41400.0,31899.999999999996,0.00135882563819659,48421.688587489945,3272.5307058919757,0.0011617806619794908,0.0,0.0
BC,FA,2030-01-01T00:00:00,M,56,164.2468811678009,41400.0,31600.0,0.003967315970236736,48421.688587489945,3272.5307058919757,0.0033920106043190557,0.0,0.0
BC,FA,2030-01-01T00:00:00,M,57,175.02132532015457,41400.0,31600.0,0.004227568244448178,48421.688587489945,3272.5307058919757,0.0036145233763155557,0.0,0.0
BC,FA,2030-01-01T00:00:00,M,58,90.45085350794034,41400.0,32100.0,0.0021848032248294766,48421.688587489945,3272.5307058919757,0.0018679822233896423,0.0,0.0
BC,FA,2030-01-01T00:00:00,M,59,115.0709892503437,41400.0,33899.99999999999,0.0027794924939696544,48421.688587489945,3272.5307058919757,0.0023764348705524706,0.0,0.0
BC,FA,2030-01-01T00:00:00,M,60,131.21136650833068,41400.0,33999.99999999999,0.0031693566789451856,48421.688587489945,3272.5307058919757,0.0027097643707995342,0.0,0.0
BC,FA,2030-01-01T00:00:00,M,61,144.27927752392134,41400.0,33500.0,0.0034850067034763606,48421.688587489945,3272.5307058919757,0.002979641597240721,0.0,0.0
BC,FA,2030-01-01T00:00:00,M,62,156.25340599193805,41400.0,32699.999999999996,0.0037742368597086487,48421.688587489945,3272.5307058919757,0.0032269301329633333,0.0,0.0
BC,FA,2030-01-01T00:00:00,M,63,272.4055463061377,41400.0,32400.0,0.0065798441136748235,48421.688587489945,3272.5307058919757,0.005625692830062011,0.0,0.0
BC,FA,2030-01-01T00:00:00,M,64,205.15916568606917,41400.0,33600.0,0.004955535403045149,48421.688587489945,3272.5307058919757,0.004236927122344787,0.0,0.0
BC,FA,2030-01-01T00:00:00,M,65,145.961007521204,41400.0,35200.0,0.003525628200995266,48421.688587489945,3272.5307058919757,0.0030143725214678693,0.0,0.0
BC,FA,2030-01-01T00:00:00,M,66,287.5831059093762,41400.0,36599.99999999999,0.006946451833559811,48421.688587489945,3272.5307058919757,0.005939138313810789,0.0,0.0
BC,FA,2030-01-01T00:00:00,M,67,226.58315612461593,41400.0,37099.99999999999,0.005473023094797486,48421.688587489945,3272.5307058919757,0.004679373287761698,0.0,0.0
BC,FA,2030-01-01T00:00:00,M,68,143.9225523789646,41400.0,35499.99999999999,0.003476390154081271,48421.688587489945,3272.5307058919757,0.0029722745442658503,0.0,0.0
BC,FA,2030-01-01T00:00:00,M,69,179.18529860905255,41400.0,35300.0,0.0043281473093974045,48421.688587489945,3272.5307058919757,0.003700517347413329,0.0,0.0
BC,FA,2030-01-01T00:00:00,M,70,210.7523261519309,41400.0,34600.0,0.005090635897389635,48421.688587489945,3272.5307058919757,0.004352436527923566,0.0,0.0
BC,FA,2030-01-01T00:00:00,M,71,236.92139269584004,41400.0,33400.0,0.005722738954005798,48421.688587489945,3272.5307058919757,0.004892877543247226,0.0,0.0
BC,FA,2030-01-01T00:00:00,M,72,180.48081556813122,41400.0,33000.0,0.004359439989568387,48421.688587489945,3272.5307058919757,0.003727272237564214,0.0,0.0
BC,FA,2030-01-01T00:00:00,M,73,103.46110800276801,41400.0,31300.0,0.002499060579777005,48421.688587489945,3272.5307058919757,0.002136668732975534,0.0,0.0
BC,FA,2030-01-01T00:00:00,M,74,143.5295790451928,41400.0,30500.0,0.0034668980445698746,48421.688587489945,3272.5307058919757,0.0029641588972234767,0.0,0.0
BC,FA,2030-01-01T00:00:00,M,75,175.50537496823017,41400.0,29199.999999999996,0.004239260264933096,48421.688587489945,3272.5307058919757,0.0036245199225368014,0.0,0.0
BC,FA,2030-01-01T00:00:00,M,76,93.62417464141254,41400.0,27200.0,0.002261453493753926,48421.688587489945,3272.5307058919757,0.0019335173425901744,0.0,0.0
BC,FA,2030-01-01T00:00:00,M,77,126.45246931663132,41400.0,25900.0,0.0030544074714162154,48421.688587489945,3272.5307058919757,0.0026114840891629113,0.0,0.0
BC,FA,2030-01-01T00:00:00,M,78,54.21082915513034,41400.0,24300.0,0.0013094403177567715,48421.688587489945,3272.5307058919757,0.0011195567675666737,0.0,0.0
BC,FA,2030-01-01T00:00:00,M,79,88.06910278007854,41400.0,22999.999999999996,0.0021272730140115587,48421.688587489945,3272.5307058919757,0.0018187945391650749,0.0,0.0
BC,FA,2030-01-01T00:00:00,M,80,36.955491650285694,41400.0,22000.0,0.0008926447258523115,48421.688587489945,3272.5307058919757,0.0007632012168165772,0.0,0.0
BC,FA,2030-01-01T00:00:00,M,81,56.319304099000874,41400.0,20300.0,0.0013603696642270743,48421.688587489945,3272.5307058919757,0.001163100786897203,0.0,0.0
BC,FA,2030-01-01T00:00:00,M,82,16.796545066343242,41400.0,19499.999999999996,0.00040571364894548896,48421.688587489945,3272.5307058919757,0.000346880613962784,0.0,0.0
BC,FA,2030-01-01T00:00:00,M,83,52.01742688714148,41400.0,18199.999999999996,0.0012564595866459295,48421.688587489945,3272.5307058919757,0.001074258837404124,0.0,0.0
BC,FA,2030-01-01T00:00:00,M,84,30.48457331438658,41400.0,14200.0,0.0007363423505890478,48421.688587489945,3272.5307058919757,0.000629564441134803,0.0,0.0
BC,FA,2030-01-01T00:00:00,M,85,13.096236647632395,41400.0,12399.999999999998,0.0003163342185418453,48421.688587489945,3272.5307058919757,0.00027046220463728093,0.0,0.0
BC,FA,2030-01-01T00:00:00,M,86,-62.66045600686448,41400.0,11299.999999999998,-0.0015135375847068714,48421.688587489945,3272.5307058919757,0.0,0.019147400479405267,0.00554517309795261
BC,FA,2030-01-01T00:00:00,M,87,-72.58024068289706,41400.0,9900.0,-0.0017531459102149048,48421.688587489945,3272.5307058919757,0.0,0.022178627858929212,0.007331337442716875
BC,FA,2030-01-01T00:00:00,M,88,-120.60602310285867,41400.0,8200.0,-0.002913188963837166,48421.688587489945,3272.5307058919757,0.0,0.03685405392399084,0.014708051597909595
BC,FA,2030-01-01T00:00:00,M,89,-61.50567723769382,41400.0,6900.0,-0.001485644377722073,48421.688587489945,3272.5307058919757,0.0,0.018794530216922612,0.008913866266332436
BC,FA,2030-01-01T00:00:00,M,90,-89.93384841026636,41400.0,5800.0,-0.0021723151789919412,48421.688587489945,3272.5307058919757,0.0,0.027481437606787434,0.015505835932804546
BC,FA,2030-01-01T00:00:00,M,91,-135.13853661928897,41400.0,4700.0,-0.003264215860369299,48421.688587489945,3272.5307058919757,0.0,0.041294810886260275,0.028752880131763612
BC,FA,2030-01-01T00:00:00,M,92,-3.2660414898646195,41400.0,3800.0,-7.888989105953187e-05,48421.688587489945,3272.5307058919757,0.0,0.000998017064892417,0.0008594846025959525
BC,FA,2030-01-01T00:00:00,M,93,-54.90661516300452,41400.0,2999.9999999999995,-0.001326246743067742,48421.688587489945,3272.5307058919757,0.0,0.016778029023272044,0.01830220505433484
BC,FA,2030-01-01T00:00:00,M,94,-95.30278859942155,41400.0,2399.9999999999995,-0.002301999724623709,48421.688587489945,3272.5307058919757,0.0,0.029122045647374726,0.03970949524975899
BC,FA,2030-01-01T00:00:00,M,95,9.21195178501921,41400.0,1800.0,0.00022251091268162343,48421.688587489945,3272.5307058919757,0.00019024433169807252,0.0,0.0
BC,FA,2030-01-01T00:00:00,M,96,-55.956127112768854,41400.0,1299.9999999999998,-0.0013515972732552864,48421.688587489945,3272.5307058919757,0.0,0.017098732492264637,0.04304317470212989
BC,FA,2030-01-01T00:00:00,M,97,-12.961098124879186,41400.0,1000.0000000000001,-0.00031307000301640547,48421.688587489945,3272.5307058919757,0.0,0.003960573418468949,0.012961098124879184
BC,FA,2030-01-01T00:00:00,M,98,15.973190884188512,41400.0,700.0,0.00038582586676783845,48421.688587489945,3272.5307058919757,0.0003298767835270265,0.0,0.0
BC,FA,2030-01-01T00:00:00,M,99,-18.16638485152555,41400.0,500.0,-0.0004388015664619698,48421.688587489945,3272.5307058919757,0.0,0.005551173230802135,0.0363327697030511
BC,FA,2030-01-01T00:00:00,M,100,412.00968785817327,41400.0,699.9999999999998,0.009951924827492109,48421.688587489945,3272.5307058919757,0.008508783974225522,0.0,0.0
BC,FA,2031-01-01T00:00:00,F,1,260.13068939591903,41200.0,20400.0,0.006313851684366967,44927.933288380555,4317.321500708357,0.005789954497265849,0.0,0.0
BC,FA,2031-01-01T00:00:00,F,2,202.6990949471765,41200.0,20700.0,0.004919880945319818,44927.933288380555,4317.321500708357,0.004511649660047892,0.0,0.0
BC,FA,2031-01-01T00:00:00,F,3,202.1803340673614,41200.0,20900.000000000004,0.0049072896618291605,44927.933288380555,4317.321500708357,0.00450010314896123,0.0,0.0
BC,FA,2031-01-01T00:00:00,F,4,201.84327308587672,41200.0,21200.0,0.004899108570045552,44927.933288380555,4317.321500708357,0.004492600890192255,0.0,0.0
BC,FA,2031-01-01T00:00:00,F,5,201.68264294542314,41200.0,21499.999999999996,0.004895209780228717,44927.933288380555,4317.321500708357,0.004489025605760128,0.0,0.0
BC,FA,2031-01-01T00:00:00,F,6,201.5167467161118,41200.0,21800.0,0.004891183172721161,44927.933288380555,4317.321500708357,0.004485333109418343,0.0,0.0
BC,FA,2031-01-01T00:00:00,F,7,201.35172863831758,41200.0,22200.0,0.004887177879570815,44927.933288380555,4317.321500708357,0.00448166015885694,0.0,0.0
BC,FA,2031-01-01T00:00:00,F,8,101.1796890056612,41200.0,22499.999999999996,0.002455817694312165,44927.933288380555,4317.321500708357,0.0022520441426988297,0.0,0.0
BC,FA,2031-01-01T00:00:00,F,9,201.2007548807669,41200.0,23000.0,0.004883513467979779,44927.933288380555,4317.321500708357,0.004478299804918965,0.0,0.0
BC,FA,2031-01-01T00:00:00,F,10,301.23235369341637,41200.0,23700.0,0.007311464895471271,44927.933288380555,4317.321500708357,0.006704789907870575,0.0,0.0
BC,FA,2031-01-01T00:00:00,F,11,201.25868603729396,41200.0,24100.0,0.00488491956401199,44927.933288380555,4317.321500708357,0.004479589228942884,0.0,0.0
BC,FA,2031-01-01T00:00:00,F,12,201.50533416539474,41200.0,24699.999999999996,0.004890906169062979,44927.933288380555,4317.321500708357,0.004485079090373135,0.0,0.0
BC,FA,2031-01-01T00:00:00,F,13,301.783581786538,41200.0,25700.000000000004,0.007324844218119854,44927.933288380555,4317.321500708357,0.006717059069899093,0.0,0.0
BC,FA,2031-01-01T00:00:00,F,14,402.06183008805965,41200.0,26500.0,0.009758782283690768,44927.933288380555,4317.321500708357,0.008949039064568825,0.0,0.0
BC,FA,2031-01-01T00:00:00,F,15,802.7912489268092,41200.0,27300.0,0.019485224488514787,44927.933288380555,4317.321500708357,0.017868421495685186,0.0,0.0
BC,FA,2031-01-01T00:00:00,F,16,1504.0736683839532,41200.0,28799.999999999996,0.03650664243650372,44927.933288380555,4317.321500708357,0.03347747288373362,0.0,0.0
BC,FA,2031-01-01T00:00:00,F,17,1206.0671055494786,41200.0,30000.0,0.029273473435666955,44927.933288380555,4317.321500708357,0.026844482202376233,0.0,0.0
BC,FA,2031-01-01T00:00:00,F,18,1607.952601203935,41200.0,31800.0,0.03902797575737706,44927.933288380555,4317.321500708357,0.035789596438432,0.0,0.0
BC,FA,2031-01-01T00:00:00,F,19,3209.9855910570514,41200.0,34800.0,0.07791227162759834,44927.933288380555,4317.321500708357,0.0714474349499453,0.0,0.0
BC,FA,2031-01-01T00:00:00,F,20,1812.4162314517307,41200.0,36300.0,0.043990685229410936,44927.933288380555,4317.321500708357,0.04034052089194286,0.0,0.0
BC,FA,2031-01-01T00:00:00,F,21,514.4571461394444,41200.0,37100.0,0.012486823935423406,44927.933288380555,4317.321500708357,0.01145071915143035,0.0,0.0
BC,FA,2031-01-01T00:00:00,F,22,-384.36831798392086,41200.0,36700.0,-0.009329328106405846,44927.933288380555,4317.321500708357,0.0,0.08902934792344194,0.010473251171224001
BC,FA,2031-01-01T00:00:00,F,23,-183.5255792788812,41200.0,36600.0,-0.0044545043514291555,44927.933288380555,4317.321500708357,0.0,0.04250912961862339,0.005014360089586918
BC,FA,2031-01-01T00:00:00,F,24,-83.2981900261002,41200.0,35800.0,-0.00202180072878884,44927.933288380555,4317.321500708357,0.0,0.019293951125120792,0.0023267650845279386
BC,FA,2031-01-01T00:00:00,F,25,216.28310164586583,41200.0,35200.0,0.005249589845773442,44927.933288380555,4317.321500708357,0.004814000685444434,0.0,0.0
BC,FA,2031-01-01T00:00:00,F,26,16.190055350743933,41200.0,34800.0,0.00039296250851320226,44927.933288380555,4317.321500708357,0.00036035611179406445,0.0,0.0
BC,FA,2031-01-01T00:00:00,F,27,116.44814726149343,41200.0,34800.0,0.002826411341298384,44927.933288380555,4317.321500708357,0.002591887468182511,0.0,0.0
BC,FA,2031-01-01T00:00:00,F,28,116.4148110720489,41200.0,34100.0,0.0028256022104866238,44927.933288380555,4317.321500708357,0.0025911454756846466,0.0,0.0
BC,FA,2031-01-01T00:00:00,F,29,216.8116166004911,41200.0,33800.0,0.005262417878652697,44927.933288380555,4317.321500708357,0.004825764301438807,0.0,0.0
BC,FA,2031-01-01T00:00:00,F,30,218.6445076126838,41200.0,36200.0,0.005306905524579704,44927.933288380555,4317.321500708357,0.0048665605472938715,0.0,0.0
BC,FA,2031-01-01T00:00:00,F,31,220.46338774879405,41200.0,37800.0,0.005351053100698885,44927.933288380555,4317.321500708357,0.004907044940921224,0.0,0.0
BC,FA,2031-01-01T00:00:00,F,32,122.18926069949521,41200.0,38400.0,0.0029657587548421165,44927.933288380555,4317.321500708357,0.0027196724121538057,0.0,0.0
BC,FA,2031-01-01T00:00:00,F,33,123.77996725589037,41200.0,38800.0,0.0030043681372788926,44927.933288380555,4317.321500708357,0.002755078148406681,0.0,0.0
BC,FA,2031-01-01T00:00:00,F,34,225.54452852599934,41200.0,39000.0,0.00547438176033979,44927.933288380555,4317.321500708357,0.005020140300651902,0.0,0.0
BC,FA,2031-01-01T00:00:00,F,35,228.30105273654772,41200.0,40500.0,0.005541287687780285,44927.933288380555,4317.321500708357,0.0050814946521386475,0.0,0.0
BC,FA,2031-01-01T00:00:00,F,36,231.00677236315096,41200.0,40799.99999999999,0.0056069604942512365,44927.933288380555,4317.321500708357,0.005141718201911925,0.0,0.0
BC,FA,2031-01-01T00:00:00,F,37,133.91444133390905,41200.0,41200.0,0.0032503505178133264,44927.933288380555,4317.321500708357,0.002980649932734443,0.0,0.0
BC,FA,2031-01-01T00:00:00,F,38,37.06093439826509,41200.0,41799.99999999999,0.0008995372426763371,44927.933288380555,4317.321500708357,0.0008248973786615273,0.0,0.0
BC,FA,2031-01-01T00:00:00,F,39,139.64029052537808,41200.0,42700.0,0.003389327439936361,44927.933288380555,4317.321500708357,0.00310809512712423,0.0,0.0
BC,FA,2031-01-01T00:00:00,F,40,41.90013806555362,41200.0,43000.0,0.0010169936423678064,44927.933288380555,4317.321500708357,0.0009326077341819327,0.0,0.0
BC,FA,2031-01-01T00:00:00,F,41,143.7131275918946,41200.0,43399.99999999999,0.003488182708541131,44927.933288380555,4317.321500708357,0.003198747796152517,0.0,0.0
BC,FA,2031-01-01T00:00:00,F,42,144.50254300553206,41200.0,42700.0,0.0035073432768333024,44927.933288380555,4317.321500708357,0.0032163185000745158,0.0,0.0
BC,FA,2031-01-01T00:00:00,F,43,145.45876151236007,41200.0,42200.00000000001,0.0035305524638922347,44927.933288380555,4317.321500708357,0.003237601885194644,0.0,0.0
BC,FA,2031-01-01T00:00:00,F,44,46.63275931349199,41200.0,41500.0,0.0011318630901333007,44927.933288380555,4317.321500708357,0.0010379457923018315,0.0,0.0
BC,FA,2031-01-01T00:00:00,F,45,48.93666429628502,41200.0,41599.99999999999,0.0011877831139875004,44927.933288380555,4317.321500708357,0.0010892258048500357,0.0,0.0
BC,FA,2031-01-01T00:00:00,F,46,150.62702084765624,41200.0,40999.99999999999,0.0036559956516421417,44927.933288380555,4317.321500708357,0.0033526363182748943,0.0,0.0
BC,FA,2031-01-01T00:00:00,F,47,152.6211587721482,41200.0,40600.00000000001,0.0037043970575764123,44927.933288380555,4317.321500708357,0.0033970215765882937,0.0,0.0
BC,FA,2031-01-01T00:00:00,F,48,55.13255155643128,41200.0,39999.99999999999,0.0013381687270978466,44927.933288380555,4317.321500708357,0.0012271330444369648,0.0,0.0
BC,FA,2031-01-01T00:00:00,F,49,157.7652227411454,41200.0,39500.0,0.003829252979154015,44927.933288380555,4317.321500708357,0.0035115174724039064,0.0,0.0
BC,FA,2031-01-01T00:00:00,F,50,59.87398153120739,41200.0,38100.0,0.0014532519789128007,44927.933288380555,4317.321500708357,0.001332667166034371,0.0,0.0
BC,FA,2031-01-01T00:00:00,F,51,63.20242013999814,41200.0,37300.00000000001,0.0015340393237863626,44927.933288380555,4317.321500708357,0.0014067511125944404,0.0,0.0
BC,FA,2031-01-01T00:00:00,F,52,65.01130250824644,41200.0,35600.0,0.0015779442356370495,44927.933288380555,4317.321500708357,0.0014470129772263514,0.0,0.0
BC,FA,2031-01-01T00:00:00,F,53,67.85020209859067,41200.0,34500.00000000001,0.0016468495654997737,44927.933288380555,4317.321500708357,0.0015102008290271917,0.0,0.0
BC,FA,2031-01-01T00:00:00,F,54,172.66663748835708,41200.0,34300.0,0.0041909378031154635,44927.933288380555,4317.321500708357,0.003843191191993085,0.0,0.0
BC,FA,2031-01-01T00:00:00,F,55,179.3641924650874,41200.0,34600.0,0.004353499817113772,44927.933288380555,4317.321500708357,0.003992264485299066,0.0,0.0
BC,FA,2031-01-01T00:00:00,F,56,185.03321894122928,41200.0,34200.0,0.0044910975471172156,44927.933288380555,4317.321500708357,0.004118444927202635,0.0,0.0
BC,FA,2031-01-01T00:00:00,F,57,92.22183175341343,41200.0,34100.0,0.002238393974597413,44927.933288380555,4317.321500708357,0.002052661340139236,0.0,0.0
BC,FA,2031-01-01T00:00:00,F,58,200.59654064416827,41200.0,34400.0,0.0048688480738875795,44927.933288380555,4317.321500708357,0.004464851284313302,0.0,0.0
BC,FA,2031-01-01T00:00:00,F,59,110.92865142947994,41200.0,34800.0,0.0026924429958611637,44927.933288380555,4317.321500708357,0.0024690352595891332,0.0,0.0
BC,FA,2031-01-01T00:00:00,F,60,129.01627247453143,41200.0,37100.00000000001,0.0031314629241391127,44927.933288380555,4317.321500708357,0.002871627137763271,0.0,0.0
BC,FA,2031-01-01T00:00:00,F,61,140.80374246164865,41200.0,37200.00000000001,0.003417566564603123,44927.933288380555,4317.321500708357,0.003133991086522199,0.0,0.0
BC,FA,2031-01-01T00:00:00,F,62,153.46525156618736,41200.0,37100.0,0.0037248847467521206,44927.933288380555,4317.321500708357,0.003415809282415338,0.0,0.0
BC,FA,2031-01-01T00:00:00,F,63,162.38290011652134,41200.0,35900.0,0.0039413325271000325,44927.933288380555,4317.321500708357,0.0036142971250030203,0.0,0.0
BC,FA,2031-01-01T00:00:00,F,64,173.3851103589841,41200.0,34999.99999999999,0.0042083764650238855,44927.933288380555,4317.321500708357,0.0038591828661708252,0.0,0.0
BC,FA,2031-01-01T00:00:00,F,65,97.59829960727075,41200.0,36300.00000000001,0.0023688907671667657,44927.933288380555,4317.321500708357,0.00217233005090203,0.0,0.0
BC,FA,2031-01-01T00:00:00,F,66,25.13692072242702,41200.0,37599.99999999999,0.0006101194350103645,44927.933288380555,4317.321500708357,0.0005594942585290928,0.0,0.0
BC,FA,2031-01-01T00:00:00,F,67,59.18644986589061,41200.0,39400.00000000001,0.0014365643171332671,44927.933288380555,4317.321500708357,0.0013173641771142331,0.0,0.0
BC,FA,2031-01-01T00:00:00,F,68,-14.694769244495546,41200.0,39300.0,-0.0003566691564197948,44927.933288380555,4317.321500708357,0.0,0.0034036773129090636,0.00037391270342227855
BC,FA,2031-01-01T00:00:00,F,69,201.85430343575717,41200.0,37900.00000000001,0.004899376296984398,44927.933288380555,4317.321500708357,0.0044928464022617656,0.0,0.0
BC,FA,2031-01-01T00:00:00,F,70,134.69814404811768,41200.0,38000.00000000001,0.003269372428352371,44927.933288380555,4317.321500708357,0.002998093484147731,0.0,0.0
BC,FA,2031-01-01T00:00:00,F,71,166.7554736704842,41200.0,37700.0,0.004047462953167092,44927.933288380555,4317.321500708357,0.003711621289145993,0.0,0.0
BC,FA,2031-01-01T00:00:00,F,72,-2.777824575219711,41200.0,36700.00000000001,-6.742292658300269e-05,44927.933288380555,4317.321500708357,0.0,0.0006434138793610677,7.569004292151799e-05
BC,FA,2031-01-01T00:00:00,F,73,132.89918568328721,41200.0,36200.00000000001,0.0032257083903710487,44927.933288380555,4317.321500708357,0.002958052506672016,0.0,0.0
BC,FA,2031-01-01T00:00:00,F,74,164.37244655301765,41200.0,35000.0,0.003989622489150914,44927.933288380555,4317.321500708357,0.003658580186583573,0.0,0.0
BC,FA,2031-01-01T00:00:00,F,75,102.54620707702998,41200.0,34000.0,0.002488985608665776,44927.933288380555,4317.321500708357,0.0022824599212880083,0.0,0.0
BC,FA,2031-01-01T00:00:00,F,76,44.325400383080705,41200.0,33000.0,0.0010758592325990463,44927.933288380555,4317.321500708357,0.0009865889022441262,0.0,0.0
BC,FA,2031-01-01T00:00:00,F,77,-24.681462429205567,41200.0,31200.000000000004,-0.0005990646220680963,44927.933288380555,4317.321500708357,0.0,0.005716846064198832,0.0007910725137565886
BC,FA,2031-01-01T00:00:00,F,78,-98.80597028031116,41200.0,29100.000000000004,-0.0023982031621434747,44927.933288380555,4317.321500708357,0.0,0.022885942189873915,0.003395394167708287
BC,FA,2031-01-01T00:00:00,F,79,30.643629025344126,41200.0,27400.000000000004,0.0007437774035277701,44927.933288380555,4317.321500708357,0.0006820618439902578,0.0,0.0
BC,FA,2031-01-01T00:00:00,F,80,-27.625533658760105,41200.0,26000.000000000004,-0.0006705226616203909,44927.933288380555,4317.321500708357,0.0,0.0063987668405578535,0.001062520525336927
BC,FA,2031-01-01T00:00:00,F,81,-75.312728588764,41200.0,24900.000000000004,-0.0018279788492418447,44927.933288380555,4317.321500708357,0.0,0.017444317866160117,0.0030246075738459433
BC,FA,2031-01-01T00:00:00,F,82,-147.57956109521547,41200.0,22900.0,-0.0035820281819227053,44927.933288380555,4317.321500708357,0.0,0.03418312976483257,0.006444522318568361
BC,FA,2031-01-01T00:00:00,F,83,-94.46882559903315,41200.0,21800.0,-0.0022929326601707077,44927.933288380555,4317.321500708357,0.0,0.021881350643803883,0.004333432366928127
BC,FA,2031-01-01T00:00:00,F,84,-142.27387602526505,41200.0,20500.0,-0.003453249418088958,44927.933288380555,4317.321500708357,0.0,0.03295419995984124,0.006940189074403173
BC,FA,2031-01-01T00:00:00,F,85,-41.133767596487814,41200.0,16100.000000000002,-0.000998392417390481,44927.933288380555,4317.321500708357,0.0,0.009527612801070956,0.0025548923972973795
BC,FA,2031-01-01T00:00:00,F,86,-140.66203748385306,41200.0,14100.0,-0.0034141271233944915,44927.933288380555,4317.321500708357,0.0,0.032580857705587635,0.00997603102722362
BC,FA,2031-01-01T00:00:00,F,87,-5.693079283120824,41200.0,13100.0,-0.00013818153599807825,44927.933288380555,4317.321500708357,0.0,0.0013186600261728808,0.0004345862048183835
BC,FA,2031-01-01T00:00:00,F,88,-98.87017059784375,41200.0,11500.000000000002,-0.002399761422277761,44927.933288380555,4317.321500708357,0.0,0.022900812594480582,0.008597406138942934
BC,FA,2031-01-01T00:00:00,F,89,-124.69158026511104,41200.0,9700.0,-0.003026494666628909,44927.933288380555,4317.321500708357,0.0,0.028881699045265097,0.012854802089186705
BC,FA,2031-01-01T00:00:00,F,90,-220.47930010653363,41200.0,8400.0,-0.0053514393229741174,44927.933288380555,4317.321500708357,0.0,0.051068538692418175,0.02624753572696829
BC,FA,2031-01-01T00:00:00,F,91,-65.53037253754064,41200.0,6999.999999999999,-0.0015905430227558409,44927.933288380555,4317.321500708357,0.0,0.015178478722696204,0.009361481791077236
BC,FA,2031-01-01T00:00:00,F,92,-95.43494176492277,41200.0,5800.0,-0.002316382081672883,44927.933288380555,4317.321500708357,0.0,0.02210512739189436,0.01645430030429703
BC,FA,2031-01-01T00:00:00,F,93,-113.5038463879464,41200.0,4900.0,-0.0027549477278627768,44927.933288380555,4317.321500708357,0.0,0.026290339130250886,0.023164050283254366
BC,FA,2031-01-01T00:00:00,F,94,-64.32482427751665,41200.0,4000.0,-0.0015612821426581713,44927.933288380555,4317.321500708357,0.0,0.014899243493208154,0.016081206069379163
BC,FA,2031-01-01T00:00:00,F,95,-110.4904608401298,41200.0,3200.0,-0.002681807301944898,44927.933288380555,4317.321500708357,0.0,0.025592363418383657,0.03452826901254056
BC,FA,2031-01-01T00:00:00,F,96,1.3956350002595173,41200.0,2500.0,3.387463592862906e-05,44927.933288380555,4317.321500708357,3.106385934339121e-05,0.0,0.0
BC,FA,2031-01-01T00:00:00,F,97,-56.69619952102971,41200.0,1900.0,-0.0013761213475978085,44927.933288380555,4317.321500708357,0.0,0.013132262564121616,0.02984010501106827
BC,FA,2031-01-01T00:00:00,F,98,-113.6588618368728,41200.0,1400.0000000000002,-0.0027587102387590487,44927.933288380555,4317.321500708357,0.0,0.026326244598236296,0.08118490131205199
BC,FA,2031-01-01T00:00:00,F,99,-87.9150938465101,41200.0,1000.0000000000001,-0.002133861501128886,44927.933288380555,4317.321500708357,0.0,0.02036334190819136,0.0879150938465101
BC,FA,2031-01-01T00:00:00,F,100,1343.3246580946845,41200.0,2100.0000000000005,0.032604967429482636,44927.933288380555,4317.321500708357,0.029899542662517722,0.0,0.0
BC,FA,2031-01-01T00:00:00,M,1,264.82732611465326,41200.0,21400.0,0.006427847721229448,44927.933288380555,4317.321500708357,0.005894491616491604,0.0,0.0
BC,FA,2031-01-01T00:00:00,M,2,204.25330813803157,41200.0,21800.0,0.0049576045664570766,44927.933288380555,4317.321500708357,0.004546243131794722,0.0,0.0
BC,FA,2031-01-01T00:00:00,M,3,302.99988760093765,41200.0,22199.999999999996,0.007354366203906254,44927.933288380555,4317.321500708357,0.006744131443929577,0.0,0.0
BC,FA,2031-01-01T00:00:00,M,4,202.1000774380409,41200.0,22500.0,0.004905341685389342,44927.933288380555,4317.321500708357,0.004498316807515133,0.0,0.0
BC,FA,2031-01-01T00:00:00,M,5,401.741355571281,41200.0,23000.000000000004,0.009751003776001967,44927.933288380555,4317.321500708357,0.00894190598513867,0.0,0.0
BC,FA,2031-01-01T00:00:00,M,6,401.3783551630622,41200.0,23400.0,0.009742193086482092,44927.933288380555,4317.321500708357,0.008933826370038443,0.0,0.0
BC,FA,2031-01-01T00:00:00,M,7,301.20712918227946,41200.0,23800.0,0.007310852650055327,44927.933288380555,4317.321500708357,0.006704228464036179,0.0,0.0
BC,FA,2031-01-01T00:00:00,M,8,301.23281278190916,41200.0,24300.000000000004,0.007311476038395853,44927.933288380555,4317.321500708357,0.006704800126201559,0.0,0.0
BC,FA,2031-01-01T00:00:00,M,9,301.25849638152795,41200.0,24800.0,0.007312099426736115,44927.933288380555,4317.321500708357,0.0067053717883666965,0.0,0.0
BC,FA,2031-01-01T00:00:00,M,10,301.2995901409231,41200.0,25600.0,0.007313096848080658,44927.933288380555,4317.321500708357,0.00670628644783103,0.0,0.0
BC,FA,2031-01-01T00:00:00,M,11,301.3406839003219,41200.0,26400.0,0.007314094269425289,44927.933288380555,4317.321500708357,0.006707201107295444,0.0,0.0
BC,FA,2031-01-01T00:00:00,M,12,301.8149795964564,41200.0,26800.000000000004,0.007325606300884864,44927.933288380555,4317.321500708357,0.006717757918201704,0.0,0.0
BC,FA,2031-01-01T00:00:00,M,13,302.088085662901,41200.0,27399.999999999996,0.007332235088905364,44927.933288380555,4317.321500708357,0.006723836676926073,0.0,0.0
BC,FA,2031-01-01T00:00:00,M,14,502.87658799227574,41200.0,28500.0,0.012205742426996983,44927.933288380555,4317.321500708357,0.011192960619052818,0.0,0.0
BC,FA,2031-01-01T00:00:00,M,15,803.9039633162938,41200.0,29300.0,0.01951223211932752,44927.933288380555,4317.321500708357,0.017893188145473915,0.0,0.0
BC,FA,2031-01-01T00:00:00,M,16,1306.123128738891,41200.0,31100.000000000004,0.03170201768783716,44927.933288380555,4317.321500708357,0.029071515939877116,0.0,0.0
BC,FA,2031-01-01T00:00:00,M,17,1208.9074312191551,41200.0,31800.0,0.029342413379105706,44927.933288380555,4317.321500708357,0.026907701795662337,0.0,0.0
BC,FA,2031-01-01T00:00:00,M,18,1712.251764547189,41200.0,33500.0,0.04155950884823274,44927.933288380555,4317.321500708357,0.03811107342856607,0.0,0.0
BC,FA,2031-01-01T00:00:00,M,19,3516.0559963648775,41200.0,36400.0,0.08534116496031256,44927.933288380555,4317.321500708357,0.07825990957109559,0.0,0.0
BC,FA,2031-01-01T00:00:00,M,20,2221.2088707895964,41200.0,38100.0,0.053912836669650396,44927.933288380555,4317.321500708357,0.04943937341903182,0.0,0.0
BC,FA,2031-01-01T00:00:00,M,21,626.7009832843469,41200.0,39100.0,0.015211188914668614,44927.933288380555,4317.321500708357,0.01394902764081576,0.0,0.0
BC,FA,2031-01-01T00:00:00,M,22,-168.86501132188278,41200.0,38900.0,-0.004098665323346669,44927.933288380555,4317.321500708357,0.0,0.039113374182158205,0.004341002861745058
BC,FA,2031-01-01T00:00:00,M,23,-265.80517033908836,41200.0,38100.0,-0.006451581804346805,44927.933288380555,4317.321500708357,0.0,0.06156714766215044,0.00697651365719392
BC,FA,2031-01-01T00:00:00,M,24,-164.00659863354667,41200.0,37000.0,-0.003980742685280259,44927.933288380555,4317.321500708357,0.0,0.03798804388476456,0.00443261077387964
BC,FA,2031-01-01T00:00:00,M,25,-163.21596058950672,41200.0,35900.0,-0.0039615524414928814,44927.933288380555,4317.321500708357,0.0,0.03780491227320628,0.004546405587451441
BC,FA,2031-01-01T00:00:00,M,26,-62.11020278125943,41200.0,35300.0,-0.0015075291937198892,44927.933288380555,4317.321500708357,0.0,0.014386281580157699,0.0017594958294974343
BC,FA,2031-01-01T00:00:00,M,27,139.89900061103253,41200.0,35400.0,0.0033956068109473915,44927.933288380555,4317.321500708357,0.003113853462011211,0.0,0.0
BC,FA,2031-01-01T00:00:00,M,28,141.42016268731095,41200.0,34900.0,0.0034325282205658,44927.933288380555,4317.321500708357,0.0031477112864189017,0.0,0.0
BC,FA,2031-01-01T00:00:00,M,29,143.21549339651392,41200.0,34200.0,0.0034761042086532503,44927.933288380555,4317.321500708357,0.0031876715200152084,0.0,0.0
BC,FA,2031-01-01T00:00:00,M,30,149.1126472227479,41200.0,36400.0,0.003619239010260872,44927.933288380555,4317.321500708357,0.003318929590320417,0.0,0.0
BC,FA,2031-01-01T00:00:00,M,31,155.90070408128668,41200.0,38500.0,0.0037839976718758903,44927.933288380555,4317.321500708357,0.0034700172625480273,0.0,0.0
BC,FA,2031-01-01T00:00:00,M,32,-38.593797187684686,41200.0,39300.0,-0.0009367426501865215,44927.933288380555,4317.321500708357,0.0,0.008939291915450929,0.0009820304627909588
BC,FA,2031-01-01T00:00:00,M,33,65.77970017491316,41200.0,39800.0,0.0015965946644396398,44927.933288380555,4317.321500708357,0.0014641158709146626,0.0,0.0
BC,FA,2031-01-01T00:00:00,M,34,171.10218729555345,41200.0,40800.0,0.004152965711057123,44927.933288380555,4317.321500708357,0.003808369866410138,0.0,0.0
BC,FA,2031-01-01T00:00:00,M,35,175.52532043805695,41200.0,41700.0,0.004260323311603324,44927.933288380555,4317.321500708357,0.003906819379191253,0.0,0.0
BC,FA,2031-01-01T00:00:00,M,36,279.5202491429736,41200.0,42600.00000000001,0.00678447206657703,44927.933288380555,4317.321500708357,0.006221524754962728,0.0,0.0
BC,FA,2031-01-01T00:00:00,M,37,182.47034252536105,41200.0,42900.0,0.004428891808867986,44927.933288380555,4317.321500708357,0.004061400762731106,0.0,0.0
BC,FA,2031-01-01T00:00:00,M,38,86.00222816723544,41200.0,43100.00000000001,0.0020874327225057147,44927.933288380555,4317.321500708357,0.0019142262257026118,0.0,0.0
BC,FA,2031-01-01T00:00:00,M,39,90.15436544447584,41200.0,43500.0,0.002188212753506695,44927.933288380555,4317.321500708357,0.002006643948338303,0.0,0.0
BC,FA,2031-01-01T00:00:00,M,40,94.31274100627343,41200.0,43700.0,0.002289144199181394,44927.933288380555,4317.321500708357,0.0020992005218870144,0.0,0.0
BC,FA,2031-01-01T00:00:00,M,41,198.88161119780852,41200.0,44000.00000000001,0.004827223572762343,44927.933288380555,4317.321500708357,0.0044266806113969215,0.0,0.0
BC,FA,2031-01-01T00:00:00,M,42,102.35295151267928,41200.0,43300.0,0.002484294939628138,44927.933288380555,4317.321500708357,0.0022781584644836136,0.0,0.0
BC,FA,2031-01-01T00:00:00,M,43,104.56641968002805,41200.0,42099.99999999999,0.002538019895146312,44927.933288380555,4317.321500708357,0.002327425546348722,0.0,0.0
BC,FA,2031-01-01T00:00:00,M,44,208.93248630405287,41200.0,41800.0,0.005071176852040118,44927.933288380555,4317.321500708357,0.004650391660862082,0.0,0.0
BC,FA,2031-01-01T00:00:00,M,45,114.84045402055199,41200.0,41900.00000000001,0.0027873896606930093,44927.933288380555,4317.321500708357,0.002556103644550516,0.0,0.0
BC,FA,2031-01-01T00:00:00,M,46,118.92376352465362,41200.0,41200.00000000001,0.002886499114676059,44927.933288380555,4317.321500708357,0.0026469894077101957,0.0,0.0
BC,FA,2031-01-01T00:00:00,M,47,122.54234325903963,41200.0,40299.99999999999,0.0029743287198796026,44927.933288380555,4317.321500708357,0.002727531277089303,0.0,0.0
BC,FA,2031-01-01T00:00:00,M,48,25.900893802499922,41200.0,39200.0,0.0006286624709344642,44927.933288380555,4317.321500708357,0.0005764986703538958,0.0,0.0
BC,FA,2031-01-01T00:00:00,M,49,29.929004443976737,41200.0,38300.0,0.0007264321466984645,44927.933288380555,4317.321500708357,0.000666155824526144,0.0,0.0
BC,FA,2031-01-01T00:00:00,M,50,132.52612850710284,41200.0,37100.0,0.003216653604541331,44927.933288380555,4317.321500708357,0.0029497490493598398,0.0,0.0
BC,FA,2031-01-01T00:00:00,M,51,35.247164687505574,41200.0,35699.99999999999,0.0008555137060074168,44927.933288380555,4317.321500708357,0.0007845267322060714,0.0,0.0
BC,FA,2031-01-01T00:00:00,M,52,136.42503400058922,41200.0,34100.0,0.0033112872330240102,44927.933288380555,4317.321500708357,0.0030365303724280597,0.0,0.0
BC,FA,2031-01-01T00:00:00,M,53,39.94566788526572,41200.0,32899.99999999999,0.0009695550457588767,44927.933288380555,4317.321500708357,0.0008891053952752515,0.0,0.0
BC,FA,2031-01-01T00:00:00,M,54,47.08423871517152,41200.0,32600.0,0.0011428213280381438,44927.933288380555,4317.321500708357,0.0010479947611422545,0.0,0.0
BC,FA,2031-01-01T00:00:00,M,55,53.743648893985664,41200.0,32000.0,0.0013044574974268365,44927.933288380555,4317.321500708357,0.0011962190325786712,0.0,0.0
BC,FA,2031-01-01T00:00:00,M,56,162.63368693519078,41200.0,31900.0,0.003947419585805602,44927.933288380555,4317.321500708357,0.0036198791048608456,0.0,0.0
BC,FA,2031-01-01T00:00:00,M,57,71.67363060792559,41200.0,31500.0,0.0017396512283477084,44927.933288380555,4317.321500708357,0.0015953021953596543,0.0,0.0
BC,FA,2031-01-01T00:00:00,M,58,83.32846346562292,41200.0,31500.0,0.002022535521010265,44927.933288380555,4317.321500708357,0.0018547139244255793,0.0,0.0
BC,FA,2031-01-01T00:00:00,M,59,199.17147769156145,41200.0,32100.0,0.0048342591672709085,44927.933288380555,4317.321500708357,0.004433132421496717,0.0,0.0
BC,FA,2031-01-01T00:00:00,M,60,125.46414970436308,41200.0,33800.0,0.0030452463520476477,44927.933288380555,4317.321500708357,0.0027925644587086123,0.0,0.0
BC,FA,2031-01-01T00:00:00,M,61,242.46739945084119,41200.0,33999.99999999999,0.005885131054632068,44927.933288380555,4317.321500708357,0.005396807324621564,0.0,0.0
BC,FA,2031-01-01T00:00:00,M,62,156.7274036436138,41200.0,33400.0,0.0038040631952333446,44927.933288380555,4317.321500708357,0.0034884178321228786,0.0,0.0
BC,FA,2031-01-01T00:00:00,M,63,169.68405969985906,41200.0,32600.0,0.004118545138346094,44927.933288380555,4317.321500708357,0.0037768053698509084,0.0,0.0
BC,FA,2031-01-01T00:00:00,M,64,87.79518719750558,41200.0,32200.0,0.002130951145570524,44927.933288380555,4317.321500708357,0.0019541336707827495,0.0,0.0
BC,FA,2031-01-01T00:00:00,M,65,122.11515873910685,41200.0,33399.99999999999,0.0029639601635705545,44927.933288380555,4317.321500708357,0.0027180230605152,0.0,0.0
BC,FA,2031-01-01T00:00:00,M,66,264.66662264252227,41200.0,35100.0,0.0064239471515175305,44927.933288380555,4317.321500708357,0.0058909146998526955,0.0,0.0
BC,FA,2031-01-01T00:00:00,M,67,210.61787325580372,41200.0,36399.99999999999,0.0051120843023253325,44927.933288380555,4317.321500708357,0.004687904780838752,0.0,0.0
BC,FA,2031-01-01T00:00:00,M,68,251.30280612607748,41200.0,36900.0,0.006099582672963046,44927.933288380555,4317.321500708357,0.005593464638425076,0.0,0.0
BC,FA,2031-01-01T00:00:00,M,69,268.77089544194314,41200.0,35300.0,0.006523565423348135,44927.933288380555,4317.321500708357,0.005982267061268402,0.0,0.0
BC,FA,2031-01-01T00:00:00,M,70,206.81357993641723,41200.0,35000.0,0.00501974708583537,44927.933288380555,4317.321500708357,0.004603229323034634,0.0,0.0
BC,FA,2031-01-01T00:00:00,M,71,140.82450187214272,41200.0,34200.0,0.0034180704337898717,44927.933288380555,4317.321500708357,0.0031344531467367392,0.0,0.0
BC,FA,2031-01-01T00:00:00,M,72,169.50745855341665,41200.0,33000.0,0.004114258702752832,44927.933288380555,4317.321500708357,0.0037728746048787285,0.0,0.0
BC,FA,2031-01-01T00:00:00,M,73,114.41384696414025,41200.0,32499.999999999993,0.002777035120488841,44927.933288380555,4317.321500708357,0.002546608281083128,0.0,0.0
BC,FA,2031-01-01T00:00:00,M,74,137.51577825472123,41200.0,30799.999999999996,0.0033377616081243016,44927.933288380555,4317.321500708357,0.0030608080138483937,0.0,0.0
BC,FA,2031-01-01T00:00:00,M,75,80.65739639572348,41200.0,29900.0,0.0019577037960127057,44927.933288380555,4317.321500708357,0.0017952616666786101,0.0,0.0
BC,FA,2031-01-01T00:00:00,M,76,114.88647568354281,41200.0,28600.0,0.0027885066913481264,44927.933288380555,4317.321500708357,0.00255712798864165,0.0,0.0
BC,FA,2031-01-01T00:00:00,M,77,131.68747226979394,41200.0,26600.0,0.0031962978706260668,44927.933288380555,4317.321500708357,0.002931082349693826,0.0,0.0
BC,FA,2031-01-01T00:00:00,M,78,66.7802680530258,41200.0,25199.999999999996,0.0016208802925491697,44927.933288380555,4317.321500708357,0.0014863863784781923,0.0,0.0
BC,FA,2031-01-01T00:00:00,M,79,-7.012380542706524,41200.0,23500.0,-0.00017020341123074088,44927.933288380555,4317.321500708357,0.0,0.0016242433049185657,0.0002983991720300648
BC,FA,2031-01-01T00:00:00,M,80,28.64482364282958,41200.0,22200.0,0.000695262709777417,44927.933288380555,4317.321500708357,0.0006375726980131939,0.0,0.0
BC,FA,2031-01-01T00:00:00,M,81,-23.64227167545687,41200.0,21100.0,-0.0005738415455207978,44927.933288380555,4317.321500708357,0.0,0.005476143407799906,0.0011204868092633588
BC,FA,2031-01-01T00:00:00,M,82,-4.468799175592721,41200.0,19400.0,-0.00010846599940759032,44927.933288380555,4317.321500708357,0.0,0.0010350860307390846,0.000230350472968697
BC,FA,2031-01-01T00:00:00,M,83,-45.822848819087085,41200.0,18499.999999999996,-0.0011122050684244439,44927.933288380555,4317.321500708357,0.0,0.01061372168173456,0.002476910746977681
BC,FA,2031-01-01T00:00:00,M,84,-10.671010415218916,41200.0,17200.0,-0.0002590051071655077,44927.933288380555,4317.321500708357,0.0,0.0024716737943810967,0.0006204075822801695
BC,FA,2031-01-01T00:00:00,M,85,-41.11006114321208,41200.0,13300.0,-0.0009978170180391282,44927.933288380555,4317.321500708357,0.0,0.009522121791593934,0.0030909820408430134
BC,FA,2031-01-01T00:00:00,M,86,-64.19791690422244,41200.0,11500.0,-0.0015582018666073407,44927.933288380555,4317.321500708357,0.0,0.014869848560893432,0.005582427556888907
BC,FA,2031-01-01T00:00:00,M,87,-49.67039174544698,41200.0,10400.0,-0.00120559203265648,44927.933288380555,4317.321500708357,0.0,0.011504909175121054,0.004775999206292979
BC,FA,2031-01-01T00:00:00,M,88,-67.02272811707189,41200.0,8999.999999999998,-0.0016267652455599973,44927.933288380555,4317.321500708357,0.0,0.015524145724629321,0.007446969790785767
BC,FA,2031-01-01T00:00:00,M,89,-27.251017070371745,41200.0,7400.0,-0.0006614324531643627,44927.933288380555,4317.321500708357,0.0,0.006312019400431629,0.0036825698743745603
BC,FA,2031-01-01T00:00:00,M,90,-70.42516753671953,41200.0,6100.0,-0.001709348726619406,44927.933288380555,4317.321500708357,0.0,0.016312236076271976,0.011545109432249102
BC,FA,2031-01-01T00:00:00,M,91,-110.75494696146052,41200.0,5000.0,-0.0026882268679966144,44927.933288380555,4317.321500708357,0.0,0.025653625041194776,0.022150989392292104
BC,FA,2031-01-01T00:00:00,M,92,-73.2035578120981,41200.0,3999.9999999999995,-0.0017767853837887889,44927.933288380555,4317.321500708357,0.0,0.01695578098598572,0.018300889453024525
BC,FA,2031-01-01T00:00:00,M,93,-34.04112823726791,41200.0,3200.0,-0.0008262409766327163,44927.933288380555,4317.321500708357,0.0,0.00788477954020396,0.010637852574146223
BC,FA,2031-01-01T00:00:00,M,94,-3.4023408376579027,41200.0,2500.0,-8.258108829266754e-05,44927.933288380555,4317.321500708357,0.0,0.0007880675175799786,0.0013609363350631611
BC,FA,2031-01-01T00:00:00,M,95,-60.60047197025119,41200.0,1899.9999999999998,-0.001470885241996388,44927.933288380555,4317.321500708357,0.0,0.014036590038594131,0.03189498524750063
BC,FA,2031-01-01T00:00:00,M,96,-41.3280661641827,41200.0,1400.0,-0.0010031084020432695,44927.933288380555,4317.321500708357,0.0,0.009572617225148015,0.0295200472601305
BC,FA,2031-01-01T00:00:00,M,97,-17.28085181016195,41200.0,1000.0000000000001,-0.0004194381507320861,44927.933288380555,4317.321500708357,0.0,0.00400267893121386,0.017280851810161948
BC,FA,2031-01-01T00:00:00,M,98,-63.55363936457138,41200.0,700.0,-0.0015425640622468782,44927.933288380555,4317.321500708357,0.0,0.014720617714975345,0.09079091337795912
BC,FA,2031-01-01T00:00:00,M,99,-20.76798842203948,41200.0,500.0,-0.0005040773888844534,44927.933288380555,4317.321500708357,0.0,0.004810387277999104,0.04153597684407896
BC,FA,2031-01-01T00:00:00,M,100,438.06294145598775,41200.0,799.9999999999998,0.010632595666407469,44927.933288380555,4317.321500708357,0.009750347042321694,0.0,0.0
BC,FA,2032-01-01T00:00:00,F,1,258.8684239670001,41000.0,20300.0,0.006313863999195125,43705.921565876575,4766.582791053719,0.005922959971838502,0.0,0.0
BC,FA,2032-01-01T00:00:00,F,2,202.64250627794536,41000.0,20600.0,0.0049425001531206185,43705.921565876575,4766.582791053719,0.0046365000214561,0.0,0.0
BC,FA,2032-01-01T00:00:00,F,3,102.14508455020041,41000.0,20800.000000000004,0.0024913435256146443,43705.921565876575,4766.582791053719,0.002337099433911725,0.0,0.0
BC,FA,2032-01-01T00:00:00,F,4,201.8048367450465,41000.0,21100.0,0.004922069188903573,43705.921565876575,4766.582791053719,0.004617333979352714,0.0,0.0
BC,FA,2032-01-01T00:00:00,F,5,201.6476668949981,41000.0,21400.0,0.004918235777926783,43705.921565876575,4766.582791053719,0.00461373790256455,0.0,0.0
BC,FA,2032-01-01T00:00:00,F,6,201.48531613851446,41000.0,21700.0,0.004914276003378401,43705.921565876575,4766.582791053719,0.004610023285627827,0.0,0.0
BC,FA,2032-01-01T00:00:00,F,7,201.31778449679405,41000.0,21999.999999999996,0.004910189865775465,43705.921565876575,4766.582791053719,0.004606190129027574,0.0,0.0
BC,FA,2032-01-01T00:00:00,F,8,201.1502533122948,41000.0,22400.0,0.0049061037393242635,43705.921565876575,4766.582791053719,0.00460235698288863,0.0,0.0
BC,FA,2032-01-01T00:00:00,F,9,201.1657972759822,41000.0,22700.000000000004,0.004906482860389809,43705.921565876575,4766.582791053719,0.004602712631805996,0.0,0.0
BC,FA,2032-01-01T00:00:00,F,10,201.19170388211205,41000.0,23200.000000000004,0.0049071147288320014,43705.921565876575,4766.582791053719,0.004603305380001244,0.0,0.0
BC,FA,2032-01-01T00:00:00,F,11,101.22797313069532,41000.0,23800.0,0.002468974954407203,43705.921565876575,4766.582791053719,0.0023161157459663114,0.0,0.0
BC,FA,2032-01-01T00:00:00,F,12,201.45681680609778,41000.0,24300.000000000004,0.004913580897709702,43705.921565876575,4766.582791053719,0.004609371215350034,0.0,0.0
BC,FA,2032-01-01T00:00:00,F,13,301.7063864474985,41000.0,24999.999999999996,0.007358692352378012,43705.921565876575,4766.582791053719,0.006903100898873528,0.0,0.0
BC,FA,2032-01-01T00:00:00,F,14,401.9974075094942,41000.0,26099.999999999996,0.009804814817304738,43705.921565876575,4766.582791053719,0.009197778998975597,0.0,0.0
BC,FA,2032-01-01T00:00:00,F,15,802.7461227333442,41000.0,27300.0,0.019579173725203517,43705.921565876575,4766.582791053719,0.018366987675191564,0.0,0.0
BC,FA,2032-01-01T00:00:00,F,16,1504.0078121260449,41000.0,28800.0,0.036683117368927924,43705.921565876575,4766.582791053719,0.034411991744850885,0.0,0.0
BC,FA,2032-01-01T00:00:00,F,17,1105.9690286633013,41000.0,29900.0,0.026974854357641496,43705.921565876575,4766.582791053719,0.025304786835264614,0.0,0.0
BC,FA,2032-01-01T00:00:00,F,18,1607.7722363737048,41000.0,31600.000000000004,0.039213956984724505,43705.921565876575,4766.582791053719,0.03678614198651228,0.0,0.0
BC,FA,2032-01-01T00:00:00,F,19,3209.8863656124304,41000.0,35000.0,0.07828991135640075,43705.921565876575,4766.582791053719,0.07344282537949162,0.0,0.0
BC,FA,2032-01-01T00:00:00,F,20,1812.3217703537448,41000.0,36600.0,0.04420297000862792,43705.921565876575,4766.582791053719,0.041466275173310065,0.0,0.0
BC,FA,2032-01-01T00:00:00,F,21,314.10689777049265,41000.0,36600.0,0.0076611438480607965,43705.921565876575,4766.582791053719,0.0071868270137502785,0.0,0.0
BC,FA,2032-01-01T00:00:00,F,22,-384.6209572119915,41000.0,36700.0,-0.009380998956390036,43705.921565876575,4766.582791053719,0.0,0.08069113116714914,0.010480135073896226
BC,FA,2032-01-01T00:00:00,F,23,-183.83587588231603,41000.0,36500.0,-0.004483801850788196,43705.921565876575,4766.582791053719,0.0,0.03856764561550321,0.005036599339241535
BC,FA,2032-01-01T00:00:00,F,24,16.752285911279614,41000.0,36600.0,0.00040859233929950277,43705.921565876575,4766.582791053719,0.0003832955652480503,0.0,0.0
BC,FA,2032-01-01T00:00:00,F,25,116.38611572742957,41000.0,35900.0,0.0028386857494495017,43705.921565876575,4766.582791053719,0.0026629370016144015,0.0,0.0
BC,FA,2032-01-01T00:00:00,F,26,-83.88851191045978,41000.0,35100.0,-0.0020460612661087753,43705.921565876575,4766.582791053719,0.0,0.017599298194905594,0.0023899860943150937
BC,FA,2032-01-01T00:00:00,F,27,16.22896104981919,41000.0,34800.0,0.00039582831828827294,43705.921565876575,4766.582791053719,0.00037132179046625943,0.0,0.0
BC,FA,2032-01-01T00:00:00,F,28,116.52951992233284,41000.0,34900.0,0.0028421834127398253,43705.921565876575,4766.582791053719,0.0026662181175310883,0.0,0.0
BC,FA,2032-01-01T00:00:00,F,29,216.78605828663422,41000.0,34300.0,0.005287464836259371,43705.921565876575,4766.582791053719,0.004960107246792161,0.0,0.0
BC,FA,2032-01-01T00:00:00,F,30,217.2222301782822,41000.0,34000.0,0.005298103175080053,43705.921565876575,4766.582791053719,0.00497008694464593,0.0,0.0
BC,FA,2032-01-01T00:00:00,F,31,219.38307675159012,41000.0,36400.0,0.005350806750038783,43705.921565876575,4766.582791053719,0.005019527535208721,0.0,0.0
BC,FA,2032-01-01T00:00:00,F,32,121.54569766639906,41000.0,37900.00000000001,0.0029645292113755868,43705.921565876575,4766.582791053719,0.002780989241542408,0.0,0.0
BC,FA,2032-01-01T00:00:00,F,33,23.21434642648819,41000.0,38400.0,0.0005662035713777608,43705.921565876575,4766.582791053719,0.0005311487687428791,0.0,0.0
BC,FA,2032-01-01T00:00:00,F,34,125.13177419851854,41000.0,38899.99999999999,0.0030519944926467937,43705.921565876575,4766.582791053719,0.0028630393712190992,0.0,0.0
BC,FA,2032-01-01T00:00:00,F,35,226.94559124797524,41000.0,39200.0,0.005535258323121348,43705.921565876575,4766.582791053719,0.005192559340177903,0.0,0.0
BC,FA,2032-01-01T00:00:00,F,36,230.4306723523914,41000.0,40700.0,0.00562026030127784,43705.921565876575,4766.582791053719,0.00527229867479331,0.0,0.0
BC,FA,2032-01-01T00:00:00,F,37,133.122982690933,41000.0,40899.99999999999,0.003246902016852024,43705.921565876575,4766.582791053719,0.003045879778333489,0.0,0.0
BC,FA,2032-01-01T00:00:00,F,38,135.93884863507992,41000.0,41300.0,0.0033155816740263397,43705.921565876575,4766.582791053719,0.0031103073397087287,0.0,0.0
BC,FA,2032-01-01T00:00:00,F,39,138.2675519364202,41000.0,41900.0,0.003372379315522444,43705.921565876575,4766.582791053719,0.0031635885249099217,0.0,0.0
BC,FA,2032-01-01T00:00:00,F,40,40.935712190839695,41000.0,42700.0,0.0009984320046546268,43705.921565876575,4766.582791053719,0.0009366170698205864,0.0,0.0
BC,FA,2032-01-01T00:00:00,F,41,142.70907480068126,41000.0,43100.0,0.003480709141480031,43705.921565876575,4766.582791053719,0.0032652114333198605,0.0,0.0
BC,FA,2032-01-01T00:00:00,F,42,44.605963972135214,41000.0,43399.99999999999,0.0010879503407837858,43705.921565876575,4766.582791053719,0.001020593145597034,0.0,0.0
BC,FA,2032-01-01T00:00:00,F,43,145.36193747796642,41000.0,42800.0,0.0035454131092186934,43705.921565876575,4766.582791053719,0.003325909448193808,0.0,0.0
BC,FA,2032-01-01T00:00:00,F,44,146.6534745174722,41000.0,42300.0,0.0035769140126212734,43705.921565876575,4766.582791053719,0.0033554600672685963,0.0,0.0
BC,FA,2032-01-01T00:00:00,F,45,148.0306013533409,41000.0,41600.0,0.003610502472032705,43705.921565876575,4766.582791053719,0.003386968997558351,0.0,0.0
BC,FA,2032-01-01T00:00:00,F,46,150.66192893607513,41000.0,41700.0,0.003674681193562808,43705.921565876575,4766.582791053719,0.003447174285273612,0.0,0.0
BC,FA,2032-01-01T00:00:00,F,47,152.41058403960778,41000.0,41099.99999999999,0.0037173313180392143,43705.921565876575,4766.582791053719,0.0034871838547068284,0.0,0.0
BC,FA,2032-01-01T00:00:00,F,48,55.05597369567113,41000.0,40600.00000000001,0.001342828626723686,43705.921565876575,4766.582791053719,0.0012596914038910487,0.0,0.0
BC,FA,2032-01-01T00:00:00,F,49,57.69805212195206,41000.0,39999.99999999999,0.0014072695639500503,43705.921565876575,4766.582791053719,0.0013201426730010848,0.0,0.0
BC,FA,2032-01-01T00:00:00,F,50,-38.92803006388567,41000.0,39400.0,-0.0009494641478996505,43705.921565876575,4766.582791053719,0.0,0.008166863300255421,0.0009880210676113115
BC,FA,2032-01-01T00:00:00,F,51,63.51588965397241,41000.0,38100.00000000001,0.0015491680403407905,43705.921565876575,4766.582791053719,0.001453255929136213,0.0,0.0
BC,FA,2032-01-01T00:00:00,F,52,67.01640996898641,41000.0,37300.00000000001,0.0016345465846094246,43705.921565876575,4766.582791053719,0.0015333485158978894,0.0,0.0
BC,FA,2032-01-01T00:00:00,F,53,68.88370422880689,41000.0,35600.0,0.0016800903470440705,43705.921565876575,4766.582791053719,0.0015760725723396687,0.0,0.0
BC,FA,2032-01-01T00:00:00,F,54,172.12131030746968,41000.0,34600.00000000001,0.004198080739206578,43705.921565876575,4766.582791053719,0.003938169111662285,0.0,0.0
BC,FA,2032-01-01T00:00:00,F,55,77.63122066524375,41000.0,34300.00000000001,0.0018934444064693597,43705.921565876575,4766.582791053719,0.0017762174525534856,0.0,0.0
BC,FA,2032-01-01T00:00:00,F,56,84.88842674340412,41000.0,34600.0,0.0020704494327659544,43705.921565876575,4766.582791053719,0.0019422637414350007,0.0,0.0
BC,FA,2032-01-01T00:00:00,F,57,191.00077624005644,41000.0,34300.0,0.0046585555180501574,43705.921565876575,4766.582791053719,0.004370134970204596,0.0,0.0
BC,FA,2032-01-01T00:00:00,F,58,198.3976065693496,41000.0,34200.00000000001,0.004838966013886575,43705.921565876575,4766.582791053719,0.004539375889152939,0.0,0.0
BC,FA,2032-01-01T00:00:00,F,59,107.88621339136444,41000.0,34400.0,0.0026313710583259617,43705.921565876575,4766.582791053719,0.002468457580256051,0.0,0.0
BC,FA,2032-01-01T00:00:00,F,60,219.06795069588406,41000.0,34900.0,0.0053431207486800995,43705.921565876575,4766.582791053719,0.005012317389662857,0.0,0.0
BC,FA,2032-01-01T00:00:00,F,61,138.16319953783386,41000.0,37100.0,0.0033698341350691186,43705.921565876575,4766.582791053719,0.003161200921700845,0.0,0.0
BC,FA,2032-01-01T00:00:00,F,62,151.40100853558397,41000.0,37200.0,0.0036927075252581455,43705.921565876575,4766.582791053719,0.003464084570494228,0.0,0.0
BC,FA,2032-01-01T00:00:00,F,63,65.10953420679289,41000.0,37000.00000000001,0.0015880374196778754,43705.921565876575,4766.582791053719,0.0014897188269707416,0.0,0.0
BC,FA,2032-01-01T00:00:00,F,64,74.98210044755251,41000.0,35800.00000000001,0.001828831718232988,43705.921565876575,4766.582791053719,0.0017156050658841348,0.0,0.0
BC,FA,2032-01-01T00:00:00,F,65,86.94274656391644,41000.0,34900.0,0.0021205547942418643,43705.921565876575,4766.582791053719,0.001989266979140809,0.0,0.0
BC,FA,2032-01-01T00:00:00,F,66,12.727681409778597,41000.0,36100.00000000001,0.000310431253897039,43705.921565876575,4766.582791053719,0.00029121183020004645,0.0,0.0
BC,FA,2032-01-01T00:00:00,F,67,142.14279375639308,41000.0,37499.99999999999,0.003466897408692514,43705.921565876575,4766.582791053719,0.003252254812706458,0.0,0.0
BC,FA,2032-01-01T00:00:00,F,68,79.30711480051104,41000.0,39200.00000000001,0.0019343198731831962,43705.921565876575,4766.582791053719,0.001814562236857857,0.0,0.0
BC,FA,2032-01-01T00:00:00,F,69,207.17279056295956,41000.0,39200.00000000001,0.005052994891779502,43705.921565876575,4766.582791053719,0.004740153808464934,0.0,0.0
BC,FA,2032-01-01T00:00:00,F,70,126.7467788596332,41000.0,37700.0,0.003091384850234956,43705.921565876575,4766.582791053719,0.00289999099249267,0.0,0.0
BC,FA,2032-01-01T00:00:00,F,71,161.83417393916898,41000.0,37800.00000000001,0.003947174974126073,43705.921565876575,4766.582791053719,0.0037027974274662385,0.0,0.0
BC,FA,2032-01-01T00:00:00,F,72,97.1885773141621,41000.0,37400.0,0.002370453105223466,43705.921565876575,4766.582791053719,0.0022236935827487994,0.0,0.0
BC,FA,2032-01-01T00:00:00,F,73,128.315601284492,41000.0,36400.0,0.003129648811816878,43705.921565876575,4766.582791053719,0.0029358859552037105,0.0,0.0
BC,FA,2032-01-01T00:00:00,F,74,68.61191517273983,41000.0,35800.0,0.0016734613456765811,43705.921565876575,4766.582791053719,0.0015698539857882466,0.0,0.0
BC,FA,2032-01-01T00:00:00,F,75,103.16315483093786,41000.0,34600.00000000001,0.002516174508071655,43705.921565876575,4766.582791053719,0.0023603930802704445,0.0,0.0
BC,FA,2032-01-01T00:00:00,F,76,43.66009553085314,41000.0,33500.0,0.0010648803788012961,43705.921565876575,4766.582791053719,0.000998951491391061,0.0,0.0
BC,FA,2032-01-01T00:00:00,F,77,-12.452637528032938,41000.0,32400.0,-0.0003037228665373887,43705.921565876575,4766.582791053719,0.0,0.0026124874095137893,0.00038434066444546105
BC,FA,2032-01-01T00:00:00,F,78,-80.53708726063996,41000.0,30500.0,-0.0019643192014790235,43705.921565876575,4766.582791053719,0.0,0.0168961897424289,0.0026405602380537695
BC,FA,2032-01-01T00:00:00,F,79,145.0565503696489,41000.0,28600.000000000004,0.0035379646431621683,43705.921565876575,4766.582791053719,0.0033189221316614883,0.0,0.0
BC,FA,2032-01-01T00:00:00,F,80,-20.87766133772311,41000.0,26700.0,-0.000509211252139588,43705.921565876575,4766.582791053719,0.0,0.004380006023792952,0.0007819348815626633
BC,FA,2032-01-01T00:00:00,F,81,-178.37836864465862,41000.0,25100.0,-0.004350691918162406,43705.921565876575,4766.582791053719,0.0,0.03742269388028937,0.007106707914129826
BC,FA,2032-01-01T00:00:00,F,82,-125.1356849658514,41000.0,24000.000000000004,-0.0030520898772158876,43705.921565876575,4766.582791053719,0.0,0.026252703551213976,0.005213986873577141
BC,FA,2032-01-01T00:00:00,F,83,-100.05180024931542,41000.0,22000.0,-0.0024402878109589126,43705.921565876575,4766.582791053719,0.0,0.02099025751469169,0.00454780910224161
BC,FA,2032-01-01T00:00:00,F,84,-143.81516168574308,41000.0,20800.000000000004,-0.0035076868703839774,43705.921565876575,4766.582791053719,0.0,0.03017154384807208,0.006914190465660723
BC,FA,2032-01-01T00:00:00,F,85,-93.70737886094139,41000.0,19500.000000000004,-0.002285545825876619,43705.921565876575,4766.582791053719,0.0,0.019659236599607256,0.0048055066082534036
BC,FA,2032-01-01T00:00:00,F,86,-197.49826479836884,41000.0,15100.0,-0.0048170308487407035,43705.921565876575,4766.582791053719,0.0,0.04143393148841313,0.013079355284660189
BC,FA,2032-01-01T00:00:00,F,87,-6.558803831550904,41000.0,13300.000000000002,-0.00015997082515977815,43705.921565876575,4766.582791053719,0.0,0.001375997044226518,0.0004931431452293912
BC,FA,2032-01-01T00:00:00,F,88,-166.45882938504292,41000.0,12099.999999999998,-0.004059971448415681,43705.921565876575,4766.582791053719,0.0,0.034922047236327323,0.013756928048350657
BC,FA,2032-01-01T00:00:00,F,89,-171.48377503456868,41000.0,10500.000000000002,-0.0041825310984041145,43705.921565876575,4766.582791053719,0.0,0.035976250188378626,0.016331788098530347
BC,FA,2032-01-01T00:00:00,F,90,-107.54451633967619,41000.0,8800.000000000002,-0.0026230369838945414,43705.921565876575,4766.582791053719,0.0,0.022562183655243297,0.012220967765872292
BC,FA,2032-01-01T00:00:00,F,91,-120.63504763243054,41000.0,7500.0,-0.00294231823493733,43705.921565876575,4766.582791053719,0.0,0.025308497286325848,0.016084673017657404
BC,FA,2032-01-01T00:00:00,F,92,-163.54519475429697,41000.0,6100.000000000002,-0.003988907189129195,43705.921565876575,4766.582791053719,0.0,0.034310784459938654,0.02681068766463884
BC,FA,2032-01-01T00:00:00,F,93,-111.41363668220947,41000.0,5000.000000000001,-0.0027174057727368164,43705.921565876575,4766.582791053719,0.0,0.023373901506823495,0.02228272733644189
BC,FA,2032-01-01T00:00:00,F,94,-146.56127113387902,41000.0,4100.0,-0.003574665149606805,43705.921565876575,4766.582791053719,0.0,0.030747660862821102,0.03574665149606805
BC,FA,2032-01-01T00:00:00,F,95,-103.69346165745083,41000.0,3300.0000000000005,-0.002529108820913435,43705.921565876575,4766.582791053719,0.0,0.02175425586902015,0.03142226110831843
BC,FA,2032-01-01T00:00:00,F,96,-72.39962934815503,41000.0,2600.0000000000005,-0.0017658446182476837,43705.921565876575,4766.582791053719,0.0,0.015189000699629113,0.02784601128775193
BC,FA,2032-01-01T00:00:00,F,97,-144.33064111710223,41000.0,1900.0000000000002,-0.003520259539441518,43705.921565876575,4766.582791053719,0.0,0.03027968828905958,0.07596349532479064
BC,FA,2032-01-01T00:00:00,F,98,-118.65173673015715,41000.0,1400.0000000000002,-0.002893944798296516,43705.921565876575,4766.582791053719,0.0,0.024892410754482574,0.08475124052154082
BC,FA,2032-01-01T00:00:00,F,99,8.149559249944332,41000.0,1100.0,0.0001987697378035203,43705.921565876575,4766.582791053719,0.0001864635032957892,0.0,0.0
BC,FA,2032-01-01T00:00:00,F,100,1340.335954591251,41000.0,2100.0,0.032691120843689046,43705.921565876575,4766.582791053719,0.030667147758708265,0.0,0.0
BC,FA,2032-01-01T00:00:00,M,1,263.2843910259144,41000.0,21300.0,0.00642157051282718,43705.921565876575,4766.582791053719,0.00602399815844345,0.0,0.0
BC,FA,2032-01-01T00:00:00,M,2,304.13289978695684,41000.0,21700.0,0.007417875604559923,43705.921565876575,4766.582791053719,0.006958619996801733,0.0,0.0
BC,FA,2032-01-01T00:00:00,M,3,202.9287672985156,41000.0,21999.999999999996,0.0049494821292320875,43705.921565876575,4766.582791053719,0.0046430497293747115,0.0,0.0
BC,FA,2032-01-01T00:00:00,M,4,202.05045653661728,41000.0,22400.0,0.004928059915527251,43705.921565876575,4766.582791053719,0.004622953808034294,0.0,0.0
BC,FA,2032-01-01T00:00:00,M,5,401.7003116995329,41000.0,22900.0,0.009797568578037388,43705.921565876575,4766.582791053719,0.009190981388964937,0.0,0.0
BC,FA,2032-01-01T00:00:00,M,6,301.351848423139,41000.0,23300.0,0.007350045083491195,43705.921565876575,4766.582791053719,0.006894988999806829,0.0,0.0
BC,FA,2032-01-01T00:00:00,M,7,301.1788771072024,41000.0,23700.000000000004,0.007345826270907376,43705.921565876575,4766.582791053719,0.006891031382400777,0.0,0.0
BC,FA,2032-01-01T00:00:00,M,8,301.19902885262127,41000.0,24100.0,0.0073463177768932015,43705.921565876575,4766.582791053719,0.006891492458261825,0.0,0.0
BC,FA,2032-01-01T00:00:00,M,9,201.224218534393,41000.0,24499.999999999996,0.004907907769131537,43705.921565876575,4766.582791053719,0.004604049321579777,0.0,0.0
BC,FA,2032-01-01T00:00:00,M,10,301.24940821617565,41000.0,25099.999999999996,0.007347546541857943,43705.921565876575,4766.582791053719,0.00689264514791461,0.0,0.0
BC,FA,2032-01-01T00:00:00,M,11,301.28971170702425,41000.0,25900.0,0.00734852955382986,43705.921565876575,4766.582791053719,0.006893567299636953,0.0,0.0
BC,FA,2032-01-01T00:00:00,M,12,201.77335928444154,41000.0,26599.999999999996,0.004921301445961989,43705.921565876575,4766.582791053719,0.0046166137689217885,0.0,0.0
BC,FA,2032-01-01T00:00:00,M,13,202.0252601576649,41000.0,27000.000000000004,0.004927445369699144,43705.921565876575,4766.582791053719,0.004622377309975228,0.0,0.0
BC,FA,2032-01-01T00:00:00,M,14,502.7608156852475,41000.0,27900.000000000004,0.012262458919152378,43705.921565876575,4766.582791053719,0.011503265408268576,0.0,0.0
BC,FA,2032-01-01T00:00:00,M,15,803.8288930278832,41000.0,29300.0,0.019605582756777637,43705.921565876575,4766.582791053719,0.0183917616704706,0.0,0.0
BC,FA,2032-01-01T00:00:00,M,16,1305.904631837886,41000.0,30600.0,0.03185133248385088,43705.921565876575,4766.582791053719,0.029879352386370267,0.0,0.0
BC,FA,2032-01-01T00:00:00,M,17,1108.8789218252896,41000.0,32200.0,0.027045827361592428,43705.921565876575,4766.582791053719,0.025371365757701984,0.0,0.0
BC,FA,2032-01-01T00:00:00,M,18,1712.0162296776361,41000.0,33500.0,0.041756493406771615,43705.921565876575,4766.582791053719,0.039171264861608455,0.0,0.0
BC,FA,2032-01-01T00:00:00,M,19,3416.0345437616197,41000.0,36900.0,0.08331791570150292,43705.921565876575,4766.582791053719,0.07815953585631955,0.0,0.0
BC,FA,2032-01-01T00:00:00,M,20,2221.090932248204,41000.0,38600.0,0.054172949567029366,43705.921565876575,4766.582791053719,0.05081899323185355,0.0,0.0
BC,FA,2032-01-01T00:00:00,M,21,625.9157424060031,41000.0,38700.0,0.015266237619658613,43705.921565876575,4766.582791053719,0.014321074124076752,0.0,0.0
BC,FA,2032-01-01T00:00:00,M,22,-169.46332661917404,41000.0,38900.0,-0.004133251868760342,43705.921565876575,4766.582791053719,0.0,0.03555237243276998,0.0043563837177165565
BC,FA,2032-01-01T00:00:00,M,23,-266.0255354987312,41000.0,38600.0,-0.0064884276950910045,43705.921565876575,4766.582791053719,0.0,0.0558105349597678,0.006891853251262466
BC,FA,2032-01-01T00:00:00,M,24,-263.8440841097181,41000.0,37800.0,-0.006435221563651661,43705.921565876575,4766.582791053719,0.0,0.055352879762189486,0.006980002225124817
BC,FA,2032-01-01T00:00:00,M,25,-163.0232435401049,41000.0,36800.0,-0.003976176671709875,43705.921565876575,4766.582791053719,0.0,0.03420128227838173,0.004429979444024589
BC,FA,2032-01-01T00:00:00,M,26,-62.31324292591307,41000.0,35800.0,-0.001519835193314953,43705.921565876575,4766.582791053719,0.0,0.013072938341250938,0.001740593377818801
BC,FA,2032-01-01T00:00:00,M,27,139.13252028641,41000.0,35400.0,0.0033934761045465852,43705.921565876575,4766.582791053719,0.003183379169266569,0.0,0.0
BC,FA,2032-01-01T00:00:00,M,28,41.3249294294219,41000.0,35400.0,0.0010079251080346804,43705.921565876575,4766.582791053719,0.0009455224360647359,0.0,0.0
BC,FA,2032-01-01T00:00:00,M,29,43.3797924408791,41000.0,34900.0,0.001058043718070222,43705.921565876575,4766.582791053719,0.0009925381020851852,0.0,0.0
BC,FA,2032-01-01T00:00:00,M,30,145.38271628405346,41000.0,34300.0,0.0035459199093671573,43705.921565876575,4766.582791053719,0.0033263848713251045,0.0,0.0
BC,FA,2032-01-01T00:00:00,M,31,151.9715844260063,41000.0,36500.0,0.0037066240103903977,43705.921565876575,4766.582791053719,0.0034771394580238803,0.0,0.0
BC,FA,2032-01-01T00:00:00,M,32,-41.14869077768526,41000.0,38399.99999999999,-0.0010036266043337869,43705.921565876575,4766.582791053719,0.0,0.008632744375051288,0.0010715804890022206
BC,FA,2032-01-01T00:00:00,M,33,63.70617544648849,41000.0,39300.0,0.0015538091572314264,43705.921565876575,4766.582791053719,0.0014576097051395233,0.0,0.0
BC,FA,2032-01-01T00:00:00,M,34,168.19500668160617,41000.0,39900.00000000001,0.004102317236136736,43705.921565876575,4766.582791053719,0.0038483345197993612,0.0,0.0
BC,FA,2032-01-01T00:00:00,M,35,272.6508891491321,41000.0,41000.0,0.006650021686564199,43705.921565876575,4766.582791053719,0.006238305460237783,0.0,0.0
BC,FA,2032-01-01T00:00:00,M,36,276.70610950823175,41000.0,41900.0,0.006748929500200775,43705.921565876575,4766.582791053719,0.006331089692072074,0.0,0.0
BC,FA,2032-01-01T00:00:00,M,37,80.50930607927148,41000.0,42600.00000000001,0.0019636416116895483,43705.921565876575,4766.582791053719,0.0018420686075208896,0.0,0.0
BC,FA,2032-01-01T00:00:00,M,38,83.96006239518465,41000.0,42900.0,0.0020478063998825525,43705.921565876575,4766.582791053719,0.0019210225842883615,0.0,0.0
BC,FA,2032-01-01T00:00:00,M,39,87.6109612949731,41000.0,43100.0,0.0021368527145115388,43705.921565876575,4766.582791053719,0.002004555862365694,0.0,0.0
BC,FA,2032-01-01T00:00:00,M,40,92.07941976284928,41000.0,43500.0,0.002245839506410958,43705.921565876575,4766.582791053719,0.002106795062633809,0.0,0.0
BC,FA,2032-01-01T00:00:00,M,41,196.542296462605,41000.0,43800.0,0.004793714547868415,43705.921565876575,4766.582791053719,0.00449692603246823,0.0,0.0
BC,FA,2032-01-01T00:00:00,M,42,102.01199840218032,41000.0,44000.00000000001,0.0024880975220043984,43705.921565876575,4766.582791053719,0.0023340543969178366,0.0,0.0
BC,FA,2032-01-01T00:00:00,M,43,105.48364904913615,41000.0,43300.0,0.002572771928027711,43705.921565876575,4766.582791053719,0.0024134864400500956,0.0,0.0
BC,FA,2032-01-01T00:00:00,M,44,207.8677542552614,41000.0,42200.0,0.005069945225738083,43705.921565876575,4766.582791053719,0.00475605471313421,0.0,0.0
BC,FA,2032-01-01T00:00:00,M,45,12.368973409065802,41000.0,41700.0,0.00030168227826989763,43705.921565876575,4766.582791053719,0.0002830045212620087,0.0,0.0
BC,FA,2032-01-01T00:00:00,M,46,118.62491711726034,41000.0,41900.0,0.0028932906613965935,43705.921565876575,4766.582791053719,0.0027141612135660083,0.0,0.0
BC,FA,2032-01-01T00:00:00,M,47,122.87686128821224,41000.0,41200.00000000001,0.0029969966167856642,43705.921565876575,4766.582791053719,0.002811446524540245,0.0,0.0
BC,FA,2032-01-01T00:00:00,M,48,126.62936469209671,41000.0,40299.99999999999,0.003088521090051139,43705.921565876575,4766.582791053719,0.0028973045334653846,0.0,0.0
BC,FA,2032-01-01T00:00:00,M,49,130.09349333083082,41000.0,39200.0,0.0031730120324592885,43705.921565876575,4766.582791053719,0.0029765644715841295,0.0,0.0
BC,FA,2032-01-01T00:00:00,M,50,34.19074771396117,41000.0,38200.0,0.0008339206759502725,43705.921565876575,4766.582791053719,0.0007822909685687904,0.0,0.0
BC,FA,2032-01-01T00:00:00,M,51,37.472860054571356,41000.0,36999.99999999999,0.0009139721964529599,43705.921565876575,4766.582791053719,0.0008573863383269399,0.0,0.0
BC,FA,2032-01-01T00:00:00,M,52,40.09017739438423,41000.0,35600.0,0.0009778092047410787,43705.921565876575,4766.582791053719,0.0009172710689547537,0.0,0.0
BC,FA,2032-01-01T00:00:00,M,53,41.840966125972045,41000.0,34000.0,0.0010205113689261474,43705.921565876575,4766.582791053719,0.0009573294562135353,0.0,0.0
BC,FA,2032-01-01T00:00:00,M,54,45.15039207016889,41000.0,32800.0,0.0011012290748821682,43705.921565876575,4766.582791053719,0.0010330497665428497,0.0,0.0
BC,FA,2032-01-01T00:00:00,M,55,53.1496885854358,41000.0,32500.0,0.0012963338679374584,43705.921565876575,4766.582791053719,0.0012160752291957722,0.0,0.0
BC,FA,2032-01-01T00:00:00,M,56,160.02165132906885,41000.0,32000.0,0.003902967105587045,43705.921565876575,4766.582791053719,0.0036613265570404046,0.0,0.0
BC,FA,2032-01-01T00:00:00,M,57,69.98826100230144,41000.0,31800.0,0.0017070307561536937,43705.921565876575,4766.582791053719,0.0016013450465015436,0.0,0.0
BC,FA,2032-01-01T00:00:00,M,58,179.25372497815624,41000.0,31500.0,0.004372042072637957,43705.921565876575,4766.582791053719,0.004101360148829551,0.0,0.0
BC,FA,2032-01-01T00:00:00,M,59,191.71268708661592,41000.0,31500.0,0.004675919197234535,43705.921565876575,4766.582791053719,0.0043864236290648475,0.0,0.0
BC,FA,2032-01-01T00:00:00,M,60,109.41353332338622,41000.0,31999.999999999996,0.0026686227639850296,43705.921565876575,4766.582791053719,0.0025034029578456687,0.0,0.0
BC,FA,2032-01-01T00:00:00,M,61,136.43788516805944,41000.0,33700.0,0.0033277532967819377,43705.921565876575,4766.582791053719,0.0031217253928031434,0.0,0.0
BC,FA,2032-01-01T00:00:00,M,62,155.58579451419791,41000.0,33900.0,0.0037947754759560465,43705.921565876575,4766.582791053719,0.0035598332889443434,0.0,0.0
BC,FA,2032-01-01T00:00:00,M,63,170.2024240145911,41000.0,33299.99999999999,0.004151278634502222,43705.921565876575,4766.582791053719,0.0038942646194532306,0.0,0.0
BC,FA,2032-01-01T00:00:00,M,64,184.05122968252545,41000.0,32499.999999999996,0.004489054382500621,43705.921565876575,4766.582791053719,0.004211127991091797,0.0,0.0
BC,FA,2032-01-01T00:00:00,M,65,202.81277774471891,41000.0,32100.0,0.004946653115724851,43705.921565876575,4766.582791053719,0.004640395865787328,0.0,0.0
BC,FA,2032-01-01T00:00:00,M,66,239.43194758596655,41000.0,33299.99999999999,0.005839803599657721,43705.921565876575,4766.582791053719,0.0054782496057216926,0.0,0.0
BC,FA,2032-01-01T00:00:00,M,67,286.2993311023165,41000.0,35000.0,0.006982910514690646,43705.921565876575,4766.582791053719,0.006550584471048996,0.0,0.0
BC,FA,2032-01-01T00:00:00,M,68,234.37365979239985,41000.0,36199.99999999999,0.0057164307266438985,43705.921565876575,4766.582791053719,0.005362514995574129,0.0,0.0
BC,FA,2032-01-01T00:00:00,M,69,178.00816843874782,41000.0,36599.99999999999,0.0043416626448475075,43705.921565876575,4766.582791053719,0.004072861572554686,0.0,0.0
BC,FA,2032-01-01T00:00:00,M,70,197.20391199389996,41000.0,35000.0,0.004809851512046341,43705.921565876575,4766.582791053719,0.004512063924716944,0.0,0.0
BC,FA,2032-01-01T00:00:00,M,71,236.7168593207316,41000.0,34700.0,0.00577358193465199,43705.921565876575,4766.582791053719,0.00541612785727297,0.0,0.0
BC,FA,2032-01-01T00:00:00,M,72,172.12095565721393,41000.0,33800.0,0.0041980720892003396,43705.921565876575,4766.582791053719,0.003938160997195342,0.0,0.0
BC,FA,2032-01-01T00:00:00,M,73,102.8133910300312,41000.0,32500.0,0.0025076436836592975,43705.921565876575,4766.582791053719,0.0023523904163664363,0.0,0.0
BC,FA,2032-01-01T00:00:00,M,74,149.48103489151254,41000.0,32000.0,0.0036458788997929888,43705.921565876575,4766.582791053719,0.0034201551994780485,0.0,0.0
BC,FA,2032-01-01T00:00:00,M,75,174.42279544268968,41000.0,30299.999999999996,0.004254214522992431,43705.921565876575,4766.582791053719,0.003990827539920137,0.0,0.0
BC,FA,2032-01-01T00:00:00,M,76,118.28419595561354,41000.0,29299.999999999996,0.0028849803891613057,43705.921565876575,4766.582791053719,0.0027063654470099083,0.0,0.0
BC,FA,2032-01-01T00:00:00,M,77,54.94244959504795,41000.0,27900.0,0.0013400597462206816,43705.921565876575,4766.582791053719,0.0012570939503525832,0.0,0.0
BC,FA,2032-01-01T00:00:00,M,78,72.79891735559067,41000.0,25900.0,0.001775583350136358,43705.921565876575,4766.582791053719,0.0016656534114230523,0.0,0.0
BC,FA,2032-01-01T00:00:00,M,79,7.048588840836601,41000.0,24399.999999999996,0.00017191680099601465,43705.921565876575,4766.582791053719,0.00016127308584976255,0.0,0.0
BC,FA,2032-01-01T00:00:00,M,80,130.95179328825907,41000.0,22800.0,0.0031939461777624164,43705.921565876575,4766.582791053719,0.0029962025418198653,0.0,0.0
BC,FA,2032-01-01T00:00:00,M,81,67.98238444454182,41000.0,21399.999999999996,0.0016581069376717518,43705.921565876575,4766.582791053719,0.0015554502000849951,0.0,0.0
BC,FA,2032-01-01T00:00:00,M,82,13.696824664635642,41000.0,20199.999999999996,0.0003340688942594059,43705.921565876575,4766.582791053719,0.0003133860166748994,0.0,0.0
BC,FA,2032-01-01T00:00:00,M,83,31.904437303721352,41000.0,18500.0,0.0007781570074078378,43705.921565876575,4766.582791053719,0.0007299797409747507,0.0,0.0
BC,FA,2032-01-01T00:00:00,M,84,-12.671455044601316,41000.0,17499.999999999996,-0.0003090598791366175,43705.921565876575,4766.582791053719,0.0,0.002658393990005598,0.0007240831454057897
BC,FA,2032-01-01T00:00:00,M,85,-78.47391206846441,41000.0,16099.999999999998,-0.0019139978553284003,43705.921565876575,4766.582791053719,0.0,0.016463348169625868,0.004874156029097169
BC,FA,2032-01-01T00:00:00,M,86,-19.634321368264864,41000.0,12400.0,-0.0004788858870308503,43705.921565876575,4766.582791053719,0.0,0.004119160880854946,0.001583413013569747
BC,FA,2032-01-01T00:00:00,M,87,-50.03307390516602,41000.0,10600.0,-0.0012203188757357567,43705.921565876575,4766.582791053719,0.0,0.010496633772746348,0.004720101311808115
BC,FA,2032-01-01T00:00:00,M,88,-40.39094848667446,41000.0,9500.0,-0.0009851450850408405,43705.921565876575,4766.582791053719,0.0,0.008473774663577276,0.004251678788070996
BC,FA,2032-01-01T00:00:00,M,89,-66.66183183848443,41000.0,8099.999999999999,-0.0016258983375240104,43705.921565876575,4766.582791053719,0.0,0.013985245774729932,0.008229855782528944
BC,FA,2032-01-01T00:00:00,M,90,-131.04156471547867,41000.0,6499.999999999999,-0.0031961357247677724,43705.921565876575,4766.582791053719,0.0,0.027491721104986853,0.02016024072545826
BC,FA,2032-01-01T00:00:00,M,91,-87.41686084548382,41000.0,5300.0,-0.0021321185572069227,43705.921565876575,4766.582791053719,0.0,0.018339524283424672,0.01649374732933657
BC,FA,2032-01-01T00:00:00,M,92,-44.33752509194983,41000.0,4299.999999999999,-0.0010814030510231665,43705.921565876575,4766.582791053719,0.0,0.009301742366704682,0.01031105234696508
BC,FA,2032-01-01T00:00:00,M,93,-14.032711425264552,41000.0,3399.9999999999995,-0.00034226125427474515,43705.921565876575,4766.582791053719,0.0,0.002943977276887375,0.004127268066254281
BC,FA,2032-01-01T00:00:00,M,94,-78.82385153504492,41000.0,2600.0,-0.0019225329642693883,43705.921565876575,4766.582791053719,0.0,0.016536763335567663,0.030316865975017277
BC,FA,2032-01-01T00:00:00,M,95,-49.508528104943025,41000.0,1999.9999999999998,-0.0012075250757303177,43705.921565876575,4766.582791053719,0.0,0.010386587262863524,0.024754264052471515
BC,FA,2032-01-01T00:00:00,M,96,-27.25455788745103,41000.0,1499.9999999999998,-0.0006647453143280739,43705.921565876575,4766.582791053719,0.0,0.005717840029675857,0.018169705258300688
BC,FA,2032-01-01T00:00:00,M,97,-0.13450185521378444,41000.0,1099.9999999999998,-3.2805330539947425e-06,43705.921565876575,4766.582791053719,0.0,2.821766894854478e-05,0.00012227441383071315
BC,FA,2032-01-01T00:00:00,M,98,32.95839448570189,41000.0,799.9999999999999,0.0008038632801390704,43705.921565876575,4766.582791053719,0.0007540944866252214,0.0,0.0
BC,FA,2032-01-01T00:00:00,M,99,-23.345059363460223,41000.0,500.0,-0.0005693916917917127,43705.921565876575,4766.582791053719,0.0,0.004897651081876934,0.04669011872692044
BC,FA,2032-01-01T00:00:00,M,100,536.1306470241341,41000.0,900.0,0.013076357244491075,43705.921565876575,4766.582791053719,0.012266773650248766,0.0,0.0
BC,FA,2033-01-01T00:00:00,F,1,157.63118482052232,40800.0,20100.0,0.0038635094318755473,42257.14909695913,5631.162646138629,0.0037302844178824556,0.0,0.0
BC,FA,2033-01-01T00:00:00,F,2,102.58704177999243,40800.0,20400.000000000004,0.002514388278921383,42257.14909695913,5631.162646138629,0.002427684876341426,0.0,0.0
BC,FA,2033-01-01T00:00:00,F,3,102.10020966225056,40800.0,20700.0,0.002502456119172808,42257.14909695913,5631.162646138629,0.0024161641720784662,0.0,0.0
BC,FA,2033-01-01T00:00:00,F,4,201.7671613898201,40800.0,21000.000000000004,0.004945273563475983,42257.14909695913,5631.162646138629,0.004774746183820041,0.0,0.0
BC,FA,2033-01-01T00:00:00,F,5,201.61338193821211,40800.0,21300.0,0.0049415044592699044,42257.14909695913,5631.162646138629,0.004771107049261883,0.0,0.0
BC,FA,2033-01-01T00:00:00,F,6,201.45450538363002,40800.0,21599.999999999996,0.004937610426069363,42257.14909695913,5631.162646138629,0.004767347293623433,0.0,0.0
BC,FA,2033-01-01T00:00:00,F,7,201.29053174907312,40800.0,21899.999999999996,0.004933591464438067,42257.14909695913,5631.162646138629,0.004763466917448962,0.0,0.0
BC,FA,2033-01-01T00:00:00,F,8,201.12146105755892,40800.0,22200.000000000004,0.004929447574940169,42257.14909695913,5631.162646138629,0.004759465921283171,0.0,0.0
BC,FA,2033-01-01T00:00:00,F,9,101.14185125859876,40800.0,22500.0,0.002478966942612715,42257.14909695913,5631.162646138629,0.0023934849704727724,0.0,0.0
BC,FA,2033-01-01T00:00:00,F,10,201.15714390937865,40800.0,22900.0,0.004930322154641634,42257.14909695913,5631.162646138629,0.004760310342939205,0.0,0.0
BC,FA,2033-01-01T00:00:00,F,11,201.18263166068937,40800.0,23400.0,0.004930946854428661,42257.14909695913,5631.162646138629,0.0047609135012652015,0.0,0.0
BC,FA,2033-01-01T00:00:00,F,12,201.41542191834378,40800.0,24000.0,0.004936652497998622,42257.14909695913,5631.162646138629,0.004766422397691704,0.0,0.0
BC,FA,2033-01-01T00:00:00,F,13,201.6516112533718,40800.0,24500.0,0.004942441452288525,42257.14909695913,5631.162646138629,0.004772011732042824,0.0,0.0
BC,FA,2033-01-01T00:00:00,F,14,401.91158997418825,40800.0,25400.0,0.009850774264073242,42257.14909695913,5631.162646138629,0.009511090988462121,0.0,0.0
BC,FA,2033-01-01T00:00:00,F,15,802.6609452516896,40800.0,26900.0,0.019673062383619842,42257.14909695913,5631.162646138629,0.01899467811730465,0.0,0.0
BC,FA,2033-01-01T00:00:00,F,16,1403.9430203681804,40800.0,28699.999999999996,0.03441036814627893,42257.14909695913,5631.162646138629,0.03322379882151609,0.0,0.0
BC,FA,2033-01-01T00:00:00,F,17,1105.8725369009808,40800.0,29900.0,0.027104719041690706,42257.14909695913,5631.162646138629,0.026170069693143602,0.0,0.0
BC,FA,2033-01-01T00:00:00,F,18,1607.621112764442,40800.0,31500.0,0.03940247825403044,42257.14909695913,5631.162646138629,0.03804376648968323,0.0,0.0
BC,FA,2033-01-01T00:00:00,F,19,3109.6653914486524,40800.0,34700.0,0.07621728900609442,42257.14909695913,5631.162646138629,0.07358909576018764,0.0,0.0
BC,FA,2033-01-01T00:00:00,F,20,1712.1922829179748,40800.0,36700.0,0.04196549713034252,42257.14909695913,5631.162646138629,0.04051840503933063,0.0,0.0
BC,FA,2033-01-01T00:00:00,F,21,313.9935963709722,40800.0,36900.0,0.0076959214796806915,42257.14909695913,5631.162646138629,0.0074305437797167325,0.0,0.0
BC,FA,2033-01-01T00:00:00,F,22,-385.0734298439056,40800.0,36200.0,-0.00943807426088004,42257.14909695913,5631.162646138629,0.0,0.06838257994695929,0.010637387564748774
BC,FA,2033-01-01T00:00:00,F,23,-184.09711552781664,40800.0,36500.0,-0.004512184204113153,42257.14909695913,5631.162646138629,0.0,0.03269255873013271,0.005043756589803196
BC,FA,2033-01-01T00:00:00,F,24,16.436513633132563,40800.0,36500.0,0.0004028557263022687,42257.14909695913,5631.162646138629,0.00038896409209762217,0.0,0.0
BC,FA,2033-01-01T00:00:00,F,25,16.481545177339285,40800.0,36600.00000000001,0.0004039594406210609,42257.14909695913,5631.162646138629,0.00039002974714461545,0.0,0.0
BC,FA,2033-01-01T00:00:00,F,26,-83.83367563206411,40800.0,35800.0,-0.0020547469517662774,42257.14909695913,5631.162646138629,0.0,0.014887454136944544,0.0023417227830185507
BC,FA,2033-01-01T00:00:00,F,27,116.1043240135914,40800.0,35200.0,0.002845694216019397,42257.14909695913,5631.162646138629,0.00274756642354622,0.0,0.0
BC,FA,2033-01-01T00:00:00,F,28,116.26238394511893,40800.0,34900.0,0.0028495682339489932,42257.14909695913,5631.162646138629,0.002751306854098335,0.0,0.0
BC,FA,2033-01-01T00:00:00,F,29,216.90222450981673,40800.0,35100.00000000001,0.005316230992887665,42257.14909695913,5631.162646138629,0.0051329119248469425,0.0,0.0
BC,FA,2033-01-01T00:00:00,F,30,117.19455821107113,40800.0,34400.0,0.002872415642428214,42257.14909695913,5631.162646138629,0.002773366417648477,0.0,0.0
BC,FA,2033-01-01T00:00:00,F,31,217.91090195388824,40800.0,34200.0,0.005340953479261967,42257.14909695913,5631.162646138629,0.005156781908166382,0.0,0.0
BC,FA,2033-01-01T00:00:00,F,32,20.41243347749696,40800.0,36400.0,0.0005003047420955138,42257.14909695913,5631.162646138629,0.0004830527831080271,0.0,0.0
BC,FA,2033-01-01T00:00:00,F,33,22.54183811032999,40800.0,37900.00000000001,0.0005524960321159311,42257.14909695913,5631.162646138629,0.000533444366031596,0.0,0.0
BC,FA,2033-01-01T00:00:00,F,34,224.47078102779778,40800.0,38600.0,0.005501734829112691,42257.14909695913,5631.162646138629,0.005312019050616714,0.0,0.0
BC,FA,2033-01-01T00:00:00,F,35,226.44223727754434,40800.0,39100.00000000001,0.00555005483523393,42257.14909695913,5631.162646138629,0.005358672842741286,0.0,0.0
BC,FA,2033-01-01T00:00:00,F,36,128.97800630997517,40800.0,39300.0,0.0031612256448523327,42257.14909695913,5631.162646138629,0.003052217413295791,0.0,0.0
BC,FA,2033-01-01T00:00:00,F,37,132.50798264320474,40800.0,40799.99999999999,0.0032477446726275673,42257.14909695913,5631.162646138629,0.003135753013985038,0.0,0.0
BC,FA,2033-01-01T00:00:00,F,38,35.10079973904067,40800.0,40900.0,0.000860313719094134,42257.14909695913,5631.162646138629,0.0008306476061246299,0.0,0.0
BC,FA,2033-01-01T00:00:00,F,39,137.19902126892703,40800.0,41400.0,0.0033627211095325254,42257.14909695913,5631.162646138629,0.0032467647297768133,0.0,0.0
BC,FA,2033-01-01T00:00:00,F,40,39.51990255427518,40800.0,41900.0,0.0009686250626047837,42257.14909695913,5631.162646138629,0.0009352240602790469,0.0,0.0
BC,FA,2033-01-01T00:00:00,F,41,141.72604212057195,40800.0,42800.0,0.003473677502955195,42257.14909695913,5631.162646138629,0.0033538950248484865,0.0,0.0
BC,FA,2033-01-01T00:00:00,F,42,43.582116948506155,40800.0,43100.0,0.0010681891408947587,42257.14909695913,5631.162646138629,0.0010313548802950924,0.0,0.0
BC,FA,2033-01-01T00:00:00,F,43,145.36088766105968,40800.0,43500.0,0.0035627668544377373,42257.14909695913,5631.162646138629,0.003439912317026612,0.0,0.0
BC,FA,2033-01-01T00:00:00,F,44,46.55257507749775,40800.0,42799.99999999999,0.0011409944871935724,42257.14909695913,5631.162646138629,0.0011016496870312465,0.0,0.0
BC,FA,2033-01-01T00:00:00,F,45,48.16583088924381,40800.0,42300.0,0.0011805350708147993,42257.14909695913,5631.162646138629,0.0011398267966143951,0.0,0.0
BC,FA,2033-01-01T00:00:00,F,46,149.84377280210902,40800.0,41700.0,0.00367264149024777,42257.14909695913,5631.162646138629,0.003545998156626518,0.0,0.0
BC,FA,2033-01-01T00:00:00,F,47,152.44460376938514,40800.0,41800.0,0.0037363873472888516,42257.14909695913,5631.162646138629,0.003607545871577863,0.0,0.0
BC,FA,2033-01-01T00:00:00,F,48,54.83405875608878,40800.0,41099.99999999999,0.0013439720283355092,42257.14909695913,5631.162646138629,0.0012976279736778243,0.0,0.0
BC,FA,2033-01-01T00:00:00,F,49,57.61797059154196,40800.0,40600.0,0.001412205161557401,42257.14909695913,5631.162646138629,0.001363508230508816,0.0,0.0
BC,FA,2033-01-01T00:00:00,F,50,60.84660007628554,40800.0,40000.00000000001,0.0014913382371638613,42257.14909695913,5631.162646138629,0.0014399125680881327,0.0,0.0
BC,FA,2033-01-01T00:00:00,F,51,64.62282996614522,40800.0,39399.99999999999,0.0015838928913270887,42257.14909695913,5631.162646138629,0.001529275669257005,0.0,0.0
BC,FA,2033-01-01T00:00:00,F,52,-32.65109265238425,40800.0,38000.00000000001,-0.000800271878734908,42257.14909695913,5631.162646138629,0.0,0.005798286198459139,0.0008592392803259012
BC,FA,2033-01-01T00:00:00,F,53,71.00837091304857,40800.0,37300.0,0.0017404012478688374,42257.14909695913,5631.162646138629,0.001680387163604428,0.0,0.0
BC,FA,2033-01-01T00:00:00,F,54,173.22001702057605,40800.0,35700.00000000001,0.004245588652465099,42257.14909695913,5631.162646138629,0.004099188438460964,0.0,0.0
BC,FA,2033-01-01T00:00:00,F,55,77.04685602292011,40800.0,34600.00000000001,0.0018884033338951007,42257.14909695913,5631.162646138629,0.0018232857083220618,0.0,0.0
BC,FA,2033-01-01T00:00:00,F,56,182.79504926945083,40800.0,34400.00000000001,0.004480270815427716,42257.14909695913,5631.162646138629,0.004325778079586655,0.0,0.0
BC,FA,2033-01-01T00:00:00,F,57,190.58043647506565,40800.0,34700.00000000001,0.004671089129290825,42257.14909695913,5631.162646138629,0.004510016424387229,0.0,0.0
BC,FA,2033-01-01T00:00:00,F,58,97.37896925600216,40800.0,34300.0,0.0023867394425490726,42257.14909695913,5631.162646138629,0.002304437742180995,0.0,0.0
BC,FA,2033-01-01T00:00:00,F,59,105.53008104128821,40800.0,34200.00000000001,0.0025865215941492208,42257.14909695913,5631.162646138629,0.002497330825587623,0.0,0.0
BC,FA,2033-01-01T00:00:00,F,60,115.80271419924975,40800.0,34400.00000000001,0.0028383018186090626,42257.14909695913,5631.162646138629,0.002740428937445357,0.0,0.0
BC,FA,2033-01-01T00:00:00,F,61,127.87648352496763,40800.0,34900.0,0.0031342275373766573,42257.14909695913,5631.162646138629,0.003026150278892566,0.0,0.0
BC,FA,2033-01-01T00:00:00,F,62,148.56241561594652,40800.0,37100.0,0.003641235676861434,42257.14909695913,5631.162646138629,0.0035156753068000327,0.0,0.0
BC,FA,2033-01-01T00:00:00,F,63,162.88949197876354,40800.0,37200.0,0.00399238950928342,42257.14909695913,5631.162646138629,0.0038547203363154766,0.0,0.0
BC,FA,2033-01-01T00:00:00,F,64,177.44173002013122,40800.0,37000.00000000001,0.004349062010297334,42257.14909695913,5631.162646138629,0.0041990937347190825,0.0,0.0
BC,FA,2033-01-01T00:00:00,F,65,88.14026161023503,40800.0,35700.00000000001,0.002160300529662623,42257.14909695913,5631.162646138629,0.0020858070999535956,0.0,0.0
BC,FA,2033-01-01T00:00:00,F,66,1.2354993858607486,40800.0,34700.0,3.0281847692665408e-05,42257.14909695913,5631.162646138629,2.923764173077299e-05,0.0,0.0
BC,FA,2033-01-01T00:00:00,F,67,28.747714807359444,40800.0,35899.99999999999,0.000704600853121555,42257.14909695913,5631.162646138629,0.000680304171523681,0.0,0.0
BC,FA,2033-01-01T00:00:00,F,68,61.56971606744628,40800.0,37300.0,0.0015090616683197619,42257.14909695913,5631.162646138629,0.001457024843918704,0.0,0.0
BC,FA,2033-01-01T00:00:00,F,69,201.47533223095525,40800.0,39100.0,0.004938120888013609,42257.14909695913,5631.162646138629,0.004767840153358893,0.0,0.0
BC,FA,2033-01-01T00:00:00,F,70,232.53652134662116,40800.0,39100.0,0.005699424542809342,42257.14909695913,5631.162646138629,0.005502891849449321,0.0,0.0
BC,FA,2033-01-01T00:00:00,F,71,253.22776904134662,40800.0,37600.0,0.006206562966699672,42257.14909695913,5631.162646138629,0.005992542669178058,0.0,0.0
BC,FA,2033-01-01T00:00:00,F,72,91.869823132678,40800.0,37500.0,0.0022517113512911273,42257.14909695913,5631.162646138629,0.0021740658112520193,0.0,0.0
BC,FA,2033-01-01T00:00:00,F,73,129.50875980838464,40800.0,37100.0,0.003174234309029035,42257.14909695913,5631.162646138629,0.0030647775009910506,0.0,0.0
BC,FA,2033-01-01T00:00:00,F,74,163.67927460717328,40800.0,36100.0,0.004011746926646404,42257.14909695913,5631.162646138629,0.0038734102537682034,0.0,0.0
BC,FA,2033-01-01T00:00:00,F,75,106.4603010048013,40800.0,35400.0,0.0026093211030588552,42257.14909695913,5631.162646138629,0.002519344141284304,0.0,0.0
BC,FA,2033-01-01T00:00:00,F,76,44.44945760061819,40800.0,34100.00000000001,0.00108944749021123,42257.14909695913,5631.162646138629,0.0010518801800525823,0.0,0.0
BC,FA,2033-01-01T00:00:00,F,77,-13.025244723117794,40800.0,32900.00000000001,-0.0003192461941940636,42257.14909695913,5631.162646138629,0.0,0.002313064910680461,0.0003959040949275924
BC,FA,2033-01-01T00:00:00,F,78,-66.90949230486876,40800.0,31700.000000000004,-0.0016399385368840384,42257.14909695913,5631.162646138629,0.0,0.011882003150938925,0.0021107095364311912
BC,FA,2033-01-01T00:00:00,F,79,65.39718324566638,40800.0,29900.000000000004,0.001602872138374176,42257.14909695913,5631.162646138629,0.001547600456803472,0.0,0.0
BC,FA,2033-01-01T00:00:00,F,80,-102.3169064927497,40800.0,27800.000000000004,-0.0025077673159987672,42257.14909695913,5631.162646138629,0.0,0.018169765805452254,0.003680464262329125
BC,FA,2033-01-01T00:00:00,F,81,-170.6045871895185,40800.0,25800.0,-0.004181484980135257,42257.14909695913,5631.162646138629,0.0,0.03029651209000411,0.006612580898818546
BC,FA,2033-01-01T00:00:00,F,82,-131.15420751222337,40800.0,24200.000000000004,-0.003214563909613318,42257.14909695913,5631.162646138629,0.0,0.02329078660197424,0.005419595351744766
BC,FA,2033-01-01T00:00:00,F,83,-174.7156262264616,40800.0,23000.0,-0.004282245740844647,42257.14909695913,5631.162646138629,0.0,0.03102656364334756,0.007596331575063548
BC,FA,2033-01-01T00:00:00,F,84,-149.39050297481663,40800.0,21000.000000000004,-0.0036615319356572704,42257.14909695913,5631.162646138629,0.0,0.02652924668713945,0.007113833474991267
BC,FA,2033-01-01T00:00:00,F,85,-94.66543642468969,40800.0,19800.000000000004,-0.002320231284918865,42257.14909695913,5631.162646138629,0.0,0.016810993106299847,0.0047810826477115995
BC,FA,2033-01-01T00:00:00,F,86,-142.97011302450483,40800.0,18400.0,-0.0035041694368751182,42257.14909695913,5631.162646138629,0.0,0.025389093160458,0.007770114838288306
BC,FA,2033-01-01T00:00:00,F,87,36.736161763714335,40800.0,14300.0,0.0009003961216596651,42257.14909695913,5631.162646138629,0.0008693478511629623,0.0,0.0
BC,FA,2033-01-01T00:00:00,F,88,-166.55860380252852,40800.0,12300.0,-0.0040823187206502085,42257.14909695913,5631.162646138629,0.0,0.029578013328515777,0.013541349902644596
BC,FA,2033-01-01T00:00:00,F,89,-141.3515805741681,40800.0,11100.0,-0.0034644995238766693,42257.14909695913,5631.162646138629,0.0,0.025101668954828533,0.012734376628303434
BC,FA,2033-01-01T00:00:00,F,90,-154.94081927125444,40800.0,9500.0,-0.0037975690997856483,42257.14909695913,5631.162646138629,0.0,0.027514889731963196,0.016309559923289942
BC,FA,2033-01-01T00:00:00,F,91,-195.51696192243344,40800.0,7800.0,-0.004792082400059643,42257.14909695913,5631.162646138629,0.0,0.03472053183484272,0.02506627716954275
BC,FA,2033-01-01T00:00:00,F,92,-122.37653984615736,40800.0,6600.0,-0.002999424996229347,42257.14909695913,5631.162646138629,0.0,0.02173202010602069,0.01854189997669051
BC,FA,2033-01-01T00:00:00,F,93,-86.13620443180389,40800.0,5300.0,-0.002111181481171664,42257.14909695913,5631.162646138629,0.0,0.015296344617371114,0.016252114043736582
BC,FA,2033-01-01T00:00:00,F,94,-142.58916742880137,40800.0,4200.0,-0.0034948325350196417,42257.14909695913,5631.162646138629,0.0,0.02532144361459296,0.03394980176876223
BC,FA,2033-01-01T00:00:00,F,95,-97.2154008020816,40800.0,3400.0,-0.0023827304118157256,42257.14909695913,5631.162646138629,0.0,0.017263823993566168,0.028592764941788706
BC,FA,2033-01-01T00:00:00,F,96,-63.278511230309505,40800.0,2700.0,-0.0015509439027036644,42257.14909695913,5631.162646138629,0.0,0.011237201836764653,0.023436485640855372
BC,FA,2033-01-01T00:00:00,F,97,-132.3880841937921,40800.0,2000.0,-0.0032448059851419636,42257.14909695913,5631.162646138629,0.0,0.023509902397255845,0.06619404209689606
BC,FA,2033-01-01T00:00:00,F,98,-23.596131886139347,40800.0,1500.0,-0.0005783365658367487,42257.14909695913,5631.162646138629,0.0,0.0041902771006480455,0.015730754590759566
BC,FA,2033-01-01T00:00:00,F,99,4.249958457621005,40800.0,1100.0,0.00010416564847110307,42257.14909695913,5631.162646138629,0.00010057371470729049,0.0,0.0
BC,FA,2033-01-01T00:00:00,F,100,1361.1096891870786,40800.0,2200.0,0.033360531597722516,42257.14909695913,5631.162646138629,0.03221016368293112,0.0,0.0
BC,FA,2033-01-01T00:00:00,M,1,261.7767215737913,40800.0,21200.0,0.0064160961170046885,42257.14909695913,5631.162646138629,0.006194850508564692,0.0,0.0
BC,FA,2033-01-01T00:00:00,M,2,304.0344903294499,40800.0,21599.999999999996,0.00745182574336887,42257.14909695913,5631.162646138629,0.0071948651725615,0.0,0.0
BC,FA,2033-01-01T00:00:00,M,3,202.85927278081726,40800.0,21900.0,0.004972040999529835,42257.14909695913,5631.162646138629,0.004800590601021289,0.0,0.0
BC,FA,2033-01-01T00:00:00,M,4,301.99290871668563,40800.0,22299.999999999996,0.007401786978350138,42257.14909695913,5631.162646138629,0.00714655188933267,0.0,0.0
BC,FA,2033-01-01T00:00:00,M,5,301.6602023926134,40800.0,22700.0,0.007393632411583663,42257.14909695913,5631.162646138629,0.007138678515686265,0.0,0.0
BC,FA,2033-01-01T00:00:00,M,6,301.32008682581727,40800.0,23200.000000000004,0.007385296245730815,42257.14909695913,5631.162646138629,0.007130629805016841,0.0,0.0
BC,FA,2033-01-01T00:00:00,M,7,301.15126520597914,40800.0,23600.000000000004,0.007381158460930862,42257.14909695913,5631.162646138629,0.007126634703041297,0.0,0.0
BC,FA,2033-01-01T00:00:00,M,8,301.17102941551275,40800.0,23999.999999999996,0.007381642877831195,42257.14909695913,5631.162646138629,0.007127102415841521,0.0,0.0
BC,FA,2033-01-01T00:00:00,M,9,301.19079362506454,40800.0,24400.0,0.007382127294731974,42257.14909695913,5631.162646138629,0.007127570128642174,0.0,0.0
BC,FA,2033-01-01T00:00:00,M,10,401.2105578346127,40800.0,24900.0,0.009833592103789528,42257.14909695913,5631.162646138629,0.009494501318913731,0.0,0.0
BC,FA,2033-01-01T00:00:00,M,11,301.2402041489295,40800.0,25400.0,0.007383338336983566,42257.14909695913,5631.162646138629,0.007128739410643465,0.0,0.0
BC,FA,2033-01-01T00:00:00,M,12,201.70631611404315,40800.0,26100.0,0.004943782257697136,42257.14909695913,5631.162646138629,0.004773306302591013,0.0,0.0
BC,FA,2033-01-01T00:00:00,M,13,301.9714903412314,40800.0,26900.0,0.007401262018167436,42257.14909695913,5631.162646138629,0.007146045031300078,0.0,0.0
BC,FA,2033-01-01T00:00:00,M,14,502.6681965450189,40800.0,27500.0,0.012320298934926933,42257.14909695913,5631.162646138629,0.011895459284099963,0.0,0.0
BC,FA,2033-01-01T00:00:00,M,15,803.6762078610445,40800.0,28700.0,0.019697946271104032,42257.14909695913,5631.162646138629,0.019018703936155453,0.0,0.0
BC,FA,2033-01-01T00:00:00,M,16,1305.7910973816797,40800.0,30600.000000000004,0.0320046837593549,42257.14909695913,5631.162646138629,0.030901069411605097,0.0,0.0
BC,FA,2033-01-01T00:00:00,M,17,1108.5682082829044,40800.0,31700.0,0.027170789418698636,42257.14909695913,5631.162646138629,0.02623386177186946,0.0,0.0
BC,FA,2033-01-01T00:00:00,M,18,1711.9334629611367,40800.0,33900.0,0.04195915350394943,42257.14909695913,5631.162646138629,0.04051228015957965,0.0,0.0
BC,FA,2033-01-01T00:00:00,M,19,3315.7263148380807,40800.0,36800.0,0.08126780183426668,42257.14909695913,5631.162646138629,0.07846545225353795,0.0,0.0
BC,FA,2033-01-01T00:00:00,M,20,2120.9696875496156,40800.0,39000.0,0.051984551165431755,42257.14909695913,5631.162646138629,0.05019197302409222,0.0,0.0
BC,FA,2033-01-01T00:00:00,M,21,525.7512328396042,40800.0,39100.0,0.012886059628421672,42257.14909695913,5631.162646138629,0.012441710907502698,0.0,0.0
BC,FA,2033-01-01T00:00:00,M,22,-170.35654531302134,40800.0,38500.0,-0.004175405522377974,42257.14909695913,5631.162646138629,0.0,0.030252464014662646,0.004424845332805749
BC,FA,2033-01-01T00:00:00,M,23,-266.6783670740624,40800.0,38600.0,-0.006536234487109373,42257.14909695913,5631.162646138629,0.0,0.04735760336401004,0.006908765986374674
BC,FA,2033-01-01T00:00:00,M,24,-364.0734111827187,40800.0,38200.0,-0.008923367921145066,42257.14909695913,5631.162646138629,0.0,0.06465332899456726,0.009530717570228239
BC,FA,2033-01-01T00:00:00,M,25,-162.94954065430647,40800.0,37599.99999999999,-0.003993861290546727,42257.14909695913,5631.162646138629,0.0,0.028937104270295475,0.004333764379103896
BC,FA,2033-01-01T00:00:00,M,26,-162.1106401973011,40800.0,36600.0,-0.003973300004835811,42257.14909695913,5631.162646138629,0.0,0.028788129625142822,0.004429252464407134
BC,FA,2033-01-01T00:00:00,M,27,38.924385078535124,40800.0,35800.0,0.0009540290460425275,42257.14909695913,5631.162646138629,0.0009211313567137013,0.0,0.0
BC,FA,2033-01-01T00:00:00,M,28,40.531085188660654,40800.0,35400.0,0.000993408950702467,42257.14909695913,5631.162646138629,0.0009591533280123082,0.0,0.0
BC,FA,2033-01-01T00:00:00,M,29,43.15608575959777,40800.0,35399.99999999999,0.0010577471999901416,42257.14909695913,5631.162646138629,0.00102127300780694,0.0,0.0
BC,FA,2033-01-01T00:00:00,M,30,145.4221044167498,40800.0,35000.0,0.0035642672651164165,42257.14909695913,5631.162646138629,0.0034413609891921107,0.0,0.0
BC,FA,2033-01-01T00:00:00,M,31,148.03269779726543,40800.0,34400.0,0.0036282523969918,42257.14909695913,5631.162646138629,0.0035031397280872885,0.0,0.0
BC,FA,2033-01-01T00:00:00,M,32,54.722684235726774,40800.0,36500.0,0.0013412422606795778,42257.14909695913,5631.162646138629,0.0012949923363302488,0.0,0.0
BC,FA,2033-01-01T00:00:00,M,33,61.05202981373441,40800.0,38399.99999999999,0.0014963732797483923,42257.14909695913,5631.162646138629,0.0014447739877967247,0.0,0.0
BC,FA,2033-01-01T00:00:00,M,34,166.04542312092963,40800.0,39400.0,0.004069740762767883,42257.14909695913,5631.162646138629,0.00392940429416897,0.0,0.0
BC,FA,2033-01-01T00:00:00,M,35,169.68429331907828,40800.0,39999.99999999999,0.004158928757820546,42257.14909695913,5631.162646138629,0.004015516828400734,0.0,0.0
BC,FA,2033-01-01T00:00:00,M,36,173.97065815079986,40800.0,41100.0,0.00426398671938235,42257.14909695913,5631.162646138629,0.004116952086654586,0.0,0.0
BC,FA,2033-01-01T00:00:00,M,37,77.66630667952995,40800.0,41900.00000000001,0.001903585948027695,42257.14909695913,5631.162646138629,0.001837944781871688,0.0,0.0
BC,FA,2033-01-01T00:00:00,M,38,181.77259256732214,40800.0,42700.0,0.0044552106021402485,42257.14909695913,5631.162646138629,0.0043015820151578255,0.0,0.0
BC,FA,2033-01-01T00:00:00,M,39,85.53065675266407,40800.0,42900.0,0.002096339626290786,42257.14909695913,5631.162646138629,0.00202405175409287,0.0,0.0
BC,FA,2033-01-01T00:00:00,M,40,89.48178279868443,40800.0,43100.0,0.002193180950948148,42257.14909695913,5631.162646138629,0.0021175537089207857,0.0,0.0
BC,FA,2033-01-01T00:00:00,M,41,94.25627193958644,40800.0,43500.0,0.0023102027436173148,42257.14909695913,5631.162646138629,0.00223054025067605,0.0,0.0
BC,FA,2033-01-01T00:00:00,M,42,99.59978825529106,40800.0,43800.0,0.0024411712807669377,42257.14909695913,5631.162646138629,0.002356992612699903,0.0,0.0
BC,FA,2033-01-01T00:00:00,M,43,105.1324133074595,40800.0,44000.0,0.0025767748359671445,42257.14909695913,5631.162646138629,0.0024879201639048795,0.0,0.0
BC,FA,2033-01-01T00:00:00,M,44,208.8141061801216,40800.0,43400.00000000001,0.005117992798532392,42257.14909695913,5631.162646138629,0.004941509558560071,0.0,0.0
BC,FA,2033-01-01T00:00:00,M,45,11.268285683865543,40800.0,42100.0,0.0002761834726437633,42257.14909695913,5631.162646138629,0.0002666598652457702,0.0,0.0
BC,FA,2033-01-01T00:00:00,M,46,115.79450806340901,40800.0,41700.0,0.002838100687828652,42257.14909695913,5631.162646138629,0.0027402347422377745,0.0,0.0
BC,FA,2033-01-01T00:00:00,M,47,122.5683072304164,40800.0,41900.0,0.003004125177216088,42257.14909695913,5631.162646138629,0.0029005342255622383,0.0,0.0
BC,FA,2033-01-01T00:00:00,M,48,126.97528720354603,40800.0,41200.00000000001,0.003112139392243775,42257.14909695913,5631.162646138629,0.003004823797085812,0.0,0.0
BC,FA,2033-01-01T00:00:00,M,49,31.180304726549366,40800.0,40200.0,0.0007642231550624844,42257.14909695913,5631.162646138629,0.0007378705235179515,0.0,0.0
BC,FA,2033-01-01T00:00:00,M,50,34.71175416486949,40800.0,39100.0,0.0008507782883546444,42257.14909695913,5631.162646138629,0.0008214409847011517,0.0,0.0
BC,FA,2033-01-01T00:00:00,M,51,38.83652418119891,40800.0,38100.0,0.0009518755926764439,42257.14909695913,5631.162646138629,0.0009190521606672616,0.0,0.0
BC,FA,2033-01-01T00:00:00,M,52,42.40994884549582,40800.0,36900.0,0.0010394595305268583,42257.14909695913,5631.162646138629,0.0010036159502427881,0.0,0.0
BC,FA,2033-01-01T00:00:00,M,53,45.244067878098576,40800.0,35500.0,0.0011089232323063377,42257.14909695913,5631.162646138629,0.0010706843420573867,0.0,0.0
BC,FA,2033-01-01T00:00:00,M,54,47.131087133137044,40800.0,33900.0,0.001155173704243555,42257.14909695913,5631.162646138629,0.001115339963540717,0.0,0.0
BC,FA,2033-01-01T00:00:00,M,55,51.13949335166035,40800.0,32699.999999999996,0.0012534189546975576,42257.14909695913,5631.162646138629,0.0012101974327307472,0.0,0.0
BC,FA,2033-01-01T00:00:00,M,56,59.411724645447975,40800.0,32399.999999999996,0.0014561697217021564,42257.14909695913,5631.162646138629,0.0014059567650701573,0.0,0.0
BC,FA,2033-01-01T00:00:00,M,57,67.25884635375405,40800.0,31899.999999999996,0.0016485011361214229,42257.14909695913,5631.162646138629,0.0015916560343299181,0.0,0.0
BC,FA,2033-01-01T00:00:00,M,58,177.50011893520423,40800.0,31800.0,0.004350493111156966,42257.14909695913,5631.162646138629,0.004200475487069176,0.0,0.0
BC,FA,2033-01-01T00:00:00,M,59,88.04771093048475,40800.0,31399.999999999996,0.0021580321306491363,42257.14909695913,5631.162646138629,0.0020836169219191542,0.0,0.0
BC,FA,2033-01-01T00:00:00,M,60,101.57242410042818,40800.0,31399.999999999996,0.002489520198539906,42257.14909695913,5631.162646138629,0.002403674319518574,0.0,0.0
BC,FA,2033-01-01T00:00:00,M,61,119.57107839955279,40800.0,31899.999999999996,0.0029306636862635486,42257.14909695913,5631.162646138629,0.0028296058999436203,0.0,0.0
BC,FA,2033-01-01T00:00:00,M,62,248.4945380276622,40800.0,33700.0,0.006090552402638779,42257.14909695913,5631.162646138629,0.005880532485934886,0.0,0.0
BC,FA,2033-01-01T00:00:00,M,63,169.0149448028169,40800.0,33800.0,0.0041425231569317865,42257.14909695913,5631.162646138629,0.003999676940226415,0.0,0.0
BC,FA,2033-01-01T00:00:00,M,64,184.61805694580107,40800.0,33199.99999999999,0.004524952376122575,42257.14909695913,5631.162646138629,0.004368918890438976,0.0,0.0
BC,FA,2033-01-01T00:00:00,M,65,199.81033536524774,40800.0,32399.999999999996,0.004897312141305092,42257.14909695913,5631.162646138629,0.0047284386106308885,0.0,0.0
BC,FA,2033-01-01T00:00:00,M,66,220.00924998755,40800.0,32000.0,0.0053923835781262254,42257.14909695913,5631.162646138629,0.005206438548013219,0.0,0.0
BC,FA,2033-01-01T00:00:00,M,67,259.5169463509883,40800.0,33200.0,0.006360709469386968,42257.14909695913,5631.162646138629,0.00614137375324412,0.0,0.0
BC,FA,2033-01-01T00:00:00,M,68,209.72851116456877,40800.0,34800.0,0.005140404685406098,42257.14909695913,5631.162646138629,0.004963148618553187,0.0,0.0
BC,FA,2033-01-01T00:00:00,M,69,160.0362912173805,40800.0,35900.0,0.0039224581180730515,42257.14909695913,5631.162646138629,0.0037872003823584224,0.0,0.0
BC,FA,2033-01-01T00:00:00,M,70,205.73724276878784,40800.0,36299.99999999999,0.005042579479627153,42257.14909695913,5631.162646138629,0.004868696709679189,0.0,0.0
BC,FA,2033-01-01T00:00:00,M,71,226.55009756017535,40800.0,34700.0,0.005552698469612141,42257.14909695913,5631.162646138629,0.005361225316936446,0.0,0.0
BC,FA,2033-01-01T00:00:00,M,72,169.50472303562128,40800.0,34300.0,0.004154527525382874,42257.14909695913,5631.162646138629,0.004011267363226333,0.0,0.0
BC,FA,2033-01-01T00:00:00,M,73,205.7656054506515,40800.0,33400.0,0.005043274643398321,42257.14909695913,5631.162646138629,0.004869367902186723,0.0,0.0
BC,FA,2033-01-01T00:00:00,M,74,137.23523166268933,40800.0,32000.0,0.003363608619183562,42257.14909695913,5631.162646138629,0.0032476216355202467,0.0,0.0
BC,FA,2033-01-01T00:00:00,M,75,187.5128040654272,40800.0,31499.999999999996,0.004595902060427137,42257.14909695913,5631.162646138629,0.004437422023790071,0.0,0.0
BC,FA,2033-01-01T00:00:00,M,76,114.22459956318926,40800.0,29699.999999999996,0.0027996225383134623,42257.14909695913,5631.162646138629,0.0027030834309503616,0.0,0.0
BC,FA,2033-01-01T00:00:00,M,77,158.93105060505695,40800.0,28700.0,0.003895368887378847,42257.14909695913,5631.162646138629,0.0037610452669296092,0.0,0.0
BC,FA,2033-01-01T00:00:00,M,78,95.42302022214426,40800.0,27200.0,0.0023387995152486336,42257.14909695913,5631.162646138629,0.002258150922656801,0.0,0.0
BC,FA,2033-01-01T00:00:00,M,79,14.01580443489729,40800.0,25099.999999999996,0.00034352461850238456,42257.14909695913,5631.162646138629,0.0003316788930256036,0.0,0.0
BC,FA,2033-01-01T00:00:00,M,80,46.75854603175321,40800.0,23600.0,0.001146042794895912,42257.14909695913,5631.162646138629,0.0011065239144379005,0.0,0.0
BC,FA,2033-01-01T00:00:00,M,81,-25.044777836410503,40800.0,21900.0,-0.0006138425940296692,42257.14909695913,5631.162646138629,0.0,0.004447532314411852,0.0011435971614799317
BC,FA,2033-01-01T00:00:00,M,82,9.62340289376516,40800.0,20499.999999999996,0.0002358677179844402,42257.14909695913,5631.162646138629,0.00022773431477083887,0.0,0.0
BC,FA,2033-01-01T00:00:00,M,83,52.55218636459176,40800.0,19300.0,0.0012880437834458765,42257.14909695913,5631.162646138629,0.0012436282969305536,0.0,0.0
BC,FA,2033-01-01T00:00:00,M,84,-30.66468183811594,40800.0,17499.999999999996,-0.0007515853391695083,42257.14909695913,5631.162646138629,0.0,0.005445532968070664,0.0017522675336066255
BC,FA,2033-01-01T00:00:00,M,85,20.520560821354593,40800.0,16499.999999999996,0.0005029549220920244,42257.14909695913,5631.162646138629,0.0004856115772095774,0.0,0.0
BC,FA,2033-01-01T00:00:00,M,86,-53.457395884741345,40800.0,15000.0,-0.00131023029129268,42257.14909695913,5631.162646138629,0.0,0.009493136541065435,0.0035638263923160897
BC,FA,2033-01-01T00:00:00,M,87,-99.86014737924052,40800.0,11399.999999999998,-0.0024475526318441304,42257.14909695913,5631.162646138629,0.0,0.017733486609149196,0.008759662050810572
BC,FA,2033-01-01T00:00:00,M,88,-139.34168029142347,40800.0,9600.0,-0.003415237262044693,42257.14909695913,5631.162646138629,0.0,0.024744744388971274,0.014514758363689945
BC,FA,2033-01-01T00:00:00,M,89,-135.74324340940257,40800.0,8500.0,-0.00332704027964222,42257.14909695913,5631.162646138629,0.0,0.0241057223773289,0.015969793342282657
BC,FA,2033-01-01T00:00:00,M,90,-172.83660556160066,40800.0,7099.999999999999,-0.00423619131278433,42257.14909695913,5631.162646138629,0.0,0.03069288110158162,0.02434318388191559
BC,FA,2033-01-01T00:00:00,M,91,-153.61619136673016,40800.0,5600.0,-0.0037651027295767196,42257.14909695913,5631.162646138629,0.0,0.02727965804221035,0.027431462744058957
BC,FA,2033-01-01T00:00:00,M,92,-116.64056740153228,40800.0,4500.0,-0.002858837436312066,42257.14909695913,5631.162646138629,0.0,0.020713407644425693,0.025920126089229396
BC,FA,2033-01-01T00:00:00,M,93,-80.45413189480723,40800.0,3600.0,-0.001971914997421746,42257.14909695913,5631.162646138629,0.0,0.0142873038749779,0.022348369970779786
BC,FA,2033-01-01T00:00:00,M,94,-55.19349824899973,40800.0,2800.0,-0.0013527818198284247,42257.14909695913,5631.162646138629,0.0,0.009801439190687686,0.019711963660357046
BC,FA,2033-01-01T00:00:00,M,95,-38.90125488323747,40800.0,2100.0,-0.0009534621294911145,42257.14909695913,5631.162646138629,0.0,0.0069082101384360895,0.018524407087255938
BC,FA,2033-01-01T00:00:00,M,96,-113.72485745418544,40800.0,1499.9999999999998,-0.0027873739572104273,42257.14909695913,5631.162646138629,0.0,0.020195626480824215,0.07581657163612364
BC,FA,2033-01-01T00:00:00,M,97,-83.59105661246008,40800.0,1100.0,-0.0020488004071681394,42257.14909695913,5631.162646138629,0.0,0.01484436906999653,0.07599186964769099
BC,FA,2033-01-01T00:00:00,M,98,-47.542942551132455,40800.0,799.9999999999999,-0.0011652681997826582,42257.14909695913,5631.162646138629,0.0,0.00844282886833918,0.059428678188915576
BC,FA,2033-01-01T00:00:00,M,99,-101.0256731846074,40800.0,500.0,-0.002476119440799201,42257.14909695913,5631.162646138629,0.0,0.01794046443568491,0.2020513463692148
BC,FA,2033-01-01T00:00:00,M,100,534.215367940043,40800.0,900.0000000000001,0.013093513920099095,42257.14909695913,5631.162646138629,0.012642011573338385,0.0,0.0
BC,FA,2034-01-01T00:00:00,F,1,256.41849518655727,40600.0,20100.0,0.006315726482427519,42285.59350562895,5947.240891671887,0.0060639682201084275,0.0,0.0
BC,FA,2034-01-01T00:00:00,F,2,202.52014188003523,40600.0,20300.0,0.004988180834483626,42285.59350562895,5947.240891671887,0.004789341359323152,0.0,0.0
BC,FA,2034-01-01T00:00:00,F,3,202.046194673454,40600.0,20599.999999999996,0.004976507257966847,42285.59350562895,5947.240891671887,0.00477813311634276,0.0,0.0
BC,FA,2034-01-01T00:00:00,F,4,201.73023246245066,40600.0,20900.000000000004,0.004968724937498785,42285.59350562895,5947.240891671887,0.004770661015686036,0.0,0.0
BC,FA,2034-01-01T00:00:00,F,5,201.57977487242533,40600.0,21200.0,0.004965019085527718,42285.59350562895,5947.240891671887,0.004767102886839972,0.0,0.0
BC,FA,2034-01-01T00:00:00,F,6,201.42430262628113,40600.0,21499.999999999996,0.0049611897198591414,42285.59350562895,5947.240891671887,0.004763426167814531,0.0,0.0
BC,FA,2034-01-01T00:00:00,F,7,201.26381574871266,40600.0,21800.0,0.004957236841101297,42285.59350562895,5947.240891671887,0.004759630859193709,0.0,0.0
BC,FA,2034-01-01T00:00:00,F,8,201.09831426439996,40600.0,22100.0,0.004953160449862068,42285.59350562895,5947.240891671887,0.004755716961561158,0.0,0.0
BC,FA,2034-01-01T00:00:00,F,9,201.11335966527986,40600.0,22400.000000000004,0.00495353102623842,42285.59350562895,5947.240891671887,0.004756072765976624,0.0,0.0
BC,FA,2034-01-01T00:00:00,F,10,201.12840506615976,40600.0,22700.0,0.0049539016026147725,42285.59350562895,5947.240891671887,0.0047564285703920895,0.0,0.0
BC,FA,2034-01-01T00:00:00,F,11,201.14846560067235,40600.0,23100.0,0.004954395704450058,42285.59350562895,5947.240891671887,0.004756902976279521,0.0,0.0
BC,FA,2034-01-01T00:00:00,F,12,201.36913372776326,40600.0,23599.999999999996,0.004959830879994169,42285.59350562895,5947.240891671887,0.004762121494190628,0.0,0.0
BC,FA,2034-01-01T00:00:00,F,13,301.6048480296158,40600.0,24300.0,0.007428690838167877,42285.59350562895,5947.240891671887,0.0071325674544326055,0.0,0.0
BC,FA,2034-01-01T00:00:00,F,14,401.84307068449925,40600.0,24900.0,0.009897612578435942,42285.59350562895,5947.240891671887,0.00950307273400353,0.0,0.0
BC,FA,2034-01-01T00:00:00,F,15,802.5477129757819,40600.0,26200.0,0.01976718504866458,42285.59350562895,5947.240891671887,0.018979223098026254,0.0,0.0
BC,FA,2034-01-01T00:00:00,F,16,1403.8224367012808,40600.0,28300.0,0.034576907307913324,42285.59350562895,5947.240891671887,0.03319859839532363,0.0,0.0
BC,FA,2034-01-01T00:00:00,F,17,1105.7575435267718,40600.0,29799.999999999996,0.027235407476028862,42285.59350562895,5947.240891671887,0.0261497463286066,0.0,0.0
BC,FA,2034-01-01T00:00:00,F,18,1507.4979201686365,40600.0,31400.000000000004,0.037130490644547695,42285.59350562895,5947.240891671887,0.035650390480340834,0.0,0.0
BC,FA,2034-01-01T00:00:00,F,19,3109.479069364599,40600.0,34600.00000000001,0.07658815441784726,42285.59350562895,5947.240891671887,0.07353518802924389,0.0,0.0
BC,FA,2034-01-01T00:00:00,F,20,1711.8924009519542,40600.0,36400.0,0.042164837461870795,42285.59350562895,5947.240891671887,0.04048405754844309,0.0,0.0
BC,FA,2034-01-01T00:00:00,F,21,313.80503911012056,40600.0,37000.0,0.007729188155421689,42285.59350562895,5947.240891671887,0.007421086310834152,0.0,0.0
BC,FA,2034-01-01T00:00:00,F,22,-385.19430475652916,40600.0,36500.0,-0.00948754445213126,42285.59350562895,5947.240891671887,0.0,0.06476857281767906,0.010553268623466552
BC,FA,2034-01-01T00:00:00,F,23,-184.56729382364574,40600.0,36000.0,-0.004545992458710486,42285.59350562895,5947.240891671887,0.0,0.031034104248593878,0.005126869272879048
BC,FA,2034-01-01T00:00:00,F,24,-83.82912570641929,40600.0,36400.0,-0.002064756790798505,42285.59350562895,5947.240891671887,0.0,0.014095464978357933,0.002302997958967563
BC,FA,2034-01-01T00:00:00,F,25,16.17087429358071,40600.0,36500.0,0.00039829739639361356,42285.59350562895,5947.240891671887,0.0003824204168123615,0.0,0.0
BC,FA,2034-01-01T00:00:00,F,26,16.21517805876647,40600.0,36600.00000000001,0.00039938862213710516,42285.59350562895,5947.240891671887,0.00038346814398165996,0.0,0.0
BC,FA,2034-01-01T00:00:00,F,27,116.16003386172815,40600.0,35899.99999999999,0.0028610845778750775,42285.59350562895,5947.240891671887,0.0027470356741301316,0.0,0.0
BC,FA,2034-01-01T00:00:00,F,28,16.183466230839258,40600.0,35200.0,0.00039860754263150883,42285.59350562895,5947.240891671887,0.0003827181999629485,0.0,0.0
BC,FA,2034-01-01T00:00:00,F,29,216.62906770493282,40600.0,35100.00000000001,0.005335691322781597,42285.59350562895,5947.240891671887,0.0051229993419885595,0.0,0.0
BC,FA,2034-01-01T00:00:00,F,30,117.31123982305144,40600.0,35200.0,0.002889439404508656,42285.59350562895,5947.240891671887,0.0027742602171927718,0.0,0.0
BC,FA,2034-01-01T00:00:00,F,31,217.82876726811082,40600.0,34600.0,0.005365240573106178,42285.59350562895,5947.240891671887,0.00515137069647879,0.0,0.0
BC,FA,2034-01-01T00:00:00,F,32,118.8687911415036,40600.0,34300.0,0.0029278027374754585,42285.59350562895,5947.240891671887,0.0028110943062837723,0.0,0.0
BC,FA,2034-01-01T00:00:00,F,33,121.2998385379833,40600.0,36500.0,0.0029876807521670764,42285.59350562895,5947.240891671887,0.002868585456222488,0.0,0.0
BC,FA,2034-01-01T00:00:00,F,34,223.76188698378974,40600.0,38100.0,0.005511376526694329,42285.59350562895,5947.240891671887,0.00529168136079261,0.0,0.0
BC,FA,2034-01-01T00:00:00,F,35,125.81435684574535,40600.0,38700.0,0.003098875784377964,42285.59350562895,5947.240891671887,0.002975348018445035,0.0,0.0
BC,FA,2034-01-01T00:00:00,F,36,128.43708123517717,40600.0,39200.0,0.0031634749072703737,42285.59350562895,5947.240891671887,0.0030373720831914056,0.0,0.0
BC,FA,2034-01-01T00:00:00,F,37,130.88263891810493,40600.0,39400.0,0.0032237103181799245,42285.59350562895,5947.240891671887,0.003095206382776256,0.0,0.0
BC,FA,2034-01-01T00:00:00,F,38,34.449310003299615,40600.0,40800.0,0.0008485051724950644,42285.59350562895,5947.240891671887,0.000814681955420912,0.0,0.0
BC,FA,2034-01-01T00:00:00,F,39,136.24363342651486,40600.0,40999.99999999999,0.0033557545178944546,42285.59350562895,5947.240891671887,0.0032219870204347125,0.0,0.0
BC,FA,2034-01-01T00:00:00,F,40,38.41753017278825,40600.0,41400.0,0.0009462445855366563,42285.59350562895,5947.240891671887,0.0009085252680129511,0.0,0.0
BC,FA,2034-01-01T00:00:00,F,41,140.28291005153005,40600.0,42000.0,0.003455244089939164,42285.59350562895,5947.240891671887,0.003317510726977403,0.0,0.0
BC,FA,2034-01-01T00:00:00,F,42,42.57969594237511,40600.0,42800.0,0.0010487609838023427,42285.59350562895,5947.240891671887,0.0010069551450592033,0.0,0.0
BC,FA,2034-01-01T00:00:00,F,43,144.31972523182048,40600.0,43200.0,0.0035546730352665145,42285.59350562895,5947.240891671887,0.0034129762235123647,0.0,0.0
BC,FA,2034-01-01T00:00:00,F,44,46.5497624982454,40600.0,43500.0,0.0011465458743410196,42285.59350562895,5947.240891671887,0.0011008421223187707,0.0,0.0
BC,FA,2034-01-01T00:00:00,F,45,147.94806535735552,40600.0,42900.0,0.0036440410186540768,42285.59350562895,5947.240891671887,0.003498781809404213,0.0,0.0
BC,FA,2034-01-01T00:00:00,F,46,149.86398609269236,40600.0,42399.99999999999,0.0036912311845490728,42285.59350562895,5947.240891671887,0.003544090875128496,0.0,0.0
BC,FA,2034-01-01T00:00:00,F,47,51.597691863033106,40600.0,41700.0,0.0012708791099269238,42285.59350562895,5947.240891671887,0.0012202191712448011,0.0,0.0
BC,FA,2034-01-01T00:00:00,F,48,54.86746006204339,40600.0,41800.0,0.001351415272464123,42285.59350562895,5947.240891671887,0.0012975449914103623,0.0,0.0
BC,FA,2034-01-01T00:00:00,F,49,57.385787524617626,40600.0,41100.0,0.0014134430424782667,42285.59350562895,5947.240891671887,0.0013571002028617283,0.0,0.0
BC,FA,2034-01-01T00:00:00,F,50,60.76222587876691,40600.0,40600.0,0.0014966065487381013,42285.59350562895,5947.240891671887,0.0014369486352527698,0.0,0.0
BC,FA,2034-01-01T00:00:00,F,51,-35.45213316987065,40600.0,39900.0,-0.0008732052504894248,42285.59350562895,5947.240891671887,0.0,0.005961105967561431,0.0008885246408488884
BC,FA,2034-01-01T00:00:00,F,52,68.52276007508044,40600.0,39399.99999999999,0.0016877527112088779,42285.59350562895,5947.240891671887,0.0016204753059918353,0.0,0.0
BC,FA,2034-01-01T00:00:00,F,53,171.17349894212384,40600.0,38100.00000000001,0.004216096033057237,42285.59350562895,5947.240891671887,0.00404803349678272,0.0,0.0
BC,FA,2034-01-01T00:00:00,F,54,75.47858270771394,40600.0,37300.00000000001,0.0018590783918156144,42285.59350562895,5947.240891671887,0.001784971581341679,0.0,0.0
BC,FA,2034-01-01T00:00:00,F,55,78.21378627727245,40600.0,35700.00000000001,0.0019264479378638534,42285.59350562895,5947.240891671887,0.0018496556342968398,0.0,0.0
BC,FA,2034-01-01T00:00:00,F,56,182.17201422694052,40600.0,34700.00000000001,0.004486995424308879,42285.59350562895,5947.240891671887,0.004308134263332268,0.0,0.0
BC,FA,2034-01-01T00:00:00,F,57,188.60449832429003,40600.0,34499.99999999999,0.004645430993209114,42285.59350562895,5947.240891671887,0.004460254254186676,0.0,0.0
BC,FA,2034-01-01T00:00:00,F,58,196.92618042582035,40600.0,34800.0,0.004850398532655674,42285.59350562895,5947.240891671887,0.004657051352480273,0.0,0.0
BC,FA,2034-01-01T00:00:00,F,59,204.13257034686103,40600.0,34400.0,0.005027895821351257,42285.59350562895,5947.240891671887,0.004827473222521694,0.0,0.0
BC,FA,2034-01-01T00:00:00,F,60,213.27411450142245,40600.0,34300.00000000001,0.005253057007424198,42285.59350562895,5947.240891671887,0.005043659005827409,0.0,0.0
BC,FA,2034-01-01T00:00:00,F,61,224.0138142795695,40600.0,34500.0,0.005517581632501711,42285.59350562895,5947.240891671887,0.005297639117912566,0.0,0.0
BC,FA,2034-01-01T00:00:00,F,62,137.50206611985777,40600.0,34900.0,0.0033867503970408316,42285.59350562895,5947.240891671887,0.0032517473380515244,0.0,0.0
BC,FA,2034-01-01T00:00:00,F,63,159.83630152535625,40600.0,37100.0,0.003936854717373307,42285.59350562895,5947.240891671887,0.003779923332613961,0.0,0.0
BC,FA,2034-01-01T00:00:00,F,64,75.52997474884614,40600.0,37100.0,0.0018603442056366044,42285.59350562895,5947.240891671887,0.0017861869371371547,0.0,0.0
BC,FA,2034-01-01T00:00:00,F,65,91.31894614014163,40600.0,36900.0,0.002249235126604474,42285.59350562895,5947.240891671887,0.002159575840598891,0.0,0.0
BC,FA,2034-01-01T00:00:00,F,66,2.5389297023648396,40600.0,35500.00000000001,6.253521434396156e-05,42285.59350562895,5947.240891671887,6.0042427973178705e-05,0.0,0.0
BC,FA,2034-01-01T00:00:00,F,67,116.34365807686845,40600.0,34600.0,0.0028656073417947896,42285.59350562895,5947.240891671887,0.002751378151080724,0.0,0.0
BC,FA,2034-01-01T00:00:00,F,68,146.38840088447614,40600.0,35800.0,0.0036056256375486735,42285.59350562895,5947.240891671887,0.003461897746923885,0.0,0.0
BC,FA,2034-01-01T00:00:00,F,69,182.2599037825712,40600.0,37199.99999999999,0.004489160191688946,42285.59350562895,5947.240891671887,0.004310212738489983,0.0,0.0
BC,FA,2034-01-01T00:00:00,F,70,126.37001123500522,40600.0,38900.0,0.0031125618530789463,42285.59350562895,5947.240891671887,0.002988488531399782,0.0,0.0
BC,FA,2034-01-01T00:00:00,F,71,160.47626718175889,40600.0,38900.0,0.003952617418269923,42285.59350562895,5947.240891671887,0.003795057698797504,0.0,0.0
BC,FA,2034-01-01T00:00:00,F,72,-16.441772430189303,40600.0,37200.0,-0.00040496976429037695,42285.59350562895,5947.240891671887,0.0,0.0027646050882541595,0.0004419831298437985
BC,FA,2034-01-01T00:00:00,F,73,123.7726996528072,40600.0,37200.0,0.0030485886613991924,42285.59350562895,5947.240891671887,0.002927065446919431,0.0,0.0
BC,FA,2034-01-01T00:00:00,F,74,65.0507009160865,40600.0,36700.00000000001,0.0016022340127114902,42285.59350562895,5947.240891671887,0.0015383655643245757,0.0,0.0
BC,FA,2034-01-01T00:00:00,F,75,102.56190991463518,40600.0,35700.0,0.00252615541661663,42285.59350562895,5947.240891671887,0.0024254575001053822,0.0,0.0
BC,FA,2034-01-01T00:00:00,F,76,48.170772510100505,40600.0,34900.0,0.0011864722293128203,42285.59350562895,5947.240891671887,0.0011391769280402351,0.0,0.0
BC,FA,2034-01-01T00:00:00,F,77,-112.00628494725242,40600.0,33400.00000000001,-0.002758775491311636,42285.59350562895,5947.240891671887,0.0,0.018833319010853996,0.003353481585247078
BC,FA,2034-01-01T00:00:00,F,78,-67.33391471568393,40600.0,32200.000000000004,-0.001658470805805023,42285.59350562895,5947.240891671887,0.0,0.011321874452735517,0.002091115363841116
BC,FA,2034-01-01T00:00:00,F,79,80.63493474179631,40600.0,31100.000000000004,0.0019860821364974463,42285.59350562895,5947.240891671887,0.0019069126872030872,0.0,0.0
BC,FA,2034-01-01T00:00:00,F,80,17.885729888708738,40600.0,29200.0,0.0004405352189337128,42285.59350562895,5947.240891671887,0.0004229745500989086,0.0,0.0
BC,FA,2034-01-01T00:00:00,F,81,-152.50366618724365,40600.0,26900.000000000004,-0.0037562479356463953,42285.59350562895,5947.240891671887,0.0,0.02564275921642916,0.00566928127090125
BC,FA,2034-01-01T00:00:00,F,82,-122.10495201400045,40600.0,24900.000000000004,-0.003007511133349765,42285.59350562895,5947.240891671887,0.0,0.020531361388940534,0.0049038133338955995
BC,FA,2034-01-01T00:00:00,F,83,-80.83778457505105,40600.0,23300.0,-0.001991078437809139,42285.59350562895,5947.240891671887,0.0,0.013592485330172316,0.003469432814379873
BC,FA,2034-01-01T00:00:00,F,84,-124.55755271588714,40600.0,22000.0,-0.0030679200176326883,42285.59350562895,5947.240891671887,0.0,0.020943754420694325,0.005661706941631234
BC,FA,2034-01-01T00:00:00,F,85,-100.10582720224193,40600.0,20000.0,-0.0024656607685281263,42285.59350562895,5947.240891671887,0.0,0.016832314181593575,0.005005291360112097
BC,FA,2034-01-01T00:00:00,F,86,-143.19931245125917,40600.0,18700.0,-0.0035270766613610632,42285.59350562895,5947.240891671887,0.0,0.024078276810980667,0.007657717243382844
BC,FA,2034-01-01T00:00:00,F,87,4.012990891638765,40600.0,17400.0,9.884214018814691e-05,42285.59350562895,5947.240891671887,9.490208269406378e-05,0.0,0.0
BC,FA,2034-01-01T00:00:00,F,88,-217.48854250680233,40600.0,13200.000000000002,-0.005356860652876905,42285.59350562895,5947.240891671887,0.0,0.036569654141865776,0.01647640473536381
BC,FA,2034-01-01T00:00:00,F,89,-140.28533486612105,40600.0,11300.0,-0.003455303814436479,42285.59350562895,5947.240891671887,0.0,0.023588305471629226,0.012414631404081508
BC,FA,2034-01-01T00:00:00,F,90,-219.95080846884957,40600.0,10000.000000000002,-0.005417507597754915,42285.59350562895,5947.240891671887,0.0,0.0369836723407074,0.021995080846884955
BC,FA,2034-01-01T00:00:00,F,91,-144.30129776917784,40600.0,8500.0,-0.0035542191568763014,42285.59350562895,5947.240891671887,0.0,0.024263570350958476,0.016976623266962098
BC,FA,2034-01-01T00:00:00,F,92,-203.01160086682376,40600.0,6800.000000000001,-0.005000285735636053,42285.59350562895,5947.240891671887,0.0,0.034135425916765445,0.029854647186297607
BC,FA,2034-01-01T00:00:00,F,93,-138.67054874476617,40600.0,5700.0,-0.0034155307572602506,42285.59350562895,5947.240891671887,0.0,0.023316786938788876,0.024328166446450205
BC,FA,2034-01-01T00:00:00,F,94,-212.9511713711372,40600.0,4400.0,-0.005245102743131458,42285.59350562895,5947.240891671887,0.0,0.03580671697178764,0.048397993493440275
BC,FA,2034-01-01T00:00:00,F,95,-91.0497392437278,40600.0,3500.000000000001,-0.002242604414870143,42285.59350562895,5947.240891671887,0.0,0.015309576474567843,0.02601421121249365
BC,FA,2034-01-01T00:00:00,F,96,-54.52082583476795,40600.0,2800.0000000000005,-0.0013428774836149742,42285.59350562895,5947.240891671887,0.0,0.0091674150800105,0.019471723512417122
BC,FA,2034-01-01T00:00:00,F,97,-120.86117007631265,40600.0,2100.0000000000005,-0.0029768761102540063,42285.59350562895,5947.240891671887,0.0,0.020322225428191152,0.05755293813157744
BC,FA,2034-01-01T00:00:00,F,98,-8.939055411661911,40600.0,1600.0000000000002,-0.00022017377861236235,42285.59350562895,5947.240891671887,0.0,0.001503059246209374,0.005586909632288694
BC,FA,2034-01-01T00:00:00,F,99,-78.15771788839515,40600.0,1100.0,-0.0019250669430639202,42285.59350562895,5947.240891671887,0.0,0.013141844985267357,0.07105247080763195
BC,FA,2034-01-01T00:00:00,F,100,1357.8776199858576,40600.0,2200.0,0.033445261576006344,42285.59350562895,5947.240891671887,0.03211206246413688,0.0,0.0
BC,FA,2034-01-01T00:00:00,M,1,260.30353625030693,40600.0,21100.0,0.006411417149022338,42285.59350562895,5947.240891671887,0.006155844453635396,0.0,0.0
BC,FA,2034-01-01T00:00:00,M,2,303.93833703291966,40600.0,21500.0,0.00748616593677142,42285.59350562895,5947.240891671887,0.007187751473618554,0.0,0.0
BC,FA,2034-01-01T00:00:00,M,3,202.79136782779096,40600.0,21800.000000000004,0.004994861276546575,42285.59350562895,5947.240891671887,0.004795755504786657,0.0,0.0
BC,FA,2034-01-01T00:00:00,M,4,301.9457003553289,40600.0,22199.999999999996,0.007437086215648495,42285.59350562895,5947.240891671887,0.007140628174348188,0.0,0.0
BC,FA,2034-01-01T00:00:00,M,5,301.6210068872024,40600.0,22600.0,0.0074290888395862655,42285.59350562895,5947.240891671887,0.0071329495906697245,0.0,0.0
BC,FA,2034-01-01T00:00:00,M,6,401.2833931416317,40600.0,23100.000000000004,0.009883827417281568,42285.59350562895,5947.240891671887,0.009489837078630901,0.0,0.0
BC,FA,2034-01-01T00:00:00,M,7,301.12427930587,40600.0,23500.0,0.00741685417009532,42285.59350562895,5947.240891671887,0.0071212026210719995,0.0,0.0
BC,FA,2034-01-01T00:00:00,M,8,301.1436634318343,40600.0,23900.0,0.007417331611621534,42285.59350562895,5947.240891671887,0.007121661030765639,0.0,0.0
BC,FA,2034-01-01T00:00:00,M,9,201.1630475578022,40600.0,24199.999999999996,0.004954754865955719,42285.59350562895,5947.240891671887,0.004757247820845269,0.0,0.0
BC,FA,2034-01-01T00:00:00,M,10,301.18243168376284,40600.0,24700.0,0.007418286494673962,42285.59350562895,5947.240891671887,0.007122577850152917,0.0,0.0
BC,FA,2034-01-01T00:00:00,M,11,201.20666184121728,40600.0,25100.0,0.004955829109389589,42285.59350562895,5947.240891671887,0.00475827924265585,0.0,0.0
BC,FA,2034-01-01T00:00:00,M,12,201.64119564490466,40600.0,25600.000000000004,0.004966531912436075,42285.59350562895,5947.240891671887,0.0047685554092568826,0.0,0.0
BC,FA,2034-01-01T00:00:00,M,13,301.8972322760492,40600.0,26400.0,0.007435892420592344,42285.59350562895,5947.240891671887,0.00713948196649673,0.0,0.0
BC,FA,2034-01-01T00:00:00,M,14,502.60719503008295,40600.0,27400.0,0.012379487562317314,42285.59350562895,5947.240891671887,0.011886014913404895,0.0,0.0
BC,FA,2034-01-01T00:00:00,M,15,803.5538247807417,40600.0,28300.0,0.019791966127604477,42285.59350562895,5947.240891671887,0.019003016350563333,0.0,0.0
BC,FA,2034-01-01T00:00:00,M,16,1305.563436763954,40600.0,30000.0,0.0321567348956639,42285.59350562895,5947.240891671887,0.03087489919208916,0.0,0.0
BC,FA,2034-01-01T00:00:00,M,17,1108.4034711748427,40600.0,31700.000000000004,0.027300578107754745,42285.59350562895,5947.240891671887,0.026212319120631353,0.0,0.0
BC,FA,2034-01-01T00:00:00,M,18,1611.5223041857607,40600.0,33300.0,0.039692667590782285,42285.59350562895,5947.240891671887,0.038110433615440184,0.0,0.0
BC,FA,2034-01-01T00:00:00,M,19,3315.6081754722327,40600.0,37199.99999999999,0.08166522599685302,42285.59350562895,5947.240891671887,0.07840987675934753,0.0,0.0
BC,FA,2034-01-01T00:00:00,M,20,2120.510890655125,40600.0,38900.0,0.052229332282145935,42285.59350562895,5947.240891671887,0.05014736024392913,0.0,0.0
BC,FA,2034-01-01T00:00:00,M,21,625.518036896472,40600.0,39600.0,0.015406848199420493,42285.59350562895,5947.240891671887,0.014792698530131891,0.0,0.0
BC,FA,2034-01-01T00:00:00,M,22,-170.62571078920882,40600.0,38900.0,-0.004202603714019921,42285.59350562895,5947.240891671887,0.0,0.028689894002467853,0.004386265058848556
BC,FA,2034-01-01T00:00:00,M,23,-367.6547196643296,40600.0,38100.0,-0.009055534967101715,42285.59350562895,5947.240891671887,0.0,0.06181937580150291,0.009649730174916788
BC,FA,2034-01-01T00:00:00,M,24,-364.763714658191,40600.0,38200.0,-0.008984327947246084,42285.59350562895,5947.240891671887,0.0,0.06133326719100641,0.009548788341837462
BC,FA,2034-01-01T00:00:00,M,25,-163.27686853754858,40600.0,38000.0,-0.00402159774723026,42285.59350562895,5947.240891671887,0.0,0.027454221463635423,0.004296759698356542
BC,FA,2034-01-01T00:00:00,M,26,-162.03072942410654,40600.0,37399.99999999999,-0.003990904665618388,42285.59350562895,5947.240891671887,0.0,0.02724468915510105,0.004332372444494828
BC,FA,2034-01-01T00:00:00,M,27,39.029704332155234,40600.0,36600.00000000001,0.000961322766801853,42285.59350562895,5947.240891671887,0.0009230024009704321,0.0,0.0
BC,FA,2034-01-01T00:00:00,M,28,40.201653894619085,40600.0,35800.0,0.0009901885195718987,42285.59350562895,5947.240891671887,0.0009507175035693313,0.0,0.0
BC,FA,2034-01-01T00:00:00,M,29,42.327107453515055,40600.0,35399.99999999999,0.0010425395924511098,42285.59350562895,5947.240891671887,0.00100098175157174,0.0,0.0
BC,FA,2034-01-01T00:00:00,M,30,145.18791652647633,40600.0,35500.0,0.0035760570573023726,42285.59350562895,5947.240891671887,0.003433507833043641,0.0,0.0
BC,FA,2034-01-01T00:00:00,M,31,48.07164252475195,40600.0,35000.0,0.0011840306040579297,42285.59350562895,5947.240891671887,0.0011368326311501995,0.0,0.0
BC,FA,2034-01-01T00:00:00,M,32,50.58384679252049,40600.0,34400.0,0.001245907556466022,42285.59350562895,5947.240891671887,0.0011962430369053918,0.0,0.0
BC,FA,2034-01-01T00:00:00,M,33,56.91691966066719,40600.0,36500.0,0.001401894572922837,42285.59350562895,5947.240891671887,0.0013460120798136734,0.0,0.0
BC,FA,2034-01-01T00:00:00,M,34,163.2938915125851,40600.0,38500.0,0.0040220170323296825,42285.59350562895,5947.240891671887,0.0038616908969445547,0.0,0.0
BC,FA,2034-01-01T00:00:00,M,35,167.48996057477052,40600.0,39500.0,0.004125368487063313,42285.59350562895,5947.240891671887,0.003960922543335585,0.0,0.0
BC,FA,2034-01-01T00:00:00,M,36,270.78105759061145,40600.0,40200.0,0.0066694841771086566,42285.59350562895,5947.240891671887,0.006403624382251268,0.0,0.0
BC,FA,2034-01-01T00:00:00,M,37,74.72093458690506,40600.0,41100.0,0.0018404171080518487,42285.59350562895,5947.240891671887,0.0017670541759561302,0.0,0.0
BC,FA,2034-01-01T00:00:00,M,38,178.88502812624938,40600.0,42000.0,0.004406035175523384,42285.59350562895,5947.240891671887,0.004230401261896363,0.0,0.0
BC,FA,2034-01-01T00:00:00,M,39,-16.502128840831574,40600.0,42600.00000000001,-0.00040645637538994024,42285.59350562895,5947.240891671887,0.0,0.0027747537288997383,0.0003873739164514453
BC,FA,2034-01-01T00:00:00,M,40,87.35712890590366,40600.0,42900.0,0.0021516534213276766,42285.59350562895,5947.240891671887,0.0020658839492054167,0.0,0.0
BC,FA,2034-01-01T00:00:00,M,41,191.597312324011,40600.0,43200.0,0.004719145623744113,42285.59350562895,5947.240891671887,0.004531030463093915,0.0,0.0
BC,FA,2034-01-01T00:00:00,M,42,97.01947399257187,40600.0,43500.0,0.0023896422165658095,42285.59350562895,5947.240891671887,0.00229438600594921,0.0,0.0
BC,FA,2034-01-01T00:00:00,M,43,102.6465567816631,40600.0,43800.0,0.002528240314819288,42285.59350562895,5947.240891671887,0.0024274592898406175,0.0,0.0
BC,FA,2034-01-01T00:00:00,M,44,208.45194123274996,40600.0,44100.0,0.005134284266816501,42285.59350562895,5947.240891671887,0.004929620798747956,0.0,0.0
BC,FA,2034-01-01T00:00:00,M,45,12.237260866706492,40600.0,43300.0,0.00030141036617503675,42285.59350562895,5947.240891671887,0.00028939550925488367,0.0,0.0
BC,FA,2034-01-01T00:00:00,M,46,114.6630678766087,40600.0,42100.0,0.0028242134944977512,42285.59350562895,5947.240891671887,0.0027116343503927652,0.0,0.0
BC,FA,2034-01-01T00:00:00,M,47,119.64402483883168,40600.0,41700.0,0.0029468971635180216,42285.59350562895,5947.240891671887,0.002829427587977569,0.0,0.0
BC,FA,2034-01-01T00:00:00,M,48,26.65668397852278,40600.0,41800.0,0.0006565685708995758,42285.59350562895,5947.240891671887,0.0006303963541383026,0.0,0.0
BC,FA,2034-01-01T00:00:00,M,49,31.538945058593526,40600.0,41100.0,0.0007768213068619095,42285.59350562895,5947.240891671887,0.0007458555608163603,0.0,0.0
BC,FA,2034-01-01T00:00:00,M,50,35.500389028886275,40600.0,40100.0,0.0008743938184454747,42285.59350562895,5947.240891671887,0.0008395386249967274,0.0,0.0
BC,FA,2034-01-01T00:00:00,M,51,39.38429568517313,40600.0,38999.99999999999,0.0009700565439697815,42285.59350562895,5947.240891671887,0.0009313880312435579,0.0,0.0
BC,FA,2034-01-01T00:00:00,M,52,43.83417654841469,40600.0,38000.0,0.0010796595208969135,42285.59350562895,5947.240891671887,0.0010366220008849964,0.0,0.0
BC,FA,2034-01-01T00:00:00,M,53,47.664197857629915,40600.0,36800.0,0.0011739950211238895,42285.59350562895,5947.240891671887,0.0011271970878517993,0.0,0.0
BC,FA,2034-01-01T00:00:00,M,54,50.68026865540014,40600.0,35399.99999999999,0.0012482824791970478,42285.59350562895,5947.240891671887,0.0011985232901757358,0.0,0.0
BC,FA,2034-01-01T00:00:00,M,55,53.21760367577372,40600.0,33799.99999999999,0.0013107784156594512,42285.59350562895,5947.240891671887,0.00125852800596708,0.0,0.0
BC,FA,2034-01-01T00:00:00,M,56,157.32291421378613,40600.0,32699.999999999996,0.0038749486259553236,42285.59350562895,5947.240891671887,0.0037204849493916573,0.0,0.0
BC,FA,2034-01-01T00:00:00,M,57,166.10937644767546,40600.0,32400.0,0.004091363951913189,42285.59350562895,5947.240891671887,0.003928273501129017,0.0,0.0
BC,FA,2034-01-01T00:00:00,M,58,174.65265633268427,40600.0,31900.0,0.004301789564844441,42285.59350562895,5947.240891671887,0.00413031110251379,0.0,0.0
BC,FA,2034-01-01T00:00:00,M,59,86.20907482093753,40600.0,31700.0,0.002123376227116688,42285.59350562895,5947.240891671887,0.0020387339439722325,0.0,0.0
BC,FA,2034-01-01T00:00:00,M,60,97.0924664520935,40600.0,31300.0,0.0023914400603963918,42285.59350562895,5947.240891671887,0.0022961121839088954,0.0,0.0
BC,FA,2034-01-01T00:00:00,M,61,211.33843119960875,40600.0,31400.0,0.005205380078808097,42285.59350562895,5947.240891671887,0.004997882580777207,0.0,0.0
BC,FA,2034-01-01T00:00:00,M,62,230.7308054393834,40600.0,31899.999999999996,0.005683024764516833,42285.59350562895,5947.240891671887,0.005456487335542993,0.0,0.0
BC,FA,2034-01-01T00:00:00,M,63,162.32474288904632,40600.0,33600.0,0.003998146376577496,42285.59350562895,5947.240891671887,0.003838771776194605,0.0,0.0
BC,FA,2034-01-01T00:00:00,M,64,83.38226726285211,40600.0,33600.0,0.0020537504251934018,42285.59350562895,5947.240891671887,0.001971883574289964,0.0,0.0
BC,FA,2034-01-01T00:00:00,M,65,200.43099758813332,40600.0,33100.0,0.004936724078525451,42285.59350562895,5947.240891671887,0.0047399357788711766,0.0,0.0
BC,FA,2034-01-01T00:00:00,M,66,216.8488561447448,40600.0,32299.999999999996,0.005341104831151349,42285.59350562895,5947.240891671887,0.005128197056424865,0.0,0.0
BC,FA,2034-01-01T00:00:00,M,67,138.90787087607896,40600.0,31800.0,0.003421376129952684,42285.59350562895,5947.240891671887,0.0032849928157585844,0.0,0.0
BC,FA,2034-01-01T00:00:00,M,68,181.2680147339488,40600.0,33000.0,0.0044647294269445515,42285.59350562895,5947.240891671887,0.004286755835881052,0.0,0.0
BC,FA,2034-01-01T00:00:00,M,69,233.84568577032042,40600.0,34600.0,0.005759745954934,42285.59350562895,5947.240891671887,0.005530150256474264,0.0,0.0
BC,FA,2034-01-01T00:00:00,M,70,286.6537646569632,40600.0,35700.0,0.007060437553127172,42285.59350562895,5947.240891671887,0.006778993526927901,0.0,0.0
BC,FA,2034-01-01T00:00:00,M,71,235.7600314492738,40600.0,35999.99999999999,0.005806897326336794,42285.59350562895,5947.240891671887,0.005575422074137142,0.0,0.0
BC,FA,2034-01-01T00:00:00,M,72,158.72845826349658,40600.0,34300.0,0.003909567937524546,42285.59350562895,5947.240891671887,0.003753724261724434,0.0,0.0
BC,FA,2034-01-01T00:00:00,M,73,103.11219152507692,40600.0,33800.0,0.0025397091508639635,42285.59350562895,5947.240891671887,0.0024384709537386743,0.0,0.0
BC,FA,2034-01-01T00:00:00,M,74,142.52945564185575,40600.0,32899.99999999999,0.0035105777251688607,42285.59350562895,5947.240891671887,0.003370638646064707,0.0,0.0
BC,FA,2034-01-01T00:00:00,M,75,174.5693982351877,40600.0,31500.0,0.004299738872787874,42285.59350562895,5947.240891671887,0.004128342155395062,0.0,0.0
BC,FA,2034-01-01T00:00:00,M,76,28.561156640036643,40600.0,30800.0,0.0007034767645329222,42285.59350562895,5947.240891671887,0.0006754346876137532,0.0,0.0
BC,FA,2034-01-01T00:00:00,M,77,54.873025995977514,40600.0,28999.999999999996,0.0013515523644329437,42285.59350562895,5947.240891671887,0.0012976766186023369,0.0,0.0
BC,FA,2034-01-01T00:00:00,M,78,2.935014366325049,40600.0,27899.999999999996,7.229099424445935e-05,42285.59350562895,5947.240891671887,6.940932178081755e-05,0.0,0.0
BC,FA,2034-01-01T00:00:00,M,79,38.94004011788638,40600.0,26400.0,0.0009591142886178913,42285.59350562895,5947.240891671887,0.0009208819574142381,0.0,0.0
BC,FA,2034-01-01T00:00:00,M,80,54.86944031238818,40600.0,24300.0,0.001351464047103157,42285.59350562895,5947.240891671887,0.0012975918217887634,0.0,0.0
BC,FA,2034-01-01T00:00:00,M,81,88.89401772806741,40600.0,22799.999999999996,0.0021895078258144683,42285.59350562895,5947.240891671887,0.0021022293967857884,0.0,0.0
BC,FA,2034-01-01T00:00:00,M,82,13.720761433600273,40600.0,20999.999999999996,0.0003379497890049328,42285.59350562895,5947.240891671887,0.0003244783931381689,0.0,0.0
BC,FA,2034-01-01T00:00:00,M,83,-51.03177716876962,40600.0,19500.0,-0.0012569403243539315,42285.59350562895,5947.240891671887,0.0,0.00858074829964111,0.0026170142137830576
BC,FA,2034-01-01T00:00:00,M,84,-7.195289399631292,40600.0,18300.0,-0.00017722387683820917,42285.59350562895,5947.240891671887,0.0,0.0012098533640544286,0.00039318521309460614
BC,FA,2034-01-01T00:00:00,M,85,-97.98214508586898,40600.0,16400.0,-0.002413353327238152,42285.59350562895,5947.240891671887,0.0,0.01647522723067709,0.005974521041821279
BC,FA,2034-01-01T00:00:00,M,86,-146.76665109897476,40600.0,15300.0,-0.003614942145294945,42285.59350562895,5947.240891671887,0.0,0.02467810767586308,0.00959259157509639
BC,FA,2034-01-01T00:00:00,M,87,-130.56927721841566,40600.0,13800.0,-0.0032159920497146716,42285.59350562895,5947.240891671887,0.0,0.02195459703023902,0.009461541827421425
BC,FA,2034-01-01T00:00:00,M,88,-90.76780602540566,40600.0,10400.0,-0.002235660246931174,42285.59350562895,5947.240891671887,0.0,0.01526217075762153,0.008727673656289006
BC,FA,2034-01-01T00:00:00,M,89,-141.94074263940092,40600.0,8600.0,-0.003496077404911353,42285.59350562895,5947.240891671887,0.0,0.023866654340194145,0.01650473751620941
BC,FA,2034-01-01T00:00:00,M,90,-147.00725171376507,40600.0,7499.999999999998,-0.0036208682688119477,42285.59350562895,5947.240891671887,0.0,0.024718563513985797,0.01960096689516868
BC,FA,2034-01-01T00:00:00,M,91,-98.62885441412436,40600.0,6200.0,-0.0024292821284267086,42285.59350562895,5947.240891671887,0.0,0.016583968299020396,0.015907879744213607
BC,FA,2034-01-01T00:00:00,M,92,-90.08564745583317,40600.0,4799.999999999999,-0.002218858311720029,42285.59350562895,5947.240891671887,0.0,0.01514746906956182,0.018767843219965247
BC,FA,2034-01-01T00:00:00,M,93,-62.34032364733093,40600.0,3800.0,-0.0015354759519047028,42285.59350562895,5947.240891671887,0.0,0.010482226091535674,0.016405348328244983
BC,FA,2034-01-01T00:00:00,M,94,-132.49114965660465,40600.0,2900.0,-0.0032633288092759768,42285.59350562895,5947.240891671887,0.0,0.022277750652766777,0.04568660332986367
BC,FA,2034-01-01T00:00:00,M,95,-111.31528333743336,40600.0,2199.9999999999995,-0.0027417557472274225,42285.59350562895,5947.240891671887,0.0,0.018717130408037068,0.05059785606246972
BC,FA,2034-01-01T00:00:00,M,96,-100.72826797208972,40600.0,1599.9999999999998,-0.0024809918219726532,42285.59350562895,5947.240891671887,0.0,0.01693697460836718,0.06295516748255608
BC,FA,2034-01-01T00:00:00,M,97,11.587852932665328,40600.0,1199.9999999999998,0.000285415096863678,42285.59350562895,5947.240891671887,0.00027403784532722194,0.0,0.0
BC,FA,2034-01-01T00:00:00,M,98,-51.30043739789426,40600.0,800.0,-0.001263557571376706,42285.59350562895,5947.240891671887,0.0,0.008625922227184696,0.06412554674736783
BC,FA,2034-01-01T00:00:00,M,99,-3.9143777823109076,40600.0,600.0,-9.641324586972679e-05,42285.59350562895,5947.240891671887,0.0,0.0006581838290411839,0.006523962970518179
BC,FA,2034-01-01T00:00:00,M,100,632.3172367779416,40600.0,1000.0,0.01557431617679659,42285.59350562895,5947.240891671887,0.0149534908784896,0.0,0.0
BC,FA,2035-01-01T00:00:00,F,1,255.22988708281264,40600.0,20000.0,0.006286450420758932,42010.138441955394,6125.3272547403485,0.006075435515059273,0.0,0.0
BC,FA,2035-01-01T00:00:00,F,2,102.47939948498242,40600.0,20200.000000000004,0.0025241231400241976,42010.138441955394,6125.3272547403485,0.002439396852418762,0.0,0.0
BC,FA,2035-01-01T00:00:00,F,3,202.00324542368253,40600.0,20500.0,0.004975449394671983,42010.138441955394,6125.3272547403485,0.004808440365003475,0.0,0.0
BC,FA,2035-01-01T00:00:00,F,4,201.69403567693007,40600.0,20800.0,0.004967833391057391,42010.138441955394,6125.3272547403485,0.004801080004904218,0.0,0.0
BC,FA,2035-01-01T00:00:00,F,5,201.54683274119816,40600.0,21100.0,0.004964207702985176,42010.138441955394,6125.3272547403485,0.0047975760189334195,0.0,0.0
BC,FA,2035-01-01T00:00:00,F,6,201.3946962615846,40600.0,21400.0,0.0049604604990538086,42010.138441955394,6125.3272547403485,0.004793954595980392,0.0,0.0
BC,FA,2035-01-01T00:00:00,F,7,201.23762626437747,40600.0,21700.000000000004,0.0049565917799107755,42010.138441955394,6125.3272547403485,0.0047902157366708905,0.0,0.0
BC,FA,2035-01-01T00:00:00,F,8,201.07562277585384,40600.0,22000.0,0.004952601546203297,42010.138441955394,6125.3272547403485,0.00478635944163041,0.0,0.0
BC,FA,2035-01-01T00:00:00,F,9,201.09042492414665,40600.0,22300.0,0.004952966131136617,42010.138441955394,6125.3272547403485,0.004786711788679046,0.0,0.0
BC,FA,2035-01-01T00:00:00,F,10,201.1052270724358,40600.0,22600.0,0.004953330716069847,42010.138441955394,6125.3272547403485,0.004787064135727595,0.0,0.0
BC,FA,2035-01-01T00:00:00,F,11,201.1200292207286,40600.0,22900.0,0.004953695301003168,42010.138441955394,6125.3272547403485,0.0047874164827762305,0.0,0.0
BC,FA,2035-01-01T00:00:00,F,12,201.3297286840425,40600.0,23300.0,0.0049588603124148395,42010.138441955394,6125.3272547403485,0.004792408122201643,0.0,0.0
BC,FA,2035-01-01T00:00:00,F,13,201.55258640441025,40600.0,23800.0,0.004964349418827839,42010.138441955394,6125.3272547403485,0.004797712977853944,0.0,0.0
BC,FA,2035-01-01T00:00:00,F,14,401.798470603404,40600.0,24699.999999999996,0.009896514054271034,42010.138441955394,6125.3272547403485,0.009564321506784873,0.0,0.0
BC,FA,2035-01-01T00:00:00,F,15,802.457182810329,40600.0,25700.0,0.019764955241633717,42010.138441955394,6125.3272547403485,0.019101512457976512,0.0,0.0
BC,FA,2035-01-01T00:00:00,F,16,1403.66278094452,40600.0,27600.0,0.034572974900111325,42010.138441955394,6125.3272547403485,0.033412476916350416,0.0,0.0
BC,FA,2035-01-01T00:00:00,F,17,1105.5855225828018,40600.0,29400.0,0.027231170506965562,42010.138441955394,6125.3272547403485,0.026317112096889854,0.0,0.0
BC,FA,2035-01-01T00:00:00,F,18,1507.3520471470547,40600.0,31300.000000000004,0.037126897712981645,42010.138441955394,6125.3272547403485,0.03588067316725781,0.0,0.0
BC,FA,2035-01-01T00:00:00,F,19,3109.2962446237034,40600.0,34500.0,0.07658365134541141,42010.138441955394,6125.3272547403485,0.07401299686074014,0.0,0.0
BC,FA,2035-01-01T00:00:00,F,20,1611.6664630063533,40600.0,36200.0,0.039696218300649094,42010.138441955394,6125.3272547403485,0.03836375034167436,0.0,0.0
BC,FA,2035-01-01T00:00:00,F,21,313.4708883559215,40600.0,36700.0,0.007720957841278854,42010.138441955394,6125.3272547403485,0.0074617913670776935,0.0,0.0
BC,FA,2035-01-01T00:00:00,F,22,-385.39412378029374,40600.0,36600.0,-0.0094924661029629,42010.138441955394,6125.3272547403485,0.0,0.06291812792239629,0.010529894092357753
BC,FA,2035-01-01T00:00:00,F,23,-184.69088766156347,40600.0,36300.00000000001,-0.00454903664191043,42010.138441955394,6125.3272547403485,0.0,0.030152003310293742,0.005087903241365384
BC,FA,2035-01-01T00:00:00,F,24,-84.30841249319928,40600.0,35900.0,-0.002076561884068948,42010.138441955394,6125.3272547403485,0.0,0.013763903378052753,0.002348423746328671
BC,FA,2035-01-01T00:00:00,F,25,115.86593847909535,40600.0,36500.0,0.0028538408492388015,42010.138441955394,6125.3272547403485,0.0027580470518845136,0.0,0.0
BC,FA,2035-01-01T00:00:00,F,26,-84.09047377782554,40600.0,36400.0,-0.002071193935414422,42010.138441955394,6125.3272547403485,0.0,0.013728323447983698,0.0023101778510391632
BC,FA,2035-01-01T00:00:00,F,27,16.254144996535615,40600.0,36600.0,0.00040034839892944863,42010.138441955394,6125.3272547403485,0.0003869100555094256,0.0,0.0
BC,FA,2035-01-01T00:00:00,F,28,116.23854802743881,40600.0,36000.0,0.002863018424321153,42010.138441955394,6125.3272547403485,0.0027669165667721708,0.0,0.0
BC,FA,2035-01-01T00:00:00,F,29,216.50095646773116,40600.0,35400.0,0.005332535873589437,42010.138441955394,6125.3272547403485,0.00515354065702179,0.0,0.0
BC,FA,2035-01-01T00:00:00,F,30,117.03147537181212,40600.0,35200.0,0.002882548654478131,42010.138441955394,6125.3272547403485,0.0027857912330737085,0.0,0.0
BC,FA,2035-01-01T00:00:00,F,31,217.94856824920134,40600.0,35400.0,0.005368191336187225,42010.138441955394,6125.3272547403485,0.005187999286180328,0.0,0.0
BC,FA,2035-01-01T00:00:00,F,32,118.78099421386287,40600.0,34700.0,0.002925640251572977,42010.138441955394,6125.3272547403485,0.002827436390812668,0.0,0.0
BC,FA,2035-01-01T00:00:00,F,33,119.74666649605933,40600.0,34400.0,0.0029494252831541706,42010.138441955394,6125.3272547403485,0.0028504230392268526,0.0,0.0
BC,FA,2035-01-01T00:00:00,F,34,122.51436059987464,40600.0,36600.0,0.003017595088666863,42010.138441955394,6125.3272547403485,0.0029163046146384493,0.0,0.0
BC,FA,2035-01-01T00:00:00,F,35,125.0682669606249,40600.0,38200.0,0.003080499186222288,42010.138441955394,6125.3272547403485,0.002977097234121933,0.0,0.0
BC,FA,2035-01-01T00:00:00,F,36,227.69140350360976,40600.0,38900.0,0.005608162647872162,42010.138441955394,6125.3272547403485,0.005419915571528207,0.0,0.0
BC,FA,2035-01-01T00:00:00,F,37,130.30638060218917,40600.0,39300.0,0.003209516763600718,42010.138441955394,6125.3272547403485,0.0031017841272346913,0.0,0.0
BC,FA,2035-01-01T00:00:00,F,38,132.72978482388862,40600.0,39500.0,0.0032692065227558774,42010.138441955394,6125.3272547403485,0.0031594703028003305,0.0,0.0
BC,FA,2035-01-01T00:00:00,F,39,135.57094815318123,40600.0,40900.0,0.003339185915102986,42010.138441955394,6125.3272547403485,0.0032271007233288943,0.0,0.0
BC,FA,2035-01-01T00:00:00,F,40,137.4317479183228,40600.0,41100.0,0.0033850184216335667,42010.138441955394,6125.3272547403485,0.003271394787432315,0.0,0.0
BC,FA,2035-01-01T00:00:00,F,41,39.159265787493496,40600.0,41400.0,0.0009645139356525491,42010.138441955394,6125.3272547403485,0.0009321384608527083,0.0,0.0
BC,FA,2035-01-01T00:00:00,F,42,41.10888502558373,40600.0,42000.0,0.0010125341139306339,42010.138441955394,6125.3272547403485,0.00097854676395278,0.0,0.0
BC,FA,2035-01-01T00:00:00,F,43,143.30035067004064,40600.0,42900.0,0.003529565287439425,42010.138441955394,6125.3272547403485,0.0034110897032161892,0.0,0.0
BC,FA,2035-01-01T00:00:00,F,44,45.48205807382328,40600.0,43200.0,0.0011202477358084552,42010.138441955394,6125.3272547403485,0.00108264480338871,0.0,0.0
BC,FA,2035-01-01T00:00:00,F,45,147.94519374253287,40600.0,43600.0,0.0036439702892249472,42010.138441955394,6125.3272547403485,0.0035216545155390506,0.0,0.0
BC,FA,2035-01-01T00:00:00,F,46,49.75455312610575,40600.0,42900.0,0.0012254816040912747,42010.138441955394,6125.3272547403485,0.0011843463261814922,0.0,0.0
BC,FA,2035-01-01T00:00:00,F,47,151.61660066839977,40600.0,42500.00000000001,0.0037343990312413734,42010.138441955394,6125.3272547403485,0.0036090478701441444,0.0,0.0
BC,FA,2035-01-01T00:00:00,F,48,53.85232788116264,40600.0,41700.0,0.0013264120167774049,42010.138441955394,6125.3272547403485,0.0012818888458453754,0.0,0.0
BC,FA,2035-01-01T00:00:00,F,49,57.4208008190617,40600.0,41800.0,0.0014143054388931452,42010.138441955394,6125.3272547403485,0.0013668319826748232,0.0,0.0
BC,FA,2035-01-01T00:00:00,F,50,-39.482551809429424,40600.0,41000.0,-0.0009724766455524488,42010.138441955394,6125.3272547403485,0.0,0.006445786513508181,0.0009629890685226689
BC,FA,2035-01-01T00:00:00,F,51,64.45845663423825,40600.0,40600.0,0.0015876467151290207,42010.138441955394,6125.3272547403485,0.0015343547777948712,0.0,0.0
BC,FA,2035-01-01T00:00:00,F,52,68.27227406590828,40600.0,39899.99999999999,0.0016815831050716326,42010.138441955394,6125.3272547403485,0.0016251380404337103,0.0,0.0
BC,FA,2035-01-01T00:00:00,F,53,72.60469890805689,40600.0,39400.00000000001,0.0017882930765531254,42010.138441955394,6125.3272547403485,0.001728266118626898,0.0,0.0
BC,FA,2035-01-01T00:00:00,F,54,75.85334283341217,40600.0,38100.0,0.001868308936783551,42010.138441955394,6125.3272547403485,0.0018055961167139996,0.0,0.0
BC,FA,2035-01-01T00:00:00,F,55,80.40072133183276,40600.0,37300.0,0.001980313333296373,42010.138441955394,6125.3272547403485,0.0019138409039741893,0.0,0.0
BC,FA,2035-01-01T00:00:00,F,56,183.41676849283976,40600.0,35800.0,0.004517654396375363,42010.138441955394,6125.3272547403485,0.004366011998419458,0.0,0.0
BC,FA,2035-01-01T00:00:00,F,57,187.9357606915073,40600.0,34800.00000000001,0.004628959622943529,42010.138441955394,6125.3272547403485,0.004473581084508316,0.0,0.0
BC,FA,2035-01-01T00:00:00,F,58,94.81367241800035,40600.0,34500.0,0.002335312128522176,42010.138441955394,6125.3272547403485,0.00225692358879042,0.0,0.0
BC,FA,2035-01-01T00:00:00,F,59,103.94740833171818,40600.0,34800.0,0.0025602809933920733,42010.138441955394,6125.3272547403485,0.0024743410087862557,0.0,0.0
BC,FA,2035-01-01T00:00:00,F,60,112.10033365066192,40600.0,34400.0,0.0027610919618389638,42010.138441955394,6125.3272547403485,0.0026684114313393374,0.0,0.0
BC,FA,2035-01-01T00:00:00,F,61,121.66108708857791,40600.0,34300.00000000001,0.0029965784997186677,42010.138441955394,6125.3272547403485,0.0028959934815895624,0.0,0.0
BC,FA,2035-01-01T00:00:00,F,62,133.73688193331327,40600.0,34500.0,0.003294011870278652,42010.138441955394,6125.3272547403485,0.0031834430185964505,0.0,0.0
BC,FA,2035-01-01T00:00:00,F,63,147.93734741805383,40600.0,34900.00000000001,0.003643777030001326,42010.138441955394,6125.3272547403485,0.003521467743374758,0.0,0.0
BC,FA,2035-01-01T00:00:00,F,64,72.2407982503646,40600.0,37000.00000000001,0.0017793300061666158,42010.138441955394,6125.3272547403485,0.001719603908237016,0.0,0.0
BC,FA,2035-01-01T00:00:00,F,65,88.75006540736649,40600.0,37000.0,0.002185962202151884,42010.138441955394,6125.3272547403485,0.0021125868349610596,0.0,0.0
BC,FA,2035-01-01T00:00:00,F,66,5.980987277223903,40600.0,36700.00000000001,0.00014731495756709122,42010.138441955394,6125.3272547403485,0.00014237009205498617,0.0,0.0
BC,FA,2035-01-01T00:00:00,F,67,117.77471985752345,40600.0,35400.0,0.0029008551689045183,42010.138441955394,6125.3272547403485,0.002803483259648157,0.0,0.0
BC,FA,2035-01-01T00:00:00,F,68,33.652665386587614,40600.0,34400.0,0.0008288833839060988,42010.138441955394,6125.3272547403485,0.0008010605685835779,0.0,0.0
BC,FA,2035-01-01T00:00:00,F,69,166.56133774484624,40600.0,35700.0,0.004102496003567642,42010.138441955394,6125.3272547403485,0.0039647890704997526,0.0,0.0
BC,FA,2035-01-01T00:00:00,F,70,105.53128062797623,40600.0,37000.0,0.002599292626304833,42010.138441955394,6125.3272547403485,0.0025120431529590597,0.0,0.0
BC,FA,2035-01-01T00:00:00,F,71,152.88638159416587,40600.0,38700.00000000001,0.0037656744235016223,42010.138441955394,6125.3272547403485,0.0036392734531309878,0.0,0.0
BC,FA,2035-01-01T00:00:00,F,72,-9.532104830665048,40600.0,38500.00000000001,-0.00023478090715923765,42010.138441955394,6125.3272547403485,0.0,0.0015561788675516428,0.00024758713845883236
BC,FA,2035-01-01T00:00:00,F,73,213.66106121496705,40600.0,37000.0,0.005262587714654361,42010.138441955394,6125.3272547403485,0.00508594042150512,0.0,0.0
BC,FA,2035-01-01T00:00:00,F,74,158.85767266401672,40600.0,36900.00000000001,0.003912750558227013,42010.138441955394,6125.3272547403485,0.003781412738820352,0.0,0.0
BC,FA,2035-01-01T00:00:00,F,75,102.76707979392813,40600.0,36300.0,0.002531208861919412,42010.138441955394,6125.3272547403485,0.0024462447305647287,0.0,0.0
BC,FA,2035-01-01T00:00:00,F,76,44.01417262617906,40600.0,35200.00000000001,0.0010840929218270704,42010.138441955394,6125.3272547403485,0.0010477035843857692,0.0,0.0
BC,FA,2035-01-01T00:00:00,F,77,-7.776733997001429,40600.0,34299.99999999999,-0.00019154517233993667,42010.138441955394,6125.3272547403485,0.0,0.0012696030225949264,0.00022672693868808837
BC,FA,2035-01-01T00:00:00,F,78,32.09275316862113,40600.0,32800.0,0.0007904619007049539,42010.138441955394,6125.3272547403485,0.0007639287647900298,0.0,0.0
BC,FA,2035-01-01T00:00:00,F,79,80.42815605785654,40600.0,31600.000000000004,0.0019809890654644466,42010.138441955394,6125.3272547403485,0.0019144939540959283,0.0,0.0
BC,FA,2035-01-01T00:00:00,F,80,-65.09063238977251,40600.0,30300.000000000007,-0.001603217546546121,42010.138441955394,6125.3272547403485,0.0,0.01062647425725692,0.0021482056894314354
BC,FA,2035-01-01T00:00:00,F,81,-127.21869410874933,40600.0,28300.000000000007,-0.0031334653721366832,42010.138441955394,6125.3272547403485,0.0,0.020769289348629604,0.004495360215856866
BC,FA,2035-01-01T00:00:00,F,82,-101.6634983504191,40600.0,26000.0,-0.0025040270529659877,42010.138441955394,6125.3272547403485,0.0,0.01659723540023799,0.003910134551939197
BC,FA,2035-01-01T00:00:00,F,83,-70.31682266082134,40600.0,23999.999999999996,-0.0017319414448478164,42010.138441955394,6125.3272547403485,0.0,0.011479684225263824,0.0029298676108675563
BC,FA,2035-01-01T00:00:00,F,84,-126.94083090217464,40600.0,22300.000000000004,-0.003126621450792479,42010.138441955394,6125.3272547403485,0.0,0.020723926350863297,0.005692413941801552
BC,FA,2035-01-01T00:00:00,F,85,-71.85362856099891,40600.0,21000.000000000004,-0.0017697938069211555,42010.138441955394,6125.3272547403485,0.0,0.011730577905921987,0.0034216013600475667
BC,FA,2035-01-01T00:00:00,F,86,-148.4176539172404,40600.0,18899.999999999996,-0.003655607239340896,42010.138441955394,6125.3272547403485,0.0,0.024230159099235225,0.007852785921547112
BC,FA,2035-01-01T00:00:00,F,87,-95.22902694830191,40600.0,17600.0,-0.0023455425356724608,42010.138441955394,6125.3272547403485,0.0,0.015546765582949845,0.005410740167517154
BC,FA,2035-01-01T00:00:00,F,88,-242.48199749229389,40600.0,16100.000000000002,-0.005972462992421032,42010.138441955394,6125.3272547403485,0.0,0.039586782453890725,0.01506099363306173
BC,FA,2035-01-01T00:00:00,F,89,-91.26998745676974,40600.0,12200.000000000002,-0.002248029247703688,42010.138441955394,6125.3272547403485,0.0,0.014900426321897581,0.007481146512849978
BC,FA,2035-01-01T00:00:00,F,90,-217.44834585833996,40600.0,10200.000000000002,-0.005355870587643841,42010.138441955394,6125.3272547403485,0.0,0.035499874017352814,0.021318465280229404
BC,FA,2035-01-01T00:00:00,F,91,-112.53576854820676,40600.0,9000.0,-0.0027718169593154373,42010.138441955394,6125.3272547403485,0.0,0.018372205086857378,0.012503974283134085
BC,FA,2035-01-01T00:00:00,F,92,-244.11573419386968,40600.0,7400.000000000001,-0.006012702812656889,42010.138441955394,6125.3272547403485,0.0,0.039853500726014304,0.03298861272890131
BC,FA,2035-01-01T00:00:00,F,93,-126.84066413835353,40600.0,5900.000000000001,-0.003124154289122008,42010.138441955394,6125.3272547403485,0.0,0.020707573467228613,0.021498417650568393
BC,FA,2035-01-01T00:00:00,F,94,-171.51862692767736,40600.0,4800.0,-0.004224596722356585,42010.138441955394,6125.3272547403485,0.0,0.028001545026829427,0.03573304727659945
BC,FA,2035-01-01T00:00:00,F,95,-70.89209780084911,40600.0,3700.0,-0.0017461107832721456,42010.138441955394,6125.3272547403485,0.0,0.011573601679157013,0.019160026432661924
BC,FA,2035-01-01T00:00:00,F,96,-146.11963289765254,40600.0,2800.0,-0.0035990057363953828,42010.138441955394,6125.3272547403485,0.0,0.02385499203892683,0.05218558317773305
BC,FA,2035-01-01T00:00:00,F,97,-109.74258281005496,40600.0,2200.0,-0.002703019281035836,42010.138441955394,6125.3272547403485,0.0,0.017916199126361113,0.049882992186388614
BC,FA,2035-01-01T00:00:00,F,98,-94.74389662393833,40600.0,1600.0,-0.002333593512904885,42010.138441955394,6125.3272547403485,0.0,0.015467564863675926,0.059214935389961455
BC,FA,2035-01-01T00:00:00,F,99,-61.07646847080832,40600.0,1200.0000000000002,-0.0015043465140593183,42010.138441955394,6125.3272547403485,0.0,0.009971135570518565,0.05089705705900693
BC,FA,2035-01-01T00:00:00,F,100,1454.6734124614454,40600.0,2300.0,0.03582939439560211,42010.138441955394,6125.3272547403485,0.034626722653421864,0.0,0.0
BC,FA,2035-01-01T00:00:00,M,1,358.8640703904166,40600.0,21100.0,0.008839016512079226,42010.138441955394,6125.3272547403485,0.008542320584976225,0.0,0.0
BC,FA,2035-01-01T00:00:00,M,2,303.84438953243443,40600.0,21399.999999999996,0.007483851958926957,42010.138441955394,6125.3272547403485,0.007232644328279242,0.0,0.0
BC,FA,2035-01-01T00:00:00,M,3,202.7250170108564,40600.0,21700.0,0.004993227019971833,42010.138441955394,6125.3272547403485,0.004825621255472835,0.0,0.0
BC,FA,2035-01-01T00:00:00,M,4,301.8995706026508,40600.0,22100.0,0.007435950014843615,42010.138441955394,6125.3272547403485,0.007186350290651378,0.0,0.0
BC,FA,2035-01-01T00:00:00,M,5,301.5827048728315,40600.0,22500.0,0.007428145440217525,42010.138441955394,6125.3272547403485,0.007178807689232508,0.0,0.0
BC,FA,2035-01-01T00:00:00,M,6,401.2531675171085,40600.0,23000.0,0.009883082943771146,42010.138441955394,6125.3272547403485,0.009551341233295681,0.0,0.0
BC,FA,2035-01-01T00:00:00,M,7,301.097905542465,40600.0,23399.999999999996,0.007416204570011454,42010.138441955394,6125.3272547403485,0.007167267633704332,0.0,0.0
BC,FA,2035-01-01T00:00:00,M,8,301.1169168938577,40600.0,23800.0,0.007416672829897973,42010.138441955394,6125.3272547403485,0.00716772017568819,0.0,0.0
BC,FA,2035-01-01T00:00:00,M,9,201.13592824524312,40600.0,24100.0,0.004954086902592195,42010.138441955394,6125.3272547403485,0.0047877949396227006,0.0,0.0
BC,FA,2035-01-01T00:00:00,M,10,301.1501867587831,40600.0,24500.0,0.007417492284699091,42010.138441955394,6125.3272547403485,0.007168512124159661,0.0,0.0
BC,FA,2035-01-01T00:00:00,M,11,201.17395094801032,40600.0,24900.0,0.004955023422364786,42010.138441955394,6125.3272547403485,0.004788700023589985,0.0,0.0
BC,FA,2035-01-01T00:00:00,M,12,201.59062301214,40600.0,25300.0,0.004965286281087192,42010.138441955394,6125.3272547403485,0.004798618392811866,0.0,0.0
BC,FA,2035-01-01T00:00:00,M,13,301.8251011146058,40600.0,25900.0,0.007434115791000143,42010.138441955394,6125.3272547403485,0.007184577635506528,0.0,0.0
BC,FA,2035-01-01T00:00:00,M,14,402.50952968258207,40600.0,26800.000000000004,0.00991402782469414,42010.138441955394,6125.3272547403485,0.00958124739909443,0.0,0.0
BC,FA,2035-01-01T00:00:00,M,15,803.4728123766254,40600.0,28200.0,0.019789970748192744,42010.138441955394,6125.3272547403485,0.01912568827847993,0.0,0.0
BC,FA,2035-01-01T00:00:00,M,16,1305.3804137614316,40600.0,29600.0,0.03215222693993674,42010.138441955394,6125.3272547403485,0.03107298528818349,0.0,0.0
BC,FA,2035-01-01T00:00:00,M,17,1108.0802946471886,40600.0,31100.0,0.027292618094758338,42010.138441955394,6125.3272547403485,0.026376497096723496,0.0,0.0
BC,FA,2035-01-01T00:00:00,M,18,1611.3007881388003,40600.0,33300.0,0.03968721153051232,42010.138441955394,6125.3272547403485,0.038355045898387216,0.0,0.0
BC,FA,2035-01-01T00:00:00,M,19,3315.037196697027,40600.0,36600.0,0.08165116248022233,42010.138441955394,6125.3272547403485,0.07891040876424034,0.0,0.0
BC,FA,2035-01-01T00:00:00,M,20,2020.3353034150277,40600.0,39200.0,0.049761953286084425,42010.138441955394,6125.3272547403485,0.04809161260457369,0.0,0.0
BC,FA,2035-01-01T00:00:00,M,21,524.9634198618951,40600.0,39400.0,0.012930133494135347,42010.138441955394,6125.3272547403485,0.012496112589279539,0.0,0.0
BC,FA,2035-01-01T00:00:00,M,22,-270.82180444192636,40600.0,39300.0,-0.006670487794136117,42010.138441955394,6125.3272547403485,0.0,0.044213442511555484,0.006891140062135531
BC,FA,2035-01-01T00:00:00,M,23,-367.9466689260007,40600.0,38499.99999999999,-0.00906272583561578,42010.138441955394,6125.3272547403485,0.0,0.06006971605333402,0.00955705633574028
BC,FA,2035-01-01T00:00:00,M,24,-265.88842480398307,40600.0,37800.0,-0.006548975980393672,42010.138441955394,6125.3272547403485,0.0,0.04340803580710138,0.007034085312274684
BC,FA,2035-01-01T00:00:00,M,25,-163.98245581005176,40600.0,38000.0,-0.004038976744089945,42010.138441955394,6125.3272547403485,0.0,0.0267712154780215,0.004315327784475046
BC,FA,2035-01-01T00:00:00,M,26,-162.364057097795,40600.0,37800.0,-0.003999114706842242,42010.138441955394,6125.3272547403485,0.0,0.02650700123363084,0.004295345425867593
BC,FA,2035-01-01T00:00:00,M,27,139.11659520807734,40600.0,37500.0,0.0034265171233516588,42010.138441955394,6125.3272547403485,0.003311500517911696,0.0,0.0
BC,FA,2035-01-01T00:00:00,M,28,40.31045676481153,40600.0,36600.0,0.000992868393221959,42010.138441955394,6125.3272547403485,0.000959541155059694,0.0,0.0
BC,FA,2035-01-01T00:00:00,M,29,141.98311929334886,40600.0,35900.0,0.0034971211648608096,42010.138441955394,6125.3272547403485,0.003379734620239927,0.0,0.0
BC,FA,2035-01-01T00:00:00,M,30,144.31995803333848,40600.0,35500.0,0.003554678769294051,42010.138441955394,6125.3272547403485,0.003435360210315484,0.0,0.0
BC,FA,2035-01-01T00:00:00,M,31,147.82193037968682,40600.0,35600.0,0.003640934245805094,42010.138441955394,6125.3272547403485,0.003518720381841387,0.0,0.0
BC,FA,2035-01-01T00:00:00,M,32,50.47776273544878,40600.0,35000.0,0.0012432946486563739,42010.138441955394,6125.3272547403485,0.0012015614470110099,0.0,0.0
BC,FA,2035-01-01T00:00:00,M,33,52.61218657212885,40600.0,34400.0,0.001295866664338149,42010.138441955394,6125.3272547403485,0.001252368797708727,0.0,0.0
BC,FA,2035-01-01T00:00:00,M,34,159.00700425839023,40600.0,36600.0,0.0039164286763150305,42010.138441955394,6125.3272547403485,0.003784967394908426,0.0,0.0
BC,FA,2035-01-01T00:00:00,M,35,264.68213555798866,40600.0,38700.0,0.006519264422610558,42010.138441955394,6125.3272547403485,0.006300434737288355,0.0,0.0
BC,FA,2035-01-01T00:00:00,M,36,268.5543934167945,40600.0,39700.0,0.006614640231940751,42010.138441955394,6125.3272547403485,0.006392609102868132,0.0,0.0
BC,FA,2035-01-01T00:00:00,M,37,71.68166299931909,40600.0,40200.0,0.001765558201953672,42010.138441955394,6125.3272547403485,0.0017062943769718892,0.0,0.0
BC,FA,2035-01-01T00:00:00,M,38,175.89348040161713,40600.0,41200.0,0.004332351734029978,42010.138441955394,6125.3272547403485,0.004186929320517375,0.0,0.0
BC,FA,2035-01-01T00:00:00,M,39,-19.447409404958307,40600.0,41900.0,-0.0004790002316492194,42010.138441955394,6125.3272547403485,0.0,0.003174917616019306,0.0004641386492830145
BC,FA,2035-01-01T00:00:00,M,40,185.08128251847666,40600.0,42700.0,0.004558652278780213,42010.138441955394,6125.3272547403485,0.004405633720398231,0.0,0.0
BC,FA,2035-01-01T00:00:00,M,41,189.422511751407,40600.0,43000.0,0.004665579107177512,42010.138441955394,6125.3272547403485,0.0045089713763530785,0.0,0.0
BC,FA,2035-01-01T00:00:00,M,42,94.50143323704833,40600.0,43200.0,0.002327621508301683,42010.138441955394,6125.3272547403485,0.0022494911167126753,0.0,0.0
BC,FA,2035-01-01T00:00:00,M,43,99.9874441880529,40600.0,43500.0,0.0024627449307402195,42010.138441955394,6125.3272547403485,0.0023800789022917325,0.0,0.0
BC,FA,2035-01-01T00:00:00,M,44,205.88774809181632,40600.0,43900.0,0.005071126800291042,42010.138441955394,6125.3272547403485,0.004900906203303459,0.0,0.0
BC,FA,2035-01-01T00:00:00,M,45,11.859759321996535,40600.0,44000.0,0.00029211229857134324,42010.138441955394,6125.3272547403485,0.000282307075430921,0.0,0.0
BC,FA,2035-01-01T00:00:00,M,46,115.66939593645657,40600.0,43300.0,0.0028489998999127234,42010.138441955394,6125.3272547403485,0.0027533685968751274,0.0,0.0
BC,FA,2035-01-01T00:00:00,M,47,118.47518097254942,40600.0,42099.99999999999,0.0029181079057278183,42010.138441955394,6125.3272547403485,0.0028201568803741107,0.0,0.0
BC,FA,2035-01-01T00:00:00,M,48,123.63509152193728,40600.0,41700.0,0.003045199298569884,42010.138441955394,6125.3272547403485,0.002942982244458954,0.0,0.0
BC,FA,2035-01-01T00:00:00,M,49,130.89602196791384,40600.0,41800.0,0.003224039949948617,42010.138441955394,6125.3272547403485,0.003115819819274587,0.0,0.0
BC,FA,2035-01-01T00:00:00,M,50,35.878525472973706,40600.0,41000.0,0.0008837075239648696,42010.138441955394,6125.3272547403485,0.0008540444474503787,0.0,0.0
BC,FA,2035-01-01T00:00:00,M,51,40.209550299499824,40600.0,40000.0,0.0009903830123029513,42010.138441955394,6125.3272547403485,0.0009571391999827992,0.0,0.0
BC,FA,2035-01-01T00:00:00,M,52,44.41078077045677,40600.0,38900.0,0.0010938615953314476,42010.138441955394,6125.3272547403485,0.001057144356518089,0.0,0.0
BC,FA,2035-01-01T00:00:00,M,53,49.15308030790766,40600.0,37899.99999999999,0.0012106670026578242,42010.138441955394,6125.3272547403485,0.0011700290008760988,0.0,0.0
BC,FA,2035-01-01T00:00:00,M,54,53.20666719183646,40600.0,36700.0,0.001310509044133903,42010.138441955394,6125.3272547403485,0.001266519682275056,0.0,0.0
BC,FA,2035-01-01T00:00:00,M,55,56.933746115202666,40600.0,35300.0,0.0014023090176158292,42010.138441955394,6125.3272547403485,0.0013552382407372196,0.0,0.0
BC,FA,2035-01-01T00:00:00,M,56,59.50249343192263,40600.0,33700.0,0.0014655786559586855,42010.138441955394,6125.3272547403485,0.001416384131038656,0.0,0.0
BC,FA,2035-01-01T00:00:00,M,57,64.4394721914432,40600.0,32600.0,0.0015871791180158423,42010.138441955394,6125.3272547403485,0.0015339028763372915,0.0,0.0
BC,FA,2035-01-01T00:00:00,M,58,73.9969415609412,40600.0,32299.999999999996,0.0018225847675108669,42010.138441955394,6125.3272547403485,0.0017614067533526783,0.0,0.0
BC,FA,2035-01-01T00:00:00,M,59,83.22286799905123,40600.0,31800.0,0.0020498243349520006,42010.138441955394,6125.3272547403485,0.0019810186561046135,0.0,0.0
BC,FA,2035-01-01T00:00:00,M,60,195.17241159898185,40600.0,31700.0,0.004807202256132558,42010.138441955394,6125.3272547403485,0.004645840714584834,0.0,0.0
BC,FA,2035-01-01T00:00:00,M,61,206.64064486047937,40600.0,31300.0,0.005089671055676832,42010.138441955394,6125.3272547403485,0.004918827990676365,0.0,0.0
BC,FA,2035-01-01T00:00:00,M,62,122.7774988506535,40600.0,31300.0,0.003024076326370776,42010.138441955394,6125.3272547403485,0.0029225682990855367,0.0,0.0
BC,FA,2035-01-01T00:00:00,M,63,143.57427521475256,40600.0,31800.0,0.0035363121974076985,42010.138441955394,6125.3272547403485,0.003417610142207134,0.0,0.0
BC,FA,2035-01-01T00:00:00,M,64,76.33229283909168,40600.0,33400.0,0.001880105734952997,42010.138441955394,6125.3272547403485,0.0018169969362171598,0.0,0.0
BC,FA,2035-01-01T00:00:00,M,65,198.25510222907178,40600.0,33500.0,0.004883130596775167,42010.138441955394,6125.3272547403485,0.004719220397309498,0.0,0.0
BC,FA,2035-01-01T00:00:00,M,66,217.52883872522216,40600.0,33000.0,0.005357853170571974,42010.138441955394,6125.3272547403485,0.005178008137863616,0.0,0.0
BC,FA,2035-01-01T00:00:00,M,67,135.57455807476072,40600.0,32099.999999999996,0.003339274829427604,42010.138441955394,6125.3272547403485,0.0032271866530999773,0.0,0.0
BC,FA,2035-01-01T00:00:00,M,68,258.24628723444766,40600.0,31700.0,0.006360745990996248,42010.138441955394,6125.3272547403485,0.006147237233965835,0.0,0.0
BC,FA,2035-01-01T00:00:00,M,69,203.59007615507653,40600.0,32799.99999999999,0.005014533895445235,42010.138441955394,6125.3272547403485,0.004846212931108833,0.0,0.0
BC,FA,2035-01-01T00:00:00,M,70,160.13083213946084,40600.0,34300.0,0.003944109165996573,42010.138441955394,6125.3272547403485,0.0038117187440529516,0.0,0.0
BC,FA,2035-01-01T00:00:00,M,71,116.91787949170975,40600.0,35300.0,0.002879750726396792,42010.138441955394,6125.3272547403485,0.0027830872219869723,0.0,0.0
BC,FA,2035-01-01T00:00:00,M,72,168.68881384025735,40600.0,35599.99999999999,0.004154896892617176,42010.138441955394,6125.3272547403485,0.004015431038708227,0.0,0.0
BC,FA,2035-01-01T00:00:00,M,73,91.71333276422956,40600.0,33800.0,0.002258949082862797,42010.138441955394,6125.3272547403485,0.0021831237926280135,0.0,0.0
BC,FA,2035-01-01T00:00:00,M,74,137.95543574879412,40600.0,33299.99999999999,0.003397917136669806,42010.138441955394,6125.3272547403485,0.0032838605361752023,0.0,0.0
BC,FA,2035-01-01T00:00:00,M,75,80.47945931591676,40600.0,32300.0,0.0019822526925102647,42010.138441955394,6125.3272547403485,0.0019157151654502088,0.0,0.0
BC,FA,2035-01-01T00:00:00,M,76,114.86757070002204,40600.0,30899.999999999996,0.0028292505098527596,42010.138441955394,6125.3272547403485,0.0027342821271282495,0.0,0.0
BC,FA,2035-01-01T00:00:00,M,77,168.1514831791901,40600.0,30200.0,0.004141662147270692,42010.138441955394,6125.3272547403485,0.004002640539057537,0.0,0.0
BC,FA,2035-01-01T00:00:00,M,78,96.1531032927378,40600.0,28299.999999999996,0.0023683030367669406,42010.138441955394,6125.3272547403485,0.0022888071036849997,0.0,0.0
BC,FA,2035-01-01T00:00:00,M,79,144.48175598100352,40600.0,27199.999999999996,0.003558663940418806,42010.138441955394,6125.3272547403485,0.003439211612707042,0.0,0.0
BC,FA,2035-01-01T00:00:00,M,80,82.4313285105236,40600.0,25599.999999999996,0.0020303282884365417,42010.138441955394,6125.3272547403485,0.0019621770260152176,0.0,0.0
BC,FA,2035-01-01T00:00:00,M,81,98.3081037352058,40600.0,23499.999999999996,0.002421381865399158,42010.138441955394,6125.3272547403485,0.0023401042553343695,0.0,0.0
BC,FA,2035-01-01T00:00:00,M,82,33.72546477903961,40600.0,21900.0,0.0008306764723901382,42010.138441955394,6125.3272547403485,0.0008027934691440601,0.0,0.0
BC,FA,2035-01-01T00:00:00,M,83,54.26780771364065,40600.0,20100.0,0.0013366455101881934,42010.138441955394,6125.3272547403485,0.0012917788354499578,0.0,0.0
BC,FA,2035-01-01T00:00:00,M,84,-15.224236011530593,40600.0,18500.0,-0.0003749811825500146,42010.138441955394,6125.3272547403485,0.0,0.002485456756575522,0.0008229316762989509
BC,FA,2035-01-01T00:00:00,M,85,-71.1942996848993,40600.0,17200.0,-0.0017535541794310174,42010.138441955394,6125.3272547403485,0.0,0.011622938126253177,0.0041392034700522854
BC,FA,2035-01-01T00:00:00,M,86,-72.0207710626728,40600.0,15300.0,-0.0017739106173072117,42010.138441955394,6125.3272547403485,0.0,0.01175786501969122,0.004707239938736784
BC,FA,2035-01-01T00:00:00,M,87,-128.69020266340885,40600.0,14100.0,-0.0031697094252071145,42010.138441955394,6125.3272547403485,0.0,0.021009522807751438,0.009126964727901338
BC,FA,2035-01-01T00:00:00,M,88,-118.85967393860119,40600.0,12599.999999999998,-0.0029275781758276156,42010.138441955394,6125.3272547403485,0.0,0.019404624274828176,0.00943330745544454
BC,FA,2035-01-01T00:00:00,M,89,-186.74317350621277,40600.0,9300.0,-0.004599585554340216,42010.138441955394,6125.3272547403485,0.0,0.03048705248551308,0.020079911129700298
BC,FA,2035-01-01T00:00:00,M,90,-151.93292243687665,40600.0,7599.999999999999,-0.0037421902078048435,42010.138441955394,6125.3272547403485,0.0,0.024804049827590324,0.019991174004852192
BC,FA,2035-01-01T00:00:00,M,91,-167.9551896717685,40600.0,6499.999999999999,-0.004136827331816958,42010.138441955394,6125.3272547403485,0.0,0.027419790435162322,0.025839259949502848
BC,FA,2035-01-01T00:00:00,M,92,-127.25519390285626,40600.0,5299.999999999999,-0.0031343643818437504,42010.138441955394,6125.3272547403485,0.0,0.0207752481803114,0.024010413943935147
BC,FA,2035-01-01T00:00:00,M,93,-131.08768675088822,40600.0,3999.9999999999995,-0.00322876075741104,42010.138441955394,6125.3272547403485,0.0,0.021400927868701278,0.03277192168772206
BC,FA,2035-01-01T00:00:00,M,94,-110.69685340606429,40600.0,3100.0,-0.0027265234829079877,42010.138441955394,6125.3272547403485,0.0,0.018071990083533374,0.035708662389053
BC,FA,2035-01-01T00:00:00,M,95,-101.92440575223009,40600.0,2300.0,-0.002510453343650987,42010.138441955394,6125.3272547403485,0.0,0.01663983025124927,0.04431495902270873
BC,FA,2035-01-01T00:00:00,M,96,-88.25414584661826,40600.0,1699.9999999999998,-0.00217374743464577,42010.138441955394,6125.3272547403485,0.0,0.01440807032445801,0.05191420343918722
BC,FA,2035-01-01T00:00:00,M,97,-72.72407640516667,40600.0,1200.0,-0.001791233408994253,42010.138441955394,6125.3272547403485,0.0,0.011872684247014886,0.06060339700430556
BC,FA,2035-01-01T00:00:00,M,98,-32.74709676591533,40600.0,900.0,-0.0008065787380767323,42010.138441955394,6125.3272547403485,0.0,0.0053461791352572355,0.036385663073239254
BC,FA,2035-01-01T00:00:00,M,99,-6.774627042653378,40600.0,600.0,-0.00016686273504072362,42010.138441955394,6125.3272547403485,0.0,0.0011060024649965504,0.011291045071088964
BC,FA,2035-01-01T00:00:00,M,100,556.5236528092117,40600.0,999.9999999999999,0.013707479133231816,42010.138441955394,6125.3272547403485,0.013247365361058017,0.0,0.0
BC,FA,2036-01-01T00:00:00,F,1,254.33934228072394,40600.0,20000.0,0.006264515819722265,41203.11816420234,6487.588715121909,0.0061728178257561194,0.0,0.0
BC,FA,2036-01-01T00:00:00,F,2,202.42717978142173,40600.0,20200.0,0.0049858911276212245,41203.11816420234,6487.588715121909,0.004912909236012443,0.0,0.0
BC,FA,2036-01-01T00:00:00,F,3,201.96115002784427,40600.0,20400.000000000004,0.004974412562262174,41203.11816420234,6487.588715121909,0.004901598690249372,0.0,0.0
BC,FA,2036-01-01T00:00:00,F,4,101.65855701401597,40600.0,20600.0,0.0025039053451728073,41203.11816420234,6487.588715121909,0.0024672539735679008,0.0,0.0
BC,FA,2036-01-01T00:00:00,F,5,201.51454282979103,40600.0,21000.0,0.004963412384970222,41203.11816420234,6487.588715121909,0.004890759530060732,0.0,0.0
BC,FA,2036-01-01T00:00:00,F,6,201.36567490093148,40600.0,21300.0,0.004959745687215061,41203.11816420234,6487.588715121909,0.004887146504263357,0.0,0.0
BC,FA,2036-01-01T00:00:00,F,7,201.21195325524604,40600.0,21600.0,0.004955959439784385,41203.11816420234,6487.588715121909,0.0048834156787206685,0.0,0.0
BC,FA,2036-01-01T00:00:00,F,8,201.05337792052887,40600.0,21899.999999999996,0.00495205364336278,41203.11816420234,6487.588715121909,0.00487956705410723,0.0,0.0
BC,FA,2036-01-01T00:00:00,F,9,201.06794074893332,40600.0,22200.000000000004,0.00495241233371757,41203.11816420234,6487.588715121909,0.004879920494066468,0.0,0.0
BC,FA,2036-01-01T00:00:00,F,10,201.08250357732686,40600.0,22500.0,0.004952771024072091,41203.11816420234,6487.588715121909,0.004880273934025441,0.0,0.0
BC,FA,2036-01-01T00:00:00,F,11,201.0970664057204,40600.0,22800.0,0.0049531297144266104,41203.11816420234,6487.588715121909,0.004880627373984415,0.0,0.0
BC,FA,2036-01-01T00:00:00,F,12,201.2969032497749,40600.0,23100.0,0.004958051804181648,41203.11816420234,6487.588715121909,0.004885477415752082,0.0,0.0
BC,FA,2036-01-01T00:00:00,F,13,201.50806754463702,40600.0,23500.000000000004,0.004963252895188104,41203.11816420234,6487.588715121909,0.0048906023748394156,0.0,0.0
BC,FA,2036-01-01T00:00:00,F,14,401.73298650716606,40600.0,24200.0,0.0098949011454967,41203.11816420234,6487.588715121909,0.009750062723558517,0.0,0.0
BC,FA,2036-01-01T00:00:00,F,15,802.3980398855347,40600.0,25500.0,0.019763498519348145,41203.11816420234,6487.588715121909,0.01947420670173127,0.0,0.0
BC,FA,2036-01-01T00:00:00,F,16,1403.534796322394,40600.0,27100.000000000004,0.03456982256951709,41203.11816420234,6487.588715121909,0.03406380048056165,0.0,0.0
BC,FA,2036-01-01T00:00:00,F,17,1105.3593050687487,40600.0,28699.999999999996,0.027225598647013512,41203.11816420234,6487.588715121909,0.02682707897649104,0.0,0.0
BC,FA,2036-01-01T00:00:00,F,18,1507.1361129735378,40600.0,30899.999999999996,0.03712157913727926,41203.11816420234,6487.588715121909,0.036578205245712495,0.0,0.0
BC,FA,2036-01-01T00:00:00,F,19,3109.116852876108,40600.0,34400.0,0.07657923282946079,41203.11816420234,6487.588715121909,0.07545829032855428,0.0,0.0
BC,FA,2036-01-01T00:00:00,F,20,1611.4447209211794,40600.0,36100.0,0.03969075667293545,41203.11816420234,6487.588715121909,0.039109775976159444,0.0,0.0
BC,FA,2036-01-01T00:00:00,F,21,413.1803413230009,40600.0,36600.0,0.01017685569761086,41203.11816420234,6487.588715121909,0.010027890114442259,0.0,0.0
BC,FA,2036-01-01T00:00:00,F,22,-385.74670208524185,40600.0,36300.0,-0.009501150297666055,41203.11816420234,6487.588715121909,0.0,0.059459179523218775,0.010626630911439169
BC,FA,2036-01-01T00:00:00,F,23,-184.89704909115244,40600.0,36400.0,-0.004554114509634296,41203.11816420234,6487.588715121909,0.0,0.028500118797632198,0.005079589260745946
BC,FA,2036-01-01T00:00:00,F,24,-84.43336642050417,40600.0,36200.0,-0.002079639567007492,41203.11816420234,6487.588715121909,0.0,0.013014599125819827,0.002332413437030502
BC,FA,2036-01-01T00:00:00,F,25,115.39510042710754,40600.0,36000.0,0.002842243852884422,41203.11816420234,6487.588715121909,0.0028006399896055418,0.0,0.0
BC,FA,2036-01-01T00:00:00,F,26,-84.34759984430275,40600.0,36400.0,-0.0020775270897611517,41203.11816420234,6487.588715121909,0.0,0.013001379025106365,0.0023172417539643613
BC,FA,2036-01-01T00:00:00,F,27,115.90406642777816,40600.0,36500.0,0.002854779961275324,41203.11816420234,6487.588715121909,0.0028129925984212703,0.0,0.0
BC,FA,2036-01-01T00:00:00,F,28,116.28762050376827,40600.0,36700.0,0.0028642271060041447,41203.11816420234,6487.588715121909,0.002822301458844444,0.0,0.0
BC,FA,2036-01-01T00:00:00,F,29,116.60324139883596,40600.0,36100.0,0.0028720010196757626,41203.11816420234,6487.588715121909,0.002829961580435482,0.0,0.0
BC,FA,2036-01-01T00:00:00,F,30,116.89944563509198,40600.0,35500.0,0.002879296690519507,41203.11816420234,6487.588715121909,0.0028371504595653477,0.0,0.0
BC,FA,2036-01-01T00:00:00,F,31,217.65850879465142,40600.0,35400.0,0.005361047014646587,41203.11816420234,6487.588715121909,0.0052825737102527165,0.0,0.0
BC,FA,2036-01-01T00:00:00,F,32,118.90471734465245,40600.0,35500.0,0.002928687619326415,41203.11816420234,6487.588715121909,0.002885818419634998,0.0,0.0
BC,FA,2036-01-01T00:00:00,F,33,119.65412995847873,40600.0,34800.0,0.002947146058090609,41203.11816420234,6487.588715121909,0.0029040066696319937,0.0,0.0
BC,FA,2036-01-01T00:00:00,F,34,220.8761381338627,40600.0,34600.0,0.005440298968814352,41203.11816420234,6487.588715121909,0.005360665599473052,0.0,0.0
BC,FA,2036-01-01T00:00:00,F,35,223.6922155735374,40600.0,36800.0,0.005509660482106832,41203.11816420234,6487.588715121909,0.00542901182095202,0.0,0.0
BC,FA,2036-01-01T00:00:00,F,36,226.89199520012335,40600.0,38400.0,0.005588472788180378,41203.11816420234,6487.588715121909,0.005506670497507377,0.0,0.0
BC,FA,2036-01-01T00:00:00,F,37,129.5885491808367,40600.0,39000.0,0.003191836186720116,41203.11816420234,6487.588715121909,0.003145115101832863,0.0,0.0
BC,FA,2036-01-01T00:00:00,F,38,132.11929073864303,40600.0,39400.0,0.003254169722626676,41203.11816420234,6487.588715121909,0.0032065362192279304,0.0,0.0
BC,FA,2036-01-01T00:00:00,F,39,133.8812270810231,40600.0,39600.0,0.0032975671694833275,41203.11816420234,6487.588715121909,0.003249298428033546,0.0,0.0
BC,FA,2036-01-01T00:00:00,F,40,36.737246670614695,40600.0,40900.0,0.0009048582923796723,41203.11816420234,6487.588715121909,0.0008916132639333196,0.0,0.0
BC,FA,2036-01-01T00:00:00,F,41,38.24752153651207,40600.0,41100.0,0.0009420571807022677,41203.11816420234,6487.588715121909,0.0009282676467370346,0.0,0.0
BC,FA,2036-01-01T00:00:00,F,42,139.86706426720775,40600.0,41499.99999999999,0.0034450015829361517,41203.11816420234,6487.588715121909,0.0033945747433437113,0.0,0.0
BC,FA,2036-01-01T00:00:00,F,43,141.80465788862784,40600.0,42100.0,0.0034927255637593065,41203.11816420234,6487.588715121909,0.0034416001556850395,0.0,0.0
BC,FA,2036-01-01T00:00:00,F,44,44.43668791879463,40600.0,42900.0,0.0010944997024333652,41203.11816420234,6487.588715121909,0.001078478763226266,0.0,0.0
BC,FA,2036-01-01T00:00:00,F,45,146.8455068337862,40600.0,43300.0,0.003616884404773059,41203.11816420234,6487.588715121909,0.0035639415989969173,0.0,0.0
BC,FA,2036-01-01T00:00:00,F,46,49.749738892234745,40600.0,43600.0,0.0012253630269023336,41203.11816420234,6487.588715121909,0.0012074265518928079,0.0,0.0
BC,FA,2036-01-01T00:00:00,F,47,151.3818832961697,40600.0,43000.00000000001,0.0037286178151765934,41203.11816420234,6487.588715121909,0.00367403949120753,0.0,0.0
BC,FA,2036-01-01T00:00:00,F,48,-46.000833106074424,40600.0,42400.00000000001,-0.0011330254459624243,41203.11816420234,6487.588715121909,0.0,0.007090590221733872,0.0010849253091055288
BC,FA,2036-01-01T00:00:00,F,49,56.358483581432665,40600.0,41700.00000000001,0.0013881399896904598,41203.11816420234,6487.588715121909,0.0013678208371714316,0.0,0.0
BC,FA,2036-01-01T00:00:00,F,50,-39.445553163051954,40600.0,41700.0,-0.0009715653488436442,41203.11816420234,6487.588715121909,0.0,0.006080156263776152,0.0009459365266918934
BC,FA,2036-01-01T00:00:00,F,51,64.0426816996478,40600.0,41000.0,0.0015774059531932956,41203.11816420234,6487.588715121909,0.0015543163855809509,0.0,0.0
BC,FA,2036-01-01T00:00:00,F,52,-31.651316023831896,40600.0,40500.00000000001,-0.0007795890646264014,41203.11816420234,6487.588715121909,0.0,0.004878748856267028,0.0007815139758970837
BC,FA,2036-01-01T00:00:00,F,53,72.33941248882911,40600.0,39900.00000000001,0.0017817589282962836,41203.11816420234,6487.588715121909,0.001755678106704028,0.0,0.0
BC,FA,2036-01-01T00:00:00,F,54,77.17570152178814,40600.0,39400.0,0.0019008793478272942,41203.11816420234,6487.588715121909,0.0018730548793474357,0.0,0.0
BC,FA,2036-01-01T00:00:00,F,55,80.80009286384302,40600.0,38100.0,0.0019901500705380056,41203.11816420234,6487.588715121909,0.001961018885557135,0.0,0.0
BC,FA,2036-01-01T00:00:00,F,56,185.74938616345025,40600.0,37400.0,0.004575108033582518,41203.11816420234,6487.588715121909,0.004508139054505615,0.0,0.0
BC,FA,2036-01-01T00:00:00,F,57,89.2601282707401,40600.0,35800.0,0.0021985253268655197,41203.11816420234,6487.588715121909,0.002166344011029004,0.0,0.0
BC,FA,2036-01-01T00:00:00,F,58,194.09597579887486,40600.0,34899.99999999999,0.004780689059085587,41203.11816420234,6487.588715121909,0.004710710850216848,0.0,0.0
BC,FA,2036-01-01T00:00:00,F,59,201.39000084396685,40600.0,34600.0,0.004960344848373568,41203.11816420234,6487.588715121909,0.004887736895091022,0.0,0.0
BC,FA,2036-01-01T00:00:00,F,60,211.5761121941032,40600.0,34900.00000000001,0.005211234290495153,41203.11816420234,6487.588715121909,0.005134953897200978,0.0,0.0
BC,FA,2036-01-01T00:00:00,F,61,120.04983221005386,40600.0,34400.0,0.002956892418966844,41203.11816420234,6487.588715121909,0.0029136103663715994,0.0,0.0
BC,FA,2036-01-01T00:00:00,F,62,130.81997871735075,40600.0,34300.0,0.0032221669634815457,41203.11816420234,6487.588715121909,0.0031750019063122364,0.0,0.0
BC,FA,2036-01-01T00:00:00,F,63,143.88711224184226,40600.0,34500.0,0.0035440175429025185,41203.11816420234,6487.588715121909,0.003492141339119639,0.0,0.0
BC,FA,2036-01-01T00:00:00,F,64,59.419257880261284,40600.0,34800.0,0.0014635285192182582,41203.11816420234,6487.588715121909,0.0014421058533352776,0.0,0.0
BC,FA,2036-01-01T00:00:00,F,65,85.21292328376148,40600.0,36900.00000000001,0.0020988404749694945,41203.11816420234,6487.588715121909,0.002068118314351152,0.0,0.0
BC,FA,2036-01-01T00:00:00,F,66,3.2180723171695718,40600.0,36800.0,7.926286495491555e-05,41203.11816420234,6487.588715121909,7.810264029884669e-05,0.0,0.0
BC,FA,2036-01-01T00:00:00,F,67,21.517931846574356,40600.0,36500.0,0.000529998321344196,41203.11816420234,6487.588715121909,0.0005222403741586077,0.0,0.0
BC,FA,2036-01-01T00:00:00,F,68,35.21551202956471,40600.0,35200.00000000001,0.0008673771435853376,41203.11816420234,6487.588715121909,0.0008546807522970502,0.0,0.0
BC,FA,2036-01-01T00:00:00,F,69,152.02608759197756,40600.0,34299.99999999999,0.0037444849160585604,41203.11816420234,6487.588715121909,0.003689674334503627,0.0,0.0
BC,FA,2036-01-01T00:00:00,F,70,88.50893531052134,40600.0,35500.0,0.002180023037204959,41203.11816420234,6487.588715121909,0.0021481125520111423,0.0,0.0
BC,FA,2036-01-01T00:00:00,F,71,230.27169969542592,40600.0,36900.00000000001,0.005671716741266648,41203.11816420234,6487.588715121909,0.005588695952033266,0.0,0.0
BC,FA,2036-01-01T00:00:00,F,72,82.24148550028622,40600.0,38400.0,0.0020256523522237985,41203.11816420234,6487.588715121909,0.001996001496113428,0.0,0.0
BC,FA,2036-01-01T00:00:00,F,73,121.27060549044836,40600.0,38200.0,0.002986960726365723,41203.11816420234,6487.588715121909,0.0029432385434316334,0.0,0.0
BC,FA,2036-01-01T00:00:00,F,74,49.10101935467537,40600.0,36600.0,0.001209384713169344,41203.11816420234,6487.588715121909,0.0011916821236440985,0.0,0.0
BC,FA,2036-01-01T00:00:00,F,75,97.44374825363047,40600.0,36500.0,0.002400092321517992,41203.11816420234,6487.588715121909,0.002364960531999021,0.0,0.0
BC,FA,2036-01-01T00:00:00,F,76,44.34755326555023,40600.0,35800.0,0.00109230426762439,41203.11816420234,6487.588715121909,0.0010763154644951073,0.0,0.0
BC,FA,2036-01-01T00:00:00,F,77,-12.18250247889955,40600.0,34599.99999999999,-0.000300061637411319,41203.11816420234,6487.588715121909,0.0,0.0018778167072310513,0.0003520954473670391
BC,FA,2036-01-01T00:00:00,F,78,-61.17484362216055,40600.0,33600.0,-0.001506769547343856,41203.11816420234,6487.588715121909,0.0,0.00942951939594571,0.0018206798697071593
BC,FA,2036-01-01T00:00:00,F,79,82.13336410191187,40600.0,32200.000000000004,0.0020229892635938882,41203.11816420234,6487.588715121909,0.0019933773889295138,0.0,0.0
BC,FA,2036-01-01T00:00:00,F,80,-65.06813774636248,40600.0,30800.0,-0.0016026634912897162,41203.11816420234,6487.588715121909,0.0,0.010029633597872083,0.0021126018748818987
BC,FA,2036-01-01T00:00:00,F,81,-110.73490519451661,40600.0,29400.0,-0.002727460719076764,41203.11816420234,6487.588715121909,0.0,0.017068730780729797,0.00376649337396315
BC,FA,2036-01-01T00:00:00,F,82,-173.2975501508845,40600.0,27300.000000000004,-0.0042684125652927216,41203.11816420234,6487.588715121909,0.0,0.026712166532219517,0.0063478956099225076
BC,FA,2036-01-01T00:00:00,F,83,-147.2122375105646,40600.0,25000.0,-0.0036259171800631673,41203.11816420234,6487.588715121909,0.0,0.022691364076059237,0.005888489500422584
BC,FA,2036-01-01T00:00:00,F,84,-214.7155644306149,40600.0,22900.000000000007,-0.005288560700261451,41203.11816420234,6487.588715121909,0.0,0.03309635888756862,0.009376225520987547
BC,FA,2036-01-01T00:00:00,F,85,-173.7768412555888,40600.0,21200.000000000004,-0.004280217764915981,41203.11816420234,6487.588715121909,0.0,0.026786044690307303,0.008197020813942867
BC,FA,2036-01-01T00:00:00,F,86,-216.23687827342656,40600.0,19800.0,-0.0053260314845671565,41203.11816420234,6487.588715121909,0.0,0.03333085492448071,0.010921054458253867
BC,FA,2036-01-01T00:00:00,F,87,-100.03367508959855,40600.0,17800.0,-0.002463883622896516,41203.11816420234,6487.588715121909,0.0,0.01541923809942363,0.005619869387056098
BC,FA,2036-01-01T00:00:00,F,88,-146.58667570914622,40600.0,16400.0,-0.003610509253919858,41203.11816420234,6487.588715121909,0.0,0.022594939683440105,0.008938211933484526
BC,FA,2036-01-01T00:00:00,F,89,-208.33060318192656,40600.0,14800.000000000002,-0.005131295644875039,41203.11816420234,6487.588715121909,0.0,0.0321121779338954,0.014076392106886928
BC,FA,2036-01-01T00:00:00,F,90,-261.37756263495976,40600.0,11000.0,-0.006437871000861078,41203.11816420234,6487.588715121909,0.0,0.0402888614109762,0.02376159660317816
BC,FA,2036-01-01T00:00:00,F,91,-108.1428722618457,40600.0,9200.000000000002,-0.0026636175433952143,41203.11816420234,6487.588715121909,0.0,0.016669193595730825,0.011754660028461487
BC,FA,2036-01-01T00:00:00,F,92,-206.9682574731578,40600.0,7900.000000000001,-0.0050977403318511775,41203.11816420234,6487.588715121909,0.0,0.03190218532052376,0.026198513604197185
BC,FA,2036-01-01T00:00:00,F,93,-170.70016494960328,40600.0,6400.0,-0.004204437560335056,41203.11816420234,6487.588715121909,0.0,0.026311804345999702,0.02667190077337551
BC,FA,2036-01-01T00:00:00,F,94,-156.6136098840252,40600.0,5000.0,-0.003857478075961212,41203.11816420234,6487.588715121909,0.0,0.024140496070439055,0.031322721976805044
BC,FA,2036-01-01T00:00:00,F,95,-123.23250091679165,40600.0,4000.0,-0.003035283273812602,41203.11816420234,6487.588715121909,0.0,0.01899511610986517,0.030808125229197913
BC,FA,2036-01-01T00:00:00,F,96,-122.45882962229734,40600.0,3000.0,-0.003016227330598457,41203.11816420234,6487.588715121909,0.0,0.018875862049771784,0.04081960987409911
BC,FA,2036-01-01T00:00:00,F,97,-116.30004955751338,40600.0,2200.0,-0.0028645332403328416,41203.11816420234,6487.588715121909,0.0,0.017926544771007105,0.05286365888977881
BC,FA,2036-01-01T00:00:00,F,98,-81.00311092590391,40600.0,1700.0000000000002,-0.0019951505154163526,41203.11816420234,6487.588715121909,0.0,0.012485857917764407,0.04764888877994347
BC,FA,2036-01-01T00:00:00,F,99,-65.41046241569552,40600.0,1200.0000000000002,-0.0016110951333915152,41203.11816420234,6487.588715121909,0.0,0.010082399684682598,0.05450871867974626
BC,FA,2036-01-01T00:00:00,F,100,1474.3605033684516,40600.0,2400.0,0.03631429811252344,41203.11816420234,6487.588715121909,0.03578274094433441,0.0,0.0
BC,FA,2036-01-01T00:00:00,M,1,257.73514865023753,40600.0,21000.0,0.006348156370695506,41203.11816420234,6487.588715121909,0.006255234072895004,0.0,0.0
BC,FA,2036-01-01T00:00:00,M,2,203.77046808209707,40600.0,21300.0,0.005018977046357071,41203.11816420234,6487.588715121909,0.004945510853572602,0.0,0.0
BC,FA,2036-01-01T00:00:00,M,3,202.66018567591527,40600.0,21599.999999999996,0.004991630189061952,41203.11816420234,6487.588715121909,0.004918564290893605,0.0,0.0
BC,FA,2036-01-01T00:00:00,M,4,301.8544954359131,40600.0,22000.0,0.0074348397890618995,41203.11816420234,6487.588715121909,0.007326010964339277,0.0,0.0
BC,FA,2036-01-01T00:00:00,M,5,301.54527648214935,40600.0,22400.0,0.007427223558673629,41203.11816420234,6487.588715121909,0.00731850621791374,0.0,0.0
BC,FA,2036-01-01T00:00:00,M,6,301.2236297633681,40600.0,22800.0,0.0074193012256987215,41203.11816420234,6487.588715121909,0.007310699849534059,0.0,0.0
BC,FA,2036-01-01T00:00:00,M,7,301.07213035304085,40600.0,23300.0,0.007415569713129085,41203.11816420234,6487.588715121909,0.007307022957660889,0.0,0.0
BC,FA,2036-01-01T00:00:00,M,8,201.0907760983173,40600.0,23600.000000000004,0.004952974780746731,41203.11816420234,6487.588715121909,0.00488047470817456,0.0,0.0
BC,FA,2036-01-01T00:00:00,M,9,201.10942184357555,40600.0,23999.999999999996,0.004953434035556048,41203.11816420234,6487.588715121909,0.004880927240557763,0.0,0.0
BC,FA,2036-01-01T00:00:00,M,10,301.12340615253197,40600.0,24400.0,0.007416832663855467,41203.11816420234,6487.588715121909,0.007308267421715448,0.0,0.0
BC,FA,2036-01-01T00:00:00,M,11,301.1420518978048,40600.0,24800.0,0.0074172919186651426,41203.11816420234,6487.588715121909,0.007308719954099005,0.0,0.0
BC,FA,2036-01-01T00:00:00,M,12,301.54760376306876,40600.0,25200.0,0.007427280880863763,41203.11816420234,6487.588715121909,0.00731856270103985,0.0,0.0
BC,FA,2036-01-01T00:00:00,M,13,301.76902692300064,40600.0,25599.999999999996,0.007432734653275878,41203.11816420234,6487.588715121909,0.007323936642862638,0.0,0.0
BC,FA,2036-01-01T00:00:00,M,14,402.4146563361501,40600.0,26300.0,0.009911691042762317,41203.11816420234,6487.588715121909,0.009766606855637731,0.0,0.0
BC,FA,2036-01-01T00:00:00,M,15,803.3314474819854,40600.0,27600.0,0.019786488854236093,41203.11816420234,6487.588715121909,0.019496860511395164,0.0,0.0
BC,FA,2036-01-01T00:00:00,M,16,1205.2583113364126,40600.0,29399.999999999996,0.029686165303852527,41203.11816420234,6487.588715121909,0.02925162863968758,0.0,0.0
BC,FA,2036-01-01T00:00:00,M,17,1007.8192709869363,40600.0,30600.000000000004,0.024823134753372816,41203.11816420234,6487.588715121909,0.024459781586689218,0.0,0.0
BC,FA,2036-01-01T00:00:00,M,18,1610.8737463556172,40600.0,32700.000000000004,0.03967669325999057,41203.11816420234,6487.588715121909,0.03909591841898897,0.0,0.0
BC,FA,2036-01-01T00:00:00,M,19,3214.7481319029685,40600.0,36500.0,0.07918098847051647,41203.11816420234,6487.588715121909,0.07802196229643543,0.0,0.0
BC,FA,2036-01-01T00:00:00,M,20,2019.6227435867622,40600.0,38600.0,0.04974440255139809,41203.11816420234,6487.588715121909,0.04901625977767454,0.0,0.0
BC,FA,2036-01-01T00:00:00,M,21,524.6724494458467,40600.0,39700.0,0.012922966735119378,41203.11816420234,6487.588715121909,0.012733804450307045,0.0,0.0
BC,FA,2036-01-01T00:00:00,M,22,-171.52708171896666,40600.0,39200.0,-0.004224804968447455,41203.11816420234,6487.588715121909,0.0,0.0264392656888305,0.0043756908601777205
BC,FA,2036-01-01T00:00:00,M,23,-368.2393514918367,40600.0,38900.0,-0.009069934765808786,41203.11816420234,6487.588715121909,0.0,0.056760588203365644,0.009466307236294004
BC,FA,2036-01-01T00:00:00,M,24,-266.1926315085293,40600.0,38200.0,-0.006556468756367717,41203.11816420234,6487.588715121909,0.0,0.041031058409738794,0.006968393494987678
BC,FA,2036-01-01T00:00:00,M,25,-165.0443992257351,40600.0,37600.0,-0.004065132985855545,41203.11816420234,6487.588715121909,0.0,0.025440021936198483,0.004389478702812104
BC,FA,2036-01-01T00:00:00,M,26,-163.0871622114355,40600.0,37800.0,-0.004016925177621564,41203.11816420234,6487.588715121909,0.0,0.025138332494983213,0.0043144751907787165
BC,FA,2036-01-01T00:00:00,M,27,38.775404774081835,40600.0,37800.0,0.0009550592308887151,41203.11816420234,6487.588715121909,0.0009410793770402133,0.0,0.0
BC,FA,2036-01-01T00:00:00,M,28,40.50824813283543,40600.0,37500.0,0.0009977401017939762,41203.11816420234,6487.588715121909,0.000983135498905745,0.0,0.0
BC,FA,2036-01-01T00:00:00,M,29,142.09678385865845,40600.0,36700.0,0.003499920784696021,41203.11816420234,6487.588715121909,0.003448690055261728,0.0,0.0
BC,FA,2036-01-01T00:00:00,M,30,44.082614569109865,40600.0,35900.0,0.0010857786839682233,41203.11816420234,6487.588715121909,0.0010698854002610236,0.0,0.0
BC,FA,2036-01-01T00:00:00,M,31,146.90344207725866,40600.0,35600.0,0.0036183113812132675,41203.11816420234,6487.588715121909,0.003565347687808972,0.0,0.0
BC,FA,2036-01-01T00:00:00,M,32,50.35707063713926,40600.0,35600.0,0.0012403219368753511,41203.11816420234,6487.588715121909,0.001222166498090185,0.0,0.0
BC,FA,2036-01-01T00:00:00,M,33,52.50190823383309,40600.0,35000.0,0.0012931504491091894,41203.11816420234,6487.588715121909,0.0012742217233317854,0.0,0.0
BC,FA,2036-01-01T00:00:00,M,34,254.54425423199427,40600.0,34600.0,0.006269562912118085,41203.11816420234,6487.588715121909,0.0061777910404155955,0.0,0.0
BC,FA,2036-01-01T00:00:00,M,35,260.30941273157805,40600.0,36800.0,0.006411561889940346,41203.11816420234,6487.588715121909,0.006317711482276537,0.0,0.0
BC,FA,2036-01-01T00:00:00,M,36,165.87642440725904,40600.0,38800.0,0.004085626216927563,41203.11816420234,6487.588715121909,0.004025822117302133,0.0,0.0
BC,FA,2036-01-01T00:00:00,M,37,69.43105754378485,40600.0,39700.0,0.0017101245700439616,41203.11816420234,6487.588715121909,0.0016850923094482498,0.0,0.0
BC,FA,2036-01-01T00:00:00,M,38,172.80655549903895,40600.0,40300.0,0.0042563191009615505,41203.11816420234,6487.588715121909,0.0041940164530842455,0.0,0.0
BC,FA,2036-01-01T00:00:00,M,39,77.50144819487468,40600.0,41200.0,0.0019089026648983912,41203.11816420234,6487.588715121909,0.0018809607536501615,0.0,0.0
BC,FA,2036-01-01T00:00:00,M,40,182.07700379085873,40600.0,42000.0,0.004484655265784698,41203.11816420234,6487.588715121909,0.004419010305609564,0.0,0.0
BC,FA,2036-01-01T00:00:00,M,41,87.29738173294754,40600.0,42700.0,0.0021501818160824518,41203.11816420234,6487.588715121909,0.0021187081372106525,0.0,0.0
BC,FA,2036-01-01T00:00:00,M,42,92.25878611316148,40600.0,43000.00000000001,0.0022723838944128444,41203.11816420234,6487.588715121909,0.002239121460310176,0.0,0.0
BC,FA,2036-01-01T00:00:00,M,43,97.39250061709026,40600.0,43200.0,0.0023988300644603514,41203.11816420234,6487.588715121909,0.0023637167514595,0.0,0.0
BC,FA,2036-01-01T00:00:00,M,44,203.1448175440819,40600.0,43600.0,0.005003566934583298,41203.11816420234,6487.588715121909,0.004930326310123199,0.0,0.0
BC,FA,2036-01-01T00:00:00,M,45,9.21627454382542,40600.0,43800.0,0.0002270018360548133,41203.11816420234,6487.588715121909,0.00022367905523792633,0.0,0.0
BC,FA,2036-01-01T00:00:00,M,46,115.28476562976721,40600.0,44000.0,0.002839526247038601,41203.11816420234,6487.588715121909,0.0027979621632114172,0.0,0.0
BC,FA,2036-01-01T00:00:00,M,47,119.51517376963602,40600.0,43299.99999999999,0.0029437234918629563,41203.11816420234,6487.588715121909,0.0029006342018423246,0.0,0.0
BC,FA,2036-01-01T00:00:00,M,48,22.427482904473436,40600.0,42000.0,0.0005524010567604295,41203.11816420234,6487.588715121909,0.0005443151854453251,0.0,0.0
BC,FA,2036-01-01T00:00:00,M,49,28.07923888182995,40600.0,41599.99999999999,0.0006916068690105899,41203.11816420234,6487.588715121909,0.0006814833472051507,0.0,0.0
BC,FA,2036-01-01T00:00:00,M,50,35.54367610081681,40600.0,41700.0,0.0008754600024831726,41203.11816420234,6487.588715121909,0.0008626452968721551,0.0,0.0
BC,FA,2036-01-01T00:00:00,M,51,40.60884669187362,40600.0,40900.0,0.0010002178988146213,41203.11816420234,6487.588715121909,0.000985577026720152,0.0,0.0
BC,FA,2036-01-01T00:00:00,M,52,45.275470111722825,40600.0,39900.0,0.0011151593623577052,41203.11816420234,6487.588715121909,0.0010988360136068194,0.0,0.0
BC,FA,2036-01-01T00:00:00,M,53,49.76053299324849,40600.0,38800.0,0.0012256288914593225,41203.11816420234,6487.588715121909,0.0012076885248088073,0.0,0.0
BC,FA,2036-01-01T00:00:00,M,54,54.76408740605984,40600.0,37800.0,0.0013488691479325084,41203.11816420234,6487.588715121909,0.0013291248295290285,0.0,0.0
BC,FA,2036-01-01T00:00:00,M,55,59.581496502127266,40600.0,36600.0,0.0014675245443873711,41203.11816420234,6487.588715121909,0.0014460433859564599,0.0,0.0
BC,FA,2036-01-01T00:00:00,M,56,63.39217684469622,40600.0,35200.0,0.0015613836661255228,41203.11816420234,6487.588715121909,0.001538528627665174,0.0,0.0
BC,FA,2036-01-01T00:00:00,M,57,166.22509377139795,40600.0,33700.0,0.004094214132300442,41203.11816420234,6487.588715121909,0.004034284325495926,0.0,0.0
BC,FA,2036-01-01T00:00:00,M,58,171.7217958432957,40600.0,32600.0,0.004229600882839795,41203.11816420234,6487.588715121909,0.004167689327757947,0.0,0.0
BC,FA,2036-01-01T00:00:00,M,59,181.97253803665808,40600.0,32300.0,0.004482082217651677,41203.11816420234,6487.588715121909,0.004416474920938327,0.0,0.0
BC,FA,2036-01-01T00:00:00,M,60,192.0454728696459,40600.0,31800.0,0.004730184060828716,41203.11816420234,6487.588715121909,0.0046609451280921945,0.0,0.0
BC,FA,2036-01-01T00:00:00,M,61,105.28261849924456,40600.0,31599.999999999996,0.002593167943331147,41203.11816420234,6487.588715121909,0.0025552099741498473,0.0,0.0
BC,FA,2036-01-01T00:00:00,M,62,117.82696282262623,40600.0,31200.0,0.0029021419414439957,41203.11816420234,6487.588715121909,0.002859661308958782,0.0,0.0
BC,FA,2036-01-01T00:00:00,M,63,234.4310934839741,40600.0,31300.0,0.005774164864137293,41203.11816420234,6487.588715121909,0.005689644471802382,0.0,0.0
BC,FA,2036-01-01T00:00:00,M,64,156.53967491770527,40600.0,31700.0,0.00385565701767747,41203.11816420234,6487.588715121909,0.0037992191341894225,0.0,0.0
BC,FA,2036-01-01T00:00:00,M,65,190.82757273425523,40600.0,33299.99999999999,0.004700186520548159,41203.11816420234,6487.588715121909,0.004631386682283868,0.0,0.0
BC,FA,2036-01-01T00:00:00,M,66,215.24374646255455,40600.0,33400.0,0.005301570109915137,41203.11816420234,6487.588715121909,0.005223967409572423,0.0,0.0
BC,FA,2036-01-01T00:00:00,M,67,136.3206923651669,40600.0,32800.0,0.00335765252130953,41203.11816420234,6487.588715121909,0.0033085042695531626,0.0,0.0
BC,FA,2036-01-01T00:00:00,M,68,254.7480976173283,40600.0,31999.999999999993,0.00627458368515587,41203.11816420234,6487.588715121909,0.006182738320971443,0.0,0.0
BC,FA,2036-01-01T00:00:00,M,69,180.32451708468216,40600.0,31500.0,0.0044414905685882305,41203.11816420234,6487.588715121909,0.004376477439548491,0.0,0.0
BC,FA,2036-01-01T00:00:00,M,70,127.91403265664485,40600.0,32499.999999999996,0.0031505919373557845,41203.11816420234,6487.588715121909,0.0031044745726981843,0.0,0.0
BC,FA,2036-01-01T00:00:00,M,71,187.23084302807547,40600.0,34000.0,0.004611597118918115,41203.11816420234,6487.588715121909,0.004544094024193136,0.0,0.0
BC,FA,2036-01-01T00:00:00,M,72,147.07291203008936,40600.0,34900.0,0.0036224855179824962,41203.11816420234,6487.588715121909,0.0035694607248892077,0.0,0.0
BC,FA,2036-01-01T00:00:00,M,73,102.52865238641243,40600.0,35099.99999999999,0.0025253362656751832,41203.11816420234,6487.588715121909,0.0024883711950589777,0.0,0.0
BC,FA,2036-01-01T00:00:00,M,74,125.9135827862192,40600.0,33300.0,0.003101319773059586,41203.11816420234,6487.588715121909,0.003055923638702037,0.0,0.0
BC,FA,2036-01-01T00:00:00,M,75,175.77559490009298,40600.0,32800.0,0.004329448150248595,41203.11816420234,6487.588715121909,0.004266075062561855,0.0,0.0
BC,FA,2036-01-01T00:00:00,M,76,119.23947494404274,40600.0,31700.0,0.0029369328803951415,41203.11816420234,6487.588715121909,0.0028939429891895693,0.0,0.0
BC,FA,2036-01-01T00:00:00,M,77,56.18725425159573,40600.0,30200.0,0.00138392251851221,41203.11816420234,6487.588715121909,0.0013636650999974986,0.0,0.0
BC,FA,2036-01-01T00:00:00,M,78,13.581863244497072,40600.0,29400.0,0.0003345286513422924,41203.11816420234,6487.588715121909,0.00032963192713645457,0.0,0.0
BC,FA,2036-01-01T00:00:00,M,79,40.60456951813103,40600.0,27499.999999999996,0.0010001125497076607,41203.11816420234,6487.588715121909,0.0009854732196799773,0.0,0.0
BC,FA,2036-01-01T00:00:00,M,80,-7.739793366632512,40600.0,26300.0,-0.0001906353045968599,41203.11816420234,6487.588715121909,0.0,0.0011930154185933273,0.0002942887211647343
BC,FA,2036-01-01T00:00:00,M,81,28.825739637733932,40600.0,24700.0,0.0007099935871363038,41203.11816420234,6487.588715121909,0.0006996009263876055,0.0,0.0
BC,FA,2036-01-01T00:00:00,M,82,-55.37211002898766,40600.0,22499.999999999996,-0.0013638450746056075,41203.11816420234,6487.588715121909,0.0,0.008535083289099524,0.0024609826679550077
BC,FA,2036-01-01T00:00:00,M,83,-23.12013393878442,40600.0,20900.0,-0.0005694614270636557,41203.11816420234,6487.588715121909,0.0,0.003563748405458216,0.0011062265042480583
BC,FA,2036-01-01T00:00:00,M,84,-103.47737161892292,40600.0,18999.999999999996,-0.0025487037344562296,41203.11816420234,6487.588715121909,0.0,0.015950051114943166,0.005446177453627523
BC,FA,2036-01-01T00:00:00,M,85,-78.84851946876006,40600.0,17399.999999999996,-0.0019420817603142872,41203.11816420234,6487.588715121909,0.0,0.01215374816917296,0.004531524107400004
BC,FA,2036-01-01T00:00:00,M,86,-141.3335508345408,40600.0,15999.999999999996,-0.003481121941737458,41203.11816420234,6487.588715121909,0.0,0.02178522052501674,0.008833346927158802
BC,FA,2036-01-01T00:00:00,M,87,-47.87664702861184,40600.0,14200.0,-0.0011792277593254148,41203.11816420234,6487.588715121909,0.0,0.007379729068986178,0.003371594861169848
BC,FA,2036-01-01T00:00:00,M,88,-114.96613279493067,40600.0,12900.0,-0.002831678147658391,41203.11816420234,6487.588715121909,0.0,0.017720934208877378,0.008912103317436486
BC,FA,2036-01-01T00:00:00,M,89,-112.99747242141711,40600.0,11400.0,-0.0027831889758969733,41203.11816420234,6487.588715121909,0.0,0.01741748396565761,0.009912058984334834
BC,FA,2036-01-01T00:00:00,M,90,-98.83257857774879,40600.0,8299.999999999998,-0.002434299964969182,41203.11816420234,6487.588715121909,0.0,0.015234100513705516,0.01190753958768058
BC,FA,2036-01-01T00:00:00,M,91,-71.30829458733297,40600.0,6699.999999999999,-0.0017563619356485952,41203.11816420234,6487.588715121909,0.0,0.010991494331494933,0.010643029042885518
BC,FA,2036-01-01T00:00:00,M,92,-103.53559902095185,40600.0,5600.0,-0.002550137906919996,41203.11816420234,6487.588715121909,0.0,0.015959026314294692,0.018488499825169973
BC,FA,2036-01-01T00:00:00,M,93,-73.6671400629939,40600.0,4500.0,-0.0018144615779062535,41203.11816420234,6487.588715121909,0.0,0.011355087891327525,0.016370475569554198
BC,FA,2036-01-01T00:00:00,M,94,-89.79084283221164,40600.0,3299.9999999999995,-0.002211597114093883,41203.11816420234,6487.588715121909,0.0,0.013840403079640101,0.02720934631279141
BC,FA,2036-01-01T00:00:00,M,95,-76.08335218312232,40600.0,2500.0,-0.00187397419170252,41203.11816420234,6487.588715121909,0.0,0.011727523972933081,0.030433340873248928
BC,FA,2036-01-01T00:00:00,M,96,-76.29190594223451,40600.0,1800.0,-0.0018791109837988794,41203.11816420234,6487.588715121909,0.0,0.011759670548227855,0.04238439219013028
BC,FA,2036-01-01T00:00:00,M,97,-57.60992791728222,40600.0,1299.9999999999998,-0.0014189637418049808,41203.11816420234,6487.588715121909,0.0,0.008880021599242156,0.04431532916714018
BC,FA,2036-01-01T00:00:00,M,98,-36.75936477886546,40600.0,899.9999999999999,-0.0009054030733710704,41203.11816420234,6487.588715121909,0.0,0.005666105912846035,0.04084373864318385
BC,FA,2036-01-01T00:00:00,M,99,-85.80709654143197,40600.0,600.0,-0.0021134752842717234,41203.11816420234,6487.588715121909,0.0,0.01322634653787845,0.14301182756905328
BC,FA,2036-01-01T00:00:00,M,100,654.2874856838654,40600.0,1100.0,0.016115455312410477,41203.11816420234,6487.588715121909,0.015879562393224807,0.0,0.0
BC,FA,2037-01-01T00:00:00,F,1,253.46311803372373,40800.0,20000.0,0.006212331324355974,41877.62567629329,7028.267574689918,0.006052471073526212,0.0,0.0
BC,FA,2037-01-01T00:00:00,F,2,202.38794012210565,40800.0,20200.0,0.004960488728482981,41877.62567629329,7028.267574689918,0.004832841806422575,0.0,0.0
BC,FA,2037-01-01T00:00:00,F,3,101.92944380753397,40800.0,20299.999999999996,0.002498270681557205,41877.62567629329,7028.267574689918,0.002433983354152662,0.0,0.0
BC,FA,2037-01-01T00:00:00,F,4,201.6237827163386,40800.0,20600.0,0.004941759380302417,41877.62567629329,7028.267574689918,0.004814594415520477,0.0,0.0
BC,FA,2037-01-01T00:00:00,F,5,301.4757289280642,40800.0,20900.0,0.007389111003138828,41877.62567629329,7028.267574689918,0.007198968997392994,0.0,0.0
BC,FA,2037-01-01T00:00:00,F,6,201.33722736803975,40800.0,21200.0,0.004934735964902935,41877.62567629329,7028.267574689918,0.004807751731780145,0.0,0.0
BC,FA,2037-01-01T00:00:00,F,7,201.186786867529,40800.0,21500.000000000004,0.0049310486977335545,41877.62567629329,7028.267574689918,0.0048041593480649455,0.0,0.0
BC,FA,2037-01-01T00:00:00,F,8,201.03157118840682,40800.0,21800.0,0.0049272443918727165,41877.62567629329,7028.267574689918,0.004800452937383452,0.0,0.0
BC,FA,2037-01-01T00:00:00,F,9,201.0458985660298,40800.0,22100.0,0.004927595553088965,41877.62567629329,7028.267574689918,0.0048007950622625875,0.0,0.0
BC,FA,2037-01-01T00:00:00,F,10,201.06022594363458,40800.0,22399.999999999996,0.004927946714304769,41877.62567629329,7028.267574689918,0.004801137187141289,0.0,0.0
BC,FA,2037-01-01T00:00:00,F,11,201.07455332125755,40800.0,22700.0,0.004928297875521018,41877.62567629329,7028.267574689918,0.004801479312020424,0.0,0.0
BC,FA,2037-01-01T00:00:00,F,12,201.27036340749328,40800.0,23000.0,0.004933097142340521,41877.62567629329,7028.267574689918,0.004806155080597881,0.0,0.0
BC,FA,2037-01-01T00:00:00,F,13,201.47095010484554,40800.0,23300.000000000004,0.0049380134829619,41877.62567629329,7028.267574689918,0.004810944910348564,0.0,0.0
BC,FA,2037-01-01T00:00:00,F,14,401.68347717521465,40800.0,23900.0,0.009845183264098398,41877.62567629329,7028.267574689918,0.00959183981155373,0.0,0.0
BC,FA,2037-01-01T00:00:00,F,15,802.3115118882379,40800.0,25000.0,0.019664497840397987,41877.62567629329,7028.267574689918,0.019158476607293005,0.0,0.0
BC,FA,2037-01-01T00:00:00,F,16,1303.4505875583309,40800.0,26800.0,0.03194731832250811,41877.62567629329,7028.267574689918,0.031125226574060708,0.0,0.0
BC,FA,2037-01-01T00:00:00,F,17,1105.1771492607477,40800.0,28200.000000000004,0.02708767522697911,41877.62567629329,7028.267574689918,0.026390635367047152,0.0,0.0
BC,FA,2037-01-01T00:00:00,F,18,1506.8535979225271,40800.0,30199.999999999996,0.03693268622359135,41877.62567629329,7028.267574689918,0.03598230734402761,0.0,0.0
BC,FA,2037-01-01T00:00:00,F,19,3008.854861409065,40800.0,33900.0,0.07374644268159473,41877.62567629329,7028.267574689918,0.07184874531013258,0.0,0.0
BC,FA,2037-01-01T00:00:00,F,20,1611.227098126954,40800.0,36000.0,0.03949086024820966,41877.62567629329,7028.267574689918,0.03847465256462859,0.0,0.0
BC,FA,2037-01-01T00:00:00,F,21,412.93148736440344,40800.0,36500.0,0.010120869788343222,41877.62567629329,7028.267574689918,0.009860432168630846,0.0,0.0
BC,FA,2037-01-01T00:00:00,F,22,-386.01528096029506,40800.0,36200.0,-0.009461158847066055,41877.62567629329,7028.267574689918,0.0,0.05492324770764377,0.010663405551389366
BC,FA,2037-01-01T00:00:00,F,23,-185.26293894845003,40800.0,36100.0,-0.00454075830756005,41877.62567629329,7028.267574689918,0.0,0.026359687786449097,0.005131937366993075
BC,FA,2037-01-01T00:00:00,F,24,-84.64276226660877,40800.0,36300.0,-0.0020745775065345285,41877.62567629329,7028.267574689918,0.0,0.012043190070256133,0.002331756536270214
BC,FA,2037-01-01T00:00:00,F,25,115.272857306285,40800.0,36300.0,0.002825315130056005,41877.62567629329,7028.267574689918,0.002752612055834397,0.0,0.0
BC,FA,2037-01-01T00:00:00,F,26,-84.8115231208285,40800.0,35899.99999999999,-0.0020787138019810907,41877.62567629329,7028.267574689918,0.0,0.012067201798954036,0.002362437969939513
BC,FA,2037-01-01T00:00:00,F,27,115.64702886623127,40800.0,36500.0,0.0028344860016233154,41877.62567629329,7028.267574689918,0.002761546935830664,0.0,0.0
BC,FA,2037-01-01T00:00:00,F,28,115.98060365759011,40800.0,36600.0,0.0028426618543526986,41877.62567629329,7028.267574689918,0.0027695124015410964,0.0,0.0
BC,FA,2037-01-01T00:00:00,F,29,116.65253361419309,40800.0,36800.0,0.002859130725838066,41877.62567629329,7028.267574689918,0.002785557483986717,0.0,0.0
BC,FA,2037-01-01T00:00:00,F,30,216.95510115403158,40800.0,36300.0,0.005317526989069401,41877.62567629329,7028.267574689918,0.005180692497493924,0.0,0.0
BC,FA,2037-01-01T00:00:00,F,31,217.52120104502683,40800.0,35700.0,0.0053314019863977165,41877.62567629329,7028.267574689918,0.005194210453248415,0.0,0.0
BC,FA,2037-01-01T00:00:00,F,32,118.59921321276488,40800.0,35500.0,0.0029068434610971783,41877.62567629329,7028.267574689918,0.0028320424402643075,0.0,0.0
BC,FA,2037-01-01T00:00:00,F,33,119.78232413839578,40800.0,35600.0,0.002935841277901857,41877.62567629329,7028.267574689918,0.0028602940640496707,0.0,0.0
BC,FA,2037-01-01T00:00:00,F,34,220.77762287375663,40800.0,35000.0,0.0054112162469058,41877.62567629329,7028.267574689918,0.005271970874861172,0.0,0.0
BC,FA,2037-01-01T00:00:00,F,35,222.03565017812798,40800.0,34800.0,0.005442050249463921,41877.62567629329,7028.267574689918,0.005302011434325926,0.0,0.0
BC,FA,2037-01-01T00:00:00,F,36,225.48784156524925,40800.0,37000.0,0.005526662783461991,41877.62567629329,7028.267574689918,0.005384446656747705,0.0,0.0
BC,FA,2037-01-01T00:00:00,F,37,128.7363278437333,40800.0,38500.0,0.003155302153032679,41877.62567629329,7028.267574689918,0.003074107611516531,0.0,0.0
BC,FA,2037-01-01T00:00:00,F,38,31.359156817459734,40800.0,39000.0,0.0007686067847416601,41877.62567629329,7028.267574689918,0.0007488284331079446,0.0,0.0
BC,FA,2037-01-01T00:00:00,F,39,133.2494843841705,40800.0,39500.0,0.00326591873490614,41877.62567629329,7028.267574689918,0.0031818777266449075,0.0,0.0
BC,FA,2037-01-01T00:00:00,F,40,34.99495377964922,40800.0,39600.0,0.0008577194553835594,41877.62567629329,7028.267574689918,0.0008356479913678508,0.0,0.0
BC,FA,2037-01-01T00:00:00,F,41,37.44656220667093,40800.0,40900.0,0.0009178078972223268,41877.62567629329,7028.267574689918,0.0008941901934967923,0.0,0.0
BC,FA,2037-01-01T00:00:00,F,42,38.938851125130896,40800.0,41100.0,0.0009543836060081102,41877.62567629329,7028.267574689918,0.0009298247094073908,0.0,0.0
BC,FA,2037-01-01T00:00:00,F,43,140.6397571483758,40800.0,41600.00000000001,0.0034470528712837204,41877.62567629329,7028.267574689918,0.0033583507870168306,0.0,0.0
BC,FA,2037-01-01T00:00:00,F,44,42.90366503776022,40800.0,42100.0,0.0010515604175921622,41877.62567629329,7028.267574689918,0.0010245008962398688,0.0,0.0
BC,FA,2037-01-01T00:00:00,F,45,45.76882221320557,40800.0,42900.0,0.001121784858166803,41877.62567629329,7028.267574689918,0.0010929182701758344,0.0,0.0
BC,FA,2037-01-01T00:00:00,F,46,48.60946709952259,40800.0,43300.0,0.00119140850734124,41877.62567629329,7028.267574689918,0.0011607503127150822,0.0,0.0
BC,FA,2037-01-01T00:00:00,F,47,151.37694311392988,40800.0,43699.99999999999,0.00371021919396887,41877.62567629329,7028.267574689918,0.003614745121513028,0.0,0.0
BC,FA,2037-01-01T00:00:00,F,48,53.75218734109512,40800.0,43000.0,0.0013174555720856648,41877.62567629329,7028.267574689918,0.001283553842249561,0.0,0.0
BC,FA,2037-01-01T00:00:00,F,49,56.37924113051122,40800.0,42399.99999999999,0.001381844145355667,41877.62567629329,7028.267574689918,0.0013462855216843685,0.0,0.0
BC,FA,2037-01-01T00:00:00,F,50,59.434227422119875,40800.0,41700.00000000001,0.0014567212603460754,41877.62567629329,7028.267574689918,0.0014192358440169469,0.0,0.0
BC,FA,2037-01-01T00:00:00,F,51,64.08454580421676,40800.0,41700.00000000001,0.0015706996520641362,41877.62567629329,7028.267574689918,0.001530281260441532,0.0,0.0
BC,FA,2037-01-01T00:00:00,F,52,67.90792120522383,40800.0,41000.0,0.0016644098334613684,41877.62567629329,7028.267574689918,0.0016215800229492513,0.0,0.0
BC,FA,2037-01-01T00:00:00,F,53,72.24211807684333,40800.0,40500.0,0.0017706401489422383,41877.62567629329,7028.267574689918,0.0017250767422981963,0.0,0.0
BC,FA,2037-01-01T00:00:00,F,54,76.89385760409641,40800.0,39900.00000000001,0.0018846533726494218,41877.62567629329,7028.267574689918,0.0018361560943896977,0.0,0.0
BC,FA,2037-01-01T00:00:00,F,55,82.20886131053703,40800.0,39400.0,0.002014923071336692,41877.62567629329,7028.267574689918,0.0019630735979636747,0.0,0.0
BC,FA,2037-01-01T00:00:00,F,56,186.17552572764544,40800.0,38199.99999999999,0.004563125630579545,41877.62567629329,7028.267574689918,0.004445703946225357,0.0,0.0
BC,FA,2037-01-01T00:00:00,F,57,191.74538449286774,40800.0,37500.0,0.004699641776785974,41877.62567629329,7028.267574689918,0.0045787071591648,0.0,0.0
BC,FA,2037-01-01T00:00:00,F,58,195.23891846825427,40800.0,35900.0,0.004785267609516036,41877.62567629329,7028.267574689918,0.004662129605374882,0.0,0.0
BC,FA,2037-01-01T00:00:00,F,59,100.9119806074741,40800.0,34900.0,0.002473332858026326,41877.62567629329,7028.267574689918,0.0024096872489263368,0.0,0.0
BC,FA,2037-01-01T00:00:00,F,60,109.14685558709607,40800.0,34600.0,0.002675168029095492,41877.62567629329,7028.267574689918,0.0026063286498327807,0.0,0.0
BC,FA,2037-01-01T00:00:00,F,61,119.83224138339574,40800.0,34900.00000000001,0.002937064739789111,41877.62567629329,7028.267574689918,0.0028614860429212957,0.0,0.0
BC,FA,2037-01-01T00:00:00,F,62,229.08798268548708,40800.0,34500.0,0.005614901536408997,41877.62567629329,7028.267574689918,0.005470414785601673,0.0,0.0
BC,FA,2037-01-01T00:00:00,F,63,140.74949436039606,40800.0,34300.0,0.003449742508833237,41877.62567629329,7028.267574689918,0.0033609712128468074,0.0,0.0
BC,FA,2037-01-01T00:00:00,F,64,55.05549531765428,40800.0,34400.0,0.001349399395040546,41877.62567629329,7028.267574689918,0.0013146756634013497,0.0,0.0
BC,FA,2037-01-01T00:00:00,F,65,171.3975432817606,40800.0,34800.00000000001,0.004200920178474525,41877.62567629329,7028.267574689918,0.004092819029584761,0.0,0.0
BC,FA,2037-01-01T00:00:00,F,66,-0.5903490622076788,40800.0,36700.0,-1.4469339759992127e-05,41877.62567629329,7028.267574689918,0.0,8.399638402123934e-05,1.6085805509746015e-05
BC,FA,2037-01-01T00:00:00,F,67,118.55143543223676,40800.0,36700.0,0.0029056724370646264,41877.62567629329,7028.267574689918,0.002830901549878176,0.0,0.0
BC,FA,2037-01-01T00:00:00,F,68,38.62879953380616,40800.0,36300.00000000001,0.0009467843022991706,41877.62567629329,7028.267574689918,0.0009224209565365527,0.0,0.0
BC,FA,2037-01-01T00:00:00,F,69,153.7475172086124,40800.0,35100.00000000001,0.0037683215002110885,41877.62567629329,7028.267574689918,0.003671352296738449,0.0,0.0
BC,FA,2037-01-01T00:00:00,F,70,172.74861778790364,40800.0,34200.0,0.004234034749703521,41877.62567629329,7028.267574689918,0.004125081472460263,0.0,0.0
BC,FA,2037-01-01T00:00:00,F,71,211.80373249875265,40800.0,35399.99999999999,0.0051912679534008,41877.62567629329,7028.267574689918,0.00505768245162604,0.0,0.0
BC,FA,2037-01-01T00:00:00,F,72,58.62719378199836,40800.0,36600.0,0.0014369410240685871,41877.62567629329,7028.267574689918,0.0013999646072386314,0.0,0.0
BC,FA,2037-01-01T00:00:00,F,73,113.45583784492192,40800.0,38100.0,0.0027807803393363217,41877.62567629329,7028.267574689918,0.0027092232669042814,0.0,0.0
BC,FA,2037-01-01T00:00:00,F,74,156.25911580157117,40800.0,37900.0,0.003829880289254195,41877.62567629329,7028.267574689918,0.0037313270100226494,0.0,0.0
BC,FA,2037-01-01T00:00:00,F,75,85.52769064433232,40800.0,36199.99999999999,0.0020962669275571646,41877.62567629329,7028.267574689918,0.0020423242546138217,0.0,0.0
BC,FA,2037-01-01T00:00:00,F,76,38.62742481830355,40800.0,36000.0,0.0009467506082917538,41877.62567629329,7028.267574689918,0.000922388129567965,0.0,0.0
BC,FA,2037-01-01T00:00:00,F,77,-11.670282659462828,40800.0,35200.0,-0.0002860363396927164,41877.62567629329,7028.267574689918,0.0,0.0016604778539578743,0.0003315421210074667
BC,FA,2037-01-01T00:00:00,F,78,-65.81578976589662,40800.0,33900.0,-0.0016131321021053094,41877.62567629329,7028.267574689918,0.0,0.009364439965676801,0.0019414687246577175
BC,FA,2037-01-01T00:00:00,F,79,87.70379226942896,40800.0,33000.0,0.00214960275170169,41877.62567629329,7028.267574689918,0.0020942876023431678,0.0,0.0
BC,FA,2037-01-01T00:00:00,F,80,-62.945090824843646,40800.0,31400.0,-0.0015427718339422463,41877.62567629329,7028.267574689918,0.0,0.008955989531690637,0.002004620726905849
BC,FA,2037-01-01T00:00:00,F,81,-110.35012903765892,40800.0,29899.999999999996,-0.0027046600254328167,41877.62567629329,7028.267574689918,0.0,0.01570090038049348,0.0036906397671457834
BC,FA,2037-01-01T00:00:00,F,82,-154.65122169124152,40800.0,28400.0,-0.0037904711198833707,41877.62567629329,7028.267574689918,0.0,0.02200417386614149,0.005445465552508504
BC,FA,2037-01-01T00:00:00,F,83,-118.58330554505665,40800.0,26300.0,-0.0029064535672808003,41877.62567629329,7028.267574689918,0.0,0.016872337924653993,0.004508870933272116
BC,FA,2037-01-01T00:00:00,F,84,-92.1976003852069,40800.0,24000.0,-0.0022597451074805614,41877.62567629329,7028.267574689918,0.0,0.013118111882539502,0.003841566682716954
BC,FA,2037-01-01T00:00:00,F,85,-63.605955050592456,40800.0,21900.0,-0.0015589694865341289,41877.62567629329,7028.267574689918,0.0,0.009050018994673621,0.002904381509159473
BC,FA,2037-01-01T00:00:00,F,86,-222.1847319049739,40800.0,20000.0,-0.005445704213357203,41877.62567629329,7028.267574689918,0.0,0.031613015518234096,0.011109236595248694
BC,FA,2037-01-01T00:00:00,F,87,-68.47187110578307,40800.0,18700.0,-0.0016782321349456634,41877.62567629329,7028.267574689918,0.0,0.009742354054982603,0.0036615973853359927
BC,FA,2037-01-01T00:00:00,F,88,-150.826611226963,40800.0,16600.0,-0.0036967306673275245,41877.62567629329,7028.267574689918,0.0,0.021459998445437296,0.009085940435359216
BC,FA,2037-01-01T00:00:00,F,89,-204.7679789225822,40800.0,15100.000000000002,-0.005018823012808387,41877.62567629329,7028.267574689918,0.0,0.02913491507636808,0.01356079330613127
BC,FA,2037-01-01T00:00:00,F,90,-278.3585967780655,40800.0,13399.999999999998,-0.006822514626913369,41877.62567629329,7028.267574689918,0.0,0.039605577593614376,0.020773029610303397
BC,FA,2037-01-01T00:00:00,F,91,-152.40480357554407,40800.0,9900.0,-0.0037354118523417663,41877.62567629329,7028.267574689918,0.0,0.021684547714771383,0.01539442460359031
BC,FA,2037-01-01T00:00:00,F,92,-300.43993091985885,40800.0,8000.000000000001,-0.007363723797055364,41877.62567629329,7028.267574689918,0.0,0.0427473666486174,0.03755499136498235
BC,FA,2037-01-01T00:00:00,F,93,-227.39994733417552,40800.0,6800.0,-0.005573528120935674,41877.62567629329,7028.267574689918,0.0,0.032355049792509964,0.03344116872561405
BC,FA,2037-01-01T00:00:00,F,94,-205.03344429090612,40800.0,5400.0,-0.005025329516933973,41877.62567629329,7028.267574689918,0.0,0.02917268617223243,0.0379691563501678
BC,FA,2037-01-01T00:00:00,F,95,-204.84751876279825,40800.0,4100.000000000001,-0.0050207725186960355,41877.62567629329,7028.267574689918,0.0,0.029146232209554996,0.04996280945434103
BC,FA,2037-01-01T00:00:00,F,96,-184.17216895273577,40800.0,3200.0,-0.004514023748841563,41877.62567629329,7028.267574689918,0.0,0.026204490224016736,0.05755380279772993
BC,FA,2037-01-01T00:00:00,F,97,-88.70135153226283,40800.0,2400.0,-0.002174052733633893,41877.62567629329,7028.267574689918,0.0,0.012620656597038607,0.03695889647177618
BC,FA,2037-01-01T00:00:00,F,98,-86.50443660092401,40800.0,1700.0000000000005,-0.002120206779434412,41877.62567629329,7028.267574689918,0.0,0.012308073886151173,0.050884962706425875
BC,FA,2037-01-01T00:00:00,F,99,-49.06002290926699,40800.0,1300.0,-0.0012024515418937987,41877.62567629329,7028.267574689918,0.0,0.0069803863310414,0.03773847916097461
BC,FA,2037-01-01T00:00:00,F,100,1570.9259853645199,40800.0,2500.0,0.03850308787658137,41877.62567629329,7028.267574689918,0.037512298273725035,0.0,0.0
BC,FA,2037-01-01T00:00:00,M,1,356.627818769437,40800.0,21100.0,0.008740877911015613,41877.62567629329,7028.267574689918,0.008515951251059637,0.0,0.0
BC,FA,2037-01-01T00:00:00,M,2,303.6804418600186,40800.0,21300.0,0.007443148084804378,41877.62567629329,7028.267574689918,0.007251615557372216,0.0,0.0
BC,FA,2037-01-01T00:00:00,M,3,302.59683992662394,40800.0,21600.000000000004,0.007416589213887842,41877.62567629329,7028.267574689918,0.007225740118736542,0.0,0.0
BC,FA,2037-01-01T00:00:00,M,4,301.81045135728345,40800.0,21900.0,0.007397314984247143,41877.62567629329,7028.267574689918,0.0072069618676623495,0.0,0.0
BC,FA,2037-01-01T00:00:00,M,5,301.508702281415,40800.0,22300.0,0.007389919173564094,41877.62567629329,7028.267574689918,0.007199756371386107,0.0,0.0
BC,FA,2037-01-01T00:00:00,M,6,301.1947646032568,40800.0,22700.0,0.007382224622628842,41877.62567629329,7028.267574689918,0.00719225982226021,0.0,0.0
BC,FA,2037-01-01T00:00:00,M,7,401.04236867760847,40800.0,23199.999999999996,0.009829469820529619,41877.62567629329,7028.267574689918,0.009576530717801332,0.0,0.0
BC,FA,2037-01-01T00:00:00,M,8,201.06522763983958,40800.0,23500.0,0.004928069304898029,41877.62567629329,7028.267574689918,0.0048012566231437894,0.0,0.0
BC,FA,2037-01-01T00:00:00,M,9,301.0789430171717,40800.0,23900.0,0.007379385858264012,41877.62567629329,7028.267574689918,0.007189494107055142,0.0,0.0
BC,FA,2037-01-01T00:00:00,M,10,301.09723018696604,40800.0,24300.000000000004,0.007379834073209952,41877.62567629329,7028.267574689918,0.007189930788206449,0.0,0.0
BC,FA,2037-01-01T00:00:00,M,11,301.1155173567422,40800.0,24700.0,0.007380282288155446,41877.62567629329,7028.267574689918,0.0071903674693573226,0.0,0.0
BC,FA,2037-01-01T00:00:00,M,12,201.51174656609146,40800.0,25000.0,0.004939013396227732,41877.62567629329,7028.267574689918,0.004811919093115306,0.0,0.0
BC,FA,2037-01-01T00:00:00,M,13,201.7281498859811,40800.0,25399.999999999996,0.004944317399166204,41877.62567629329,7028.267574689918,0.004817086609572958,0.0,0.0
BC,FA,2037-01-01T00:00:00,M,14,402.34079116554494,40800.0,26000.0,0.009861293901116298,41877.62567629329,7028.267574689918,0.009607535877883067,0.0,0.0
BC,FA,2037-01-01T00:00:00,M,15,803.2064267638561,40800.0,27100.0,0.019686432028525887,41877.62567629329,7028.267574689918,0.019179846368858184,0.0,0.0
BC,FA,2037-01-01T00:00:00,M,16,1205.0474751382535,40800.0,28800.0,0.02953547733181994,41877.62567629329,7028.267574689918,0.02877544883879185,0.0,0.0
BC,FA,2037-01-01T00:00:00,M,17,1007.6171139231883,40800.0,30399.999999999996,0.024696497890274224,41877.62567629329,7028.267574689918,0.024060989553512227,0.0,0.0
BC,FA,2037-01-01T00:00:00,M,18,1610.4932378451558,40800.0,32200.000000000004,0.039472873476596955,41877.62567629329,7028.267574689918,0.038457128641771296,0.0,0.0
BC,FA,2037-01-01T00:00:00,M,19,3214.203997667748,40800.0,35900.0,0.07877950974675853,41877.62567629329,7028.267574689918,0.076752297814422,0.0,0.0
BC,FA,2037-01-01T00:00:00,M,20,2019.192977176659,40800.0,38500.0,0.04949002395040831,41877.62567629329,7028.267574689918,0.048216510477090246,0.0,0.0
BC,FA,2037-01-01T00:00:00,M,21,623.827864581639,40800.0,39200.0,0.015289898641706838,41877.62567629329,7028.267574689918,0.01489644779299856,0.0,0.0
BC,FA,2037-01-01T00:00:00,M,22,-171.8616476618772,40800.0,39500.0,-0.004212295285830324,41877.62567629329,7028.267574689918,0.0,0.024452917569726937,0.004350927788908284
BC,FA,2037-01-01T00:00:00,M,23,-368.9289457615887,40800.0,38800.0,-0.009042376121607566,41877.62567629329,7028.267574689918,0.0,0.052492159958475344,0.0095084779835461
BC,FA,2037-01-01T00:00:00,M,24,-266.4977531434124,40800.0,38600.0,-0.006531807675083637,41877.62567629329,7028.267574689918,0.0,0.0379179862336374,0.006904086869000322
BC,FA,2037-01-01T00:00:00,M,25,-165.35325669217127,40800.0,38000.0,-0.004052775899317924,41877.62567629329,7028.267574689918,0.0,0.023526886951151193,0.004351401491899244
BC,FA,2037-01-01T00:00:00,M,26,-164.1774781041313,40800.0,37400.00000000001,-0.0040239577966698845,41877.62567629329,7028.267574689918,0.0,0.02335959414740619,0.004389772141821692
BC,FA,2037-01-01T00:00:00,M,27,38.0304328863931,40800.0,37800.0,0.0009321184530978701,41877.62567629329,7028.267574689918,0.0009081324996875822,0.0,0.0
BC,FA,2037-01-01T00:00:00,M,28,140.0478658014108,40800.0,37900.0,0.0034325457304267355,41877.62567629329,7028.267574689918,0.0033442169545130442,0.0,0.0
BC,FA,2037-01-01T00:00:00,M,29,42.303379908662464,40800.0,37500.0,0.0010368475467809428,41877.62567629329,7028.267574689918,0.0010101666277754183,0.0,0.0
BC,FA,2037-01-01T00:00:00,M,30,44.19931895493937,40800.0,36700.0,0.0010833166410524355,41877.62567629329,7028.267574689918,0.0010554399453443794,0.0,0.0
BC,FA,2037-01-01T00:00:00,M,31,146.5209105972317,40800.0,36000.0,0.003591198789147836,41877.62567629329,7028.267574689918,0.0034987874367523285,0.0,0.0
BC,FA,2037-01-01T00:00:00,M,32,49.389955402999476,40800.0,35600.0,0.0012105381226225362,41877.62567629329,7028.267574689918,0.0011793876707522815,0.0,0.0
BC,FA,2037-01-01T00:00:00,M,33,52.376434669182345,40800.0,35600.0,0.0012837361438525084,41877.62567629329,7028.267574689918,0.0012507021069924787,0.0,0.0
BC,FA,2037-01-01T00:00:00,M,34,254.42998495689244,40800.0,35200.0,0.006236029043061089,41877.62567629329,7028.267574689918,0.006075558985210662,0.0,0.0
BC,FA,2037-01-01T00:00:00,M,35,255.91910822957288,40800.0,34800.0,0.006272527162489531,41877.62567629329,7028.267574689918,0.00611111790834998,0.0,0.0
BC,FA,2037-01-01T00:00:00,M,36,161.43946865054022,40800.0,36900.0,0.003956849721826966,41877.62567629329,7028.267574689918,0.003855029172342268,0.0,0.0
BC,FA,2037-01-01T00:00:00,M,37,166.55427662826696,40800.0,38900.0,0.004082212662457524,41877.62567629329,7028.267574689918,0.003977166182144669,0.0,0.0
BC,FA,2037-01-01T00:00:00,M,38,170.52066949037544,40800.0,39800.0,0.004179428173783712,41877.62567629329,7028.267574689918,0.00407188007286923,0.0,0.0
BC,FA,2037-01-01T00:00:00,M,39,74.3532096297713,40800.0,40300.0,0.001822382588964983,41877.62567629329,7028.267574689918,0.0017754877080307413,0.0,0.0
BC,FA,2037-01-01T00:00:00,M,40,79.15665063287452,40800.0,41200.0,0.0019401139860998656,41877.62567629329,7028.267574689918,0.0018901895547933296,0.0,0.0
BC,FA,2037-01-01T00:00:00,M,41,84.21822242124472,40800.0,42000.0,0.002064172118167763,41877.62567629329,7028.267574689918,0.0020110553323208157,0.0,0.0
BC,FA,2037-01-01T00:00:00,M,42,89.85690112024167,40800.0,42700.0,0.002202375027456904,41877.62567629329,7028.267574689918,0.0021457019033223083,0.0,0.0
BC,FA,2037-01-01T00:00:00,M,43,95.08136692445987,40800.0,42999.99999999999,0.0023304256599132323,41877.62567629329,7028.267574689918,0.0022704574432997273,0.0,0.0
BC,FA,2037-01-01T00:00:00,M,44,100.46807187824743,40800.0,43200.0,0.0024624527421139076,41877.62567629329,7028.267574689918,0.0023990871081099015,0.0,0.0
BC,FA,2037-01-01T00:00:00,M,45,6.388936577313871,40800.0,43500.0,0.00015659158277730076,41877.62567629329,7028.267574689918,0.00015256205370140207,0.0,0.0
BC,FA,2037-01-01T00:00:00,M,46,112.55935617497744,40800.0,43800.0,0.002758807749386702,41877.62567629329,7028.267574689918,0.002687816091701128,0.0,0.0
BC,FA,2037-01-01T00:00:00,M,47,119.11795874626114,40800.0,44000.00000000001,0.002919557812408361,41877.62567629329,7028.267574689918,0.002844429616593407,0.0,0.0
BC,FA,2037-01-01T00:00:00,M,48,23.502392588146904,40800.0,43200.0,0.0005760390340232084,41877.62567629329,7028.267574689918,0.0005612159765173002,0.0,0.0
BC,FA,2037-01-01T00:00:00,M,49,26.527226615588006,40800.0,41900.0,0.0006501771229310786,41877.62567629329,7028.267574689918,0.0006334462899267217,0.0,0.0
BC,FA,2037-01-01T00:00:00,M,50,32.30911189410108,40800.0,41500.0,0.0007918899974044382,41877.62567629329,7028.267574689918,0.0007715125051225409,0.0,0.0
BC,FA,2037-01-01T00:00:00,M,51,-59.731597737569246,40800.0,41500.0,-0.0014640097484698343,41877.62567629329,7028.267574689918,0.0,0.008498765464290759,0.0014393156081341986
BC,FA,2037-01-01T00:00:00,M,52,45.697568035488075,40800.0,40800.0,0.0011200384322423548,41877.62567629329,7028.267574689918,0.0010912167845599048,0.0,0.0
BC,FA,2037-01-01T00:00:00,M,53,50.667363530767034,40800.0,39799.99999999999,0.001241847145361937,41877.62567629329,7028.267574689918,0.0012098910268317712,0.0,0.0
BC,FA,2037-01-01T00:00:00,M,54,-44.59564848626178,40800.0,38599.99999999999,-0.001093030600153475,41877.62567629329,7028.267574689918,0.0,0.006345183647654352,0.001155327680991238
BC,FA,2037-01-01T00:00:00,M,55,61.21704233092896,40800.0,37700.0,0.0015004177041894353,41877.62567629329,7028.267574689918,0.0014618078590253893,0.0,0.0
BC,FA,2037-01-01T00:00:00,M,56,66.16618973873847,40800.0,36500.0,0.001621720336733786,41877.62567629329,7028.267574689918,0.0015799890435573287,0.0,0.0
BC,FA,2037-01-01T00:00:00,M,57,170.3008868749239,40800.0,35200.0,0.004174041344973625,41877.62567629329,7028.267574689918,0.004066631861875836,0.0,0.0
BC,FA,2037-01-01T00:00:00,M,58,74.11976867237536,40800.0,33600.0,0.0018166609968719451,41877.62567629329,7028.267574689918,0.0017699133481279045,0.0,0.0
BC,FA,2037-01-01T00:00:00,M,59,80.15003416947366,40800.0,32500.0,0.001964461621800825,41877.62567629329,7028.267574689918,0.0019139106593343991,0.0,0.0
BC,FA,2037-01-01T00:00:00,M,60,91.33581951703309,40800.0,32200.0,0.002238623027378262,41877.62567629329,7028.267574689918,0.0021810171432125347,0.0,0.0
BC,FA,2037-01-01T00:00:00,M,61,101.99493904224073,40800.0,31699.999999999996,0.002499875956917665,41877.62567629329,7028.267574689918,0.002435547321394096,0.0,0.0
BC,FA,2037-01-01T00:00:00,M,62,215.71426829768097,40800.0,31599.999999999996,0.0052871144190608085,41877.62567629329,7028.267574689918,0.0051510625259682695,0.0,0.0
BC,FA,2037-01-01T00:00:00,M,63,229.22099434907068,40800.0,31200.0,0.005618161626202713,41877.62567629329,7028.267574689918,0.005473590984381703,0.0,0.0
BC,FA,2037-01-01T00:00:00,M,64,147.68830660019376,40800.0,31199.999999999996,0.0036198114362792585,41877.62567629329,7028.267574689918,0.0035266638023320257,0.0,0.0
BC,FA,2037-01-01T00:00:00,M,65,170.76184688057037,40800.0,31600.0,0.004185339384327706,41877.62567629329,7028.267574689918,0.004077639171822431,0.0,0.0
BC,FA,2037-01-01T00:00:00,M,66,207.39080463184655,40800.0,33200.0,0.005083107956662906,41877.62567629329,7028.267574689918,0.004952305706988766,0.0,0.0
BC,FA,2037-01-01T00:00:00,M,67,233.91629048798495,40800.0,33300.0,0.0057332424139212,41877.62567629329,7028.267574689918,0.005585710429146984,0.0,0.0
BC,FA,2037-01-01T00:00:00,M,68,255.58838042770003,40800.0,32699.999999999996,0.006264421088914216,41877.62567629329,7028.267574689918,0.006103220426185415,0.0,0.0
BC,FA,2037-01-01T00:00:00,M,69,176.62714533624603,40800.0,31799.999999999996,0.004329096699417795,41877.62567629329,7028.267574689918,0.0042176972185945525,0.0,0.0
BC,FA,2037-01-01T00:00:00,M,70,203.15177700167624,40800.0,31300.0,0.00497921022062932,41877.62567629329,7028.267574689918,0.00485108154344766,0.0,0.0
BC,FA,2037-01-01T00:00:00,M,71,252.9070015016914,40800.0,32300.0,0.006198701017198319,41877.62567629329,7028.267574689918,0.006039191511396043,0.0,0.0
BC,FA,2037-01-01T00:00:00,M,72,116.9460788018987,40800.0,33600.0,0.0028663254608308503,41877.62567629329,7028.267574689918,0.0027925670787993426,0.0,0.0
BC,FA,2037-01-01T00:00:00,M,73,179.5099257441252,40800.0,34500.0,0.004399753081963853,41877.62567629329,7028.267574689918,0.0042865354194553795,0.0,0.0
BC,FA,2037-01-01T00:00:00,M,74,137.7138505724215,40800.0,34600.0,0.003375339474814253,41877.62567629329,7028.267574689918,0.003288482772087545,0.0,0.0
BC,FA,2037-01-01T00:00:00,M,75,163.03796275218338,40800.0,32800.0,0.003996028498828024,41877.62567629329,7028.267574689918,0.0038931997724139917,0.0,0.0
BC,FA,2037-01-01T00:00:00,M,76,116.63369077684183,40800.0,32199.999999999996,0.0028586688915892607,41877.62567629329,7028.267574689918,0.0027851075339944014,0.0,0.0
BC,FA,2037-01-01T00:00:00,M,77,61.2037907270751,40800.0,30999.999999999996,0.0015000929099773309,41877.62567629329,7028.267574689918,0.0014614914226553741,0.0,0.0
BC,FA,2037-01-01T00:00:00,M,78,98.34881762238729,40800.0,29499.999999999996,0.0024105102358428256,41877.62567629329,7028.267574689918,0.002348481224379969,0.0,0.0
BC,FA,2037-01-01T00:00:00,M,79,56.97304856877963,40800.0,28600.0,0.001396398249234795,41877.62567629329,7028.267574689918,0.001360465108723482,0.0,0.0
BC,FA,2037-01-01T00:00:00,M,80,85.31076943136213,40800.0,26700.0,0.0020909502311608364,41877.62567629329,7028.267574689918,0.002037144371335649,0.0,0.0
BC,FA,2037-01-01T00:00:00,M,81,36.52533713255252,40800.0,25400.0,0.0008952288512880521,41877.62567629329,7028.267574689918,0.0008721921680776981,0.0,0.0
BC,FA,2037-01-01T00:00:00,M,82,-25.477026641554403,40800.0,23700.0,-0.0006244369274890785,41877.62567629329,7028.267574689918,0.0,0.0036249369237593993,0.001074980027069806
BC,FA,2037-01-01T00:00:00,M,83,-14.813056129016331,40800.0,21500.0,-0.0003630651012013807,41877.62567629329,7028.267574689918,0.0,0.002107639752129083,0.000688979354837969
BC,FA,2037-01-01T00:00:00,M,84,-82.7726153406038,40800.0,19800.0,-0.0020287405720736226,41877.62567629329,7028.267574689918,0.0,0.01177710075220858,0.004180435118212314
BC,FA,2037-01-01T00:00:00,M,85,-70.32617321671205,40800.0,17899.999999999996,-0.0017236807160958835,41877.62567629329,7028.267574689918,0.0,0.010006188931959493,0.003928836492553747
BC,FA,2037-01-01T00:00:00,M,86,-48.375482873445435,40800.0,16300.0,-0.001185673599839349,41877.62567629329,7028.267574689918,0.0,0.006882988212864068,0.0029678210351807015
BC,FA,2037-01-01T00:00:00,M,87,-119.47129685633263,40800.0,14800.0,-0.002928218060204231,41877.62567629329,7028.267574689918,0.0,0.01699868361394929,0.008072384922725178
BC,FA,2037-01-01T00:00:00,M,88,-226.69761686849233,40800.0,12899.999999999998,-0.005556314138933636,41877.62567629329,7028.267574689918,0.0,0.032255120406182614,0.017573458671976152
BC,FA,2037-01-01T00:00:00,M,89,-206.70533236284973,40800.0,11600.0,-0.0050663071657561206,41877.62567629329,7028.267574689918,0.0,0.029410566710242166,0.017819425203693944
BC,FA,2037-01-01T00:00:00,M,90,-214.56496535721635,40800.0,10100.0,-0.005258945229343538,41877.62567629329,7028.267574689918,0.0,0.030528855521936047,0.021244055975962014
BC,FA,2037-01-01T00:00:00,M,91,-210.5213502075385,40800.0,7199.999999999999,-0.005159837014890649,41877.62567629329,7028.267574689918,0.0,0.029953519550915297,0.029239076417713682
BC,FA,2037-01-01T00:00:00,M,92,-192.91585892932108,40800.0,5699.999999999999,-0.004728329875718654,41877.62567629329,7028.267574689918,0.0,0.0274485649385414,0.033844887531459845
BC,FA,2037-01-01T00:00:00,M,93,-145.3243264034454,40800.0,4700.0,-0.0035618707451824856,41877.62567629329,7028.267574689918,0.0,0.02067711919887413,0.030920069447541578
BC,FA,2037-01-01T00:00:00,M,94,-124.7359392512235,40800.0,3700.0,-0.003057253413020184,41877.62567629329,7028.267574689918,0.0,0.017747750484119376,0.03371241601384419
BC,FA,2037-01-01T00:00:00,M,95,-51.224537189963485,40800.0,2699.9999999999995,-0.001255503362499105,41877.62567629329,7028.267574689918,0.0,0.007288358993962104,0.01897205081109759
BC,FA,2037-01-01T00:00:00,M,96,-146.69898598232612,40800.0,1899.9999999999998,-0.003595563381919758,41877.62567629329,7028.267574689918,0.0,0.020872709301879188,0.07720999262227692
BC,FA,2037-01-01T00:00:00,M,97,-43.05888746089613,40800.0,1400.0,-0.0010553648887474541,41877.62567629329,7028.267574689918,0.0,0.006126529333623992,0.03075634818635438
BC,FA,2037-01-01T00:00:00,M,98,-19.12215189677852,40800.0,999.9999999999998,-0.0004686801935484931,41877.62567629329,7028.267574689918,0.0,0.0027207489887893428,0.019122151896778523
BC,FA,2037-01-01T00:00:00,M,99,11.039514161915463,40800.0,700.0,0.000270576327497928,41877.62567629329,7028.267574689918,0.00026361365964844746,0.0,0.0
BC,FA,2037-01-01T00:00:00,M,100,652.0723105501338,40800.0,1100.0,0.015982164474267986,41877.62567629329,7028.267574689918,0.015570899735112456,0.0,0.0
BC,FA,2038-01-01T00:00:00,F,1,252.86664684354764,41000.0,20100.0,0.0061674791913060405,40456.12476844721,7804.586923786299,0.00625039220367357,0.0,0.0
BC,FA,2038-01-01T00:00:00,F,2,202.3493347668409,41000.0,20200.0,0.004935349628459535,40456.12476844721,7804.586923786299,0.005001698405989158,0.0,0.0
BC,FA,2038-01-01T00:00:00,F,3,101.89825013849986,41000.0,20300.0,0.002485323174109753,40456.12476844721,7804.586923786299,0.002518734820048137,0.0,0.0
BC,FA,2038-01-01T00:00:00,F,4,201.58969928360966,41000.0,20500.0,0.0049168219337465775,40456.12476844721,7804.586923786299,0.004982921632692678,0.0,0.0
BC,FA,2038-01-01T00:00:00,F,5,201.451869989447,41000.0,20800.0,0.004913460243645049,40456.12476844721,7804.586923786299,0.004979514749434542,0.0,0.0
BC,FA,2038-01-01T00:00:00,F,6,201.30934269504723,41000.0,21100.0,0.0049099839681718835,40456.12476844721,7804.586923786299,0.004975991740366928,0.0,0.0
BC,FA,2038-01-01T00:00:00,F,7,201.16211743098756,41000.0,21400.0,0.004906393108072868,40456.12476844721,7804.586923786299,0.004972352606245647,0.0,0.0
BC,FA,2038-01-01T00:00:00,F,8,201.0101942278343,41000.0,21700.000000000004,0.004902687664093519,40456.12476844721,7804.586923786299,0.004968597347826241,0.0,0.0
BC,FA,2038-01-01T00:00:00,F,9,101.02428996124581,41000.0,21900.0,0.0024640070722255075,40456.12476844721,7804.586923786299,0.0024971321533998553,0.0,0.0
BC,FA,2038-01-01T00:00:00,F,10,201.03838569466097,41000.0,22300.000000000004,0.004903375260845389,40456.12476844721,7804.586923786299,0.004969294188341441,0.0,0.0
BC,FA,2038-01-01T00:00:00,F,11,101.0524814280725,41000.0,22500.0,0.002464694668977378,40456.12476844721,7804.586923786299,0.0024978289939150567,0.0,0.0
BC,FA,2038-01-01T00:00:00,F,12,101.24434272091457,41000.0,22800.0,0.0024693742127052335,40456.12476844721,7804.586923786299,0.0025025714474728356,0.0,0.0
BC,FA,2038-01-01T00:00:00,F,13,201.44090344431243,41000.0,23200.0,0.004913192766934449,40456.12476844721,7804.586923786299,0.004979243676878846,0.0,0.0
BC,FA,2038-01-01T00:00:00,F,14,401.642163628836,41000.0,23700.0,0.009796150332410634,40456.12476844721,7804.586923786299,0.009927845682888719,0.0,0.0
BC,FA,2038-01-01T00:00:00,F,15,802.2459494212926,41000.0,24699.999999999996,0.019566974376129087,40456.12476844721,7804.586923786299,0.01983002460104595,0.0,0.0
BC,FA,2038-01-01T00:00:00,F,16,1303.3282386923165,41000.0,26299.999999999996,0.031788493626641864,40456.12476844721,7804.586923786299,0.03221584484801709,0.0,0.0
BC,FA,2038-01-01T00:00:00,F,17,1005.0370720782812,41000.0,27799.999999999996,0.02451309931898247,40456.12476844721,7804.586923786299,0.024842643180251804,0.0,0.0
BC,FA,2038-01-01T00:00:00,F,18,1406.6253396187312,41000.0,29600.000000000004,0.03430793511265198,40456.12476844721,7804.586923786299,0.034769156652290016,0.0,0.0
BC,FA,2038-01-01T00:00:00,F,19,2908.514377053849,41000.0,33100.0,0.07093937505009387,40456.12476844721,7804.586923786299,0.07189305435705684,0.0,0.0
BC,FA,2038-01-01T00:00:00,F,20,1510.8850818873616,41000.0,35400.0,0.03685085565578931,40456.12476844721,7804.586923786299,0.037346263156320406,0.0,0.0
BC,FA,2038-01-01T00:00:00,F,21,312.68723337894335,41000.0,36300.0,0.007626517887291301,40456.12476844721,7804.586923786299,0.007729045606039269,0.0,0.0
BC,FA,2038-01-01T00:00:00,F,22,-386.2789027518229,41000.0,36100.0,-0.009421436652483486,40456.12476844721,7804.586923786299,0.0,0.04949383055425366,0.010700246613623903
BC,FA,2038-01-01T00:00:00,F,23,-185.54106472431886,41000.0,36000.0,-0.004525391822544363,40456.12476844721,7804.586923786299,0.0,0.023773335672492697,0.0051539184645644125
BC,FA,2038-01-01T00:00:00,F,24,-85.01549079617689,41000.0,36000.0,-0.0020735485560043143,40456.12476844721,7804.586923786299,0.0,0.010893016072006625,0.0023615414110049137
BC,FA,2038-01-01T00:00:00,F,25,15.067525875310821,41000.0,36300.0,0.000367500631105142,40456.12476844721,7804.586923786299,0.00037244115598195846,0.0,0.0
BC,FA,2038-01-01T00:00:00,F,26,-84.93247412468918,41000.0,36200.0,-0.0020715237591387606,40456.12476844721,7804.586923786299,0.0,0.010882379164211453,0.0023462009426709718
BC,FA,2038-01-01T00:00:00,F,27,115.182685705935,41000.0,36000.0,0.0028093337977057316,40456.12476844721,7804.586923786299,0.0028471013070379145,0.0,0.0
BC,FA,2038-01-01T00:00:00,F,28,15.722329349147913,41000.0,36500.0,0.000383471447540193,40456.12476844721,7804.586923786299,0.0003886266773976871,0.0,0.0
BC,FA,2038-01-01T00:00:00,F,29,116.3387625409523,41000.0,36700.0,0.0028375307936817635,40456.12476844721,7804.586923786299,0.002875677371642079,0.0,0.0
BC,FA,2038-01-01T00:00:00,F,30,217.00454182140675,41000.0,37000.0,0.00529279370296114,40456.12476844721,7804.586923786299,0.005363947809224038,0.0,0.0
BC,FA,2038-01-01T00:00:00,F,31,217.62650649333227,41000.0,36499.99999999999,0.005307963573008104,40456.12476844721,7804.586923786299,0.005379321616663217,0.0,0.0
BC,FA,2038-01-01T00:00:00,F,32,118.45371678761876,41000.0,35800.0,0.0028891150436004577,40456.12476844721,7804.586923786299,0.0029279550986555172,0.0,0.0
BC,FA,2038-01-01T00:00:00,F,33,119.46264500580583,41000.0,35600.0,0.0029137230489220934,40456.12476844721,7804.586923786299,0.002952893923715053,0.0,0.0
BC,FA,2038-01-01T00:00:00,F,34,120.91180114953022,41000.0,35700.0,0.0029490683207202494,40456.12476844721,7804.586923786299,0.0029887143625736616,0.0,0.0
BC,FA,2038-01-01T00:00:00,F,35,221.93021662071988,41000.0,35200.0,0.005412932112700485,40456.12476844721,7804.586923786299,0.005485701309528516,0.0,0.0
BC,FA,2038-01-01T00:00:00,F,36,223.71319006608974,41000.0,35000.0,0.005456419269904628,40456.12476844721,7804.586923786299,0.005529773089897367,0.0,0.0
BC,FA,2038-01-01T00:00:00,F,37,127.24128933656903,41000.0,37099.99999999999,0.0031034460813797325,40456.12476844721,7804.586923786299,0.0031451675133206984,0.0,0.0
BC,FA,2038-01-01T00:00:00,F,38,130.4569759464648,41000.0,38600.0,0.0031818774621088976,40456.12476844721,7804.586923786299,0.003224653292749671,0.0,0.0
BC,FA,2038-01-01T00:00:00,F,39,132.38022488075512,41000.0,39100.00000000001,0.0032287859727013445,40456.12476844721,7804.586923786299,0.0032721924217517227,0.0,0.0
BC,FA,2038-01-01T00:00:00,F,40,34.3426792780956,41000.0,39500.0,0.0008376263238559903,40456.12476844721,7804.586923786299,0.0008488870220432075,0.0,0.0
BC,FA,2038-01-01T00:00:00,F,41,135.67063946960116,41000.0,39700.0,0.003309039987063443,40456.12476844721,7804.586923786299,0.0033535253375383653,0.0,0.0
BC,FA,2038-01-01T00:00:00,F,42,138.12342470587464,41000.0,41000.0,0.0033688640172164545,40456.12476844721,7804.586923786299,0.003414153616947531,0.0,0.0
BC,FA,2038-01-01T00:00:00,F,43,139.59791694315936,41000.0,41199.99999999999,0.003404827242516082,40456.12476844721,7804.586923786299,0.0034506003168161925,0.0,0.0
BC,FA,2038-01-01T00:00:00,F,44,41.709349712087715,41000.0,41600.00000000001,0.0010173012124899442,40456.12476844721,7804.586923786299,0.0010309773847795212,0.0,0.0
BC,FA,2038-01-01T00:00:00,F,45,144.18986417050473,41000.0,42200.0,0.003516825955378164,40456.12476844721,7804.586923786299,0.003564104693560817,0.0,0.0
BC,FA,2038-01-01T00:00:00,F,46,147.38258753138507,41000.0,43000.0,0.0035946972568630504,40456.12476844721,7804.586923786299,0.003643022864274252,0.0,0.0
BC,FA,2038-01-01T00:00:00,F,47,150.1994058387354,41000.0,43399.99999999999,0.0036634001424081806,40456.12476844721,7804.586923786299,0.0037126493626962473,0.0,0.0
BC,FA,2038-01-01T00:00:00,F,48,-46.25494202477421,41000.0,43600.00000000001,-0.0011281693176774198,40456.12476844721,7804.586923786299,0.0,0.0059266355127395,0.0010608931657058304
BC,FA,2038-01-01T00:00:00,F,49,-43.74620880654402,41000.0,42900.0,-0.0010669807025986346,40456.12476844721,7804.586923786299,0.0,0.005605192079188361,0.001019725147005688
BC,FA,2038-01-01T00:00:00,F,50,59.456188715063035,41000.0,42400.00000000001,0.0014501509442698302,40456.12476844721,7804.586923786299,0.0014696461674311048,0.0,0.0
BC,FA,2038-01-01T00:00:00,F,51,-36.95005140863941,41000.0,41599.99999999999,-0.0009012207660643759,40456.12476844721,7804.586923786299,0.0,0.004734401931769831,0.0008882223896307552
BC,FA,2038-01-01T00:00:00,F,52,67.95241556267138,41000.0,41700.0,0.0016573759893334483,40456.12476844721,7804.586923786299,0.00167965705938472,0.0,0.0
BC,FA,2038-01-01T00:00:00,F,53,71.95358955243864,41000.0,41000.0,0.0017549655988399668,40456.12476844721,7804.586923786299,0.0017785586228109798,0.0,0.0
BC,FA,2038-01-01T00:00:00,F,54,76.79057932442811,41000.0,40500.0,0.0018729409591323929,40456.12476844721,7804.586923786299,0.0018981199945358853,0.0,0.0
BC,FA,2038-01-01T00:00:00,F,55,181.90880559288053,41000.0,40000.00000000001,0.00443680013641172,40456.12476844721,7804.586923786299,0.004496446622953763,0.0,0.0
BC,FA,2038-01-01T00:00:00,F,56,187.67821611739782,41000.0,39500.0,0.004577517466277996,40456.12476844721,7804.586923786299,0.004639055697785789,0.0,0.0
BC,FA,2038-01-01T00:00:00,F,57,92.19637513197813,41000.0,38200.0,0.0022486920763897106,40456.12476844721,7804.586923786299,0.0022789225527573144,0.0,0.0
BC,FA,2038-01-01T00:00:00,F,58,198.1526459703382,41000.0,37599.99999999999,0.0048329913651302,40456.12476844721,7804.586923786299,0.0048979640809512885,0.0,0.0
BC,FA,2038-01-01T00:00:00,F,59,202.1298492181013,41000.0,35999.99999999999,0.004929996322392715,40456.12476844721,7804.586923786299,0.004996273132313148,0.0,0.0
BC,FA,2038-01-01T00:00:00,F,60,208.31867604679428,41000.0,35000.00000000001,0.005080943318214495,40456.12476844721,7804.586923786299,0.0051492493964539945,0.0,0.0
BC,FA,2038-01-01T00:00:00,F,61,216.88777730889706,41000.0,34700.0,0.005289945788021879,40456.12476844721,7804.586923786299,0.005361061608106704,0.0,0.0
BC,FA,2038-01-01T00:00:00,F,62,128.85455759288743,41000.0,34900.00000000001,0.003142794087631401,40456.12476844721,7804.586923786299,0.0031850444977217507,0.0,0.0
BC,FA,2038-01-01T00:00:00,F,63,139.29042662389838,41000.0,34500.0,0.003397327478631668,40456.12476844721,7804.586923786299,0.0034429997292408647,0.0,0.0
BC,FA,2038-01-01T00:00:00,F,64,151.67513241509732,41000.0,34300.0,0.003699393473538959,40456.12476844721,7804.586923786299,0.0037491265731262706,0.0,0.0
BC,FA,2038-01-01T00:00:00,F,65,166.70130978566158,41000.0,34400.0,0.004065885604528331,40456.12476844721,7804.586923786299,0.004120545671138435,0.0,0.0
BC,FA,2038-01-01T00:00:00,F,66,-14.963402232926455,41000.0,34600.0,-0.00036496103007137694,40456.12476844721,7804.586923786299,0.0,0.0019172574255431761,0.00043246827262793225
BC,FA,2038-01-01T00:00:00,F,67,114.45404799411335,41000.0,36600.0,0.0027915621461978867,40456.12476844721,7804.586923786299,0.0028290907408753856,0.0,0.0
BC,FA,2038-01-01T00:00:00,F,68,36.08185092610802,41000.0,36499.99999999999,0.00088004514453922,40456.12476844721,7804.586923786299,0.0008918761036215015,0.0,0.0
BC,FA,2038-01-01T00:00:00,F,69,157.4761581726998,41000.0,36200.00000000001,0.0038408819066512146,40456.12476844721,7804.586923786299,0.0038925171175940108,0.0,0.0
BC,FA,2038-01-01T00:00:00,F,70,74.63256354062469,41000.0,34900.0,0.0018203064278201142,40456.12476844721,7804.586923786299,0.0018447778665848038,0.0,0.0
BC,FA,2038-01-01T00:00:00,F,71,95.57069799849705,41000.0,34000.0,0.002330992634109684,40456.12476844721,7804.586923786299,0.0023623295247753224,0.0,0.0
BC,FA,2038-01-01T00:00:00,F,72,38.53922812532983,41000.0,35100.0,0.0009399811737885324,40456.12476844721,7804.586923786299,0.0009526178877960051,0.0,0.0
BC,FA,2038-01-01T00:00:00,F,73,87.77091984129947,41000.0,36300.0,0.0021407541424707187,40456.12476844721,7804.586923786299,0.0021695335463705685,0.0,0.0
BC,FA,2038-01-01T00:00:00,F,74,147.79339173936023,41000.0,37800.0,0.003604716871691713,40456.12476844721,7804.586923786299,0.0036531771786166766,0.0,0.0
BC,FA,2038-01-01T00:00:00,F,75,94.75013904668594,41000.0,37500.0,0.0023109790011386815,40456.12476844721,7804.586923786299,0.002342046836887948,0.0,0.0
BC,FA,2038-01-01T00:00:00,F,76,25.6884535300851,41000.0,35700.0,0.0006265476470752463,40456.12476844721,7804.586923786299,0.0006349706917584008,0.0,0.0
BC,FA,2038-01-01T00:00:00,F,77,-17.794494955531263,41000.0,35400.0,-0.00043401207208612836,40456.12476844721,7804.586923786299,0.0,0.0022800047112421016,0.0005026693490263068
BC,FA,2038-01-01T00:00:00,F,78,-65.06195668686269,41000.0,34500.0,-0.0015868769923625045,40456.12476844721,7804.586923786299,0.0,0.008336374150510285,0.0018858538170105127
BC,FA,2038-01-01T00:00:00,F,79,82.85142483015079,41000.0,33300.0,0.0020207664592719705,40456.12476844721,7804.586923786299,0.0020479327989112984,0.0,0.0
BC,FA,2038-01-01T00:00:00,F,80,-56.57132535941855,41000.0,32199.999999999996,-0.0013797884234004526,40456.12476844721,7804.586923786299,0.0,0.007248471432485971,0.001756873458367036
BC,FA,2038-01-01T00:00:00,F,81,-207.65521903030458,41000.0,30400.000000000004,-0.005064761439763526,40456.12476844721,7804.586923786299,0.0,0.026606817382919635,0.006830763783891598
BC,FA,2038-01-01T00:00:00,F,82,-153.78177530359972,41000.0,28900.000000000004,-0.003750775007404871,40456.12476844721,7804.586923786299,0.0,0.019704024928585764,0.005321168695626287
BC,FA,2038-01-01T00:00:00,F,83,-197.42277065225062,41000.0,27300.000000000004,-0.004815189528103674,40456.12476844721,7804.586923786299,0.0,0.025295736030635865,0.00723160332059526
BC,FA,2038-01-01T00:00:00,F,84,-159.88115469746845,41000.0,25200.0,-0.00389954035847484,40456.12476844721,7804.586923786299,0.0,0.020485537064132548,0.006344490265772557
BC,FA,2038-01-01T00:00:00,F,85,-233.85510203726153,41000.0,22800.000000000004,-0.005703782976518574,40456.12476844721,7804.586923786299,0.0,0.029963802610043788,0.010256802720932521
BC,FA,2038-01-01T00:00:00,F,86,-205.48874854829046,41000.0,20700.0,-0.005011920696299767,40456.12476844721,7804.586923786299,0.0,0.0263292279982193,0.009926992683492293
BC,FA,2038-01-01T00:00:00,F,87,-74.03511626602631,41000.0,18900.0,-0.0018057345430738123,40456.12476844721,7804.586923786299,0.0,0.009486103106928954,0.003917201918837371
BC,FA,2038-01-01T00:00:00,F,88,-214.56556682803784,41000.0,17400.0,-0.005233306508000923,40456.12476844721,7804.586923786299,0.0,0.02749223872106533,0.012331354415404474
BC,FA,2038-01-01T00:00:00,F,89,-308.15697128302236,41000.0,15200.000000000002,-0.007516023689829813,40456.12476844721,7804.586923786299,0.0,0.039484084717391274,0.020273484952830417
BC,FA,2038-01-01T00:00:00,F,90,-272.74441256977843,41000.0,13700.000000000002,-0.006652302745604352,40456.12476844721,7804.586923786299,0.0,0.03494668138534356,0.019908351282465576
BC,FA,2038-01-01T00:00:00,F,91,-262.7369514719285,41000.0,11999.999999999998,-0.0064082183285836215,40456.12476844721,7804.586923786299,0.0,0.03366442760361555,0.021894745955994045
BC,FA,2038-01-01T00:00:00,F,92,-246.13851944324415,41000.0,8699.999999999998,-0.006003378523005955,40456.12476844721,7804.586923786299,0.0,0.03153767417120817,0.02829178384405106
BC,FA,2038-01-01T00:00:00,F,93,-129.0863925922231,41000.0,7000.0,-0.0031484485998103193,40456.12476844721,7804.586923786299,0.0,0.016539810992277144,0.018440913227460443
BC,FA,2038-01-01T00:00:00,F,94,-167.33265465888235,41000.0,5800.0,-0.0040812842599727405,40456.12476844721,7804.586923786299,0.0,0.02144029610957334,0.028850457699807302
BC,FA,2038-01-01T00:00:00,F,95,-159.7100809209578,41000.0,4500.0,-0.0038953678273404343,40456.12476844721,7804.586923786299,0.0,0.02046361741890581,0.03549112909354618
BC,FA,2038-01-01T00:00:00,F,96,-77.4327912238914,41000.0,3400.0,-0.0018886046639973511,40456.12476844721,7804.586923786299,0.0,0.009921446449381826,0.022774350359968058
BC,FA,2038-01-01T00:00:00,F,97,-61.95025373139015,41000.0,2600.0000000000005,-0.001510981798326589,40456.12476844721,7804.586923786299,0.0,0.0079376723376073,0.023827020665919282
BC,FA,2038-01-01T00:00:00,F,98,-154.85463300876495,41000.0,1800.0000000000002,-0.003776942268506462,40456.12476844721,7804.586923786299,0.0,0.019841489949558935,0.08603035167153607
BC,FA,2038-01-01T00:00:00,F,99,-53.577982502260966,41000.0,1300.0,-0.0013067800610307553,40456.12476844721,7804.586923786299,0.0,0.006864935072856908,0.041213832694046895
BC,FA,2038-01-01T00:00:00,F,100,1589.8155386515764,41000.0,2600.0,0.038775988747599424,40456.12476844721,7804.586923786299,0.039297276932750494,0.0,0.0
BC,FA,2038-01-01T00:00:00,M,1,355.80869728580365,41000.0,21200.0,0.008678260909409844,40456.12476844721,7804.586923786299,0.008794927821740062,0.0,0.0
BC,FA,2038-01-01T00:00:00,M,2,203.62686129505528,41000.0,21300.0,0.004966508812074519,40456.12476844721,7804.586923786299,0.00503327648064476,0.0,0.0
BC,FA,2038-01-01T00:00:00,M,3,202.54690390340693,41000.0,21500.0,0.0049401683878879735,40456.12476844721,7804.586923786299,0.00500658194680521,0.0,0.0
BC,FA,2038-01-01T00:00:00,M,4,201.77563591918806,41000.0,21800.0,0.004921356973638733,40456.12476844721,7804.586923786299,0.00498751763976559,0.0,0.0
BC,FA,2038-01-01T00:00:00,M,5,301.47296326114883,41000.0,22200.0,0.0073529991039304595,40456.12476844721,7804.586923786299,0.007451849750480191,0.0,0.0
BC,FA,2038-01-01T00:00:00,M,6,301.1665570927689,41000.0,22600.0,0.007345525782750462,40456.12476844721,7804.586923786299,0.007444275961093945,0.0,0.0
BC,FA,2038-01-01T00:00:00,M,7,301.0178390424553,41000.0,23000.0,0.007341898513230617,40456.12476844721,7804.586923786299,0.0074405999280788004,0.0,0.0
BC,FA,2038-01-01T00:00:00,M,8,201.04025840462418,41000.0,23399.999999999996,0.004903420936698151,40456.12476844721,7804.586923786299,0.004969340478241276,0.0,0.0
BC,FA,2038-01-01T00:00:00,M,9,301.05371002192624,41000.0,23800.0,0.007342773415168933,40456.12476844721,7804.586923786299,0.007441486591833084,0.0,0.0
BC,FA,2038-01-01T00:00:00,M,10,301.07164551165624,41000.0,24199.999999999996,0.0073432108661379576,40456.12476844721,7804.586923786299,0.00744192992371009,0.0,0.0
BC,FA,2038-01-01T00:00:00,M,11,301.0895810013899,41000.0,24600.0,0.00734364831710707,40456.12476844721,7804.586923786299,0.007442373255587186,0.0,0.0
BC,FA,2038-01-01T00:00:00,M,12,201.47669611815581,41000.0,24900.0,0.00491406575897941,40456.12476844721,7804.586923786299,0.004980128405063966,0.0,0.0
BC,FA,2038-01-01T00:00:00,M,13,301.6814649099906,41000.0,25300.0,0.007358084509999771,40456.12476844721,7804.586923786299,0.007457003522623103,0.0,0.0
BC,FA,2038-01-01T00:00:00,M,14,402.2778417333975,41000.0,25800.0,0.00981165467642433,40456.12476844721,7804.586923786299,0.009943558460822835,0.0,0.0
BC,FA,2038-01-01T00:00:00,M,15,803.1088967835021,41000.0,26800.000000000004,0.019588021872768344,40456.12476844721,7804.586923786299,0.019851355051432602,0.0,0.0
BC,FA,2038-01-01T00:00:00,M,16,1204.860738816431,41000.0,28300.000000000004,0.029386847288205634,40456.12476844721,7804.586923786299,0.029781911780046053,0.0,0.0
BC,FA,2038-01-01T00:00:00,M,17,1007.3181976245723,41000.0,29800.000000000004,0.024568736527428595,40456.12476844721,7804.586923786299,0.024899028352073062,0.0,0.0
BC,FA,2038-01-01T00:00:00,M,18,1610.2242367904291,41000.0,31999.999999999996,0.039273761872937296,40456.12476844721,7804.586923786299,0.039801741911926404,0.0,0.0
BC,FA,2038-01-01T00:00:00,M,19,3213.7179337225352,41000.0,35400.0,0.078383364237135,40456.12476844721,7804.586923786299,0.07943711742329304,0.0,0.0
BC,FA,2038-01-01T00:00:00,M,20,1918.5146149239008,41000.0,37800.0,0.04679303938838782,40456.12476844721,7804.586923786299,0.047422105451390154,0.0,0.0
BC,FA,2038-01-01T00:00:00,M,21,623.3093447318824,41000.0,39100.0,0.01520266694468006,40456.12476844721,7804.586923786299,0.015407045244679929,0.0,0.0
BC,FA,2038-01-01T00:00:00,M,22,-172.7500001341905,41000.0,39000.0,-0.00421341463741928,40456.12476844721,7804.586923786299,0.0,0.022134419389666166,0.004429487182927961
BC,FA,2038-01-01T00:00:00,M,23,-369.2928154659967,41000.0,39100.0,-0.009007141840634066,40456.12476844721,7804.586923786299,0.0,0.04731740693930779,0.009444829040051067
BC,FA,2038-01-01T00:00:00,M,24,-267.2259876618191,41000.0,38500.0,-0.006517707016141929,40456.12476844721,7804.586923786299,0.0,0.0342396068198543,0.0069409347444628336
BC,FA,2038-01-01T00:00:00,M,25,-265.6631622332643,41000.0,38300.0,-0.006479589322762544,40456.12476844721,7804.586923786299,0.0,0.03403936234262365,0.006936374993035621
BC,FA,2038-01-01T00:00:00,M,26,-164.49199871815654,41000.0,37800.0,-0.004011999968735525,40456.12476844721,7804.586923786299,0.0,0.021076323490847263,0.004351640177729009
BC,FA,2038-01-01T00:00:00,M,27,36.90505317113275,41000.0,37400.0,0.0009001232480764086,40456.12476844721,7804.586923786299,0.0009122241287904066,0.0,0.0
BC,FA,2038-01-01T00:00:00,M,28,139.27847220458352,41000.0,37900.0,0.0033970359074288665,40456.12476844721,7804.586923786299,0.0034427042382766835,0.0,0.0
BC,FA,2038-01-01T00:00:00,M,29,41.933276027943066,41000.0,37900.0,0.0010227628299498308,40456.12476844721,7804.586923786299,0.0010365124259416939,0.0,0.0
BC,FA,2038-01-01T00:00:00,M,30,144.29525447553897,41000.0,37600.0,0.0035193964506229016,40456.12476844721,7804.586923786299,0.00356670974546921,0.0,0.0
BC,FA,2038-01-01T00:00:00,M,31,146.64413106037682,41000.0,36800.00000000001,0.003576686123423825,40456.12476844721,7804.586923786299,0.0036247695966853555,0.0,0.0
BC,FA,2038-01-01T00:00:00,M,32,48.9856737190712,41000.0,36000.0,0.001194772529733444,40456.12476844721,7804.586923786299,0.001210834552232655,0.0,0.0
BC,FA,2038-01-01T00:00:00,M,33,51.370593282081245,41000.0,35600.0,0.0012529412995629572,40456.12476844721,7804.586923786299,0.001269785318690398,0.0,0.0
BC,FA,2038-01-01T00:00:00,M,34,154.2999610383631,41000.0,35700.0,0.003763413683862515,40456.12476844721,7804.586923786299,0.003814007444398275,0.0,0.0
BC,FA,2038-01-01T00:00:00,M,35,255.79646195541864,41000.0,35400.0,0.006238938096473625,40456.12476844721,7804.586923786299,0.006322811772493864,0.0,0.0
BC,FA,2038-01-01T00:00:00,M,36,256.984820164711,41000.0,35000.0,0.006267922443041731,40456.12476844721,7804.586923786299,0.0063521857725023665,0.0,0.0
BC,FA,2038-01-01T00:00:00,M,37,162.07994106823753,41000.0,37000.0,0.003953169294347257,40456.12476844721,7804.586923786299,0.004006314049996403,0.0,0.0
BC,FA,2038-01-01T00:00:00,M,38,167.7730013303226,41000.0,39000.0,0.004092024422690794,40456.12476844721,7804.586923786299,0.004147035888646782,0.0,0.0
BC,FA,2038-01-01T00:00:00,M,39,72.02106142413686,41000.0,39799.99999999999,0.0017566112542472406,40456.12476844721,7804.586923786299,0.0017802264017216984,0.0,0.0
BC,FA,2038-01-01T00:00:00,M,40,75.9412336509049,41000.0,40300.0,0.0018522252109976806,40456.12476844721,7804.586923786299,0.0018771257525420097,0.0,0.0
BC,FA,2038-01-01T00:00:00,M,41,81.0283705322363,41000.0,41200.0,0.001976301720298446,40456.12476844721,7804.586923786299,0.002002870294572367,0.0,0.0
BC,FA,2038-01-01T00:00:00,M,42,86.68756219966599,41000.0,42000.0,0.002114330785357707,40456.12476844721,7804.586923786299,0.002142754964688953,0.0,0.0
BC,FA,2038-01-01T00:00:00,M,43,92.60611516956124,41000.0,42700.00000000001,0.002258685735842957,40456.12476844721,7804.586923786299,0.0022890505627911045,0.0,0.0
BC,FA,2038-01-01T00:00:00,M,44,98.08408887605037,41000.0,42999.99999999999,0.0023922948506353747,40456.12476844721,7804.586923786299,0.0024244558626769098,0.0,0.0
BC,FA,2038-01-01T00:00:00,M,45,103.39045993160107,41000.0,43200.0,0.0025217185349170994,40456.12476844721,7804.586923786299,0.00255561946487366,0.0,0.0
BC,FA,2038-01-01T00:00:00,M,46,109.64392459382361,41000.0,43500.0,0.0026742420632639907,40456.12476844721,7804.586923786299,0.0027101934557839254,0.0,0.0
BC,FA,2038-01-01T00:00:00,M,47,116.30212489316182,41000.0,43800.00000000001,0.002836637192516142,40456.12476844721,7804.586923786299,0.0028747717572758943,0.0,0.0
BC,FA,2038-01-01T00:00:00,M,48,23.092143831250723,41000.0,43899.99999999999,0.0005632230202744079,40456.12476844721,7804.586923786299,0.0005707947551432532,0.0,0.0
BC,FA,2038-01-01T00:00:00,M,49,27.646810747435666,41000.0,43100.0,0.0006743124572545284,40456.12476844721,7804.586923786299,0.0006833776320810177,0.0,0.0
BC,FA,2038-01-01T00:00:00,M,50,30.70836217916076,41000.0,41799.99999999999,0.0007489844433941649,40456.12476844721,7804.586923786299,0.0007590534771909496,0.0,0.0
BC,FA,2038-01-01T00:00:00,M,51,36.919829187798314,41000.0,41400.0,0.0009004836387267881,40456.12476844721,7804.586923786299,0.000912589364382054,0.0,0.0
BC,FA,2038-01-01T00:00:00,M,52,45.001737574457366,41000.0,41400.0,0.0010976033554745699,40456.12476844721,7804.586923786299,0.0011123590762097757,0.0,0.0
BC,FA,2038-01-01T00:00:00,M,53,-48.88611972222134,41000.0,40599.99999999999,-0.001192344383468813,40456.12476844721,7804.586923786299,0.0,0.006263767730388073,0.0012040916187739247
BC,FA,2038-01-01T00:00:00,M,54,-43.64407716253481,41000.0,39600.0,-0.0010644896868910931,40456.12476844721,7804.586923786299,0.0,0.005592105974182863,0.001102123160670071
BC,FA,2038-01-01T00:00:00,M,55,61.47616965029738,41000.0,38499.99999999999,0.0014994187719584726,40456.12476844721,7804.586923786299,0.0015195763312022474,0.0,0.0
BC,FA,2038-01-01T00:00:00,M,56,67.88318839195563,41000.0,37600.0,0.0016556875217550154,40456.12476844721,7804.586923786299,0.0016779458927539076,0.0,0.0
BC,FA,2038-01-01T00:00:00,M,57,73.21036724083388,41000.0,36400.0,0.00178561871319107,40456.12476844721,7804.586923786299,0.0018096238248190434,0.0,0.0
BC,FA,2038-01-01T00:00:00,M,58,78.38994078938413,41000.0,35100.0,0.0019119497753508324,40456.12476844721,7804.586923786299,0.0019376532289746766,0.0,0.0
BC,FA,2038-01-01T00:00:00,M,59,182.1245722678068,41000.0,33600.0,0.00444206273823919,40456.12476844721,7804.586923786299,0.004501779973000541,0.0,0.0
BC,FA,2038-01-01T00:00:00,M,60,188.83955123437772,41000.0,32499.999999999993,0.004605842713033603,40456.12476844721,7804.586923786299,0.004667761737319404,0.0,0.0
BC,FA,2038-01-01T00:00:00,M,61,200.6266669780307,41000.0,32200.0,0.004893333340927578,40456.12476844721,7804.586923786299,0.004959117269049572,0.0,0.0
BC,FA,2038-01-01T00:00:00,M,62,212.26306571159876,41000.0,31699.999999999996,0.005177147944185336,40456.12476844721,7804.586923786299,0.005246747357204817,0.0,0.0
BC,FA,2038-01-01T00:00:00,M,63,127.72704393140884,41000.0,31500.0,0.003115293754424606,40456.12476844721,7804.586923786299,0.0031571744615299015,0.0,0.0
BC,FA,2038-01-01T00:00:00,M,64,142.18554641970695,41000.0,31099.999999999996,0.0034679401565782184,40456.12476844721,7804.586923786299,0.0035145616945150707,0.0,0.0
BC,FA,2038-01-01T00:00:00,M,65,161.40898230328457,41000.0,31099.999999999996,0.003936804446421575,40456.12476844721,7804.586923786299,0.003989729199895381,0.0,0.0
BC,FA,2038-01-01T00:00:00,M,66,186.13908767419707,41000.0,31499.999999999996,0.004539977748151148,40456.12476844721,7804.586923786299,0.00460101131137928,0.0,0.0
BC,FA,2038-01-01T00:00:00,M,67,225.59602542789798,41000.0,33100.0,0.005502342083607268,40456.12476844721,7804.586923786299,0.005576313270712627,0.0,0.0
BC,FA,2038-01-01T00:00:00,M,68,154.13990721522714,41000.0,33100.0,0.003759509932078711,40456.12476844721,7804.586923786299,0.003810051212207178,0.0,0.0
BC,FA,2038-01-01T00:00:00,M,69,177.5496463762065,41000.0,32499.999999999993,0.004330479179907476,40456.12476844721,7804.586923786299,0.004388696331950264,0.0,0.0
BC,FA,2038-01-01T00:00:00,M,70,199.26240185292772,41000.0,31599.999999999996,0.004860058581778725,40456.12476844721,7804.586923786299,0.004925395177946892,0.0,0.0
BC,FA,2038-01-01T00:00:00,M,71,127.91034069335365,41000.0,30999.999999999996,0.003119764407154967,40456.12476844721,7804.586923786299,0.0031617052158469283,0.0,0.0
BC,FA,2038-01-01T00:00:00,M,72,81.79492461699556,41000.0,31900.0,0.0019949981613901356,40456.12476844721,7804.586923786299,0.002021818082803362,0.0,0.0
BC,FA,2038-01-01T00:00:00,M,73,147.36849983074353,41000.0,33200.0,0.003594353654408379,40456.12476844721,7804.586923786299,0.0036426746425717985,0.0,0.0
BC,FA,2038-01-01T00:00:00,M,74,114.97287975595827,41000.0,34000.0,0.0028042165794136165,40456.12476844721,7804.586923786299,0.002841915295001973,0.0,0.0
BC,FA,2038-01-01T00:00:00,M,75,75.93191959246178,41000.0,34000.0,0.0018519980388405312,40456.12476844721,7804.586923786299,0.001876895526377333,0.0,0.0
BC,FA,2038-01-01T00:00:00,M,76,103.14696466546229,41000.0,32200.0,0.0025157796259868853,40456.12476844721,7804.586923786299,0.0025496007157341303,0.0,0.0
BC,FA,2038-01-01T00:00:00,M,77,58.69028006443841,41000.0,31499.999999999996,0.0014314702454741076,40456.12476844721,7804.586923786299,0.0014507143331289232,0.0,0.0
BC,FA,2038-01-01T00:00:00,M,78,104.14552616364381,41000.0,30300.0,0.0025401347844791174,40456.12476844721,7804.586923786299,0.002574283294797173,0.0,0.0
BC,FA,2038-01-01T00:00:00,M,79,43.8237348278999,41000.0,28700.0,0.0010688715811682902,40456.12476844721,7804.586923786299,0.0010832410439390176,0.0,0.0
BC,FA,2038-01-01T00:00:00,M,80,103.57543739632456,41000.0,27800.0,0.00252623018039816,40456.12476844721,7804.586923786299,0.002560191763030792,0.0,0.0
BC,FA,2038-01-01T00:00:00,M,81,33.123068593831704,41000.0,25799.999999999996,0.0008078797218007733,40456.12476844721,7804.586923786299,0.0008187405191034325,0.0,0.0
BC,FA,2038-01-01T00:00:00,M,82,-16.385630028828018,41000.0,24399.999999999996,-0.00039964951289824435,40456.12476844721,7804.586923786299,0.0,0.0020994871591331747,0.0006715422142962303
BC,FA,2038-01-01T00:00:00,M,83,18.630566781361267,41000.0,22700.0,0.0004544040678380797,40456.12476844721,7804.586923786299,0.00046051288619447143,0.0,0.0
BC,FA,2038-01-01T00:00:00,M,84,27.26687338046031,41000.0,20500.0,0.0006650456922063491,40456.12476844721,7804.586923786299,0.0006739862885168492,0.0,0.0
BC,FA,2038-01-01T00:00:00,M,85,-46.50980505706684,41000.0,18700.0,-0.0011343854891967522,40456.12476844721,7804.586923786299,0.0,0.00595929105681652,0.002487155350645286
BC,FA,2038-01-01T00:00:00,M,86,-37.72750564138187,41000.0,16800.0,-0.000920183064423948,40456.12476844721,7804.586923786299,0.0,0.004834016971019759,0.0022456848596060634
BC,FA,2038-01-01T00:00:00,M,87,-218.97755284912455,41000.0,15000.0,-0.005340915923149379,40456.12476844721,7804.586923786299,0.0,0.028057545516180924,0.01459850352327497
BC,FA,2038-01-01T00:00:00,M,88,-201.26340599118157,41000.0,13500.0,-0.004908863560760526,40456.12476844721,7804.586923786299,0.0,0.02578783578894924,0.014908400443791228
BC,FA,2038-01-01T00:00:00,M,89,-225.9808209995008,41000.0,11599.999999999998,-0.005511727341451239,40456.12476844721,7804.586923786299,0.0,0.028954872718602382,0.019481105258577658
BC,FA,2038-01-01T00:00:00,M,90,-214.77619029077687,41000.0,10299.999999999998,-0.005238443665628704,40456.12476844721,7804.586923786299,0.0,0.02751922585885953,0.020852057309784164
BC,FA,2038-01-01T00:00:00,M,91,-236.24607552380985,41000.0,8800.0,-0.005762099403019753,40456.12476844721,7804.586923786299,0.0,0.030270157515165194,0.026846144945887482
BC,FA,2038-01-01T00:00:00,M,92,-147.39052672953494,41000.0,6200.0,-0.0035948908958423156,40456.12476844721,7804.586923786299,0.0,0.018885115659398696,0.023772665601537894
BC,FA,2038-01-01T00:00:00,M,93,-144.6633039407343,41000.0,4800.0,-0.003528373266847178,40456.12476844721,7804.586923786299,0.0,0.01853567720539304,0.03013818832098631
BC,FA,2038-01-01T00:00:00,M,94,-106.28595852054605,41000.0,3900.0,-0.002592340451720635,40456.12476844721,7804.586923786299,0.0,0.013618396406940488,0.027252809877063088
BC,FA,2038-01-01T00:00:00,M,95,-194.6033647753702,41000.0,2900.0,-0.004746423531106591,40456.12476844721,7804.586923786299,0.0,0.024934486177900214,0.06710460854323111
BC,FA,2038-01-01T00:00:00,M,96,-118.16993844189528,41000.0,2100.0,-0.002882193620534031,40456.12476844721,7804.586923786299,0.0,0.015141088131358347,0.05627139925804537
BC,FA,2038-01-01T00:00:00,M,97,-29.060178924696856,41000.0,1499.9999999999998,-0.0007087848518218746,40456.12476844721,7804.586923786299,0.0,0.0037234743117703236,0.019373452616464573
BC,FA,2038-01-01T00:00:00,M,98,-102.0956220043953,41000.0,999.9999999999999,-0.002490137122058422,40456.12476844721,7804.586923786299,0.0,0.013081489513972235,0.1020956220043953
BC,FA,2038-01-01T00:00:00,M,99,-68.97947232798401,41000.0,700.0,-0.0016824261543410734,40456.12476844721,7804.586923786299,0.0,0.008838324564975115,0.09854210332569145
BC,FA,2038-01-01T00:00:00,M,100,674.857952467113,41000.0,1200.0,0.01645995006017349,40456.12476844721,7804.586923786299,0.016681230748859376,0.0,0.0
BC,FA,2039-01-01T00:00:00,F,1,252.27547340166348,41400.0,20200.0,0.006093610468639214,41654.26784732655,7867.662591644093,0.006056413578707398,0.0,0.0
BC,FA,2039-01-01T00:00:00,F,2,202.32291023189464,41400.0,20300.0,0.004887026817195523,41654.26784732655,7867.662591644093,0.0048571952092270445,0.0,0.0
BC,FA,2039-01-01T00:00:00,F,3,201.86756073655488,41400.0,20400.000000000004,0.004876028037114852,41654.26784732655,7867.662591644093,0.004846263568392336,0.0,0.0
BC,FA,2039-01-01T00:00:00,F,4,201.56399789097486,41400.0,20500.0,0.004868695601231277,41654.26784732655,7867.662591644093,0.004838975891492272,0.0,0.0
BC,FA,2039-01-01T00:00:00,F,5,201.42146280006637,41400.0,20700.0,0.004865252724639284,41654.26784732655,7867.662591644093,0.004835554031061765,0.0,0.0
BC,FA,2039-01-01T00:00:00,F,6,201.28201011871715,41400.0,21000.0,0.004861884302384472,41654.26784732655,7867.662591644093,0.00483220617048094,0.0,0.0
BC,FA,2039-01-01T00:00:00,F,7,201.13793545564477,41400.0,21299.999999999996,0.004858404238059053,41654.26784732655,7867.662591644093,0.004828747349320033,0.0,0.0
BC,FA,2039-01-01T00:00:00,F,8,200.98923884269607,41400.0,21600.0,0.004854812532432272,41654.26784732655,7867.662591644093,0.004825177568343599,0.0,0.0
BC,FA,2039-01-01T00:00:00,F,9,101.00310667692975,41400.0,21799.999999999996,0.0024396885670755976,41654.26784732655,7867.662591644093,0.0024247961108602783,0.0,0.0
BC,FA,2039-01-01T00:00:00,F,10,301.0123518997716,41400.0,22200.000000000004,0.0072708297560331306,41654.26784732655,7867.662591644093,0.007226446831404124,0.0,0.0
BC,FA,2039-01-01T00:00:00,F,11,101.03084234542257,41400.0,22400.0,0.0024403585107589994,41654.26784732655,7867.662591644093,0.0024254619650434434,0.0,0.0
BC,FA,2039-01-01T00:00:00,F,12,201.21343828209137,41400.0,22700.0,0.004860227977828294,41654.26784732655,7867.662591644093,0.004830559956535298,0.0,0.0
BC,FA,2039-01-01T00:00:00,F,13,301.4052803224404,41400.0,23100.0,0.007280320780735275,41654.26784732655,7867.662591644093,0.007235879920568215,0.0,0.0
BC,FA,2039-01-01T00:00:00,F,14,401.6086798517863,41400.0,23600.000000000004,0.009700692750043148,41654.26784732655,7867.662591644093,0.009641477346901977,0.0,0.0
BC,FA,2039-01-01T00:00:00,F,15,802.1911479928858,41400.0,24500.0,0.019376597777605937,41654.26784732655,7867.662591644093,0.019258318281649308,0.0,0.0
BC,FA,2039-01-01T00:00:00,F,16,1303.2351392539276,41400.0,26000.0,0.03147910964381468,41654.26784732655,7867.662591644093,0.03128695345289983,0.0,0.0
BC,FA,2039-01-01T00:00:00,F,17,1004.8631881750662,41400.0,27300.0,0.024272057685388072,41654.26784732655,7867.662591644093,0.02412389510381372,0.0,0.0
BC,FA,2039-01-01T00:00:00,F,18,1506.4257839193997,41400.0,29299.999999999996,0.03638709622993719,41654.26784732655,7867.662591644093,0.03616498048749367,0.0,0.0
BC,FA,2039-01-01T00:00:00,F,19,3008.2103233462913,41400.0,32600.000000000004,0.07266208510498288,41654.26784732655,7867.662591644093,0.07221853795083243,0.0,0.0
BC,FA,2039-01-01T00:00:00,F,20,1610.4564167833814,41400.0,34700.0,0.038899913448873946,41654.26784732655,7867.662591644093,0.03866245885502327,0.0,0.0
BC,FA,2039-01-01T00:00:00,F,21,412.2741322775546,41400.0,35800.0,0.009958312373853976,41654.26784732655,7867.662591644093,0.009897524397467357,0.0,0.0
BC,FA,2039-01-01T00:00:00,F,22,-386.574641939289,41400.0,35900.0,-0.009337551737663985,41654.26784732655,7867.662591644093,0.0,0.04913462383984964,0.010768095875746212
BC,FA,2039-01-01T00:00:00,F,23,-185.8140513195176,41400.0,35900.0,-0.004488262109167092,41654.26784732655,7867.662591644093,0.0,0.023617440269599606,0.005175878866838931
BC,FA,2039-01-01T00:00:00,F,24,-85.29850938305026,41400.0,35900.0,-0.0020603504681896197,41654.26784732655,7867.662591644093,0.0,0.010841658292977912,0.002376003046881623
BC,FA,2039-01-01T00:00:00,F,25,114.70149061694974,41400.0,36100.0,0.0027705674062065153,41654.26784732655,7867.662591644093,0.0027536551845625946,0.0,0.0
BC,FA,2039-01-01T00:00:00,F,26,14.82400303875329,41400.0,36300.0,0.00035806770625007947,41654.26784732655,7867.662591644093,0.0003558819733211257,0.0,0.0
BC,FA,2039-01-01T00:00:00,F,27,115.0621278001272,41400.0,36300.0,0.002779278449278435,41654.26784732655,7867.662591644093,0.0027623130532952607,0.0,0.0
BC,FA,2039-01-01T00:00:00,F,28,115.25633390586881,41400.0,36100.0,0.002783969418016155,41654.26784732655,7867.662591644093,0.0027669753872115216,0.0,0.0
BC,FA,2039-01-01T00:00:00,F,29,216.03078204463236,41400.0,36700.0,0.005218134831995951,41654.26784732655,7867.662591644093,0.005186282059654486,0.0,0.0
BC,FA,2039-01-01T00:00:00,F,30,216.68426424452628,41400.0,36900.0,0.005233919426196287,41654.26784732655,7867.662591644093,0.005201970300827974,0.0,0.0
BC,FA,2039-01-01T00:00:00,F,31,217.6760568121972,41400.0,37200.0,0.00525787576841056,41654.26784732655,7867.662591644093,0.005225780407665192,0.0,0.0
BC,FA,2039-01-01T00:00:00,F,32,18.562341738230316,41400.0,36499.99999999999,0.0004483657424693313,41654.26784732655,7867.662591644093,0.00044562880822358956,0.0,0.0
BC,FA,2039-01-01T00:00:00,F,33,119.30994422294316,41400.0,35900.0,0.00288188271069911,41654.26784732655,7867.662591644093,0.0028642909931881253,0.0,0.0
BC,FA,2039-01-01T00:00:00,F,34,120.57387988603296,41400.0,35700.0,0.0029124125576336464,41654.26784732655,7867.662591644093,0.0028946344784636906,0.0,0.0
BC,FA,2039-01-01T00:00:00,F,35,222.00736912337015,41400.0,35900.0,0.0053624968387287475,41654.26784732655,7867.662591644093,0.005329762845360371,0.0,0.0
BC,FA,2039-01-01T00:00:00,F,36,223.59819694745966,41400.0,35400.0,0.005400922631581151,41654.26784732655,7867.662591644093,0.005367954077767103,0.0,0.0
BC,FA,2039-01-01T00:00:00,F,37,125.35244118719129,41400.0,35100.0,0.0030278367436519637,41654.26784732655,7867.662591644093,0.003009354086996314,0.0,0.0
BC,FA,2039-01-01T00:00:00,F,38,128.87527640512417,41400.0,37200.0,0.0031129293817662843,41654.26784732655,7867.662591644093,0.003093927298818088,0.0,0.0
BC,FA,2039-01-01T00:00:00,F,39,131.53036680121295,41400.0,38700.0,0.003177062000029298,41654.26784732655,7867.662591644093,0.0031576684358804504,0.0,0.0
BC,FA,2039-01-01T00:00:00,F,40,133.4457220074837,41400.0,39200.0,0.003223326618538254,41654.26784732655,7867.662591644093,0.0032036506438330907,0.0,0.0
BC,FA,2039-01-01T00:00:00,F,41,135.00578045139991,41400.0,39600.0,0.003261009189647341,41654.26784732655,7867.662591644093,0.003241103191303958,0.0,0.0
BC,FA,2039-01-01T00:00:00,F,42,36.407116712929565,41400.0,39700.0,0.0008793989544185885,41654.26784732655,7867.662591644093,0.0008740308879361625,0.0,0.0
BC,FA,2039-01-01T00:00:00,F,43,138.86348793918296,41400.0,41100.0,0.0033541905299319555,41654.26784732655,7867.662591644093,0.0033337157298779767,0.0,0.0
BC,FA,2039-01-01T00:00:00,F,44,140.641055575441,41400.0,41300.0,0.0033971269462666903,41654.26784732655,7867.662591644093,0.003376390051817166,0.0,0.0
BC,FA,2039-01-01T00:00:00,F,45,42.95976596085529,41400.0,41600.00000000001,0.0010376755063008524,41654.26784732655,7867.662591644093,0.0010313412810018345,0.0,0.0
BC,FA,2039-01-01T00:00:00,F,46,145.85664979578723,41400.0,42300.0,0.0035231074829900296,41654.26784732655,7867.662591644093,0.0035016015725060595,0.0,0.0
BC,FA,2039-01-01T00:00:00,F,47,149.04648763247678,41400.0,43100.0,0.003600156706098473,41654.26784732655,7867.662591644093,0.003578180468296069,0.0,0.0
BC,FA,2039-01-01T00:00:00,F,48,52.51412082693423,41400.0,43400.0,0.0012684570248051746,41654.26784732655,7867.662591644093,0.0012607140526250946,0.0,0.0
BC,FA,2039-01-01T00:00:00,F,49,56.117672680346004,41400.0,43599.99999999999,0.001355499340104976,41654.26784732655,7867.662591644093,0.0013472250403255557,0.0,0.0
BC,FA,2039-01-01T00:00:00,F,50,59.18599914287188,41400.0,42900.0,0.0014296135058664704,41654.26784732655,7867.662591644093,0.0014208867950771232,0.0,0.0
BC,FA,2039-01-01T00:00:00,F,51,-36.92666565768013,41400.0,42300.0,-0.0008919484458376843,41654.26784732655,7867.662591644093,0.0,0.004693473471637988,0.0008729708193304995
BC,FA,2039-01-01T00:00:00,F,52,66.69514986402646,41400.0,41600.0,0.001610993958068272,41654.26784732655,7867.662591644093,0.0016011600565992684,0.0,0.0
BC,FA,2039-01-01T00:00:00,F,53,72.00084957298532,41400.0,41700.00000000001,0.0017391509558692105,41654.26784732655,7867.662591644093,0.001728534752714576,0.0,0.0
BC,FA,2039-01-01T00:00:00,F,54,76.48402354374412,41400.0,41000.0,0.0018474401822160414,41654.26784732655,7867.662591644093,0.0018361629551160868,0.0,0.0
BC,FA,2039-01-01T00:00:00,F,55,181.79895783490792,41400.0,40600.00000000001,0.00439127917475623,41654.26784732655,7867.662591644093,0.0043644737317493415,0.0,0.0
BC,FA,2039-01-01T00:00:00,F,56,87.57733711877518,41400.0,40000.0,0.0021153946163955358,41654.26784732655,7867.662591644093,0.002102481729837824,0.0,0.0
BC,FA,2039-01-01T00:00:00,F,57,193.7961822237703,41400.0,39600.00000000001,0.004681067203472712,41654.26784732655,7867.662591644093,0.004652492823402453,0.0,0.0
BC,FA,2039-01-01T00:00:00,F,58,198.37236698246852,41400.0,38300.0,0.004791603067209385,41654.26784732655,7867.662591644093,0.0047623539491692315,0.0,0.0
BC,FA,2039-01-01T00:00:00,F,59,105.24141983804293,41400.0,37599.99999999999,0.002542063281112148,41654.26784732655,7867.662591644093,0.002526545904582441,0.0,0.0
BC,FA,2039-01-01T00:00:00,F,60,109.93167522577278,41400.0,36000.00000000001,0.0026553544740524826,41654.26784732655,7867.662591644093,0.0026391455403489564,0.0,0.0
BC,FA,2039-01-01T00:00:00,F,61,116.33366308959376,41400.0,35000.00000000001,0.002809991862067482,41654.26784732655,7867.662591644093,0.0027928389838944266,0.0,0.0
BC,FA,2039-01-01T00:00:00,F,62,126.0521894044432,41400.0,34700.0,0.0030447388745034588,41654.26784732655,7867.662591644093,0.0030261530431036844,0.0,0.0
BC,FA,2039-01-01T00:00:00,F,63,138.63618106606737,41400.0,34900.0,0.0033487000257504196,41654.26784732655,7867.662591644093,0.003328258741077964,0.0,0.0
BC,FA,2039-01-01T00:00:00,F,64,50.10357809658308,41400.0,34400.0,0.0012102313549899294,41654.26784732655,7867.662591644093,0.0012028438065512374,0.0,0.0
BC,FA,2039-01-01T00:00:00,F,65,63.542018576088594,41400.0,34200.00000000001,0.0015348313665721884,41654.26784732655,7867.662591644093,0.0015254623802052217,0.0,0.0
BC,FA,2039-01-01T00:00:00,F,66,-20.03220057438739,41400.0,34200.00000000001,-0.0004838695790914828,41654.26784732655,7867.662591644093,0.0,0.0025461438312902145,0.0005857368589002159
BC,FA,2039-01-01T00:00:00,F,67,98.93259685755038,41400.0,34500.0,0.0023896762525978353,41654.26784732655,7867.662591644093,0.0023750890837924083,0.0,0.0
BC,FA,2039-01-01T00:00:00,F,68,31.65593445140985,41400.0,36400.0,0.0007646360978601413,41654.26784732655,7867.662591644093,0.000759968571946502,0.0,0.0
BC,FA,2039-01-01T00:00:00,F,69,154.7379821021459,41400.0,36400.0,0.0037376324179262295,41654.26784732655,7867.662591644093,0.003714816994726683,0.0,0.0
BC,FA,2039-01-01T00:00:00,F,70,178.69492800323496,41400.0,36100.0,0.004316302608773791,41654.26784732655,7867.662591644093,0.004289954841078882,0.0,0.0
BC,FA,2039-01-01T00:00:00,F,71,196.7850523910529,41400.0,34800.0,0.004753262135049586,41654.26784732655,7867.662591644093,0.0047242470594446645,0.0,0.0
BC,FA,2039-01-01T00:00:00,F,72,119.94287829085079,41400.0,33800.0,0.0028971709732089563,41654.26784732655,7867.662591644093,0.002879485932401257,0.0,0.0
BC,FA,2039-01-01T00:00:00,F,73,65.9285591789012,41400.0,34800.0,0.0015924772748526859,41654.26784732655,7867.662591644093,0.0015827564037506573,0.0,0.0
BC,FA,2039-01-01T00:00:00,F,74,119.81939860995044,41400.0,36000.0,0.002894188372221025,41654.26784732655,7867.662591644093,0.002876521537939856,0.0,0.0
BC,FA,2039-01-01T00:00:00,F,75,85.56885716790566,41400.0,37400.00000000001,0.0020668806079204268,41654.26784732655,7867.662591644093,0.002054263862746003,0.0,0.0
BC,FA,2039-01-01T00:00:00,F,76,35.887656254963076,41400.0,37000.00000000001,0.000866851600361427,41654.26784732655,7867.662591644093,0.0008615601259995839,0.0,0.0
BC,FA,2039-01-01T00:00:00,F,77,68.1672994328037,41400.0,35200.0,0.0016465531263962247,41654.26784732655,7867.662591644093,0.0016365021630593566,0.0,0.0
BC,FA,2039-01-01T00:00:00,F,78,-71.59553306434827,41400.0,34700.0,-0.001729360702037398,41654.26784732655,7867.662591644093,0.0,0.009099975021855515,0.0020632718462348207
BC,FA,2039-01-01T00:00:00,F,79,83.92380298044009,41400.0,33900.0,0.0020271449995275382,41654.26784732655,7867.662591644093,0.00201477081023347,0.0,0.0
BC,FA,2039-01-01T00:00:00,F,80,-61.67349829171144,41400.0,32500.000000000007,-0.0014896980263698414,41654.26784732655,7867.662591644093,0.0,0.007838859073241425,0.0018976461012834285
BC,FA,2039-01-01T00:00:00,F,81,-200.27939096326008,41400.0,31200.000000000004,-0.004837666448387925,41654.26784732655,7867.662591644093,0.0,0.025456021865498942,0.006419211248822438
BC,FA,2039-01-01T00:00:00,F,82,-153.15450199842235,41400.0,29400.0,-0.003699384106242086,41654.26784732655,7867.662591644093,0.0,0.01946632817745402,0.005209336802667427
BC,FA,2039-01-01T00:00:00,F,83,-195.91818838921972,41400.0,27800.0,-0.004732323391043954,41654.26784732655,7867.662591644093,0.0,0.0249017018850422,0.007047416848533083
BC,FA,2039-01-01T00:00:00,F,84,-139.35843966089305,41400.0,26200.000000000004,-0.003366145885528818,41654.26784732655,7867.662591644093,0.0,0.017712813435708297,0.005319024414537902
BC,FA,2039-01-01T00:00:00,F,85,-201.300189288806,41400.0,23999.999999999996,-0.004862323412773092,41654.26784732655,7867.662591644093,0.0,0.025585767938574068,0.008387507887033584
BC,FA,2039-01-01T00:00:00,F,86,-180.61071761823405,41400.0,21600.0,-0.004362577720247199,41654.26784732655,7867.662591644093,0.0,0.022956083273074388,0.008361607297140465
BC,FA,2039-01-01T00:00:00,F,87,-54.42823892249362,41400.0,19600.0,-0.0013146917614128893,41654.26784732655,7867.662591644093,0.0,0.006917968111685359,0.002776950965433348
BC,FA,2039-01-01T00:00:00,F,88,-219.68052232800255,41400.0,17600.0,-0.005306292809855134,41654.26784732655,7867.662591644093,0.0,0.02792195518924716,0.0124818478595456
BC,FA,2039-01-01T00:00:00,F,89,-272.8437915519844,41400.0,15999.999999999998,-0.006590429747632473,41654.26784732655,7867.662591644093,0.0,0.034679142423031724,0.017052736971999025
BC,FA,2039-01-01T00:00:00,F,90,-282.27697333809374,41400.0,13800.0,-0.0068182843801471915,41654.26784732655,7867.662591644093,0.0,0.03587812390911222,0.020454853140441577
BC,FA,2039-01-01T00:00:00,F,91,-354.5036779540842,41400.0,12200.0,-0.008562890771837783,41654.26784732655,7867.662591644093,0.0,0.04505832244643884,0.029057678520826573
BC,FA,2039-01-01T00:00:00,F,92,-260.72362937327125,41400.0,10599.999999999998,-0.006297672207083846,41654.26784732655,7867.662591644093,0.0,0.033138638869716484,0.02459656880879918
BC,FA,2039-01-01T00:00:00,F,93,-266.5520806167906,41400.0,7500.000000000001,-0.0064384560535456666,41654.26784732655,7867.662591644093,0.0,0.03387944990166255,0.03554027741557207
BC,FA,2039-01-01T00:00:00,F,94,-255.02862557517074,41400.0,5900.000000000001,-0.006160111728868859,41654.26784732655,7867.662591644093,0.0,0.03241478934874834,0.04322519077545266
BC,FA,2039-01-01T00:00:00,F,95,-215.99213344979762,41400.0,4800.0,-0.005217201291057913,41654.26784732655,7867.662591644093,0.0,0.02745315154709273,0.044998361135374504
BC,FA,2039-01-01T00:00:00,F,96,-126.0881362858172,41400.0,3700.0,-0.0030456071566622514,41654.26784732655,7867.662591644093,0.0,0.016026124000250087,0.034077874671842485
BC,FA,2039-01-01T00:00:00,F,97,-136.03222224826095,41400.0,2700.0,-0.0032858024697647575,41654.26784732655,7867.662591644093,0.0,0.017290042711381008,0.05038230453639295
BC,FA,2039-01-01T00:00:00,F,98,-124.12929240173526,41400.0,2000.0,-0.0029982920869984363,41654.26784732655,7867.662591644093,0.0,0.015777149942038396,0.06206464620086763
BC,FA,2039-01-01T00:00:00,F,99,-37.93796364465811,41400.0,1400.0000000000002,-0.0009163759334458482,41654.26784732655,7867.662591644093,0.0,0.004822012027428629,0.027098545460470077
BC,FA,2039-01-01T00:00:00,F,100,1686.1610854031778,41400.0,2700.0,0.040728528632927,41654.26784732655,7867.662591644093,0.040479911724373256,0.0,0.0
BC,FA,2039-01-01T00:00:00,M,1,355.00010999700316,41400.0,21300.0,0.008574881883985584,41654.26784732655,7867.662591644093,0.0085225387059537,0.0,0.0
BC,FA,2039-01-01T00:00:00,M,2,203.5739802563112,41400.0,21400.0,0.004917245899910898,41654.26784732655,7867.662591644093,0.004887229827264314,0.0,0.0
BC,FA,2039-01-01T00:00:00,M,3,302.49792801405056,41400.0,21599.999999999996,0.007306713237054362,41654.26784732655,7867.662591644093,0.007262111270873423,0.0,0.0
BC,FA,2039-01-01T00:00:00,M,4,301.7334274833993,41400.0,21800.0,0.007288247040661819,41654.26784732655,7867.662591644093,0.007243757796663928,0.0,0.0
BC,FA,2039-01-01T00:00:00,M,5,301.43804082701536,41400.0,22100.0,0.0072811120972709024,41654.26784732655,7867.662591644093,0.0072366664067140055,0.0,0.0
BC,FA,2039-01-01T00:00:00,M,6,301.13899261385814,41400.0,22500.0,0.007273888710479665,41654.26784732655,7867.662591644093,0.007229487113243927,0.0,0.0
BC,FA,2039-01-01T00:00:00,M,7,300.9938673484503,41400.0,22900.000000000004,0.007270383269286239,41654.26784732655,7867.662591644093,0.007226003070121629,0.0,0.0
BC,FA,2039-01-01T00:00:00,M,8,301.01145792098396,41400.0,23300.0,0.007270808162342607,41654.26784732655,7867.662591644093,0.007226425369526774,0.0,0.0
BC,FA,2039-01-01T00:00:00,M,9,201.02904849352853,41400.0,23600.000000000004,0.004855774118201172,41654.26784732655,7867.662591644093,0.004826133284357582,0.0,0.0
BC,FA,2039-01-01T00:00:00,M,10,301.04663906605856,41400.0,24099.999999999996,0.007271657948455521,41654.26784732655,7867.662591644093,0.007227269968337237,0.0,0.0
BC,FA,2039-01-01T00:00:00,M,11,201.06422963860314,41400.0,24400.0,0.0048566239043140854,41654.26784732655,7867.662591644093,0.004826977883168047,0.0,0.0
BC,FA,2039-01-01T00:00:00,M,12,201.44243465296313,41400.0,24800.0,0.004865759291134375,41654.26784732655,7867.662591644093,0.00483605750535097,0.0,0.0
BC,FA,2039-01-01T00:00:00,M,13,301.64253287122483,41400.0,25200.0,0.007286051518628619,41654.26784732655,7867.662591644093,0.007241575676634653,0.0,0.0
BC,FA,2039-01-01T00:00:00,M,14,402.2252430846347,41400.0,25699.999999999996,0.009715585581754461,41654.26784732655,7867.662591644093,0.009656279269122967,0.0,0.0
BC,FA,2039-01-01T00:00:00,M,15,803.0256592846272,41400.0,26600.0,0.01939675505518423,41654.26784732655,7867.662591644093,0.01927835251427104,0.0,0.0
BC,FA,2039-01-01T00:00:00,M,16,1204.7145000833516,41400.0,28000.0,0.02909938405998434,41654.26784732655,7867.662591644093,0.028921754296556974,0.0,0.0
BC,FA,2039-01-01T00:00:00,M,17,1007.0528811295226,41400.0,29300.0,0.024324948819553684,41654.26784732655,7867.662591644093,0.024176463377549372,0.0,0.0
BC,FA,2039-01-01T00:00:00,M,18,1609.8297562680418,41400.0,31400.000000000004,0.038884776721450284,41654.26784732655,7867.662591644093,0.038647414525889066,0.0,0.0
BC,FA,2039-01-01T00:00:00,M,19,3113.370656326646,41400.0,35100.0,0.0752021897663441,41654.26784732655,7867.662591644093,0.07474313719155835,0.0,0.0
BC,FA,2039-01-01T00:00:00,M,20,1917.905817990766,41400.0,37300.0,0.04632622748769966,41654.26784732655,7867.662591644093,0.04604344085509742,0.0,0.0
BC,FA,2039-01-01T00:00:00,M,21,622.4456689326544,41400.0,38400.0,0.015034919539436096,41654.26784732655,7867.662591644093,0.01494314271022781,0.0,0.0
BC,FA,2039-01-01T00:00:00,M,22,-173.34188961853943,41400.0,38900.0,-0.00418700216469902,41654.26784732655,7867.662591644093,0.0,0.022032196678418624,0.004456089707417466
BC,FA,2039-01-01T00:00:00,M,23,-370.2641495265052,41400.0,38600.0,-0.008943578490978387,41654.26784732655,7867.662591644093,0.0,0.04706151861669143,0.009592335479961274
BC,FA,2039-01-01T00:00:00,M,24,-267.60723198969936,41400.0,38800.0,-0.006463942801683559,41654.26784732655,7867.662591644093,0.0,0.034013562334754104,0.0068970936079819425
BC,FA,2039-01-01T00:00:00,M,25,-266.41019271731784,41400.0,38200.0,-0.006435028809597049,41654.26784732655,7867.662591644093,0.0,0.03386141558742754,0.006974088814589472
BC,FA,2039-01-01T00:00:00,M,26,-64.8993167938388,41400.0,38200.0,-0.0015676163476772659,41654.26784732655,7867.662591644093,0.0,0.008248868839744804,0.0016989349946031102
BC,FA,2039-01-01T00:00:00,M,27,36.583111078733054,41400.0,37800.0,0.0008836500260563539,41654.26784732655,7867.662591644093,0.0008782560099920477,0.0,0.0
BC,FA,2039-01-01T00:00:00,M,28,38.116185266269895,41400.0,37400.0,0.0009206808035330892,41654.26784732655,7867.662591644093,0.0009150607425384448,0.0,0.0
BC,FA,2039-01-01T00:00:00,M,29,41.12769734995527,41400.0,37900.0,0.0009934226413032673,41654.26784732655,7867.662591644093,0.0009873585463246817,0.0,0.0
BC,FA,2039-01-01T00:00:00,M,30,43.9077689334008,41400.0,37900.0,0.0010605741288261064,41654.26784732655,7867.662591644093,0.0010541001247299294,0.0,0.0
BC,FA,2039-01-01T00:00:00,M,31,46.87008747263462,41400.0,37600.0,0.0011321277167303048,41654.26784732655,7867.662591644093,0.0011252169320182359,0.0,0.0
BC,FA,2039-01-01T00:00:00,M,32,49.112509908642096,41400.0,36800.00000000001,0.001186292509870582,41654.26784732655,7867.662591644093,0.0011790510900023953,0.0,0.0
BC,FA,2039-01-01T00:00:00,M,33,50.950153595731535,41400.0,36000.0,0.00123068003854424,41654.26784732655,7867.662591644093,0.0012231676663355786,0.0,0.0
BC,FA,2039-01-01T00:00:00,M,34,253.25723543426284,41400.0,35800.0,0.006117324527397653,41654.26784732655,7867.662591644093,0.006079982881046303,0.0,0.0
BC,FA,2039-01-01T00:00:00,M,35,255.50240656742972,41400.0,35900.0,0.006171555714189123,41654.26784732655,7867.662591644093,0.006133883027398556,0.0,0.0
BC,FA,2039-01-01T00:00:00,M,36,256.8542896899671,41400.0,35600.0,0.006204209895892925,41654.26784732655,7867.662591644093,0.006166337879983948,0.0,0.0
BC,FA,2039-01-01T00:00:00,M,37,157.7528455138381,41400.0,35100.0,0.0038104552056482635,41654.26784732655,7867.662591644093,0.003787195254326454,0.0,0.0
BC,FA,2039-01-01T00:00:00,M,38,163.22513339780562,41400.0,37100.0,0.003942636072410763,41654.26784732655,7867.662591644093,0.003918569256722195,0.0,0.0
BC,FA,2039-01-01T00:00:00,M,39,69.21855483847321,41400.0,39000.0,0.0016719457690452465,41654.26784732655,7867.662591644093,0.0016617398028018824,0.0,0.0
BC,FA,2039-01-01T00:00:00,M,40,73.55933154252853,41400.0,39800.0,0.0017767954478871625,41654.26784732655,7867.662591644093,0.0017659494535384014,0.0,0.0
BC,FA,2039-01-01T00:00:00,M,41,177.73699046374531,41400.0,40400.0,0.004293164020863414,41654.26784732655,7867.662591644093,0.004266957496773115,0.0,0.0
BC,FA,2039-01-01T00:00:00,M,42,183.4042758339201,41400.0,41300.0,0.004430054971833819,41654.26784732655,7867.662591644093,0.004403012831869792,0.0,0.0
BC,FA,2039-01-01T00:00:00,M,43,189.33991946555034,41400.0,42100.0,0.00457342800641426,41654.26784732655,7867.662591644093,0.004545510682351425,0.0,0.0
BC,FA,2039-01-01T00:00:00,M,44,195.53079560775222,41400.0,42800.0,0.004722966077481938,41654.26784732655,7867.662591644093,0.004694135936428463,0.0,0.0
BC,FA,2039-01-01T00:00:00,M,45,100.93726360228175,41400.0,42999.99999999999,0.0024380981546444865,41654.26784732655,7867.662591644093,0.0024232154066959576,0.0,0.0
BC,FA,2039-01-01T00:00:00,M,46,106.79882530876057,41400.0,43200.0,0.002579681770743009,41654.26784732655,7867.662591644093,0.002563934761744111,0.0,0.0
BC,FA,2039-01-01T00:00:00,M,47,113.2899369937586,41400.0,43500.0,0.002736471908061802,41654.26784732655,7867.662591644093,0.002719767813684661,0.0,0.0
BC,FA,2039-01-01T00:00:00,M,48,20.182572845085815,41400.0,43700.0,0.00048750175954313563,41654.26784732655,7867.662591644093,0.0004845259294692218,0.0,0.0
BC,FA,2039-01-01T00:00:00,M,49,27.227731201404822,41400.0,43800.00000000001,0.0006576746667005996,41654.26784732655,7867.662591644093,0.0006536600595454314,0.0,0.0
BC,FA,2039-01-01T00:00:00,M,50,31.873956724863092,41400.0,43000.0,0.00076990233634935,41654.26784732655,7867.662591644093,0.0007652026640268706,0.0,0.0
BC,FA,2039-01-01T00:00:00,M,51,35.26593907860661,41400.0,41700.0,0.0008518342772610291,41654.26784732655,7867.662591644093,0.0008466344723154231,0.0,0.0
BC,FA,2039-01-01T00:00:00,M,52,-58.120060125234886,41400.0,41200.0,-0.0014038661865998765,41654.26784732655,7867.662591644093,0.0,0.007387208011050412,0.0014106810710008467
BC,FA,2039-01-01T00:00:00,M,53,50.39792083111388,41400.0,41300.0,0.0012173410828771468,41654.26784732655,7867.662591644093,0.0012099101349190686,0.0,0.0
BC,FA,2039-01-01T00:00:00,M,54,56.44312159063702,41400.0,40500.0,0.001363360424894614,41654.26784732655,7867.662591644093,0.0013550381391293533,0.0,0.0
BC,FA,2039-01-01T00:00:00,M,55,62.4866267838006,41400.0,39499.99999999999,0.001509338811202913,41654.26784732655,7867.662591644093,0.0015001254376341444,0.0,0.0
BC,FA,2039-01-01T00:00:00,M,56,68.16288295853883,41400.0,38400.0,0.0016464464482738848,41654.26784732655,7867.662591644093,0.0016363961361263886,0.0,0.0
BC,FA,2039-01-01T00:00:00,M,57,75.01483436163107,41400.0,37499.99999999999,0.0018119525208123448,41654.26784732655,7867.662591644093,0.0018008919190844852,0.0,0.0
BC,FA,2039-01-01T00:00:00,M,58,180.94132778968924,41400.0,36400.0,0.0043705634731809,41654.26784732655,7867.662591644093,0.0043438844838873435,0.0,0.0
BC,FA,2039-01-01T00:00:00,M,59,186.61563185600244,41400.0,35100.0,0.004507623957874455,41654.26784732655,7867.662591644093,0.004480108317831826,0.0,0.0
BC,FA,2039-01-01T00:00:00,M,60,91.4977917022552,41400.0,33499.99999999999,0.0022100915870109953,41654.26784732655,7867.662591644093,0.0021966006469641432,0.0,0.0
BC,FA,2039-01-01T00:00:00,M,61,98.62529333751081,41400.0,32400.0,0.0023822534622587152,41654.26784732655,7867.662591644093,0.0023677116039825144,0.0,0.0
BC,FA,2039-01-01T00:00:00,M,62,111.49170248047085,41400.0,32100.0,0.0026930362917988128,41654.26784732655,7867.662591644093,0.002676597339055777,0.0,0.0
BC,FA,2039-01-01T00:00:00,M,63,124.08528800784916,41400.0,31599.999999999996,0.0029972291789335547,41654.26784732655,7867.662591644093,0.002978933358345253,0.0,0.0
BC,FA,2039-01-01T00:00:00,M,64,239.84760150845614,41400.0,31500.0,0.005793420326291211,41654.26784732655,7867.662591644093,0.005758055870470666,0.0,0.0
BC,FA,2039-01-01T00:00:00,M,65,155.60105813944392,41400.0,31000.0,0.0037584796652039595,41654.26784732655,7867.662591644093,0.003735536985303913,0.0,0.0
BC,FA,2039-01-01T00:00:00,M,66,176.24376988019503,41400.0,31000.0,0.004257095890825967,41654.26784732655,7867.662591644093,0.004231109535430394,0.0,0.0
BC,FA,2039-01-01T00:00:00,M,67,203.0399217616905,41400.0,31400.0,0.004904345936272717,41654.26784732655,7867.662591644093,0.0048744086081619125,0.0,0.0
BC,FA,2039-01-01T00:00:00,M,68,245.31371238042993,41400.0,33000.0,0.005925451989865457,41654.26784732655,7867.662591644093,0.005889281580450937,0.0,0.0
BC,FA,2039-01-01T00:00:00,M,69,174.90144538527602,41400.0,32900.0,0.004224672593847247,41654.26784732655,7867.662591644093,0.004198884158193205,0.0,0.0
BC,FA,2039-01-01T00:00:00,M,70,100.30028191769816,41400.0,32199.999999999996,0.0024227121236158975,41654.26784732655,7867.662591644093,0.002407923295767054,0.0,0.0
BC,FA,2039-01-01T00:00:00,M,71,123.81477082771744,41400.0,31300.0,0.002990694947529407,41654.26784732655,7867.662591644093,0.002972439013489085,0.0,0.0
BC,FA,2039-01-01T00:00:00,M,72,153.64105904210737,41400.0,30700.0,0.003711136691838342,41654.26784732655,7867.662591644093,0.003688483005036622,0.0,0.0
BC,FA,2039-01-01T00:00:00,M,73,109.83970412852068,41400.0,31500.0,0.0026531329499642677,41654.26784732655,7867.662591644093,0.0026369375769875743,0.0,0.0
BC,FA,2039-01-01T00:00:00,M,74,180.61763277736463,41400.0,32800.0,0.004362744753076441,41654.26784732655,7867.662591644093,0.004336113491164316,0.0,0.0
BC,FA,2039-01-01T00:00:00,M,75,151.68140981467877,41400.0,33499.99999999999,0.0036638021694366855,41654.26784732655,7867.662591644093,0.0036414374241465386,0.0,0.0
BC,FA,2039-01-01T00:00:00,M,76,115.1491531403808,41400.0,33400.0,0.0027813805106372174,41654.26784732655,7867.662591644093,0.002764402283156954,0.0,0.0
BC,FA,2039-01-01T00:00:00,M,77,44.43660602338787,41400.0,31499.999999999996,0.001073347971579417,41654.26784732655,7867.662591644093,0.0010667959928202147,0.0,0.0
BC,FA,2039-01-01T00:00:00,M,78,101.80098349135733,41400.0,30799.999999999996,0.00245896095389752,41654.26784732655,7867.662591644093,0.002443950854315427,0.0,0.0
BC,FA,2039-01-01T00:00:00,M,79,50.50659642274695,41400.0,29499.999999999996,0.0012199660971678008,41654.26784732655,7867.662591644093,0.0012125191254799253,0.0,0.0
BC,FA,2039-01-01T00:00:00,M,80,-10.162714332611358,41400.0,27799.999999999996,-0.00024547619160897,41654.26784732655,7867.662591644093,0.0,0.001291706935094642,0.00036556526376299857
BC,FA,2039-01-01T00:00:00,M,81,-46.47777806143495,41400.0,26799.999999999996,-0.001122651643996013,41654.26784732655,7867.662591644093,0.0,0.0059074442402749965,0.001734245450053543
BC,FA,2039-01-01T00:00:00,M,82,-19.379930301638524,41400.0,24800.0,-0.00046811425849368414,41654.26784732655,7867.662591644093,0.0,0.002463238614505548,0.0007814488024854244
BC,FA,2039-01-01T00:00:00,M,83,29.398844601117162,41400.0,23400.0,0.0007101170193506561,41654.26784732655,7867.662591644093,0.0007057822912377522,0.0,0.0
BC,FA,2039-01-01T00:00:00,M,84,-35.27783334373089,41400.0,21599.999999999996,-0.0008521215783509877,41654.26784732655,7867.662591644093,0.0,0.004483902675388999,0.0016332330251727267
BC,FA,2039-01-01T00:00:00,M,85,-129.1462711703607,41400.0,19300.0,-0.003119475149042529,41654.26784732655,7867.662591644093,0.0,0.016414820750895117,0.006691516640951332
BC,FA,2039-01-01T00:00:00,M,86,-110.3505086109435,41400.0,17500.0,-0.0026654712224865582,41654.26784732655,7867.662591644093,0.0,0.01402583134769176,0.006305743349196772
BC,FA,2039-01-01T00:00:00,M,87,-205.8495827739971,41400.0,15500.0,-0.004972212144299447,41654.26784732655,7867.662591644093,0.0,0.026164007464252615,0.013280618243483684
BC,FA,2039-01-01T00:00:00,M,88,-106.27031041846931,41400.0,13800.0,-0.002566915710591046,41654.26784732655,7867.662591644093,0.0,0.013507227741481245,0.007700747131773138
BC,FA,2039-01-01T00:00:00,M,89,-195.87459850858977,41400.0,12200.0,-0.0047312704953765645,41654.26784732655,7867.662591644093,0.0,0.024896161499937706,0.016055294959720474
BC,FA,2039-01-01T00:00:00,M,90,-133.72858771608298,41400.0,10400.0,-0.0032301591235768838,41654.26784732655,7867.662591644093,0.0,0.0169972448816133,0.012858518049623364
BC,FA,2039-01-01T00:00:00,M,91,-233.8852316551547,41400.0,9000.0,-0.005649401730800838,41654.26784732655,7867.662591644093,0.0,0.029727410006569702,0.025987247961683856
BC,FA,2039-01-01T00:00:00,M,92,-175.62993566303794,41400.0,7600.0,-0.004242268977368066,41654.26784732655,7867.662591644093,0.0,0.022323013171607915,0.023109202060926044
BC,FA,2039-01-01T00:00:00,M,93,-192.14764415557693,41400.0,5200.0,-0.004641247443371423,41654.26784732655,7867.662591644093,0.0,0.024422456087485084,0.03695147002991864
BC,FA,2039-01-01T00:00:00,M,94,-103.17332991707963,41400.0,3999.9999999999995,-0.0024921094182869473,41654.26784732655,7867.662591644093,0.0,0.013113593613769813,0.02579333247926991
BC,FA,2039-01-01T00:00:00,M,95,-172.17586454181946,41400.0,3100.0,-0.004158837307773417,41654.26784732655,7867.662591644093,0.0,0.02188399191453381,0.055540601465103055
BC,FA,2039-01-01T00:00:00,M,96,-90.68371645414481,41400.0,2300.0,-0.0021904279336749954,41654.26784732655,7867.662591644093,0.0,0.011526131859093208,0.03942770280614992
BC,FA,2039-01-01T00:00:00,M,97,-96.38322343432378,41400.0,1599.9999999999998,-0.002328097184403956,41654.26784732655,7867.662591644093,0.0,0.01225055374599926,0.06023951464645237
BC,FA,2039-01-01T00:00:00,M,98,-85.66887397498112,41400.0,1100.0,-0.002069296472825631,41654.26784732655,7867.662591644093,0.0,0.010888732578080606,0.07788079452271011
BC,FA,2039-01-01T00:00:00,M,99,27.588744252618994,41400.0,799.9999999999999,0.0006663947887106037,41654.26784732655,7867.662591644093,0.0006623269517961217,0.0,0.0
BC,FA,2039-01-01T00:00:00,M,100,772.3229624656177,41400.0,1300.0,0.01865514402090864,41654.26784732655,7867.662591644093,0.018541268455284754,0.0,0.0
BC,FA,2040-01-01T00:00:00,F,1,251.94674469215533,41800.0,20400.0,0.006027434083544386,40270.36746086352,8253.080991827592,0.006256380574053814,0.0,0.0
BC,FA,2040-01-01T00:00:00,F,2,202.296725991142,41800.0,20400.0,0.004839634593089522,40270.36746086352,8253.080991827592,0.005023463622171879,0.0,0.0
BC,FA,2040-01-01T00:00:00,F,3,101.84646332983903,41800.0,20399.999999999996,0.0024365182614794027,40270.36746086352,8253.080991827592,0.0025290671466759724,0.0,0.0
BC,FA,2040-01-01T00:00:00,F,4,101.54629185499289,41800.0,20500.0,0.0024293371257175333,40270.36746086352,8253.080991827592,0.002521613242135919,0.0,0.0
BC,FA,2040-01-01T00:00:00,F,5,201.39848116047506,41800.0,20700.0,0.004818145482308016,40270.36746086352,8253.080991827592,0.005001158267458145,0.0,0.0
BC,FA,2040-01-01T00:00:00,F,6,301.2552190766655,41800.0,21000.0,0.007207062657336496,40270.36746086352,8253.080991827592,0.007480816244585757,0.0,0.0
BC,FA,2040-01-01T00:00:00,F,7,201.1142316284495,41800.0,21200.0,0.0048113452542691264,40270.36746086352,8253.080991827592,0.004994099739067466,0.0,0.0
BC,FA,2040-01-01T00:00:00,F,8,200.96869698953378,41800.0,21500.000000000004,0.0048078635643429134,40270.36746086352,8253.080991827592,0.004990485800380238,0.0,0.0
BC,FA,2040-01-01T00:00:00,F,9,100.98234060909817,41800.0,21700.0,0.002415845469117181,40270.36746086352,8253.080991827592,0.002507609117479178,0.0,0.0
BC,FA,2040-01-01T00:00:00,F,10,200.9914363554817,41800.0,22000.0,0.00480840756831296,40270.36746086352,8253.080991827592,0.004991050467836279,0.0,0.0
BC,FA,2040-01-01T00:00:00,F,11,101.00962784823423,41800.0,22300.0,0.0024164982738812016,40270.36746086352,8253.080991827592,0.00250828671842639,0.0,0.0
BC,FA,2040-01-01T00:00:00,F,12,201.18851373701546,41800.0,22600.0,0.004813122338206111,40270.36746086352,8253.080991827592,0.004995944323888754,0.0,0.0
BC,FA,2040-01-01T00:00:00,F,13,301.3764962821406,41800.0,23000.0,0.00720996402588853,40270.36746086352,8253.080991827592,0.007483827818929918,0.0,0.0
BC,FA,2040-01-01T00:00:00,F,14,401.57584950278033,41800.0,23500.000000000004,0.009607077739300965,40270.36746086352,8253.080991827592,0.009971993672346026,0.0,0.0
BC,FA,2040-01-01T00:00:00,F,15,702.1466273194201,41800.0,24300.0,0.016797766203813878,40270.36746086352,8253.080991827592,0.01743581376558822,0.0,0.0
BC,FA,2040-01-01T00:00:00,F,16,1303.157066026386,41800.0,25800.0,0.03117600636426761,40270.36746086352,8253.080991827592,0.03236019803625707,0.0,0.0
BC,FA,2040-01-01T00:00:00,F,17,1004.7299941867677,41800.0,26999.999999999996,0.024036602731740856,40270.36746086352,8253.080991827592,0.024949610781754294,0.0,0.0
BC,FA,2040-01-01T00:00:00,F,18,1506.2082075305188,41800.0,28799.999999999996,0.03603368917537127,40270.36746086352,8253.080991827592,0.03740239542125651,0.0,0.0
BC,FA,2040-01-01T00:00:00,F,19,2907.9957416448487,41800.0,32199.999999999996,0.06956927611590548,40270.36746086352,8253.080991827592,0.07221180051239821,0.0,0.0
BC,FA,2040-01-01T00:00:00,F,20,1510.132003817329,41800.0,34100.0,0.0361275598999361,40270.36746086352,8253.080991827592,0.037499831738186655,0.0,0.0
BC,FA,2040-01-01T00:00:00,F,21,411.8369573142845,41800.0,35100.0,0.009852558787423074,40270.36746086352,8253.080991827592,0.010226799090287057,0.0,0.0
BC,FA,2040-01-01T00:00:00,F,22,-386.9735669813672,41800.0,35400.0,-0.009257740836874813,40270.36746086352,8253.080991827592,0.0,0.046888376276030506,0.010931456694388903
BC,FA,2040-01-01T00:00:00,F,23,-186.1206532763681,41800.0,35700.0,-0.004452647207568615,40270.36746086352,8253.080991827592,0.0,0.022551657188469305,0.00521346367720919
BC,FA,2040-01-01T00:00:00,F,24,14.423704659071518,41800.0,35900.00000000001,0.00034506470476247653,40270.36746086352,8253.080991827592,0.00035817166737028405,0.0,0.0
BC,FA,2040-01-01T00:00:00,F,25,114.42370465906424,41800.0,36000.0,0.002737409202369958,40270.36746086352,8253.080991827592,0.0028413871507446792,0.0,0.0
BC,FA,2040-01-01T00:00:00,F,26,14.504059559672896,41800.0,36100.0,0.0003469870708055717,40270.36746086352,8253.080991827592,0.0003601670527036677,0.0,0.0
BC,FA,2040-01-01T00:00:00,F,27,14.859628061298281,41800.0,36300.0,0.00035549349428943254,40270.36746086352,8253.080991827592,0.0003689965847900322,0.0,0.0
BC,FA,2040-01-01T00:00:00,F,28,15.134842994702922,41800.0,36300.0,0.00036207758360533304,40270.36746086352,8253.080991827592,0.0003758307646288953,0.0,0.0
BC,FA,2040-01-01T00:00:00,F,29,215.5988566005326,41800.0,36300.0,0.005157867382787861,40270.36746086352,8253.080991827592,0.005353784189082974,0.0,0.0
BC,FA,2040-01-01T00:00:00,F,30,116.414622014403,41800.0,36800.0,0.0027850388041723204,40270.36746086352,8253.080991827592,0.0028908259187736427,0.0,0.0
BC,FA,2040-01-01T00:00:00,F,31,217.34339119713695,41800.0,37100.0,0.0051996026602185875,40270.36746086352,8253.080991827592,0.00539710474229868,0.0,0.0
BC,FA,2040-01-01T00:00:00,F,32,18.612600042259146,41800.0,37200.0,0.00044527751297270685,40270.36746086352,8253.080991827592,0.000462190966107962,0.0,0.0
BC,FA,2040-01-01T00:00:00,F,33,119.36936037040869,41800.0,36600.0,0.0028557263246509253,40270.36746086352,8253.080991827592,0.0029641984391231835,0.0,0.0
BC,FA,2040-01-01T00:00:00,F,34,220.4119898375502,41800.0,36100.0,0.005273014110946177,40270.36746086352,8253.080991827592,0.005473304658860044,0.0,0.0
BC,FA,2040-01-01T00:00:00,F,35,221.65175435310812,41800.0,35900.0,0.005302673549117419,40270.36746086352,8253.080991827592,0.0055040906832677615,0.0,0.0
BC,FA,2040-01-01T00:00:00,F,36,223.67859605418198,41800.0,36100.0,0.005351162585028277,40270.36746086352,8253.080991827592,0.005554421530212321,0.0,0.0
BC,FA,2040-01-01T00:00:00,F,37,125.22787803368556,41800.0,35500.0,0.0029958822496097023,40270.36746086352,8253.080991827592,0.0031096780568339094,0.0,0.0
BC,FA,2040-01-01T00:00:00,F,38,126.87728874376626,41800.0,35200.0,0.0030353418359752695,40270.36746086352,8253.080991827592,0.0031506364789710716,0.0,0.0
BC,FA,2040-01-01T00:00:00,F,39,129.89585847012495,41800.0,37300.0,0.003107556422730262,40270.36746086352,8253.080991827592,0.0032255940697924683,0.0,0.0
BC,FA,2040-01-01T00:00:00,F,40,32.568775050771364,41800.0,38700.0,0.0007791572978653437,40270.36746086352,8253.080991827592,0.0008087528648061905,0.0,0.0
BC,FA,2040-01-01T00:00:00,F,41,34.1787042231299,41800.0,39200.0,0.0008176723498356435,40270.36746086352,8253.080991827592,0.0008487308752855617,0.0,0.0
BC,FA,2040-01-01T00:00:00,F,42,35.72876786474808,41800.0,39600.0,0.0008547552120753129,40270.36746086352,8253.080991827592,0.0008872222956363842,0.0,0.0
BC,FA,2040-01-01T00:00:00,F,43,137.0233502948904,41800.0,39800.0,0.003278070581217474,40270.36746086352,8253.080991827592,0.003402585050361301,0.0,0.0
BC,FA,2040-01-01T00:00:00,F,44,39.887530261788925,41800.0,41100.0,0.0009542471354494958,40270.36746086352,8253.080991827592,0.0009904933273964622,0.0,0.0
BC,FA,2040-01-01T00:00:00,F,45,41.961066124196805,41800.0,41300.0,0.001003853256559732,40270.36746086352,8253.080991827592,0.0010419836909850992,0.0,0.0
BC,FA,2040-01-01T00:00:00,F,46,144.47454028113862,41800.0,41700.0,0.0034563287148597754,40270.36746086352,8253.080991827592,0.0035876141537954727,0.0,0.0
BC,FA,2040-01-01T00:00:00,F,47,47.468823457144026,41800.0,42300.0,0.0011356177860560772,40270.36746086352,8253.080991827592,0.0011787531738635432,0.0,0.0
BC,FA,2040-01-01T00:00:00,F,48,-48.69109207540896,41800.0,43000.00000000001,-0.0011648586620911234,40270.36746086352,8253.080991827592,0.0,0.005899747273003149,0.0011323509784978826
BC,FA,2040-01-01T00:00:00,F,49,-45.041791847317654,41800.0,43300.0,-0.0010775548288831974,40270.36746086352,8253.080991827592,0.0,0.005457572982976802,0.0010402261396609159
BC,FA,2040-01-01T00:00:00,F,50,59.180482694966486,41800.0,43600.0,0.0014158010214106816,40270.36746086352,8253.080991827592,0.0014695789094172193,0.0,0.0
BC,FA,2040-01-01T00:00:00,F,51,62.78679381118127,41800.0,42900.0,0.0015020764069660591,40270.36746086352,8253.080991827592,0.0015591313854337234,0.0,0.0
BC,FA,2040-01-01T00:00:00,F,52,66.72263396017661,41800.0,42299.99999999999,0.001596235262205182,40270.36746086352,8253.080991827592,0.0016568667774144485,0.0,0.0
BC,FA,2040-01-01T00:00:00,F,53,70.66879008031538,41800.0,41600.0,0.0016906409110123296,40270.36746086352,8253.080991827592,0.0017548583371878679,0.0,0.0
BC,FA,2040-01-01T00:00:00,F,54,76.53439595158852,41800.0,41700.0,0.0018309664103250843,40270.36746086352,8253.080991827592,0.0019005139703770508,0.0,0.0
BC,FA,2040-01-01T00:00:00,F,55,81.47257100709976,41800.0,41000.0,0.001949104569547841,40270.36746086352,8253.080991827592,0.002023139497951647,0.0,0.0
BC,FA,2040-01-01T00:00:00,F,56,87.4568411887085,41800.0,40600.00000000001,0.0020922689279595334,40270.36746086352,8253.080991827592,0.002171741821668323,0.0,0.0
BC,FA,2040-01-01T00:00:00,F,57,193.45130418770714,41800.0,40100.0,0.00462802163128486,40270.36746086352,8253.080991827592,0.004803812738379193,0.0,0.0
BC,FA,2040-01-01T00:00:00,F,58,100.33296863768919,41800.0,39599.99999999999,0.002400310254490172,40270.36746086352,8253.080991827592,0.002491483812140455,0.0,0.0
BC,FA,2040-01-01T00:00:00,F,59,205.47217868829466,41800.0,38400.0,0.004915602360963987,40270.36746086352,8253.080991827592,0.005102316955214809,0.0,0.0
BC,FA,2040-01-01T00:00:00,F,60,112.96665472762834,41800.0,37600.0,0.002702551548507855,40270.36746086352,8253.080991827592,0.002805205461246764,0.0,0.0
BC,FA,2040-01-01T00:00:00,F,61,217.72910292341112,41800.0,36100.0,0.005208830213478735,40270.36746086352,8253.080991827592,0.005406682795606711,0.0,0.0
BC,FA,2040-01-01T00:00:00,F,62,125.09360447666404,41800.0,35000.00000000001,0.002992669963556556,40270.36746086352,8253.080991827592,0.003106343755075873,0.0,0.0
BC,FA,2040-01-01T00:00:00,F,63,135.62169378208637,41800.0,34700.0,0.003244538128758047,40270.36746086352,8253.080991827592,0.0033677788988116233,0.0,0.0
BC,FA,2040-01-01T00:00:00,F,64,149.39930044442735,41800.0,34900.0,0.0035741459436465874,40270.36746086352,8253.080991827592,0.0037099065606893216,0.0,0.0
BC,FA,2040-01-01T00:00:00,F,65,161.3792872732738,41800.0,34400.00000000001,0.0038607484993606173,40270.36746086352,8253.080991827592,0.004007395448529472,0.0,0.0
BC,FA,2040-01-01T00:00:00,F,66,76.04343837471242,41800.0,34100.00000000001,0.001819221013749101,40270.36746086352,8253.080991827592,0.001888322435811263,0.0,0.0
BC,FA,2040-01-01T00:00:00,F,67,93.47148654229386,41800.0,34100.0,0.0022361599651266476,40270.36746086352,8253.080991827592,0.0023210984263586244,0.0,0.0
BC,FA,2040-01-01T00:00:00,F,68,14.855522879639466,41800.0,34300.00000000001,0.0003553952842019011,40270.36746086352,8253.080991827592,0.0003688946442834599,0.0,0.0
BC,FA,2040-01-01T00:00:00,F,69,149.96077821801737,41800.0,36300.00000000001,0.003587578426268358,40270.36746086352,8253.080991827592,0.003723849263698816,0.0,0.0
BC,FA,2040-01-01T00:00:00,F,70,75.73797170882608,41800.0,36200.0,0.0018119131987757435,40270.36746086352,8253.080991827592,0.0018807370402674252,0.0,0.0
BC,FA,2040-01-01T00:00:00,F,71,102.06760456506163,41800.0,35900.00000000001,0.002441808721652192,40270.36746086352,8253.080991827592,0.0025345585600691457,0.0,0.0
BC,FA,2040-01-01T00:00:00,F,72,22.22519228470628,41800.0,34500.0,0.000531703164705892,40270.36746086352,8253.080991827592,0.0005518994160235981,0.0,0.0
BC,FA,2040-01-01T00:00:00,F,73,46.73664019101852,41800.0,33500.00000000001,0.0011181014399765197,40270.36746086352,8253.080991827592,0.001160571485632437,0.0,0.0
BC,FA,2040-01-01T00:00:00,F,74,196.03810558481928,41800.0,34600.00000000001,0.00468990683217271,40270.36746086352,8253.080991827592,0.004868048591196432,0.0,0.0
BC,FA,2040-01-01T00:00:00,F,75,55.06388705975405,41800.0,35600.00000000001,0.00131731787224292,40270.36746086352,8253.080991827592,0.0013673549692157021,0.0,0.0
BC,FA,2040-01-01T00:00:00,F,76,25.938642044413427,41800.0,36899.99999999999,0.0006205416757036705,40270.36746086352,8253.080991827592,0.0006441123754239819,0.0,0.0
BC,FA,2040-01-01T00:00:00,F,77,-20.515069457673235,41800.0,36400.00000000001,-0.0004907911353510343,40270.36746086352,8253.080991827592,0.0,0.0024857467748090408,0.0005636008092767371
BC,FA,2040-01-01T00:00:00,F,78,-85.07242496821709,41800.0,34500.00000000001,-0.0020352254777085427,40270.36746086352,8253.080991827592,0.0,0.010307959542921965,0.0024658673903831035
BC,FA,2040-01-01T00:00:00,F,79,76.98330466889456,41800.0,34100.00000000001,0.0018417058533228363,40270.36746086352,8253.080991827592,0.0019116613411514125,0.0,0.0
BC,FA,2040-01-01T00:00:00,F,80,-60.258002399787074,41800.0,33100.00000000001,-0.001441579004779595,40270.36746086352,8253.080991827592,0.0,0.007301273604300753,0.0018204834561869202
BC,FA,2040-01-01T00:00:00,F,81,-205.560471128254,41800.0,31500.0,-0.004917714620293158,40270.36746086352,8253.080991827592,0.0,0.02490711909065295,0.006525729242166794
BC,FA,2040-01-01T00:00:00,F,82,-144.53650491038934,41800.0,30200.000000000004,-0.003457811122258118,40270.36746086352,8253.080991827592,0.0,0.017513036047206252,0.004785976983787726
BC,FA,2040-01-01T00:00:00,F,83,-94.68945434867783,41800.0,28400.0,-0.0022652979509253067,40270.36746086352,8253.080991827592,0.0,0.011473224901396425,0.0033341357165027406
BC,FA,2040-01-01T00:00:00,F,84,-137.03319354975247,41800.0,26699.999999999996,-0.0032783060657835517,40270.36746086352,8253.080991827592,0.0,0.01660388328739851,0.005132329346432677
BC,FA,2040-01-01T00:00:00,F,85,-177.8026997773959,41800.0,25000.000000000004,-0.00425365310472239,40270.36746086352,8253.080991827592,0.0,0.0215437967897638,0.007112107991095835
BC,FA,2040-01-01T00:00:00,F,86,-243.5446198918071,41800.0,22700.0,-0.0058264263132011265,40270.36746086352,8253.080991827592,0.0,0.029509539544440567,0.010728837880696347
BC,FA,2040-01-01T00:00:00,F,87,-25.731811121142528,41800.0,20500.0,-0.000615593567491448,40270.36746086352,8253.080991827592,0.0,0.0031178430390569065,0.0012552102985923185
BC,FA,2040-01-01T00:00:00,F,88,-296.7633818848735,41800.0,18200.0,-0.0070996024374371655,40270.36746086352,8253.080991827592,0.0,0.03595789041434781,0.016305680323344698
BC,FA,2040-01-01T00:00:00,F,89,-277.1460336369055,41800.0,16200.0,-0.0066302878860503706,40270.36746086352,8253.080991827592,0.0,0.03358091770956113,0.017107779854129968
BC,FA,2040-01-01T00:00:00,F,90,-241.09485301946006,41800.0,14600.000000000002,-0.005767819450226318,40270.36746086352,8253.080991827592,0.0,0.02921270895780597,0.01651334609722329
BC,FA,2040-01-01T00:00:00,F,91,-263.262000794115,41800.0,12400.000000000002,-0.006298133990289833,40270.36746086352,8253.080991827592,0.0,0.031898632892952784,0.021230806515654434
BC,FA,2040-01-01T00:00:00,F,92,-258.71138262737077,41800.0,10800.0,-0.006189267526970592,40270.36746086352,8253.080991827592,0.0,0.031347248728511606,0.023954757650682477
BC,FA,2040-01-01T00:00:00,F,93,-279.13992031715316,41800.0,9200.000000000002,-0.006677988524333807,40270.36746086352,8253.080991827592,0.0,0.033822510719762056,0.030341295686647077
BC,FA,2040-01-01T00:00:00,F,94,-207.569700337237,41800.0,6400.000000000001,-0.004965782304718589,40270.36746086352,8253.080991827592,0.0,0.02515057110705417,0.03243276567769328
BC,FA,2040-01-01T00:00:00,F,95,-213.6510720270262,41800.0,4900.0,-0.00511126966571833,40270.36746086352,8253.080991827592,0.0,0.025887431886175462,0.04360225959735228
BC,FA,2040-01-01T00:00:00,F,96,-191.0667692807615,41800.0,3900.0,-0.0045709753416450115,40270.36746086352,8253.080991827592,0.0,0.023150962588391003,0.04899147930275936
BC,FA,2040-01-01T00:00:00,F,97,-194.56983795316273,41800.0,2900.0,-0.004654780812276621,40270.36746086352,8253.080991827592,0.0,0.023575418458370963,0.06709304757005612
BC,FA,2040-01-01T00:00:00,F,98,-112.3736769737202,41800.0,2100.0000000000005,-0.002688365477840196,40270.36746086352,8253.080991827592,0.0,0.01361596682317736,0.053511274749390554
BC,FA,2040-01-01T00:00:00,F,99,-102.92197189765102,41800.0,1500.0,-0.0024622481315227517,40270.36746086352,8253.080991827592,0.0,0.012470733293368494,0.06861464793176734
BC,FA,2040-01-01T00:00:00,F,100,1704.2736574718585,41800.0,2800.0000000000005,0.04077209706870475,40270.36746086352,8253.080991827592,0.04232078734141538,0.0,0.0
BC,FA,2040-01-01T00:00:00,M,1,354.45883678113023,41800.0,21500.0,0.00847987647801747,40270.36746086352,8253.080991827592,0.008801976717138442,0.0,0.0
BC,FA,2040-01-01T00:00:00,M,2,203.5217916583788,41800.0,21500.0,0.0048689423841717415,40270.36746086352,8253.080991827592,0.005053884642502208,0.0,0.0
BC,FA,2040-01-01T00:00:00,M,3,302.4613956509311,41800.0,21700.000000000004,0.007235918556242371,40270.36746086352,8253.080991827592,0.007510768208034757,0.0,0.0
BC,FA,2040-01-01T00:00:00,M,4,201.70800053943094,41800.0,21800.0,0.004825550252139496,40270.36746086352,8253.080991827592,0.005008844300600422,0.0,0.0
BC,FA,2040-01-01T00:00:00,M,5,301.41038645351,41800.0,22100.0,0.007210774795538517,40270.36746086352,8253.080991827592,0.007484669384912706,0.0,0.0
BC,FA,2040-01-01T00:00:00,M,6,401.11205686746325,41800.0,22500.0,0.009595982221709647,40270.36746086352,8253.080991827592,0.009960476701815081,0.0,0.0
BC,FA,2040-01-01T00:00:00,M,7,300.970441208734,41800.0,22800.0,0.007200249789682631,40270.36746086352,8253.080991827592,0.007473744596476057,0.0,0.0
BC,FA,2040-01-01T00:00:00,M,8,300.98769349688155,41800.0,23199.999999999996,0.007200662523848841,40270.36746086352,8253.080991827592,0.007474173007966574,0.0,0.0
BC,FA,2040-01-01T00:00:00,M,9,201.00494578504367,41800.0,23500.0,0.0048087307604077435,40270.36746086352,8253.080991827592,0.004991385936082876,0.0,0.0
BC,FA,2040-01-01T00:00:00,M,10,301.017885001158,41800.0,23900.0,0.0072013848086401435,40270.36746086352,8253.080991827592,0.007474922728075431,0.0,0.0
BC,FA,2040-01-01T00:00:00,M,11,201.03945036136065,41800.0,24300.0,0.004809556228740686,40270.36746086352,8253.080991827592,0.004992242759064453,0.0,0.0
BC,FA,2040-01-01T00:00:00,M,12,301.40319399406144,41800.0,24700.0,0.007210602727130656,40270.36746086352,8253.080991827592,0.007484490780646043,0.0,0.0
BC,FA,2040-01-01T00:00:00,M,13,201.6044763324353,41800.0,25000.0,0.004823073596469744,40270.36746086352,8253.080991827592,0.005006273571463266,0.0,0.0
BC,FA,2040-01-01T00:00:00,M,14,402.17382498062216,41800.0,25599.999999999996,0.009621383372742157,40270.36746086352,8253.080991827592,0.009986842691998577,0.0,0.0
BC,FA,2040-01-01T00:00:00,M,15,702.9559751508823,41800.0,26400.0,0.01681712859212637,40270.36746086352,8253.080991827592,0.017455911616253445,0.0,0.0
BC,FA,2040-01-01T00:00:00,M,16,1204.5893409198652,41800.0,27800.0,0.028817926816264716,40270.36746086352,8253.080991827592,0.029912549024801848,0.0,0.0
BC,FA,2040-01-01T00:00:00,M,17,1006.843946445344,41800.0,29000.000000000004,0.02408717575228096,40270.36746086352,8253.080991827592,0.025002104771550408,0.0,0.0
BC,FA,2040-01-01T00:00:00,M,18,1509.4790152447094,41800.0,30800.000000000004,0.03611193816374903,40270.36746086352,8253.080991827592,0.0374836166248467,0.0,0.0
BC,FA,2040-01-01T00:00:00,M,19,3112.867739093166,41800.0,34500.0,0.0744705200739992,40270.36746086352,8253.080991827592,0.0772992136741336,0.0,0.0
BC,FA,2040-01-01T00:00:00,M,20,1917.41279975434,41800.0,37000.0,0.04587111961134785,40270.36746086352,8253.080991827592,0.047613491523705725,0.0,0.0
BC,FA,2040-01-01T00:00:00,M,21,521.7230551799876,41800.0,37800.0,0.012481412803348985,40270.36746086352,8253.080991827592,0.012955507686564335,0.0,0.0
BC,FA,2040-01-01T00:00:00,M,22,-174.3223139691181,41800.0,38200.0,-0.004170390286342539,40270.36746086352,8253.080991827592,0.0,0.0211220893314553,0.004563411360448118
BC,FA,2040-01-01T00:00:00,M,23,-370.9103773426614,41800.0,38500.0,-0.008873454003412952,40270.36746086352,8253.080991827592,0.0,0.044942049849013496,0.009634035775134062
BC,FA,2040-01-01T00:00:00,M,24,-268.6359679884772,41800.0,38299.99999999999,-0.006426697798767397,40270.36746086352,8253.080991827592,0.0,0.03254977968282237,0.007013993942257892
BC,FA,2040-01-01T00:00:00,M,25,-266.79892419764656,41800.0,38500.0,-0.006382749382718817,40270.36746086352,8253.080991827592,0.0,0.032327190834772805,0.006929842186951859
BC,FA,2040-01-01T00:00:00,M,26,-65.66364628228621,41800.0,38100.0,-0.001570900628762828,40270.36746086352,8253.080991827592,0.0,0.007956258559355955,0.001723455282999638
BC,FA,2040-01-01T00:00:00,M,27,36.259903432459396,41800.0,38200.0,0.0008674618046042918,40270.36746086352,8253.080991827592,0.0009004115362915011,0.0,0.0
BC,FA,2040-01-01T00:00:00,M,28,37.78370136646845,41800.0,37800.0,0.0009039163006332165,40270.36746086352,8253.080991827592,0.0009382507225241558,0.0,0.0
BC,FA,2040-01-01T00:00:00,M,29,139.80542010306817,41800.0,37500.0,0.0033446272751930183,40270.36746086352,8253.080991827592,0.003471669838596261,0.0,0.0
BC,FA,2040-01-01T00:00:00,M,30,43.06430149055814,41800.0,37900.0,0.0010302464471425392,40270.36746086352,8253.080991827592,0.0010693794024206479,0.0,0.0
BC,FA,2040-01-01T00:00:00,M,31,146.33657202433096,41800.0,38000.0,0.0035008749288117456,40270.36746086352,8253.080991827592,0.0036338524143477748,0.0,0.0
BC,FA,2040-01-01T00:00:00,M,32,49.21637960424414,41800.0,37600.0,0.001177425349383831,40270.36746086352,8253.080991827592,0.0012221487586889974,0.0,0.0
BC,FA,2040-01-01T00:00:00,M,33,51.082129926209745,41800.0,36800.0,0.0012220605245504724,40270.36746086352,8253.080991827592,0.0012684793595651583,0.0,0.0
BC,FA,2040-01-01T00:00:00,M,34,252.82140847016854,41800.0,36200.0,0.006048359054310252,40270.36746086352,8253.080991827592,0.006278100360416906,0.0,0.0
BC,FA,2040-01-01T00:00:00,M,35,154.58910464806104,41800.0,35900.0,0.003698303938948829,40270.36746086352,8253.080991827592,0.003838780582230778,0.0,0.0
BC,FA,2040-01-01T00:00:00,M,36,256.5502071173396,41800.0,36100.0,0.006137564763572718,40270.36746086352,8253.080991827592,0.00637069446576732,0.0,0.0
BC,FA,2040-01-01T00:00:00,M,37,157.6149890495435,41800.0,35700.0,0.0037706935179316627,40270.36746086352,8253.080991827592,0.003913919812197407,0.0,0.0
BC,FA,2040-01-01T00:00:00,M,38,158.82687522972265,41800.0,35200.0,0.0037996860102804462,40270.36746086352,8253.080991827592,0.003944013557464492,0.0,0.0
BC,FA,2040-01-01T00:00:00,M,39,164.5822267914118,41800.0,37200.0,0.0039373738466844934,40270.36746086352,8253.080991827592,0.004086931338566998,0.0,0.0
BC,FA,2040-01-01T00:00:00,M,40,170.69701984949643,41800.0,39100.0,0.0040836607619496755,40270.36746086352,8253.080991827592,0.004238774826561669,0.0,0.0
BC,FA,2040-01-01T00:00:00,M,41,175.29882884805556,41800.0,39900.0,0.0041937518863171186,40270.36746086352,8253.080991827592,0.004353047660129214,0.0,0.0
BC,FA,2040-01-01T00:00:00,M,42,80.21502706065075,41800.0,40400.0,0.0019190197861399703,40270.36746086352,8253.080991827592,0.0019919119719631856,0.0,0.0
BC,FA,2040-01-01T00:00:00,M,43,86.16491136908007,41800.0,41300.0,0.0020613615160067003,40270.36746086352,8253.080991827592,0.0021396604203529766,0.0,0.0
BC,FA,2040-01-01T00:00:00,M,44,92.38100083056634,41800.0,42100.0,0.0022100717902049363,40270.36746086352,8253.080991827592,0.002294019316321019,0.0,0.0
BC,FA,2040-01-01T00:00:00,M,45,-1.4599433526891517,41800.0,42700.0,-3.492687446624765e-05,40270.36746086352,8253.080991827592,0.0,0.00017689676790217184,3.4190710835811514e-05
BC,FA,2040-01-01T00:00:00,M,46,104.26491522930155,41800.0,43000.0,0.002494375962423482,40270.36746086352,8253.080991827592,0.0025891225187013923,0.0,0.0
BC,FA,2040-01-01T00:00:00,M,47,10.35040691314498,41800.0,43100.0,0.0002476173902666263,40270.36746086352,8253.080991827592,0.00025702290705948864,0.0,0.0
BC,FA,2040-01-01T00:00:00,M,48,17.070082061487483,41800.0,43399.99999999999,0.00040837516893510727,40270.36746086352,8253.080991827592,0.00042388692077560317,0.0,0.0
BC,FA,2040-01-01T00:00:00,M,49,24.219354149819992,41800.0,43600.0,0.00057941038635933,40270.36746086352,8253.080991827592,0.000601418752221653,0.0,0.0
BC,FA,2040-01-01T00:00:00,M,50,31.446127048577182,41800.0,43700.0,0.0007522996901573488,40270.36746086352,8253.080991827592,0.0007808750957919091,0.0,0.0
BC,FA,2040-01-01T00:00:00,M,51,36.48157187308243,41800.0,42900.0,0.0008727648773464696,40270.36746086352,8253.080991827592,0.0009059160413308073,0.0,0.0
BC,FA,2040-01-01T00:00:00,M,52,40.1689096746195,41800.0,41600.0,0.0009609787003497488,40270.36746086352,8253.080991827592,0.0009974805845428994,0.0,0.0
BC,FA,2040-01-01T00:00:00,M,53,46.803162493233685,41800.0,41100.0,0.001119692882613246,40270.36746086352,8253.080991827592,0.0011622233777409412,0.0,0.0
BC,FA,2040-01-01T00:00:00,M,54,-43.908578068942006,41800.0,41100.0,-0.001050444451410096,40270.36746086352,8253.080991827592,0.0,0.005320265015261741,0.0010683352328209733
BC,FA,2040-01-01T00:00:00,M,55,62.996430360326485,41800.0,40400.0,0.0015070916354145093,40270.36746086352,8253.080991827592,0.0015643371126809094,0.0,0.0
BC,FA,2040-01-01T00:00:00,M,56,69.22688268096681,41800.0,39400.0,0.0016561455186834165,40270.36746086352,8253.080991827592,0.0017190526693913206,0.0,0.0
BC,FA,2040-01-01T00:00:00,M,57,175.31677791209222,41800.0,38400.0,0.004194181289762971,40270.36746086352,8253.080991827592,0.004353493374066493,0.0,0.0
BC,FA,2040-01-01T00:00:00,M,58,82.8418211702301,41800.0,37400.0,0.0019818617504839737,40270.36746086352,8253.080991827592,0.002057140930008631,0.0,0.0
BC,FA,2040-01-01T00:00:00,M,59,89.8248460695686,41800.0,36300.0,0.0021489197624298705,40270.36746086352,8253.080991827592,0.0022305444855169067,0.0,0.0
BC,FA,2040-01-01T00:00:00,M,60,96.22104090629,41800.0,35000.0,0.00230193877766244,40270.36746086352,8253.080991827592,0.0023893757860491776,0.0,0.0
BC,FA,2040-01-01T00:00:00,M,61,200.8229798300017,41800.0,33500.0,0.004804377507894778,40270.36746086352,8253.080991827592,0.004986867329312804,0.0,0.0
BC,FA,2040-01-01T00:00:00,M,62,208.73904606236465,41800.0,32400.0,0.00499375708283169,40270.36746086352,8253.080991827592,0.0051834403116690275,0.0,0.0
BC,FA,2040-01-01T00:00:00,M,63,222.57917139720666,41800.0,32100.0,0.005324860559741787,40270.36746086352,8253.080991827592,0.005527120446902271,0.0,0.0
BC,FA,2040-01-01T00:00:00,M,64,236.01623072508664,41800.0,31599.999999999996,0.005646321309212599,40270.36746086352,8253.080991827592,0.005860791584642415,0.0,0.0
BC,FA,2040-01-01T00:00:00,M,65,153.9497696313847,41800.0,31399.999999999996,0.0036830088428560933,40270.36746086352,8253.080991827592,0.0038229045161060357,0.0,0.0
BC,FA,2040-01-01T00:00:00,M,66,270.1060754358805,41800.0,30999.999999999996,0.00646186783339427,40270.36746086352,8253.080991827592,0.006707315886759197,0.0,0.0
BC,FA,2040-01-01T00:00:00,M,67,192.5483851124627,41800.0,30900.0,0.0046064206964703995,40270.36746086352,8253.080991827592,0.004781391312100381,0.0,0.0
BC,FA,2040-01-01T00:00:00,M,68,221.3431029911626,41800.0,31300.0,0.005295289545243124,40270.36746086352,8253.080991827592,0.0054964262048582836,0.0,0.0
BC,FA,2040-01-01T00:00:00,M,69,166.66042097771424,41800.0,32799.99999999999,0.003987091410950101,40270.36746086352,8253.080991827592,0.00413853737837585,0.0,0.0
BC,FA,2040-01-01T00:00:00,M,70,197.52796039437817,41800.0,32700.0,0.0047255492917315355,40270.36746086352,8253.080991827592,0.004905044896507199,0.0,0.0
BC,FA,2040-01-01T00:00:00,M,71,223.6656685866692,41800.0,31999.999999999996,0.005350853315470555,40270.36746086352,8253.080991827592,0.005554100513337434,0.0,0.0
BC,FA,2040-01-01T00:00:00,M,72,149.34881550270438,41800.0,31000.0,0.0035729381699211573,40270.36746086352,8253.080991827592,0.003708652910799684,0.0,0.0
BC,FA,2040-01-01T00:00:00,M,73,81.37243449098241,41800.0,30299.999999999996,0.001946708959114412,40270.36746086352,8253.080991827592,0.0020206528924789093,0.0,0.0
BC,FA,2040-01-01T00:00:00,M,74,140.47442108931136,41800.0,31100.0,0.0033606320834763483,40270.36746086352,8253.080991827592,0.0034882825746705803,0.0,0.0
BC,FA,2040-01-01T00:00:00,M,75,116.81757319967073,41800.0,32299.999999999996,0.002794678784681118,40270.36746086352,8253.080991827592,0.002900832064996653,0.0,0.0
BC,FA,2040-01-01T00:00:00,M,76,91.36055130075692,41800.0,32900.0,0.0021856591220276774,40270.36746086352,8253.080991827592,0.0022686793555967686,0.0,0.0
BC,FA,2040-01-01T00:00:00,M,77,157.6660316051566,41800.0,32799.99999999999,0.003771914631702311,40270.36746086352,8253.080991827592,0.0039151873088415015,0.0,0.0
BC,FA,2040-01-01T00:00:00,M,78,86.76602319942322,41800.0,30799.999999999996,0.002075742181804383,40270.36746086352,8253.080991827592,0.002154587322396454,0.0,0.0
BC,FA,2040-01-01T00:00:00,M,79,48.3726183357976,41800.0,29999.999999999996,0.0011572396731052057,40270.36746086352,8253.080991827592,0.001201196348228215,0.0,0.0
BC,FA,2040-01-01T00:00:00,M,80,-2.4139021750852407,41800.0,28599.999999999996,-5.774885586328327e-05,40270.36746086352,8253.080991827592,0.0,0.0002924849734875433,8.440217395402941e-05
BC,FA,2040-01-01T00:00:00,M,81,35.8015324175758,41800.0,26900.0,0.0008564959908510957,40270.36746086352,8253.080991827592,0.0008890291962786104,0.0,0.0
BC,FA,2040-01-01T00:00:00,M,82,-0.23069169645532384,41800.0,25800.0,-5.518940106586695e-06,40270.36746086352,8253.080991827592,0.0,2.7952191028266965e-05,8.941538622299373e-06
BC,FA,2040-01-01T00:00:00,M,83,-73.01428015197962,41800.0,23700.0,-0.001746753113683723,40270.36746086352,8253.080991827592,0.0,0.0088469118653119,0.0030807713144295197
BC,FA,2040-01-01T00:00:00,M,84,-122.581100246407,41800.0,22200.0,-0.002932562206851842,40270.36746086352,8253.080991827592,0.0,0.014852768362238283,0.0055216711822705855
BC,FA,2040-01-01T00:00:00,M,85,-92.2725454858446,41800.0,20399.999999999996,-0.0022074771647331245,40270.36746086352,8253.080991827592,0.0,0.011180375616962343,0.004523163994404148
BC,FA,2040-01-01T00:00:00,M,86,-95.77940169303838,41800.0,18099.999999999996,-0.0022913732462449374,40270.36746086352,8253.080991827592,0.0,0.011605290410681968,0.005291679651549083
BC,FA,2040-01-01T00:00:00,M,87,-180.77741222300938,41800.0,16199.999999999998,-0.004324818474234674,40270.36746086352,8253.080991827592,0.0,0.021904233388963433,0.011159099519938851
BC,FA,2040-01-01T00:00:00,M,88,-189.99167039938402,41800.0,14200.0,-0.004545255272712536,40270.36746086352,8253.080991827592,0.0,0.02302069622090448,0.01337969509854817
BC,FA,2040-01-01T00:00:00,M,89,-291.30081981806507,41800.0,12399.999999999998,-0.006968919134403471,40270.36746086352,8253.080991827592,0.0,0.03529600886099609,0.023492001598231057
BC,FA,2040-01-01T00:00:00,M,90,-198.19588923330593,41800.0,10899.999999999998,-0.004741528450557558,40270.36746086352,8253.080991827592,0.0,0.024014775746120084,0.018183109103973024
BC,FA,2040-01-01T00:00:00,M,91,-242.13119655536684,41800.0,9100.0,-0.005792612357783895,40270.36746086352,8253.080991827592,0.0,0.029338279461346768,0.02660782379729306
BC,FA,2040-01-01T00:00:00,M,92,-170.19162529114237,41800.0,7799.999999999999,-0.004071569983041683,40270.36746086352,8253.080991827592,0.0,0.020621586709214462,0.02181943913989005
BC,FA,2040-01-01T00:00:00,M,93,-226.33419698950638,41800.0,6399.999999999999,-0.0054146937078829276,40270.36746086352,8253.080991827592,0.0,0.02742420645255126,0.03536471827961038
BC,FA,2040-01-01T00:00:00,M,94,-157.54959882650382,41800.0,4299.999999999999,-0.0037691291585287994,40270.36746086352,8253.080991827592,0.0,0.019089791919225486,0.03663944158755904
BC,FA,2040-01-01T00:00:00,M,95,-166.50033052718163,41800.0,3200.0,-0.003983261495865589,40270.36746086352,8253.080991827592,0.0,0.020174324072677153,0.05203135328974426
BC,FA,2040-01-01T00:00:00,M,96,-164.21940393816067,41800.0,2399.9999999999995,-0.003928693874118676,40270.36746086352,8253.080991827592,0.0,0.019897951334874195,0.0684247516409003
BC,FA,2040-01-01T00:00:00,M,97,-64.83657998491071,41800.0,1800.0,-0.001551114353705998,40270.36746086352,8253.080991827592,0.0,0.00785604552398232,0.03602032221383929
BC,FA,2040-01-01T00:00:00,M,98,-69.83102351860475,41800.0,1199.9999999999998,-0.0016705986487704485,40270.36746086352,8253.080991827592,0.0,0.008461206619413185,0.058192519598837304
BC,FA,2040-01-01T00:00:00,M,99,-53.38761538882363,41800.0,799.9999999999999,-0.00127721567915846,40270.36746086352,8253.080991827592,0.0,0.006468810307531138,0.06673451923602955
BC,FA,2040-01-01T00:00:00,M,100,794.0718163886509,41800.0,1400.0,0.018996933406427056,40270.36746086352,8253.080991827592,0.01971851429367671,0.0,0.0
BC,FA,2041-01-01T00:00:00,F,1,251.61498768166348,42300.0,20600.0,0.005948344862450673,42129.291267873916,8878.576173568306,0.005972447674986995,0.0,0.0
BC,FA,2041-01-01T00:00:00,F,2,202.28196729691263,42300.0,20600.0,0.004782079605127958,42129.291267873916,8878.576173568306,0.004801456687479683,0.0,0.0
BC,FA,2041-01-01T00:00:00,F,3,201.82555991048503,42300.0,20599.999999999996,0.004771289832399173,42129.291267873916,8878.576173568306,0.0047906231943756665,0.0,0.0
BC,FA,2041-01-01T00:00:00,F,4,201.52129218826303,42300.0,20600.0,0.004764096742039315,42129.291267873916,8878.576173568306,0.004783400957469583,0.0,0.0
BC,FA,2041-01-01T00:00:00,F,5,201.37587105386046,42300.0,20700.0,0.004760658890162186,42129.291267873916,8878.576173568306,0.004779949175347783,0.0,0.0
BC,FA,2041-01-01T00:00:00,F,6,301.2349250250845,42300.0,21000.0,0.007121393026597742,42129.291267873916,8878.576173568306,0.007150249053792985,0.0,0.0
BC,FA,2041-01-01T00:00:00,F,7,201.09621689046253,42300.0,21200.0,0.0047540476806255914,42129.291267873916,8878.576173568306,0.0047733111770577145,0.0,0.0
BC,FA,2041-01-01T00:00:00,F,8,200.94856077473742,42300.0,21400.0,0.004750556992310577,42129.291267873916,8878.576173568306,0.004769806344403724,0.0,0.0
BC,FA,2041-01-01T00:00:00,F,9,100.96198380456553,42300.0,21600.0,0.002386808127767507,42129.291267873916,8878.576173568306,0.0023964795221123273,0.0,0.0
BC,FA,2041-01-01T00:00:00,F,10,200.97093249112368,42300.0,21900.0,0.00475108587449465,42129.291267873916,8878.576173568306,0.0047703373696290005,0.0,0.0
BC,FA,2041-01-01T00:00:00,F,11,200.9843555209518,42300.0,22200.0,0.004751403203805007,42129.291267873916,8878.576173568306,0.00477065598476408,0.0,0.0
BC,FA,2041-01-01T00:00:00,F,12,201.16407793606413,42300.0,22500.0,0.004755651960663455,42129.291267873916,8878.576173568306,0.004774921957670427,0.0,0.0
BC,FA,2041-01-01T00:00:00,F,13,201.34827563125145,42300.0,22800.0,0.004760006516105236,42129.291267873916,8878.576173568306,0.004779294157858085,0.0,0.0
BC,FA,2041-01-01T00:00:00,F,14,301.5436602067675,42300.0,23299.999999999996,0.007128691730656443,42129.291267873916,8878.576173568306,0.0071575773323467335,0.0,0.0
BC,FA,2041-01-01T00:00:00,F,15,702.102973426292,42300.0,24200.0,0.016598179040810686,42129.291267873916,8878.576173568306,0.016665435194768805,0.0,0.0
BC,FA,2041-01-01T00:00:00,F,16,1303.0806715189537,42300.0,25600.0,0.030805689634017818,42129.291267873916,8878.576173568306,0.03093051490549593,0.0,0.0
BC,FA,2041-01-01T00:00:00,F,17,1004.617733626892,42300.0,26800.0,0.023749828218129834,42129.291267873916,8878.576173568306,0.02384606299781199,0.0,0.0
BC,FA,2041-01-01T00:00:00,F,18,1506.040732089492,42300.0,28500.000000000004,0.035603799812990354,42129.291267873916,8878.576173568306,0.03574806712302652,0.0,0.0
BC,FA,2041-01-01T00:00:00,F,19,2907.732255056497,42300.0,31700.000000000004,0.06874071524956257,42129.291267873916,8878.576173568306,0.06901925400472653,0.0,0.0
BC,FA,2041-01-01T00:00:00,F,20,1609.8459229639448,42300.0,33800.0,0.038057823237918315,42129.291267873916,8878.576173568306,0.03821203430002982,0.0,0.0
BC,FA,2041-01-01T00:00:00,F,21,411.44426790074067,42300.0,34500.0,0.009726814843989141,42129.291267873916,8878.576173568306,0.009766228092578698,0.0,0.0
BC,FA,2041-01-01T00:00:00,F,22,-387.43470207432256,42300.0,34700.0,-0.009159212814995805,42129.291267873916,8878.576173568306,0.0,0.043637030814436574,0.011165265189461746
BC,FA,2041-01-01T00:00:00,F,23,-86.53516028265585,42300.0,35300.0,-0.0020457484700391456,42129.291267873916,8878.576173568306,0.0,0.009746513246152317,0.0024514209711800523
BC,FA,2041-01-01T00:00:00,F,24,14.111528090958018,42300.0,35700.0,0.0003336058650344685,42129.291267873916,8878.576173568306,0.0003349576426821805,0.0,0.0
BC,FA,2041-01-01T00:00:00,F,25,114.19058427073469,42300.0,36000.0,0.0026995409993081487,42129.291267873916,8878.576173568306,0.0027104795935129294,0.0,0.0
BC,FA,2041-01-01T00:00:00,F,26,14.2301123606303,42300.0,36000.0,0.00033640927566501894,42129.291267873916,8878.576173568306,0.0003377724127887621,0.0,0.0
BC,FA,2041-01-01T00:00:00,F,27,14.538915925215406,42300.0,36100.0,0.0003437095963407897,42129.291267873916,8878.576173568306,0.00034510231451014684,0.0,0.0
BC,FA,2041-01-01T00:00:00,F,28,114.89023261870898,42300.0,36400.0,0.0027160811493784627,42129.291267873916,8878.576173568306,0.002727086764602651,0.0,0.0
BC,FA,2041-01-01T00:00:00,F,29,215.43177411615034,42300.0,36500.0,0.0050929497426985895,42129.291267873916,8878.576173568306,0.005113586477074914,0.0,0.0
BC,FA,2041-01-01T00:00:00,F,30,115.9733211227067,42300.0,36400.0,0.0027416860785509857,42129.291267873916,8878.576173568306,0.002752795445461083,0.0,0.0
BC,FA,2041-01-01T00:00:00,F,31,317.01685928961524,42300.0,37100.0,0.007494488399281684,42129.291267873916,8878.576173568306,0.007524856216400664,0.0,0.0
BC,FA,2041-01-01T00:00:00,F,32,118.26258132384828,42300.0,37200.0,0.002795805705055515,42129.291267873916,8878.576173568306,0.0028071343657763005,0.0,0.0
BC,FA,2041-01-01T00:00:00,F,33,119.421810653781,42300.0,37300.0,0.002823210653753688,42129.291267873916,8878.576173568306,0.002834650359875558,0.0,0.0
BC,FA,2041-01-01T00:00:00,F,34,220.47371283169196,42300.0,36800.0,0.005212144511387517,42129.291267873916,8878.576173568306,0.005233264225354207,0.0,0.0
BC,FA,2041-01-01T00:00:00,F,35,221.54055904826964,42300.0,36300.0,0.005237365462134034,42129.291267873916,8878.576173568306,0.0052585873718983605,0.0,0.0
BC,FA,2041-01-01T00:00:00,F,36,223.29599234440684,42300.0,36100.0,0.005278865067243661,42129.291267873916,8878.576173568306,0.005300255134239186,0.0,0.0
BC,FA,2041-01-01T00:00:00,F,37,225.3110581450601,42300.0,36300.0,0.005326502556620806,42129.291267873916,8878.576173568306,0.005348085651677534,0.0,0.0
BC,FA,2041-01-01T00:00:00,F,38,126.74439052432717,42300.0,35600.0,0.002996321288991186,42129.291267873916,8878.576173568306,0.003008462442874687,0.0,0.0
BC,FA,2041-01-01T00:00:00,F,39,127.8315267095386,42300.0,35300.00000000001,0.0030220219080269173,42129.291267873916,8878.576173568306,0.00303426720133357,0.0,0.0
BC,FA,2041-01-01T00:00:00,F,40,130.88345184863283,42300.0,37400.00000000001,0.003094171438501958,42129.291267873916,8878.576173568306,0.003106709083151352,0.0,0.0
BC,FA,2041-01-01T00:00:00,F,41,133.1976429006245,42300.0,38800.00000000001,0.003148880446823274,42129.291267873916,8878.576173568306,0.003161639773470284,0.0,0.0
BC,FA,2041-01-01T00:00:00,F,42,134.79652628732583,42300.0,39300.0,0.003186679108447419,42129.291267873916,8878.576173568306,0.00319959159602849,0.0,0.0
BC,FA,2041-01-01T00:00:00,F,43,136.3335287077498,42300.0,39700.0,0.003223014863067371,42129.291267873916,8878.576173568306,0.003236074583854018,0.0,0.0
BC,FA,2041-01-01T00:00:00,F,44,138.0019468699902,42300.0,39900.0,0.0032624573728130073,42129.291267873916,8878.576173568306,0.003275676915439232,0.0,0.0
BC,FA,2041-01-01T00:00:00,F,45,141.0833692877277,42300.0,41200.0,0.0033353042384805603,42129.291267873916,8878.576173568306,0.0033488189580656944,0.0,0.0
BC,FA,2041-01-01T00:00:00,F,46,143.44065156271245,42300.0,41400.0,0.003391031951837174,42129.291267873916,8878.576173568306,0.003404772481233133,0.0,0.0
BC,FA,2041-01-01T00:00:00,F,47,146.03971960311173,42300.0,41800.00000000001,0.003452475640735502,42129.291267873916,8878.576173568306,0.0034664651411896808,0.0,0.0
BC,FA,2041-01-01T00:00:00,F,48,49.543292194473906,42300.0,42300.0,0.0011712362220915816,42129.291267873916,8878.576173568306,0.0011759820947249973,0.0,0.0
BC,FA,2041-01-01T00:00:00,F,49,53.57236480221036,42300.0,43000.00000000001,0.0012664861655368878,42129.291267873916,8878.576173568306,0.0012716179928491335,0.0,0.0
BC,FA,2041-01-01T00:00:00,F,50,57.824259013301344,42300.0,43300.0,0.0013670037591797008,42129.291267873916,8878.576173568306,0.0013725428857948951,0.0,0.0
BC,FA,2041-01-01T00:00:00,F,51,62.78102695305279,42300.0,43600.0,0.0014841850343511296,42129.291267873916,8878.576173568306,0.0014901989818406236,0.0,0.0
BC,FA,2041-01-01T00:00:00,F,52,-33.42336845961836,42300.0,42799.99999999999,-0.0007901505546009069,42129.291267873916,8878.576173568306,0.0,0.003764496446977656,0.000780919823822859
BC,FA,2041-01-01T00:00:00,F,53,-29.301979152944114,42300.0,42200.000000000015,-0.0006927181832847309,42129.291267873916,8878.576173568306,0.0,0.003300301600179618,0.0006943596955673959
BC,FA,2041-01-01T00:00:00,F,54,75.11859514410025,42300.0,41600.000000000015,0.0017758533130992967,42129.291267873916,8878.576173568306,0.0017830491062968022,0.0,0.0
BC,FA,2041-01-01T00:00:00,F,55,81.52638926405052,42300.0,41700.0,0.0019273378076607689,42129.291267873916,8878.576173568306,0.0019351474190646837,0.0,0.0
BC,FA,2041-01-01T00:00:00,F,56,186.89351616611384,42300.0,41099.99999999999,0.004418286434187089,42129.291267873916,8878.576173568306,0.004436189419322874,0.0,0.0
BC,FA,2041-01-01T00:00:00,F,57,193.3229479724032,42300.0,40700.0,0.004570282457976435,42129.291267873916,8878.576173568306,0.004588801334045309,0.0,0.0
BC,FA,2041-01-01T00:00:00,F,58,199.96115725238633,42300.0,40200.0,0.004727214119441757,42129.291267873916,8878.576173568306,0.004746368885746449,0.0,0.0
BC,FA,2041-01-01T00:00:00,F,59,207.29371963981976,42300.0,39700.00000000001,0.004900560747986282,42129.291267873916,8878.576173568306,0.004920417918302213,0.0,0.0
BC,FA,2041-01-01T00:00:00,F,60,113.51032833515637,42300.0,38400.00000000001,0.0026834592987034604,42129.291267873916,8878.576173568306,0.002694332729535252,0.0,0.0
BC,FA,2041-01-01T00:00:00,F,61,220.97977650257235,42300.0,37700.0,0.005224108191550174,42129.291267873916,8878.576173568306,0.005245276382588533,0.0,0.0
BC,FA,2041-01-01T00:00:00,F,62,126.94628521479899,42300.0,36100.0,0.0030010942131158155,42129.291267873916,8878.576173568306,0.0030132547069834773,0.0,0.0
BC,FA,2041-01-01T00:00:00,F,63,134.59093613292498,42300.0,35000.00000000001,0.0031818188211093375,42129.291267873916,8878.576173568306,0.0031947116147087564,0.0,0.0
BC,FA,2041-01-01T00:00:00,F,64,146.15151009544206,42300.0,34700.0,0.0034551184419726257,42129.291267873916,8878.576173568306,0.003469118651110356,0.0,0.0
BC,FA,2041-01-01T00:00:00,F,65,161.089916093988,42300.0,34900.0,0.0038082722480848228,42129.291267873916,8878.576173568306,0.0038237034435190847,0.0,0.0
BC,FA,2041-01-01T00:00:00,F,66,-25.77560686031211,42300.0,34200.0,-0.0006093524080452035,42129.291267873916,8878.576173568306,0.0,0.002903123919468821,0.0007536727152138043
BC,FA,2041-01-01T00:00:00,F,67,-10.195894634045544,42300.0,33900.0,-0.00024103769820438639,42129.291267873916,8878.576173568306,0.0,0.0011483704633180848,0.000300763853511668
BC,FA,2041-01-01T00:00:00,F,68,108.95182722373283,42300.0,34000.00000000001,0.0025756933149818635,42129.291267873916,8878.576173568306,0.0025861300758889118,0.0,0.0
BC,FA,2041-01-01T00:00:00,F,69,231.75732108624652,42300.0,34300.0,0.005478896479580296,42129.291267873916,8878.576173568306,0.005501097077865519,0.0,0.0
BC,FA,2041-01-01T00:00:00,F,70,170.56751254438132,42300.0,36200.0,0.004032328901758424,42129.291267873916,8878.576173568306,0.004048667979241539,0.0,0.0
BC,FA,2041-01-01T00:00:00,F,71,198.0471102384763,42300.0,36100.0,0.0046819647810514495,42129.291267873916,8878.576173568306,0.004700936196130576,0.0,0.0
BC,FA,2041-01-01T00:00:00,F,72,27.084794099224382,42300.0,35600.0,0.0006403024609745717,42129.291267873916,8878.576173568306,0.000642896979372595,0.0,0.0
BC,FA,2041-01-01T00:00:00,F,73,148.25295236480451,42300.0,34300.0,0.0035047979282459697,42129.291267873916,8878.576173568306,0.0035189994396572295,0.0,0.0
BC,FA,2041-01-01T00:00:00,F,74,175.14839478849171,42300.0,33300.0,0.0041406239902716715,42129.291267873916,8878.576173568306,0.004157401881622745,0.0,0.0
BC,FA,2041-01-01T00:00:00,F,75,30.3832654699072,42300.0,34200.00000000001,0.000718280507562818,42129.291267873916,8878.576173568306,0.0007211909945676262,0.0,0.0
BC,FA,2041-01-01T00:00:00,F,76,92.64362718502525,42300.0,35200.0,0.0021901566710407863,42129.291267873916,8878.576173568306,0.0021990312297437463,0.0,0.0
BC,FA,2041-01-01T00:00:00,F,77,-31.281423953099875,42300.0,36300.0,-0.0007395135686312027,42129.291267873916,8878.576173568306,0.0,0.0035232477980225345,0.0008617472163388395
BC,FA,2041-01-01T00:00:00,F,78,-74.21375744181569,42300.0,35700.0,-0.0017544623508703471,42129.291267873916,8878.576173568306,0.0,0.008358745365360663,0.002078816735064865
BC,FA,2041-01-01T00:00:00,F,79,62.40748485464428,42300.0,33900.0,0.0014753542518828435,42129.291267873916,8878.576173568306,0.001481332416864883,0.0,0.0
BC,FA,2041-01-01T00:00:00,F,80,-67.6665912888493,42300.0,33300.00000000001,-0.0015996830091926548,42129.291267873916,8878.576173568306,0.0,0.0076213336424700686,0.0020320297684339127
BC,FA,2041-01-01T00:00:00,F,81,-203.66135127268717,42300.0,32100.0,-0.004814689155382675,42129.291267873916,8878.576173568306,0.0,0.022938514835181677,0.006344590382326703
BC,FA,2041-01-01T00:00:00,F,82,-149.89875461265183,42300.0,30500.0,-0.0035437057828050077,42129.291267873916,8878.576173568306,0.0,0.016883197449936098,0.004914713265988585
BC,FA,2041-01-01T00:00:00,F,83,-184.63541180160973,42300.0,29100.0,-0.004364903352283918,42129.291267873916,8878.576173568306,0.0,0.0207956104889062,0.006344859512082809
BC,FA,2041-01-01T00:00:00,F,84,-231.6133379770945,42300.0,27200.0,-0.005475492623571974,42129.291267873916,8878.576173568306,0.0,0.026086765878814207,0.008515196249157886
BC,FA,2041-01-01T00:00:00,F,85,-174.49121673189438,42300.0,25500.000000000004,-0.004125087866002231,42129.291267873916,8878.576173568306,0.0,0.019653062982255887,0.006842792813015465
BC,FA,2041-01-01T00:00:00,F,86,-216.54776180510453,42300.0,23700.0,-0.005119332430380721,42129.291267873916,8878.576173568306,0.0,0.024389919911907882,0.00913703636308458
BC,FA,2041-01-01T00:00:00,F,87,-88.38388937951822,42300.0,21500.000000000004,-0.0020894536496340005,42129.291267873916,8878.576173568306,0.0,0.009954736846504598,0.004110878575791545
BC,FA,2041-01-01T00:00:00,F,88,-263.7274299821547,42300.0,19100.000000000004,-0.006234691016126589,42129.291267873916,8878.576173568306,0.0,0.02970379763900392,0.013807718847233228
BC,FA,2041-01-01T00:00:00,F,89,-256.46133011368875,42300.0,16800.0,-0.006062915605524557,42129.291267873916,8878.576173568306,0.0,0.028885411928680535,0.015265555363910045
BC,FA,2041-01-01T00:00:00,F,90,-244.22720098771606,42300.0,14800.000000000002,-0.0057736926947450605,42129.291267873916,8878.576173568306,0.0,0.02750747374503416,0.016501837904575406
BC,FA,2041-01-01T00:00:00,F,91,-315.2312674221521,42300.0,13100.000000000004,-0.007452275825582792,42129.291267873916,8878.576173568306,0.0,0.03550470945562214,0.02406345552840855
BC,FA,2041-01-01T00:00:00,F,92,-357.02859309174164,42300.0,10900.000000000002,-0.008440392271672379,42129.291267873916,8878.576173568306,0.0,0.04021237032967321,0.03275491679740748
BC,FA,2041-01-01T00:00:00,F,93,-374.5321937046556,42300.0,9300.0,-0.008854188976469399,42129.291267873916,8878.576173568306,0.0,0.04218381262748471,0.04027227889297372
BC,FA,2041-01-01T00:00:00,F,94,-320.90952153301987,42300.0,7800.000000000001,-0.007586513511418909,42129.291267873916,8878.576173568306,0.0,0.03614425503138372,0.04114224635038716
BC,FA,2041-01-01T00:00:00,F,95,-258.9907132901026,42300.0,5300.0,-0.006122711898111172,42129.291267873916,8878.576173568306,0.0,0.029170298055348442,0.04886617231888728
BC,FA,2041-01-01T00:00:00,F,96,-186.29431088396177,42300.0,4000.0,-0.004404120824679948,42129.291267873916,8878.576173568306,0.0,0.020982453407176204,0.046573577720990446
BC,FA,2041-01-01T00:00:00,F,97,-170.496573690496,42300.0,3100.0,-0.004030651860295414,42129.291267873916,8878.576173568306,0.0,0.01920314365247748,0.05499889473886968
BC,FA,2041-01-01T00:00:00,F,98,-83.21243994087854,42300.0,2300.0,-0.0019671971617228967,42129.291267873916,8878.576173568306,0.0,0.009372273021501306,0.03617932171342545
BC,FA,2041-01-01T00:00:00,F,99,-88.48831726950857,42300.0,1600.0,-0.0020919223940782166,42129.291267873916,8878.576173568306,0.0,0.009966498629919966,0.05530519829344285
BC,FA,2041-01-01T00:00:00,F,100,1821.8674398551705,42300.0,3000.0000000000005,0.04307015224243902,42129.291267873916,8878.576173568306,0.0432446733620808,0.0,0.0
BC,FA,2041-01-01T00:00:00,M,1,353.91803918712685,42300.0,21700.0,0.008366856718371793,42129.291267873916,8878.576173568306,0.008400759389394484,0.0,0.0
BC,FA,2041-01-01T00:00:00,M,2,203.48650473063026,42300.0,21700.0,0.004810555667390786,42129.291267873916,8878.576173568306,0.004830048135317216,0.0,0.0
BC,FA,2041-01-01T00:00:00,M,3,302.4253445099457,42300.0,21800.000000000004,0.007149535331204391,42129.291267873916,8878.576173568306,0.007178505391581628,0.0,0.0
BC,FA,2041-01-01T00:00:00,M,4,201.68291045140722,42300.0,21900.0,0.0047679175047614,42129.291267873916,8878.576173568306,0.004787237201998753,0.0,0.0
BC,FA,2041-01-01T00:00:00,M,5,401.3832638561762,42300.0,22200.0,0.009488966048609366,42129.291267873916,8878.576173568306,0.0095274155291156,0.0,0.0
BC,FA,2041-01-01T00:00:00,M,6,401.09067102964036,42300.0,22500.0,0.009482048960511592,42129.291267873916,8878.576173568306,0.009520470412838294,0.0,0.0
BC,FA,2041-01-01T00:00:00,M,7,300.9517786337856,42300.0,22800.0,0.007114699258481929,42129.291267873916,8878.576173568306,0.00714352816239468,0.0,0.0
BC,FA,2041-01-01T00:00:00,M,8,300.9644690155692,42300.0,23100.0,0.007114999267507546,42129.291267873916,8878.576173568306,0.007143829387062878,0.0,0.0
BC,FA,2041-01-01T00:00:00,M,9,200.98138952461886,42300.0,23400.0,0.0047513330856883895,42129.291267873916,8878.576173568306,0.004770585582527449,0.0,0.0
BC,FA,2041-01-01T00:00:00,M,10,300.99407990639884,42300.0,23800.0,0.0071156992885673485,42129.291267873916,8878.576173568306,0.007144532244622037,0.0,0.0
BC,FA,2041-01-01T00:00:00,M,11,301.01100041544487,42300.0,24200.0,0.007116099300601533,42129.291267873916,8878.576173568306,0.007144933877512998,0.0,0.0
BC,FA,2041-01-01T00:00:00,M,12,201.37056931891493,42300.0,24500.0,0.0047605335536386505,42129.291267873916,8878.576173568306,0.004779823330958144,0.0,0.0
BC,FA,2041-01-01T00:00:00,M,13,201.5672760205307,42300.0,24900.0,0.004765183830272593,42129.291267873916,8878.576173568306,0.004784492450606159,0.0,0.0
BC,FA,2041-01-01T00:00:00,M,14,502.1151010674839,42300.0,25500.000000000004,0.01187033335856936,42129.291267873916,8878.576173568306,0.011918432187117672,0.0,0.0
BC,FA,2041-01-01T00:00:00,M,15,702.8878520676553,42300.0,26300.0,0.01661673409143393,42129.291267873916,8878.576173568306,0.01668406543082886,0.0,0.0
BC,FA,2041-01-01T00:00:00,M,16,1204.467251596143,42300.0,27600.0,0.028474403111019925,42129.291267873916,8878.576173568306,0.02858978196280792,0.0,0.0
BC,FA,2041-01-01T00:00:00,M,17,1006.6644109527224,42300.0,28800.0,0.023798213024887053,42129.291267873916,8878.576173568306,0.023894643860775406,0.0,0.0
BC,FA,2041-01-01T00:00:00,M,18,1509.2015854230704,42300.0,30499.999999999996,0.03567852447808677,42129.291267873916,8878.576173568306,0.03582309457396275,0.0,0.0
BC,FA,2041-01-01T00:00:00,M,19,3112.379214797187,42300.0,33900.0,0.07357870484154107,42129.291267873916,8878.576173568306,0.07387684722744342,0.0,0.0
BC,FA,2041-01-01T00:00:00,M,20,1916.786149577878,42300.0,36400.0,0.04531409337063541,42129.291267873916,8878.576173568306,0.04549770698467793,0.0,0.0
BC,FA,2041-01-01T00:00:00,M,21,621.1341615476631,42300.0,37600.0,0.01468402273162324,42129.291267873916,8878.576173568306,0.014743522685873303,0.0,0.0
BC,FA,2041-01-01T00:00:00,M,22,-75.2093219243834,42300.0,37700.0,-0.0017779981542407424,42129.291267873916,8878.576173568306,0.0,0.008470876461958283,0.0019949422261109654
BC,FA,2041-01-01T00:00:00,M,23,-271.9828176896626,42300.0,37900.0,-0.006429853846091315,42129.291267873916,8878.576173568306,0.0,0.030633607503347298,0.007176327643526719
BC,FA,2041-01-01T00:00:00,M,24,-269.318367707725,42300.0,38200.0,-0.006366864484816193,42129.291267873916,8878.576173568306,0.0,0.03033350871162101,0.007050219049940444
BC,FA,2041-01-01T00:00:00,M,25,-167.85653340506542,42300.0,38100.0,-0.003968239560403438,42129.291267873916,8878.576173568306,0.0,0.018905794141269812,0.004405683291471533
BC,FA,2041-01-01T00:00:00,M,26,-66.05893939099042,42300.0,38400.0,-0.00156167705416053,42129.291267873916,8878.576173568306,0.0,0.007440262729022832,0.0017202848799737088
BC,FA,2041-01-01T00:00:00,M,27,35.47011078728974,42300.0,38100.0,0.0008385368980446747,42129.291267873916,8878.576173568306,0.0008419346663526193,0.0,0.0
BC,FA,2041-01-01T00:00:00,M,28,37.44990951701038,42300.0,38200.0,0.00088534065052034,42129.291267873916,8878.576173568306,0.0008889280685708606,0.0,0.0
BC,FA,2041-01-01T00:00:00,M,29,139.45823544225277,42300.0,37900.0,0.003296884998634817,42129.291267873916,8878.576173568306,0.0033102440426905056,0.0,0.0
BC,FA,2041-01-01T00:00:00,M,30,141.79124567664985,42300.0,37600.0,0.0033520389048853393,42129.291267873916,8878.576173568306,0.003365621433673965,0.0,0.0
BC,FA,2041-01-01T00:00:00,M,31,145.4465033306551,42300.0,38000.0,0.0034384516153819172,42129.291267873916,8878.576173568306,0.0034523842902044423,0.0,0.0
BC,FA,2041-01-01T00:00:00,M,32,48.78459555889276,42300.0,38000.0,0.0011533001314159045,42129.291267873916,8878.576173568306,0.0011579733266506172,0.0,0.0
BC,FA,2041-01-01T00:00:00,M,33,151.19021793037973,42300.0,37700.0,0.003574236830505431,42129.291267873916,8878.576173568306,0.0035887197097396045,0.0,0.0
BC,FA,2041-01-01T00:00:00,M,34,252.9582848591599,42300.0,37000.0,0.005980101296906853,42129.291267873916,8878.576173568306,0.006004332787151717,0.0,0.0
BC,FA,2041-01-01T00:00:00,M,35,254.13904766429914,42300.0,36400.0,0.006008015311212746,42129.291267873916,8878.576173568306,0.006032359909602734,0.0,0.0
BC,FA,2041-01-01T00:00:00,M,36,255.46432316084974,42300.0,36100.0,0.006039345701202121,42129.291267873916,8878.576173568306,0.006063817250959939,0.0,0.0
BC,FA,2041-01-01T00:00:00,M,37,157.30236755352962,42300.0,36200.0,0.0037187320934640574,42129.291267873916,8878.576173568306,0.003733800470398181,0.0,0.0
BC,FA,2041-01-01T00:00:00,M,38,158.68366633620462,42300.0,35800.0,0.0037513869110213857,42129.291267873916,8878.576173568306,0.003766587605930374,0.0,0.0
BC,FA,2041-01-01T00:00:00,M,39,60.09836675576662,42300.0,35199.99999999999,0.0014207651715311257,42129.291267873916,8878.576173568306,0.0014265221404660845,0.0,0.0
BC,FA,2041-01-01T00:00:00,M,40,66.13950519790524,42300.0,37199.99999999999,0.0015635816831656084,42129.291267873916,8878.576173568306,0.0015699173474665246,0.0,0.0
BC,FA,2041-01-01T00:00:00,M,41,72.55445261343993,42300.0,39099.99999999999,0.0017152352863697383,42129.291267873916,8878.576173568306,0.0017221854541086717,0.0,0.0
BC,FA,2041-01-01T00:00:00,M,42,77.7016443767061,42300.0,39900.0,0.001836918306777922,42129.291267873916,8878.576173568306,0.0018443615365530304,0.0,0.0
BC,FA,2041-01-01T00:00:00,M,43,82.66954470885685,42300.0,40400.0,0.00195436275907463,42129.291267873916,8878.576173568306,0.0019622818761230215,0.0,0.0
BC,FA,2041-01-01T00:00:00,M,44,188.88639805884304,42300.0,41400.0,0.004465399481296526,42129.291267873916,8878.576173568306,0.00448349336944294,0.0,0.0
BC,FA,2041-01-01T00:00:00,M,45,95.06851836045098,42300.0,42100.0,0.002247482703556761,42129.291267873916,8878.576173568306,0.0022565895484917965,0.0,0.0
BC,FA,2041-01-01T00:00:00,M,46,101.55100542763103,42300.0,42700.0,0.002400732988832885,42129.291267873916,8878.576173568306,0.002410460806993677,0.0,0.0
BC,FA,2041-01-01T00:00:00,M,47,7.732402313842613,42300.0,42899.99999999999,0.00018279910907429344,42129.291267873916,8878.576173568306,0.00018353981472598444,0.0,0.0
BC,FA,2041-01-01T00:00:00,M,48,113.76869478432491,42300.0,43100.0,0.002689567252584513,42129.291267873916,8878.576173568306,0.0027004654329677814,0.0,0.0
BC,FA,2041-01-01T00:00:00,M,49,21.00063869731821,42300.0,43299.99999999999,0.0004964689999366007,42129.291267873916,8878.576173568306,0.0004984807022693126,0.0,0.0
BC,FA,2041-01-01T00:00:00,M,50,28.336916513937467,42300.0,43500.0,0.000669903463686465,42129.291267873916,8878.576173568306,0.0006726179259404264,0.0,0.0
BC,FA,2041-01-01T00:00:00,M,51,36.04414914545487,42300.0,43600.0,0.0008521075448098077,42129.291267873916,8878.576173568306,0.0008555603016502836,0.0,0.0
BC,FA,2041-01-01T00:00:00,M,52,-58.561588804019266,42300.0,42700.0,-0.0013844347234992734,42129.291267873916,8878.576173568306,0.0,0.006595831094895401,0.0013714657799536129
BC,FA,2041-01-01T00:00:00,M,53,-54.61230587062164,42300.0,41399.99999999999,-0.001291071060771197,42129.291267873916,8878.576173568306,0.0,0.006151020704558861,0.0013191378229618757
BC,FA,2041-01-01T00:00:00,M,54,-47.6407815608909,42300.0,40899.99999999999,-0.0011262596113685791,42129.291267873916,8878.576173568306,0.0,0.005365813237342991,0.0011648112851073572
BC,FA,2041-01-01T00:00:00,M,55,62.24258932362136,42300.0,41000.0,0.0014714560123787555,42129.291267873916,8878.576173568306,0.0014774183816162374,0.0,0.0
BC,FA,2041-01-01T00:00:00,M,56,69.76797534622892,42300.0,40300.0,0.001649361119296192,42129.291267873916,8878.576173568306,0.0016560443635905914,0.0,0.0
BC,FA,2041-01-01T00:00:00,M,57,176.4383440126694,42300.0,39400.0,0.004171119243798331,42129.291267873916,8878.576173568306,0.004188020702527558,0.0,0.0
BC,FA,2041-01-01T00:00:00,M,58,83.64646865308896,42300.0,38300.0,0.001977457887779881,42129.291267873916,8878.576173568306,0.0019854705867524136,0.0,0.0
BC,FA,2041-01-01T00:00:00,M,59,191.308027928535,42300.0,37399.99999999999,0.00452264841438617,42129.291267873916,8878.576173568306,0.00454097427635624,0.0,0.0
BC,FA,2041-01-01T00:00:00,M,60,99.04814714822714,42300.0,36199.99999999999,0.002341563762369436,42129.291267873916,8878.576173568306,0.0023510518256393558,0.0,0.0
BC,FA,2041-01-01T00:00:00,M,61,205.8036522056791,42300.0,35000.0,0.004865334567510145,42129.291267873916,8878.576173568306,0.004885049000637155,0.0,0.0
BC,FA,2041-01-01T00:00:00,M,62,111.70136855229794,42300.0,33400.0,0.0026406942920165,42129.291267873916,8878.576173568306,0.0026513944381845525,0.0,0.0
BC,FA,2041-01-01T00:00:00,M,63,220.36812576148077,42300.0,32400.0,0.005209648363155574,42129.291267873916,8878.576173568306,0.005230757962679627,0.0,0.0
BC,FA,2041-01-01T00:00:00,M,64,135.1736000639321,42300.0,32000.0,0.0031955933821260544,42129.291267873916,8878.576173568306,0.0032085419905226362,0.0,0.0
BC,FA,2041-01-01T00:00:00,M,65,149.89528003525993,42300.0,31500.0,0.0035436236414955065,42129.291267873916,8878.576173568306,0.0035579824754745867,0.0,0.0
BC,FA,2041-01-01T00:00:00,M,66,168.37462354156014,42300.0,31300.0,0.003980487554173999,42129.291267873916,8878.576173568306,0.003996616569478247,0.0,0.0
BC,FA,2041-01-01T00:00:00,M,67,186.97422650715453,42300.0,30899.999999999996,0.004420194480074575,42129.291267873916,8878.576173568306,0.004438105196650518,0.0,0.0
BC,FA,2041-01-01T00:00:00,M,68,210.205618616852,42300.0,30799.999999999996,0.004969399967301466,42129.291267873916,8878.576173568306,0.004989536075513007,0.0,0.0
BC,FA,2041-01-01T00:00:00,M,69,241.15646267751072,42300.0,31200.0,0.00570109840845179,42129.291267873916,8878.576173568306,0.005724199373403816,0.0,0.0
BC,FA,2041-01-01T00:00:00,M,70,188.7880598278207,42300.0,32600.0,0.004463074700421293,42129.291267873916,8878.576173568306,0.0044811591685090316,0.0,0.0
BC,FA,2041-01-01T00:00:00,M,71,122.07674248774129,42300.0,32400.0,0.002885974999710196,42129.291267873916,8878.576173568306,0.0028976690282191396,0.0,0.0
BC,FA,2041-01-01T00:00:00,M,72,150.6875139575568,42300.0,31700.0,0.003562352575828766,42129.291267873916,8878.576173568306,0.0035767872998249315,0.0,0.0
BC,FA,2041-01-01T00:00:00,M,73,76.87206108557803,42300.0,30600.0,0.0018173064086425064,42129.291267873916,8878.576173568306,0.0018246701706135164,0.0,0.0
BC,FA,2041-01-01T00:00:00,M,74,110.05488577110009,42300.0,29899.999999999996,0.0026017703491985835,42129.291267873916,8878.576173568306,0.0026123127747706373,0.0,0.0
BC,FA,2041-01-01T00:00:00,M,75,173.8081877908262,42300.0,30699.999999999996,0.004108940609712204,42129.291267873916,8878.576173568306,0.004125590119370587,0.0,0.0
BC,FA,2041-01-01T00:00:00,M,76,54.03513124546225,42300.0,31699.999999999996,0.0012774262705783038,42129.291267873916,8878.576173568306,0.0012826024274153228,0.0,0.0
BC,FA,2041-01-01T00:00:00,M,77,32.29002533278981,42300.0,32199.999999999996,0.0007633575728791918,42129.291267873916,8878.576173568306,0.0007664507130556186,0.0,0.0
BC,FA,2041-01-01T00:00:00,M,78,3.8664617547328817,42300.0,32000.0,9.14057152419121e-05,42129.291267873916,8878.576173568306,9.177609303105672e-05,0.0,0.0
BC,FA,2041-01-01T00:00:00,M,79,32.497857982070855,42300.0,30000.0,0.0007682708742806349,42129.291267873916,8878.576173568306,0.0007713839232527608,0.0,0.0
BC,FA,2041-01-01T00:00:00,M,80,-4.231217346186895,42300.0,29099.999999999996,-0.00010002877886966656,42129.291267873916,8878.576173568306,0.0,0.0004765648526824956,0.00014540265794456687
BC,FA,2041-01-01T00:00:00,M,81,44.82765160661074,42300.0,27699.999999999996,0.0010597553571302777,42129.291267873916,8878.576173568306,0.0010640495070657523,0.0,0.0
BC,FA,2041-01-01T00:00:00,M,82,-15.092738733525039,42300.0,25900.0,-0.0003568023341258874,42129.291267873916,8878.576173568306,0.0,0.001699905304462715,0.000582731225232627
BC,FA,2041-01-01T00:00:00,M,83,-51.31561229607905,42300.0,24700.0,-0.0012131350424604977,42129.291267873916,8878.576173568306,0.0,0.005779711892189046,0.002077555153687411
BC,FA,2041-01-01T00:00:00,M,84,-28.80588531723697,42300.0,22600.0,-0.0006809901966249875,42129.291267873916,8878.576173568306,0.0,0.003244426218135364,0.0012745966954529632
BC,FA,2041-01-01T00:00:00,M,85,-82.29536785439632,42300.0,20999.999999999996,-0.0019455169705531045,42129.291267873916,8878.576173568306,0.0,0.009268982576214328,0.00391882704068554
BC,FA,2041-01-01T00:00:00,M,86,-154.03015484480056,42300.0,19100.0,-0.003641374819026018,42129.291267873916,8878.576173568306,0.0,0.017348519833996733,0.008064406012816784
BC,FA,2041-01-01T00:00:00,M,87,-263.26859908136976,42300.0,16699.999999999996,-0.006223843949914178,42129.291267873916,8878.576173568306,0.0,0.02965211920635715,0.01576458677133951
BC,FA,2041-01-01T00:00:00,M,88,-260.6045973738819,42300.0,14800.0,-0.006160865186143781,42129.291267873916,8878.576173568306,0.0,0.029352070904083344,0.017608418741478508
BC,FA,2041-01-01T00:00:00,M,89,-279.37349369337426,42300.0,12799.999999999998,-0.006604574318992299,42129.291267873916,8878.576173568306,0.0,0.03146602430748689,0.021826054194794865
BC,FA,2041-01-01T00:00:00,M,90,-199.7596476657436,42300.0,11099.999999999998,-0.004722450299426563,42129.291267873916,8878.576173568306,0.0,0.022499063336352508,0.0179963646545715
BC,FA,2041-01-01T00:00:00,M,91,-310.4636100922835,42300.0,9499.999999999998,-0.007339565250408593,42129.291267873916,8878.576173568306,0.0,0.03496772500714018,0.03268038000971406
BC,FA,2041-01-01T00:00:00,M,92,-276.5222391612215,42300.0,7799.999999999999,-0.006537168774496962,42129.291267873916,8878.576173568306,0.0,0.031144885593754723,0.03545156912323353
BC,FA,2041-01-01T00:00:00,M,93,-317.5088388644572,42300.0,6500.0,-0.0075061191220911865,42129.291267873916,8878.576173568306,0.0,0.0357612338574835,0.04884751367145495
BC,FA,2041-01-01T00:00:00,M,94,-201.3209713143542,42300.0,5299.999999999999,-0.004759361023980005,42129.291267873916,8878.576173568306,0.0,0.02267491626795867,0.03798508892723665
BC,FA,2041-01-01T00:00:00,M,95,-130.044390277993,42300.0,3500.0,-0.003074335467564846,42129.291267873916,8878.576173568306,0.0,0.014646987054651586,0.03715554007942657
BC,FA,2041-01-01T00:00:00,M,96,-155.7636118170508,42300.0,2500.0,-0.003682354889291981,42129.291267873916,8878.576173568306,0.0,0.017543760257501883,0.062305444726820314
BC,FA,2041-01-01T00:00:00,M,97,-53.022879289958155,42300.0,1900.0,-0.0012534959643016113,42129.291267873916,8878.576173568306,0.0,0.005972002520833047,0.027906778573662187
BC,FA,2041-01-01T00:00:00,M,98,-134.25186895726847,42300.0,1300.0,-0.0031738030486351885,42129.291267873916,8878.576173568306,0.0,0.01512087820532969,0.10327066842866806
BC,FA,2041-01-01T00:00:00,M,99,-34.99969359546742,42300.0,900.0,-0.0008274159242427286,42129.291267873916,8878.576173568306,0.0,0.003942039006171078,0.03888854843940825
BC,FA,2041-01-01T00:00:00,M,100,891.2316403304643,42300.0,1500.0,0.02106930591797788,42129.291267873916,8878.576173568306,0.021154679167605207,0.0,0.0
BC,FA,2042-01-01T00:00:00,F,1,251.28038565451425,42800.0,20800.0,0.0058710370480026695,40283.980465092485,8887.268464540582,0.006237724841323904,0.0,0.0
BC,FA,2042-01-01T00:00:00,F,2,202.2670854481148,42800.0,20800.0,0.004725866482432589,40283.980465092485,8887.268464540582,0.0050210302733958104,0.0,0.0
BC,FA,2042-01-01T00:00:00,F,3,101.81365386620018,42800.0,20700.0,0.002378823688462621,40283.980465092485,8887.268464540582,0.00252739805477826,0.0,0.0
BC,FA,2042-01-01T00:00:00,F,4,101.51137017067231,42800.0,20700.0,0.002371760985296082,40283.980465092485,8887.268464540582,0.002519894235839866,0.0,0.0
BC,FA,2042-01-01T00:00:00,F,5,201.36022953060456,42800.0,20800.0,0.004704678260060854,40283.980465092485,8887.268464540582,0.004998518696658847,0.0,0.0
BC,FA,2042-01-01T00:00:00,F,6,301.2149590631234,42800.0,21000.0,0.007037732688390733,40283.980465092485,8887.268464540582,0.007477288877253254,0.0,0.0
BC,FA,2042-01-01T00:00:00,F,7,201.0784933972318,42800.0,21200.0,0.004698095640122238,40283.980465092485,8887.268464540582,0.0049915249455419015,0.0,0.0
BC,FA,2042-01-01T00:00:00,F,8,100.9332244540019,42800.0,21299.999999999996,0.0023582529078037826,40283.980465092485,8887.268464540582,0.0025055424833567317,0.0,0.0
BC,FA,2042-01-01T00:00:00,F,9,100.9420284582884,42800.0,21500.0,0.0023584586088385142,40283.980465092485,8887.268464540582,0.0025057610318761398,0.0,0.0
BC,FA,2042-01-01T00:00:00,F,10,200.95083246257127,42800.0,21800.0,0.004695112908004001,40283.980465092485,8887.268464540582,0.004988355920704072,0.0,0.0
BC,FA,2042-01-01T00:00:00,F,11,200.96403846899193,42800.0,22099.999999999996,0.004695421459555886,40283.980465092485,8887.268464540582,0.004988683743482958,0.0,0.0
BC,FA,2042-01-01T00:00:00,F,12,201.14012159135746,42800.0,22400.0,0.00469953555119994,40283.980465092485,8887.268464540582,0.004993054789251837,0.0,0.0
BC,FA,2042-01-01T00:00:00,F,13,201.32060767730945,42800.0,22700.0,0.004703752515824987,40283.980465092485,8887.268464540582,0.004997535133147058,0.0,0.0
BC,FA,2042-01-01T00:00:00,F,14,401.5054967620272,42800.0,23200.0,0.009380969550514654,40283.980465092485,8887.268464540582,0.009966877456659133,0.0,0.0
BC,FA,2042-01-01T00:00:00,F,15,802.051365780706,42800.0,24100.0,0.01873951789207257,40283.980465092485,8887.268464540582,0.019909933341262346,0.0,0.0
BC,FA,2042-01-01T00:00:00,F,16,1303.0183945691278,42800.0,25500.0,0.03044435501329738,40283.980465092485,8887.268464540582,0.032345820336653175,0.0,0.0
BC,FA,2042-01-01T00:00:00,F,17,1004.5078663127133,42800.0,26600.0,0.023469809960577414,40283.980465092485,8887.268464540582,0.024935665609885683,0.0,0.0
BC,FA,2042-01-01T00:00:00,F,18,1405.89905995968,42800.0,28199.999999999996,0.03284810887756262,40283.980465092485,8887.268464540582,0.034899705633060316,0.0,0.0
BC,FA,2042-01-01T00:00:00,F,19,2807.528025186508,42800.0,31300.0,0.06559644918660065,40283.980465092485,8887.268464540582,0.06969341144476356,0.0,0.0
BC,FA,2042-01-01T00:00:00,F,20,1509.536359305348,42800.0,33200.0,0.03526954110526514,40283.980465092485,8887.268464540582,0.03747237343175199,0.0,0.0
BC,FA,2042-01-01T00:00:00,F,21,311.1602347103617,42800.0,34100.0,0.007270098941830881,40283.980465092485,8887.268464540582,0.007724168046898771,0.0,0.0
BC,FA,2042-01-01T00:00:00,F,22,-287.84911481163,42800.0,34200.0,-0.006725446607748364,40283.980465092485,8887.268464540582,0.0,0.03238892984499372,0.00841664078396579
BC,FA,2042-01-01T00:00:00,F,23,-87.01473830865143,42800.0,34600.0,-0.002033054633379706,40283.980465092485,8887.268464540582,0.0,0.009790942926483267,0.00251487682972981
BC,FA,2042-01-01T00:00:00,F,24,-86.27210514277249,42800.0,35199.99999999999,-0.0020157033911862732,40283.980465092485,8887.268464540582,0.0,0.009707381462255875,0.0024509120779196733
BC,FA,2042-01-01T00:00:00,F,25,113.88345173947164,42800.0,35800.0,0.0026608283116698983,40283.980465092485,8887.268464540582,0.002827015861507423,0.0,0.0
BC,FA,2042-01-01T00:00:00,F,26,14.000119401149277,42800.0,36000.0,0.0003271055934847962,40283.980465092485,8887.268464540582,0.00034753565162908576,0.0,0.0
BC,FA,2042-01-01T00:00:00,F,27,114.26431059499009,42800.0,36099.99999999999,0.002669726883060516,40283.980465092485,8887.268464540582,0.0028364702116267836,0.0,0.0
BC,FA,2042-01-01T00:00:00,F,28,114.56886014969496,42800.0,36200.0,0.002676842526862032,40283.980465092485,8887.268464540582,0.0028440302777172923,0.0,0.0
BC,FA,2042-01-01T00:00:00,F,29,215.22419142864237,42800.0,36600.0,0.005028602603472952,40283.980465092485,8887.268464540582,0.005342674406645139,0.0,0.0
BC,FA,2042-01-01T00:00:00,F,30,215.80175000618328,42800.0,36700.0,0.005042096962761292,40283.980465092485,8887.268464540582,0.005357011584125438,0.0,0.0
BC,FA,2042-01-01T00:00:00,F,31,216.5598673822533,42800.0,36600.0,0.005059809985566666,40283.980465092485,8887.268464540582,0.005375830910500768,0.0,0.0
BC,FA,2042-01-01T00:00:00,F,32,17.967442105262307,42800.0,37100.0,0.00041980004918837165,40283.980465092485,8887.268464540582,0.00044601953177967956,0.0,0.0
BC,FA,2042-01-01T00:00:00,F,33,19.107946498479578,42800.0,37200.0,0.00044644734809531726,40283.980465092485,8887.268464540582,0.0004743311429970854,0.0,0.0
BC,FA,2042-01-01T00:00:00,F,34,220.52810765652976,42800.0,37500.0,0.005152525879825461,40283.980465092485,8887.268464540582,0.005474337568196005,0.0,0.0
BC,FA,2042-01-01T00:00:00,F,35,221.60341516929475,42800.0,37000.0,0.005177649887133055,40283.980465092485,8887.268464540582,0.005501030747478444,0.0,0.0
BC,FA,2042-01-01T00:00:00,F,36,123.1749380946203,42800.0,36399.99999999999,0.0028779191143602873,40283.980465092485,8887.268464540582,0.003057665520450637,0.0,0.0
BC,FA,2042-01-01T00:00:00,F,37,224.90209350748773,42800.0,36300.0,0.005254721810922611,40283.980465092485,8887.268464540582,0.005582916358088632,0.0,0.0
BC,FA,2042-01-01T00:00:00,F,38,126.90524195980106,42800.0,36400.0,0.002965075746724324,40283.980465092485,8887.268464540582,0.003150265701021502,0.0,0.0
BC,FA,2042-01-01T00:00:00,F,39,127.69303481307725,42800.0,35700.0,0.00298348212180087,40283.980465092485,8887.268464540582,0.003169821684421872,0.0,0.0
BC,FA,2042-01-01T00:00:00,F,40,128.75531688136834,42800.0,35400.00000000001,0.003008301796293653,40283.980465092485,8887.268464540582,0.003196191523152471,0.0,0.0
BC,FA,2042-01-01T00:00:00,F,41,31.56418240943458,42800.0,37400.0,0.0007374808974166957,40283.980465092485,8887.268464540582,0.0007835417961436575,0.0,0.0
BC,FA,2042-01-01T00:00:00,F,42,133.8850723497817,42800.0,38900.0,0.003128155896022937,40283.980465092485,8887.268464540582,0.0033235313592160517,0.0,0.0
BC,FA,2042-01-01T00:00:00,F,43,135.47578551126207,42800.0,39400.0,0.003165322091384628,40283.980465092485,8887.268464540582,0.0033630188463788157,0.0,0.0
BC,FA,2042-01-01T00:00:00,F,44,137.294142042796,42800.0,39800.0,0.003207807057074673,40283.980465092485,8887.268464540582,0.0034081572987000705,0.0,0.0
BC,FA,2042-01-01T00:00:00,F,45,39.23961891559884,42800.0,39900.0,0.0009168135260653934,40283.980465092485,8887.268464540582,0.0009740750159880892,0.0,0.0
BC,FA,2042-01-01T00:00:00,F,46,142.6355152330798,42800.0,41300.0,0.003332605496099995,40283.980465092485,8887.268464540582,0.0035407502830232624,0.0,0.0
BC,FA,2042-01-01T00:00:00,F,47,144.97025431739894,42800.0,41500.0,0.0033871554747055828,40283.980465092485,8887.268464540582,0.003598707293660339,0.0,0.0
BC,FA,2042-01-01T00:00:00,F,48,-51.832995770651905,42800.0,41700.0,-0.0012110513030526146,40283.980465092485,8887.268464540582,0.0,0.005832275234787943,0.0012429975004952494
BC,FA,2042-01-01T00:00:00,F,49,51.849206284372485,42800.0,42299.99999999999,0.001211430053373189,40283.980465092485,8887.268464540582,0.0012870924294410698,0.0,0.0
BC,FA,2042-01-01T00:00:00,F,50,56.496383417957986,42800.0,43000.0,0.0013200089583635043,40283.980465092485,8887.268464540582,0.0014024528550974284,0.0,0.0
BC,FA,2042-01-01T00:00:00,F,51,61.34237244613905,42800.0,43300.0,0.0014332330010780152,40283.980465092485,8887.268464540582,0.0015227485401869466,0.0,0.0
BC,FA,2042-01-01T00:00:00,F,52,-33.42938831853826,42800.0,43500.0,-0.0007810604747322023,40283.980465092485,8887.268464540582,0.0,0.003761491897304393,0.0007684916854836381
BC,FA,2042-01-01T00:00:00,F,53,70.37898979327292,42800.0,42800.00000000001,0.001644368920403573,40283.980465092485,8887.268464540582,0.0017470713911764218,0.0,0.0
BC,FA,2042-01-01T00:00:00,F,54,74.97213736837875,42800.0,42200.0,0.001751685452532214,40283.980465092485,8887.268464540582,0.0018610905998563076,0.0,0.0
BC,FA,2042-01-01T00:00:00,F,55,80.01839704548183,42800.0,41600.0,0.0018695887160159307,40283.980465092485,8887.268464540582,0.0019863577561512486,0.0,0.0
BC,FA,2042-01-01T00:00:00,F,56,86.95110122124606,42800.0,41700.00000000001,0.0020315677855431325,40283.980465092485,8887.268464540582,0.002158453564354007,0.0,0.0
BC,FA,2042-01-01T00:00:00,F,57,92.94820628866728,42800.0,41100.0,0.002171687062819329,40283.980465092485,8887.268464540582,0.0023073242816511203,0.0,0.0
BC,FA,2042-01-01T00:00:00,F,58,199.82043343680562,42800.0,40800.00000000001,0.004668701715813215,40283.980465092485,8887.268464540582,0.004960295162737386,0.0,0.0
BC,FA,2042-01-01T00:00:00,F,59,107.16299170560524,42800.0,40200.0,0.002503808217420683,40283.980465092485,8887.268464540582,0.0026601887516668273,0.0,0.0
BC,FA,2042-01-01T00:00:00,F,60,115.46119669284235,42800.0,39700.0,0.002697691511515008,40283.980465092485,8887.268464540582,0.002866181428940311,0.0,0.0
BC,FA,2042-01-01T00:00:00,F,61,121.56243368869764,42800.0,38400.00000000001,0.0028402437777733094,40283.980465092485,8887.268464540582,0.0030176370925915786,0.0,0.0
BC,FA,2042-01-01T00:00:00,F,62,130.4366010625381,42800.0,37700.0,0.0030475841369751893,40283.980465092485,8887.268464540582,0.0032379273238791807,0.0,0.0
BC,FA,2042-01-01T00:00:00,F,63,136.58487501719355,42800.0,36100.0,0.0031912353975979803,40283.980465092485,8887.268464540582,0.0033905506218669043,0.0,0.0
BC,FA,2042-01-01T00:00:00,F,64,145.0414349795101,42800.0,34999.99999999999,0.003388818574287619,40283.980465092485,8887.268464540582,0.003600474265575461,0.0,0.0
BC,FA,2042-01-01T00:00:00,F,65,157.58883710985538,42800.0,34700.00000000001,0.0036819821754639106,40283.980465092485,8887.268464540582,0.003911948007382531,0.0,0.0
BC,FA,2042-01-01T00:00:00,F,66,-26.08696068351128,42800.0,34700.0,-0.000609508427184843,40283.980465092485,8887.268464540582,0.0,0.0029353181787627946,0.0007517856104758293
BC,FA,2042-01-01T00:00:00,F,67,87.2996864331435,42800.0,34100.0,0.0020397122998398014,40283.980465092485,8887.268464540582,0.002167106761179964,0.0,0.0
BC,FA,2042-01-01T00:00:00,F,68,104.3878886154489,42800.0,33800.0,0.00243896936017404,40283.980465092485,8887.268464540582,0.0025913002491376133,0.0,0.0
BC,FA,2042-01-01T00:00:00,F,69,126.04054322390584,42800.0,33900.0,0.002944872505231445,40283.980465092485,8887.268464540582,0.003128800624186691,0.0,0.0
BC,FA,2042-01-01T00:00:00,F,70,151.5568345584761,42800.0,34200.00000000001,0.0035410475364129933,40283.980465092485,8887.268464540582,0.003762211003200281,0.0,0.0
BC,FA,2042-01-01T00:00:00,F,71,93.26711598212569,42800.0,36000.0,0.0021791382238814413,40283.980465092485,8887.268464540582,0.0023152408204284826,0.0,0.0
BC,FA,2042-01-01T00:00:00,F,72,23.636670449333906,42800.0,35800.0,0.0005522586553582689,40283.980465092485,8887.268464540582,0.0005867511148709828,0.0,0.0
BC,FA,2042-01-01T00:00:00,F,73,153.60405128127604,42800.0,35400.0,0.0035888797028335523,40283.980465092485,8887.268464540582,0.003813030626761908,0.0,0.0
BC,FA,2042-01-01T00:00:00,F,74,77.9650845118449,42800.0,34000.00000000001,0.0018216141241085258,40283.980465092485,8887.268464540582,0.001935386811623654,0.0,0.0
BC,FA,2042-01-01T00:00:00,F,75,107.5974888180499,42800.0,33000.0,0.0025139600191133155,40283.980465092485,8887.268464540582,0.0026709746051854777,0.0,0.0
BC,FA,2042-01-01T00:00:00,F,76,65.72204419224727,42800.0,33800.00000000001,0.0015355617801926932,40283.980465092485,8887.268464540582,0.001631468475395518,0.0,0.0
BC,FA,2042-01-01T00:00:00,F,77,-66.12131136741664,42800.0,34600.00000000001,-0.0015448904525097345,40283.980465092485,8887.268464540582,0.0,0.00744000382471114,0.0019110205597519256
BC,FA,2042-01-01T00:00:00,F,78,14.147411124315113,42800.0,35700.0,0.0003305469888858671,40283.980465092485,8887.268464540582,0.0003511919865161873,0.0,0.0
BC,FA,2042-01-01T00:00:00,F,79,74.5743619243949,42800.0,35100.00000000001,0.0017423916337475445,40283.980465092485,8887.268464540582,0.001851216316347295,0.0,0.0
BC,FA,2042-01-01T00:00:00,F,80,16.515568701572192,42800.0,33200.00000000001,0.00038587777340121944,40283.980465092485,8887.268464540582,0.00040997856991524274,0.0,0.0
BC,FA,2042-01-01T00:00:00,F,81,-111.49647374306733,42800.0,32400.000000000004,-0.0026050577977352178,40283.980465092485,8887.268464540582,0.0,0.012545640337965307,0.0034412491896008432
BC,FA,2042-01-01T00:00:00,F,82,-147.34113532027186,42800.0,31099.999999999996,-0.0034425498906605575,40283.980465092485,8887.268464540582,0.0,0.016578900019522308,0.004737657084253115
BC,FA,2042-01-01T00:00:00,F,83,-190.04371857595834,42800.0,29399.999999999996,-0.0044402737985037,40283.980465092485,8887.268464540582,0.0,0.021383816561209558,0.006464072060406747
BC,FA,2042-01-01T00:00:00,F,84,-123.24962869734009,42800.0,28000.0,-0.0028796642219004694,40283.980465092485,8887.268464540582,0.0,0.013868111353797315,0.004401772453476432
BC,FA,2042-01-01T00:00:00,F,85,-171.53989509834355,42800.0,26000.000000000004,-0.004007941474260364,40283.980465092485,8887.268464540582,0.0,0.019301756865202465,0.006597688273013213
BC,FA,2042-01-01T00:00:00,F,86,-311.9846982427007,42800.0,24100.000000000004,-0.007289362108474315,40283.980465092485,8887.268464540582,0.0,0.03510467805574819,0.012945423163597538
BC,FA,2042-01-01T00:00:00,F,87,-57.27439838929422,42800.0,22500.000000000004,-0.0013381868782545378,40283.980465092485,8887.268464540582,0.0,0.006444544644714404,0.002545528817301965
BC,FA,2042-01-01T00:00:00,F,88,-226.51607567375322,42800.0,20100.000000000004,-0.005292431674620402,40283.980465092485,8887.268464540582,0.0,0.025487704864270995,0.01126945650118175
BC,FA,2042-01-01T00:00:00,F,89,-318.1158813098991,42800.0,17600.0,-0.007432614049296709,40283.980465092485,8887.268464540582,0.0,0.035794561915075865,0.018074765983516997
BC,FA,2042-01-01T00:00:00,F,90,-319.4384453491257,42800.0,15300.000000000002,-0.0074635150782506,40283.980465092485,8887.268464540582,0.0,0.035943377498233224,0.02087832976138076
BC,FA,2042-01-01T00:00:00,F,91,-316.86779565642246,42800.0,13300.0,-0.0074034531695425804,40283.980465092485,8887.268464540582,0.0,0.035654126678033526,0.023824646289956578
BC,FA,2042-01-01T00:00:00,F,92,-410.25648681842904,42800.0,11500.000000000002,-0.009585431935010024,40283.980465092485,8887.268464540582,0.0,0.04616227004453801,0.035674477114646
BC,FA,2042-01-01T00:00:00,F,93,-280.5909050840455,42800.0,9500.000000000002,-0.00655586226831882,40283.980465092485,8887.268464540582,0.0,0.031572232368536915,0.029535884745688995
BC,FA,2042-01-01T00:00:00,F,94,-324.7782935817795,42800.0,7900.000000000002,-0.007588277887424755,40283.980465092485,8887.268464540582,0.0,0.03654421995662855,0.04111117640275689
BC,FA,2042-01-01T00:00:00,F,95,-289.4454113002821,42800.0,6499.999999999999,-0.006762743254679488,40283.980465092485,8887.268464540582,0.0,0.03256854594357578,0.044530063276966486
BC,FA,2042-01-01T00:00:00,F,96,-138.72149090395396,42800.0,4400.0,-0.003241156329531635,40283.980465092485,8887.268464540582,0.0,0.015609013214514727,0.031527611569080446
BC,FA,2042-01-01T00:00:00,F,97,-163.13259199672802,42800.0,3200.0,-0.003811509158802057,40283.980465092485,8887.268464540582,0.0,0.018355762813693846,0.05097893499897751
BC,FA,2042-01-01T00:00:00,F,98,-154.93346041838186,42800.0,2400.0,-0.0036199406639808845,40283.980465092485,8887.268464540582,0.0,0.017433192328616235,0.06455560850765911
BC,FA,2042-01-01T00:00:00,F,99,-155.17463680832907,42800.0,1700.0000000000005,-0.0036255756263628286,40283.980465092485,8887.268464540582,0.0,0.01746032961955208,0.09127919812254649
BC,FA,2042-01-01T00:00:00,F,100,1938.950116714625,42800.0,3200.0000000000005,0.045302572820435164,40283.980465092485,8887.268464540582,0.048132038947710114,0.0,0.0
BC,FA,2042-01-01T00:00:00,M,1,253.6250185928693,42800.0,21900.0,0.00592581819142218,40283.980465092485,8887.268464540582,0.006295927454652712,0.0,0.0
BC,FA,2042-01-01T00:00:00,M,2,203.45127247686833,42800.0,21900.0,0.0047535344036651475,40283.980465092485,8887.268464540582,0.005050426252022591,0.0,0.0
BC,FA,2042-01-01T00:00:00,M,3,302.400833343243,42800.0,22000.0,0.007065440031384182,40283.980465092485,8887.268464540582,0.007506726739808748,0.0,0.0
BC,FA,2042-01-01T00:00:00,M,4,201.6581536678932,42800.0,22000.0,0.004711639104390028,40283.980465092485,8887.268464540582,0.0050059142949549695,0.0,0.0
BC,FA,2042-01-01T00:00:00,M,5,301.36288603447974,42800.0,22200.0,0.0070411889260392465,40283.980465092485,8887.268464540582,0.0074809609813911385,0.0,0.0
BC,FA,2042-01-01T00:00:00,M,6,301.0745366958872,42800.0,22500.0,0.007034451791959982,40283.980465092485,8887.268464540582,0.0074738030656324814,0.0,0.0
BC,FA,2042-01-01T00:00:00,M,7,300.93347494431146,42800.0,22800.0,0.007031155956642791,40283.980465092485,8887.268464540582,0.00747030138208614,0.0,0.0
BC,FA,2042-01-01T00:00:00,M,8,200.94592127690703,42800.0,23000.000000000004,0.004694998160675398,40283.980465092485,8887.268464540582,0.004988234006593114,0.0,0.0
BC,FA,2042-01-01T00:00:00,M,9,200.95836760949533,42800.0,23300.0,0.004695288962838676,40283.980465092485,8887.268464540582,0.0049885429714085225,0.0,0.0
BC,FA,2042-01-01T00:00:00,M,10,300.9708139420836,42800.0,23700.0,0.007032028363132795,40283.980465092485,8887.268464540582,0.007471228276532545,0.0,0.0
BC,FA,2042-01-01T00:00:00,M,11,300.98740905220984,42800.0,24100.000000000004,0.0070324160993506975,40283.980465092485,8887.268464540582,0.007471640229619966,0.0,0.0
BC,FA,2042-01-01T00:00:00,M,12,201.3386804775837,42800.0,24400.0,0.004704174777513638,40283.980465092485,8887.268464540582,0.004997983768065097,0.0,0.0
BC,FA,2042-01-01T00:00:00,M,13,301.5246898559235,42800.0,24800.0,0.007044969389157091,40283.980465092485,8887.268464540582,0.007484977561172374,0.0,0.0
BC,FA,2042-01-01T00:00:00,M,14,402.0661294610254,42800.0,25300.0,0.009394068445351062,40283.980465092485,8887.268464540582,0.009980794470135099,0.0,0.0
BC,FA,2042-01-01T00:00:00,M,15,702.8212557720071,42800.0,26200.0,0.016421057377850636,40283.980465092485,8887.268464540582,0.017446668567944197,0.0,0.0
BC,FA,2042-01-01T00:00:00,M,16,1204.3647563804516,42800.0,27500.0,0.028139363466832983,40283.980465092485,8887.268464540582,0.029896865763403814,0.0,0.0
BC,FA,2042-01-01T00:00:00,M,17,1006.4892486996687,42800.0,28600.0,0.023516103941581042,40283.980465092485,8887.268464540582,0.024984850977470503,0.0,0.0
BC,FA,2042-01-01T00:00:00,M,18,1508.9624379754423,42800.0,30300.000000000004,0.035256131728398185,40283.980465092485,8887.268464540582,0.037458126544446434,0.0,0.0
BC,FA,2042-01-01T00:00:00,M,19,3112.0229748696074,42800.0,33600.0,0.07271081716985064,40283.980465092485,8887.268464540582,0.07725212203313143,0.0,0.0
BC,FA,2042-01-01T00:00:00,M,20,1916.1771538791,42800.0,35800.0,0.04477049424951168,40283.980465092485,8887.268464540582,0.04756672830629377,0.0,0.0
BC,FA,2042-01-01T00:00:00,M,21,620.39181178945,42800.0,37000.0,0.01449513578947313,40283.980465092485,8887.268464540582,0.015400459553073256,0.0,0.0
BC,FA,2042-01-01T00:00:00,M,22,-175.81443209831195,42800.0,37400.0,-0.004107813834072709,40283.980465092485,8887.268464540582,0.0,0.019782729958006336,0.004700920644339892
BC,FA,2042-01-01T00:00:00,M,23,-272.8809213769928,42800.0,37400.0,-0.00637572246207927,40283.980465092485,8887.268464540582,0.0,0.03070470105249589,0.007296281320240449
BC,FA,2042-01-01T00:00:00,M,24,-270.37693726482394,42800.0,37600.00000000001,-0.006317218160393083,40283.980465092485,8887.268464540582,0.0,0.030422951477566372,0.0071908759910857415
BC,FA,2042-01-01T00:00:00,M,25,-168.55651517349906,42800.0,38000.0,-0.003938236335829418,40283.980465092485,8887.268464540582,0.0,0.01896606542786737,0.0044356977677236595
BC,FA,2042-01-01T00:00:00,M,26,-67.05698229815607,42800.0,38000.0,-0.0015667519228541138,40283.980465092485,8887.268464540582,0.0,0.007545285997121334,0.001764657428898844
BC,FA,2042-01-01T00:00:00,M,27,35.06250417776755,42800.0,38400.00000000001,0.0008192173873310175,40283.980465092485,8887.268464540582,0.0008703833080286211,0.0,0.0
BC,FA,2042-01-01T00:00:00,M,28,36.63421878276131,42800.0,38100.0,0.0008559396911860119,40283.980465092485,8887.268464540582,0.0009093991795201612,0.0,0.0
BC,FA,2042-01-01T00:00:00,M,29,39.10968360838888,42800.0,38200.0,0.0009137776544016092,40283.980465092485,8887.268464540582,0.0009708495326642019,0.0,0.0
BC,FA,2042-01-01T00:00:00,M,30,41.42561147619563,42800.0,37900.0,0.0009678881186027015,40283.980465092485,8887.268464540582,0.0010283395781132505,0.0,0.0
BC,FA,2042-01-01T00:00:00,M,31,144.22068700189993,42800.0,37700.0,0.003369642219670559,40283.980465092485,8887.268464540582,0.003580100211965705,0.0,0.0
BC,FA,2042-01-01T00:00:00,M,32,47.84755965814111,42800.0,38000.0,0.0011179336368724558,40283.980465092485,8887.268464540582,0.0011877565003687441,0.0,0.0
BC,FA,2042-01-01T00:00:00,M,33,50.74116827958642,42800.0,38000.0,0.001185541314943608,40283.980465092485,8887.268464540582,0.001259586756168633,0.0,0.0
BC,FA,2042-01-01T00:00:00,M,34,153.2115394448192,42800.0,37800.0,0.003579708865533159,40283.980465092485,8887.268464540582,0.0038032870058007924,0.0,0.0
BC,FA,2042-01-01T00:00:00,M,35,254.27284873253666,42800.0,37200.0,0.005940954409638707,40283.980465092485,8887.268464540582,0.006312009036765202,0.0,0.0
BC,FA,2042-01-01T00:00:00,M,36,255.15690867890953,42800.0,36600.00000000001,0.005961610015862372,40283.980465092485,8887.268464540582,0.0063339547317081074,0.0,0.0
BC,FA,2042-01-01T00:00:00,M,37,156.20205360895488,42800.0,36200.0,0.003649580691798011,40283.980465092485,8887.268464540582,0.0038775228218648743,0.0,0.0
BC,FA,2042-01-01T00:00:00,M,38,158.36301028410526,42800.0,36300.0,0.003700070333740777,40283.980465092485,8887.268464540582,0.003931165899093127,0.0,0.0
BC,FA,2042-01-01T00:00:00,M,39,59.94923619155452,42800.0,35800.0,0.0014006830885877225,40283.980465092485,8887.268464540582,0.0014881656554148785,0.0,0.0
BC,FA,2042-01-01T00:00:00,M,40,161.38211890583625,42800.0,35299.99999999999,0.003770610254809258,40283.980465092485,8887.268464540582,0.004006111537207194,0.0,0.0
BC,FA,2042-01-01T00:00:00,M,41,167.7036545856099,42800.0,37300.0,0.003918309686579671,40283.980465092485,8887.268464540582,0.004163035843266064,0.0,0.0
BC,FA,2042-01-01T00:00:00,M,42,174.68213034966902,42800.0,39200.0,0.004081358185739931,40283.980465092485,8887.268464540582,0.004336267874547237,0.0,0.0
BC,FA,2042-01-01T00:00:00,M,43,180.07934803435637,42800.0,40000.0,0.004207461402671878,40283.980465092485,8887.268464540582,0.0044702471293868685,0.0,0.0
BC,FA,2042-01-01T00:00:00,M,44,185.28073962220515,42800.0,40500.0,0.004328989243509466,40283.980465092485,8887.268464540582,0.004599365243530429,0.0,0.0
BC,FA,2042-01-01T00:00:00,M,45,-8.306153213132347,42800.0,41300.0,-0.00019406900030683054,40283.980465092485,8887.268464540582,0.0,0.0009346126142439791,0.00020111751121385828
BC,FA,2042-01-01T00:00:00,M,46,98.20298151558382,42800.0,42100.0,0.002294462184943547,40283.980465092485,8887.268464540582,0.002437767578620495,0.0,0.0
BC,FA,2042-01-01T00:00:00,M,47,104.9284000814223,42800.0,42700.0,0.0024515981327435116,40283.980465092485,8887.268464540582,0.002604717777885592,0.0,0.0
BC,FA,2042-01-01T00:00:00,M,48,111.06857659292291,42800.0,42900.0,0.002595060200769227,40283.980465092485,8887.268464540582,0.0027571400668602703,0.0,0.0
BC,FA,2042-01-01T00:00:00,M,49,17.85956973892462,42800.0,43000.00000000001,0.0004172796667973042,40283.980465092485,8887.268464540582,0.00044334173367998177,0.0,0.0
BC,FA,2042-01-01T00:00:00,M,50,25.009769431890163,42800.0,43200.0,0.0005843404072871534,40283.980465092485,8887.268464540582,0.0006208365991429776,0.0,0.0
BC,FA,2042-01-01T00:00:00,M,51,32.82506962989282,42800.0,43400.0,0.0007669408792031034,40283.980465092485,8887.268464540582,0.000814841762182288,0.0,0.0
BC,FA,2042-01-01T00:00:00,M,52,-59.00930059357779,42800.0,43400.0,-0.0013787219764854624,40283.980465092485,8887.268464540582,0.0,0.00663975672941801,0.0013596613039994882
BC,FA,2042-01-01T00:00:00,M,53,46.37191178117064,42800.0,42599.99999999999,0.0010834558827376318,40283.980465092485,8887.268464540582,0.001151125366604563,0.0,0.0
BC,FA,2042-01-01T00:00:00,M,54,50.53052614888293,42800.0,41300.0,0.0011806197698337132,40283.980465092485,8887.268464540582,0.0012543578257533275,0.0,0.0
BC,FA,2042-01-01T00:00:00,M,55,58.36007101045834,42800.0,40799.99999999999,0.0013635530609920174,40283.980465092485,8887.268464540582,0.0014487165949509243,0.0,0.0
BC,FA,2042-01-01T00:00:00,M,56,68.98949999074102,42800.0,40899.99999999999,0.0016119042053911454,40283.980465092485,8887.268464540582,0.0017125790250673689,0.0,0.0
BC,FA,2042-01-01T00:00:00,M,57,77.01316298327583,42800.0,40200.0,0.001799372966898968,40283.980465092485,8887.268464540582,0.0019117565368201512,0.0,0.0
BC,FA,2042-01-01T00:00:00,M,58,84.82209395748214,42800.0,39299.99999999999,0.0019818246251748165,40283.980465092485,8887.268464540582,0.0021056035917548796,0.0,0.0
BC,FA,2042-01-01T00:00:00,M,59,92.16285968817829,42800.0,38200.0,0.0021533378431817358,40283.980465092485,8887.268464540582,0.0022878290234511637,0.0,0.0
BC,FA,2042-01-01T00:00:00,M,60,101.15705963497749,42800.0,37300.0,0.0023634827017518104,40283.980465092485,8887.268464540582,0.002511098914930557,0.0,0.0
BC,FA,2042-01-01T00:00:00,M,61,208.78970449963526,42800.0,36199.99999999999,0.004878264123823254,40283.980465092485,8887.268464540582,0.005182946225499216,0.0,0.0
BC,FA,2042-01-01T00:00:00,M,62,116.95319424032641,42800.0,34900.0,0.002732551267297346,40283.980465092485,8887.268464540582,0.00290321842305704,0.0,0.0
BC,FA,2042-01-01T00:00:00,M,63,222.8298700967498,42800.0,33400.0,0.005206305376092285,40283.980465092485,8887.268464540582,0.005531475974422138,0.0,0.0
BC,FA,2042-01-01T00:00:00,M,64,132.83920168149052,42800.0,32300.0,0.003103719665455386,40283.980465092485,8887.268464540582,0.003297568913196164,0.0,0.0
BC,FA,2042-01-01T00:00:00,M,65,148.2294845335964,42800.0,31899.999999999996,0.003463305713401785,40283.980465092485,8887.268464540582,0.0036796136534234143,0.0,0.0
BC,FA,2042-01-01T00:00:00,M,66,164.09495643613627,42800.0,31400.0,0.0038339943092555204,40283.980465092485,8887.268464540582,0.004073454374210375,0.0,0.0
BC,FA,2042-01-01T00:00:00,M,67,184.2295480259054,42800.0,31200.0,0.004304428692194051,40283.980465092485,8887.268464540582,0.004573270712052571,0.0,0.0
BC,FA,2042-01-01T00:00:00,M,68,204.29854611681367,42800.0,30799.999999999996,0.004773330516747983,40283.980465092485,8887.268464540582,0.005071458772398266,0.0,0.0
BC,FA,2042-01-01T00:00:00,M,69,129.31945524588082,42800.0,30600.0,0.003021482599202823,40283.980465092485,8887.268464540582,0.0032101955604397327,0.0,0.0
BC,FA,2042-01-01T00:00:00,M,70,162.79312059633958,42800.0,31000.0,0.0038035775840266255,40283.980465092485,8887.268464540582,0.004041137909333603,0.0,0.0
BC,FA,2042-01-01T00:00:00,M,71,112.79597229727369,42800.0,32299.999999999996,0.002635419913487703,40283.980465092485,8887.268464540582,0.002800020529128581,0.0,0.0
BC,FA,2042-01-01T00:00:00,M,72,147.666471316792,42800.0,32100.0,0.0034501511989904676,40283.980465092485,8887.268464540582,0.0036656375465366512,0.0,0.0
BC,FA,2042-01-01T00:00:00,M,73,78.40345774400703,42800.0,31299.999999999996,0.0018318564893459587,40283.980465092485,8887.268464540582,0.0019462688850210926,0.0,0.0
BC,FA,2042-01-01T00:00:00,M,74,105.36212687132138,42800.0,30200.0,0.0024617319362458265,40283.980465092485,8887.268464540582,0.002615484509099627,0.0,0.0
BC,FA,2042-01-01T00:00:00,M,75,141.25015236600666,42800.0,29500.0,0.00330023720481324,40283.980465092485,8887.268464540582,0.003506360362983618,0.0,0.0
BC,FA,2042-01-01T00:00:00,M,76,9.91939977099537,42800.0,30099.999999999996,0.00023176167689241517,40283.980465092485,8887.268464540582,0.00024623683301581593,0.0,0.0
BC,FA,2042-01-01T00:00:00,M,77,92.3071054950633,42800.0,31100.0,0.002156708072314563,40283.980465092485,8887.268464540582,0.002291409747233164,0.0,0.0
BC,FA,2042-01-01T00:00:00,M,78,74.34954159394692,42800.0,31500.0,0.0017371388222884795,40283.980465092485,8887.268464540582,0.0018456354296560507,0.0,0.0
BC,FA,2042-01-01T00:00:00,M,79,48.7397865424864,42800.0,31199.999999999996,0.0011387800594038879,40283.980465092485,8887.268464540582,0.0012099049294476045,0.0,0.0
BC,FA,2042-01-01T00:00:00,M,80,79.04629173021385,42800.0,29199.999999999996,0.0018468759750049964,40283.980465092485,8887.268464540582,0.0019622264438021535,0.0,0.0
BC,FA,2042-01-01T00:00:00,M,81,43.456595202846074,42800.0,28199.999999999996,0.0010153410094122914,40283.980465092485,8887.268464540582,0.0010787562376191394,0.0,0.0
BC,FA,2042-01-01T00:00:00,M,82,-4.605803246908181,42800.0,26700.0,-0.00010761222539505096,40283.980465092485,8887.268464540582,0.0,0.0005182473405956993,0.000172501994266224
BC,FA,2042-01-01T00:00:00,M,83,33.31050998149294,42800.0,24900.0,0.0007782829434928258,40283.980465092485,8887.268464540582,0.0008268922186167202,0.0,0.0
BC,FA,2042-01-01T00:00:00,M,84,-104.12551092035937,42800.0,23500.0,-0.0024328390401953124,40283.980465092485,8887.268464540582,0.0,0.011716255825489123,0.004430872805121676
BC,FA,2042-01-01T00:00:00,M,85,-82.9577680546754,42800.0,21399.999999999996,-0.0019382656087540981,40283.980465092485,8887.268464540582,0.0,0.009334450555383757,0.0038765312175081967
BC,FA,2042-01-01T00:00:00,M,86,-141.7611691821694,42800.0,19700.0,-0.003312176850050687,40283.980465092485,8887.268464540582,0.0,0.01595103937140911,0.0071959984356431165
BC,FA,2042-01-01T00:00:00,M,87,-222.11233391115456,42800.0,17699.999999999996,-0.005189540511942863,40283.980465092485,8887.268464540582,0.0,0.024992193585392765,0.012548719430008735
BC,FA,2042-01-01T00:00:00,M,88,-146.4667450733632,42800.0,15399.999999999996,-0.0034221202119944674,40283.980465092485,8887.268464540582,0.0,0.016480513181046864,0.009510827602166443
BC,FA,2042-01-01T00:00:00,M,89,-252.74419698023848,42800.0,13400.0,-0.005905238247201834,40283.980465092485,8887.268464540582,0.0,0.028438906508638232,0.01886150723733123
BC,FA,2042-01-01T00:00:00,M,90,-284.2062167614058,42800.0,11399.999999999998,-0.006640332167322566,40283.980465092485,8887.268464540582,0.0,0.03197902909036264,0.02493036989135139
BC,FA,2042-01-01T00:00:00,M,91,-309.71444573617373,42800.0,9700.0,-0.007236318825611536,40283.980465092485,8887.268464540582,0.0,0.034849228080811,0.03192932430269832
BC,FA,2042-01-01T00:00:00,M,92,-249.81119804629452,42800.0,8200.0,-0.0058367102347265075,40283.980465092485,8887.268464540582,0.0,0.028108883966206172,0.03046478024954811
BC,FA,2042-01-01T00:00:00,M,93,-234.06401471251593,42800.0,6599.999999999999,-0.0054687853904793445,40283.980465092485,8887.268464540582,0.0,0.026337002831231072,0.03546424465341151
BC,FA,2042-01-01T00:00:00,M,94,-202.40845586632895,42800.0,5399.999999999999,-0.004729169529587125,40283.980465092485,8887.268464540582,0.0,0.02277510313477317,0.03748304738265352
BC,FA,2042-01-01T00:00:00,M,95,-287.6876205522085,42800.0,4200.0,-0.006721673377388049,40283.980465092485,8887.268464540582,0.0,0.032370758428200606,0.0684970525124306
BC,FA,2042-01-01T00:00:00,M,96,-214.27355105670176,42800.0,2699.9999999999995,-0.00500639137982948,40283.980465092485,8887.268464540582,0.0,0.024110169723310863,0.07936057446544512
BC,FA,2042-01-01T00:00:00,M,97,-141.71172495442192,42800.0,1899.9999999999998,-0.0033110216110846242,40283.980465092485,8887.268464540582,0.0,0.0159454758815759,0.07458511839706418
BC,FA,2042-01-01T00:00:00,M,98,-119.87185607071888,42800.0,1400.0,-0.0028007443007177306,40283.980465092485,8887.268464540582,0.0,0.013488042647636561,0.08562275433622776
BC,FA,2042-01-01T00:00:00,M,99,-17.236574025172217,42800.0,999.9999999999998,-0.000402723692176921,40283.980465092485,8887.268464540582,0.0,0.0019394681384887413,0.01723657402517222
BC,FA,2042-01-01T00:00:00,M,100,911.9726172151219,42800.0,1600.0,0.02130777143025986,40283.980465092485,8887.268464540582,0.022638592479841433,0.0,0.0
BC,FA,2043-01-01T00:00:00,F,1,251.1880356198235,43300.0,21100.0,0.00580110936766336,42229.43633307521,10355.647312432136,0.0059481740092061424,0.0,0.0
BC,FA,2043-01-01T00:00:00,F,2,202.2520882844983,43300.0,21000.000000000004,0.004670948921120054,42229.43633307521,10355.647312432136,0.004789362725310381,0.0,0.0
BC,FA,2043-01-01T00:00:00,F,3,101.8016555899776,43300.0,20900.000000000004,0.0023510774963043327,42229.43633307521,10355.647312432136,0.00241067995288973,0.0,0.0
BC,FA,2043-01-01T00:00:00,F,4,201.49415317292733,43300.0,20900.000000000004,0.004653444646026035,42229.43633307521,10355.647312432136,0.004771414697172072,0.0,0.0
BC,FA,2043-01-01T00:00:00,F,5,201.34473411438375,43300.0,20900.0,0.00464999385945459,42229.43633307521,10355.647312432136,0.004767876429283174,0.0,0.0
BC,FA,2043-01-01T00:00:00,F,6,301.20109036013673,43300.0,21100.0,0.00695614527390616,42229.43633307521,10355.647312432136,0.007132491373658902,0.0,0.0
BC,FA,2043-01-01T00:00:00,F,7,201.06105644067065,43300.0,21200.0,0.004643442412024726,42229.43633307521,10355.647312432136,0.004761158895298688,0.0,0.0
BC,FA,2043-01-01T00:00:00,F,8,100.91813608000666,43300.0,21299.999999999996,0.0023306728886837566,42229.43633307521,10355.647312432136,0.0023897580655360276,0.0,0.0
BC,FA,2043-01-01T00:00:00,F,9,200.9224669105788,43300.0,21500.0,0.004640241730036462,42229.43633307521,10355.647312432136,0.004757877072425213,0.0,0.0
BC,FA,2043-01-01T00:00:00,F,10,200.93112857170854,43300.0,21700.0,0.004640441768399736,42229.43633307521,10355.647312432136,0.004758082181985791,0.0,0.0
BC,FA,2043-01-01T00:00:00,F,11,200.94412106340678,43300.0,22000.0,0.00464074182594473,42229.43633307521,10355.647312432136,0.004758389846326745,0.0,0.0
BC,FA,2043-01-01T00:00:00,F,12,201.11663558756482,43300.0,22300.0,0.004644725995093876,42229.43633307521,10355.647312432136,0.004762475018641084,0.0,0.0
BC,FA,2043-01-01T00:00:00,F,13,201.29348192629914,43300.0,22600.0,0.004648810206150096,42229.43633307521,10355.647312432136,0.004766662769037264,0.0,0.0
BC,FA,2043-01-01T00:00:00,F,14,401.4746601157749,43300.0,23100.0,0.009271932104290413,42229.43633307521,10355.647312432136,0.00950698600258913,0.0,0.0
BC,FA,2043-01-01T00:00:00,F,15,802.0095389272792,43300.0,24000.0,0.018522160252362106,42229.43633307521,10355.647312432136,0.018991717829279293,0.0,0.0
BC,FA,2043-01-01T00:00:00,F,16,1302.9573259753925,43300.0,25399.999999999996,0.030091393209593358,42229.43633307521,10355.647312432136,0.03085424384305319,0.0,0.0
BC,FA,2043-01-01T00:00:00,F,17,1004.417668405782,43300.0,26500.0,0.023196712896207436,42229.43633307521,10355.647312432136,0.023784775635735767,0.0,0.0
BC,FA,2043-01-01T00:00:00,F,18,1505.760389278581,43300.0,28099.999999999996,0.03477506672698801,42229.43633307521,10355.647312432136,0.035656653747453165,0.0,0.0
BC,FA,2043-01-01T00:00:00,F,19,2907.3283769696427,43300.0,31100.000000000004,0.06714384242424117,42229.43633307521,10355.647312432136,0.06884601428346668,0.0,0.0
BC,FA,2043-01-01T00:00:00,F,20,1609.2638268321607,43300.0,32900.0,0.03716544634716307,42229.43633307521,10355.647312432136,0.03810763217722001,0.0,0.0
BC,FA,2043-01-01T00:00:00,F,21,410.7849383025459,43300.0,33600.0,0.009486950076271268,42229.43633307521,10355.647312432136,0.00972745492178896,0.0,0.0
BC,FA,2043-01-01T00:00:00,F,22,-288.18411354275304,43300.0,33800.0,-0.00665552225271947,42229.43633307521,10355.647312432136,0.0,0.027828691422967154,0.008526157205406894
BC,FA,2043-01-01T00:00:00,F,23,-87.40869917375676,43300.0,34100.0,-0.002018676655283066,42229.43633307521,10355.647312432136,0.0,0.008440679422214494,0.0025633049611072365
BC,FA,2043-01-01T00:00:00,F,24,13.238192838944087,43300.0,34600.0,0.0003057319362342745,42229.43633307521,10355.647312432136,0.00031348258438807495,0.0,0.0
BC,FA,2043-01-01T00:00:00,F,25,113.46775687662011,43300.0,35300.0,0.0026205024682822197,42229.43633307521,10355.647312432136,0.0026869351506770924,0.0,0.0
BC,FA,2043-01-01T00:00:00,F,26,13.69732091428159,43300.0,35800.0,0.00031633535598802747,42229.43633307521,10355.647312432136,0.00032435481274831717,0.0,0.0
BC,FA,2043-01-01T00:00:00,F,27,114.03376512506657,43300.0,36100.0,0.002633574252311006,42229.43633307521,10355.647312432136,0.0027003383191205967,0.0,0.0
BC,FA,2043-01-01T00:00:00,F,28,114.33339412931673,43300.0,36200.0,0.0026404940907463446,42229.43633307521,10355.647312432136,0.0027074335832365302,0.0,0.0
BC,FA,2043-01-01T00:00:00,F,29,214.89583985639183,43300.0,36400.0,0.004962952421625678,42229.43633307521,10355.647312432136,0.005088768842696575,0.0,0.0
BC,FA,2043-01-01T00:00:00,F,30,115.58895783260232,43300.0,36700.0,0.00266949094301622,42229.43633307521,10355.647312432136,0.0027371655382970386,0.0,0.0
BC,FA,2043-01-01T00:00:00,F,31,216.42651234264486,43300.0,36900.0,0.004998302825465239,42229.43633307521,10355.647312432136,0.0051250154189989485,0.0,0.0
BC,FA,2043-01-01T00:00:00,F,32,117.43883487068524,43300.0,36700.0,0.0027122132764592433,42229.43633307521,10355.647312432136,0.0027809709309026234,0.0,0.0
BC,FA,2043-01-01T00:00:00,F,33,118.7486165930095,43300.0,37200.0,0.0027424622769748152,42229.43633307521,10355.647312432136,0.002811986777573975,0.0,0.0
BC,FA,2043-01-01T00:00:00,F,34,220.14222875537962,43300.0,37399.99999999999,0.005084116137537635,42229.43633307521,10355.647312432136,0.005213004194966212,0.0,0.0
BC,FA,2043-01-01T00:00:00,F,35,221.65861183135712,43300.0,37700.0,0.005119136531902012,42229.43633307521,10355.647312432136,0.005248912395682351,0.0,0.0
BC,FA,2043-01-01T00:00:00,F,36,223.24014318566333,43300.0,37200.0,0.005155661505442571,42229.43633307521,10355.647312432136,0.00528636331834758,0.0,0.0
BC,FA,2043-01-01T00:00:00,F,37,224.70333113098604,43300.0,36600.0,0.005189453374849562,42229.43633307521,10355.647312432136,0.005321011849618093,0.0,0.0
BC,FA,2043-01-01T00:00:00,F,38,26.470536363718566,43300.0,36300.0,0.0006113287843814911,42229.43633307521,10355.647312432136,0.000626826656054278,0.0,0.0
BC,FA,2043-01-01T00:00:00,F,39,127.85787814504147,43300.0,36500.0,0.0029528378324489945,42229.43633307521,10355.647312432136,0.0030276955897917067,0.0,0.0
BC,FA,2043-01-01T00:00:00,F,40,128.61132847723638,43300.0,35800.0,0.0029702385329615794,42229.43633307521,10355.647312432136,0.00304553741761655,0.0,0.0
BC,FA,2043-01-01T00:00:00,F,41,129.39359901858552,43300.0,35500.0,0.002988304827219065,42229.43633307521,10355.647312432136,0.0030640617127356976,0.0,0.0
BC,FA,2043-01-01T00:00:00,F,42,132.13476002608513,43300.0,37500.0,0.0030516110860527744,42229.43633307521,10355.647312432136,0.0031289728563720777,0.0,0.0
BC,FA,2043-01-01T00:00:00,F,43,134.54745380689565,43300.0,39000.0,0.0031073314966950497,42229.43633307521,10355.647312432136,0.0031861058420406744,0.0,0.0
BC,FA,2043-01-01T00:00:00,F,44,36.41443423794408,43300.0,39400.0,0.0008409800054952443,42229.43633307521,10355.647312432136,0.0008622997936968278,0.0,0.0
BC,FA,2043-01-01T00:00:00,F,45,38.509022772312164,43300.0,39800.0,0.0008893538746492417,42229.43633307521,10355.647312432136,0.0009118999947946471,0.0,0.0
BC,FA,2043-01-01T00:00:00,F,46,140.62329032801063,43300.0,40000.0,0.003247651046836273,42229.43633307521,10355.647312432136,0.0033299826504639076,0.0,0.0
BC,FA,2043-01-01T00:00:00,F,47,44.13705139103695,43300.0,41300.0,0.0010193314409015462,42229.43633307521,10355.647312432136,0.0010451726384154373,0.0,0.0
BC,FA,2043-01-01T00:00:00,F,48,47.048976174097334,43300.0,41500.0,0.0010865814358913934,42229.43633307521,10355.647312432136,0.0011141274963513386,0.0,0.0
BC,FA,2043-01-01T00:00:00,F,49,50.28831013887975,43300.0,41700.0,0.001161392843854036,42229.43633307521,10355.647312432136,0.001190835457576132,0.0,0.0
BC,FA,2043-01-01T00:00:00,F,50,-45.320766224569525,43300.0,42200.0,-0.0010466689659253932,42229.43633307521,10355.647312432136,0.0,0.004376430063445783,0.00107395180626942
BC,FA,2043-01-01T00:00:00,F,51,-40.06621432730026,43300.0,42900.0,-0.0009253167281131699,42229.43633307521,10355.647312432136,0.0,0.0038690207495962192,0.000933944389913759
BC,FA,2043-01-01T00:00:00,F,52,-34.95479139331292,43300.0,43200.0,-0.0008072700090834392,42229.43633307521,10355.647312432136,0.0,0.0033754327796920117,0.0008091386896600212
BC,FA,2043-01-01T00:00:00,F,53,70.37537114603765,43300.0,43500.0,0.0016252972551047957,42229.43633307521,10355.647312432136,0.0016665003669707474,0.0,0.0
BC,FA,2043-01-01T00:00:00,F,54,74.81080368244875,43300.0,42800.0,0.001727732186661634,42229.43633307521,10355.647312432136,0.0017715321391551454,0.0,0.0
BC,FA,2043-01-01T00:00:00,F,55,79.86253828337067,43300.0,42200.0,0.0018444004222487452,42229.43633307521,10355.647312432136,0.0018911580456218455,0.0,0.0
BC,FA,2043-01-01T00:00:00,F,56,185.34294771252462,43300.0,41700.00000000001,0.0042804375915132704,42229.43633307521,10355.647312432136,0.004388951494655853,0.0,0.0
BC,FA,2043-01-01T00:00:00,F,57,192.78371588518348,43300.0,41799.99999999999,0.004452279812590843,42229.43633307521,10355.647312432136,0.004565150109147684,0.0,0.0
BC,FA,2043-01-01T00:00:00,F,58,199.1755736083287,43300.0,41200.0,0.004599897773864404,42229.43633307521,10355.647312432136,0.004716510351627145,0.0,0.0
BC,FA,2043-01-01T00:00:00,F,59,107.00850418791379,43300.0,40800.0,0.0024713280412913116,42229.43633307521,10355.647312432136,0.002533978984325251,0.0,0.0
BC,FA,2043-01-01T00:00:00,F,60,115.03040747381601,43300.0,40200.0,0.0026565913966239262,42229.43633307521,10355.647312432136,0.0027239389739076663,0.0,0.0
BC,FA,2043-01-01T00:00:00,F,61,123.652110446179,43300.0,39700.0,0.0028557069387108312,42229.43633307521,10355.647312432136,0.002928102318745169,0.0,0.0
BC,FA,2043-01-01T00:00:00,F,62,130.71766392523568,43300.0,38400.00000000001,0.003018883693423457,42229.43633307521,10355.647312432136,0.0030954157875617712,0.0,0.0
BC,FA,2043-01-01T00:00:00,F,63,140.34080428961897,43300.0,37700.0,0.003241127119852632,42229.43633307521,10355.647312432136,0.003323293334599883,0.0,0.0
BC,FA,2043-01-01T00:00:00,F,64,147.1909066422595,43300.0,36100.00000000001,0.0033993280979736605,42229.43633307521,10355.647312432136,0.003485504885296698,0.0,0.0
BC,FA,2043-01-01T00:00:00,F,65,156.39272475892358,43300.0,34999.99999999999,0.003611841218450891,42229.43633307521,10355.647312432136,0.003703405452192424,0.0,0.0
BC,FA,2043-01-01T00:00:00,F,66,-29.86572270130273,43300.0,34500.0,-0.0006897395543026035,42229.43633307521,10355.647312432136,0.0,0.0028840034620963195,0.0008656731217768907
BC,FA,2043-01-01T00:00:00,F,67,86.98187565553235,43300.0,34600.0,0.0020088192992039804,42229.43633307521,10355.647312432136,0.002059745125875759,0.0,0.0
BC,FA,2043-01-01T00:00:00,F,68,102.28925330318452,43300.0,34000.00000000001,0.0023623384134684646,42229.43633307521,10355.647312432136,0.002422226346958576,0.0,0.0
BC,FA,2043-01-01T00:00:00,F,69,221.10137663469504,43300.0,33800.0,0.0051062673587689384,42229.43633307521,10355.647312432136,0.005235716974548453,0.0,0.0
BC,FA,2043-01-01T00:00:00,F,70,144.63232133409474,43300.0,33800.0,0.00334023836799295,42229.43633307521,10355.647312432136,0.0034249171642581192,0.0,0.0
BC,FA,2043-01-01T00:00:00,F,71,72.62044940728083,43300.0,34000.00000000001,0.0016771466375815434,42229.43633307521,10355.647312432136,0.0017196641895597024,0.0,0.0
BC,FA,2043-01-01T00:00:00,F,72,17.56791281721962,43300.0,35700.0,0.0004057254692198527,42229.43633307521,10355.647312432136,0.00041601106580387785,0.0,0.0
BC,FA,2043-01-01T00:00:00,F,73,149.8973459367844,43300.0,35600.0,0.0034618324696716954,42229.43633307521,10355.647312432136,0.0035495938130573825,0.0,0.0
BC,FA,2043-01-01T00:00:00,F,74,83.84761286666617,43300.0,35099.99999999999,0.0019364344772902118,42229.43633307521,10355.647312432136,0.0019855252673830863,0.0,0.0
BC,FA,2043-01-01T00:00:00,F,75,109.51779350888683,43300.0,33700.0,0.0025292792958172476,42229.43633307521,10355.647312432136,0.0025933993682769,0.0,0.0
BC,FA,2043-01-01T00:00:00,F,76,-57.78762018000998,43300.0,32500.0,-0.0013345870711318703,42229.43633307521,10355.647312432136,0.0,0.005580300143153285,0.001778080620923384
BC,FA,2043-01-01T00:00:00,F,77,4.479789237717341,43300.0,33300.00000000001,0.00010345933574404945,42229.43633307521,10355.647312432136,0.00010608214616894264,0.0,0.0
BC,FA,2043-01-01T00:00:00,F,78,-23.92165186150669,43300.0,34000.0,-0.0005524630914897618,42229.43633307521,10355.647312432136,0.0,0.0023100102909828077,0.0007035779959266674
BC,FA,2043-01-01T00:00:00,F,79,63.87019480870367,43300.0,35100.0,0.0014750622357668284,42229.43633307521,10355.647312432136,0.001512456721063995,0.0,0.0
BC,FA,2043-01-01T00:00:00,F,80,-69.86674877534824,43300.0,34300.00000000001,-0.0016135507800311372,42229.43633307521,10355.647312432136,0.0,0.0067467292644731135,0.0020369314511763333
BC,FA,2043-01-01T00:00:00,F,81,-226.27892156470625,43300.0,32200.000000000004,-0.005225841144681438,42229.43633307521,10355.647312432136,0.0,0.021850775208716738,0.007027295700767274
BC,FA,2043-01-01T00:00:00,F,82,-252.923787779142,43300.0,31300.0,-0.005841196022612979,42229.43633307521,10355.647312432136,0.0,0.02442375451271912,0.008080632197416678
BC,FA,2043-01-01T00:00:00,F,83,-186.7046209143955,43300.0,30000.0,-0.004311885009570335,42229.43633307521,10355.647312432136,0.0,0.01802925643192322,0.006223487363813183
BC,FA,2043-01-01T00:00:00,F,84,-128.60845312091624,43300.0,28300.000000000004,-0.002970172127503839,42229.43633307521,10355.647312432136,0.0,0.012419161182374329,0.004544468308159584
BC,FA,2043-01-01T00:00:00,F,85,-257.77184528919315,43300.0,26700.000000000004,-0.005953160399288526,42229.43633307521,10355.647312432136,0.0,0.02489191042454039,0.009654376228059668
BC,FA,2043-01-01T00:00:00,F,86,-307.83433947250523,43300.0,24600.0,-0.007109338094053239,42229.43633307521,10355.647312432136,0.0,0.029726228615660242,0.012513591035467692
BC,FA,2043-01-01T00:00:00,F,87,-55.884170721143164,43300.0,22900.0,-0.0012906274993335603,42229.43633307521,10355.647312432136,0.0,0.005396492274708239,0.00244035680004992
BC,FA,2043-01-01T00:00:00,F,88,-290.7244538356463,43300.0,21000.000000000004,-0.006714190619760884,42229.43633307521,10355.647312432136,0.0,0.028074001080224745,0.013844021611221249
BC,FA,2043-01-01T00:00:00,F,89,-375.1216724229562,43300.0,18500.000000000004,-0.00866331806981423,42229.43633307521,10355.647312432136,0.0,0.03622387486802646,0.020276847157997626
BC,FA,2043-01-01T00:00:00,F,90,-381.8342560483143,43300.0,16000.000000000002,-0.008818343095804025,42229.43633307521,10355.647312432136,0.0,0.03687207998962223,0.02386464100301964
BC,FA,2043-01-01T00:00:00,F,91,-395.1157275337664,43300.0,13700.000000000002,-0.00912507453888606,42229.43633307521,10355.647312432136,0.0,0.03815461415525643,0.028840564053559586
BC,FA,2043-01-01T00:00:00,F,92,-409.8751289924494,43300.0,11700.0,-0.009465938313913382,42229.43633307521,10355.647312432136,0.0,0.03957986561597044,0.03503206230704695
BC,FA,2043-01-01T00:00:00,F,93,-336.1351526078179,43300.0,10000.000000000002,-0.007762936549834131,42229.43633307521,10355.647312432136,0.0,0.03245911554020208,0.03361351526078178
BC,FA,2043-01-01T00:00:00,F,94,-317.3902798457748,43300.0,8100.0,-0.007330029557639141,42229.43633307521,10355.647312432136,0.0,0.030649004380898737,0.03918398516614503
BC,FA,2043-01-01T00:00:00,F,95,-290.9246173256997,43300.0,6600.0,-0.006718813333157037,42229.43633307521,10355.647312432136,0.0,0.02809333000134522,0.04407948747359087
BC,FA,2043-01-01T00:00:00,F,96,-279.31411809127076,43300.0,5300.0,-0.006450672473239509,42229.43633307521,10355.647312432136,0.0,0.02697215438729255,0.052700776998352974
BC,FA,2043-01-01T00:00:00,F,97,-208.9940247744662,43300.0,3500.0,-0.004826651842366425,42229.43633307521,10355.647312432136,0.0,0.020181647604352575,0.05971257850699034
BC,FA,2043-01-01T00:00:00,F,98,-144.86979311727964,43300.0,2500.0,-0.0033457227047870588,42229.43633307521,10355.647312432136,0.0,0.013989448341231253,0.057947917246911854
BC,FA,2043-01-01T00:00:00,F,99,-141.90687174673758,43300.0,1800.0000000000002,-0.003277294959508951,42229.43633307521,10355.647312432136,0.0,0.013703331859938479,0.07883715097040976
BC,FA,2043-01-01T00:00:00,F,100,2055.5293650796184,43300.0,3400.0000000000005,0.047471809817081254,42229.43633307521,10355.647312432136,0.04867527354301136,0.0,0.0
BC,FA,2043-01-01T00:00:00,M,1,353.08096850044967,43300.0,22200.0,0.008154294884536943,42229.43633307521,10355.647312432136,0.00836101542335547,0.0,0.0
BC,FA,2043-01-01T00:00:00,M,2,303.41610584393857,43300.0,22199.999999999996,0.007007300365910822,42229.43633307521,10355.647312432136,0.007184943304732085,0.0,0.0
BC,FA,2043-01-01T00:00:00,M,3,302.37636791468685,43300.0,22199.999999999996,0.006983287942602468,42229.43633307521,10355.647312432136,0.00716032213950859,0.0,0.0
BC,FA,2043-01-01T00:00:00,M,4,201.64118658846928,43300.0,22199.999999999996,0.004656840336916149,42229.43633307521,10355.647312432136,0.004774896472642202,0.0,0.0
BC,FA,2043-01-01T00:00:00,M,5,401.3427803832092,43300.0,22400.0,0.009268886382984046,42229.43633307521,10355.647312432136,0.009503863068824978,0.0,0.0
BC,FA,2043-01-01T00:00:00,M,6,401.0538723653226,43300.0,22600.0,0.009262214142386203,42229.43633307521,10355.647312432136,0.009497021679429963,0.0,0.0
BC,FA,2043-01-01T00:00:00,M,7,300.91552323943324,43300.0,22800.0,0.006949550190287142,42229.43633307521,10355.647312432136,0.00712572909725883,0.0,0.0
BC,FA,2043-01-01T00:00:00,M,8,200.92773021596076,43300.0,23000.000000000004,0.004640363284433274,42229.43633307521,10355.647312432136,0.0047580017083625826,0.0,0.0
BC,FA,2043-01-01T00:00:00,M,9,300.93586820030396,43300.0,23300.0,0.006950020050815334,42229.43633307521,10355.647312432136,0.007126210869279424,0.0,0.0
BC,FA,2043-01-01T00:00:00,M,10,300.9480751768351,43300.0,23600.0,0.00695030196713245,42229.43633307521,10355.647312432136,0.007126499932491986,0.0,0.0
BC,FA,2043-01-01T00:00:00,M,11,300.96435114553606,43300.0,24000.0,0.006950677855555106,42229.43633307521,10355.647312432136,0.007126885350108565,0.0,0.0
BC,FA,2043-01-01T00:00:00,M,12,201.30751123553273,43300.0,24300.0,0.004649134208672811,42229.43633307521,10355.647312432136,0.004766994985388033,0.0,0.0
BC,FA,2043-01-01T00:00:00,M,13,301.4892655159201,43300.0,24700.0,0.00696280058928222,42229.43633307521,10355.647312432136,0.007139315408758742,0.0,0.0
BC,FA,2043-01-01T00:00:00,M,14,402.01825909400577,43300.0,25200.0,0.009284486353210294,42229.43633307521,10355.647312432136,0.009519858515827134,0.0,0.0
BC,FA,2043-01-01T00:00:00,M,15,802.7453017461921,43300.0,26100.0,0.018539152465270027,42229.43633307521,10355.647312432136,0.01900914081387965,0.0,0.0
BC,FA,2043-01-01T00:00:00,M,16,1104.2645508609276,43300.0,27300.000000000004,0.025502645516418652,42229.43633307521,10355.647312432136,0.026149166239191272,0.0,0.0
BC,FA,2043-01-01T00:00:00,M,17,1006.3414176226543,43300.0,28500.0,0.023241141284587857,42229.43633307521,10355.647312432136,0.023830330333688615,0.0,0.0
BC,FA,2043-01-01T00:00:00,M,18,1508.7290839170746,43300.0,30100.000000000004,0.034843627804089485,42229.43633307521,10355.647312432136,0.03572695292490556,0.0,0.0
BC,FA,2043-01-01T00:00:00,M,19,3011.714516861859,43300.0,33300.0,0.06955460777971961,42229.43633307521,10355.647312432136,0.07131789524983559,0.0,0.0
BC,FA,2043-01-01T00:00:00,M,20,1915.7257744488234,43300.0,35500.0,0.044243089479187606,42229.43633307521,10355.647312432136,0.0453647015162354,0.0,0.0
BC,FA,2043-01-01T00:00:00,M,21,619.6701873786151,43300.0,36400.0,0.014311089777797116,42229.43633307521,10355.647312432136,0.014673891985938563,0.0,0.0
BC,FA,2043-01-01T00:00:00,M,22,-176.65779375522834,43300.0,36800.0,-0.004079856668711971,42229.43633307521,10355.647312432136,0.0,0.017059077856306244,0.004800483525957292
BC,FA,2043-01-01T00:00:00,M,23,-273.6137573925007,43300.0,37100.0,-0.006319024420150132,42229.43633307521,10355.647312432136,0.0,0.026421695248738587,0.007375033891981151
BC,FA,2043-01-01T00:00:00,M,24,-271.32950179525506,43300.0,37100.0,-0.006266270249313049,42229.43633307521,10355.647312432136,0.0,0.026201114581173426,0.007313463660249463
BC,FA,2043-01-01T00:00:00,M,25,-169.64512910478516,43300.0,37400.0,-0.003917901365006585,42229.43633307521,10355.647312432136,0.0,0.016381895210077616,0.004535966018844523
BC,FA,2043-01-01T00:00:00,M,26,-67.77480282894976,43300.0,37900.0,-0.0015652379406223963,42229.43633307521,10355.647312432136,0.0,0.0065447191067993325,0.001788253372795508
BC,FA,2043-01-01T00:00:00,M,27,34.03057520763832,43300.0,38000.0,0.0007859255244258272,42229.43633307521,10355.647312432136,0.000805849619664108,0.0,0.0
BC,FA,2043-01-01T00:00:00,M,28,36.2132560457394,43300.0,38400.0,0.0008363338578692702,42229.43633307521,10355.647312432136,0.0008575358610073661,0.0,0.0
BC,FA,2043-01-01T00:00:00,M,29,138.2578735587449,43300.0,38200.0,0.003193022484035679,42229.43633307521,10355.647312432136,0.003273969192206757,0.0,0.0
BC,FA,2043-01-01T00:00:00,M,30,140.95138277528167,43300.0,38300.0,0.0032552282396138953,42229.43633307521,10355.647312432136,0.003337751933593412,0.0,0.0
BC,FA,2043-01-01T00:00:00,M,31,143.71727005324647,43300.0,38000.0,0.003319105543954884,42229.43633307521,10355.647312432136,0.0034032485993824007,0.0,0.0
BC,FA,2043-01-01T00:00:00,M,32,46.55801157405949,43300.0,37700.0,0.0010752427615256233,42229.43633307521,10355.647312432136,0.0011025013738484126,0.0,0.0
BC,FA,2043-01-01T00:00:00,M,33,149.7666005576757,43300.0,38100.0,0.0034588129459047507,42229.43633307521,10355.647312432136,0.0035464977409697166,0.0,0.0
BC,FA,2043-01-01T00:00:00,M,34,252.60490247355483,43300.0,38200.00000000001,0.005833831465901959,42229.43633307521,10355.647312432136,0.0059817256494069755,0.0,0.0
BC,FA,2043-01-01T00:00:00,M,35,254.3815154780168,43300.0,38000.0,0.005874861789330642,42229.43633307521,10355.647312432136,0.006023796137642938,0.0,0.0
BC,FA,2043-01-01T00:00:00,M,36,255.28667747713916,43300.0,37400.0,0.005895766223490512,42229.43633307521,10355.647312432136,0.006045230522700392,0.0,0.0
BC,FA,2043-01-01T00:00:00,M,37,155.88630963783362,43300.0,36700.0,0.0036001457191185593,42229.43633307521,10355.647312432136,0.0036914134588090473,0.0,0.0
BC,FA,2043-01-01T00:00:00,M,38,257.2423574198183,43300.0,36400.0,0.005940932042028136,42229.43633307521,10355.647312432136,0.006091541345493624,0.0,0.0
BC,FA,2043-01-01T00:00:00,M,39,159.61939986257494,43300.0,36400.0,0.0036863602739624695,42229.43633307521,10355.647312432136,0.0037798136495029843,0.0,0.0
BC,FA,2043-01-01T00:00:00,M,40,161.22984573349822,43300.0,35900.0,0.0037235530192493817,42229.43633307521,10355.647312432136,0.0038179492726787534,0.0,0.0
BC,FA,2043-01-01T00:00:00,M,41,163.0123156529953,43300.0,35400.0,0.0037647186063047415,42229.43633307521,10355.647312432136,0.003860158453626334,0.0,0.0
BC,FA,2043-01-01T00:00:00,M,42,169.87649080914707,43300.0,37400.0,0.003923244591435267,42229.43633307521,10355.647312432136,0.004022703250625567,0.0,0.0
BC,FA,2043-01-01T00:00:00,M,43,177.16437168177072,43300.0,39300.0,0.004091555927985467,42229.43633307521,10355.647312432136,0.00419528146869938,0.0,0.0
BC,FA,2043-01-01T00:00:00,M,44,182.8158715298341,43300.0,40100.0,0.004222075554961527,42229.43633307521,10355.647312432136,0.004329109914892421,0.0,0.0
BC,FA,2043-01-01T00:00:00,M,45,87.9791445916926,43300.0,40500.0,0.002031850914357797,42229.43633307521,10355.647312432136,0.0020833606183558034,0.0,0.0
BC,FA,2043-01-01T00:00:00,M,46,94.48839526696975,43300.0,41300.0,0.0021821800292602714,42229.43633307521,10355.647312432136,0.0022375007452553643,0.0,0.0
BC,FA,2043-01-01T00:00:00,M,47,1.4691815748883528,43300.0,42000.0,3.393029041312593e-05,42229.43633307521,10355.647312432136,3.479046140470625e-05,0.0,0.0
BC,FA,2043-01-01T00:00:00,M,48,108.43007909605512,43300.0,42700.0,0.0025041588705786402,42229.43633307521,10355.647312432136,0.0025676421120290876,0.0,0.0
BC,FA,2043-01-01T00:00:00,M,49,15.062571213493356,43300.0,42800.0,0.0003478653859929182,42229.43633307521,10355.647312432136,0.0003566841644461154,0.0,0.0
BC,FA,2043-01-01T00:00:00,M,50,21.762901525915368,43300.0,42900.0,0.0005026074255407707,42229.43633307521,10355.647312432136,0.0005153490885898964,0.0,0.0
BC,FA,2043-01-01T00:00:00,M,51,29.379779608025274,43300.0,43100.0,0.0006785168500698678,42229.43633307521,10355.647312432136,0.0006957180147113224,0.0,0.0
BC,FA,2043-01-01T00:00:00,M,52,-62.34655780952744,43300.0,43200.0,-0.001439874314307793,42229.43633307521,10355.647312432136,0.0,0.006020537000587042,0.001443207356702024
BC,FA,2043-01-01T00:00:00,M,53,45.91992321302678,43300.0,43300.0,0.0010605063097696716,42229.43633307521,10355.647312432136,0.0010873913364801671,0.0,0.0
BC,FA,2043-01-01T00:00:00,M,54,-48.07453703261126,43300.0,42400.0,-0.0011102664441711607,42229.43633307521,10355.647312432136,0.0,0.0046423497809641445,0.0011338334205804543
BC,FA,2043-01-01T00:00:00,M,55,56.84516398566484,43300.0,41200.0,0.0013128213391608507,42229.43633307521,10355.647312432136,0.0013461028354087266,0.0,0.0
BC,FA,2043-01-01T00:00:00,M,56,64.94411122140446,43300.0,40699.99999999999,0.0014998640004943292,42229.43633307521,10355.647312432136,0.0015378872383986454,0.0,0.0
BC,FA,2043-01-01T00:00:00,M,57,76.20850767651427,43300.0,40800.0,0.0017600117246308147,42229.43633307521,10355.647312432136,0.0018046299996863978,0.0,0.0
BC,FA,2043-01-01T00:00:00,M,58,84.96487361627078,43300.0,40100.0,0.001962237265964683,42229.43633307521,10355.647312432136,0.0020119821857466766,0.0,0.0
BC,FA,2043-01-01T00:00:00,M,59,93.40669265649922,43300.0,39200.0,0.0021571984447228457,42229.43633307521,10355.647312432136,0.0022118858494765328,0.0,0.0
BC,FA,2043-01-01T00:00:00,M,60,201.52936000548652,43300.0,38200.0,0.004654257736847264,42229.43633307521,10355.647312432136,0.0047722484007593395,0.0,0.0
BC,FA,2043-01-01T00:00:00,M,61,111.02012582781754,43300.0,37200.0,0.0025639751923283494,42229.43633307521,10355.647312432136,0.002628974844754526,0.0,0.0
BC,FA,2043-01-01T00:00:00,M,62,120.10236639269715,43300.0,36099.99999999999,0.0027737267065288027,42229.43633307521,10355.647312432136,0.0028440437955509676,0.0,0.0
BC,FA,2043-01-01T00:00:00,M,63,228.3886168486133,43300.0,34900.0,0.005274563899506081,42229.43633307521,10355.647312432136,0.00540828002171872,0.0,0.0
BC,FA,2043-01-01T00:00:00,M,64,135.44200417736283,43300.0,33299.99999999999,0.0031279908585996035,42229.43633307521,10355.647312432136,0.0032072889419857372,0.0,0.0
BC,FA,2043-01-01T00:00:00,M,65,145.77463806898595,43300.0,32200.0,0.003366619816835703,42229.43633307521,10355.647312432136,0.0034519674124755344,0.0,0.0
BC,FA,2043-01-01T00:00:00,M,66,262.3473177787746,43300.0,31899.999999999996,0.006058829509902415,42229.43633307521,10355.647312432136,0.006212427646667338,0.0,0.0
BC,FA,2043-01-01T00:00:00,M,67,279.70275752993984,43300.0,31399.999999999996,0.006459647979906232,42229.43633307521,10355.647312432136,0.006623407315310748,0.0,0.0
BC,FA,2043-01-01T00:00:00,M,68,201.40094707419848,43300.0,31099.999999999996,0.0046512920802355305,42229.43633307521,10355.647312432136,0.004769207561419804,0.0,0.0
BC,FA,2043-01-01T00:00:00,M,69,123.05246749907747,43300.0,30600.0,0.0028418583718031747,42229.43633307521,10355.647312432136,0.002913902675103895,0.0,0.0
BC,FA,2043-01-01T00:00:00,M,70,249.05138663261096,43300.0,30499.999999999996,0.005751764125464456,42229.43633307521,10355.647312432136,0.005897577809665135,0.0,0.0
BC,FA,2043-01-01T00:00:00,M,71,85.0806347789694,43300.0,30699.999999999996,0.0019649107339253903,42229.43633307521,10355.647312432136,0.0020147234291245323,0.0,0.0
BC,FA,2043-01-01T00:00:00,M,72,137.81824836761007,43300.0,32000.0,0.0031828694773120107,42229.43633307521,10355.647312432136,0.003263558795353069,0.0,0.0
BC,FA,2043-01-01T00:00:00,M,73,175.2613622341196,43300.0,31799.999999999996,0.004047606518108997,42229.43633307521,10355.647312432136,0.004150217891893818,0.0,0.0
BC,FA,2043-01-01T00:00:00,M,74,107.1424031616043,43300.0,30900.0,0.002474420396341901,42229.43633307521,10355.647312432136,0.0025371497340514475,0.0,0.0
BC,FA,2043-01-01T00:00:00,M,75,136.35380571374117,43300.0,29800.0,0.0031490486308023364,42229.43633307521,10355.647312432136,0.0032288805523777563,0.0,0.0
BC,FA,2043-01-01T00:00:00,M,76,75.0272364303928,43300.0,29000.0,0.0017327306334963695,42229.43633307521,10355.647312432136,0.0017766573022342117,0.0,0.0
BC,FA,2043-01-01T00:00:00,M,77,144.99274534663346,43300.0,29599.999999999996,0.0033485622481901492,42229.43633307521,10355.647312432136,0.0034334520641723866,0.0,0.0
BC,FA,2043-01-01T00:00:00,M,78,33.8525825122706,43300.0,30400.0,0.0007818148386205682,42229.43633307521,10355.647312432136,0.0008016347233542486,0.0,0.0
BC,FA,2043-01-01T00:00:00,M,79,19.82863355068912,43300.0,30699.999999999996,0.00045793610971568406,42229.43633307521,10355.647312432136,0.0004695453047086686,0.0,0.0
BC,FA,2043-01-01T00:00:00,M,80,-2.8682021632594115,43300.0,30299.999999999996,-6.624023471730743e-05,42229.43633307521,10355.647312432136,0.0,0.00027696985777181545,9.466013740130072e-05
BC,FA,2043-01-01T00:00:00,M,81,-70.9287451113596,43300.0,28199.999999999996,-0.0016380772543039168,42229.43633307521,10355.647312432136,0.0,0.006849281650043102,0.002515203727353178
BC,FA,2043-01-01T00:00:00,M,82,-105.43986844494793,43300.0,27100.0,-0.0024351008878740863,42229.43633307521,10355.647312432136,0.0,0.010181871327190287,0.003890770053319112
BC,FA,2043-01-01T00:00:00,M,83,-54.456619861019135,43300.0,25600.0,-0.0012576586572983633,42229.43633307521,10355.647312432136,0.0,0.005258639872337387,0.00212721171332106
BC,FA,2043-01-01T00:00:00,M,84,-115.5730580954405,43300.0,23699.999999999996,-0.0026691237435436605,42229.43633307521,10355.647312432136,0.0,0.011160389554469763,0.004876500341579769
BC,FA,2043-01-01T00:00:00,M,85,-59.72816235065329,43300.0,22299.999999999996,-0.0013794032875439558,42229.43633307521,10355.647312432136,0.0,0.005767689894087894,0.0026783929305225695
BC,FA,2043-01-01T00:00:00,M,86,-241.16963005120124,43300.0,20000.0,-0.005569737414577396,42229.43633307521,10355.647312432136,0.0,0.023288706420280737,0.012058481502560062
BC,FA,2043-01-01T00:00:00,M,87,-207.0603304167489,43300.0,18300.0,-0.0047819937740588665,42229.43633307521,10355.647312432136,0.0,0.01999491911704731,0.011314772153920705
BC,FA,2043-01-01T00:00:00,M,88,-299.3108589581261,43300.0,16199.999999999998,-0.006912490969009841,42229.43633307521,10355.647312432136,0.0,0.02890315302634903,0.01847597894803248
BC,FA,2043-01-01T00:00:00,M,89,-327.44409389264365,43300.0,13899.999999999998,-0.007562219258490615,42229.43633307521,10355.647312432136,0.0,0.031619857649993664,0.023557129057024725
BC,FA,2043-01-01T00:00:00,M,90,-252.44418567305001,43300.0,11999.999999999998,-0.00583011976150231,42229.43633307521,10355.647312432136,0.0,0.02437744141498391,0.021037015472754172
BC,FA,2043-01-01T00:00:00,M,91,-299.703678877122,43300.0,10000.0,-0.006921563022566328,42229.43633307521,10355.647312432136,0.0,0.02894108594421929,0.0299703678877122
BC,FA,2043-01-01T00:00:00,M,92,-246.08358561997375,43300.0,8400.0,-0.005683223686373528,42229.43633307521,10355.647312432136,0.0,0.023763225822160443,0.029295664954758778
BC,FA,2043-01-01T00:00:00,M,93,-301.68058070732513,43300.0,6899.999999999999,-0.006967218953979795,42229.43633307521,10355.647312432136,0.0,0.029131986789966504,0.04372182329091669
BC,FA,2043-01-01T00:00:00,M,94,-303.7470434554252,43300.0,5400.0,-0.007014943266868943,42229.43633307521,10355.647312432136,0.0,0.029331536145574558,0.056249452491745414
BC,FA,2043-01-01T00:00:00,M,95,-185.87828682427244,43300.0,4400.0,-0.004292801081391973,42229.43633307521,10355.647312432136,0.0,0.017949460928543045,0.042245065187334646
BC,FA,2043-01-01T00:00:00,M,96,-208.4199544716621,43300.0,3299.9999999999995,-0.004813393867705822,42229.43633307521,10355.647312432136,0.0,0.02012621212209982,0.06315756196110973
BC,FA,2043-01-01T00:00:00,M,97,-112.85004287283027,43300.0,2100.0,-0.00260623655595451,42229.43633307521,10355.647312432136,0.0,0.010897439770602443,0.0537381156537287
BC,FA,2043-01-01T00:00:00,M,98,-125.74240004873445,43300.0,1400.0,-0.0029039815253749297,42229.43633307521,10355.647312432136,0.0,0.012142398853017955,0.08981600003481033
BC,FA,2043-01-01T00:00:00,M,99,-100.08734143344316,43300.0,999.9999999999999,-0.0023114859453451076,42229.43633307521,10355.647312432136,0.0,0.00966500098099001,0.10008734143344317
BC,FA,2043-01-01T00:00:00,M,100,932.0466237887142,43300.0,1700.0,0.021525326184496863,42229.43633307521,10355.647312432136,0.022071017392640658,0.0,0.0
