province,projection_scenario,timepoint,sex,age,delta_n,n_birth,n,prop_migrants_birth,n_immigrants_timepoint,n_emigrants_timepoint,prop_immigrants_timepoint,prop_emigrants_timepoint,prob_emigration
BC,past,2001-01-01T00:00:00,F,1,377.17961000000287,40236.0,20432.0,0.009374182572820432,29049.540020000008,2599.36612,0.012984013163042254,0.0,0.0
BC,past,2001-01-01T00:00:00,F,2,225.09764999999607,40236.0,20872.999999999996,0.005594434088875536,29049.540020000008,2599.36612,0.007748750921529945,0.0,0.0
BC,past,2001-01-01T00:00:00,F,3,146.75964000000022,40236.0,21372.0,0.003647470921562785,29049.540020000008,2599.36612,0.005052046948039771,0.0,0.0
BC,past,2001-01-01T00:00:00,F,4,200.41296000000148,40236.0,22134.0,0.004980936474798725,29049.540020000008,2599.36612,0.006899006313422563,0.0,0.0
BC,past,2001-01-01T00:00:00,F,5,-73.6620000000039,40236.0,23304.0,-0.0018307485833582837,29049.540020000008,2599.36612,0.0,0.028338447375009988,0.0031609165808446577
BC,past,2001-01-01T00:00:00,F,6,163.10959999999977,40236.0,23601.0,0.0040538224475593935,29049.540020000008,2599.36612,0.005614877202451474,0.0,0.0
BC,past,2001-01-01T00:00:00,F,7,164.8917599999986,40236.0,23810.0,0.0040981151207873205,29049.540020000008,2599.36612,0.005676226194510276,0.0,0.0
BC,past,2001-01-01T00:00:00,F,8,51.940959999999905,40236.0,24312.0,0.0012909076448951165,29049.540020000008,2599.36612,0.001788013165242535,0.0,0.0
BC,past,2001-01-01T00:00:00,F,9,119.98063999999795,40236.0,24876.0,0.0029819226563276157,29049.540020000008,2599.36612,0.004130207910947772,0.0,0.0
BC,past,2001-01-01T00:00:00,F,10,163.0109599999996,40236.0,25298.0,0.004051370911621424,29049.540020000008,2599.36612,0.005611481623728635,0.0,0.0
BC,past,2001-01-01T00:00:00,F,11,105.05143999999927,40236.0,25746.0,0.002610881797395349,29049.540020000008,2599.36612,0.0036162858319847245,0.0,0.0
BC,past,2001-01-01T00:00:00,F,12,180.27790000000095,40236.0,25488.0,0.004480512476389327,29049.540020000008,2599.36612,0.006205877954552235,0.0,0.0
BC,past,2001-01-01T00:00:00,F,13,337.76782000000094,40236.0,25497.0,0.008394666964907071,29049.540020000008,2599.36612,0.0116273035568706,0.0,0.0
BC,past,2001-01-01T00:00:00,F,14,213.34658999999374,40236.0,25952.999999999996,0.005302380703847145,29049.540020000008,2599.36612,0.00734423298451917,0.0,0.0
BC,past,2001-01-01T00:00:00,F,15,395.6785600000003,40236.0,26383.0,0.009833943731981317,29049.540020000008,2599.36612,0.013620820148187674,0.0,0.0
BC,past,2001-01-01T00:00:00,F,16,514.9222399999999,40236.0,27132.0,0.012797550452331243,29049.540020000008,2599.36612,0.017725658982740745,0.0,0.0
BC,past,2001-01-01T00:00:00,F,17,347.7531199999976,40236.0,27429.999999999996,0.008642835271895754,29049.540020000008,2599.36612,0.011971037054651355,0.0,0.0
BC,past,2001-01-01T00:00:00,F,18,645.1589800000002,40236.0,27203.0,0.01603437170692912,29049.540020000008,2599.36612,0.022208922397938886,0.0,0.0
BC,past,2001-01-01T00:00:00,F,19,670.7903799999985,40236.0,26978.0,0.016671398250323058,29049.540020000008,2599.36612,0.023091256506580594,0.0,0.0
BC,past,2001-01-01T00:00:00,F,20,646.7228599999944,40236.0,26914.999999999996,0.016073239387612945,29049.540020000008,2599.36612,0.022262757329539095,0.0,0.0
BC,past,2001-01-01T00:00:00,F,21,607.1563499999938,40236.0,26759.0,0.015089878467044284,29049.540020000008,2599.36612,0.02090072164936103,0.0,0.0
BC,past,2001-01-01T00:00:00,F,22,303.83727999999974,40236.0,26287.0,0.007551378864698274,29049.540020000008,2599.36612,0.010459280243019823,0.0,0.0
BC,past,2001-01-01T00:00:00,F,23,202.42853000000105,40236.0,25735.0,0.005031030171985313,29049.540020000008,2599.36612,0.006968390200348549,0.0,0.0
BC,past,2001-01-01T00:00:00,F,24,203.71895999999833,40236.0,25839.0,0.005063101699970134,29049.540020000008,2599.36612,0.007012811902004026,0.0,0.0
BC,past,2001-01-01T00:00:00,F,25,124.38231999999698,40236.0,26177.0,0.0030913192166218554,29049.540020000008,2599.36612,0.004281731136340277,0.0,0.0
BC,past,2001-01-01T00:00:00,F,26,263.92825999999695,40236.0,26380.999999999996,0.006559505418033526,29049.540020000008,2599.36612,0.009085454014703427,0.0,0.0
BC,past,2001-01-01T00:00:00,F,27,327.4344000000019,40236.0,26403.0,0.008137846704443829,29049.540020000008,2599.36612,0.011271586392575238,0.0,0.0
BC,past,2001-01-01T00:00:00,F,28,239.04539999999542,40236.0,27167.999999999996,0.00594108261258563,29049.540020000008,2599.36612,0.008228887611831982,0.0,0.0
BC,past,2001-01-01T00:00:00,F,29,439.5466400000005,40236.0,27920.0,0.010924213142459501,29049.540020000008,2599.36612,0.015130932871824536,0.0,0.0
BC,past,2001-01-01T00:00:00,F,30,174.0664099999958,40236.0,30547.999999999996,0.004326136047320703,29049.540020000008,2599.36612,0.005992053914800534,0.0,0.0
BC,past,2001-01-01T00:00:00,F,31,205.22551000000385,40236.0,30949.0,0.005100544537230437,29049.540020000008,2599.36612,0.007064673308379766,0.0,0.0
BC,past,2001-01-01T00:00:00,F,32,330.35576000000583,40236.0,30671.000000000004,0.008210452331245795,29049.540020000008,2599.36612,0.011372151151879263,0.0,0.0
BC,past,2001-01-01T00:00:00,F,33,287.72594000000026,40236.0,30113.000000000004,0.00715095784869272,29049.540020000008,2599.36612,0.009904664232270353,0.0,0.0
BC,past,2001-01-01T00:00:00,F,34,406.986240000002,40236.0,29531.0,0.010114977631971419,29049.540020000008,2599.36612,0.014010075192922173,0.0,0.0
BC,past,2001-01-01T00:00:00,F,35,183.20995999999286,40236.0,31339.999999999996,0.004553384034198053,29049.540020000008,2599.36612,0.006306811050152828,0.0,0.0
BC,past,2001-01-01T00:00:00,F,36,272.20206000001053,40236.0,33360.00000000001,0.006765137190575866,29049.540020000008,2599.36612,0.009370270916944125,0.0,0.0
BC,past,2001-01-01T00:00:00,F,37,164.99375000000873,40236.0,35517.0,0.004100649915498775,29049.540020000008,2599.36612,0.005679737093475971,0.0,0.0
BC,past,2001-01-01T00:00:00,F,38,51.830720000005385,40236.0,35902.0,0.0012881678099215972,29049.540020000008,2599.36612,0.0017842182686652183,0.0,0.0
BC,past,2001-01-01T00:00:00,F,39,283.3798200000019,40236.0,34914.0,0.007042942141365989,29049.540020000008,2599.36612,0.00975505360170594,0.0,0.0
BC,past,2001-01-01T00:00:00,F,40,129.4336800000092,40236.0,35487.00000000001,0.0032168625111842425,29049.540020000008,2599.36612,0.0044556189155111154,0.0,0.0
BC,past,2001-01-01T00:00:00,F,41,31.516640000001644,40236.0,35654.00000000001,0.000783294562083747,29049.540020000008,2599.36612,0.001084927333730692,0.0,0.0
BC,past,2001-01-01T00:00:00,F,42,216.4651399999857,40236.0,35294.99999999999,0.005379887165721883,29049.540020000008,2599.36612,0.00745158580311268,0.0,0.0
BC,past,2001-01-01T00:00:00,F,43,78.71999999999389,40236.0,35239.99999999999,0.0019564569042646853,29049.540020000008,2599.36612,0.0027098535792923675,0.0,0.0
BC,past,2001-01-01T00:00:00,F,44,172.0395300000091,40236.0,34618.00000000001,0.004275761258574638,29049.540020000008,2599.36612,0.005922280692966685,0.0,0.0
BC,past,2001-01-01T00:00:00,F,45,185.6858499999944,40236.0,34007.0,0.004614918232428531,29049.540020000008,2599.36612,0.006392040971118769,0.0,0.0
BC,past,2001-01-01T00:00:00,F,46,126.44319999999425,40236.0,33967.0,0.003142539019783136,29049.540020000008,2599.36612,0.004352674772576114,0.0,0.0
BC,past,2001-01-01T00:00:00,F,47,124.80887999999322,40236.0,32844.0,0.003101920668058287,29049.540020000008,2599.36612,0.0042964150177271275,0.0,0.0
BC,past,2001-01-01T00:00:00,F,48,108.40287999999782,40236.0,31624.0,0.0026941763594790194,29049.540020000008,2599.36612,0.003731655644990065,0.0,0.0
BC,past,2001-01-01T00:00:00,F,49,109.66060000000289,40236.0,30422.0,0.0027254349338901203,29049.540020000008,2599.36612,0.00377495133914354,0.0,0.0
BC,past,2001-01-01T00:00:00,F,50,160.4040800000039,40236.0,29900.0,0.003986581171090662,29049.540020000008,2599.36612,0.005521742509160868,0.0,0.0
BC,past,2001-01-01T00:00:00,F,51,-23.296480000000884,40236.0,29680.999999999996,-0.000578995924048138,29049.540020000008,2599.36612,0.0,0.008962369641103456,0.0007848953876217408
BC,past,2001-01-01T00:00:00,F,52,150.76615000000675,40236.0,28739.000000000004,0.0037470461775526084,29049.540020000008,2599.36612,0.005189966859929877,0.0,0.0
BC,past,2001-01-01T00:00:00,F,53,46.59320000000298,40236.0,28554.0,0.0011579978129039412,29049.540020000008,2599.36612,0.0016039221264062882,0.0,0.0
BC,past,2001-01-01T00:00:00,F,54,-382.04117999999653,40236.0,28404.0,-0.009495008947211366,29049.540020000008,2599.36612,0.0,0.14697474782813455,0.01345025982256008
BC,past,2001-01-01T00:00:00,F,55,404.5113400000009,40236.0,23352.0,0.010053468038572445,29049.540020000008,2599.36612,0.013924879351669707,0.0,0.0
BC,past,2001-01-01T00:00:00,F,56,206.0818999999974,40236.0,21977.0,0.005121828710607352,29049.540020000008,2599.36612,0.007094153637479777,0.0,0.0
BC,past,2001-01-01T00:00:00,F,57,35.90016000000469,40236.0,21813.000000000004,0.0008922397852670417,29049.540020000008,2599.36612,0.0012358254201370546,0.0,0.0
BC,past,2001-01-01T00:00:00,F,58,21.746079999997164,40236.0,21086.0,0.0005404632667262443,29049.540020000008,2599.36612,0.0007485860356145205,0.0,0.0
BC,past,2001-01-01T00:00:00,F,59,224.3175200000005,40236.0,19568.0,0.005575045233124578,29049.540020000008,2599.36612,0.007721895763084804,0.0,0.0
BC,past,2001-01-01T00:00:00,F,60,44.16827999999805,40236.0,19106.0,0.0010977303906948516,29049.540020000008,2599.36612,0.001520446794324079,0.0,0.0
BC,past,2001-01-01T00:00:00,F,61,129.20607999999993,40236.0,17701.000000000004,0.003211205885276865,29049.540020000008,2599.36612,0.0044477840238105045,0.0,0.0
BC,past,2001-01-01T00:00:00,F,62,73.40206000000035,40236.0,16945.0,0.0018242881996222374,29049.540020000008,2599.36612,0.0025267890627343687,0.0,0.0
BC,past,2001-01-01T00:00:00,F,63,56.64201999999932,40236.0,16693.0,0.0014077448056466677,29049.540020000008,2599.36612,0.0019498422336808935,0.0,0.0
BC,past,2001-01-01T00:00:00,F,64,65.44188000000031,40236.0,16155.0,0.0016264509394572101,29049.540020000008,2599.36612,0.0022527682006305413,0.0,0.0
BC,past,2001-01-01T00:00:00,F,65,3.660200000002078,40236.0,15936.000000000004,9.096828710612581e-05,29049.540020000008,2599.36612,0.0001259985527303395,0.0,0.0
BC,past,2001-01-01T00:00:00,F,66,64.4489900000026,40236.0,15526.000000000002,0.0016017742817378117,29049.540020000008,2599.36612,0.0022185890019473906,0.0,0.0
BC,past,2001-01-01T00:00:00,F,67,164.49559999999838,40236.0,14918.0,0.004088269211651217,29049.540020000008,2599.36612,0.005662588801294153,0.0,0.0
BC,past,2001-01-01T00:00:00,F,68,-35.91391999999905,40236.0,15214.000000000002,-0.0008925817675713056,29049.540020000008,2599.36612,0.0,0.013816414595724226,0.0023605836729327623
BC,past,2001-01-01T00:00:00,F,69,62.41960000000108,40236.0,14833.0,0.0015513371110448624,29049.540020000008,2599.36612,0.0021487293759910302,0.0,0.0
BC,past,2001-01-01T00:00:00,F,70,-12.974980000002688,40236.0,15108.0,-0.0003224719156974522,29049.540020000008,2599.36612,0.0,0.004991593873664356,0.0008588151972466698
BC,past,2001-01-01T00:00:00,F,71,50.01663999999619,40236.0,14818.0,0.0012430818172779648,29049.540020000008,2599.36612,0.0017217704640266512,0.0,0.0
BC,past,2001-01-01T00:00:00,F,72,-20.63626000000295,40236.0,14279.0,-0.000512880505020453,29049.540020000008,2599.36612,0.0,0.00793895859502968,0.0014452174522027418
BC,past,2001-01-01T00:00:00,F,73,34.539459999998144,40236.0,13836.0,0.0008584218113132057,29049.540020000008,2599.36612,0.0011889847473047228,0.0,0.0
BC,past,2001-01-01T00:00:00,F,74,65.38873000000422,40236.0,13664.000000000004,0.0016251299830998165,29049.540020000008,2599.36612,0.0022509385675293114,0.0,0.0
BC,past,2001-01-01T00:00:00,F,75,-14.74963999999818,40236.0,13317.000000000004,-0.000366578188686703,29049.540020000008,2599.36612,0.0,0.005674321861207524,0.0011075797852367782
BC,past,2001-01-01T00:00:00,F,76,15.718880000000354,40236.0,13126.000000000002,0.0003906670643205178,29049.540020000008,2599.36612,0.0005411059861594445,0.0,0.0
BC,past,2001-01-01T00:00:00,F,77,-17.87756000000445,40236.0,12990.999999999998,-0.0004443175265932113,29049.540020000008,2599.36612,0.0,0.006877661389233022,0.0013761496420602304
BC,past,2001-01-01T00:00:00,F,78,49.8176399999993,40236.0,12291.000000000002,0.0012381359976140595,29049.540020000008,2599.36612,0.0017149200973819512,0.0,0.0
BC,past,2001-01-01T00:00:00,F,79,-55.77874999999949,40236.0,12104.0,-0.0013862896411173946,29049.540020000008,2599.36612,0.0,0.021458596990561487,0.00460829064771972
BC,past,2001-01-01T00:00:00,F,80,-22.359999999995125,40236.0,11546.000000000002,-0.0005557212446564053,29049.540020000008,2599.36612,0.0,0.008602097191293363,0.0019366014204049127
BC,past,2001-01-01T00:00:00,F,81,-86.17065000000002,40236.0,10596.0,-0.002141630629287206,29049.540020000008,2599.36612,0.0,0.0331506398182954,0.008132375424688565
BC,past,2001-01-01T00:00:00,F,82,51.79609999999957,40236.0,8777.000000000002,0.0012873073864201107,29049.540020000008,2599.36612,0.0017830265114125395,0.0,0.0
BC,past,2001-01-01T00:00:00,F,83,-4.472099999998136,40236.0,7771.000000000001,-0.00011114673426777353,29049.540020000008,2599.36612,0.0,0.0017204579091760015,0.0005754857804655945
BC,past,2001-01-01T00:00:00,F,84,-57.115960000000996,40236.0,7274.0,-0.0014195238095238343,29049.540020000008,2599.36612,0.0,0.021973033948754012,0.007852070387682292
BC,past,2001-01-01T00:00:00,F,85,-14.407999999999447,40236.0,6733.0,-0.00035808728501837776,29049.540020000008,2599.36612,0.0,0.005542889818075896,0.0021399079162333946
BC,past,2001-01-01T00:00:00,F,86,-146.1134200000006,40236.0,6475.000000000001,-0.0036314101799383783,29049.540020000008,2599.36612,0.0,0.05621117351487238,0.022565779150579238
BC,past,2001-01-01T00:00:00,F,87,-81.25119999999879,40236.0,5532.0,-0.0020193657421214532,29049.540020000008,2599.36612,0.0,0.0312580822589158,0.014687490961677294
BC,past,2001-01-01T00:00:00,F,88,-117.54125000000022,40236.0,4600.0,-0.0029212956059250475,29049.540020000008,2599.36612,0.0,0.04521919751727787,0.02555244565217396
BC,past,2001-01-01T00:00:00,F,89,-36.055869999999686,40236.0,3818.0000000000005,-0.000896109702753745,29049.540020000008,2599.36612,0.0,0.013871024063358833,0.009443653745416366
BC,past,2001-01-01T00:00:00,F,90,-171.04286000000002,40236.0,3240.0,-0.004250990655134706,29049.540020000008,2599.36612,0.0,0.06580175785317999,0.052791006172839515
BC,past,2001-01-01T00:00:00,F,91,333.2001400000004,40236.0,2639.0000000000005,0.008281144745998618,29049.540020000008,2599.36612,0.011470065955281872,0.0,0.0
BC,past,2001-01-01T00:00:00,F,92,294.88535999999976,40236.0,2078.9999999999995,0.00732889352818371,29049.540020000008,2599.36612,0.010151119769778706,0.0,0.0
BC,past,2001-01-01T00:00:00,F,93,256.88339999999994,40236.0,1620.0000000000002,0.006384416940053682,29049.540020000008,2599.36612,0.008842942085249578,0.0,0.0
BC,past,2001-01-01T00:00:00,F,94,216.46734000000004,40236.0,1227.0,0.00537994184312556,29049.540020000008,2599.36612,0.007451661535809749,0.0,0.0
BC,past,2001-01-01T00:00:00,F,95,177.75940000000003,40236.0,910.0,0.004417919276270008,29049.540020000008,2599.36612,0.006119181228949455,0.0,0.0
BC,past,2001-01-01T00:00:00,F,96,141.61072000000001,40236.0,656.0000000000001,0.0035195029326970874,29049.540020000008,2599.36612,0.00487480076801574,0.0,0.0
BC,past,2001-01-01T00:00:00,F,97,115.9742,40236.0,491.0,0.002882349140073566,29049.540020000008,2599.36612,0.00399229040873467,0.0,0.0
BC,past,2001-01-01T00:00:00,F,98,82.86669999999998,40236.0,322.0,0.0020595163535142656,29049.540020000008,2599.36612,0.002852599385151984,0.0,0.0
BC,past,2001-01-01T00:00:00,F,99,62.811000000000035,40236.0,225.00000000000003,0.0015610647181628402,29049.540020000008,2599.36612,0.0021622029111908816,0.0,0.0
BC,past,2001-01-01T00:00:00,F,100,117.57330000000002,40236.0,390.0,0.0029220921562779605,29049.540020000008,2599.36612,0.0040473377519593505,0.0,0.0
BC,past,2001-01-01T00:00:00,M,1,261.66623999999865,40236.0,21487.0,0.006503286609006826,29049.540020000008,2599.36612,0.009007586344563352,0.0,0.0
BC,past,2001-01-01T00:00:00,M,2,144.81228000000192,40236.0,22014.000000000004,0.0035990724724128125,29049.540020000008,2599.36612,0.004985011118947207,0.0,0.0
BC,past,2001-01-01T00:00:00,M,3,246.32010000000082,40236.0,22377.0,0.006121883388010757,29049.540020000008,2599.36612,0.008479311542641107,0.0,0.0
BC,past,2001-01-01T00:00:00,M,4,131.57664000000295,40236.0,23553.0,0.00327012227855659,29049.540020000008,2599.36612,0.004529388069808168,0.0,0.0
BC,past,2001-01-01T00:00:00,M,5,-27.77879999999641,40236.0,24650.0,-0.0006903966597076351,29049.540020000008,2599.36612,0.0,0.010686759278064456,0.001126929006085047
BC,past,2001-01-01T00:00:00,M,6,110.75987000000168,40236.0,25250.0,0.002752755492593739,29049.540020000008,2599.36612,0.0038127925579456955,0.0,0.0
BC,past,2001-01-01T00:00:00,M,7,157.7590999999993,40236.0,25286.0,0.0039208445173476315,29049.540020000008,2599.36612,0.005430691841983915,0.0,0.0
BC,past,2001-01-01T00:00:00,M,8,203.52651999999944,40236.0,25644.0,0.005058318918381535,29049.540020000008,2599.36612,0.007006187356490865,0.0,0.0
BC,past,2001-01-01T00:00:00,M,9,14.578659999999218,40236.0,26324.0,0.0003623287603141271,29049.540020000008,2599.36612,0.0005018551064823096,0.0,0.0
BC,past,2001-01-01T00:00:00,M,10,270.5771599999971,40236.0,26555.0,0.00672475295755038,29049.540020000008,2599.36612,0.009314335435731867,0.0,0.0
BC,past,2001-01-01T00:00:00,M,11,175.60895999999775,40236.0,26990.0,0.004364473605726159,29049.540020000008,2599.36612,0.006045154583483752,0.0,0.0
BC,past,2001-01-01T00:00:00,M,12,272.14816000000064,40236.0,27122.0,0.0067637975941942695,29049.540020000008,2599.36612,0.009368415465877678,0.0,0.0
BC,past,2001-01-01T00:00:00,M,13,456.63590000000113,40236.0,26813.0,0.01134893876130831,29049.540020000008,2599.36612,0.01571921275468103,0.0,0.0
BC,past,2001-01-01T00:00:00,M,14,346.74458000000595,40236.0,27090.000000000004,0.008617769659011978,29049.540020000008,2599.36612,0.011936319121104138,0.0,0.0
BC,past,2001-01-01T00:00:00,M,15,396.15713999999934,40236.0,28377.0,0.009845838055472695,29049.540020000008,2599.36612,0.01363729476360911,0.0,0.0
BC,past,2001-01-01T00:00:00,M,16,458.921580000002,40236.0,29189.0,0.011405745600954418,29049.540020000008,2599.36612,0.015797894895548913,0.0,0.0
BC,past,2001-01-01T00:00:00,M,17,573.8020600000018,40236.0,29269.000000000004,0.01426091211850089,29049.540020000008,2599.36612,0.019752535138420468,0.0,0.0
BC,past,2001-01-01T00:00:00,M,18,677.7438099999999,40236.0,29261.0,0.016844214385127745,29049.540020000008,2599.36612,0.02333062105401281,0.0,0.0
BC,past,2001-01-01T00:00:00,M,19,816.8813100000043,40236.0,29232.0,0.02030224947807944,29049.540020000008,2599.36612,0.028120283813017295,0.0,0.0
BC,past,2001-01-01T00:00:00,M,20,445.3189300000013,40236.0,28243.000000000004,0.011067673973556052,29049.540020000008,2599.36612,0.015329637911423328,0.0,0.0
BC,past,2001-01-01T00:00:00,M,21,337.7122000000054,40236.0,27771.0,0.008393284620737781,29049.540020000008,2599.36612,0.011625388896605507,0.0,0.0
BC,past,2001-01-01T00:00:00,M,22,227.04601999999795,40236.0,27221.0,0.005642857639924395,29049.540020000008,2599.36612,0.007815821518815151,0.0,0.0
BC,past,2001-01-01T00:00:00,M,23,262.4132299999983,40236.0,26546.0,0.0065218518242369595,29049.540020000008,2599.36612,0.009033300693206578,0.0,0.0
BC,past,2001-01-01T00:00:00,M,24,161.55936000000293,40236.0,26910.0,0.0040152937667760945,29049.540020000008,2599.36612,0.005561511813569945,0.0,0.0
BC,past,2001-01-01T00:00:00,M,25,95.02455000000555,40236.0,26537.0,0.0023616798389503317,29049.540020000008,2599.36612,0.0032711206419992573,0.0,0.0
BC,past,2001-01-01T00:00:00,M,26,-73.8272999999972,40236.0,26848.000000000004,-0.0018348568446166914,29049.540020000008,2599.36612,0.0,0.02840203980191801,0.0027498249404051393
BC,past,2001-01-01T00:00:00,M,27,217.69195999999647,40236.0,26581.0,0.005410377771150126,29049.540020000008,2599.36612,0.007493817797118992,0.0,0.0
BC,past,2001-01-01T00:00:00,M,28,242.25182000000132,40236.0,27256.000000000004,0.006020772939656062,29049.540020000008,2599.36612,0.008339265263175112,0.0,0.0
BC,past,2001-01-01T00:00:00,M,29,375.23732999999993,40236.0,28210.0,0.009325910378765283,29049.540020000008,2599.36612,0.012917152207630716,0.0,0.0
BC,past,2001-01-01T00:00:00,M,30,131.83438999999998,40236.0,30256.0,0.003276528233422805,29049.540020000008,2599.36612,0.004538260843690975,0.0,0.0
BC,past,2001-01-01T00:00:00,M,31,25.380159999996977,40236.0,30845.0,0.0006307823839347096,29049.540020000008,2599.36612,0.0008736854346927098,0.0,0.0
BC,past,2001-01-01T00:00:00,M,32,81.685249999995,40236.0,30247.999999999996,0.0020301533452628242,29049.540020000008,2599.36612,0.002811929205892981,0.0,0.0
BC,past,2001-01-01T00:00:00,M,33,186.58199999999488,40236.0,29738.999999999996,0.00463719057560381,29049.540020000008,2599.36612,0.006422889996589861,0.0,0.0
BC,past,2001-01-01T00:00:00,M,34,111.48623999999836,40236.0,29784.0,0.0027708082314344953,29049.540020000008,2599.36612,0.003837797084678187,0.0,0.0
BC,past,2001-01-01T00:00:00,M,35,201.30040000000008,40236.0,30862.0,0.005002992345163537,29049.540020000008,2599.36612,0.006929555506263057,0.0,0.0
BC,past,2001-01-01T00:00:00,M,36,-0.1339799999987008,40236.0,33185.0,-3.329853862180654e-06,29049.540020000008,2599.36612,0.0,5.154333549546333e-05,4.037366279906609e-06
BC,past,2001-01-01T00:00:00,M,37,121.0060599999997,40236.0,34860.0,0.0030074077940153024,29049.540020000008,2599.36612,0.004165506920821794,0.0,0.0
BC,past,2001-01-01T00:00:00,M,38,-28.115640000003623,40236.0,36082.0,-0.0006987682672234721,29049.540020000008,2599.36612,0.0,0.010816344717151127,0.0007792151211131207
BC,past,2001-01-01T00:00:00,M,39,196.37333999999828,40236.0,34967.0,0.004880538323889012,29049.540020000008,2599.36612,0.006759946624449106,0.0,0.0
BC,past,2001-01-01T00:00:00,M,40,-20.08741000000009,40236.0,35197.99999999999,-0.0004992397355601971,29049.540020000008,2599.36612,0.0,0.007727810963389832,0.0005706974828115261
BC,past,2001-01-01T00:00:00,M,41,27.17666000000463,40236.0,35125.0,0.0006754314544190434,29049.540020000008,2599.36612,0.0009355280662376775,0.0,0.0
BC,past,2001-01-01T00:00:00,M,42,102.85856000000786,40236.0,34217.0,0.00255638135003499,29049.540020000008,2599.36612,0.003540798233954543,0.0,0.0
BC,past,2001-01-01T00:00:00,M,43,-50.68727000000217,40236.0,34441.0,-0.0012597492295457345,29049.540020000008,2599.36612,0.0,0.019499857911513506,0.0014717130745333228
BC,past,2001-01-01T00:00:00,M,44,81.2844599999953,40236.0,33491.99999999999,0.0020201923650461106,29049.540020000008,2599.36612,0.002798132429774538,0.0,0.0
BC,past,2001-01-01T00:00:00,M,45,111.72630000000208,40236.0,33245.0,0.0027767745302714505,29049.540020000008,2599.36612,0.0038460608988328503,0.0,0.0
BC,past,2001-01-01T00:00:00,M,46,17.759480000007898,40236.0,33020.0,0.00044138284123689973,29049.540020000008,2599.36612,0.0006113515046290187,0.0,0.0
BC,past,2001-01-01T00:00:00,M,47,55.345640000006824,40236.0,32057.0,0.0013755254001393484,29049.540020000008,2599.36612,0.0019052157095052966,0.0,0.0
BC,past,2001-01-01T00:00:00,M,48,27.9257600000019,40236.0,31169.0,0.0006940491102495751,29049.540020000008,2599.36612,0.0009613150494216291,0.0,0.0
BC,past,2001-01-01T00:00:00,M,49,70.2653799999971,40236.0,30656.0,0.0017463311462371284,29049.540020000008,2599.36612,0.00241881213787278,0.0,0.0
BC,past,2001-01-01T00:00:00,M,50,118.51543999999558,40236.0,30000.0,0.0029455075057161642,29049.540020000008,2599.36612,0.004079769935028236,0.0,0.0
BC,past,2001-01-01T00:00:00,M,51,-32.15015999999741,40236.0,29733.000000000004,-0.0007990396659707081,29049.540020000008,2599.36612,0.0,0.012368461584779528,0.0010812955302188616
BC,past,2001-01-01T00:00:00,M,52,155.2459600000002,40236.0,28690.0,0.0038583845312655384,29049.540020000008,2599.36612,0.005344179628769218,0.0,0.0
BC,past,2001-01-01T00:00:00,M,53,68.87199999999575,40236.0,28921.0,0.001711700964310462,29049.540020000008,2599.36612,0.0023708464902569473,0.0,0.0
BC,past,2001-01-01T00:00:00,M,54,-378.07000000000335,40236.0,28569.0,-0.00939631176061247,29049.540020000008,2599.36612,0.0,0.14544699843975936,0.013233574853862696
BC,past,2001-01-01T00:00:00,M,55,428.2926699999989,40236.0,23565.0,0.010644514116711376,29049.540020000008,2599.36612,0.01474352673760508,0.0,0.0
BC,past,2001-01-01T00:00:00,M,56,221.72442000000592,40236.0,22087.0,0.005510597971965551,29049.540020000008,2599.36612,0.007632631010589264,0.0,0.0
BC,past,2001-01-01T00:00:00,M,57,47.86543999999412,40236.0,21984.999999999996,0.0011896172581766112,29049.540020000008,2599.36612,0.0016477176563566844,0.0,0.0
BC,past,2001-01-01T00:00:00,M,58,39.190480000004754,40236.0,21238.0,0.0009740153096730479,29049.540020000008,2599.36612,0.0013490912411357604,0.0,0.0
BC,past,2001-01-01T00:00:00,M,59,222.85793000000194,40236.0,19584.0,0.005538769509891688,29049.540020000008,2599.36612,0.007671650905541666,0.0,0.0
BC,past,2001-01-01T00:00:00,M,60,98.60631999999896,40236.0,18796.0,0.0024506988766278695,29049.540020000008,2599.36612,0.0033944193240963727,0.0,0.0
BC,past,2001-01-01T00:00:00,M,61,140.26049999999668,40236.0,17638.999999999996,0.003485945422010058,29049.540020000008,2599.36612,0.004828320858210843,0.0,0.0
BC,past,2001-01-01T00:00:00,M,62,41.80978999999934,40236.0,16934.0,0.0010391139775325414,29049.540020000008,2599.36612,0.0014392582454391416,0.0,0.0
BC,past,2001-01-01T00:00:00,M,63,75.73887000000104,40236.0,16338.0,0.0018823657918282395,29049.540020000008,2599.36612,0.0026072313003185727,0.0,0.0
BC,past,2001-01-01T00:00:00,M,64,154.3926399999982,40236.0,15828.999999999998,0.003837176657719411,29049.540020000008,2599.36612,0.005314804981204593,0.0,0.0
BC,past,2001-01-01T00:00:00,M,65,82.49919999999656,40236.0,15872.999999999998,0.0020503827418231575,29049.540020000008,2599.36612,0.002839948582428416,0.0,0.0
BC,past,2001-01-01T00:00:00,M,66,140.90467999999782,40236.0,15337.999999999998,0.003501955462769605,29049.540020000008,2599.36612,0.0048504960802473246,0.0,0.0
BC,past,2001-01-01T00:00:00,M,67,104.90210000000116,40236.0,15030.0,0.002607170195844546,29049.540020000008,2599.36612,0.0036111449588454147,0.0,0.0
BC,past,2001-01-01T00:00:00,M,68,132.41740000000027,40236.0,14967.999999999998,0.0032910179938363724,29049.540020000008,2599.36612,0.004558330352523091,0.0,0.0
BC,past,2001-01-01T00:00:00,M,69,59.96925999999985,40236.0,14893.0,0.0014904379162938625,29049.540020000008,2599.36612,0.0020643789870239686,0.0,0.0
BC,past,2001-01-01T00:00:00,M,70,17.534410000000207,40236.0,14718.999999999998,0.00043578909434337926,29049.540020000008,2599.36612,0.000603603705529524,0.0,0.0
BC,past,2001-01-01T00:00:00,M,71,28.473800000001575,40236.0,14018.0,0.0007076697484839838,29049.540020000008,2599.36612,0.000980180752617699,0.0,0.0
BC,past,2001-01-01T00:00:00,M,72,80.63818999999785,40236.0,13129.999999999998,0.0020041303807535006,29049.540020000008,2599.36612,0.002775885261676437,0.0,0.0
BC,past,2001-01-01T00:00:00,M,73,54.715000000001965,40236.0,12528.0,0.0013598518739437809,29049.540020000008,2599.36612,0.0018835065877921585,0.0,0.0
BC,past,2001-01-01T00:00:00,M,74,32.83889999999883,40236.0,11720.999999999998,0.0008161571726811519,29049.540020000008,2599.36612,0.0011304447498098052,0.0,0.0
BC,past,2001-01-01T00:00:00,M,75,9.857680000000983,40236.0,11058.999999999998,0.00024499652052890403,29049.540020000008,2599.36612,0.0003393403129004512,0.0,0.0
BC,past,2001-01-01T00:00:00,M,76,23.20748999999887,40236.0,10343.999999999998,0.0005767842230837775,29049.540020000008,2599.36612,0.0007988935447522059,0.0,0.0
BC,past,2001-01-01T00:00:00,M,77,-9.106219999997847,40236.0,9907.0,-0.00022632021075648295,29049.540020000008,2599.36612,0.0,0.0035032463991635956,0.0009191702836376146
BC,past,2001-01-01T00:00:00,M,78,27.53679000000011,40236.0,9191.999999999998,0.0006843818968088306,29049.540020000008,2599.36612,0.0009479251644274436,0.0,0.0
BC,past,2001-01-01T00:00:00,M,79,-44.98742000000129,40236.0,8754.999999999998,-0.0011180887762203323,29049.540020000008,2599.36612,0.0,0.017307073310627474,0.005138483152484444
BC,past,2001-01-01T00:00:00,M,80,-68.00456000000122,40236.0,7922.999999999999,-0.0016901421612486635,29049.540020000008,2599.36612,0.0,0.026161978290307645,0.00858318313770052
BC,past,2001-01-01T00:00:00,M,81,-80.86999999999989,40236.0,7095.0,-0.0020098916393279623,29049.540020000008,2599.36612,0.0,0.03111143112075335,0.011398167723749103
BC,past,2001-01-01T00:00:00,M,82,19.171839999999065,40236.0,5481.999999999999,0.00047648474003377737,29049.540020000008,2599.36612,0.0006599705188722317,0.0,0.0
BC,past,2001-01-01T00:00:00,M,83,-58.479050000000825,40236.0,4750.999999999999,-0.0014534011830202014,29049.540020000008,2599.36612,0.0,0.022497427180439216,0.012308787623658354
BC,past,2001-01-01T00:00:00,M,84,-75.0727599999991,40236.0,4176.0,-0.0018658107167710287,29049.540020000008,2599.36612,0.0,0.028881179693147307,0.017977193486589823
BC,past,2001-01-01T00:00:00,M,85,-43.6836300000009,40236.0,3908.999999999999,-0.0010856852072770877,29049.540020000008,2599.36612,0.0,0.016805493333121115,0.011175141980046282
BC,past,2001-01-01T00:00:00,M,86,-72.38703999999962,40236.0,3618.9999999999995,-0.001799061536932091,29049.540020000008,2599.36612,0.0,0.027847958563066755,0.020001945288753695
BC,past,2001-01-01T00:00:00,M,87,-70.59483999999975,40236.0,2977.0,-0.0017545193359180772,29049.540020000008,2599.36612,0.0,0.027158482776562368,0.02371341619079602
BC,past,2001-01-01T00:00:00,M,88,-29.503159999999298,40236.0,2332.0,-0.000733252808430244,29049.540020000008,2599.36612,0.0,0.011350136394021822,0.012651440823327314
BC,past,2001-01-01T00:00:00,M,89,-7.976800000000367,40236.0,1823.9999999999998,-0.000198250323093756,29049.540020000008,2599.36612,0.0,0.0030687481608017444,0.004373245614035289
BC,past,2001-01-01T00:00:00,M,90,-54.38799999999992,40236.0,1390.0,-0.0013517248235411054,29049.540020000008,2599.36612,0.0,0.02092356270304851,0.03912805755395678
BC,past,2001-01-01T00:00:00,M,91,183.09500000000003,40236.0,1100.0,0.004550526891341089,29049.540020000008,2599.36612,0.006302853672517462,0.0,0.0
BC,past,2001-01-01T00:00:00,M,92,151.30032000000006,40236.0,823.0000000000001,0.003760322099612289,29049.540020000008,2599.36612,0.005208355102897771,0.0,0.0
BC,past,2001-01-01T00:00:00,M,93,124.30379999999997,40236.0,615.0,0.003089367730390694,29049.540020000008,2599.36612,0.004279028167551685,0.0,0.0
BC,past,2001-01-01T00:00:00,M,94,101.07925999999998,40236.0,456.99999999999994,0.0025121597574311555,29049.540020000008,2599.36612,0.0034795476944009785,0.0,0.0
BC,past,2001-01-01T00:00:00,M,95,71.31232,40236.0,295.99999999999994,0.0017723511283427775,29049.540020000008,2599.36612,0.0024548519512151636,0.0,0.0
BC,past,2001-01-01T00:00:00,M,96,49.62907999999996,40236.0,193.99999999999994,0.001233449647082214,29049.540020000008,2599.36612,0.0017084291168063717,0.0,0.0
BC,past,2001-01-01T00:00:00,M,97,38.79473999999999,40236.0,141.0,0.0009641798389501936,29049.540020000008,2599.36612,0.0013354683059797372,0.0,0.0
BC,past,2001-01-01T00:00:00,M,98,23.5888,40236.0,80.0,0.0005862610597474898,29049.540020000008,2599.36612,0.000812019742266473,0.0,0.0
BC,past,2001-01-01T00:00:00,M,99,14.798419999999993,40236.0,46.99999999999999,0.00036779053583855235,29049.540020000008,2599.36612,0.0005094201143911948,0.0,0.0
BC,past,2001-01-01T00:00:00,M,100,27.13499999999999,40236.0,80.99999999999999,0.0006743960632269607,29049.540020000008,2599.36612,0.0009340939643559968,0.0,0.0
BC,past,2002-01-01T00:00:00,F,1,177.31200000000536,39775.0,19677.000000000004,0.004457875549968708,15670.755909999983,4396.3207899999925,0.011314833886657452,0.0,0.0
BC,past,2002-01-01T00:00:00,F,2,50.72095999999874,39775.0,20477.0,0.0012751969830295095,15670.755909999983,4396.3207899999925,0.003236663265722374,0.0,0.0
BC,past,2002-01-01T00:00:00,F,3,44.80079000000114,39775.0,20913.0,0.001126355499685761,15670.755909999983,4396.3207899999925,0.002858878681877267,0.0,0.0
BC,past,2002-01-01T00:00:00,F,4,-28.153040000004694,39775.0,21339.999999999996,-0.0007078074167191626,15670.755909999983,4396.3207899999925,0.0,0.006403772914852454,0.0013192614807874742
BC,past,2002-01-01T00:00:00,F,5,12.32010000000082,39775.0,22143.0,0.00030974481458204454,15670.755909999983,4396.3207899999925,0.0007861841554266691,0.0,0.0
BC,past,2002-01-01T00:00:00,F,6,32.02952000000005,39775.0,23333.0,0.00080526763042112,15670.755909999983,4396.3207899999925,0.0020439039561302237,0.0,0.0
BC,past,2002-01-01T00:00:00,F,7,63.59611000000223,39775.0,23662.0,0.0015988965430547386,15670.755909999983,4396.3207899999925,0.004058266899519482,0.0,0.0
BC,past,2002-01-01T00:00:00,F,8,79.14290000000256,39775.0,23887.0,0.0019897649277184804,15670.755909999983,4396.3207899999925,0.005050356246663192,0.0,0.0
BC,past,2002-01-01T00:00:00,F,9,127.94496000000072,39775.0,24438.0,0.0032167180389692197,15670.755909999983,4396.3207899999925,0.008164568495279488,0.0,0.0
BC,past,2002-01-01T00:00:00,F,10,116.74132000000463,39775.0,24991.000000000004,0.0029350426147078477,15670.755909999983,4396.3207899999925,0.007449629148106918,0.0,0.0
BC,past,2002-01-01T00:00:00,F,11,215.77086000000418,39775.0,25512.000000000004,0.00542478592080463,15670.755909999983,4396.3207899999925,0.013769014158552126,0.0,0.0
BC,past,2002-01-01T00:00:00,F,12,221.8022200000014,39775.0,25966.0,0.005576422878692681,15670.755909999983,4396.3207899999925,0.014153894124434846,0.0,0.0
BC,past,2002-01-01T00:00:00,F,13,238.03903999999966,39775.0,25724.0,0.005984639597737263,15670.755909999983,4396.3207899999925,0.015190016446373193,0.0,0.0
BC,past,2002-01-01T00:00:00,F,14,138.54969999999958,39775.0,25633.0,0.0034833362664990464,15670.755909999983,4396.3207899999925,0.008841290158286929,0.0,0.0
BC,past,2002-01-01T00:00:00,F,15,44.373890000002575,39775.0,25994.0,0.001115622627278506,15670.755909999983,4396.3207899999925,0.002831636856246753,0.0,0.0
BC,past,2002-01-01T00:00:00,F,16,109.27660000000105,39775.0,26487.0,0.002747368950345721,15670.755909999983,4396.3207899999925,0.006973281992751119,0.0,0.0
BC,past,2002-01-01T00:00:00,F,17,14.596959999995306,39775.0,27138.999999999996,0.000366988309239354,15670.755909999983,4396.3207899999925,0.0009314777209107407,0.0,0.0
BC,past,2002-01-01T00:00:00,F,18,211.3262000000068,39775.0,27632.000000000004,0.005313040854808468,15670.755909999983,4396.3207899999925,0.013485386487652018,0.0,0.0
BC,past,2002-01-01T00:00:00,F,19,784.7930799999995,39775.0,27978.0,0.019730812822124435,15670.755909999983,4396.3207899999925,0.050080103634260506,0.0,0.0
BC,past,2002-01-01T00:00:00,F,20,821.7120800000012,39775.0,27790.0,0.0206590089252043,15670.755909999983,4396.3207899999925,0.052436020618229516,0.0,0.0
BC,past,2002-01-01T00:00:00,F,21,753.6894000000066,39775.0,27659.000000000004,0.018948822124450197,15670.755909999983,4396.3207899999925,0.04809528042735032,0.0,0.0
BC,past,2002-01-01T00:00:00,F,22,493.63323999999557,39775.0,27242.999999999996,0.012410640854808185,15670.755909999983,4396.3207899999925,0.03150028261782785,0.0,0.0
BC,past,2002-01-01T00:00:00,F,23,169.46331999999893,39775.0,26447.0,0.004260548585795071,15670.755909999983,4396.3207899999925,0.01081398504151668,0.0,0.0
BC,past,2002-01-01T00:00:00,F,24,98.52194999999847,39775.0,25824.0,0.002476981772470106,15670.755909999983,4396.3207899999925,0.006286994103272876,0.0,0.0
BC,past,2002-01-01T00:00:00,F,25,59.560429999994085,39775.0,25888.999999999996,0.0014974338152104107,15670.755909999983,4396.3207899999925,0.003800737522941492,0.0,0.0
BC,past,2002-01-01T00:00:00,F,26,-14.052739999999176,39775.0,26153.0,-0.0003533058453802433,15670.755909999983,4396.3207899999925,0.0,0.003196477388993991,0.0005373280312009779
BC,past,2002-01-01T00:00:00,F,27,0.2885900000073889,39775.0,26371.000000000004,7.255562539469236e-06,15670.755909999983,4396.3207899999925,1.8415831480294507e-05,0.0,0.0
BC,past,2002-01-01T00:00:00,F,28,22.561200000003737,39775.0,26415.000000000004,0.000567220615964896,15670.755909999983,4396.3207899999925,0.0014397008114718163,0.0,0.0
BC,past,2002-01-01T00:00:00,F,29,130.4105600000039,39775.0,27287.0,0.003278706725330079,15670.755909999983,4396.3207899999925,0.00832190615111202,0.0,0.0
BC,past,2002-01-01T00:00:00,F,30,-44.99439999999959,39775.0,27863.0,-0.0011312231301068407,15670.755909999983,4396.3207899999925,0.0,0.010234557974555733,0.0016148440584287259
BC,past,2002-01-01T00:00:00,F,31,-110.25339999999778,39775.0,30424.0,-0.0027719270898805223,15670.755909999983,4396.3207899999925,0.0,0.02507856120299128,0.003623895608729877
BC,past,2002-01-01T00:00:00,F,32,-106.4539700000023,39775.0,30828.0,-0.0026764040226273365,15670.755909999983,4396.3207899999925,0.0,0.02421433172987417,0.00345315849227982
BC,past,2002-01-01T00:00:00,F,33,10.335499999993772,39775.0,30666.0,0.00025984915147690186,15670.755909999983,4396.3207899999925,0.0006595406156124463,0.0,0.0
BC,past,2002-01-01T00:00:00,F,34,31.95988999999463,39775.0,30128.999999999996,0.0008035170333122472,15670.755909999983,4396.3207899999925,0.002039460647817254,0.0,0.0
BC,past,2002-01-01T00:00:00,F,35,-29.46263999999792,39775.0,29485.000000000004,-0.0007407326209930338,15670.755909999983,4396.3207899999925,0.0,0.006701658365562075,0.000999241648295673
BC,past,2002-01-01T00:00:00,F,36,-2.5093999999953667,39775.0,31319.0,-6.308988057813618e-05,15670.755909999983,4396.3207899999925,0.0,0.0005707954719099038,8.012388645855125e-05
BC,past,2002-01-01T00:00:00,F,37,63.016799999990326,39775.0,33402.0,0.0015843318667502283,15670.755909999983,4396.3207899999925,0.004021299314590013,0.0,0.0
BC,past,2002-01-01T00:00:00,F,38,105.1515600000057,39775.0,35598.00000000001,0.0026436595851667055,15670.755909999983,4396.3207899999925,0.0067100502747863815,0.0,0.0
BC,past,2002-01-01T00:00:00,F,39,138.20846000000165,39775.0,36014.0,0.003474757008171003,15670.755909999983,4396.3207899999925,0.008819514565459262,0.0,0.0
BC,past,2002-01-01T00:00:00,F,40,50.93119999999908,39775.0,34937.0,0.0012804827152733899,15670.755909999983,4396.3207899999925,0.003250079338387138,0.0,0.0
BC,past,2002-01-01T00:00:00,F,41,25.87369000000035,39775.0,35482.00000000001,0.0006505013199245846,15670.755909999983,4396.3207899999925,0.0016510811698298208,0.0,0.0
BC,past,2002-01-01T00:00:00,F,42,43.227839999992284,39775.0,35663.0,0.0010868093023253874,15670.755909999983,4396.3207899999925,0.0027585038174455447,0.0,0.0
BC,past,2002-01-01T00:00:00,F,43,9.059750000007625,39775.0,35267.0,0.0002277749842868039,15670.755909999983,4396.3207899999925,0.0005781310137200417,0.0,0.0
BC,past,2002-01-01T00:00:00,F,44,22.526000000005297,39775.0,35222.0,0.0005663356379636781,15670.755909999983,4396.3207899999925,0.001437454589260163,0.0,0.0
BC,past,2002-01-01T00:00:00,F,45,12.61867999999231,39775.0,34587.0,0.00031725153991181166,15670.755909999983,4396.3207899999925,0.0008052374800847959,0.0,0.0
BC,past,2002-01-01T00:00:00,F,46,29.92965999999433,39775.0,33989.99999999999,0.0007524741671903036,15670.755909999983,4396.3207899999925,0.0019099053148352151,0.0,0.0
BC,past,2002-01-01T00:00:00,F,47,66.29017000000749,39775.0,33982.00000000001,0.0016666290383408546,15670.755909999983,4396.3207899999925,0.004230183303263994,0.0,0.0
BC,past,2002-01-01T00:00:00,F,48,44.19260000000213,39775.0,32834.0,0.001111064739157816,15670.755909999983,4396.3207899999925,0.0028200681737248867,0.0,0.0
BC,past,2002-01-01T00:00:00,F,49,95.92319999999745,39775.0,31662.999999999996,0.0024116455059710233,15670.755909999983,4396.3207899999925,0.0061211597290457415,0.0,0.0
BC,past,2002-01-01T00:00:00,F,50,80.62711999999738,39775.0,30443.0,0.0020270803268384,15670.755909999983,4396.3207899999925,0.005145068971978995,0.0,0.0
BC,past,2002-01-01T00:00:00,F,51,69.68700000000172,39775.0,29906.000000000004,0.0017520301697046315,15670.755909999983,4396.3207899999925,0.004446945661091712,0.0,0.0
BC,past,2002-01-01T00:00:00,F,52,62.85992000000988,39775.0,29675.000000000007,0.0015803876807042082,15670.755909999983,4396.3207899999925,0.0040112883105975165,0.0,0.0
BC,past,2002-01-01T00:00:00,F,53,56.422279999995226,39775.0,28723.0,0.0014185362664989373,15670.755909999983,4396.3207899999925,0.003600482345844623,0.0,0.0
BC,past,2002-01-01T00:00:00,F,54,107.52349999999933,39775.0,28583.0,0.002703293526084207,15670.755909999983,4396.3207899999925,0.006861411192767372,0.0,0.0
BC,past,2002-01-01T00:00:00,F,55,293.2120000000032,39775.0,28612.000000000004,0.007371766184789521,15670.755909999983,4396.3207899999925,0.0187107757713778,0.0,0.0
BC,past,2002-01-01T00:00:00,F,56,49.361039999999775,39775.0,23325.0,0.0012410066624764242,15670.755909999983,4396.3207899999925,0.003149882512591559,0.0,0.0
BC,past,2002-01-01T00:00:00,F,57,185.67766000000483,39775.0,22084.000000000004,0.004668200125707224,15670.755909999983,4396.3207899999925,0.011848672844270281,0.0,0.0
BC,past,2002-01-01T00:00:00,F,58,234.2888299999904,39775.0,21961.999999999996,0.005890353991200262,15670.755909999983,4396.3207899999925,0.014950703804306187,0.0,0.0
BC,past,2002-01-01T00:00:00,F,59,185.24807999999393,39775.0,21180.999999999996,0.004657399874292745,15670.755909999983,4396.3207899999925,0.011821259999447858,0.0,0.0
BC,past,2002-01-01T00:00:00,F,60,172.77392000000327,39775.0,19649.000000000004,0.004343781772470227,15670.755909999983,4396.3207899999925,0.011025244793057559,0.0,0.0
BC,past,2002-01-01T00:00:00,F,61,251.2048400000058,39775.0,19259.000000000004,0.006315646511628053,15670.755909999983,4396.3207899999925,0.016030167366700186,0.0,0.0
BC,past,2002-01-01T00:00:00,F,62,144.01064999999653,39775.0,17745.0,0.003620632306725243,15670.755909999983,4396.3207899999925,0.009189770476106961,0.0,0.0
BC,past,2002-01-01T00:00:00,F,63,130.0590000000011,39775.0,16970.0,0.003269868007542454,15670.755909999983,4396.3207899999925,0.00829947200677196,0.0,0.0
BC,past,2002-01-01T00:00:00,F,64,126.84626000000208,39775.0,16706.0,0.003189095160276608,15670.755909999983,4396.3207899999925,0.008094457008232617,0.0,0.0
BC,past,2002-01-01T00:00:00,F,65,119.32404999999926,39775.0,16152.999999999998,0.0029999761156505158,15670.755909999983,4396.3207899999925,0.007614441235974773,0.0,0.0
BC,past,2002-01-01T00:00:00,F,66,105.79071999999724,39775.0,15910.0,0.0026597289754870454,15670.755909999983,4396.3207899999925,0.006750837075605841,0.0,0.0
BC,past,2002-01-01T00:00:00,F,67,65.59712000000036,39775.0,15450.000000000002,0.0016492047768699022,15670.755909999983,4396.3207899999925,0.004185957612813103,0.0,0.0
BC,past,2002-01-01T00:00:00,F,68,57.07507999999871,39775.0,14825.0,0.001434948585795065,15670.755909999983,4396.3207899999925,0.0036421395577718985,0.0,0.0
BC,past,2002-01-01T00:00:00,F,69,103.02753999999914,39775.0,15148.000000000002,0.002590258705216823,15670.755909999983,4396.3207899999925,0.006574509908245979,0.0,0.0
BC,past,2002-01-01T00:00:00,F,70,7.297570000000633,39775.0,14658.0,0.00018347127592710578,15670.755909999983,4396.3207899999925,0.0004656807905063362,0.0,0.0
BC,past,2002-01-01T00:00:00,F,71,23.468800000000556,39775.0,14926.000000000002,0.0005900389692017738,15670.755909999983,4396.3207899999925,0.0014976176091814693,0.0,0.0
BC,past,2002-01-01T00:00:00,F,72,44.15908000000127,39775.0,14639.000000000002,0.001110221998742961,15670.755909999983,4396.3207899999925,0.0028179291575731852,0.0,0.0
BC,past,2002-01-01T00:00:00,F,73,19.45930000000044,39775.0,14060.0,0.0004892344437460827,15670.755909999983,4396.3207899999925,0.0012417588603739831,0.0,0.0
BC,past,2002-01-01T00:00:00,F,74,-9.61891999999898,39775.0,13570.0,-0.00024183331238212394,15670.755909999983,4396.3207899999925,0.0,0.0021879477088838635,0.0007088371407515828
BC,past,2002-01-01T00:00:00,F,75,-9.794880000004923,39775.0,13372.999999999998,-0.00024625719673173913,15670.755909999983,4396.3207899999925,0.0,0.002227972085723285,0.0007324369999255907
BC,past,2002-01-01T00:00:00,F,76,19.692959999996674,39775.0,13032.0,0.0004951089880577416,15670.755909999983,4396.3207899999925,0.001256669436566873,0.0,0.0
BC,past,2002-01-01T00:00:00,F,77,1.1879599999974744,39775.0,12792.999999999998,2.986700188554304e-05,15670.755909999983,4396.3207899999925,7.58074471212586e-05,0.0,0.0
BC,past,2002-01-01T00:00:00,F,78,30.294850000002043,39775.0,12653.0,0.0007616555625393349,15670.755909999983,4396.3207899999925,0.0019332092321513337,0.0,0.0
BC,past,2002-01-01T00:00:00,F,79,-52.48149000000376,39775.0,11849.999999999998,-0.001319459208045349,15670.755909999983,4396.3207899999925,0.0,0.011937593389313123,0.004428817721519305
BC,past,2002-01-01T00:00:00,F,80,-37.09191999999712,39775.0,11640.000000000002,-0.0009325435575109268,15670.755909999983,4396.3207899999925,0.0,0.008437036734072624,0.0031865910652918482
BC,past,2002-01-01T00:00:00,F,81,-73.31852000000254,39775.0,11018.0,-0.0018433317410434327,15670.755909999983,4396.3207899999925,0.0,0.016677245247156466,0.006654430931203715
BC,past,2002-01-01T00:00:00,F,82,-76.5640800000001,39775.0,10053.0,-0.0019249297297297323,15670.755909999983,4396.3207899999925,0.0,0.017415489828257105,0.0076160429722471005
BC,past,2002-01-01T00:00:00,F,83,-87.73275000000103,39775.0,8257.0,-0.0022057259585166822,15670.755909999983,4396.3207899999925,0.0,0.019955948210048882,0.010625257357393851
BC,past,2002-01-01T00:00:00,F,84,-75.35163999999986,39775.0,7267.000000000001,-0.0018944472658705182,15670.755909999983,4396.3207899999925,0.0,0.01713970467564538,0.01036901610017887
BC,past,2002-01-01T00:00:00,F,85,-45.321320000000924,39775.0,6778.999999999999,-0.0011394423632935494,15670.755909999983,4396.3207899999925,0.0,0.010308920155028314,0.006685546540787864
BC,past,2002-01-01T00:00:00,F,86,-101.9991200000004,39775.0,6164.0,-0.002564402765556264,15670.755909999983,4396.3207899999925,0.0,0.023201018504384566,0.01654755353666457
BC,past,2002-01-01T00:00:00,F,87,-96.72699999999986,39775.0,5874.000000000001,-0.0024318541797611532,15670.755909999983,4396.3207899999925,0.0,0.022001806651602424,0.016466973101804536
BC,past,2002-01-01T00:00:00,F,88,-104.78403999999955,39775.0,4943.000000000001,-0.002634419610307971,15670.755909999983,4396.3207899999925,0.0,0.023834484562260463,0.021198470564434458
BC,past,2002-01-01T00:00:00,F,89,-44.037999999999556,39775.0,4103.0,-0.0011071778755499574,15670.755909999983,4396.3207899999925,0.0,0.010017012430068742,0.010733122105776153
BC,past,2002-01-01T00:00:00,F,90,-45.66016000000036,39775.0,3349.0,-0.001147961282212454,15670.755909999983,4396.3207899999925,0.0,0.010385993693604064,0.013633968348760931
BC,past,2002-01-01T00:00:00,F,91,-48.129599999999755,39775.0,2787.0000000000005,-0.0012100465116279008,15670.755909999983,4396.3207899999925,0.0,0.010947699746905829,0.017269321851453086
BC,past,2002-01-01T00:00:00,F,92,-55.16772000000037,39775.0,2213.0,-0.001386994846008809,15670.755909999983,4396.3207899999925,0.0,0.012548611130808875,0.024928929055580827
BC,past,2002-01-01T00:00:00,F,93,-19.181199999999535,39775.0,1733.0,-0.0004822426147077193,15670.755909999983,4396.3207899999925,0.0,0.004363011917517413,0.011068205424119754
BC,past,2002-01-01T00:00:00,F,94,-36.613399999999956,39775.0,1300.0000000000002,-0.0009205128849780001,15670.755909999983,4396.3207899999925,0.0,0.008328191173692769,0.028164153846153808
BC,past,2002-01-01T00:00:00,F,95,-20.40372000000002,39775.0,968.9999999999999,-0.0005129785040854813,15670.755909999983,4396.3207899999925,0.0,0.00464108989644499,0.02105647058823532
BC,past,2002-01-01T00:00:00,F,96,-8.97479999999996,39775.0,712.0,-0.00022563922061596378,15670.755909999983,4396.3207899999925,0.0,0.0020414342876011954,0.012605056179775224
BC,past,2002-01-01T00:00:00,F,97,-8.265120000000081,39775.0,499.0,-0.00020779685732244077,15670.755909999983,4396.3207899999925,0.0,0.001880008396748522,0.016563366733467096
BC,past,2002-01-01T00:00:00,F,98,4.046230000000037,39775.0,374.0,0.00010172796983029634,15670.755909999983,4396.3207899999925,0.0002582026051096881,0.0,0.0
BC,past,2002-01-01T00:00:00,F,99,8.980440000000044,39775.0,245.00000000000003,0.00022578101822753096,15670.755909999983,4396.3207899999925,0.0005730699942987022,0.0,0.0
BC,past,2002-01-01T00:00:00,F,100,257.8090000000001,39775.0,418.00000000000006,0.0064816844751728496,15670.755909999983,4396.3207899999925,0.016451599494028513,0.0,0.0
BC,past,2002-01-01T00:00:00,M,1,239.06887999999526,39775.0,20806.999999999996,0.00601053123821484,15670.755909999983,4396.3207899999925,0.015255733761218129,0.0,0.0
BC,past,2002-01-01T00:00:00,M,2,51.08252999999968,39775.0,21534.0,0.0012842873664361955,15670.755909999983,4396.3207899999925,0.0032597361795037834,0.0,0.0
BC,past,2002-01-01T00:00:00,M,3,-5.138180000005377,39775.0,22006.0,-0.0001291811439347675,15670.755909999983,4396.3207899999925,0.0,0.0011687454681862254,0.00023348995728462134
BC,past,2002-01-01T00:00:00,M,4,-18.762299999994866,39775.0,22356.000000000004,-0.00047171087366423294,15670.755909999983,4396.3207899999925,0.0,0.004267727696912422,0.0008392512077292388
BC,past,2002-01-01T00:00:00,M,5,12.884239999999409,39775.0,23564.0,0.000323928095537383,15670.755909999983,4396.3207899999925,0.0008221836951577802,0.0,0.0
BC,past,2002-01-01T00:00:00,M,6,-16.274499999999534,39775.0,24632.0,-0.00040916404776868723,15670.755909999983,4396.3207899999925,0.0,0.0037018454242506633,0.0006607055862292763
BC,past,2002-01-01T00:00:00,M,7,70.76750000000175,39775.0,25319.0,0.0017791954745443558,15670.755909999983,4396.3207899999925,0.004515895749154185,0.0,0.0
BC,past,2002-01-01T00:00:00,M,8,49.77001999999993,39775.0,25334.0,0.0012512890006285337,15670.755909999983,4396.3207899999925,0.003175980806914373,0.0,0.0
BC,past,2002-01-01T00:00:00,M,9,140.0515200000009,39775.0,25782.0,0.0035210941546197586,15670.755909999983,4396.3207899999925,0.008937125994709022,0.0,0.0
BC,past,2002-01-01T00:00:00,M,10,169.63239999999496,39775.0,26490.999999999996,0.004264799497171463,15670.755909999983,4396.3207899999925,0.010824774565708562,0.0,0.0
BC,past,2002-01-01T00:00:00,M,11,326.4521499999937,39775.0,26877.999999999996,0.008207470773098522,15670.755909999983,4396.3207899999925,0.020831933818308963,0.0,0.0
BC,past,2002-01-01T00:00:00,M,12,492.3184000000001,39775.0,27478.0,0.01237758390949089,15670.755909999983,4396.3207899999925,0.03141637856064345,0.0,0.0
BC,past,2002-01-01T00:00:00,M,13,471.4243999999999,39775.0,27588.0,0.011852279069767439,15670.755909999983,4396.3207899999925,0.030083067001201245,0.0,0.0
BC,past,2002-01-01T00:00:00,M,14,447.4351200000019,39775.0,27254.0,0.011249154494028961,15670.755909999983,4396.3207899999925,0.028552235933588885,0.0,0.0
BC,past,2002-01-01T00:00:00,M,15,312.85609999999724,39775.0,27395.0,0.007865646763042043,15670.755909999983,4396.3207899999925,0.01996432729836308,0.0,0.0
BC,past,2002-01-01T00:00:00,M,16,180.64818000000014,39775.0,28548.0,0.004541751854179764,15670.755909999983,4396.3207899999925,0.011527725978089102,0.0,0.0
BC,past,2002-01-01T00:00:00,M,17,133.6756000000023,39775.0,29311.000000000004,0.00336079446888755,15670.755909999983,4396.3207899999925,0.008530258576403443,0.0,0.0
BC,past,2002-01-01T00:00:00,M,18,60.3418099999908,39775.0,29314.999999999996,0.0015170788183530056,15670.755909999983,4396.3207899999925,0.003850599827254336,0.0,0.0
BC,past,2002-01-01T00:00:00,M,19,691.1418199999971,39775.0,29934.0,0.017376287115021927,15670.755909999983,4396.3207899999925,0.044103923510094276,0.0,0.0
BC,past,2002-01-01T00:00:00,M,20,279.50864,39775.0,29489.0,0.007027244248900063,15670.755909999983,4396.3207899999925,0.017836321464342195,0.0,0.0
BC,past,2002-01-01T00:00:00,M,21,61.418699999994715,39775.0,28278.999999999996,0.0015441533626648577,15670.755909999983,4396.3207899999925,0.003919319549914091,0.0,0.0
BC,past,2002-01-01T00:00:00,M,22,40.04871000000276,39775.0,27783.000000000004,0.0010068814582024578,15670.755909999983,4396.3207899999925,0.002555633578240247,0.0,0.0
BC,past,2002-01-01T00:00:00,M,23,28.854260000000068,39775.0,27221.0,0.0007254370835952248,15670.755909999983,4396.3207899999925,0.0018412806737412898,0.0,0.0
BC,past,2002-01-01T00:00:00,M,24,24.87329999999929,39775.0,26543.0,0.000625350094280309,15670.755909999983,4396.3207899999925,0.0015872431516929496,0.0,0.0
BC,past,2002-01-01T00:00:00,M,25,-196.3590999999942,39775.0,26687.000000000004,-0.004936746700188416,15670.755909999983,4396.3207899999925,0.0,0.044664415855785296,0.0073578558848875555
BC,past,2002-01-01T00:00:00,M,26,-329.58596000000034,39775.0,26183.0,-0.008286259208045264,15670.755909999983,4396.3207899999925,0.0,0.07496858754021926,0.012587784440285694
BC,past,2002-01-01T00:00:00,M,27,-320.37376000000586,39775.0,26503.999999999996,-0.00805465141420505,15670.755909999983,4396.3207899999925,0.0,0.07287315355347543,0.012087751282825457
BC,past,2002-01-01T00:00:00,M,28,-173.60872000000018,39775.0,26384.0,-0.004364769830295416,15670.755909999983,4396.3207899999925,0.0,0.03948954780435858,0.0065800758035172895
BC,past,2002-01-01T00:00:00,M,29,-93.469600000004,39775.0,27138.0,-0.0023499585166562916,15670.755909999983,4396.3207899999925,0.0,0.021260868909432823,0.0034442331785689436
BC,past,2002-01-01T00:00:00,M,30,-134.200499999999,39775.0,28049.0,-0.0033739912005028034,15670.755909999983,4396.3207899999925,0.0,0.030525638689800714,0.004784502121287711
BC,past,2002-01-01T00:00:00,M,31,-55.53375999999844,39775.0,30169.0,-0.0013961976115650142,15670.755909999983,4396.3207899999925,0.0,0.012631871661030115,0.001840755742649688
BC,past,2002-01-01T00:00:00,M,32,-110.52824999999939,39775.0,30699.0,-0.00277883720930231,15670.755909999983,4396.3207899999925,0.0,0.025141079388794917,0.0036003860060588094
BC,past,2002-01-01T00:00:00,M,33,-70.49247999999716,39775.0,30140.0,-0.0017722810810810096,15670.755909999983,4396.3207899999925,0.0,0.016034425913673437,0.0023388347710682532
BC,past,2002-01-01T00:00:00,M,34,-106.74451999999656,39775.0,29593.0,-0.002683708862350636,15670.755909999983,4396.3207899999925,0.0,0.02428042108364816,0.003607086811070069
BC,past,2002-01-01T00:00:00,M,35,-52.898080000002665,39775.0,29689.999999999996,-0.001329932872407358,15670.755909999983,4396.3207899999925,0.0,0.012032352170552768,0.0017816800269451892
BC,past,2002-01-01T00:00:00,M,36,41.82403999999951,39775.0,30860.0,0.0010515157762413453,15670.755909999983,4396.3207899999925,0.002668922944126156,0.0,0.0
BC,past,2002-01-01T00:00:00,M,37,62.78639999999723,39775.0,33200.0,0.0015785392834694464,15670.755909999983,4396.3207899999925,0.004006596769204434,0.0,0.0
BC,past,2002-01-01T00:00:00,M,38,112.59279999999126,39775.0,34920.99999999999,0.002830742928975267,15670.755909999983,4396.3207899999925,0.007184899097824782,0.0,0.0
BC,past,2002-01-01T00:00:00,M,39,122.20546000000468,39775.0,36149.0,0.0030724188560654854,15670.755909999983,4396.3207899999925,0.007798313029815089,0.0,0.0
BC,past,2002-01-01T00:00:00,M,40,-51.4024700000009,39775.0,34860.0,-0.0012923311125078794,15670.755909999983,4396.3207899999925,0.0,0.011692156340575181,0.0014745401606425961
BC,past,2002-01-01T00:00:00,M,41,-145.219339999996,39775.0,34994.0,-0.0036510204902575993,15670.755909999983,4396.3207899999925,0.0,0.033032016301066204,0.0041498354003542326
BC,past,2002-01-01T00:00:00,M,42,-155.1800000000003,39775.0,34908.0,-0.003901445631678197,15670.755909999983,4396.3207899999925,0.0,0.0352976971910188,0.004445399335395906
BC,past,2002-01-01T00:00:00,M,43,-156.35637999999744,39775.0,33997.0,-0.003931021495914455,15670.755909999983,4396.3207899999925,0.0,0.03556528003044057,0.004599122863782023
BC,past,2002-01-01T00:00:00,M,44,-55.80681999999797,39775.0,34317.0,-0.0014030627278440722,15670.755909999983,4396.3207899999925,0.0,0.012693982688191883,0.001626214995483229
BC,past,2002-01-01T00:00:00,M,45,-35.33187999999791,39775.0,33386.0,-0.0008882936517912737,15670.755909999983,4396.3207899999925,0.0,0.00803669288200372,0.0010582843107888908
BC,past,2002-01-01T00:00:00,M,46,42.1336999999985,39775.0,33212.0,0.0010593010685103332,15670.755909999983,4396.3207899999925,0.002688683318276415,0.0,0.0
BC,past,2002-01-01T00:00:00,M,47,73.23859999999695,39775.0,33012.99999999999,0.0018413224387177109,15670.755909999983,4396.3207899999925,0.004673584377206793,0.0,0.0
BC,past,2002-01-01T00:00:00,M,48,47.30990999999631,39775.0,32019.999999999996,0.0011894383406661547,15670.755909999983,4396.3207899999925,0.00301899348517109,0.0,0.0
BC,past,2002-01-01T00:00:00,M,49,69.83165000000008,39775.0,31150.0,0.0017556668761785062,15670.755909999983,4396.3207899999925,0.004456176230493029,0.0,0.0
BC,past,2002-01-01T00:00:00,M,50,-55.96640000000116,39775.0,30505.0,-0.0014070747957259876,15670.755909999983,4396.3207899999925,0.0,0.012730281222267508,0.0018346631699721738
BC,past,2002-01-01T00:00:00,M,51,-10.299999999999272,39775.0,29888.0,-0.000258956631049636,15670.755909999983,4396.3207899999925,0.0,0.0023428681599914117,0.00034461991434687073
BC,past,2002-01-01T00:00:00,M,52,29.606759999991482,39775.0,29651.999999999996,0.0007443560025139279,15670.755909999983,4396.3207899999925,0.0018893000548300617,0.0,0.0
BC,past,2002-01-01T00:00:00,M,53,2.0551999999988766,39775.0,28575.0,5.167064739154938e-05,15670.755909999983,4396.3207899999925,0.00013114874686341016,0.0,0.0
BC,past,2002-01-01T00:00:00,M,54,34.27686999999787,39775.0,28826.0,0.0008617692017598459,15670.755909999983,4396.3207899999925,0.0021873143961182347,0.0,0.0
BC,past,2002-01-01T00:00:00,M,55,197.98809999999503,39775.0,28626.999999999996,0.004977702074167065,15670.755909999983,4396.3207899999925,0.01263424056485066,0.0,0.0
BC,past,2002-01-01T00:00:00,M,56,47.77970000000278,39775.0,23486.0,0.0012012495285984356,15670.755909999983,4396.3207899999925,0.0030489722559913723,0.0,0.0
BC,past,2002-01-01T00:00:00,M,57,98.31330000000162,39775.0,22055.0,0.002471736015084893,15670.755909999983,4396.3207899999925,0.00627367949348665,0.0,0.0
BC,past,2002-01-01T00:00:00,M,58,218.46280000000843,39775.0,22061.000000000004,0.0054924651162792815,15670.755909999983,4396.3207899999925,0.01394079527845882,0.0,0.0
BC,past,2002-01-01T00:00:00,M,59,223.21456000000398,39775.0,21310.000000000004,0.005611931112507957,15670.755909999983,4396.3207899999925,0.014244019961893735,0.0,0.0
BC,past,2002-01-01T00:00:00,M,60,133.14688000000024,39775.0,19564.0,0.003347501697045889,15670.755909999983,4396.3207899999925,0.008496519297772686,0.0,0.0
BC,past,2002-01-01T00:00:00,M,61,117.45764000000054,39775.0,18752.0,0.002953051917033326,15670.755909999983,4396.3207899999925,0.007495339770115829,0.0,0.0
BC,past,2002-01-01T00:00:00,M,62,98.68855000000258,39775.0,17571.0,0.0024811703331238865,15670.755909999983,4396.3207899999925,0.006297625370900355,0.0,0.0
BC,past,2002-01-01T00:00:00,M,63,68.94426000000021,39775.0,16827.0,0.0017333566310496597,15670.755909999983,4396.3207899999925,0.004399549096161009,0.0,0.0
BC,past,2002-01-01T00:00:00,M,64,90.7433400000009,39775.0,16242.0,0.0022814164676304436,15670.755909999983,4396.3207899999925,0.005790616644222939,0.0,0.0
BC,past,2002-01-01T00:00:00,M,65,80.97053000000051,39775.0,15711.0,0.0020357141420490384,15670.755909999983,4396.3207899999925,0.005166983039301299,0.0,0.0
BC,past,2002-01-01T00:00:00,M,66,54.68231999999989,39775.0,15707.999999999998,0.0013747912005028257,15670.755909999983,4396.3207899999925,0.00348945005040283,0.0,0.0
BC,past,2002-01-01T00:00:00,M,67,42.75112000000081,39775.0,15146.999999999998,0.0010748238843494861,15670.755909999983,4396.3207899999925,0.0027280828216282808,0.0,0.0
BC,past,2002-01-01T00:00:00,M,68,39.20340000000033,39775.0,14817.0,0.000985629164047777,15670.755909999983,4396.3207899999925,0.0025016917004612046,0.0,0.0
BC,past,2002-01-01T00:00:00,M,69,47.75832000000082,39775.0,14738.999999999998,0.0012007120050283049,15670.755909999983,4396.3207899999925,0.0030476079312501316,0.0,0.0
BC,past,2002-01-01T00:00:00,M,70,23.51933999999892,39775.0,14613.0,0.0005913096165933104,15670.755909999983,4396.3207899999925,0.0015008427248228988,0.0,0.0
BC,past,2002-01-01T00:00:00,M,71,39.58874000000287,39775.0,14428.0,0.0009953171590195568,15670.755909999983,4396.3207899999925,0.0025262814523669594,0.0,0.0
BC,past,2002-01-01T00:00:00,M,72,-29.77414000000317,39775.0,13640.999999999998,-0.0007485641734758811,15670.755909999983,4396.3207899999925,0.0,0.006772513067683403,0.0021826948170957537
BC,past,2002-01-01T00:00:00,M,73,47.842899999999645,39775.0,12818.999999999998,0.0012028384663733411,15670.755909999983,4396.3207899999925,0.003053005245871365,0.0,0.0
BC,past,2002-01-01T00:00:00,M,74,-24.15552000000025,39775.0,12126.0,-0.000607304085480836,15670.755909999983,4396.3207899999925,0.0,0.005494485310295178,0.0019920435428006146
BC,past,2002-01-01T00:00:00,M,75,-25.80790999999772,39775.0,11305.0,-0.0006488475172846692,15670.755909999983,4396.3207899999925,0.0,0.005870342778147853,0.0022828757187083343
BC,past,2002-01-01T00:00:00,M,76,-40.471159999999145,39775.0,10611.999999999998,-0.0010175024512884762,15670.755909999983,4396.3207899999925,0.0,0.009205688559409973,0.003813716547304858
BC,past,2002-01-01T00:00:00,M,77,-38.03359999999884,39775.0,9886.0,-0.0009562187303582361,15670.755909999983,4396.3207899999925,0.0,0.008651234024257567,0.0038472182884886547
BC,past,2002-01-01T00:00:00,M,78,-21.57198000000062,39775.0,9441.0,-0.000542350219987445,15670.755909999983,4396.3207899999925,0.0,0.0049068257368909286,0.0022849253257070886
BC,past,2002-01-01T00:00:00,M,79,-29.260639999998602,39775.0,8707.0,-0.0007356540540540189,15670.755909999983,4396.3207899999925,0.0,0.006655710854075017,0.0033605880326172738
BC,past,2002-01-01T00:00:00,M,80,-18.050900000000183,39775.0,8256.999999999998,-0.0004538252671275973,15670.755909999983,4396.3207899999925,0.0,0.004105910569824504,0.002186132978079228
BC,past,2002-01-01T00:00:00,M,81,-65.62850999999955,39775.0,7377.0,-0.001649993966059071,15670.755909999983,4396.3207899999925,0.0,0.014928053055018231,0.008896368442456223
BC,past,2002-01-01T00:00:00,M,82,8.861649999999827,39775.0,6628.0,0.0002227944688874878,15670.755909999983,4396.3207899999925,0.0005654896324653325,0.0,0.0
BC,past,2002-01-01T00:00:00,M,83,-39.071140000000014,39775.0,5035.999999999999,-0.0009823039597737276,15670.755909999983,4396.3207899999925,0.0,0.008887235910735277,0.007758367752184277
BC,past,2002-01-01T00:00:00,M,84,-57.61033000000043,39775.0,4302.999999999999,-0.0014484055311125186,15670.755909999983,4396.3207899999925,0.0,0.013104214353748405,0.013388410411341027
BC,past,2002-01-01T00:00:00,M,85,-17.983999999999924,39775.0,3778.0,-0.00045214330609679256,15670.755909999983,4396.3207899999925,0.0,0.004090693299930908,0.00476019057702486
BC,past,2002-01-01T00:00:00,M,86,-44.97279999999955,39775.0,3469.9999999999995,-0.0011306800754242502,15670.755909999983,4396.3207899999925,0.0,0.010229644775307589,0.012960461095100738
BC,past,2002-01-01T00:00:00,M,87,-58.79388999999992,39775.0,3156.0,-0.0014781619107479553,15670.755909999983,4396.3207899999925,0.0,0.013373430376994856,0.018629242712294016
BC,past,2002-01-01T00:00:00,M,88,-29.417630000000372,39775.0,2578.9999999999995,-0.000739601005656829,15670.755909999983,4396.3207899999925,0.0,0.0066914202591663976,0.01140660333462597
BC,past,2002-01-01T00:00:00,M,89,-23.863039999999955,39775.0,1987.9999999999998,-0.000599950722815838,15670.755909999983,4396.3207899999925,0.0,0.005427956953068476,0.012003541247484888
BC,past,2002-01-01T00:00:00,M,90,-22.277759999999716,39775.0,1524.0,-0.0005600945317410362,15670.755909999983,4396.3207899999925,0.0,0.005067364522323621,0.014617952755905326
BC,past,2002-01-01T00:00:00,M,91,-33.17340000000013,39775.0,1122.0,-0.000834026398491518,15670.755909999983,4396.3207899999925,0.0,0.007545718700841252,0.029566310160427923
BC,past,2002-01-01T00:00:00,M,92,-7.2999999999999545,39775.0,887.0,-0.00018353236957888006,15670.755909999983,4396.3207899999925,0.0,0.0016604793755280007,0.008229988726042789
BC,past,2002-01-01T00:00:00,M,93,-18.48669000000018,39775.0,634.9999999999999,-0.00046478164676304665,15670.755909999983,4396.3207899999925,0.0,0.004205036639284962,0.029112897637795565
BC,past,2002-01-01T00:00:00,M,94,10.830099999999959,39775.0,486.99999999999994,0.00027228409805153886,15670.755909999983,4396.3207899999925,0.0006911025902132101,0.0,0.0
BC,past,2002-01-01T00:00:00,M,95,1.5042600000000448,39775.0,346.0,3.781923318667617e-05,15670.755909999983,4396.3207899999925,9.599154046169087e-05,0.0,0.0
BC,past,2002-01-01T00:00:00,M,96,-7.9837599999999895,39775.0,211.0,-0.00020072306725329954,15670.755909999983,4396.3207899999925,0.0,0.0018160094272829446,0.037837725118483365
BC,past,2002-01-01T00:00:00,M,97,2.281199999999984,39775.0,141.99999999999994,5.7352608422375465e-05,15670.755909999983,4396.3207899999925,0.00014557051447303072,0.0,0.0
BC,past,2002-01-01T00:00:00,M,98,1.2703900000000061,39775.0,100.0,3.1939409176618634e-05,15670.755909999983,4396.3207899999925,8.106756351104492e-05,0.0,0.0
BC,past,2002-01-01T00:00:00,M,99,1.6031999999999726,39775.0,55.99999999999997,4.0306725329980455e-05,15670.755909999983,4396.3207899999925,0.00010230521164438036,0.0,0.0
BC,past,2002-01-01T00:00:00,M,100,51.99786,39775.0,83.0,0.0013073000628535513,15670.755909999983,4396.3207899999925,0.0033181462527164113,0.0,0.0
BC,past,2003-01-01T00:00:00,F,1,230.36835000000065,40391.0,19439.0,0.0057034574533930986,15450.566370000011,3954.9255599999833,0.014910026240028408,0.0,0.0
BC,past,2003-01-01T00:00:00,F,2,119.13216999999713,40391.0,19792.0,0.0029494731499590783,15450.566370000011,3954.9255599999833,0.007710537409898006,0.0,0.0
BC,past,2003-01-01T00:00:00,F,3,21.86678000000029,40391.0,20496.0,0.0005413775345992991,15450.566370000011,3954.9255599999833,0.0014152736848830657,0.0,0.0
BC,past,2003-01-01T00:00:00,F,4,86.09130000000005,40391.0,20997.0,0.0021314475997128083,15450.566370000011,3954.9255599999833,0.0055720481656362725,0.0,0.0
BC,past,2003-01-01T00:00:00,F,5,42.70720000000438,40391.0,21381.0,0.0010573444579239032,15450.566370000011,3954.9255599999833,0.0027641187369628023,0.0,0.0
BC,past,2003-01-01T00:00:00,F,6,79.55000999999902,40391.0,22221.0,0.0019694984031095792,15450.566370000011,3954.9255599999833,0.005148679219582483,0.0,0.0
BC,past,2003-01-01T00:00:00,F,7,88.39997999999832,40391.0,23420.0,0.0021886058775469367,15450.566370000011,3954.9255599999833,0.005721471814239924,0.0,0.0
BC,past,2003-01-01T00:00:00,F,8,77.41971999999805,40391.0,23738.0,0.001916756703225918,15450.566370000011,3954.9255599999833,0.00501080142604494,0.0,0.0
BC,past,2003-01-01T00:00:00,F,9,136.43321999999534,40391.0,24021.999999999996,0.0033778123839468036,15450.566370000011,3954.9255599999833,0.008830305422648092,0.0,0.0
BC,past,2003-01-01T00:00:00,F,10,190.71066000000064,40391.0,24627.0,0.004721612735510402,15450.566370000011,3954.9255599999833,0.01234327955577725,0.0,0.0
BC,past,2003-01-01T00:00:00,F,11,191.24918999999863,40391.0,25180.0,0.004734945656210508,15450.566370000011,3954.9255599999833,0.012378134588732135,0.0,0.0
BC,past,2003-01-01T00:00:00,F,12,185.8063199999924,40391.0,25694.999999999996,0.0046001911316875645,15450.566370000011,3954.9255599999833,0.012025858182180818,0.0,0.0
BC,past,2003-01-01T00:00:00,F,13,270.37557999999626,40391.0,26232.999999999996,0.00669395607932451,15450.566370000011,3954.9255599999833,0.017499396043175346,0.0,0.0
BC,past,2003-01-01T00:00:00,F,14,263.11584000000585,40391.0,25983.000000000004,0.006514219504345172,15450.566370000011,3954.9255599999833,0.017029527183604832,0.0,0.0
BC,past,2003-01-01T00:00:00,F,15,126.1265999999996,40391.0,25754.0,0.0031226411824416232,15450.566370000011,3954.9255599999833,0.008163234730663113,0.0,0.0
BC,past,2003-01-01T00:00:00,F,16,70.49849999999788,40391.0,26058.0,0.0017454012032382927,15450.566370000011,3954.9255599999833,0.0045628424429076655,0.0,0.0
BC,past,2003-01-01T00:00:00,F,17,33.94609999999739,40391.0,26513.0,0.0008404372261146639,15450.566370000011,3954.9255599999833,0.0021970780350103994,0.0,0.0
BC,past,2003-01-01T00:00:00,F,18,65.49864999999772,40391.0,27194.999999999996,0.0016216149637294874,15450.566370000011,3954.9255599999833,0.004239239418897605,0.0,0.0
BC,past,2003-01-01T00:00:00,F,19,545.7764800000004,40391.0,28167.000000000004,0.013512328984179655,15450.566370000011,3954.9255599999833,0.03532404359362006,0.0,0.0
BC,past,2003-01-01T00:00:00,F,20,478.4709800000019,40391.0,28445.0,0.011845980045059589,15450.566370000011,3954.9255599999833,0.030967860241617896,0.0,0.0
BC,past,2003-01-01T00:00:00,F,21,625.6718000000001,40391.0,28404.0,0.01549037656903766,15450.566370000011,3954.9255599999833,0.04049507215572704,0.0,0.0
BC,past,2003-01-01T00:00:00,F,22,137.61677999999665,40391.0,27785.0,0.0034071149513504656,15450.566370000011,3954.9255599999833,0.008906908439758157,0.0,0.0
BC,past,2003-01-01T00:00:00,F,23,12.1696300000076,40391.0,27244.000000000004,0.0003012955856504568,15450.566370000011,3954.9255599999833,0.0007876494433004783,0.0,0.0
BC,past,2003-01-01T00:00:00,F,24,-80.95013999999355,40391.0,26356.000000000004,-0.002004162808546299,15450.566370000011,3954.9255599999833,0.0,0.020468182971310818,0.003071412202154862
BC,past,2003-01-01T00:00:00,F,25,31.038399999997637,40391.0,25846.0,0.00076844841672644,15450.566370000011,3954.9255599999833,0.002008884286615159,0.0,0.0
BC,past,2003-01-01T00:00:00,F,26,87.28448000000208,40391.0,25968.0,0.002160988338986459,15450.566370000011,3954.9255599999833,0.0056492738136435065,0.0,0.0
BC,past,2003-01-01T00:00:00,F,27,-35.15410000000338,40391.0,26109.999999999996,-0.0008703448788097195,15450.566370000011,3954.9255599999833,0.0,0.008888688160290818,0.0013463845270012787
BC,past,2003-01-01T00:00:00,F,28,0.9112999999997555,40391.0,26364.000000000004,2.256195687157425e-05,15450.566370000011,3954.9255599999833,5.898165660575424e-05,0.0,0.0
BC,past,2003-01-01T00:00:00,F,29,80.92449999999735,40391.0,26488.000000000004,0.0020035280136663455,15450.566370000011,3954.9255599999833,0.005237639712491478,0.0,0.0
BC,past,2003-01-01T00:00:00,F,30,138.731840000004,40391.0,27417.000000000004,0.003434721596395336,15450.566370000011,3954.9255599999833,0.008979077962434844,0.0,0.0
BC,past,2003-01-01T00:00:00,F,31,-87.24795000000086,40391.0,27766.0,-0.002160083929588296,15450.566370000011,3954.9255599999833,0.0,0.022060579567520666,0.003142258517611498
BC,past,2003-01-01T00:00:00,F,32,-108.13463999999294,40391.0,30304.000000000007,-0.002677196405139584,15450.566370000011,3954.9255599999833,0.0,0.02734176367152493,0.003568328933473895
BC,past,2003-01-01T00:00:00,F,33,-122.74395999999615,40391.0,30692.000000000004,-0.0030388938129780434,15450.566370000011,3954.9255599999833,0.0,0.031035719418192203,0.00399921673400222
BC,past,2003-01-01T00:00:00,F,34,-51.58698000000368,40391.0,30599.999999999996,-0.001277189968062283,15450.566370000011,3954.9255599999833,0.0,0.013043729702969149,0.0016858490196079636
BC,past,2003-01-01T00:00:00,F,35,-22.63420999999653,40391.0,30091.0,-0.0005603775593571967,15450.566370000011,3954.9255599999833,0.0,0.005723043242309882,0.0007521920175466594
BC,past,2003-01-01T00:00:00,F,36,-76.78324999999677,40391.0,29392.000000000004,-0.0019009989849223038,15450.566370000011,3954.9255599999833,0.0,0.019414587919575683,0.0026123860234076196
BC,past,2003-01-01T00:00:00,F,37,30.478210000001127,40391.0,31331.0,0.0007545792379490759,15450.566370000011,3954.9255599999833,0.0019726273633036474,0.0,0.0
BC,past,2003-01-01T00:00:00,F,38,42.377280000007886,40391.0,33423.00000000001,0.0010491763016515533,15450.566370000011,3954.9255599999833,0.002742765474428874,0.0,0.0
BC,past,2003-01-01T00:00:00,F,39,88.91860000000452,40391.0,35662.00000000001,0.002201445866653574,15450.566370000011,3954.9255599999833,0.005755038221294955,0.0,0.0
BC,past,2003-01-01T00:00:00,F,40,138.73078000000532,40391.0,36125.0,0.0034346953529252886,15450.566370000011,3954.9255599999833,0.008979009356535662,0.0,0.0
BC,past,2003-01-01T00:00:00,F,41,73.6964500000031,40391.0,34981.0,0.0018245760194103412,15450.566370000011,3954.9255599999833,0.004769821910418618,0.0,0.0
BC,past,2003-01-01T00:00:00,F,42,106.35308000000077,40391.0,35555.00000000001,0.002633088559332544,15450.566370000011,3954.9255599999833,0.006883442163421527,0.0,0.0
BC,past,2003-01-01T00:00:00,F,43,62.08952000000136,40391.0,35688.0,0.0015372117550939903,15450.566370000011,3954.9255599999833,0.004018591844021917,0.0,0.0
BC,past,2003-01-01T00:00:00,F,44,-24.795619999989867,40391.0,35202.00000000001,-0.000613889727909432,15450.566370000011,3954.9255599999833,0.0,0.006269554160708393,0.0007043810010791961
BC,past,2003-01-01T00:00:00,F,45,7.0275000000037835,40391.0,35185.00000000001,0.0001739867792330911,15450.566370000011,3954.9255599999833,0.00045483769537723283,0.0,0.0
BC,past,2003-01-01T00:00:00,F,46,7.384189999997034,40391.0,34547.0,0.00018281770691483336,15450.566370000011,3954.9255599999833,0.0004779235804801781,0.0,0.0
BC,past,2003-01-01T00:00:00,F,47,18.324900000006892,40391.0,33957.0,0.000453687702706219,15450.566370000011,3954.9255599999833,0.0011860341919625616,0.0,0.0
BC,past,2003-01-01T00:00:00,F,48,109.0702999999994,40391.0,34035.00000000001,0.002700361466663351,15450.566370000011,3954.9255599999833,0.00705930756116349,0.0,0.0
BC,past,2003-01-01T00:00:00,F,49,36.101199999997334,40391.0,32811.0,0.0008937931717461151,15450.566370000011,3954.9255599999833,0.0023365615949260056,0.0,0.0
BC,past,2003-01-01T00:00:00,F,50,67.05948000000717,40391.0,31668.000000000004,0.0016602579782626617,15450.566370000011,3954.9255599999833,0.004340260311118105,0.0,0.0
BC,past,2003-01-01T00:00:00,F,51,65.14802000000054,40391.0,30443.0,0.0016129340694709352,15450.566370000011,3954.9255599999833,0.0042165457524260645,0.0,0.0
BC,past,2003-01-01T00:00:00,F,52,87.38192000000345,40391.0,29924.000000000007,0.002163400757594599,15450.566370000011,3954.9255599999833,0.0056555803785724515,0.0,0.0
BC,past,2003-01-01T00:00:00,F,53,96.07775000000038,40391.0,29696.000000000007,0.00237869203535442,15450.566370000011,3954.9255599999833,0.006218396639915557,0.0,0.0
BC,past,2003-01-01T00:00:00,F,54,69.27548000000024,40391.0,28713.0,0.0017151216855240089,15450.566370000011,3954.9255599999833,0.004483685474113801,0.0,0.0
BC,past,2003-01-01T00:00:00,F,55,127.03482999999687,40391.0,28623.999999999996,0.0031451271322818666,15450.566370000011,3954.9255599999833,0.008222017689051017,0.0,0.0
BC,past,2003-01-01T00:00:00,F,56,330.13347999999314,40391.0,28847.999999999996,0.008173441608278903,15450.566370000011,3954.9255599999833,0.021367079503376993,0.0,0.0
BC,past,2003-01-01T00:00:00,F,57,79.97000000000116,40391.0,23321.0,0.0019798965115991472,15450.566370000011,3954.9255599999833,0.005175862041878087,0.0,0.0
BC,past,2003-01-01T00:00:00,F,58,178.01095999999598,40391.0,22175.0,0.004407193681760689,15450.566370000011,3954.9255599999833,0.011521322632265152,0.0,0.0
BC,past,2003-01-01T00:00:00,F,59,227.65622000000076,40391.0,22094.999999999996,0.0056363105642346254,15450.566370000011,3954.9255599999833,0.01473449028004794,0.0,0.0
BC,past,2003-01-01T00:00:00,F,60,189.1861300000055,40391.0,21270.0,0.004683868436037867,15450.566370000011,3954.9255599999833,0.012244608091994841,0.0,0.0
BC,past,2003-01-01T00:00:00,F,61,153.78181999999288,40391.0,19700.999999999996,0.0038073288603895144,15450.566370000011,3954.9255599999833,0.009953150992483182,0.0,0.0
BC,past,2003-01-01T00:00:00,F,62,211.58370999999534,40391.0,19361.0,0.005238387512069405,15450.566370000011,3954.9255599999833,0.013694236504547968,0.0,0.0
BC,past,2003-01-01T00:00:00,F,63,146.08369999999923,40391.0,17780.0,0.003616738877472685,15450.566370000011,3954.9255599999833,0.009454909062987257,0.0,0.0
BC,past,2003-01-01T00:00:00,F,64,89.7536,40391.0,16943.0,0.002222118788839098,15450.566370000011,3954.9255599999833,0.005809081547604131,0.0,0.0
BC,past,2003-01-01T00:00:00,F,65,144.63148000000365,40391.0,16724.000000000004,0.003580784828303425,15450.566370000011,3954.9255599999833,0.009360917686540675,0.0,0.0
BC,past,2003-01-01T00:00:00,F,66,136.87755000000107,40391.0,16155.0,0.003388813101928674,15450.566370000011,3954.9255599999833,0.00885906359172521,0.0,0.0
BC,past,2003-01-01T00:00:00,F,67,87.53109999999833,40391.0,15850.999999999998,0.002167094154638368,15450.566370000011,3954.9255599999833,0.005665235688055769,0.0,0.0
BC,past,2003-01-01T00:00:00,F,68,79.12649999999849,40391.0,15372.0,0.001959013146492993,15450.566370000011,3954.9255599999833,0.005121268573923379,0.0,0.0
BC,past,2003-01-01T00:00:00,F,69,37.63300000000163,40391.0,14696.000000000002,0.0009317174618108398,15450.566370000011,3954.9255599999833,0.002435703591621904,0.0,0.0
BC,past,2003-01-01T00:00:00,F,70,85.28963999999905,40391.0,15045.0,0.0021116001089351356,15450.566370000011,3954.9255599999833,0.00552016268902633,0.0,0.0
BC,past,2003-01-01T00:00:00,F,71,49.54750000000058,40391.0,14506.0,0.0012266965413087218,15450.566370000011,3954.9255599999833,0.003206840371638787,0.0,0.0
BC,past,2003-01-01T00:00:00,F,72,15.472240000002785,40391.0,14714.000000000004,0.0003830615731227943,15450.566370000011,3954.9255599999833,0.0010014027725252102,0.0,0.0
BC,past,2003-01-01T00:00:00,F,73,1.3991000000005442,40391.0,14393.000000000002,3.4638904706507493e-05,15450.566370000011,3954.9255599999833,9.055331477797103e-05,0.0,0.0
BC,past,2003-01-01T00:00:00,F,74,-18.37499999999818,40391.0,13778.000000000002,-0.0004549280780371415,15450.566370000011,3954.9255599999833,0.0,0.00464610514691919,0.0013336478443894744
BC,past,2003-01-01T00:00:00,F,75,-24.336899999996604,40391.0,13263.000000000004,-0.0006025327424425392,15450.566370000011,3954.9255599999833,0.0,0.006153567148302206,0.0018349468446050364
BC,past,2003-01-01T00:00:00,F,76,14.71867999999995,40391.0,13077.999999999998,0.0003644049416949308,15450.566370000011,3954.9255599999833,0.0009526304504007602,0.0,0.0
BC,past,2003-01-01T00:00:00,F,77,21.964960000001156,40391.0,12718.0,0.000543808274120501,15450.566370000011,3954.9255599999833,0.0014216281444963715,0.0,0.0
BC,past,2003-01-01T00:00:00,F,78,-3.712969999996858,40391.0,12422.000000000002,-9.192567651201649e-05,15450.566370000011,3954.9255599999833,0.0,0.0009388217157738042,0.0002989027531795892
BC,past,2003-01-01T00:00:00,F,79,-65.977469999998,40391.0,12182.000000000002,-0.0016334695848084474,15450.566370000011,3954.9255599999833,0.0,0.016682354446134827,0.005415980134624691
BC,past,2003-01-01T00:00:00,F,80,8.282000000002881,40391.0,11435.000000000002,0.00020504567849280485,15450.566370000011,3954.9255599999833,0.0005360321299343329,0.0,0.0
BC,past,2003-01-01T00:00:00,F,81,-24.6804000000011,40391.0,11151.0,-0.0006110371122279989,15450.566370000011,3954.9255599999833,0.0,0.0062404208690090245,0.0022132902878666577
BC,past,2003-01-01T00:00:00,F,82,-9.597200000000157,40391.0,10517.0,-0.0002376073877844113,15450.566370000011,3954.9255599999833,0.0,0.0024266449151574415,0.000912541599315409
BC,past,2003-01-01T00:00:00,F,83,-40.35530000000108,40391.0,9510.999999999998,-0.000999116139734126,15450.566370000011,3954.9255599999833,0.0,0.01020380772982267,0.004243013352959845
BC,past,2003-01-01T00:00:00,F,84,-68.68141000000105,40391.0,7726.999999999999,-0.0017004137060236452,15450.566370000011,3954.9255599999833,0.0,0.017366043673398834,0.008888496182218333
BC,past,2003-01-01T00:00:00,F,85,-27.86779000000115,40391.0,6784.0,-0.0006899504840187455,15450.566370000011,3954.9255599999833,0.0,0.007046350070872451,0.004107869988207717
BC,past,2003-01-01T00:00:00,F,86,-25.775249999997868,40391.0,6277.000000000001,-0.0006381433982817426,15450.566370000011,3954.9255599999833,0.0,0.00651725288098671,0.004106300780627349
BC,past,2003-01-01T00:00:00,F,87,-79.78367999999864,40391.0,5598.000000000001,-0.0019752836027827647,15450.566370000011,3954.9255599999833,0.0,0.02017324442384675,0.014252175777062991
BC,past,2003-01-01T00:00:00,F,88,-65.26990000000023,40391.0,5288.000000000001,-0.001615951573370311,15450.566370000011,3954.9255599999833,0.0,0.01650344589545208,0.012343021936459952
BC,past,2003-01-01T00:00:00,F,89,-63.08403999999973,40391.0,4387.000000000001,-0.0015618340719467142,15450.566370000011,3954.9255599999833,0.0,0.01595075281265218,0.014379767494871146
BC,past,2003-01-01T00:00:00,F,90,-42.356189999999515,40391.0,3600.0000000000005,-0.0010486541556287172,15450.566370000011,3954.9255599999833,0.0,0.010709731285056019,0.011765608333333196
BC,past,2003-01-01T00:00:00,F,91,-22.318009999999504,40391.0,2903.0000000000005,-0.0005525490827164344,15450.566370000011,3954.9255599999833,0.0,0.005643092306394661,0.007687912504305719
BC,past,2003-01-01T00:00:00,F,92,-18.521380000000136,40391.0,2372.0,-0.0004585521527072896,15450.566370000011,3954.9255599999833,0.0,0.004683117221554029,0.00780833895446886
BC,past,2003-01-01T00:00:00,F,93,-28.80105000000026,40391.0,1831.9999999999998,-0.0007130561263647907,15450.566370000011,3954.9255599999833,0.0,0.007282324170976402,0.015721097161572196
BC,past,2003-01-01T00:00:00,F,94,-27.016380000000026,40391.0,1399.0,-0.0006688712832066556,15450.566370000011,3954.9255599999833,0.0,0.0068310716826741336,0.01931120800571839
BC,past,2003-01-01T00:00:00,F,95,-7.979000000000269,40391.0,1037.0,-0.0001975440073283719,15450.566370000011,3954.9255599999833,0.0,0.0020174842431169055,0.007694310511089941
BC,past,2003-01-01T00:00:00,F,96,4.619870000000105,40391.0,767.0,0.00011437869822485468,15450.566370000011,3954.9255599999833,0.00029900975079919363,0.0,0.0
BC,past,2003-01-01T00:00:00,F,97,-31.018559999999866,40391.0,515.0000000000001,-0.0007679572181921682,15450.566370000011,3954.9255599999833,0.0,0.00784301993284546,0.06023021359223273
BC,past,2003-01-01T00:00:00,F,98,-7.338829999999916,40391.0,365.00000000000006,-0.00018169468445940721,15450.566370000011,3954.9255599999833,0.0,0.001855617732537031,0.0201063835616436
BC,past,2003-01-01T00:00:00,F,99,-8.075199999999938,40391.0,263.00000000000006,-0.00019992572602807403,15450.566370000011,3954.9255599999833,0.0,0.0020418083418996063,0.030704182509505462
BC,past,2003-01-01T00:00:00,F,100,267.78459999999995,40391.0,440.0,0.006629808620732341,15450.566370000011,3954.9255599999833,0.017331701219700967,0.0,0.0
BC,past,2003-01-01T00:00:00,M,1,308.08831999999893,40391.0,20693.0,0.0076276477433091265,15450.566370000011,3954.9255599999833,0.019940260610653505,0.0,0.0
BC,past,2003-01-01T00:00:00,M,2,150.82596000000194,40391.0,20952.0,0.003734147706172215,15450.566370000011,3954.9255599999833,0.009761840206250112,0.0,0.0
BC,past,2003-01-01T00:00:00,M,3,87.73747999999978,40391.0,21617.0,0.0021722037087469927,15450.566370000011,3954.9255599999833,0.005678593127198075,0.0,0.0
BC,past,2003-01-01T00:00:00,M,4,71.96107999999731,40391.0,22074.0,0.0017816117451906937,15450.566370000011,3954.9255599999833,0.004657504344936014,0.0,0.0
BC,past,2003-01-01T00:00:00,M,5,65.35339999999633,40391.0,22418.0,0.0016180188655887779,15450.566370000011,3954.9255599999833,0.004229838469021526,0.0,0.0
BC,past,2003-01-01T00:00:00,M,6,62.063319999997475,40391.0,23623.0,0.0015365630957390874,15450.566370000011,3954.9255599999833,0.004016896113303931,0.0,0.0
BC,past,2003-01-01T00:00:00,M,7,51.955839999998716,40391.0,24681.0,0.0012863222004901764,15450.566370000011,3954.9255599999833,0.003362714269224467,0.0,0.0
BC,past,2003-01-01T00:00:00,M,8,109.03828000000067,40391.0,25425.0,0.002699568715803042,15450.566370000011,3954.9255599999833,0.007057235145225333,0.0,0.0
BC,past,2003-01-01T00:00:00,M,9,134.0400800000025,40391.0,25465.000000000004,0.00331856304622323,15450.566370000011,3954.9255599999833,0.008675415307769226,0.0,0.0
BC,past,2003-01-01T00:00:00,M,10,253.09384000000136,40391.0,26032.0,0.006266094922136153,15450.566370000011,3954.9255599999833,0.016380877822797974,0.0,0.0
BC,past,2003-01-01T00:00:00,M,11,238.4438300000038,40391.0,26726.0,0.005903390111658632,15450.566370000011,3954.9255599999833,0.015432691869664039,0.0,0.0
BC,past,2003-01-01T00:00:00,M,12,401.0317000000068,40391.0,27275.000000000004,0.009928739075536798,15450.566370000011,3954.9255599999833,0.02595579284256403,0.0,0.0
BC,past,2003-01-01T00:00:00,M,13,451.94604000000254,40391.0,27925.000000000004,0.0111892758287738,15450.566370000011,3954.9255599999833,0.029251098579631048,0.0,0.0
BC,past,2003-01-01T00:00:00,M,14,488.0693599999977,40391.0,28069.999999999996,0.01208361664727285,15450.566370000011,3954.9255599999833,0.03158909183728501,0.0,0.0
BC,past,2003-01-01T00:00:00,M,15,467.6311199999982,40391.0,27714.0,0.01157760689262455,15450.566370000011,3954.9255599999833,0.030266276898948258,0.0,0.0
BC,past,2003-01-01T00:00:00,M,16,384.13614999999845,40391.0,27769.0,0.009510439206753941,15450.566370000011,3954.9255599999833,0.02486226982241028,0.0,0.0
BC,past,2003-01-01T00:00:00,M,17,64.70304000000033,40391.0,28599.0,0.0016019172587952843,15450.566370000011,3954.9255599999833,0.0041877455136940895,0.0,0.0
BC,past,2003-01-01T00:00:00,M,18,126.29349000000002,40391.0,29420.000000000004,0.00312677304349979,15450.566370000011,3954.9255599999833,0.008174036276444922,0.0,0.0
BC,past,2003-01-01T00:00:00,M,19,483.2273499999974,40391.0,29777.999999999996,0.011963738209006891,15450.566370000011,3954.9255599999833,0.03127570462001109,0.0,0.0
BC,past,2003-01-01T00:00:00,M,20,56.0491800000018,40391.0,29967.0,0.0013876650739026465,15450.566370000011,3954.9255599999833,0.003627645657626579,0.0,0.0
BC,past,2003-01-01T00:00:00,M,21,8.475869999998395,40391.0,29473.0,0.00020984551013835743,15450.566370000011,3954.9255599999833,0.0005485798900198109,0.0,0.0
BC,past,2003-01-01T00:00:00,M,22,140.88552000000345,40391.0,28395.0,0.0034880423856800636,15450.566370000011,3954.9255599999833,0.009118469616334416,0.0,0.0
BC,past,2003-01-01T00:00:00,M,23,119.56035999999222,40391.0,27876.999999999996,0.0029600742739717316,15450.566370000011,3954.9255599999833,0.007738250957074276,0.0,0.0
BC,past,2003-01-01T00:00:00,M,24,70.31552999999622,40391.0,27265.999999999996,0.0017408712336905799,15450.566370000011,3954.9255599999833,0.004551000158578404,0.0,0.0
BC,past,2003-01-01T00:00:00,M,25,-119.84587000000101,40391.0,26399.0,-0.0029671429278799984,15450.566370000011,3954.9255599999833,0.0,0.03030293950716016,0.004539788249554946
BC,past,2003-01-01T00:00:00,M,26,-254.9817000000039,40391.0,26408.0,-0.00631283454234864,15450.566370000011,3954.9255599999833,0.0,0.06447193408110695,0.009655471826719324
BC,past,2003-01-01T00:00:00,M,27,-304.69713000000047,40391.0,25855.0,-0.007543688693025686,15450.566370000011,3954.9255599999833,0.0,0.07704244375208967,0.011784843550570507
BC,past,2003-01-01T00:00:00,M,28,-206.41143999999622,40391.0,26274.0,-0.005110332499814222,15450.566370000011,3954.9255599999833,0.0,0.05219097979684783,0.007856110223034035
BC,past,2003-01-01T00:00:00,M,29,0.745599999998376,40391.0,26360.999999999996,1.8459557822246938e-05,15450.566370000011,3954.9255599999833,4.8257130654193325e-05,0.0,0.0
BC,past,2003-01-01T00:00:00,M,30,-98.76166000000376,40391.0,27013.999999999996,-0.002445140254017077,15450.566370000011,3954.9255599999833,0.0,0.02497181261737937,0.003655943584808017
BC,past,2003-01-01T00:00:00,M,31,-75.07296000000133,40391.0,27947.0,-0.0018586556411082007,15450.566370000011,3954.9255599999833,0.0,0.01898214235921084,0.002686261852792834
BC,past,2003-01-01T00:00:00,M,32,-87.83100000000195,40391.0,30050.999999999996,-0.0021745190760318377,15450.566370000011,3954.9255599999833,0.0,0.022208003328386874,0.002922731356693686
BC,past,2003-01-01T00:00:00,M,33,-62.07303999999931,40391.0,30605.0,-0.001536803743408168,15450.566370000011,3954.9255599999833,0.0,0.015695122211099106,0.0020281993138375858
BC,past,2003-01-01T00:00:00,M,34,-28.147399999998015,40391.0,30079.0,-0.000696873065781932,15450.566370000011,3954.9255599999833,0.0,0.007117049252375343,0.0009357824395757178
BC,past,2003-01-01T00:00:00,M,35,-88.26397999999972,40391.0,29471.0,-0.00218523879081973,15450.566370000011,3954.9255599999833,0.0,0.02231748200084962,0.002994943503783371
BC,past,2003-01-01T00:00:00,M,36,-72.66890000000058,40391.0,29581.999999999996,-0.0017991359461266266,15450.566370000011,3954.9255599999833,0.0,0.018374277567945144,0.002456524237712142
BC,past,2003-01-01T00:00:00,M,37,-11.424999999999272,40391.0,30810.0,-0.0002828600430788857,15450.566370000011,3954.9255599999833,0.0,0.0028888027920301288,0.00037082116196037883
BC,past,2003-01-01T00:00:00,M,38,81.82399999999325,40391.0,33237.99999999999,0.0020257978262482545,15450.566370000011,3954.9255599999833,0.0052958576430485365,0.0,0.0
BC,past,2003-01-01T00:00:00,M,39,140.2386100000076,40391.0,35012.0,0.003472026193954287,15450.566370000011,3954.9255599999833,0.009076599953792341,0.0,0.0
BC,past,2003-01-01T00:00:00,M,40,100.22350000000006,40391.0,36195.0,0.002481332475056326,15450.566370000011,3954.9255599999833,0.006486720136978382,0.0,0.0
BC,past,2003-01-01T00:00:00,M,41,-23.87539999999717,40391.0,34780.0,-0.0005911069297615105,15450.566370000011,3954.9255599999833,0.0,0.006036877214952504,0.0006864692351925581
BC,past,2003-01-01T00:00:00,M,42,-46.11044000000402,40391.0,34887.0,-0.0011416018419946033,15450.566370000011,3954.9255599999833,0.0,0.01165899061827202,0.0013217083727464103
BC,past,2003-01-01T00:00:00,M,43,-140.72204000000056,40391.0,34702.0,-0.003483994949369923,15450.566370000011,3954.9255599999833,0.0,0.03558146363695431,0.004055156475131132
BC,past,2003-01-01T00:00:00,M,44,-103.32606000000669,40391.0,33824.99999999999,-0.0025581456265011187,15450.566370000011,3954.9255599999833,0.0,0.026125917778337938,0.003054724611973591
BC,past,2003-01-01T00:00:00,M,45,-33.8457699999999,40391.0,34208.0,-0.0008379532569136665,15450.566370000011,3954.9255599999833,0.0,0.008557877888351467,0.0009894109565014002
BC,past,2003-01-01T00:00:00,M,46,-10.875180000002729,40391.0,33296.0,-0.00026924760466447297,15450.566370000011,3954.9255599999833,0.0,0.002749781212064779,0.000326621215761735
BC,past,2003-01-01T00:00:00,M,47,60.022720000000845,40391.0,33187.0,0.0014860419400361676,15450.566370000011,3954.9255599999833,0.003884823284960317,0.0,0.0
BC,past,2003-01-01T00:00:00,M,48,30.77614000000176,40391.0,32951.99999999999,0.0007619553861009077,15450.566370000011,3954.9255599999833,0.0019919101515759995,0.0,0.0
BC,past,2003-01-01T00:00:00,M,49,60.380199999999604,40391.0,31983.999999999996,0.0014948924265306529,15450.566370000011,3954.9255599999833,0.003907960300875337,0.0,0.0
BC,past,2003-01-01T00:00:00,M,50,-10.139500000004773,40391.0,31037.999999999996,-0.00025103364610939993,15450.566370000011,3954.9255599999833,0.0,0.0025637650686919163,0.00032668019846654987
BC,past,2003-01-01T00:00:00,M,51,-49.40220000000045,40391.0,30347.0,-0.0012230992052685115,15450.566370000011,3954.9255599999833,0.0,0.012491309697369033,0.0016279105018618134
BC,past,2003-01-01T00:00:00,M,52,1.666559999997844,40391.0,29773.999999999996,4.126067688341076e-05,15450.566370000011,3954.9255599999833,0.00010786400705891034,0.0,0.0
BC,past,2003-01-01T00:00:00,M,53,86.13144000000102,40391.0,29612.999999999996,0.0021324413854571815,15450.566370000011,3954.9255599999833,0.005574646128651979,0.0,0.0
BC,past,2003-01-01T00:00:00,M,54,-17.55500000000029,40391.0,28426.0,-0.0004346265257111805,15450.566370000011,3954.9255599999833,0.0,0.004438768753968751,0.0006175684232744773
BC,past,2003-01-01T00:00:00,M,55,36.41826000000219,40391.0,28718.000000000004,0.0009016429402590229,15450.566370000011,3954.9255599999833,0.002357082525512763,0.0,0.0
BC,past,2003-01-01T00:00:00,M,56,167.58969000000434,40391.0,28638.0,0.004149183976628564,15450.566370000011,3954.9255599999833,0.010846831500326691,0.0,0.0
BC,past,2003-01-01T00:00:00,M,57,27.211419999999634,40391.0,23373.0,0.00067370008170136,15450.566370000011,3954.9255599999833,0.0017611923956933635,0.0,0.0
BC,past,2003-01-01T00:00:00,M,58,122.57805000000008,40391.0,22034.0,0.003034786214750813,15450.566370000011,3954.9255599999833,0.007933563538357202,0.0,0.0
BC,past,2003-01-01T00:00:00,M,59,217.07431999999972,40391.0,22121.000000000004,0.005374323983065528,15450.566370000011,3954.9255599999833,0.014049602765468044,0.0,0.0
BC,past,2003-01-01T00:00:00,M,60,178.79179999999542,40391.0,21323.0,0.004426525711173168,15450.566370000011,3954.9255599999833,0.011571860585457314,0.0,0.0
BC,past,2003-01-01T00:00:00,M,61,153.48963999999978,40391.0,19551.0,0.003800095070684058,15450.566370000011,3954.9255599999833,0.009934240358853567,0.0,0.0
BC,past,2003-01-01T00:00:00,M,62,120.58112000000256,40391.0,18698.0,0.002985346240499184,15450.566370000011,3954.9255599999833,0.007804317143618242,0.0,0.0
BC,past,2003-01-01T00:00:00,M,63,110.22420000000056,40391.0,17502.0,0.002728929712064583,15450.566370000011,3954.9255599999833,0.0071339909075449955,0.0,0.0
BC,past,2003-01-01T00:00:00,M,64,117.95758999999816,40391.0,16756.999999999996,0.0029203929093114347,15450.566370000011,3954.9255599999833,0.007634515601255469,0.0,0.0
BC,past,2003-01-01T00:00:00,M,65,126.9644999999964,40391.0,16169.999999999996,0.00314338590280004,15450.566370000011,3954.9255599999833,0.008217465752357161,0.0,0.0
BC,past,2003-01-01T00:00:00,M,66,89.15583999999944,40391.0,15589.0,0.002207319452353233,15450.566370000011,3954.9255599999833,0.005770392998221164,0.0,0.0
BC,past,2003-01-01T00:00:00,M,67,84.53592000000208,40391.0,15561.0,0.0020929395162289145,15450.566370000011,3954.9255599999833,0.005471380011294823,0.0,0.0
BC,past,2003-01-01T00:00:00,M,68,88.22993000000315,40391.0,14990.0,0.002184395781238473,15450.566370000011,3954.9255599999833,0.005710465745211584,0.0,0.0
BC,past,2003-01-01T00:00:00,M,69,18.594429999997374,40391.0,14571.999999999998,0.00046036072392358134,15450.566370000011,3954.9255599999833,0.00120347885991427,0.0,0.0
BC,past,2003-01-01T00:00:00,M,70,53.294840000002296,40391.0,14504.0,0.0013194731499592061,15450.566370000011,3954.9255599999833,0.0034493777589592826,0.0,0.0
BC,past,2003-01-01T00:00:00,M,71,27.325630000001183,40391.0,14326.0,0.0006765276918125618,15450.566370000011,3954.9255599999833,0.0017685843577267624,0.0,0.0
BC,past,2003-01-01T00:00:00,M,72,43.51075999999739,40391.0,14129.999999999998,0.0010772389888835975,15450.566370000011,3954.9255599999833,0.0028161271864105366,0.0,0.0
BC,past,2003-01-01T00:00:00,M,73,-23.37912999999935,40391.0,13261.999999999998,-0.0005788202817459174,15450.566370000011,3954.9255599999833,0.0,0.005911395712843568,0.0017628660835469275
BC,past,2003-01-01T00:00:00,M,74,11.16167999999925,40391.0,12461.999999999998,0.0002763407689831708,15450.566370000011,3954.9255599999833,0.00072241235257703,0.0,0.0
BC,past,2003-01-01T00:00:00,M,75,-25.090840000000753,40391.0,11716.999999999998,-0.0006211987819068791,15450.566370000011,3954.9255599999833,0.0,0.006344200319158689,0.002141404796449668
BC,past,2003-01-01T00:00:00,M,76,-59.22940000000017,40391.0,10851.0,-0.0014664009309004523,15450.566370000011,3954.9255599999833,0.0,0.014976109942256515,0.005458427794673318
BC,past,2003-01-01T00:00:00,M,77,-42.013520000000426,40391.0,10160.999999999998,-0.0010401703349756238,15450.566370000011,3954.9255599999833,0.0,0.010623087429236115,0.0041347820096447625
BC,past,2003-01-01T00:00:00,M,78,-34.25183999999899,40391.0,9431.0,-0.0008480067341734295,15450.566370000011,3954.9255599999833,0.0,0.008660552387236117,0.0036318354363269
BC,past,2003-01-01T00:00:00,M,79,-49.08417999999983,40391.0,8948.0,-0.001215225669084693,15450.566370000011,3954.9255599999833,0.0,0.012410898575800258,0.005485491729995511
BC,past,2003-01-01T00:00:00,M,80,-49.410139999999956,40391.0,8205.0,-0.0012232957837141926,15450.566370000011,3954.9255599999833,0.0,0.012493317320490898,0.006021954905545393
BC,past,2003-01-01T00:00:00,M,81,-45.222499999998035,40391.0,7737.0,-0.0011196182317842597,15450.566370000011,3954.9255599999833,0.0,0.011434475646615767,0.0058449657489980655
BC,past,2003-01-01T00:00:00,M,82,-25.601490000000922,40391.0,6881.999999999999,-0.0006338414498279548,15450.566370000011,3954.9255599999833,0.0,0.006473317793622651,0.003720065387968748
BC,past,2003-01-01T00:00:00,M,83,-17.991120000000592,40391.0,6143.0,-0.00044542398058975,15450.566370000011,3954.9255599999833,0.0,0.004549041373107581,0.002928718867003189
BC,past,2003-01-01T00:00:00,M,84,-50.83947999999964,40391.0,4592.0,-0.0012586833700576772,15450.566370000011,3954.9255599999833,0.0,0.012854724881345139,0.011071315331010374
BC,past,2003-01-01T00:00:00,M,85,-29.575349999998707,40391.0,3901.0000000000005,-0.0007322262385184499,15450.566370000011,3954.9255599999833,0.0,0.00747810535275886,0.0075814791079207135
BC,past,2003-01-01T00:00:00,M,86,-44.31200000000035,40391.0,3370.9999999999995,-0.00109707608130525,15450.566370000011,3954.9255599999833,0.0,0.011204256395662866,0.013145060812815294
BC,past,2003-01-01T00:00:00,M,87,-71.30619999999999,40391.0,3028.9999999999995,-0.0017653982322794678,15450.566370000011,3954.9255599999833,0.0,0.018029719881756837,0.02354116870254209
BC,past,2003-01-01T00:00:00,M,88,-62.645200000000386,40391.0,2719.9999999999995,-0.0015509692753336234,15450.566370000011,3954.9255599999833,0.0,0.015839792443527217,0.02303132352941191
BC,past,2003-01-01T00:00:00,M,89,-48.01623999999947,40391.0,2192.0,-0.0011887856205590223,15450.566370000011,3954.9255599999833,0.0,0.012140870737400092,0.021905218978101947
BC,past,2003-01-01T00:00:00,M,90,-44.513439999999946,40391.0,1652.9999999999998,-0.0011020633309400596,15450.566370000011,3954.9255599999833,0.0,0.011255190350535987,0.02692888082274649
BC,past,2003-01-01T00:00:00,M,91,-9.304279999999835,40391.0,1267.0,-0.00023035527716570116,15450.566370000011,3954.9255599999833,0.0,0.002352580310007118,0.007343551696921732
BC,past,2003-01-01T00:00:00,M,92,-35.61364000000003,40391.0,884.0,-0.0008817221658290221,15450.566370000011,3954.9255599999833,0.0,0.009004882509090812,0.040286923076923116
BC,past,2003-01-01T00:00:00,M,93,-6.309599999999932,40391.0,704.0,-0.0001562130177514776,15450.566370000011,3954.9255599999833,0.0,0.0015953776889798045,0.008962499999999903
BC,past,2003-01-01T00:00:00,M,94,17.995149999999967,40391.0,513.9999999999999,0.0004455237552920197,15450.566370000011,3954.9255599999833,0.0011646919322608595,0.0,0.0
BC,past,2003-01-01T00:00:00,M,95,-7.451159999999959,40391.0,363.0,-0.00018447574954816567,15450.566370000011,3954.9255599999833,0.0,0.001884020289878728,0.02052661157024782
BC,past,2003-01-01T00:00:00,M,96,-6.780380000000065,40391.0,250.99999999999997,-0.00016786858458567663,15450.566370000011,3954.9255599999833,0.0,0.0017144140634596655,0.02701346613545843
BC,past,2003-01-01T00:00:00,M,97,10.024999999999977,40391.0,162.99999999999997,0.0002481988561808318,15450.566370000011,3954.9255599999833,0.0006488435284460042,0.0,0.0
BC,past,2003-01-01T00:00:00,M,98,4.958160000000021,40391.0,104.99999999999999,0.0001227540788789587,15450.566370000011,3954.9255599999833,0.0003209047410473676,0.0,0.0
BC,past,2003-01-01T00:00:00,M,99,4.623999999999995,40391.0,72.99999999999999,0.00011448094872620127,15450.566370000011,3954.9255599999833,0.00029927705491614235,0.0,0.0
BC,past,2003-01-01T00:00:00,M,100,49.879840000000016,40391.0,87.0,0.001234924611918497,15450.566370000011,3954.9255599999833,0.0032283502627353834,0.0,0.0
BC,past,2004-01-01T00:00:00,F,1,250.68260999999984,40161.0,19769.0,0.006241941435721218,22036.633459999994,2540.307980000002,0.011375721725145938,0.0,0.0
BC,past,2004-01-01T00:00:00,F,2,138.08218999999735,40161.0,19572.999999999996,0.0034382159308781494,22036.633459999994,2540.307980000002,0.006266029257628601,0.0,0.0
BC,past,2004-01-01T00:00:00,F,3,124.36463999999614,40161.0,19912.999999999996,0.0030966519757973194,22036.633459999994,2540.307980000002,0.0056435407988129314,0.0,0.0
BC,past,2004-01-01T00:00:00,F,4,122.07440000000497,40161.0,20615.000000000004,0.0030396255073331085,22036.633459999994,2540.307980000002,0.0055396120383628235,0.0,0.0
BC,past,2004-01-01T00:00:00,F,5,160.7296099999985,40161.0,21155.0,0.0040021316700281,22036.633459999994,2540.307980000002,0.007293746129223794,0.0,0.0
BC,past,2004-01-01T00:00:00,F,6,145.35191000000123,40161.0,21524.0,0.003619230347849935,22036.633459999994,2540.307980000002,0.006595921752922838,0.0,0.0
BC,past,2004-01-01T00:00:00,F,7,127.22209999999541,40161.0,22345.999999999996,0.0031678020965612264,22036.633459999994,2540.307980000002,0.0057732094256104875,0.0,0.0
BC,past,2004-01-01T00:00:00,F,8,150.3420000000042,40161.0,23568.000000000004,0.0037434824830060057,22036.633459999994,2540.307980000002,0.006822366958768857,0.0,0.0
BC,past,2004-01-01T00:00:00,F,9,186.13642000000254,40161.0,23922.0,0.004634755608675146,22036.633459999994,2540.307980000002,0.008446681310821358,0.0,0.0
BC,past,2004-01-01T00:00:00,F,10,265.1619800000044,40161.0,24285.0,0.006602474539976704,22036.633459999994,2540.307980000002,0.01203278080026678,0.0,0.0
BC,past,2004-01-01T00:00:00,F,11,308.2164300000004,40161.0,24933.0,0.0076745208037648565,22036.633459999994,2540.307980000002,0.01398654792527463,0.0,0.0
BC,past,2004-01-01T00:00:00,F,12,303.51800000000003,40161.0,25481.0,0.007557530937974653,22036.633459999994,2540.307980000002,0.013773337953409882,0.0,0.0
BC,past,2004-01-01T00:00:00,F,13,319.8264500000005,40161.0,26011.999999999996,0.007963607728891224,22036.633459999994,2540.307980000002,0.014513398817497986,0.0,0.0
BC,past,2004-01-01T00:00:00,F,14,312.14796000000206,40161.0,26542.0,0.0077724150295062884,22036.633459999994,2540.307980000002,0.014164956755604273,0.0,0.0
BC,past,2004-01-01T00:00:00,F,15,368.8974499999931,40161.0,26347.999999999996,0.009185464754363515,22036.633459999994,2540.307980000002,0.016740190858535668,0.0,0.0
BC,past,2004-01-01T00:00:00,F,16,266.89326000000074,40161.0,26016.0,0.006645583028311066,22036.633459999994,2540.307980000002,0.012111344524763938,0.0,0.0
BC,past,2004-01-01T00:00:00,F,17,73.2539199999992,40161.0,26125.0,0.0018240063743432484,22036.633459999994,2540.307980000002,0.003324188339973379,0.0,0.0
BC,past,2004-01-01T00:00:00,F,18,168.15851000000475,40161.0,26674.000000000004,0.004187109633724378,22036.633459999994,2540.307980000002,0.0076308620509225825,0.0,0.0
BC,past,2004-01-01T00:00:00,F,19,442.3426500000023,40161.0,27630.0,0.01101423395831783,22036.633459999994,2540.307980000002,0.020073059290246165,0.0,0.0
BC,past,2004-01-01T00:00:00,F,20,344.323419999997,40161.0,28504.0,0.008573576853165931,22036.633459999994,2540.307980000002,0.01562504638582835,0.0,0.0
BC,past,2004-01-01T00:00:00,F,21,297.1112499999981,40161.0,28735.0,0.007398004282761836,22036.633459999994,2540.307980000002,0.013482606158481623,0.0,0.0
BC,past,2004-01-01T00:00:00,F,22,434.10099999999875,40161.0,28831.0,0.010809018699733542,22036.633459999994,2540.307980000002,0.01969906160067332,0.0,0.0
BC,past,2004-01-01T00:00:00,F,23,244.22409999999945,40161.0,28022.0,0.006081125967978871,22036.633459999994,2540.307980000002,0.011082641114093274,0.0,0.0
BC,past,2004-01-01T00:00:00,F,24,194.35587999999552,40161.0,27431.0,0.004839418341176652,22036.633459999994,2540.307980000002,0.008819672040776213,0.0,0.0
BC,past,2004-01-01T00:00:00,F,25,369.906799999997,40161.0,26718.0,0.009210597345683549,22036.633459999994,2540.307980000002,0.016785994134332582,0.0,0.0
BC,past,2004-01-01T00:00:00,F,26,211.27072000000044,40161.0,26049.0,0.005260594108712443,22036.633459999994,2540.307980000002,0.009587250265948767,0.0,0.0
BC,past,2004-01-01T00:00:00,F,27,264.08880000000136,40161.0,26223.000000000004,0.006575752595801931,22036.633459999994,2540.307980000002,0.01198408098402892,0.0,0.0
BC,past,2004-01-01T00:00:00,F,28,130.92180000000735,40161.0,26231.000000000004,0.0032599238066783037,22036.633459999994,2540.307980000002,0.005941098046471177,0.0,0.0
BC,past,2004-01-01T00:00:00,F,29,273.545599999994,40161.0,26627.0,0.006811224820098952,22036.633459999994,2540.307980000002,0.012413220943957838,0.0,0.0
BC,past,2004-01-01T00:00:00,F,30,221.12495999999737,40161.0,26698.0,0.005505962500933676,22036.633459999994,2540.307980000002,0.010034425648608009,0.0,0.0
BC,past,2004-01-01T00:00:00,F,31,132.0634800000007,40161.0,27537.000000000004,0.0032883513856726853,22036.633459999994,2540.307980000002,0.0059929063229969765,0.0,0.0
BC,past,2004-01-01T00:00:00,F,32,-91.22764000000097,40161.0,27662.0,-0.0022715480192226534,22036.633459999994,2540.307980000002,0.0,0.03591203929533021,0.00329794085749407
BC,past,2004-01-01T00:00:00,F,33,36.54591999999684,40161.0,30326.000000000004,0.00090998530913067,22036.633459999994,2540.307980000002,0.0016584166572599902,0.0,0.0
BC,past,2004-01-01T00:00:00,F,34,4.652919999996811,40161.0,30681.0,0.00011585667687549642,22036.633459999994,2540.307980000002,0.00021114477437956226,0.0,0.0
BC,past,2004-01-01T00:00:00,F,35,75.83000000000902,40161.0,30659.000000000004,0.001888150195463485,22036.633459999994,2540.307980000002,0.0034410882287284296,0.0,0.0
BC,past,2004-01-01T00:00:00,F,36,98.75369000000137,40161.0,30172.000000000004,0.002458944996389566,22036.633459999994,2540.307980000002,0.004481341951766592,0.0,0.0
BC,past,2004-01-01T00:00:00,F,37,146.10479999999734,40161.0,29519.0,0.00363797714200337,22036.633459999994,2540.307980000002,0.006630087134915633,0.0,0.0
BC,past,2004-01-01T00:00:00,F,38,152.93170000000464,40161.0,31462.000000000004,0.0038079654391077076,22036.633459999994,2540.307980000002,0.0069398849092625736,0.0,0.0
BC,past,2004-01-01T00:00:00,F,39,156.40147999999317,40161.0,33554.0,0.0038943621921763197,22036.633459999994,2540.307980000002,0.007097339994508999,0.0,0.0
BC,past,2004-01-01T00:00:00,F,40,214.24283999999898,40161.0,35847.00000000001,0.005334599238066756,22036.633459999994,2540.307980000002,0.009722122046858198,0.0,0.0
BC,past,2004-01-01T00:00:00,F,41,243.15125000000262,40161.0,36336.00000000001,0.006054412240731123,22036.633459999994,2540.307980000002,0.011033956272919861,0.0,0.0
BC,past,2004-01-01T00:00:00,F,42,119.93157000000065,40161.0,35067.0,0.002986269515201331,22036.633459999994,2540.307980000002,0.005442372593694749,0.0,0.0
BC,past,2004-01-01T00:00:00,F,43,88.33274999999412,40161.0,35606.0,0.002199465899753346,22036.633459999994,2540.307980000002,0.004008450299830605,0.0,0.0
BC,past,2004-01-01T00:00:00,F,44,98.68432000000757,40161.0,35746.00000000001,0.0024572176987626695,22036.633459999994,2540.307980000002,0.004478194011763882,0.0,0.0
BC,past,2004-01-01T00:00:00,F,45,12.650479999996605,40161.0,35171.0,0.0003149941485519934,22036.633459999994,2540.307980000002,0.0005740659081596672,0.0,0.0
BC,past,2004-01-01T00:00:00,F,46,83.1478999999963,40161.0,35221.0,0.0020703642837577823,22036.633459999994,2540.307980000002,0.0037731670833897114,0.0,0.0
BC,past,2004-01-01T00:00:00,F,47,67.43862000000081,40161.0,34564.0,0.0016792066930604518,22036.633459999994,2540.307980000002,0.003060295944133784,0.0,0.0
BC,past,2004-01-01T00:00:00,F,48,46.9916299999968,40161.0,33950.0,0.0011700811732774782,22036.633459999994,2540.307980000002,0.002132432346587518,0.0,0.0
BC,past,2004-01-01T00:00:00,F,49,117.8805499999944,40161.0,34094.0,0.002935199571723672,22036.633459999994,2540.307980000002,0.005349299393392661,0.0,0.0
BC,past,2004-01-01T00:00:00,F,50,57.68467999999848,40161.0,32807.0,0.0014363357486117995,22036.633459999994,2540.307980000002,0.002617672073400203,0.0,0.0
BC,past,2004-01-01T00:00:00,F,51,63.91939999999886,40161.0,31667.000000000004,0.0015915788949478066,22036.633459999994,2540.307980000002,0.002900597322001238,0.0,0.0
BC,past,2004-01-01T00:00:00,F,52,48.88789000000179,40161.0,30424.000000000004,0.0012172976270511638,22036.633459999994,2540.307980000002,0.002218482695586924,0.0,0.0
BC,past,2004-01-01T00:00:00,F,53,82.7153199999957,40161.0,29934.0,0.002059593137620968,22036.633459999994,2540.307980000002,0.0037535370432211076,0.0,0.0
BC,past,2004-01-01T00:00:00,F,54,134.99136,40161.0,29752.000000000007,0.003361254948830955,22036.633459999994,2540.307980000002,0.0061257705377289525,0.0,0.0
BC,past,2004-01-01T00:00:00,F,55,85.26770000000033,40161.0,28715.0,0.0021231468339931855,22036.633459999994,2540.307980000002,0.003869361450095125,0.0,0.0
BC,past,2004-01-01T00:00:00,F,56,115.73808000000645,40161.0,28649.000000000004,0.0028818525435125235,22036.633459999994,2540.307980000002,0.005252076285158962,0.0,0.0
BC,past,2004-01-01T00:00:00,F,57,284.102560000003,40161.0,29032.0,0.007074090784592092,22036.633459999994,2540.307980000002,0.012892285045068,0.0,0.0
BC,past,2004-01-01T00:00:00,F,58,67.8530099999989,40161.0,23300.0,0.0016895249122282538,22036.633459999994,2540.307980000002,0.003079100540614016,0.0,0.0
BC,past,2004-01-01T00:00:00,F,59,191.46975000000384,40161.0,22274.000000000004,0.0047675543437664366,22036.633459999994,2540.307980000002,0.008688702398556113,0.0,0.0
BC,past,2004-01-01T00:00:00,F,60,205.19510000000082,40161.0,22198.999999999996,0.005109312517118618,22036.633459999994,2540.307980000002,0.009311544813433626,0.0,0.0
BC,past,2004-01-01T00:00:00,F,61,168.98809999999503,40161.0,21331.999999999996,0.004207766240880332,22036.633459999994,2540.307980000002,0.007668508000858452,0.0,0.0
BC,past,2004-01-01T00:00:00,F,62,120.94653000000471,40161.0,19713.0,0.0030115417942781484,22036.633459999994,2540.307980000002,0.0054884304455824415,0.0,0.0
BC,past,2004-01-01T00:00:00,F,63,234.90849000000162,40161.0,19478.0,0.005849169343392884,22036.633459999994,2540.307980000002,0.01065990821267677,0.0,0.0
BC,past,2004-01-01T00:00:00,F,64,143.3038000000015,40161.0,17804.0,0.0035682328627275593,22036.633459999994,2540.307980000002,0.006502980605459576,0.0,0.0
BC,past,2004-01-01T00:00:00,F,65,127.20877000000473,40161.0,16945.000000000004,0.0031674701825154935,22036.633459999994,2540.307980000002,0.00577260452377669,0.0,0.0
BC,past,2004-01-01T00:00:00,F,66,136.46783999999388,40161.0,16724.0,0.0033980189736309823,22036.633459999994,2540.307980000002,0.006192771697532874,0.0,0.0
BC,past,2004-01-01T00:00:00,F,67,137.55654999999751,40161.0,16146.999999999998,0.003425127611364197,22036.633459999994,2540.307980000002,0.006242176249366066,0.0,0.0
BC,past,2004-01-01T00:00:00,F,68,80.87596000000303,40161.0,15774.000000000002,0.0020137934812380926,22036.633459999994,2540.307980000002,0.00367006875831582,0.0,0.0
BC,past,2004-01-01T00:00:00,F,69,78.39944000000469,40161.0,15281.000000000004,0.0019521286820548464,22036.633459999994,2540.307980000002,0.0035576868010402853,0.0,0.0
BC,past,2004-01-01T00:00:00,F,70,68.29119999999602,40161.0,14584.999999999998,0.0017004357461217604,22036.633459999994,2540.307980000002,0.0030989851568732334,0.0,0.0
BC,past,2004-01-01T00:00:00,F,71,94.40840000000026,40161.0,14936.0,0.002350748238340685,22036.633459999994,2540.307980000002,0.004284157113715512,0.0,0.0
BC,past,2004-01-01T00:00:00,F,72,19.590000000000146,40161.0,14308.0,0.0004877866586987412,22036.633459999994,2540.307980000002,0.0008889742634944272,0.0,0.0
BC,past,2004-01-01T00:00:00,F,73,19.988099999996848,40161.0,14489.0,0.0004976992604765033,22036.633459999994,2540.307980000002,0.0009070396363527323,0.0,0.0
BC,past,2004-01-01T00:00:00,F,74,11.27049999999872,40161.0,14138.000000000002,0.000280632952366692,22036.633459999994,2540.307980000002,0.0005114438201486845,0.0,0.0
BC,past,2004-01-01T00:00:00,F,75,14.413459999996121,40161.0,13508.999999999998,0.0003588919598614606,22036.633459999994,2540.307980000002,0.0006540681463962656,0.0,0.0
BC,past,2004-01-01T00:00:00,F,76,-10.27730000000156,40161.0,12949.000000000002,-0.0002559024924678559,22036.633459999994,2540.307980000002,0.0,0.004045690554419135,0.0007936751872732688
BC,past,2004-01-01T00:00:00,F,77,0.619780000004539,40161.0,12745.000000000002,1.543238465188962e-05,22036.633459999994,2540.307980000002,2.8124985657611388e-05,0.0,0.0
BC,past,2004-01-01T00:00:00,F,78,30.827100000000428,40161.0,12387.0,0.0007675879584671803,22036.633459999994,2540.307980000002,0.0013989024256339578,0.0,0.0
BC,past,2004-01-01T00:00:00,F,79,9.39849999999933,40161.0,12037.000000000002,0.0002340205672169351,22036.633459999994,2540.307980000002,0.0004264943652604245,0.0,0.0
BC,past,2004-01-01T00:00:00,F,80,-32.904459999999744,40161.0,11717.000000000002,-0.0008193137621075109,22036.633459999994,2540.307980000002,0.0,0.012952941241400076,0.002808266621148736
BC,past,2004-01-01T00:00:00,F,81,-36.60225000000173,40161.0,10945.0,-0.0009113879136476116,22036.633459999994,2540.307980000002,0.0,0.014408587576063003,0.0033441982640476683
BC,past,2004-01-01T00:00:00,F,82,-48.23012999999992,40161.0,10608.0,-0.0012009195488160134,22036.633459999994,2540.307980000002,0.0,0.018985938075114766,0.0045465808823529335
BC,past,2004-01-01T00:00:00,F,83,-27.305099999999584,40161.0,9967.0,-0.0006798909389706329,22036.633459999994,2540.307980000002,0.0,0.010748736064671797,0.0027395505167050853
BC,past,2004-01-01T00:00:00,F,84,-24.142189999998664,40161.0,8957.0,-0.0006011351808968568,22036.633459999994,2540.307980000002,0.0,0.009503646876706125,0.002695343306910647
BC,past,2004-01-01T00:00:00,F,85,-45.98522999999932,40161.0,7198.0,-0.00114502203630386,22036.633459999994,2540.307980000002,0.0,0.01810222632926551,0.006388612114476149
BC,past,2004-01-01T00:00:00,F,86,-90.83103999999912,40161.0,6217.000000000001,-0.002261672767112351,22036.633459999994,2540.307980000002,0.0,0.0357559164932431,0.014610107769020284
BC,past,2004-01-01T00:00:00,F,87,-36.80747000000065,40161.0,5745.0,-0.0009164978461691852,22036.633459999994,2540.307980000002,0.0,0.01448937305625463,0.00640687032201926
BC,past,2004-01-01T00:00:00,F,88,-64.17749999999978,40161.0,5037.000000000001,-0.0015980055277507975,22036.633459999994,2540.307980000002,0.0,0.025263669013864898,0.012741215008933843
BC,past,2004-01-01T00:00:00,F,89,-87.6230400000004,40161.0,4672.0,-0.0021817942780309354,22036.633459999994,2540.307980000002,0.0,0.03449307748897452,0.0187549315068494
BC,past,2004-01-01T00:00:00,F,90,-75.02380000000039,40161.0,3818.0000000000005,-0.0018680759941236622,22036.633459999994,2540.307980000002,0.0,0.029533348157257822,0.019650026191723517
BC,past,2004-01-01T00:00:00,F,91,-68.80000000000018,40161.0,3074.0,-0.0017131047533676996,22036.633459999994,2540.307980000002,0.0,0.02708333026611999,0.022381262199089196
BC,past,2004-01-01T00:00:00,F,92,-36.04518000000007,40161.0,2452.0,-0.0008975169940987544,22036.633459999994,2540.307980000002,0.0,0.01418929526804858,0.01470031810766724
BC,past,2004-01-01T00:00:00,F,93,-62.29023999999981,40161.0,1930.0000000000002,-0.0015510131719827646,22036.633459999994,2540.307980000002,0.0,0.024520743347032973,0.03227473575129523
BC,past,2004-01-01T00:00:00,F,94,-15.262799999999743,40161.0,1490.0,-0.0003800403376409886,22036.633459999994,2540.307980000002,0.0,0.00600824786607163,0.010243489932885734
BC,past,2004-01-01T00:00:00,F,95,-10.403709999999819,40161.0,1112.0,-0.00025905007345434177,22036.633459999994,2540.307980000002,0.0,0.0040954522372518825,0.0093558543165466
BC,past,2004-01-01T00:00:00,F,96,-15.132440000000088,40161.0,798.0,-0.00037679440252981965,22036.633459999994,2540.307980000002,0.0,0.005956931253666367,0.01896295739348382
BC,past,2004-01-01T00:00:00,F,97,-19.53546999999992,40161.0,566.0000000000001,-0.0004864288737830213,22036.633459999994,2540.307980000002,0.0,0.007690197469678422,0.0345149646643108
BC,past,2004-01-01T00:00:00,F,98,-9.047600000000159,40161.0,372.99999999999994,-0.00022528323497921263,22036.633459999994,2540.307980000002,0.0,0.003561615391217309,0.024256300268096945
BC,past,2004-01-01T00:00:00,F,99,-4.650350000000003,40161.0,258.0,-0.00011579268444510852,22036.633459999994,2540.307980000002,0.0,0.001830624489869925,0.018024612403100788
BC,past,2004-01-01T00:00:00,F,100,287.72844999999995,40161.0,471.0,0.007164374642065685,22036.633459999994,2540.307980000002,0.013056824243243552,0.0,0.0
BC,past,2004-01-01T00:00:00,M,1,382.1359999999986,40161.0,21085.0,0.009515101715594696,22036.633459999994,2540.307980000002,0.017340942784824027,0.0,0.0
BC,past,2004-01-01T00:00:00,M,2,228.65641000000323,40161.0,20914.000000000004,0.005693493936904042,22036.633459999994,2540.307980000002,0.010376195184942887,0.0,0.0
BC,past,2004-01-01T00:00:00,M,3,232.81896000000415,40161.0,21180.000000000004,0.0057971405094495694,22036.633459999994,2540.307980000002,0.010565087467766241,0.0,0.0
BC,past,2004-01-01T00:00:00,M,4,215.2425499999954,40161.0,21828.999999999996,0.0053594917955229054,22036.633459999994,2540.307980000002,0.009767487869265283,0.0,0.0
BC,past,2004-01-01T00:00:00,M,5,162.42813999999998,40161.0,22234.0,0.004044424690620253,22036.633459999994,2540.307980000002,0.007370823692050466,0.0,0.0
BC,past,2004-01-01T00:00:00,M,6,182.01762000000235,40161.0,22598.0,0.004532198401434285,22036.633459999994,2540.307980000002,0.008259774358474192,0.0,0.0
BC,past,2004-01-01T00:00:00,M,7,204.65361000000485,40161.0,23826.000000000004,0.005095829536117249,22036.633459999994,2540.307980000002,0.009286972548301619,0.0,0.0
BC,past,2004-01-01T00:00:00,M,8,98.72766999999658,40161.0,24777.999999999996,0.002458297104155688,22036.633459999994,2540.307980000002,0.004480161190646614,0.0,0.0
BC,past,2004-01-01T00:00:00,M,9,165.7797500000015,40161.0,25589.0,0.0041278790368766095,22036.633459999994,2540.307980000002,0.007522916342957658,0.0,0.0
BC,past,2004-01-01T00:00:00,M,10,243.78254999999626,40161.0,25707.0,0.006070131470829816,22036.633459999994,2540.307980000002,0.011062604024453212,0.0,0.0
BC,past,2004-01-01T00:00:00,M,11,325.0825599999989,40161.0,26355.0,0.008094483703095016,22036.633459999994,2540.307980000002,0.01475191574021847,0.0,0.0
BC,past,2004-01-01T00:00:00,M,12,291.67259999999806,40161.0,27015.0,0.007262583103010335,22036.633459999994,2540.307980000002,0.013235805756329811,0.0,0.0
BC,past,2004-01-01T00:00:00,M,13,363.27300000000105,40161.0,27635.000000000004,0.009045417195786984,22036.633459999994,2540.307980000002,0.016484959041470626,0.0,0.0
BC,past,2004-01-01T00:00:00,M,14,513.4679999999971,40161.0,28434.0,0.012785239411369166,22036.633459999994,2540.307980000002,0.023300655289839236,0.0,0.0
BC,past,2004-01-01T00:00:00,M,15,611.894700000008,40161.0,28676.000000000004,0.01523604242922258,22036.633459999994,2540.307980000002,0.02776715876818002,0.0,0.0
BC,past,2004-01-01T00:00:00,M,16,486.3142000000007,40161.0,28192.0,0.012109115808869319,22036.633459999994,2540.307980000002,0.022068443479932566,0.0,0.0
BC,past,2004-01-01T00:00:00,M,17,335.94066999999995,40161.0,28093.0,0.0083648482358507,22036.633459999994,2540.307980000002,0.015244645721851566,0.0,0.0
BC,past,2004-01-01T00:00:00,M,18,223.3014299999959,40161.0,28805.999999999996,0.0055601561216104154,22036.633459999994,2540.307980000002,0.0101331916422408,0.0,0.0
BC,past,2004-01-01T00:00:00,M,19,537.8881999999976,40161.0,29937.0,0.013393296979656822,22036.633459999994,2540.307980000002,0.024408819113697675,0.0,0.0
BC,past,2004-01-01T00:00:00,M,20,-88.98647999999957,40161.0,29664.0,-0.0022157436318816655,22036.633459999994,2540.307980000002,0.0,0.0350297998119108,0.0029998139158575908
BC,past,2004-01-01T00:00:00,M,21,-189.23168000000078,40161.0,29749.0,-0.004711826896740638,22036.633459999994,2540.307980000002,0.0,0.07449162916065029,0.006360942552690873
BC,past,2004-01-01T00:00:00,M,22,21.24137999999948,40161.0,29463.0,0.0005289056547396599,22036.633459999994,2540.307980000002,0.000963912207304985,0.0,0.0
BC,past,2004-01-01T00:00:00,M,23,207.5184500000032,40161.0,28571.0,0.005167163417245667,22036.633459999994,2540.307980000002,0.009416976071988596,0.0,0.0
BC,past,2004-01-01T00:00:00,M,24,28.222240000002785,40161.0,27874.0,0.000702727521725126,22036.633459999994,2540.307980000002,0.0012806965297685173,0.0,0.0
BC,past,2004-01-01T00:00:00,M,25,-90.28005999999368,40161.0,27146.0,-0.0022479534872138066,22036.633459999994,2540.307980000002,0.0,0.035539021532339406,0.003325722390038815
BC,past,2004-01-01T00:00:00,M,26,-248.80903000000035,40161.0,26123.0,-0.006195289708921599,22036.633459999994,2540.307980000002,0.0,0.0979444350680661,0.009524519771848577
BC,past,2004-01-01T00:00:00,M,27,-86.12016000000585,40161.0,26295.999999999996,-0.002144372899081344,22036.633459999994,2540.307980000002,0.0,0.03390146418388442,0.003275028901734327
BC,past,2004-01-01T00:00:00,M,28,33.30370000000039,40161.0,25864.0,0.000829254749632738,22036.633459999994,2540.307980000002,0.0015112880132281512,0.0,0.0
BC,past,2004-01-01T00:00:00,M,29,84.6465999999964,40161.0,26334.999999999996,0.0021076815816338337,22036.633459999994,2540.307980000002,0.003841176564180889,0.0,0.0
BC,past,2004-01-01T00:00:00,M,30,134.93407000000298,40161.0,26473.0,0.0033598284405269535,22036.633459999994,2540.307980000002,0.006123170775832427,0.0,0.0
BC,past,2004-01-01T00:00:00,M,31,43.691759999997885,40161.0,27034.999999999996,0.0010879151415551876,22036.633459999994,2540.307980000002,0.0019826876042252735,0.0,0.0
BC,past,2004-01-01T00:00:00,M,32,-41.80399000000034,40161.0,27882.0,-0.001040910086900235,22036.633459999994,2540.307980000002,0.0,0.01645626842458697,0.0014993181981206635
BC,past,2004-01-01T00:00:00,M,33,-35.75716000000102,40161.0,29989.999999999996,-0.0008903453599263221,22036.633459999994,2540.307980000002,0.0,0.014075915314804071,0.0011923027675892306
BC,past,2004-01-01T00:00:00,M,34,114.2384499999971,40161.0,30692.0,0.002844512088842337,22036.633459999994,2540.307980000002,0.005184024601913814,0.0,0.0
BC,past,2004-01-01T00:00:00,M,35,67.17662999999811,40161.0,30116.999999999996,0.0016726832001194719,22036.633459999994,2540.307980000002,0.0030484071045577092,0.0,0.0
BC,past,2004-01-01T00:00:00,M,36,76.41809999999896,40161.0,29515.0,0.0019027937551355533,22036.633459999994,2540.307980000002,0.0034677756082257304,0.0,0.0
BC,past,2004-01-01T00:00:00,M,37,106.97750000000451,40161.0,29652.0,0.00266371604292733,22036.633459999994,2540.307980000002,0.004854530080294966,0.0,0.0
BC,past,2004-01-01T00:00:00,M,38,143.82589999999982,40161.0,30911.0,0.003581233037025966,22036.633459999994,2540.307980000002,0.006526672972124657,0.0,0.0
BC,past,2004-01-01T00:00:00,M,39,197.52176000000327,40161.0,33385.0,0.004918248051592422,22036.633459999994,2540.307980000002,0.008963336453298857,0.0,0.0
BC,past,2004-01-01T00:00:00,M,40,257.71944000000076,40161.0,35213.0,0.006417156943303223,22036.633459999994,2540.307980000002,0.011695045909249371,0.0,0.0
BC,past,2004-01-01T00:00:00,M,41,242.53149999999732,40161.0,36375.99999999999,0.006038980603072566,22036.633459999994,2540.307980000002,0.011005832648631683,0.0,0.0
BC,past,2004-01-01T00:00:00,M,42,41.908400000000256,40161.0,34760.0,0.0010435098727621388,22036.633459999994,2540.307980000002,0.0019017605423292396,0.0,0.0
BC,past,2004-01-01T00:00:00,M,43,-28.11018000000331,40161.0,34794.0,-0.0006999372525585347,22036.633459999994,2540.307980000002,0.0,0.01106565826715361,0.0008079030867391881
BC,past,2004-01-01T00:00:00,M,44,23.015919999998005,40161.0,34657.0,0.0005730913074873137,22036.633459999994,2540.307980000002,0.0010444390265770664,0.0,0.0
BC,past,2004-01-01T00:00:00,M,45,-65.64399999999296,40161.0,33689.0,-0.001634521052762455,22036.633459999994,2540.307980000002,0.0,0.025840961220770134,0.0019485291935050894
BC,past,2004-01-01T00:00:00,M,46,43.59967999999935,40161.0,34176.0,0.0010856223699608912,22036.633459999994,2540.307980000002,0.00197850910753404,0.0,0.0
BC,past,2004-01-01T00:00:00,M,47,63.578560000001744,40161.0,33281.0,0.0015830920544807586,22036.633459999994,2540.307980000002,0.0028851303496701063,0.0,0.0
BC,past,2004-01-01T00:00:00,M,48,71.29497999999876,40161.0,33174.0,0.0017752292024600673,22036.633459999994,2540.307980000002,0.003235293636362856,0.0,0.0
BC,past,2004-01-01T00:00:00,M,49,31.618000000009488,40161.0,32893.0,0.0007872811931976168,22036.633459999994,2540.307980000002,0.0014347926627450243,0.0,0.0
BC,past,2004-01-01T00:00:00,M,50,13.632160000001022,40161.0,31901.999999999996,0.0003394377630039347,22036.633459999994,2540.307980000002,0.0006186135475160291,0.0,0.0
BC,past,2004-01-01T00:00:00,M,51,32.1838800000005,40161.0,30968.999999999996,0.0008013714797938423,22036.633459999994,2540.307980000002,0.0014604717212553986,0.0,0.0
BC,past,2004-01-01T00:00:00,M,52,-56.66121000000203,40161.0,30182.0,-0.001410851572421056,22036.633459999994,2540.307980000002,0.0,0.022304858484128366,0.001877317937843815
BC,past,2004-01-01T00:00:00,M,53,5.416340000003402,40161.0,29663.0,0.00013486566569566002,22036.633459999994,2540.307980000002,0.0002457879970565796,0.0,0.0
BC,past,2004-01-01T00:00:00,M,54,62.03976999999941,40161.0,29547.999999999996,0.0015447765244889172,22036.633459999994,2540.307980000002,0.002815301625477934,0.0,0.0
BC,past,2004-01-01T00:00:00,M,55,-10.397799999998824,40161.0,28282.0,-0.0002589029157640204,22036.633459999994,2540.307980000002,0.0,0.004093125747689387,0.0003676472668127722
BC,past,2004-01-01T00:00:00,M,56,31.897699999994074,40161.0,28601.999999999996,0.0007942456612134676,22036.633459999994,2540.307980000002,0.0014474851640970247,0.0,0.0
BC,past,2004-01-01T00:00:00,M,57,219.80469999999696,40161.0,28695.999999999996,0.005473088319513881,22036.633459999994,2540.307980000002,0.009974513593420591,0.0,0.0
BC,past,2004-01-01T00:00:00,M,58,46.91259999999602,40161.0,23274.999999999996,0.001168113343791141,22036.633459999994,2540.307980000002,0.0021288460456153555,0.0,0.0
BC,past,2004-01-01T00:00:00,M,59,145.05153999999675,40161.0,22028.999999999996,0.0036117512014142263,22036.633459999994,2540.307980000002,0.006582291268005544,0.0,0.0
BC,past,2004-01-01T00:00:00,M,60,191.46507999999812,40161.0,22147.0,0.004767438061801204,22036.633459999994,2540.307980000002,0.008688490478708457,0.0,0.0
BC,past,2004-01-01T00:00:00,M,61,145.06183000000237,40161.0,21293.0,0.00361200742013402,22036.633459999994,2540.307980000002,0.00658275821773379,0.0,0.0
BC,past,2004-01-01T00:00:00,M,62,130.35002000000168,40161.0,19505.0,0.0032456866113892003,22036.633459999994,2540.307980000002,0.005915151251964497,0.0,0.0
BC,past,2004-01-01T00:00:00,M,63,103.29717999999775,40161.0,18616.0,0.0025720768905156182,22036.633459999994,2540.307980000002,0.00468752090411172,0.0,0.0
BC,past,2004-01-01T00:00:00,M,64,135.77179999999862,40161.0,17447.0,0.0033806877318791517,22036.633459999994,2540.307980000002,0.006161186110684561,0.0,0.0
BC,past,2004-01-01T00:00:00,M,65,110.91642999999749,40161.0,16666.999999999996,0.002761794527028647,22036.633459999994,2540.307980000002,0.005033274715093325,0.0,0.0
BC,past,2004-01-01T00:00:00,M,66,140.12060000000383,40161.0,16097.0,0.0034889718881502907,22036.633459999994,2540.307980000002,0.006358530228963742,0.0,0.0
BC,past,2004-01-01T00:00:00,M,67,84.19639000000097,40161.0,15447.0,0.002096471452404098,22036.633459999994,2540.307980000002,0.003820746492554358,0.0,0.0
BC,past,2004-01-01T00:00:00,M,68,90.50916999999936,40161.0,15402.999999999998,0.0022536582754413325,22036.633459999994,2540.307980000002,0.004107214024514586,0.0,0.0
BC,past,2004-01-01T00:00:00,M,69,96.52419999999802,40161.0,14822.999999999998,0.0024034311894623643,22036.633459999994,2540.307980000002,0.004380169964491393,0.0,0.0
BC,past,2004-01-01T00:00:00,M,70,59.1139200000016,40161.0,14349.0,0.0014719235078808196,22036.633459999994,2540.307980000002,0.0026825295300801186,0.0,0.0
BC,past,2004-01-01T00:00:00,M,71,40.37031999999999,40161.0,14235.0,0.0010052120216130075,22036.633459999994,2540.307980000002,0.0018319640372146029,0.0,0.0
BC,past,2004-01-01T00:00:00,M,72,2.804259999998976,40161.0,13991.999999999998,6.982545255344677e-05,22036.633459999994,2540.307980000002,0.00012725446493853771,0.0,0.0
BC,past,2004-01-01T00:00:00,M,73,2.24960000000101,40161.0,13766.0,5.601454147060606e-05,22036.633459999994,2540.307980000002,0.0001020845586093898,0.0,0.0
BC,past,2004-01-01T00:00:00,M,74,-23.972039999996923,40161.0,12859.0,-0.0005968984836034194,22036.633459999994,2540.307980000002,0.0,0.009436666809194099,0.0018642227233841607
BC,past,2004-01-01T00:00:00,M,75,5.9268600000032166,40161.0,12075.0,0.0001475775005603251,22036.633459999994,2540.307980000002,0.0002689548751065544,0.0,0.0
BC,past,2004-01-01T00:00:00,M,76,7.634430000000066,40161.0,11316.999999999998,0.0001900956151490268,22036.633459999994,2540.307980000002,0.0003464426639331173,0.0,0.0
BC,past,2004-01-01T00:00:00,M,77,-30.213090000001102,40161.0,10403.999999999998,-0.0007522992455367422,22036.633459999994,2540.307980000002,0.0,0.011893475215552833,0.002903987889273463
BC,past,2004-01-01T00:00:00,M,78,-42.07198999999855,40161.0,9688.0,-0.001047583227509239,22036.633459999994,2540.307980000002,0.0,0.016561767443646153,0.004342690957885895
BC,past,2004-01-01T00:00:00,M,79,-28.251960000001418,40161.0,8960.999999999998,-0.0007034675431389014,22036.633459999994,2540.307980000002,0.0,0.011121470397459995,0.0031527686642117423
BC,past,2004-01-01T00:00:00,M,80,-7.941000000002532,40161.0,8476.999999999998,-0.00019772914021071517,22036.633459999994,2540.307980000002,0.0,0.0031259989192344018,0.0009367700837563447
BC,past,2004-01-01T00:00:00,M,81,-20.673999999999978,40161.0,7715.0,-0.000514778018475635,22036.633459999994,2540.307980000002,0.0,0.00813838328374655,0.002679714841218403
BC,past,2004-01-01T00:00:00,M,82,-60.789490000001024,40161.0,7186.999999999999,-0.0015136448295610424,22036.633459999994,2540.307980000002,0.0,0.023929968522950897,0.008458256574370535
BC,past,2004-01-01T00:00:00,M,83,-57.74173999999857,40161.0,6343.0,-0.0014377565299668476,22036.633459999994,2540.307980000002,0.0,0.02273021242093588,0.009103222449944597
BC,past,2004-01-01T00:00:00,M,84,-20.77752000000055,40161.0,5647.0,-0.0005173556435347863,22036.633459999994,2540.307980000002,0.0,0.008179134248123936,0.0036793908269878786
BC,past,2004-01-01T00:00:00,M,85,-83.87888000000021,40161.0,4115.0,-0.002088565523766844,22036.633459999994,2540.307980000002,0.0,0.0330191774620966,0.02038368894289191
BC,past,2004-01-01T00:00:00,M,86,-62.34124000000111,40161.0,3468.9999999999995,-0.0015522830606807874,22036.633459999994,2540.307980000002,0.0,0.024540819652899355,0.017970954165465874
BC,past,2004-01-01T00:00:00,M,87,-29.280969999999797,40161.0,2988.0,-0.0007290896641019845,22036.633459999994,2540.307980000002,0.0,0.011526543328813137,0.009799521419009303
BC,past,2004-01-01T00:00:00,M,88,-70.9696200000003,40161.0,2605.9999999999995,-0.0017671278105624935,22036.633459999994,2540.307980000002,0.0,0.0279374078098988,0.027233161933998586
BC,past,2004-01-01T00:00:00,M,89,-36.74559999999974,40161.0,2332.9999999999995,-0.0009149572968800513,22036.633459999994,2540.307980000002,0.0,0.014465017741667573,0.01575036433776243
BC,past,2004-01-01T00:00:00,M,90,-34.13583999999992,40161.0,1845.0,-0.000849974851223822,22036.633459999994,2540.307980000002,0.0,0.013437677741735824,0.018501810298102935
BC,past,2004-01-01T00:00:00,M,91,-8.429279999999835,40161.0,1383.0,-0.00020988720400388027,22036.633459999994,2540.307980000002,0.0,0.003318211833511553,0.0060949240780909875
BC,past,2004-01-01T00:00:00,M,92,-30.211649999999963,40161.0,1015.0,-0.0007522633898558293,22036.633459999994,2540.307980000002,0.0,0.011892908355151464,0.02976517241379307
BC,past,2004-01-01T00:00:00,M,93,-16.617840000000115,40161.0,696.9999999999999,-0.000413780533353256,22036.633459999994,2540.307980000002,0.0,0.006541663503336357,0.023841951219512363
BC,past,2004-01-01T00:00:00,M,94,-2.294080000000008,40161.0,553.0,-5.712208361345604e-05,22036.633459999994,2540.307980000002,0.0,0.000903071603152625,0.004148426763110322
BC,past,2004-01-01T00:00:00,M,95,-8.574399999999969,40161.0,387.0,-0.00021350065984412662,22036.633459999994,2540.307980000002,0.0,0.003375338765026421,0.022156072351421106
BC,past,2004-01-01T00:00:00,M,96,0.7353499999999826,40161.0,274.99999999999994,1.8310052040536406e-05,22036.633459999994,2540.307980000002,3.3369434643216274e-05,0.0,0.0
BC,past,2004-01-01T00:00:00,M,97,-3.9644100000000435,40161.0,180.99999999999991,-9.871293045492003e-05,22036.633459999994,2540.307980000002,0.0,0.0015606021125045006,0.021902817679558262
BC,past,2004-01-01T00:00:00,M,98,1.9986000000000246,40161.0,119.0,4.9764697094196474e-05,22036.633459999994,2540.307980000002,9.06944340490031e-05,0.0,0.0
BC,past,2004-01-01T00:00:00,M,99,-6.324650000000005,40161.0,66.99999999999999,-0.0001574823834067878,22036.633459999994,2540.307980000002,0.0,0.002489717801854876,0.09439776119402996
BC,past,2004-01-01T00:00:00,M,100,53.45855000000001,40161.0,103.0,0.0013311060481561716,22036.633459999994,2540.307980000002,0.002425894594881555,0.0,0.0
BC,past,2005-01-01T00:00:00,F,1,352.86150000000634,40542.0,19794.0,0.008703603670268028,31026.938539999963,2061.614059999994,0.011372746284493938,0.0,0.0
BC,past,2005-01-01T00:00:00,F,2,153.1514900000002,40542.0,19918.0,0.0037776007597059885,31026.938539999963,2061.614059999994,0.004936081263788148,0.0,0.0
BC,past,2005-01-01T00:00:00,F,3,146.13168000000587,40542.0,19716.0,0.003604451679739674,31026.938539999963,2061.614059999994,0.004709832386834194,0.0,0.0
BC,past,2005-01-01T00:00:00,F,4,159.58869000000414,40542.0,20070.0,0.00393637931034493,31026.938539999963,2061.614059999994,0.005143552587190071,0.0,0.0
BC,past,2005-01-01T00:00:00,F,5,187.26764999999796,40542.0,20800.0,0.004619102412313106,31026.938539999963,2061.614059999994,0.006035647047760523,0.0,0.0
BC,past,2005-01-01T00:00:00,F,6,261.1155000000035,40542.0,21414.000000000004,0.006440617137783127,31026.938539999963,2061.614059999994,0.008415767468110756,0.0,0.0
BC,past,2005-01-01T00:00:00,F,7,154.93715999999768,40542.0,21676.999999999996,0.0038216457007547154,31026.938539999963,2061.614059999994,0.004993633509804795,0.0,0.0
BC,past,2005-01-01T00:00:00,F,8,195.7876800000049,40542.0,22540.000000000004,0.004829255586798997,31026.938539999963,2061.614059999994,0.006310248100939615,0.0,0.0
BC,past,2005-01-01T00:00:00,F,9,219.88543999999092,40542.0,23785.999999999996,0.005423645602091434,31026.938539999963,2061.614059999994,0.0070869202811135994,0.0,0.0
BC,past,2005-01-01T00:00:00,F,10,268.1529800000026,40542.0,24188.0,0.006614202062059163,31026.938539999963,2061.614059999994,0.008642585850173372,0.0,0.0
BC,past,2005-01-01T00:00:00,F,11,344.1856500000031,40542.0,24627.000000000004,0.008489607074145407,31026.938539999963,2061.614059999994,0.011093123143821573,0.0,0.0
BC,past,2005-01-01T00:00:00,F,12,369.49329999999827,40542.0,25300.0,0.00911383996842776,31026.938539999963,2061.614059999994,0.011908790147750063,0.0,0.0
BC,past,2005-01-01T00:00:00,F,13,304.80291000000216,40542.0,25783.0,0.007518201124759562,31026.938539999963,2061.614059999994,0.009823815185860181,0.0,0.0
BC,past,2005-01-01T00:00:00,F,14,369.3815600000016,40542.0,26378.0,0.009111083814316058,31026.938539999963,2061.614059999994,0.011905188761172634,0.0,0.0
BC,past,2005-01-01T00:00:00,F,15,420.9813000000031,40542.0,26959.000000000004,0.010383831582063123,31026.938539999963,2061.614059999994,0.013568251326416673,0.0,0.0
BC,past,2005-01-01T00:00:00,F,16,528.4791600000026,40542.0,26872.0,0.013035350007399797,31026.938539999963,2061.614059999994,0.017032913489633747,0.0,0.0
BC,past,2005-01-01T00:00:00,F,17,306.2031999999963,40542.0,26316.999999999996,0.007552740368013327,31026.938539999963,2061.614059999994,0.009868946612481241,0.0,0.0
BC,past,2005-01-01T00:00:00,F,18,78.0087499999936,40542.0,26196.999999999996,0.0019241465640568694,31026.938539999963,2061.614059999994,0.0025142264648323146,0.0,0.0
BC,past,2005-01-01T00:00:00,F,19,502.66849999999613,40542.0,27170.0,0.012398709979773966,31026.938539999963,2061.614059999994,0.016201034444695707,0.0,0.0
BC,past,2005-01-01T00:00:00,F,20,365.1837999999989,40542.0,27987.999999999996,0.009007542795126014,31026.938539999963,2061.614059999994,0.011769894716786303,0.0,0.0
BC,past,2005-01-01T00:00:00,F,21,259.98111999999674,40542.0,28756.0,0.0064126367717428035,31026.938539999963,2061.614059999994,0.008379206335966045,0.0,0.0
BC,past,2005-01-01T00:00:00,F,22,146.3331500000022,40542.0,28873.000000000004,0.0036094210941739974,31026.938539999963,2061.614059999994,0.004716325776432932,0.0,0.0
BC,past,2005-01-01T00:00:00,F,23,158.64929999999367,40542.0,28980.999999999996,0.003913208524492963,31026.938539999963,2061.614059999994,0.005113275993874253,0.0,0.0
BC,past,2005-01-01T00:00:00,F,24,257.686819999999,40542.0,28270.999999999996,0.006356046075674584,31026.938539999963,2061.614059999994,0.008305260916019441,0.0,0.0
BC,past,2005-01-01T00:00:00,F,25,298.5036100000034,40542.0,27721.000000000004,0.00736282398500329,31026.938539999963,2061.614059999994,0.009620788387329037,0.0,0.0
BC,past,2005-01-01T00:00:00,F,26,299.5497599999944,40542.0,27008.999999999996,0.0073886280893886444,31026.938539999963,2061.614059999994,0.009654505861537533,0.0,0.0
BC,past,2005-01-01T00:00:00,F,27,397.596170000008,40542.0,26438.000000000007,0.009807019140644467,31026.938539999963,2061.614059999994,0.012814547251815599,0.0,0.0
BC,past,2005-01-01T00:00:00,F,28,367.17805000000226,40542.0,26581.000000000007,0.009056732524295848,31026.938539999963,2061.614059999994,0.0118341695081078,0.0,0.0
BC,past,2005-01-01T00:00:00,F,29,350.96777999999904,40542.0,26572.0,0.00865689359183067,31026.938539999963,2061.614059999994,0.011311711580810043,0.0,0.0
BC,past,2005-01-01T00:00:00,F,30,377.9170699999995,40542.0,26994.0,0.00932161881505598,31026.938539999963,2061.614059999994,0.012180288735634951,0.0,0.0
BC,past,2005-01-01T00:00:00,F,31,312.2810800000043,40542.0,26998.000000000004,0.007702656011050375,31026.938539999963,2061.614059999994,0.010064837031775185,0.0,0.0
BC,past,2005-01-01T00:00:00,F,32,179.76849999999104,40542.0,27702.999999999996,0.004434130037985078,31026.938539999963,2061.614059999994,0.005793949015247936,0.0,0.0
BC,past,2005-01-01T00:00:00,F,33,119.9374800000005,40542.0,27767.0,0.002958351339351796,31026.938539999963,2061.614059999994,0.003865591825805726,0.0,0.0
BC,past,2005-01-01T00:00:00,F,34,208.98255999999674,40542.0,30518.0,0.00515471757683382,31026.938539999963,2061.614059999994,0.006735519836434271,0.0,0.0
BC,past,2005-01-01T00:00:00,F,35,127.18135999999868,40542.0,30791.0,0.003137027280351208,31026.938539999963,2061.614059999994,0.0040990624916485505,0.0,0.0
BC,past,2005-01-01T00:00:00,F,36,248.5558600000004,40542.0,30891.000000000004,0.006130823837008544,31026.938539999963,2061.614059999994,0.00801096955407192,0.0,0.0
BC,past,2005-01-01T00:00:00,F,37,230.99116000000504,40542.0,30387.000000000007,0.005697576833900771,31026.938539999963,2061.614059999994,0.00744485827057062,0.0,0.0
BC,past,2005-01-01T00:00:00,F,38,248.94025999999576,40542.0,29751.999999999996,0.006140305362340184,31026.938539999963,2061.614059999994,0.008023358788011319,0.0,0.0
BC,past,2005-01-01T00:00:00,F,39,332.6187199999986,40542.0,31777.000000000004,0.008204299738542711,31026.938539999963,2061.614059999994,0.010720320329741401,0.0,0.0
BC,past,2005-01-01T00:00:00,F,40,254.46794000000227,40542.0,33788.0,0.006276649893937208,31026.938539999963,2061.614059999994,0.008201516229902667,0.0,0.0
BC,past,2005-01-01T00:00:00,F,41,352.7344299999895,40542.0,36175.0,0.008700469389768376,31026.938539999963,2061.614059999994,0.011368650811140902,0.0,0.0
BC,past,2005-01-01T00:00:00,F,42,368.70543999999063,40542.0,36676.0,0.009094406788022067,31026.938539999963,2061.614059999994,0.011883397374982877,0.0,0.0
BC,past,2005-01-01T00:00:00,F,43,205.56029999999737,40542.0,35241.0,0.00507030486902465,31026.938539999963,2061.614059999994,0.006625220201309543,0.0,0.0
BC,past,2005-01-01T00:00:00,F,44,210.31812000000355,40542.0,35780.0,0.005187660204232735,31026.938539999963,2061.614059999994,0.006778565011461289,0.0,0.0
BC,past,2005-01-01T00:00:00,F,45,155.1079000000027,40542.0,35860.00000000001,0.003825857135809844,31026.938539999963,2061.614059999994,0.004999136469749905,0.0,0.0
BC,past,2005-01-01T00:00:00,F,46,91.37058999999863,40542.0,35217.0,0.0022537267525035427,31026.938539999963,2061.614059999994,0.0029448793306566024,0.0,0.0
BC,past,2005-01-01T00:00:00,F,47,125.71824000000197,40542.0,35296.0,0.003100938286221745,31026.938539999963,2061.614059999994,0.004051906050541399,0.0,0.0
BC,past,2005-01-01T00:00:00,F,48,167.95676000000094,40542.0,34677.0,0.004142784273099525,31026.938539999963,2061.614059999994,0.005413255960895752,0.0,0.0
BC,past,2005-01-01T00:00:00,F,49,133.75200000000768,40542.0,34024.00000000001,0.0032990972324998197,31026.938539999963,2061.614059999994,0.004310834593866696,0.0,0.0
BC,past,2005-01-01T00:00:00,F,50,150.80141999999614,40542.0,34179.0,0.003719634453159591,31026.938539999963,2061.614059999994,0.00486033837355828,0.0,0.0
BC,past,2005-01-01T00:00:00,F,51,97.89470000000074,40542.0,32836.0,0.0024146490059691367,31026.938539999963,2061.614059999994,0.003155151768318836,0.0,0.0
BC,past,2005-01-01T00:00:00,F,52,124.51742999999988,40542.0,31719.000000000004,0.003071319372502587,31026.938539999963,2061.614059999994,0.0040132038757053606,0.0,0.0
BC,past,2005-01-01T00:00:00,F,53,96.05999999999403,40542.0,30444.0,0.0023693947017905882,31026.938539999963,2061.614059999994,0.003096019282603515,0.0,0.0
BC,past,2005-01-01T00:00:00,F,54,103.42048000000432,40542.0,29956.000000000004,0.00255094667258656,31026.938539999963,2061.614059999994,0.0033332479731016493,0.0,0.0
BC,past,2005-01-01T00:00:00,F,55,150.36343999999735,40542.0,29814.000000000004,0.0037088313354051933,31026.938539999963,2061.614059999994,0.004846222253160706,0.0,0.0
BC,past,2005-01-01T00:00:00,F,56,94.3237500000032,40542.0,28716.000000000004,0.002326568743525312,31026.938539999963,2061.614059999994,0.0030400598460077173,0.0,0.0
BC,past,2005-01-01T00:00:00,F,57,78.7039500000028,40542.0,28626.000000000004,0.0019412942134083865,31026.938539999963,2061.614059999994,0.002536632800511001,0.0,0.0
BC,past,2005-01-01T00:00:00,F,58,294.64415999999983,40542.0,29214.0,0.007267627645404761,31026.938539999963,2061.614059999994,0.009496398093551649,0.0,0.0
BC,past,2005-01-01T00:00:00,F,59,42.02499999999782,40542.0,23243.0,0.0010365793498100196,31026.938539999963,2061.614059999994,0.001354468148567708,0.0,0.0
BC,past,2005-01-01T00:00:00,F,60,142.79683999999907,40542.0,22313.000000000004,0.0035221952543041555,31026.938539999963,2061.614059999994,0.004602350303298704,0.0,0.0
BC,past,2005-01-01T00:00:00,F,61,182.65887999999904,40542.0,22267.999999999996,0.004505423511420232,31026.938539999963,2061.614059999994,0.005887106127616008,0.0,0.0
BC,past,2005-01-01T00:00:00,F,62,130.88584000000264,40542.0,21343.0,0.0032284011642248196,31026.938539999963,2061.614059999994,0.004218458093481072,0.0,0.0
BC,past,2005-01-01T00:00:00,F,63,84.82633999999962,40542.0,19676.0,0.0020923077302550347,31026.938539999963,2061.614059999994,0.0027339577796449822,0.0,0.0
BC,past,2005-01-01T00:00:00,F,64,158.45040000000154,40542.0,19504.0,0.003908302501109998,31026.938539999963,2061.614059999994,0.005106865435522332,0.0,0.0
BC,past,2005-01-01T00:00:00,F,65,136.1739200000011,40542.0,17807.0,0.0033588357752454513,31026.938539999963,2061.614059999994,0.004388893213697043,0.0,0.0
BC,past,2005-01-01T00:00:00,F,66,61.79624999999578,40542.0,16867.0,0.0015242526269053274,31026.938539999963,2061.614059999994,0.0019916966645074567,0.0,0.0
BC,past,2005-01-01T00:00:00,F,67,111.02116000000024,40542.0,16683.0,0.0027384233634255893,31026.938539999963,2061.614059999994,0.0035782183233086834,0.0,0.0
BC,past,2005-01-01T00:00:00,F,68,82.11588000000302,40542.0,16067.0,0.0020254521237236204,31026.938539999963,2061.614059999994,0.002646599499146174,0.0,0.0
BC,past,2005-01-01T00:00:00,F,69,50.9336600000006,40542.0,15650.000000000002,0.0012563183858714567,31026.938539999963,2061.614059999994,0.0016415947688276388,0.0,0.0
BC,past,2005-01-01T00:00:00,F,70,33.49786999999742,40542.0,15127.000000000002,0.0008262510482955311,31026.938539999963,2061.614059999994,0.0010796382619835962,0.0,0.0
BC,past,2005-01-01T00:00:00,F,71,30.06430000000364,40542.0,14417.000000000002,0.0007415593705294174,31026.938539999963,2061.614059999994,0.0009689741049135322,0.0,0.0
BC,past,2005-01-01T00:00:00,F,72,57.637440000000424,40542.0,14769.0,0.0014216723397957778,31026.938539999963,2061.614059999994,0.0018576579808444256,0.0,0.0
BC,past,2005-01-01T00:00:00,F,73,38.65744000000086,40542.0,14108.0,0.0009535158600957245,31026.938539999963,2061.614059999994,0.001245931497565048,0.0,0.0
BC,past,2005-01-01T00:00:00,F,74,8.046500000000378,40542.0,14229.000000000002,0.00019847318829856392,31026.938539999963,2061.614059999994,0.00025933915425225797,0.0,0.0
BC,past,2005-01-01T00:00:00,F,75,17.53589999999531,40542.0,13864.999999999998,0.00043253662868125177,31026.938539999963,2061.614059999994,0.0005651830578575455,0.0,0.0
BC,past,2005-01-01T00:00:00,F,76,-2.3193499999961205,40542.0,13198.000000000002,-5.720857382457995e-05,31026.938539999963,2061.614059999994,0.0,0.0011250165804535341,0.00017573495984210639
BC,past,2005-01-01T00:00:00,F,77,30.163579999998547,40542.0,12650.0,0.0007440081890384921,31026.938539999963,2061.614059999994,0.0009721739049797526,0.0,0.0
BC,past,2005-01-01T00:00:00,F,78,-1.1890500000026805,40542.0,12383.0,-2.93288441616763e-05,31026.938539999963,2061.614059999994,0.0,0.0005767568348862949,9.602277315696362e-05
BC,past,2005-01-01T00:00:00,F,79,-45.19015000000036,40542.0,11951.0,-0.0011146502392580622,31026.938539999963,2061.614059999994,0.0,0.021919791330876202,0.003781286084846486
BC,past,2005-01-01T00:00:00,F,80,20.582029999999577,40542.0,11634.0,0.0005076717971486255,31026.938539999963,2061.614059999994,0.0006633600016148935,0.0,0.0
BC,past,2005-01-01T00:00:00,F,81,5.360929999998916,40542.0,11262.0,0.00013223151299883863,31026.938539999963,2061.614059999994,0.00017278307987388442,0.0,0.0
BC,past,2005-01-01T00:00:00,F,82,-27.514499999997497,40542.0,10437.000000000002,-0.0006786665680034901,31026.938539999963,2061.614059999994,0.0,0.013346096407587353,0.0026362460477146205
BC,past,2005-01-01T00:00:00,F,83,-35.14719999999761,40542.0,10052.000000000002,-0.000866933057076553,31026.938539999963,2061.614059999994,0.0,0.01704838974565284,0.0034965380023873464
BC,past,2005-01-01T00:00:00,F,84,-20.21368000000075,40542.0,9399.0,-0.0004985861575650128,31026.938539999963,2061.614059999994,0.0,0.009804783733382576,0.0021506202787531384
BC,past,2005-01-01T00:00:00,F,85,-49.517509999997856,40542.0,8356.000000000002,-0.0012213879433673192,31026.938539999963,2061.614059999994,0.0,0.02401880689540796,0.005925982527524873
BC,past,2005-01-01T00:00:00,F,86,-71.05007999999907,40542.0,6630.000000000001,-0.0017525055498001842,31026.938539999963,2061.614059999994,0.0,0.03446332724370306,0.01071645248868764
BC,past,2005-01-01T00:00:00,F,87,-36.24467000000004,40542.0,5699.0,-0.0008940030092250023,31026.938539999963,2061.614059999994,0.0,0.017580725075187036,0.006359829794700832
BC,past,2005-01-01T00:00:00,F,88,-92.95519999999942,40542.0,5152.000000000001,-0.002292812392087204,31026.938539999963,2061.614059999994,0.0,0.045088555517515096,0.018042546583850818
BC,past,2005-01-01T00:00:00,F,89,-116.12954999999965,40542.0,4428.000000000001,-0.0028644257806718872,31026.938539999963,2061.614059999994,0.0,0.05632943248359491,0.026226185636856286
BC,past,2005-01-01T00:00:00,F,90,-73.61280000000033,40542.0,4083.9999999999995,-0.0018157170341867774,31026.938539999963,2061.614059999994,0.0,0.035706392107163136,0.018024681684623
BC,past,2005-01-01T00:00:00,F,91,-28.56800000000021,40542.0,3316.0,-0.0007046519658625675,31026.938539999963,2061.614059999994,0.0,0.013857103787893402,0.00861519903498197
BC,past,2005-01-01T00:00:00,F,92,-58.60735999999952,40542.0,2587.0000000000005,-0.001445596171871134,31026.938539999963,2061.614059999994,0.0,0.028427900807001524,0.022654565133358912
BC,past,2005-01-01T00:00:00,F,93,-48.80675999999994,40542.0,2021.0,-0.0012038567411573168,31026.938539999963,2061.614059999994,0.0,0.023674052746807558,0.02414980702622461
BC,past,2005-01-01T00:00:00,F,94,-25.183600000000297,40542.0,1570.0,-0.0006211731044349143,31026.938539999963,2061.614059999994,0.0,0.01221547742063826,0.016040509554140315
BC,past,2005-01-01T00:00:00,F,95,-12.726300000000037,40542.0,1191.0,-0.00031390409945242063,31026.938539999963,2061.614059999994,0.0,0.006172978855217972,0.010685390428211618
BC,past,2005-01-01T00:00:00,F,96,-14.979600000000005,40542.0,863.0,-0.00036948349859405074,31026.938539999963,2061.614059999994,0.0,0.007265957431431201,0.017357589803012753
BC,past,2005-01-01T00:00:00,F,97,-19.20464000000004,40542.0,595.0,-0.0004736974002269262,31026.938539999963,2061.614059999994,0.0,0.009315341980157089,0.032276705882353006
BC,past,2005-01-01T00:00:00,F,98,0.08863999999988437,40542.0,424.0,2.1863746238440225e-06,31026.938539999963,2061.614059999994,2.8568722591050863e-06,0.0,0.0
BC,past,2005-01-01T00:00:00,F,99,-9.372419999999977,40542.0,262.0,-0.00023117803759064616,31026.938539999963,2061.614059999994,0.0,0.004546156422701155,0.03577259541984724
BC,past,2005-01-01T00:00:00,F,100,306.95778000000007,40542.0,489.00000000000006,0.0075713526713038345,31026.938539999963,2061.614059999994,0.009893266768948852,0.0,0.0
BC,past,2005-01-01T00:00:00,M,1,479.79340999999476,40542.0,21026.0,0.011834478072122607,31026.938539999963,2061.614059999994,0.015463768988404852,0.0,0.0
BC,past,2005-01-01T00:00:00,M,2,302.79529999999795,40542.0,21384.0,0.007468681860786294,31026.938539999963,2061.614059999994,0.00975910980097614,0.0,0.0
BC,past,2005-01-01T00:00:00,M,3,285.1370999999963,40542.0,21196.0,0.007033128607370043,31026.938539999963,2061.614059999994,0.009189985007138144,0.0,0.0
BC,past,2005-01-01T00:00:00,M,4,278.75339999999414,40542.0,21456.0,0.006875669675891523,31026.938539999963,2061.614059999994,0.008984237991789778,0.0,0.0
BC,past,2005-01-01T00:00:00,M,5,224.40119000000414,40542.0,22051.0,0.0055350300922501145,31026.938539999963,2061.614059999994,0.0072324631613494795,0.0,0.0
BC,past,2005-01-01T00:00:00,M,6,282.2233999999953,40542.0,22513.999999999996,0.006961259927975811,31026.938539999963,2061.614059999994,0.009096076289839316,0.0,0.0
BC,past,2005-01-01T00:00:00,M,7,240.0338200000042,40542.0,22836.000000000004,0.005920621084307735,31026.938539999963,2061.614059999994,0.007736303718478455,0.0,0.0
BC,past,2005-01-01T00:00:00,M,8,224.90607999999338,40542.0,24048.999999999996,0.005547483597257002,31026.938539999963,2061.614059999994,0.0072487357948656204,0.0,0.0
BC,past,2005-01-01T00:00:00,M,9,238.98224000000482,40542.0,25015.000000000004,0.005894683044743842,31026.938539999963,2061.614059999994,0.007702411235059774,0.0,0.0
BC,past,2005-01-01T00:00:00,M,10,352.04711999999927,40542.0,25939.0,0.008683516353411259,31026.938539999963,2061.614059999994,0.011346498770613148,0.0,0.0
BC,past,2005-01-01T00:00:00,M,11,396.05655999999726,40542.0,26100.999999999996,0.009769043461102,31026.938539999963,2061.614059999994,0.012764925533642345,0.0,0.0
BC,past,2005-01-01T00:00:00,M,12,360.37195000000065,40542.0,26713.0,0.008888854767895039,31026.938539999963,2061.614059999994,0.011614808516651063,0.0,0.0
BC,past,2005-01-01T00:00:00,M,13,393.7014999999992,40542.0,27406.0,0.009710954072320043,31026.938539999963,2061.614059999994,0.012689021815427868,0.0,0.0
BC,past,2005-01-01T00:00:00,M,14,453.59254999999393,40542.0,28085.0,0.011188213457648708,31026.938539999963,2061.614059999994,0.014619313775196412,0.0,0.0
BC,past,2005-01-01T00:00:00,M,15,587.1181199999955,40542.0,29015.999999999996,0.014481725617877646,31026.938539999963,2061.614059999994,0.01892285051723947,0.0,0.0
BC,past,2005-01-01T00:00:00,M,16,639.7425199999961,40542.0,29308.0,0.015779747422426032,31026.938539999963,2061.614059999994,0.02061893793276573,0.0,0.0
BC,past,2005-01-01T00:00:00,M,17,607.994880000002,40542.0,28789.000000000004,0.01499666715998229,31026.938539999963,2061.614059999994,0.019595709683576237,0.0,0.0
BC,past,2005-01-01T00:00:00,M,18,445.8892900000028,40542.0,28524.000000000004,0.01099820655123089,31026.938539999963,2061.614059999994,0.014371037265734802,0.0,0.0
BC,past,2005-01-01T00:00:00,M,19,615.7239000000045,40542.0,29403.0,0.015187309456859664,31026.938539999963,2061.614059999994,0.01984481643930846,0.0,0.0
BC,past,2005-01-01T00:00:00,M,20,212.75212000000465,40542.0,30127.000000000004,0.0052476967095852365,31026.938539999963,2061.614059999994,0.006857012970381347,0.0,0.0
BC,past,2005-01-01T00:00:00,M,21,-43.48896000000241,40542.0,29595.0,-0.0010726890631937843,31026.938539999963,2061.614059999994,0.0,0.021094617486263425,0.001469469842878946
BC,past,2005-01-01T00:00:00,M,22,-31.035940000001574,40542.0,29689.999999999996,-0.0007655256277441067,31026.938539999963,2061.614059999994,0.0,0.015054194964115478,0.0010453331087908917
BC,past,2005-01-01T00:00:00,M,23,199.1683700000067,40542.0,29633.000000000004,0.004912642938187724,31026.938539999963,2061.614059999994,0.006419207932591822,0.0,0.0
BC,past,2005-01-01T00:00:00,M,24,224.85671000000366,40542.0,28767.000000000004,0.005546265847762904,31026.938539999963,2061.614059999994,0.007247144596948169,0.0,0.0
BC,past,2005-01-01T00:00:00,M,25,52.15273999999408,40542.0,27897.999999999996,0.001286387943367226,31026.938539999963,2061.614059999994,0.001680885786806156,0.0,0.0
BC,past,2005-01-01T00:00:00,M,26,-93.39691999999559,40542.0,27026.000000000004,-0.00230370775985387,31026.938539999963,2061.614059999994,0.0,0.045302814824611674,0.0034558173610595567
BC,past,2005-01-01T00:00:00,M,27,61.33930999999575,40542.0,26158.999999999996,0.0015129818459867729,31026.938539999963,2061.614059999994,0.001976969462227704,0.0,0.0
BC,past,2005-01-01T00:00:00,M,28,201.98119999999835,40542.0,26472.999999999996,0.004982023580484395,31026.938539999963,2061.614059999994,0.006509865604033217,0.0,0.0
BC,past,2005-01-01T00:00:00,M,29,222.5707999999977,40542.0,26061.999999999996,0.005489882097577763,31026.938539999963,2061.614059999994,0.007173469587180159,0.0,0.0
BC,past,2005-01-01T00:00:00,M,30,254.75490000000354,40542.0,26565.0,0.006283727985792599,31026.938539999963,2061.614059999994,0.008210764967080888,0.0,0.0
BC,past,2005-01-01T00:00:00,M,31,212.88461999999708,40542.0,26660.999999999996,0.005250964925262619,31026.938539999963,2061.614059999994,0.006861283452943513,0.0,0.0
BC,past,2005-01-01T00:00:00,M,32,125.6832500000055,40542.0,27135.0,0.0031000752306251664,31026.938539999963,2061.614059999994,0.004050778320844466,0.0,0.0
BC,past,2005-01-01T00:00:00,M,33,155.3243599999987,40542.0,28010.0,0.0038311962902668516,31026.938539999963,2061.614059999994,0.005006112987904185,0.0,0.0
BC,past,2005-01-01T00:00:00,M,34,215.28989999999976,40542.0,30174.999999999996,0.005310293029450934,31026.938539999963,2061.614059999994,0.006938805764624434,0.0,0.0
BC,past,2005-01-01T00:00:00,M,35,228.84043999999994,40542.0,30888.0,0.00564452765033792,31026.938539999963,2061.614059999994,0.007375540442218578,0.0,0.0
BC,past,2005-01-01T00:00:00,M,36,216.33338000000003,40542.0,30298.999999999996,0.005336031276207391,31026.938539999963,2061.614059999994,0.006972437184580838,0.0,0.0
BC,past,2005-01-01T00:00:00,M,37,248.0082999999977,40542.0,29726.999999999996,0.006117317843224253,31026.938539999963,2061.614059999994,0.007993321664019965,0.0,0.0
BC,past,2005-01-01T00:00:00,M,38,258.8441200000052,40542.0,29872.000000000004,0.006384591781362666,31026.938539999963,2061.614059999994,0.008342560761072289,0.0,0.0
BC,past,2005-01-01T00:00:00,M,39,323.58450999999695,40542.0,31190.999999999996,0.007981463913965689,31026.938539999963,2061.614059999994,0.010429147225815769,0.0,0.0
BC,past,2005-01-01T00:00:00,M,40,380.74519999999757,40542.0,33715.0,0.009391376843766898,31026.938539999963,2061.614059999994,0.012271439526949797,0.0,0.0
BC,past,2005-01-01T00:00:00,M,41,461.10145000000193,40542.0,35616.0,0.011373426323319075,31026.938539999963,2061.614059999994,0.014861326050765513,0.0,0.0
BC,past,2005-01-01T00:00:00,M,42,397.7492800000109,40542.0,36709.0,0.009810795718021088,31026.938539999963,2061.614059999994,0.012819481995854412,0.0,0.0
BC,past,2005-01-01T00:00:00,M,43,175.0867999999973,40542.0,34868.0,0.004318652261851841,31026.938539999963,2061.614059999994,0.005643057557041125,0.0,0.0
BC,past,2005-01-01T00:00:00,M,44,171.3715200000006,40542.0,34893.0,0.004227011987568462,31026.938539999963,2061.614059999994,0.005523313870592429,0.0,0.0
BC,past,2005-01-01T00:00:00,M,45,148.32481999999436,40542.0,34726.99999999999,0.0036585471856345115,31026.938539999963,2061.614059999994,0.0047805174142068136,0.0,0.0
BC,past,2005-01-01T00:00:00,M,46,176.2011599999969,40542.0,33783.0,0.004346138819002439,31026.938539999963,2061.614059999994,0.005678973443442967,0.0,0.0
BC,past,2005-01-01T00:00:00,M,47,172.2246399999931,40542.0,34257.99999999999,0.004248054856691655,31026.938539999963,2061.614059999994,0.005550809976883826,0.0,0.0
BC,past,2005-01-01T00:00:00,M,48,183.18366000000242,40542.0,33369.0,0.004518367618765784,31026.938539999963,2061.614059999994,0.0059040198169678215,0.0,0.0
BC,past,2005-01-01T00:00:00,M,49,188.83939999998984,40542.0,33259.99999999999,0.004657870849982483,31026.938539999963,2061.614059999994,0.006086304639967552,0.0,0.0
BC,past,2005-01-01T00:00:00,M,50,162.52047999999922,40542.0,32945.0,0.0040086941936756755,31026.938539999963,2061.614059999994,0.005238044346221192,0.0,0.0
BC,past,2005-01-01T00:00:00,M,51,122.1232799999998,40542.0,31907.999999999996,0.0030122657984312513,31026.938539999963,2061.614059999994,0.003936040284559765,0.0,0.0
BC,past,2005-01-01T00:00:00,M,52,87.32755000000543,40542.0,30934.0,0.0021540020225939874,31026.938539999963,2061.614059999994,0.0028145719207011886,0.0,0.0
BC,past,2005-01-01T00:00:00,M,53,-32.51921999999831,40542.0,30020.0,-0.0008021118839721354,31026.938539999963,2061.614059999994,0.0,0.015773670072854667,0.0010832518321118691
BC,past,2005-01-01T00:00:00,M,54,33.93294999999853,40542.0,29558.999999999996,0.0008369826352917598,31026.938539999963,2061.614059999994,0.0010936609152157287,0.0,0.0
BC,past,2005-01-01T00:00:00,M,55,101.5128799999984,40542.0,29499.999999999996,0.0025038942331409007,31026.938539999963,2061.614059999994,0.0032717659162256013,0.0,0.0
BC,past,2005-01-01T00:00:00,M,56,-11.449000000004162,40542.0,28114.999999999996,-0.00028239850032075775,31026.938539999963,2061.614059999994,0.0,0.005553415754258193,0.00040722034501170776
BC,past,2005-01-01T00:00:00,M,57,89.03995999999825,40542.0,28519.999999999996,0.002196239948695137,31026.938539999963,2061.614059999994,0.002869762992736387,0.0,0.0
BC,past,2005-01-01T00:00:00,M,58,207.81096000000252,40542.0,28717.0,0.005125819150510644,31026.938539999963,2061.614059999994,0.0066977591015656415,0.0,0.0
BC,past,2005-01-01T00:00:00,M,59,33.25250000000233,40542.0,23143.0,0.0008201988061763685,31026.938539999963,2061.614059999994,0.0010717299728793149,0.0,0.0
BC,past,2005-01-01T00:00:00,M,60,127.284169999999,40542.0,21985.999999999996,0.0031395631690592225,31026.938539999963,2061.614059999994,0.004102376063816419,0.0,0.0
BC,past,2005-01-01T00:00:00,M,61,197.92067999999927,40542.0,22158.0,0.004881867692763042,31026.938539999963,2061.614059999994,0.006378994812679947,0.0,0.0
BC,past,2005-01-01T00:00:00,M,62,148.10853000000134,40542.0,21245.0,0.003653212224359956,31026.938539999963,2061.614059999994,0.0047735463751623335,0.0,0.0
BC,past,2005-01-01T00:00:00,M,63,149.22030000000086,40542.0,19458.0,0.0036806348971437242,31026.938539999963,2061.614059999994,0.004809378785716351,0.0,0.0
BC,past,2005-01-01T00:00:00,M,64,136.58984000000055,40542.0,18548.0,0.003369094765921774,31026.938539999963,2061.614059999994,0.00440229833903557,0.0,0.0
BC,past,2005-01-01T00:00:00,M,65,108.88740999999936,40542.0,17346.0,0.0026857927581273584,31026.938539999963,2061.614059999994,0.003509447439025336,0.0,0.0
BC,past,2005-01-01T00:00:00,M,66,107.33772000000317,40542.0,16555.0,0.002647568447535967,31026.938539999963,2061.614059999994,0.0034595008418772375,0.0,0.0
BC,past,2005-01-01T00:00:00,M,67,81.95776999999907,40542.0,15946.999999999998,0.002021552217453482,31026.938539999963,2061.614059999994,0.0026415036048219524,0.0,0.0
BC,past,2005-01-01T00:00:00,M,68,92.9081299999998,40542.0,15296.0,0.0022916513738838688,31026.938539999963,2061.614059999994,0.0029944343326114026,0.0,0.0
BC,past,2005-01-01T00:00:00,M,69,65.77996000000167,40542.0,15202.0,0.0016225139361650059,31026.938539999963,2061.614059999994,0.002120091865177032,0.0,0.0
BC,past,2005-01-01T00:00:00,M,70,31.7852299999995,40542.0,14572.999999999998,0.0007840074490651547,31026.938539999963,2061.614059999994,0.001024439777035106,0.0,0.0
BC,past,2005-01-01T00:00:00,M,71,2.463629999998375,40542.0,14052.0,6.07673523752744e-05,31026.938539999963,2061.614059999994,7.94029355110966e-05,0.0,0.0
BC,past,2005-01-01T00:00:00,M,72,2.4085500000001048,40542.0,13911.0,5.940876128459634e-05,31026.938539999963,2061.614059999994,7.762770396747328e-05,0.0,0.0
BC,past,2005-01-01T00:00:00,M,73,1.7383200000003853,40542.0,13641.0,4.287701642741812e-05,31026.938539999963,2061.614059999994,5.602615281425015e-05,0.0,0.0
BC,past,2005-01-01T00:00:00,M,74,-17.131160000002637,40542.0,13366.999999999998,-0.0004225534014109476,31026.938539999963,2061.614059999994,0.0,0.008309586324805471,0.0012816009575823027
BC,past,2005-01-01T00:00:00,M,75,-40.28614000000016,40542.0,12426.0,-0.0009936890138621715,31026.938539999963,2061.614059999994,0.0,0.01954106773990486,0.0032420843392886012
BC,past,2005-01-01T00:00:00,M,76,-43.7970000000023,40542.0,11624.999999999998,-0.0010802871096641088,31026.938539999963,2061.614059999994,0.0,0.021244034395071224,0.0037674838709679404
BC,past,2005-01-01T00:00:00,M,77,-61.25246999999945,40542.0,10836.0,-0.001510839869764675,31026.938539999963,2061.614059999994,0.0,0.029710929503458872,0.005652682724252441
BC,past,2005-01-01T00:00:00,M,78,-67.37235999999757,40542.0,9911.0,-0.0016617917221646088,31026.938539999963,2061.614059999994,0.0,0.03267942400431523,0.006797735849056358
BC,past,2005-01-01T00:00:00,M,79,-77.48991999999998,40542.0,9173.0,-0.001911349218094815,31026.938539999963,2061.614059999994,0.0,0.03758701568032584,0.0084476092881282
BC,past,2005-01-01T00:00:00,M,80,-78.02531999999883,40542.0,8436.0,-0.0019245552760100348,31026.938539999963,2061.614059999994,0.0,0.03784671511213843,0.009249089615931582
BC,past,2005-01-01T00:00:00,M,81,-12.66298999999799,40542.0,7997.0,-0.00031234250900295964,31026.938539999963,2061.614059999994,0.0,0.006142269906714755,0.001583467550331123
BC,past,2005-01-01T00:00:00,M,82,-63.53930000000037,40542.0,7180.999999999999,-0.0015672463124660936,31026.938539999963,2061.614059999994,0.0,0.030820172035497542,0.008848252332544266
BC,past,2005-01-01T00:00:00,M,83,-20.949369999999362,40542.0,6680.999999999999,-0.0005167325242957763,31026.938539999963,2061.614059999994,0.0,0.010161635199557876,0.0031356638227809258
BC,past,2005-01-01T00:00:00,M,84,-31.924180000000888,40542.0,5836.999999999999,-0.0007874347590153641,31026.938539999963,2061.614059999994,0.0,0.01548504185114113,0.005469278739078447
BC,past,2005-01-01T00:00:00,M,85,-42.25899000000118,40542.0,5136.999999999999,-0.0010423508953677958,31026.938539999963,2061.614059999994,0.0,0.02049801212550971,0.008226394782947476
BC,past,2005-01-01T00:00:00,M,86,-98.9961000000003,40542.0,3637.9999999999995,-0.0024418158946278006,31026.938539999963,2061.614059999994,0.0,0.048018735378628816,0.02721168224299074
BC,past,2005-01-01T00:00:00,M,87,-62.40482999999904,40542.0,3053.0000000000005,-0.001539263726505822,31026.938539999963,2061.614059999994,0.0,0.03026988960290619,0.020440494595479537
BC,past,2005-01-01T00:00:00,M,88,-23.788280000000213,40542.0,2625.9999999999995,-0.000586756450101135,31026.938539999963,2061.614059999994,0.0,0.011538667911490807,0.00905875095201836
BC,past,2005-01-01T00:00:00,M,89,-68.24338000000034,40542.0,2209.9999999999995,-0.001683276108726761,31026.938539999963,2061.614059999994,0.0,0.03310191821256814,0.03087935746606351
BC,past,2005-01-01T00:00:00,M,90,-76.75327999999968,40542.0,1930.0,-0.0018931794188742459,31026.938539999963,2061.614059999994,0.0,0.03722970341015229,0.03976853886010346
BC,past,2005-01-01T00:00:00,M,91,-57.95490000000018,40542.0,1499.9999999999998,-0.00142950273790144,31026.938539999963,2061.614059999994,0.0,0.028111420621568885,0.038636600000000125
BC,past,2005-01-01T00:00:00,M,92,-31.114409999999907,40542.0,1113.0,-0.0007674611513985473,31026.938539999963,2061.614059999994,0.0,0.015092257374302151,0.027955444743935225
BC,past,2005-01-01T00:00:00,M,93,-32.29740000000004,40542.0,789.0,-0.0007966405209412471,31026.938539999963,2061.614059999994,0.0,0.015666074764740464,0.040934600760456324
BC,past,2005-01-01T00:00:00,M,94,-18.76242999999988,40542.0,532.0,-0.0004627899462285995,31026.938539999963,2061.614059999994,0.0,0.009100844995207268,0.03526772556390955
BC,past,2005-01-01T00:00:00,M,95,-12.05885000000012,40542.0,413.9999999999999,-0.00029744092546001976,31026.938539999963,2061.614059999994,0.0,0.005849227667762489,0.029127657004831217
BC,past,2005-01-01T00:00:00,M,96,-6.227570000000014,40542.0,285.99999999999994,-0.00015360786345024947,31026.938539999963,2061.614059999994,0.0,0.003020725421323539,0.021774720279720335
BC,past,2005-01-01T00:00:00,M,97,-15.328499999999963,40542.0,187.0,-0.0003780893887820029,31026.938539999963,2061.614059999994,0.0,0.007435193762696791,0.08197058823529392
BC,past,2005-01-01T00:00:00,M,98,-0.572469999999953,40542.0,129.0,-1.412041833160557e-05,31026.938539999963,2061.614059999994,0.0,0.0002776804888495738,0.0044377519379841315
BC,past,2005-01-01T00:00:00,M,99,3.21884,40542.0,86.0,7.939519510630951e-05,31026.938539999963,2061.614059999994,0.00010374339691459627,0.0,0.0
BC,past,2005-01-01T00:00:00,M,100,52.76226999999997,40542.0,97.99999999999996,0.0013014224754575494,31026.938539999963,2061.614059999994,0.0017005309734951387,0.0,0.0
BC,past,2006-01-01T00:00:00,F,1,320.84585000000516,41198.0,19883.0,0.00778789868440228,36611.829750000004,2619.5418300000206,0.008763447557548121,0.0,0.0
BC,past,2006-01-01T00:00:00,F,2,227.97940000000017,41198.0,20020.0,0.005533749211126758,36611.829750000004,2619.5418300000206,0.006226932703356628,0.0,0.0
BC,past,2006-01-01T00:00:00,F,3,98.79261999999653,41198.0,20014.999999999996,0.002397995533763691,36611.829750000004,2619.5418300000206,0.00269837974978556,0.0,0.0
BC,past,2006-01-01T00:00:00,F,4,248.5772799999977,41198.0,19963.0,0.00603372202534098,36611.829750000004,2619.5418300000206,0.00678953446733969,0.0,0.0
BC,past,2006-01-01T00:00:00,F,5,264.60559999999896,41198.0,20333.0,0.006422777804747778,36611.829750000004,2619.5418300000206,0.007227325206274317,0.0,0.0
BC,past,2006-01-01T00:00:00,F,6,212.45600000000195,41198.0,21011.0,0.005156949366474148,36611.829750000004,2619.5418300000206,0.00580293313529357,0.0,0.0
BC,past,2006-01-01T00:00:00,F,7,291.4989800000003,41198.0,21704.000000000004,0.007075561435021125,36611.829750000004,2619.5418300000206,0.007961879588932599,0.0,0.0
BC,past,2006-01-01T00:00:00,F,8,254.3006200000018,41198.0,21930.0,0.006172644788582014,36611.829750000004,2619.5418300000206,0.006945859350282862,0.0,0.0
BC,past,2006-01-01T00:00:00,F,9,257.35239999999976,41198.0,22796.000000000004,0.0062467207145977905,36611.829750000004,2619.5418300000206,0.007029214375716902,0.0,0.0
BC,past,2006-01-01T00:00:00,F,10,266.42716000000655,41198.0,24051.000000000004,0.006466992572455132,36611.829750000004,2619.5418300000206,0.007277078524052912,0.0,0.0
BC,past,2006-01-01T00:00:00,F,11,422.20939999999973,41198.0,24609.0,0.010248298461090337,36611.829750000004,2619.5418300000206,0.011532048599674254,0.0,0.0
BC,past,2006-01-01T00:00:00,F,12,380.47761999999057,41198.0,25005.999999999996,0.00923534200689331,36611.829750000004,2619.5418300000206,0.010392204448617883,0.0,0.0
BC,past,2006-01-01T00:00:00,F,13,280.51800000000003,41198.0,25579.0,0.006809019855332784,36611.829750000004,2619.5418300000206,0.007661949755461211,0.0,0.0
BC,past,2006-01-01T00:00:00,F,14,330.80481000000145,41198.0,26112.0,0.008029632749162616,36611.829750000004,2619.5418300000206,0.009035462369918876,0.0,0.0
BC,past,2006-01-01T00:00:00,F,15,372.37401999999565,41198.0,26747.999999999996,0.009038643138016302,36611.829750000004,2619.5418300000206,0.010170866152899544,0.0,0.0
BC,past,2006-01-01T00:00:00,F,16,404.9654900000023,41198.0,27361.000000000004,0.009829736637700915,36611.829750000004,2619.5418300000206,0.011061055750703153,0.0,0.0
BC,past,2006-01-01T00:00:00,F,17,564.0308000000041,41198.0,27432.000000000004,0.0136907325598331,36611.829750000004,2619.5418300000206,0.015405698208787394,0.0,0.0
BC,past,2006-01-01T00:00:00,F,18,357.00023000000874,41198.0,26669.000000000004,0.008665474780329354,36611.829750000004,2619.5418300000206,0.00975095296896514,0.0,0.0
BC,past,2006-01-01T00:00:00,F,19,637.2872800000005,41198.0,26827.999999999996,0.015468888781008798,36611.829750000004,2619.5418300000206,0.017406594654013445,0.0,0.0
BC,past,2006-01-01T00:00:00,F,20,642.1509999999944,41198.0,27803.999999999996,0.01558694596825075,36611.829750000004,2619.5418300000206,0.017539440240623164,0.0,0.0
BC,past,2006-01-01T00:00:00,F,21,429.0756800000054,41198.0,28407.0,0.010414963833195916,36611.829750000004,2619.5418300000206,0.011719591261346486,0.0,0.0
BC,past,2006-01-01T00:00:00,F,22,174.50239999999758,41198.0,28919.0,0.004235700762172862,36611.829750000004,2619.5418300000206,0.004766284591389415,0.0,0.0
BC,past,2006-01-01T00:00:00,F,23,55.126659999994445,41198.0,28916.0,0.0013380906840136523,36611.829750000004,2619.5418300000206,0.0015057062260045728,0.0,0.0
BC,past,2006-01-01T00:00:00,F,24,252.17202000000543,41198.0,29221.000000000004,0.006120977231904593,36611.829750000004,2619.5418300000206,0.006887719672082366,0.0,0.0
BC,past,2006-01-01T00:00:00,F,25,284.0256900000022,41198.0,28544.0,0.006894162095247396,36611.829750000004,2619.5418300000206,0.007757757313399563,0.0,0.0
BC,past,2006-01-01T00:00:00,F,26,399.9795599999961,41198.0,28111.0,0.009708713044322446,36611.829750000004,2619.5418300000206,0.010924872171951365,0.0,0.0
BC,past,2006-01-01T00:00:00,F,27,409.45314999999755,41198.0,27408.999999999996,0.009938665711927704,36611.829750000004,2619.5418300000206,0.011183629793864577,0.0,0.0
BC,past,2006-01-01T00:00:00,F,28,455.51767999999356,41198.0,26884.0,0.01105679110636423,36611.829750000004,2619.5418300000206,0.012441816842000188,0.0,0.0
BC,past,2006-01-01T00:00:00,F,29,554.8349699999926,41198.0,27126.0,0.013467521967085602,36611.829750000004,2619.5418300000206,0.015154527205786335,0.0,0.0
BC,past,2006-01-01T00:00:00,F,30,321.6287999999986,41198.0,26883.0,0.007806903247730438,36611.829750000004,2619.5418300000206,0.008784832721997418,0.0,0.0
BC,past,2006-01-01T00:00:00,F,31,326.4172399999952,41198.0,27307.999999999996,0.007923133161803856,36611.829750000004,2619.5418300000206,0.008915622142594367,0.0,0.0
BC,past,2006-01-01T00:00:00,F,32,287.03895999999804,41198.0,27271.000000000004,0.006967303267148843,36611.829750000004,2619.5418300000206,0.007840060493015867,0.0,0.0
BC,past,2006-01-01T00:00:00,F,33,252.79071000000113,41198.0,27940.0,0.006135994708481022,36611.829750000004,2619.5418300000206,0.006904618308512731,0.0,0.0
BC,past,2006-01-01T00:00:00,F,34,504.93787000000157,41198.0,28255.0,0.012256368513034651,36611.829750000004,2619.5418300000206,0.013791658965091783,0.0,0.0
BC,past,2006-01-01T00:00:00,F,35,1.5315200000004552,41198.0,30500.0,3.717462012720169e-05,36611.829750000004,2619.5418300000206,4.183128815080473e-05,0.0,0.0
BC,past,2006-01-01T00:00:00,F,36,208.0141500000027,41198.0,30979.0,0.0050491322394291644,36611.829750000004,2619.5418300000206,0.005681610327055634,0.0,0.0
BC,past,2006-01-01T00:00:00,F,37,214.38805999999386,41198.0,31084.999999999996,0.005203846303218454,36611.829750000004,2619.5418300000206,0.005855704603236713,0.0,0.0
BC,past,2006-01-01T00:00:00,F,38,268.6631599999964,41198.0,30635.000000000004,0.0065212670517985445,36611.829750000004,2619.5418300000206,0.00733815168033213,0.0,0.0
BC,past,2006-01-01T00:00:00,F,39,521.4214400000055,41198.0,30252.0,0.012656474586145093,36611.829750000004,2619.5418300000206,0.014241884209570418,0.0,0.0
BC,past,2006-01-01T00:00:00,F,40,238.46829000000434,41198.0,31991.000000000007,0.005788346278945686,36611.829750000004,2619.5418300000206,0.006513421799138688,0.0,0.0
BC,past,2006-01-01T00:00:00,F,41,310.71979999999894,41198.0,34070.0,0.007542108840234937,36611.829750000004,2619.5418300000206,0.008486868919737586,0.0,0.0
BC,past,2006-01-01T00:00:00,F,42,134.00450000000274,41198.0,36275.0,0.0032526943055488796,36611.829750000004,2619.5418300000206,0.003660142115677863,0.0,0.0
BC,past,2006-01-01T00:00:00,F,43,167.14304000000266,41198.0,36805.0,0.004057066847905302,36611.829750000004,2619.5418300000206,0.004565274151587647,0.0,0.0
BC,past,2006-01-01T00:00:00,F,44,438.5271500000017,41198.0,35639.0,0.010644379581533126,36611.829750000004,2619.5418300000206,0.011977744706955043,0.0,0.0
BC,past,2006-01-01T00:00:00,F,45,185.44059999999445,41198.0,35919.99999999999,0.004501203941938794,36611.829750000004,2619.5418300000206,0.005065045950072857,0.0,0.0
BC,past,2006-01-01T00:00:00,F,46,144.84539999999106,41198.0,35955.0,0.0035158357201803742,36611.829750000004,2619.5418300000206,0.003956245863401324,0.0,0.0
BC,past,2006-01-01T00:00:00,F,47,187.5298399999956,41198.0,35351.0,0.004551916112432536,36611.829750000004,2619.5418300000206,0.005122110565916077,0.0,0.0
BC,past,2006-01-01T00:00:00,F,48,121.59135999999853,41198.0,35359.0,0.0029513898732947846,36611.829750000004,2619.5418300000206,0.0033210948709821997,0.0,0.0
BC,past,2006-01-01T00:00:00,F,49,171.76537000000098,41198.0,34786.0,0.004169264770134497,36611.829750000004,2619.5418300000206,0.004691526514049764,0.0,0.0
BC,past,2006-01-01T00:00:00,F,50,215.0272799999948,41198.0,34172.0,0.005219362104956425,36611.829750000004,2619.5418300000206,0.005873163987385656,0.0,0.0
BC,past,2006-01-01T00:00:00,F,51,77.8012699999963,41198.0,34184.0,0.0018884720132044345,36611.829750000004,2619.5418300000206,0.0021250309129932595,0.0,0.0
BC,past,2006-01-01T00:00:00,F,52,139.85116000000926,41198.0,32900.00000000001,0.0033946104179816802,36611.829750000004,2619.5418300000206,0.0038198353088323657,0.0,0.0
BC,past,2006-01-01T00:00:00,F,53,169.29750000000058,41198.0,31809.000000000007,0.004109362104956565,36611.829750000004,2619.5418300000206,0.004624120158867519,0.0,0.0
BC,past,2006-01-01T00:00:00,F,54,206.80768000000535,41198.0,30568.000000000004,0.005019847565415927,36611.829750000004,2619.5418300000206,0.0056486573168336475,0.0,0.0
BC,past,2006-01-01T00:00:00,F,55,200.37019999999757,41198.0,30068.0,0.004863590465556521,36611.829750000004,2619.5418300000206,0.005472826716616029,0.0,0.0
BC,past,2006-01-01T00:00:00,F,56,109.70293999999922,41198.0,29828.0,0.0026628219816495755,36611.829750000004,2619.5418300000206,0.002996379605965998,0.0,0.0
BC,past,2006-01-01T00:00:00,F,57,259.5059999999903,41198.0,28874.999999999996,0.006298995096849127,36611.829750000004,2619.5418300000206,0.007088036893321079,0.0,0.0
BC,past,2006-01-01T00:00:00,F,58,210.35132000000158,41198.0,28727.000000000004,0.005105862420505888,36611.829750000004,2619.5418300000206,0.005745446797834559,0.0,0.0
BC,past,2006-01-01T00:00:00,F,59,-169.4697600000036,41198.0,28922.999999999996,-0.004113543375892121,36611.829750000004,2619.5418300000206,0.0,0.06469442788016187,0.005859342391868188
BC,past,2006-01-01T00:00:00,F,60,480.7556500000028,41198.0,23618.0,0.01166939293169578,36611.829750000004,2619.5418300000206,0.01313115605755822,0.0,0.0
BC,past,2006-01-01T00:00:00,F,61,318.11873999999443,41198.0,22520.0,0.007721703480751358,36611.829750000004,2619.5418300000206,0.00868896043088353,0.0,0.0
BC,past,2006-01-01T00:00:00,F,62,141.36060000000725,41198.0,22288.000000000004,0.003431249089761815,36611.829750000004,2619.5418300000206,0.003861063513221631,0.0,0.0
BC,past,2006-01-01T00:00:00,F,63,79.41771000000153,41198.0,21295.0,0.0019277078984417091,36611.829750000004,2619.5418300000206,0.0021691816700311604,0.0,0.0
BC,past,2006-01-01T00:00:00,F,64,286.87780000000566,41198.0,19834.000000000004,0.006963391426768427,36611.829750000004,2619.5418300000206,0.007835658637083158,0.0,0.0
BC,past,2006-01-01T00:00:00,F,65,101.4288000000015,41198.0,19465.0,0.002461983591436514,36611.829750000004,2619.5418300000206,0.002770383252970346,0.0,0.0
BC,past,2006-01-01T00:00:00,F,66,210.85337000000072,41198.0,17877.0,0.00511804869168408,36611.829750000004,2619.5418300000206,0.005759159578742461,0.0,0.0
BC,past,2006-01-01T00:00:00,F,67,145.9115700000002,41198.0,16866.0,0.0035417148890722902,36611.829750000004,2619.5418300000206,0.003985366778889279,0.0,0.0
BC,past,2006-01-01T00:00:00,F,68,107.15679999999702,41198.0,16629.999999999996,0.0026010194669643435,36611.829750000004,2619.5418300000206,0.0029268354171781597,0.0,0.0
BC,past,2006-01-01T00:00:00,F,69,116.14953000000423,41198.0,16013.000000000004,0.0028193002087481002,36611.829750000004,2619.5418300000206,0.003172459032862301,0.0,0.0
BC,past,2006-01-01T00:00:00,F,70,50.94850000000042,41198.0,15518.000000000002,0.0012366741103937186,36611.829750000004,2619.5418300000206,0.0013915857346627266,0.0,0.0
BC,past,2006-01-01T00:00:00,F,71,39.44083999999748,41198.0,14970.999999999998,0.0009573484149715393,36611.829750000004,2619.5418300000206,0.0010772703869026778,0.0,0.0
BC,past,2006-01-01T00:00:00,F,72,161.16309999999794,41198.0,14372.0,0.003911915626972133,36611.829750000004,2619.5418300000206,0.00440194060500344,0.0,0.0
BC,past,2006-01-01T00:00:00,F,73,-19.91135000000213,41198.0,14514.999999999998,-0.0004833086557600401,36611.829750000004,2619.5418300000206,0.0,0.007601081140209154,0.00137177747158127
BC,past,2006-01-01T00:00:00,F,74,64.87755999999717,41198.0,13924.999999999998,0.0015747745036166119,36611.829750000004,2619.5418300000206,0.0017720381757209817,0.0,0.0
BC,past,2006-01-01T00:00:00,F,75,-57.39220999999998,41198.0,13894.000000000002,-0.0013930824311859794,36611.829750000004,2619.5418300000206,0.0,0.021909255024188536,0.00413071901540233
BC,past,2006-01-01T00:00:00,F,76,-35.26814999999806,41198.0,13529.0,-0.0008560646147870785,36611.829750000004,2619.5418300000206,0.0,0.013463480367480057,0.0026068556434324826
BC,past,2006-01-01T00:00:00,F,77,5.467740000000049,41198.0,12885.000000000002,0.00013271857857177652,36611.829750000004,2619.5418300000206,0.00014934353287819624,0.0,0.0
BC,past,2006-01-01T00:00:00,F,78,-9.094499999999243,41198.0,12301.000000000002,-0.00022075100733043456,36611.829750000004,2619.5418300000206,0.0,0.003471790332128108,0.0007393301357612586
BC,past,2006-01-01T00:00:00,F,79,-30.881489999999758,41198.0,11981.0,-0.0007495871158794057,36611.829750000004,2619.5418300000206,0.0,0.011788889815132104,0.002577538602787727
BC,past,2006-01-01T00:00:00,F,80,-9.239050000000134,41198.0,11542.0,-0.00022425967279965373,36611.829750000004,2619.5418300000206,0.0,0.003526971737649275,0.0008004721885288628
BC,past,2006-01-01T00:00:00,F,81,-28.121080000000802,41198.0,11171.0,-0.0006825836205641246,36611.829750000004,2619.5418300000206,0.0,0.010735113934027379,0.002517328797780038
BC,past,2006-01-01T00:00:00,F,82,-80.13578000000052,41198.0,10711.0,-0.0019451376280402088,36611.829750000004,2619.5418300000206,0.0,0.030591525236304356,0.007481633834375924
BC,past,2006-01-01T00:00:00,F,83,-72.33965999999964,41198.0,9876.000000000002,-0.0017559022282634992,36611.829750000004,2619.5418300000206,0.0,0.02761538646626577,0.007324793438639087
BC,past,2006-01-01T00:00:00,F,84,-66.37052000000222,41198.0,9458.0,-0.0016110131559784993,36611.829750000004,2619.5418300000206,0.0,0.02533669027152038,0.007017394798054791
BC,past,2006-01-01T00:00:00,F,85,-127.39889999999832,41198.0,8718.000000000002,-0.0030923564250691375,36611.829750000004,2619.5418300000206,0.0,0.0486340391823395,0.014613317274604071
BC,past,2006-01-01T00:00:00,F,86,-84.08348000000024,41198.0,7719.000000000001,-0.0020409602407883936,36611.829750000004,2619.5418300000206,0.0,0.03209854450005083,0.010893053504339969
BC,past,2006-01-01T00:00:00,F,87,-52.595400000000154,41198.0,6084.0,-0.0012766493519102905,36611.829750000004,2619.5418300000206,0.0,0.020078091289727464,0.00864487179487182
BC,past,2006-01-01T00:00:00,F,88,-45.480789999998706,41198.0,5176.000000000001,-0.0011039562600125906,36611.829750000004,2619.5418300000206,0.0,0.017362116336198514,0.008786860510046117
BC,past,2006-01-01T00:00:00,F,89,-81.44512000000122,41198.0,4584.0,-0.001976919267925657,36611.829750000004,2619.5418300000206,0.0,0.031091360736163767,0.01776726003490428
BC,past,2006-01-01T00:00:00,F,90,-64.19660000000113,41198.0,3891.9999999999995,-0.0015582455459003137,36611.829750000004,2619.5418300000206,0.0,0.024506804688055172,0.016494501541624136
BC,past,2006-01-01T00:00:00,F,91,-105.49059999999963,41198.0,3487.0,-0.002560575756104656,36611.829750000004,2619.5418300000206,0.0,0.04027063007426715,0.030252537998279216
BC,past,2006-01-01T00:00:00,F,92,-22.184600000000046,41198.0,2844.0,-0.0005384873052089918,36611.829750000004,2619.5418300000206,0.0,0.008468885568435405,0.007800492264416331
BC,past,2006-01-01T00:00:00,F,93,-7.5172999999999774,41198.0,2186.0000000000005,-0.0001824675955143448,36611.829750000004,2619.5418300000206,0.0,0.0028697003093857516,0.0034388380603842523
BC,past,2006-01-01T00:00:00,F,94,-18.09692999999993,41198.0,1660.0,-0.00043926719743676704,36611.829750000004,2619.5418300000206,0.0,0.006908433296520326,0.01090176506024092
BC,past,2006-01-01T00:00:00,F,95,-12.416100000000142,41198.0,1262.0,-0.00030137628040196473,36611.829750000004,2619.5418300000206,0.0,0.0047397983333597096,0.009838431061806768
BC,past,2006-01-01T00:00:00,F,96,-22.833970000000022,41198.0,926.0,-0.0005542494781300069,36611.829750000004,2619.5418300000206,0.0,0.008716780063786896,0.0246587149028078
BC,past,2006-01-01T00:00:00,F,97,-10.792640000000006,41198.0,660.0,-0.00026196999854361875,36611.829750000004,2619.5418300000206,0.0,0.00412004873386577,0.016352484848484856
BC,past,2006-01-01T00:00:00,F,98,8.579050000000052,41198.0,459.00000000000006,0.0002082394776445471,36611.829750000004,2619.5418300000206,0.00023432453550071615,0.0,0.0
BC,past,2006-01-01T00:00:00,F,99,-5.064000000000021,41198.0,307.0,-0.00012291858828098503,36611.829750000004,2619.5418300000206,0.0,0.001933162487426277,0.016495114006514728
BC,past,2006-01-01T00:00:00,F,100,321.82982,41198.0,509.0,0.00781178261080635,36611.829750000004,2619.5418300000206,0.008790323297075856,0.0,0.0
BC,past,2006-01-01T00:00:00,M,1,415.29825999999593,41198.0,21214.0,0.010080544201174716,36611.829750000004,2619.5418300000206,0.011343280650975819,0.0,0.0
BC,past,2006-01-01T00:00:00,M,2,460.989880000001,41198.0,21479.0,0.011189617942618598,36611.829750000004,2619.5418300000206,0.01259128219342823,0.0,0.0
BC,past,2006-01-01T00:00:00,M,3,218.91832000000431,41198.0,21598.000000000004,0.005313809408223805,36611.829750000004,2619.5418300000206,0.005979442204742697,0.0,0.0
BC,past,2006-01-01T00:00:00,M,4,339.1794000000009,41198.0,21532.0,0.008232909364532281,36611.829750000004,2619.5418300000206,0.009264202371639206,0.0,0.0
BC,past,2006-01-01T00:00:00,M,5,350.3601600000002,41198.0,21804.0,0.008504300208748003,36611.829750000004,2619.5418300000206,0.009569588911354537,0.0,0.0
BC,past,2006-01-01T00:00:00,M,6,288.76408000000083,41198.0,22338.0,0.007009177144521599,36611.829750000004,2619.5418300000206,0.007887179689510077,0.0,0.0
BC,past,2006-01-01T00:00:00,M,7,296.57598000000144,41198.0,22808.999999999996,0.007198795572600647,36611.829750000004,2619.5418300000206,0.008100550615064558,0.0,0.0
BC,past,2006-01-01T00:00:00,M,8,369.37015999999494,41198.0,23204.0,0.008965730375260812,36611.829750000004,2619.5418300000206,0.010088819994034713,0.0,0.0
BC,past,2006-01-01T00:00:00,M,9,366.4429399999972,41198.0,24413.999999999996,0.008894677896985222,36611.829750000004,2619.5418300000206,0.010008867147646374,0.0,0.0
BC,past,2006-01-01T00:00:00,M,10,340.5008999999918,41198.0,25353.999999999996,0.008264986164376712,36611.829750000004,2619.5418300000206,0.009300297262525967,0.0,0.0
BC,past,2006-01-01T00:00:00,M,11,396.8157300000021,41198.0,26334.0,0.00963191732608384,36611.829750000004,2619.5418300000206,0.01083845666030942,0.0,0.0
BC,past,2006-01-01T00:00:00,M,12,380.349090000007,41198.0,26479.000000000004,0.009232222195252366,36611.829750000004,2619.5418300000206,0.010388693834675305,0.0,0.0
BC,past,2006-01-01T00:00:00,M,13,329.67129999999815,41198.0,27040.0,0.008002119034904562,36611.829750000004,2619.5418300000206,0.009004502158212895,0.0,0.0
BC,past,2006-01-01T00:00:00,M,14,347.83683999999994,41198.0,27750.0,0.008443051604446816,36611.829750000004,2619.5418300000206,0.009500668018374576,0.0,0.0
BC,past,2006-01-01T00:00:00,M,15,560.0553000000036,41198.0,28640.000000000004,0.013594235157046547,36611.829750000004,2619.5418300000206,0.015297113086788664,0.0,0.0
BC,past,2006-01-01T00:00:00,M,16,542.2540000000008,41198.0,29550.999999999996,0.013162143793388049,36611.829750000004,2619.5418300000206,0.01481089592360515,0.0,0.0
BC,past,2006-01-01T00:00:00,M,17,619.5508799999989,41198.0,29916.999999999996,0.015038372736540582,36611.829750000004,2619.5418300000206,0.016922150141922332,0.0,0.0
BC,past,2006-01-01T00:00:00,M,18,565.818719999992,41198.0,29340.999999999996,0.013734130783047527,36611.829750000004,2619.5418300000206,0.015454532697863645,0.0,0.0
BC,past,2006-01-01T00:00:00,M,19,827.3996399999996,41198.0,29334.000000000004,0.02008349046070197,36611.829750000004,2619.5418300000206,0.022599243076617866,0.0,0.0
BC,past,2006-01-01T00:00:00,M,20,101.05225000000428,41198.0,29482.000000000004,0.002452843584640135,36611.829750000004,2619.5418300000206,0.0027600983258697764,0.0,0.0
BC,past,2006-01-01T00:00:00,M,21,-35.488240000002406,41198.0,30065.0,-0.0008614068644109521,36611.829750000004,2619.5418300000206,0.0,0.013547498876932278,0.0011803838350241944
BC,past,2006-01-01T00:00:00,M,22,1.2990500000014435,41198.0,29567.0,3.1531870479184516e-05,36611.829750000004,2619.5418300000206,3.5481701102399655e-05,0.0,0.0
BC,past,2006-01-01T00:00:00,M,23,-97.52859999999782,41198.0,29561.0,-0.0023673139472789413,36611.829750000004,2619.5418300000206,0.0,0.03723116725339601,0.003299232096343081
BC,past,2006-01-01T00:00:00,M,24,-184.99636000000828,41198.0,29415.999999999996,-0.004490420894218367,36611.829750000004,2619.5418300000206,0.0,0.0706216476031638,0.006288970628229818
BC,past,2006-01-01T00:00:00,M,25,-56.79465000000346,41198.0,28680.0,-0.001378577843584724,36611.829750000004,2619.5418300000206,0.0,0.02168113879670439,0.001980287656903886
BC,past,2006-01-01T00:00:00,M,26,-81.82301999999618,41198.0,27788.0,-0.00198609204330298,36611.829750000004,2619.5418300000206,0.0,0.03123562260503988,0.002944545127392982
BC,past,2006-01-01T00:00:00,M,27,-44.24426000000312,41198.0,26955.0,-0.00107394193892915,36611.829750000004,2619.5418300000206,0.0,0.01689007577329001,0.0016414119829346364
BC,past,2006-01-01T00:00:00,M,28,190.89741000000504,41198.0,26324.0,0.004633657216369849,36611.829750000004,2619.5418300000206,0.0052140909455639815,0.0,0.0
BC,past,2006-01-01T00:00:00,M,29,303.4730000000054,41198.0,26750.0,0.0073662070974320456,36611.829750000004,2619.5418300000206,0.008288932896067708,0.0,0.0
BC,past,2006-01-01T00:00:00,M,30,375.8438600000045,41198.0,26411.0,0.009122866644011955,36611.829750000004,2619.5418300000206,0.010265639891980663,0.0,0.0
BC,past,2006-01-01T00:00:00,M,31,252.6902000000009,41198.0,26789.0,0.006133555026943078,36611.829750000004,2619.5418300000206,0.006901873020973525,0.0,0.0
BC,past,2006-01-01T00:00:00,M,32,254.12693000000218,41198.0,26885.0,0.006168428807223705,36611.829750000004,2619.5418300000206,0.006941115255240751,0.0,0.0
BC,past,2006-01-01T00:00:00,M,33,235.0192999999963,41198.0,27337.999999999996,0.005704628865478817,36611.829750000004,2619.5418300000206,0.006419217548120393,0.0,0.0
BC,past,2006-01-01T00:00:00,M,34,273.4522999999972,41198.0,28249.0,0.006637513956988135,36611.829750000004,2619.5418300000206,0.0074689602204325,0.0,0.0
BC,past,2006-01-01T00:00:00,M,35,99.32225000000471,41198.0,30236.0,0.0024108512549154016,36611.829750000004,2619.5418300000206,0.0027128458391240252,0.0,0.0
BC,past,2006-01-01T00:00:00,M,36,213.15439999999944,41198.0,31061.0,0.005173901645710943,36611.829750000004,2619.5418300000206,0.005822008936879191,0.0,0.0
BC,past,2006-01-01T00:00:00,M,37,312.29767000000356,41198.0,30571.0,0.007580408514976542,36611.829750000004,2619.5418300000206,0.008529966192143225,0.0,0.0
BC,past,2006-01-01T00:00:00,M,38,353.0232600000054,41198.0,30039.0,0.008568941696198975,36611.829750000004,2619.5418300000206,0.009642327696009385,0.0,0.0
BC,past,2006-01-01T00:00:00,M,39,370.31439999999566,41198.0,30199.0,0.008988649934462732,36611.829750000004,2619.5418300000206,0.010114610565182026,0.0,0.0
BC,past,2006-01-01T00:00:00,M,40,439.7222299999994,41198.0,31582.999999999996,0.010673387785814831,36611.829750000004,2619.5418300000206,0.012010386615544648,0.0,0.0
BC,past,2006-01-01T00:00:00,M,41,297.2926000000007,41198.0,33957.0,0.007216190106315857,36611.829750000004,2619.5418300000206,0.008120124070007746,0.0,0.0
BC,past,2006-01-01T00:00:00,M,42,280.6841599999898,41198.0,35833.99999999999,0.006813053060827948,36611.829750000004,2619.5418300000206,0.007666488179274617,0.0,0.0
BC,past,2006-01-01T00:00:00,M,43,57.380010000000766,41198.0,36697.0,0.0013927863003058588,36611.829750000004,2619.5418300000206,0.0015672532728305052,0.0,0.0
BC,past,2006-01-01T00:00:00,M,44,359.130720000001,41198.0,35156.0,0.008717188213020075,36611.829750000004,2619.5418300000206,0.009809144269824453,0.0,0.0
BC,past,2006-01-01T00:00:00,M,45,149.76460000000225,41198.0,34966.0,0.0036352395747366924,36611.829750000004,2619.5418300000206,0.004090606807216518,0.0,0.0
BC,past,2006-01-01T00:00:00,M,46,67.3029899999965,41198.0,34711.99999999999,0.0016336470216999975,36611.829750000004,2619.5418300000206,0.0018382853427312382,0.0,0.0
BC,past,2006-01-01T00:00:00,M,47,298.48447999999917,41198.0,33995.0,0.007245120636924103,36611.829750000004,2619.5418300000206,0.00815267857515368,0.0,0.0
BC,past,2006-01-01T00:00:00,M,48,148.55208000000857,41198.0,34312.0,0.0036058080489346223,36611.829750000004,2619.5418300000206,0.004057488549858903,0.0,0.0
BC,past,2006-01-01T00:00:00,M,49,282.77331000000413,41198.0,33552.0,0.006863763046749943,36611.829750000004,2619.5418300000206,0.007723550336896344,0.0,0.0
BC,past,2006-01-01T00:00:00,M,50,220.7624000000069,41198.0,33373.0,0.005358570804408149,36611.829750000004,2619.5418300000206,0.0060298106242561355,0.0,0.0
BC,past,2006-01-01T00:00:00,M,51,88.6369499999928,41198.0,32917.99999999999,0.002151486722656265,36611.829750000004,2619.5418300000206,0.0024209920838494225,0.0,0.0
BC,past,2006-01-01T00:00:00,M,52,205.56948000000193,41198.0,31992.0,0.004989792708383949,36611.829750000004,2619.5418300000206,0.005614837646840142,0.0,0.0
BC,past,2006-01-01T00:00:00,M,53,200.75741999999445,41198.0,31006.999999999996,0.0048729894655079,36611.829750000004,2619.5418300000206,0.005483403079574149,0.0,0.0
BC,past,2006-01-01T00:00:00,M,54,93.78979999999865,41198.0,29979.0,0.00227656196902759,36611.829750000004,2619.5418300000206,0.0025617348447327637,0.0,0.0
BC,past,2006-01-01T00:00:00,M,55,146.24792000000525,41198.0,29561.0,0.003549879120345775,36611.829750000004,2619.5418300000206,0.003994553700228687,0.0,0.0
BC,past,2006-01-01T00:00:00,M,56,54.645000000004075,41198.0,29398.0,0.0013263993397738744,36611.829750000004,2619.5418300000206,0.0014925503689146831,0.0,0.0
BC,past,2006-01-01T00:00:00,M,57,211.50470000000496,41198.0,28164.0,0.005133858439730204,36611.829750000004,2619.5418300000206,0.005776949730298714,0.0,0.0
BC,past,2006-01-01T00:00:00,M,58,58.675999999999476,41198.0,28398.999999999996,0.0014242438953347124,36611.829750000004,2619.5418300000206,0.0016026513943898002,0.0,0.0
BC,past,2006-01-01T00:00:00,M,59,-185.00138000000152,41198.0,28335.0,-0.004490542744793474,36611.829750000004,2619.5418300000206,0.0,0.07062356396881819,0.006529076407270214
BC,past,2006-01-01T00:00:00,M,60,488.3410699999986,41198.0,23458.0,0.011853514005534214,36611.829750000004,2619.5418300000206,0.013338341004385298,0.0,0.0
BC,past,2006-01-01T00:00:00,M,61,343.8454800000036,41198.0,22150.0,0.00834616923151618,36611.829750000004,2619.5418300000206,0.009391649703058164,0.0,0.0
BC,past,2006-01-01T00:00:00,M,62,193.87093999999706,41198.0,22153.999999999996,0.004705833778338683,36611.829750000004,2619.5418300000206,0.005295308683663838,0.0,0.0
BC,past,2006-01-01T00:00:00,M,63,93.56365000000005,41198.0,21131.0,0.0022710726248847046,36611.829750000004,2619.5418300000206,0.002555557879485661,0.0,0.0
BC,past,2006-01-01T00:00:00,M,64,259.0060199999971,41198.0,19508.999999999996,0.00628685907082861,36611.829750000004,2619.5418300000206,0.007074380651515977,0.0,0.0
BC,past,2006-01-01T00:00:00,M,65,141.01160000000164,41198.0,18472.0,0.003422777804747843,36611.829750000004,2619.5418300000206,0.0038515310751438643,0.0,0.0
BC,past,2006-01-01T00:00:00,M,66,214.37572,41198.0,17338.0,0.005203546774115248,36611.829750000004,2619.5418300000206,0.0058553675537071454,0.0,0.0
BC,past,2006-01-01T00:00:00,M,67,178.7632999999987,41198.0,16501.0,0.004339125685712868,36611.829750000004,2619.5418300000206,0.004882665008022405,0.0,0.0
BC,past,2006-01-01T00:00:00,M,68,151.90274000000136,41198.0,15853.0,0.0036871386960532393,36611.829750000004,2619.5418300000206,0.004149007056933595,0.0,0.0
BC,past,2006-01-01T00:00:00,M,69,133.9612799999977,41198.0,15170.999999999998,0.003251645225496328,36611.829750000004,2619.5418300000206,0.003658961622916366,0.0,0.0
BC,past,2006-01-01T00:00:00,M,70,-6.09078000000045,41198.0,14913.0,-0.000147841642798205,36611.829750000004,2619.5418300000206,0.0,0.0023251317960440443,0.0004084208408771173
BC,past,2006-01-01T00:00:00,M,71,44.163580000002185,41198.0,14319.0,0.0010719835914365305,36611.829750000004,2619.5418300000206,0.0012062653055465544,0.0,0.0
BC,past,2006-01-01T00:00:00,M,72,80.3105200000009,41198.0,13816.0,0.0019493790960726468,36611.829750000004,2619.5418300000206,0.0021935675039568567,0.0,0.0
BC,past,2006-01-01T00:00:00,M,73,14.853689999999915,41198.0,13581.0,0.0003605439584445826,36611.829750000004,2619.5418300000206,0.0004057073929772634,0.0,0.0
BC,past,2006-01-01T00:00:00,M,74,35.67211999999927,41198.0,13304.0,0.0008658701878731799,36611.829750000004,2619.5418300000206,0.0009743331661810555,0.0,0.0
BC,past,2006-01-01T00:00:00,M,75,-61.385959999997795,41198.0,12903.0,-0.001490022816641531,36611.829750000004,2619.5418300000206,0.0,0.023433853697994705,0.004757495156165062
BC,past,2006-01-01T00:00:00,M,76,-95.95976000000155,41198.0,11916.999999999998,-0.002329233457934889,36611.829750000004,2619.5418300000206,0.0,0.03663226862844209,0.008052342032390834
BC,past,2006-01-01T00:00:00,M,77,39.63749999999891,41198.0,11237.999999999998,0.000962121947667336,36611.829750000004,2619.5418300000206,0.0010826418747890878,0.0,0.0
BC,past,2006-01-01T00:00:00,M,78,-30.491840000000593,41198.0,10365.999999999998,-0.0007401291324821737,36611.829750000004,2619.5418300000206,0.0,0.011640142429029414,0.0029415242137758634
BC,past,2006-01-01T00:00:00,M,79,-58.491649999999936,41198.0,9408.0,-0.001419769163551627,36611.829750000004,2619.5418300000206,0.0,0.022328962007833054,0.006217224702380945
BC,past,2006-01-01T00:00:00,M,80,-37.652280000000246,41198.0,8680.0,-0.0009139346570221916,36611.829750000004,2619.5418300000206,0.0,0.014373612808465804,0.004337820276497724
BC,past,2006-01-01T00:00:00,M,81,-1.2730800000008458,41198.0,7970.999999999999,-3.09015000728396e-05,36611.829750000004,2619.5418300000206,0.0,0.0004859933845762775,0.0001597139631164027
BC,past,2006-01-01T00:00:00,M,82,-18.822760000000926,41198.0,7490.999999999999,-0.00045688528569350274,36611.829750000004,2619.5418300000206,0.0,0.0071855161022570035,0.0025127165932453516
BC,past,2006-01-01T00:00:00,M,83,-24.85164000000077,41198.0,6670.999999999999,-0.0006032244283703279,36611.829750000004,2619.5418300000206,0.0,0.009487017811813516,0.0037253245390497336
BC,past,2006-01-01T00:00:00,M,84,-54.12543000000005,41198.0,6125.999999999999,-0.001313787805233265,36611.829750000004,2619.5418300000206,0.0,0.020662174346725216,0.008835362389813918
BC,past,2006-01-01T00:00:00,M,85,-60.01137999999992,41198.0,5290.999999999999,-0.0014566576047380922,36611.829750000004,2619.5418300000206,0.0,0.022909113079518737,0.011342162162162148
BC,past,2006-01-01T00:00:00,M,86,-41.62201999999979,41198.0,4620.0,-0.0010102922471964609,36611.829750000004,2619.5418300000206,0.0,0.015889045757287817,0.009009095238095193
BC,past,2006-01-01T00:00:00,M,87,4.422959999999875,41198.0,3267.9999999999995,0.0001073586096412417,36611.829750000004,2619.5418300000206,0.00012080685478441227,0.0,0.0
BC,past,2006-01-01T00:00:00,M,88,4.690619999999399,41198.0,2708.0,0.00011385552696731392,36611.829750000004,2619.5418300000206,0.0001281176065776772,0.0,0.0
BC,past,2006-01-01T00:00:00,M,89,-11.00117999999975,41198.0,2280.0,-0.00026703189475216633,36611.829750000004,2619.5418300000206,0.0,0.004199658075320623,0.004825078947368311
BC,past,2006-01-01T00:00:00,M,90,-69.78219999999942,41198.0,1826.0000000000002,-0.001693824942958382,36611.829750000004,2619.5418300000206,0.0,0.02663908596565487,0.03821588170865247
BC,past,2006-01-01T00:00:00,M,91,-38.94060000000013,41198.0,1585.0,-0.0009452060779649529,36611.829750000004,2619.5418300000206,0.0,0.01486542400431904,0.024568201892744564
BC,past,2006-01-01T00:00:00,M,92,-40.27999999999997,41198.0,1194.9999999999998,-0.0009777173649206266,36611.829750000004,2619.5418300000206,0.0,0.015376734793351117,0.03370711297071128
BC,past,2006-01-01T00:00:00,M,93,0.4913299999998344,41198.0,895.9999999999999,1.1926064372052877e-05,36611.829750000004,2619.5418300000206,1.3419979371553653e-05,0.0,0.0
BC,past,2006-01-01T00:00:00,M,94,-19.144080000000145,41198.0,599.9999999999999,-0.0004646846934317235,36611.829750000004,2619.5418300000206,0.0,0.007308178774148452,0.03190680000000025
BC,past,2006-01-01T00:00:00,M,95,13.530719999999974,41198.0,420.0,0.00032843147725617687,36611.829750000004,2619.5418300000206,0.0003695723511333102,0.0,0.0
BC,past,2006-01-01T00:00:00,M,96,-16.787919999999986,41198.0,292.99999999999994,-0.0004074935676489146,36611.829750000004,2619.5418300000206,0.0,0.006408723772889648,0.057296655290102354
BC,past,2006-01-01T00:00:00,M,97,-9.130779999999987,41198.0,198.99999999999997,-0.00022163163260352414,36611.829750000004,2619.5418300000206,0.0,0.0034856400823345185,0.045883316582914516
BC,past,2006-01-01T00:00:00,M,98,5.848969999999952,41198.0,137.99999999999997,0.00014197218311568405,36611.829750000004,2619.5418300000206,0.00015975628751523817,0.0,0.0
BC,past,2006-01-01T00:00:00,M,99,2.595010000000002,41198.0,91.0,6.298873731734555e-05,36611.829750000004,2619.5418300000206,7.087900325440582e-05,0.0,0.0
BC,past,2006-01-01T00:00:00,M,100,67.91406,41198.0,125.0,0.001648479537841643,36611.829750000004,2619.5418300000206,0.0018549758497115266,0.0,0.0
BC,past,2007-01-01T00:00:00,F,1,351.4982500000042,42394.0,20446.0,0.00829122635278587,39848.109379999994,3242.276639999983,0.008820951745741374,0.0,0.0
BC,past,2007-01-01T00:00:00,F,2,279.1754299999993,42394.0,20158.0,0.00658525805538518,39848.109379999994,3242.276639999983,0.007005989351658404,0.0,0.0
BC,past,2007-01-01T00:00:00,F,3,247.8038000000015,42394.0,20264.0,0.005845256404208178,39848.109379999994,3242.276639999983,0.006218709089480057,0.0,0.0
BC,past,2007-01-01T00:00:00,F,4,295.4025500000025,42394.0,20307.0,0.0069680273151861705,39848.109379999994,3242.276639999983,0.007413213690591475,0.0,0.0
BC,past,2007-01-01T00:00:00,F,5,295.9944499999983,42394.0,20256.0,0.0069819891965843825,39848.109379999994,3242.276639999983,0.007428067594809397,0.0,0.0
BC,past,2007-01-01T00:00:00,F,6,369.64329,42394.0,20700.0,0.008719235976789167,39848.109379999994,3242.276639999983,0.009276306849968802,0.0,0.0
BC,past,2007-01-01T00:00:00,F,7,331.52131999999983,42394.0,21340.0,0.007820005661178464,39848.109379999994,3242.276639999983,0.008319624824318325,0.0,0.0
BC,past,2007-01-01T00:00:00,F,8,348.3874399999986,42394.0,22050.0,0.008217847808652135,39848.109379999994,3242.276639999983,0.008742885055792795,0.0,0.0
BC,past,2007-01-01T00:00:00,F,9,444.1929999999993,42394.0,22372.0,0.010477732698023288,39848.109379999994,3242.276639999983,0.011147153702176456,0.0,0.0
BC,past,2007-01-01T00:00:00,F,10,480.0516399999942,42394.0,23273.999999999996,0.011323575034202817,39848.109379999994,3242.276639999983,0.012047036797207122,0.0,0.0
BC,past,2007-01-01T00:00:00,F,11,621.1645899999967,42394.0,24670.0,0.014652181676652278,39848.109379999994,3242.276639999983,0.015588307693005956,0.0,0.0
BC,past,2007-01-01T00:00:00,F,12,291.4608999999982,42394.0,24898.0,0.00687505071472374,39848.109379999994,3242.276639999983,0.007314296826997875,0.0,0.0
BC,past,2007-01-01T00:00:00,F,13,170.7506600000088,42394.0,25174.000000000004,0.004027708166250149,39848.109379999994,3242.276639999983,0.004285037926685414,0.0,0.0
BC,past,2007-01-01T00:00:00,F,14,132.32527000000118,42394.0,25708.000000000004,0.003121320705760277,39848.109379999994,3242.276639999983,0.0033207414870833505,0.0,0.0
BC,past,2007-01-01T00:00:00,F,15,-14.822079999998095,42394.0,26093.0,-0.00034962683398589647,39848.109379999994,3242.276639999983,0.0,0.004571503806041107,0.0005680481355151994
BC,past,2007-01-01T00:00:00,F,16,90.88456000000588,42394.0,26833.000000000004,0.0021438071425203065,39848.109379999994,3242.276639999983,0.0022807747071087237,0.0,0.0
BC,past,2007-01-01T00:00:00,F,17,255.20829999999478,42394.0,27608.0,0.006019915554087719,39848.109379999994,3242.276639999983,0.006404527190142811,0.0,0.0
BC,past,2007-01-01T00:00:00,F,18,98.32687999999325,42394.0,27520.999999999996,0.0023193583997733937,39848.109379999994,3242.276639999983,0.0024675419117712043,0.0,0.0
BC,past,2007-01-01T00:00:00,F,19,856.3341499999915,42394.0,27515.999999999996,0.02019941854979458,39848.109379999994,3242.276639999983,0.021489956821635074,0.0,0.0
BC,past,2007-01-01T00:00:00,F,20,878.5849600000038,42394.0,27698.0,0.02072427607680341,39848.109379999994,3242.276639999983,0.022048347429024347,0.0,0.0
BC,past,2007-01-01T00:00:00,F,21,868.6192400000036,42394.0,28664.0,0.020489202245600878,39848.109379999994,3242.276639999983,0.02179825476076335,0.0,0.0
BC,past,2007-01-01T00:00:00,F,22,557.2380300000041,42394.0,28956.000000000004,0.013144266405623533,39848.109379999994,3242.276639999983,0.01398405190786003,0.0,0.0
BC,past,2007-01-01T00:00:00,F,23,415.09732000000076,42394.0,29326.000000000004,0.009791416709911798,39848.109379999994,3242.276639999983,0.010416989073221642,0.0,0.0
BC,past,2007-01-01T00:00:00,F,24,335.8073199999999,42394.0,29244.0,0.00792110487333113,39848.109379999994,3242.276639999983,0.008427183252225854,0.0,0.0
BC,past,2007-01-01T00:00:00,F,25,379.8896699999932,42394.0,29592.999999999996,0.008960930084445751,39848.109379999994,3242.276639999983,0.009533442763301139,0.0,0.0
BC,past,2007-01-01T00:00:00,F,26,529.4214400000055,42394.0,29066.000000000004,0.012488121904043156,39848.109379999994,3242.276639999983,0.013285986417858142,0.0,0.0
BC,past,2007-01-01T00:00:00,F,27,369.58997000000454,42394.0,28473.000000000004,0.00871797825163949,39848.109379999994,3242.276639999983,0.009274968768919912,0.0,0.0
BC,past,2007-01-01T00:00:00,F,28,371.6745200000005,42394.0,27773.0,0.008767149124876174,39848.109379999994,3242.276639999983,0.009327281162968956,0.0,0.0
BC,past,2007-01-01T00:00:00,F,29,467.79636000000755,42394.0,27344.000000000007,0.011034494503939415,39848.109379999994,3242.276639999983,0.011739486948778487,0.0,0.0
BC,past,2007-01-01T00:00:00,F,30,385.40906000000905,42394.0,27503.000000000007,0.009091122800396496,39848.109379999994,3242.276639999983,0.009671953475249398,0.0,0.0
BC,past,2007-01-01T00:00:00,F,31,506.14022000000114,42394.0,27380.0,0.011938958814926667,39848.109379999994,3242.276639999983,0.012701737369101782,0.0,0.0
BC,past,2007-01-01T00:00:00,F,32,462.37704000000303,42394.0,27759.999999999996,0.01090666226352793,39848.109379999994,3242.276639999983,0.011603487522850278,0.0,0.0
BC,past,2007-01-01T00:00:00,F,33,390.45381999999154,42394.0,27649.999999999996,0.009210119828277387,39848.109379999994,3242.276639999983,0.00979855320804662,0.0,0.0
BC,past,2007-01-01T00:00:00,F,34,436.8524000000034,42394.0,28364.000000000004,0.010304580836910963,39848.109379999994,3242.276639999983,0.010962939190767787,0.0,0.0
BC,past,2007-01-01T00:00:00,F,35,444.1275000000023,42394.0,28685.000000000004,0.010476187668066291,39848.109379999994,3242.276639999983,0.011145509960452793,0.0,0.0
BC,past,2007-01-01T00:00:00,F,36,634.4700000000012,42394.0,31118.0,0.01496603292918812,39848.109379999994,3242.276639999983,0.015922210861989992,0.0,0.0
BC,past,2007-01-01T00:00:00,F,37,475.277610000001,42394.0,31436.0,0.011210964051516748,39848.109379999994,3242.276639999983,0.011927231113216771,0.0,0.0
BC,past,2007-01-01T00:00:00,F,38,494.8943999999974,42394.0,31559.999999999996,0.011673689673066883,39848.109379999994,3242.276639999983,0.012419520215641345,0.0,0.0
BC,past,2007-01-01T00:00:00,F,39,397.4445000000014,42394.0,31011.000000000004,0.009375017691182748,39848.109379999994,3242.276639999983,0.009973986374356852,0.0,0.0
BC,past,2007-01-01T00:00:00,F,40,227.29404000000068,42394.0,30456.0,0.0053614671887531416,39848.109379999994,3242.276639999983,0.005704010642825653,0.0,0.0
BC,past,2007-01-01T00:00:00,F,41,255.19235000000117,42394.0,32219.000000000007,0.006019539321602141,39848.109379999994,3242.276639999983,0.006404126920211772,0.0,0.0
BC,past,2007-01-01T00:00:00,F,42,189.36650000000373,42394.0,34227.0,0.0044668231353494296,39848.109379999994,3242.276639999983,0.004752207895088943,0.0,0.0
BC,past,2007-01-01T00:00:00,F,43,282.0887500000026,42394.0,36519.0,0.00665397815728647,39848.109379999994,3242.276639999983,0.0070790999720951545,0.0,0.0
BC,past,2007-01-01T00:00:00,F,44,199.3257500000036,42394.0,36962.00000000001,0.004701744350615739,39848.109379999994,3242.276639999983,0.005002138196801036,0.0,0.0
BC,past,2007-01-01T00:00:00,F,45,138.26152999999613,42394.0,35732.0,0.0032613466528281392,39848.109379999994,3242.276639999983,0.003469713674029173,0.0,0.0
BC,past,2007-01-01T00:00:00,F,46,282.9288000000015,42394.0,36152.99999999999,0.0066737934613389045,39848.109379999994,3242.276639999983,0.007100181273393241,0.0,0.0
BC,past,2007-01-01T00:00:00,F,47,219.6516000000047,42394.0,36120.00000000001,0.005181195452186741,39848.109379999994,3242.276639999983,0.005512221368029298,0.0,0.0
BC,past,2007-01-01T00:00:00,F,48,174.68265999999858,42394.0,35467.0,0.00412045714016131,39848.109379999994,3242.276639999983,0.0043837126206964505,0.0,0.0
BC,past,2007-01-01T00:00:00,F,49,137.64620000000286,42394.0,35433.0,0.003246832098881985,39848.109379999994,3242.276639999983,0.0034542717870847924,0.0,0.0
BC,past,2007-01-01T00:00:00,F,50,35.83269999999902,42394.0,34754.0,0.0008452304571401382,39848.109379999994,3242.276639999983,0.0008992321231175818,0.0,0.0
BC,past,2007-01-01T00:00:00,F,51,12.102919999997539,42394.0,34112.0,0.0002854866254658098,39848.109379999994,3242.276639999983,0.0003037263295124377,0.0,0.0
BC,past,2007-01-01T00:00:00,F,52,-10.060480000000098,42394.0,34096.0,-0.00023730905316790343,39848.109379999994,3242.276639999983,0.0,0.003102906111059095,0.0002950633505396556
BC,past,2007-01-01T00:00:00,F,53,-108.06600000000253,42394.0,32711.000000000004,-0.0025490871349719895,39848.109379999994,3242.276639999983,0.0,0.03333028362441124,0.003303659319495048
BC,past,2007-01-01T00:00:00,F,54,-144.06997000000774,42394.0,31580.0,-0.003398357550596965,39848.109379999994,3242.276639999983,0.0,0.04443481725853241,0.004562063647878649
BC,past,2007-01-01T00:00:00,F,55,-97.65848000000551,42394.0,30382.0,-0.002303592017738489,39848.109379999994,3242.276639999983,0.0,0.030120341612801433,0.003214353235468551
BC,past,2007-01-01T00:00:00,F,56,-62.58647999999448,42394.0,29911.000000000004,-0.0014763051375193301,39848.109379999994,3242.276639999983,0.0,0.01930325106373243,0.0020924235231184005
BC,past,2007-01-01T00:00:00,F,57,11.713480000005802,42394.0,29738.000000000004,0.0002763004198708733,39848.109379999994,3242.276639999983,0.00029395321841504653,0.0,0.0
BC,past,2007-01-01T00:00:00,F,58,28.126250000004802,42394.0,28796.0,0.0006634488370997029,39848.109379999994,3242.276639999983,0.0007058364985848372,0.0,0.0
BC,past,2007-01-01T00:00:00,F,59,57.34434999999576,42394.0,28668.0,0.0013526524979948992,39848.109379999994,3242.276639999983,0.0014390732933687747,0.0,0.0
BC,past,2007-01-01T00:00:00,F,60,212.83966000000146,42394.0,29008.0,0.005020513751946064,39848.109379999994,3242.276639999983,0.005341273734478027,0.0,0.0
BC,past,2007-01-01T00:00:00,F,61,15.838760000002367,42394.0,23520.0,0.0003736085295089486,39848.109379999994,3242.276639999983,0.000397478330752423,0.0,0.0
BC,past,2007-01-01T00:00:00,F,62,37.6804000000011,42394.0,22439.0,0.0008888144548757159,39848.109379999994,3242.276639999983,0.0009456006969031539,0.0,0.0
BC,past,2007-01-01T00:00:00,F,63,34.82463999999527,42394.0,22194.0,0.0008214520922770975,39848.109379999994,3242.276639999983,0.0008739345615597503,0.0,0.0
BC,past,2007-01-01T00:00:00,F,64,45.797349999997095,42394.0,21206.0,0.0010802790489219487,39848.109379999994,3242.276639999983,0.0011492979394144873,0.0,0.0
BC,past,2007-01-01T00:00:00,F,65,-19.153700000002573,42394.0,19677.0,-0.0004518021418125813,39848.109379999994,3242.276639999983,0.0,0.005907484809810267,0.000973405498805843
BC,past,2007-01-01T00:00:00,F,66,53.71260000000257,42394.0,19370.000000000004,0.0012669858942303761,39848.109379999994,3242.276639999983,0.0013479334612286837,0.0,0.0
BC,past,2007-01-01T00:00:00,F,67,-9.654429999995045,42394.0,17717.000000000004,-0.00022773104684613497,39848.109379999994,3242.276639999983,0.0,0.0029776700361987297,0.000544924648642267
BC,past,2007-01-01T00:00:00,F,68,65.17915999999968,42394.0,16775.0,0.0015374619049865472,39848.109379999994,3242.276639999983,0.0016356901497744205,0.0,0.0
BC,past,2007-01-01T00:00:00,F,69,27.95860000000539,42394.0,16488.0,0.0006594942680569276,39848.109379999994,3242.276639999983,0.0007016292726308862,0.0,0.0
BC,past,2007-01-01T00:00:00,F,70,40.786769999998796,42394.0,15873.000000000002,0.0009620882672075953,39848.109379999994,3242.276639999983,0.0010235559637484313,0.0,0.0
BC,past,2007-01-01T00:00:00,F,71,34.664639999997235,42394.0,15358.999999999998,0.000817677973298043,39848.109379999994,3242.276639999983,0.0008699193146010492,0.0,0.0
BC,past,2007-01-01T00:00:00,F,72,-0.10077999999521126,42394.0,14764.000000000002,-2.3772231918481686e-06,39848.109379999994,3242.276639999983,0.0,3.108309721381818e-05,6.8260633971289115e-06
BC,past,2007-01-01T00:00:00,F,73,-51.820959999999104,42394.0,14100.0,-0.0012223654290701303,39848.109379999994,3242.276639999983,0.0,0.01598289281077489,0.0036752453900708586
BC,past,2007-01-01T00:00:00,F,74,-30.099849999996877,42394.0,14238.000000000002,-0.0007100025947067245,39848.109379999994,3242.276639999983,0.0,0.009283553916607509,0.00211405042843074
BC,past,2007-01-01T00:00:00,F,75,-37.678249999999025,42394.0,13624.0,-0.0008887637401518853,39848.109379999994,3242.276639999983,0.0,0.011620923870333045,0.002765579125073328
BC,past,2007-01-01T00:00:00,F,76,-17.670240000001286,42394.0,13584.000000000002,-0.00041680992593294536,39848.109379999994,3242.276639999983,0.0,0.005449948280786237,0.001300812720848151
BC,past,2007-01-01T00:00:00,F,77,-54.88024000000041,42394.0,13157.0,-0.0012945284710100583,39848.109379999994,3242.276639999983,0.0,0.016926452025389387,0.004171181880367896
BC,past,2007-01-01T00:00:00,F,78,-95.05725000000166,42394.0,12453.0,-0.002242233570788358,39848.109379999994,3242.276639999983,0.0,0.02931805658631342,0.007633281137075537
BC,past,2007-01-01T00:00:00,F,79,-40.68779000000177,42394.0,11901.0,-0.0009597535028542192,39848.109379999994,3242.276639999983,0.0,0.012549142012756191,0.003418854718091065
BC,past,2007-01-01T00:00:00,F,80,-66.700539999998,42394.0,11523.000000000002,-0.0015733485870641601,39848.109379999994,3242.276639999983,0.0,0.0205721310689881,0.005788470016488587
BC,past,2007-01-01T00:00:00,F,81,-66.90905999999995,42394.0,11053.0,-0.0015782672076237192,39848.109379999994,3242.276639999983,0.0,0.020636443903195224,0.006053475074640365
BC,past,2007-01-01T00:00:00,F,82,-72.98899999999958,42394.0,10640.0,-0.0017216823135349241,39848.109379999994,3242.276639999983,0.0,0.02251165094906891,0.006859868421052592
BC,past,2007-01-01T00:00:00,F,83,-81.97266999999738,42394.0,10136.000000000002,-0.0019335913100909888,39848.109379999994,3242.276639999983,0.0,0.025282441661115568,0.00808727999210708
BC,past,2007-01-01T00:00:00,F,84,-72.114520000001,42394.0,9293.0,-0.0017010548662546822,39848.109379999994,3242.276639999983,0.0,0.022241939231934682,0.0077600903906167
BC,past,2007-01-01T00:00:00,F,85,-86.44981999999982,42394.0,8821.0,-0.002039199415011554,39848.109379999994,3242.276639999983,0.0,0.026663307792267926,0.009800455730642763
BC,past,2007-01-01T00:00:00,F,86,-86.18638000000101,42394.0,8060.0,-0.0020329853281124926,39848.109379999994,3242.276639999983,0.0,0.026582056243048234,0.010693099255583252
BC,past,2007-01-01T00:00:00,F,87,1.1288100000001577,42394.0,7149.000000000001,2.6626645279996173e-05,39848.109379999994,3242.276639999983,2.832781824692326e-05,0.0,0.0
BC,past,2007-01-01T00:00:00,F,88,-48.56011999999919,42394.0,5527.000000000001,-0.0011454479407463128,39848.109379999994,3242.276639999983,0.0,0.014977167401730235,0.008785981545141881
BC,past,2007-01-01T00:00:00,F,89,-72.81624000000102,42394.0,4614.0,-0.001717607208567274,39848.109379999994,3242.276639999983,0.0,0.022458367401987447,0.015781586475943004
BC,past,2007-01-01T00:00:00,F,90,-110.42031999999972,42394.0,3983.0000000000005,-0.0026046214086899023,39848.109379999994,3242.276639999983,0.0,0.034056415371144975,0.02772290233492335
BC,past,2007-01-01T00:00:00,F,91,-64.78363999999965,42394.0,3355.0,-0.0015281322828702092,39848.109379999994,3242.276639999983,0.0,0.019980910697367262,0.019309579731743562
BC,past,2007-01-01T00:00:00,F,92,-68.40925000000016,42394.0,2940.0,-0.001613654054819082,39848.109379999994,3242.276639999983,0.0,0.021099140386737793,0.023268452380952435
BC,past,2007-01-01T00:00:00,F,93,0.05672000000049593,42394.0,2405.0000000000005,1.3379251781029374e-06,39848.109379999994,3242.276639999983,1.4234050468894777e-06,0.0,0.0
BC,past,2007-01-01T00:00:00,F,94,-27.521520000000237,42394.0,1781.0000000000002,-0.0006491843185356474,39848.109379999994,3242.276639999983,0.0,0.008488331828464946,0.015452846715328598
BC,past,2007-01-01T00:00:00,F,95,-17.19699999999989,42394.0,1324.0,-0.00040564702552247695,39848.109379999994,3242.276639999983,0.0,0.005303989113032618,0.012988670694863964
BC,past,2007-01-01T00:00:00,F,96,-7.4348600000000715,42394.0,994.0,-0.00017537528895598603,39848.109379999994,3242.276639999983,0.0,0.0022930985925988445,0.007479738430583573
BC,past,2007-01-01T00:00:00,F,97,-22.473979999999983,42394.0,694.0,-0.0005301217153370756,39848.109379999994,3242.276639999983,0.0,0.0069315430160210205,0.03238325648414983
BC,past,2007-01-01T00:00:00,F,98,-10.019600000000025,42394.0,487.0,-0.00023634476576874145,39848.109379999994,3242.276639999983,0.0,0.0030902976866280223,0.020574127310061655
BC,past,2007-01-01T00:00:00,F,99,-16.827350000000024,42394.0,319.0,-0.0003969276312685763,39848.109379999994,3242.276639999983,0.0,0.005189979717461774,0.0527503134796239
BC,past,2007-01-01T00:00:00,F,100,338.13131,42394.0,556.0,0.007975923715620135,39848.109379999994,3242.276639999983,0.00848550446334877,0.0,0.0
BC,past,2007-01-01T00:00:00,M,1,396.08636999999726,42394.0,21331.0,0.009342981789875861,39848.109379999994,3242.276639999983,0.0099399037034062,0.0,0.0
BC,past,2007-01-01T00:00:00,M,2,246.8792199999989,42394.0,21456.0,0.00582344718592251,39848.109379999994,3242.276639999983,0.006195506483022983,0.0,0.0
BC,past,2007-01-01T00:00:00,M,3,204.86621999999988,42394.0,21680.0,0.004832434306741518,39848.109379999994,3242.276639999983,0.005141177917535618,0.0,0.0
BC,past,2007-01-01T00:00:00,M,4,217.23969999999463,42394.0,21812.0,0.0051243029674009205,39848.109379999994,3242.276639999983,0.005451694029655232,0.0,0.0
BC,past,2007-01-01T00:00:00,M,5,224.79915999999866,42394.0,21754.0,0.005302617351511975,39848.109379999994,3242.276639999983,0.005641400896997806,0.0,0.0
BC,past,2007-01-01T00:00:00,M,6,275.39844000000085,42394.0,22077.0,0.0064961654951172535,39848.109379999994,3242.276639999983,0.006911204679091374,0.0,0.0
BC,past,2007-01-01T00:00:00,M,7,365.23379999999815,42394.0,22701.0,0.008615223852431905,39848.109379999994,3242.276639999983,0.009165649404267878,0.0,0.0
BC,past,2007-01-01T00:00:00,M,8,401.0528100000047,42394.0,23208.0,0.00946013138651707,39848.109379999994,3242.276639999983,0.01006453797281774,0.0,0.0
BC,past,2007-01-01T00:00:00,M,9,456.08836000000156,42394.0,23658.0,0.01075832334764357,39848.109379999994,3242.276639999983,0.011445671252571774,0.0,0.0
BC,past,2007-01-01T00:00:00,M,10,719.9531200000056,42394.0,25132.000000000004,0.016982429589092927,39848.109379999994,3242.276639999983,0.018067434847018223,0.0,0.0
BC,past,2007-01-01T00:00:00,M,11,818.2818600000028,42394.0,26170.0,0.019301831862999545,39848.109379999994,3242.276639999983,0.020535023436035423,0.0,0.0
BC,past,2007-01-01T00:00:00,M,12,654.3700600000011,42394.0,26986.0,0.0154354403925084,39848.109379999994,3242.276639999983,0.016421608708202185,0.0,0.0
BC,past,2007-01-01T00:00:00,M,13,566.9126899999937,42394.0,27042.999999999996,0.013372474642637962,39848.109379999994,3242.276639999983,0.014226840339996924,0.0,0.0
BC,past,2007-01-01T00:00:00,M,14,464.7855999999956,42394.0,27500.999999999996,0.010963475963579649,39848.109379999994,3242.276639999983,0.01166393104294364,0.0,0.0
BC,past,2007-01-01T00:00:00,M,15,254.54999999999927,42394.0,27999.0,0.006004387413313187,39848.109379999994,3242.276639999983,0.006388006958437015,0.0,0.0
BC,past,2007-01-01T00:00:00,M,16,4.591999999993277,42394.0,28635.999999999996,0.00010831721470003484,39848.109379999994,3242.276639999983,0.00011523758771596901,0.0,0.0
BC,past,2007-01-01T00:00:00,M,17,-101.70204999999623,42394.0,29436.0,-0.002398972731990287,39848.109379999994,3242.276639999983,0.0,0.03136748072181674,0.0034550227612446063
BC,past,2007-01-01T00:00:00,M,18,-138.04979999998977,42394.0,29761.000000000004,-0.0032563523140064577,39848.109379999994,3242.276639999983,0.0,0.042578044790154146,0.00463861429387419
BC,past,2007-01-01T00:00:00,M,19,399.4189300000071,42394.0,29719.000000000004,0.009421591027032295,39848.109379999994,3242.276639999983,0.01002353527468678,0.0,0.0
BC,past,2007-01-01T00:00:00,M,20,98.34721999999601,42394.0,29408.0,0.002319838184648677,39848.109379999994,3242.276639999983,0.0024680523500409048,0.0,0.0
BC,past,2007-01-01T00:00:00,M,21,181.8286199999966,42394.0,29637.0,0.004289017785535609,39848.109379999994,3242.276639999983,0.004563042584179853,0.0,0.0
BC,past,2007-01-01T00:00:00,M,22,460.4636999999966,42394.0,30495.999999999996,0.010861529933481074,39848.109379999994,3242.276639999983,0.011555471693999769,0.0,0.0
BC,past,2007-01-01T00:00:00,M,23,400.15833999999813,42394.0,29936.999999999996,0.009439032410246689,39848.109379999994,3242.276639999983,0.010042090985647616,0.0,0.0
BC,past,2007-01-01T00:00:00,M,24,523.447830000001,42394.0,30054.0,0.012347214936075882,39848.109379999994,3242.276639999983,0.013136076921700145,0.0,0.0
BC,past,2007-01-01T00:00:00,M,25,386.710160000006,42394.0,29773.000000000004,0.0091218134641696,39848.109379999994,3242.276639999983,0.009704604961612009,0.0,0.0
BC,past,2007-01-01T00:00:00,M,26,454.10639999999694,42394.0,29105.999999999996,0.010711572392319596,39848.109379999994,3242.276639999983,0.011395933384681875,0.0,0.0
BC,past,2007-01-01T00:00:00,M,27,523.6764799999983,42394.0,28285.0,0.012352608387979391,39848.109379999994,3242.276639999983,0.013141814960557066,0.0,0.0
BC,past,2007-01-01T00:00:00,M,28,580.0681499999992,42394.0,27510.0,0.0136827888380431,39848.109379999994,3242.276639999983,0.01455698046972183,0.0,0.0
BC,past,2007-01-01T00:00:00,M,29,535.9548399999949,42394.0,26835.999999999996,0.012642233334905762,39848.109379999994,3242.276639999983,0.01344994400835975,0.0,0.0
BC,past,2007-01-01T00:00:00,M,30,511.80749999999534,42394.0,27237.999999999996,0.012072639996225772,39848.109379999994,3242.276639999983,0.012843959424004056,0.0,0.0
BC,past,2007-01-01T00:00:00,M,31,553.9775700000027,42394.0,26942.0,0.013067357880832258,39848.109379999994,3242.276639999983,0.01390222970724045,0.0,0.0
BC,past,2007-01-01T00:00:00,M,32,494.30643000000055,42394.0,27260.0,0.01165982049346607,39848.109379999994,3242.276639999983,0.01240476493592682,0.0,0.0
BC,past,2007-01-01T00:00:00,M,33,391.65880000000107,42394.0,27253.0,0.009238543190074092,39848.109379999994,3242.276639999983,0.009828792534799078,0.0,0.0
BC,past,2007-01-01T00:00:00,M,34,444.15096000000267,42394.0,27756.999999999996,0.01047674104826161,39848.109379999994,3242.276639999983,0.011146098696038128,0.0,0.0
BC,past,2007-01-01T00:00:00,M,35,362.9665099999984,42394.0,28583.999999999996,0.008561742463556125,39848.109379999994,3242.276639999983,0.009108751096285974,0.0,0.0
BC,past,2007-01-01T00:00:00,M,36,458.65487999999823,42394.0,30662.0,0.010818863046657504,39848.109379999994,3242.276639999983,0.011510078825225267,0.0,0.0
BC,past,2007-01-01T00:00:00,M,37,360.9625899999992,42394.0,31385.0,0.008514473510402396,39848.109379999994,3242.276639999983,0.009058462135751125,0.0,0.0
BC,past,2007-01-01T00:00:00,M,38,372.04801000000225,42394.0,30903.0,0.008775959097985618,39848.109379999994,3242.276639999983,0.009336654004135398,0.0,0.0
BC,past,2007-01-01T00:00:00,M,39,337.95576999999685,42394.0,30333.999999999996,0.007971783035335115,39848.109379999994,3242.276639999983,0.008481099235529073,0.0,0.0
BC,past,2007-01-01T00:00:00,M,40,292.80845000000045,42394.0,30445.0,0.006906837052413088,39848.109379999994,3242.276639999983,0.007348113989743332,0.0,0.0
BC,past,2007-01-01T00:00:00,M,41,171.74360999999772,42394.0,31701.999999999996,0.004051130112751751,39848.109379999994,3242.276639999983,0.004309956298358206,0.0,0.0
BC,past,2007-01-01T00:00:00,M,42,102.78302999999141,42394.0,33998.99999999999,0.002424471151577851,39848.109379999994,3242.276639999983,0.002579370303866382,0.0,0.0
BC,past,2007-01-01T00:00:00,M,43,95.80128000000695,42394.0,35861.0,0.0022597839316886104,39848.109379999994,3242.276639999983,0.0024041612385276726,0.0,0.0
BC,past,2007-01-01T00:00:00,M,44,180.59581999998773,42394.0,36801.99999999999,0.004259938198801428,39848.109379999994,3242.276639999983,0.004532105106362458,0.0,0.0
BC,past,2007-01-01T00:00:00,M,45,190.0463200000013,42394.0,35268.0,0.0044828588951266995,39848.109379999994,3242.276639999983,0.004769268177510742,0.0,0.0
BC,past,2007-01-01T00:00:00,M,46,401.56874000000244,42394.0,35284.0,0.009472301269047564,39848.109379999994,3242.276639999983,0.010077485387589109,0.0,0.0
BC,past,2007-01-01T00:00:00,M,47,347.20984000000317,42394.0,34970.0,0.00819007029296606,39848.109379999994,3242.276639999983,0.008713332838176505,0.0,0.0
BC,past,2007-01-01T00:00:00,M,48,294.16615000000456,42394.0,34195.0,0.006938862810775217,39848.109379999994,3242.276639999983,0.007382185869717782,0.0,0.0
BC,past,2007-01-01T00:00:00,M,49,410.5928799999965,42394.0,34619.99999999999,0.009685164881822817,39848.109379999994,3242.276639999983,0.010303948829403574,0.0,0.0
BC,past,2007-01-01T00:00:00,M,50,293.3729600000006,42394.0,33737.0,0.006920152851818667,39848.109379999994,3242.276639999983,0.0073622805338726125,0.0,0.0
BC,past,2007-01-01T00:00:00,M,51,265.47176999999647,42394.0,33522.0,0.006262012784827959,39848.109379999994,3242.276639999983,0.006662091982041144,0.0,0.0
BC,past,2007-01-01T00:00:00,M,52,191.10086000000592,42394.0,32985.0,0.00450773364155319,39848.109379999994,3242.276639999983,0.004795732168310113,0.0,0.0
BC,past,2007-01-01T00:00:00,M,53,169.5273599999964,42394.0,32030.999999999996,0.003998852667830268,39848.109379999994,3242.276639999983,0.004254338854156108,0.0,0.0
BC,past,2007-01-01T00:00:00,M,54,124.05094000000463,42394.0,30994.0,0.002926143793933213,39848.109379999994,3242.276639999983,0.003113094747282202,0.0,0.0
BC,past,2007-01-01T00:00:00,M,55,156.8991999999962,42394.0,29991.999999999996,0.0037009765532857526,39848.109379999994,3242.276639999983,0.003937431472689765,0.0,0.0
BC,past,2007-01-01T00:00:00,M,56,193.01281000000017,42394.0,29600.0,0.004552833183941128,39848.109379999994,3242.276639999983,0.004843713114702362,0.0,0.0
BC,past,2007-01-01T00:00:00,M,57,233.3926799999972,42394.0,29464.999999999996,0.005505323394819956,39848.109379999994,3242.276639999983,0.005857057803528776,0.0,0.0
BC,past,2007-01-01T00:00:00,M,58,209.2085999999981,42394.0,28200.0,0.0049348634240694,39848.109379999994,3242.276639999983,0.005250151218090191,0.0,0.0
BC,past,2007-01-01T00:00:00,M,59,278.98931000000084,42394.0,28487.999999999996,0.006580867811482777,39848.109379999994,3242.276639999983,0.007001318615633675,0.0,0.0
BC,past,2007-01-01T00:00:00,M,60,324.56215000000157,42394.0,28453.0,0.007655851063829824,39848.109379999994,3242.276639999983,0.008144982410706322,0.0,0.0
BC,past,2007-01-01T00:00:00,M,61,119.256519999999,42394.0,23391.0,0.002813051846959452,39848.109379999994,3242.276639999983,0.002992777370257234,0.0,0.0
BC,past,2007-01-01T00:00:00,M,62,105.81899999999587,42394.0,22063.999999999996,0.002496084351559085,39848.109379999994,3242.276639999983,0.002655558862049979,0.0,0.0
BC,past,2007-01-01T00:00:00,M,63,128.57684000000518,42394.0,22073.0,0.0030329018257301784,39848.109379999994,3242.276639999983,0.00322667353609852,0.0,0.0
BC,past,2007-01-01T00:00:00,M,64,65.28322999999727,42394.0,20978.0,0.0015399167334999592,39848.109379999994,3242.276639999983,0.0016383018169680923,0.0,0.0
BC,past,2007-01-01T00:00:00,M,65,58.45170000000144,42394.0,19347.0,0.0013787729395669539,39848.109379999994,3242.276639999983,0.0014668625666174942,0.0,0.0
BC,past,2007-01-01T00:00:00,M,66,79.49863999999798,42394.0,18322.999999999996,0.001875233287729348,39848.109379999994,3242.276639999983,0.0019950417030299263,0.0,0.0
BC,past,2007-01-01T00:00:00,M,67,53.92989999999554,42394.0,17156.999999999996,0.0012721116195687017,39848.109379999994,3242.276639999983,0.0013533866685043602,0.0,0.0
BC,past,2007-01-01T00:00:00,M,68,82.20485999999983,42394.0,16338.0,0.0019390682643770304,39848.109379999994,3242.276639999983,0.002062955088184408,0.0,0.0
BC,past,2007-01-01T00:00:00,M,69,35.40389999999752,42394.0,15629.999999999998,0.0008351158182761127,39848.109379999994,3242.276639999983,0.0008884712612680929,0.0,0.0
BC,past,2007-01-01T00:00:00,M,70,23.5609000000004,42394.0,14922.999999999998,0.0005557602490918621,39848.109379999994,3242.276639999983,0.0005912677004401559,0.0,0.0
BC,past,2007-01-01T00:00:00,M,71,52.48783999999978,42394.0,14672.0,0.0012380959569750383,39848.109379999994,3242.276639999983,0.0013171977495711187,0.0,0.0
BC,past,2007-01-01T00:00:00,M,72,6.006349999997838,42394.0,14014.999999999998,0.00014167924706321266,39848.109379999994,3242.276639999983,0.00015073111606676279,0.0,0.0
BC,past,2007-01-01T00:00:00,M,73,-42.62656000000243,42394.0,13443.999999999998,-0.0010054856819361802,39848.109379999994,3242.276639999983,0.0,0.013147107644708148,0.0031706753942280894
BC,past,2007-01-01T00:00:00,M,74,-32.227130000001125,42394.0,13191.999999999998,-0.0007601813935934595,39848.109379999994,3242.276639999983,0.0,0.009939660793411291,0.0024429298059430813
BC,past,2007-01-01T00:00:00,M,75,-23.583119999999326,42394.0,12895.0,-0.0005562843798650593,39848.109379999994,3242.276639999983,0.0,0.007273629803531956,0.001828857696781646
BC,past,2007-01-01T00:00:00,M,76,-32.49109000000135,42394.0,12457.999999999998,-0.0007664077463792364,39848.109379999994,3242.276639999983,0.0,0.010021072723764101,0.002608050248836198
BC,past,2007-01-01T00:00:00,M,77,-71.09155999999894,42394.0,11425.0,-0.0016769250365617524,39848.109379999994,3242.276639999983,0.0,0.02192643253291283,0.006222456017505378
BC,past,2007-01-01T00:00:00,M,78,-37.04371999999785,42394.0,10762.0,-0.0008737962919280523,39848.109379999994,3242.276639999983,0.0,0.011425218793174305,0.003442085114290824
BC,past,2007-01-01T00:00:00,M,79,-81.98147999999856,42394.0,9836.0,-0.0019337991225173033,39848.109379999994,3242.276639999983,0.0,0.025285158887613915,0.008334839365595623
BC,past,2007-01-01T00:00:00,M,80,-40.63904000000184,42394.0,8916.999999999998,-0.0009586035759777761,39848.109379999994,3242.276639999983,0.0,0.012534106281567033,0.0045574789727488895
BC,past,2007-01-01T00:00:00,M,81,-73.43920000000071,42394.0,8146.0,-0.001732301740812396,39848.109379999994,3242.276639999983,0.0,0.0226505039989435,0.009015369506506348
BC,past,2007-01-01T00:00:00,M,82,-46.747229999999035,42394.0,7455.0,-0.0011026850497711713,39848.109379999994,3242.276639999983,0.0,0.014418026340898314,0.006270587525150776
BC,past,2007-01-01T00:00:00,M,83,-86.38824000000022,42394.0,6914.999999999999,-0.002037746850969482,39848.109379999994,3242.276639999983,0.0,0.026644314965055132,0.012492876355748406
BC,past,2007-01-01T00:00:00,M,84,-104.41855999999916,42394.0,6082.0,-0.0024630504316648385,39848.109379999994,3242.276639999983,0.0,0.03220532101171962,0.017168457744162965
BC,past,2007-01-01T00:00:00,M,85,-81.08045999999922,42394.0,5550.0,-0.0019125456432513852,39848.109379999994,3242.276639999983,0.0,0.02500726156420744,0.01460909189189175
BC,past,2007-01-01T00:00:00,M,86,-101.18036999999913,42394.0,4714.0,-0.0023866672170589974,39848.109379999994,3242.276639999983,0.0,0.031206581434704367,0.02146380356385217
BC,past,2007-01-01T00:00:00,M,87,-63.12220000000025,42394.0,4093.9999999999995,-0.0014889418313912405,39848.109379999994,3242.276639999983,0.0,0.01946848064142996,0.015418221787982475
BC,past,2007-01-01T00:00:00,M,88,-60.89903999999933,42394.0,2842.0,-0.0014365013917063579,39848.109379999994,3242.276639999983,0.0,0.018782801951162206,0.021428233638282664
BC,past,2007-01-01T00:00:00,M,89,-64.36655999999994,42394.0,2306.0,-0.001518294098221445,39848.109379999994,3242.276639999983,0.0,0.0198522726919441,0.02791264527320032
BC,past,2007-01-01T00:00:00,M,90,-75.48720000000048,42394.0,1886.9999999999995,-0.001780610463744881,39848.109379999994,3242.276639999983,0.0,0.023282158921516603,0.040003815580286435
BC,past,2007-01-01T00:00:00,M,91,-8.746579999999994,42394.0,1533.0000000000002,-0.00020631645987639747,39848.109379999994,3242.276639999983,0.0,0.0026976661683008147,0.005705531637312454
BC,past,2007-01-01T00:00:00,M,92,-25.76475000000005,42394.0,1284.0,-0.0006077451997924246,39848.109379999994,3242.276639999983,0.0,0.007946499592952742,0.020066004672897233
BC,past,2007-01-01T00:00:00,M,93,-1.6996000000000322,42394.0,962.9999999999998,-4.009057885549918e-05,39848.109379999994,3242.276639999983,0.0,0.0005241995636745052,0.0017649013499481127
BC,past,2007-01-01T00:00:00,M,94,-21.331199999999967,42394.0,684.0,-0.00050316554229372,39848.109379999994,3242.276639999983,0.0,0.006579080802926205,0.031185964912280654
BC,past,2007-01-01T00:00:00,M,95,-11.737999999999886,42394.0,448.0,-0.0002768788036042809,39848.109379999994,3242.276639999983,0.0,0.003620295645099533,0.026200892857142603
BC,past,2007-01-01T00:00:00,M,96,-13.563600000000065,42394.0,299.99999999999994,-0.00031994150115582546,39848.109379999994,3242.276639999983,0.0,0.004183356790924582,0.045212000000000224
BC,past,2007-01-01T00:00:00,M,97,10.49296000000004,42394.0,222.99999999999997,0.00024751049676841156,39848.109379999994,3242.276639999983,0.00026332391080181384,0.0,0.0
BC,past,2007-01-01T00:00:00,M,98,-6.990530000000007,42394.0,132.99999999999997,-0.00016489432466858535,39848.109379999994,3242.276639999983,0.0,0.0021560559989723897,0.052560375939849684
BC,past,2007-01-01T00:00:00,M,99,-0.024920000000022924,42394.0,93.99999999999997,-5.878190309954928e-07,39848.109379999994,3242.276639999983,0.0,7.68595735866112e-06,0.00026510638297896737
BC,past,2007-01-01T00:00:00,M,100,75.02371999999994,42394.0,134.99999999999994,0.0017696777845921578,39848.109379999994,3242.276639999983,0.0018827422722759036,0.0,0.0
BC,past,2008-01-01T00:00:00,F,1,343.16008999999394,44090.0,20760.0,0.007783172828305601,47960.48225000004,3110.2149100000106,0.0071550592050186,0.0,0.0
BC,past,2008-01-01T00:00:00,F,2,245.88474000000133,44090.0,20688.0,0.005576882286232736,47960.48225000004,3110.2149100000106,0.005126819591143731,0.0,0.0
BC,past,2008-01-01T00:00:00,F,3,242.22528000000239,44090.0,20397.0,0.00549388251304156,47960.48225000004,3110.2149100000106,0.005050518023096029,0.0,0.0
BC,past,2008-01-01T00:00:00,F,4,275.83696000000054,44090.0,20537.0,0.0062562249943297924,47960.48225000004,3110.2149100000106,0.005751338332299616,0.0,0.0
BC,past,2008-01-01T00:00:00,F,5,312.4368399999985,44090.0,20617.0,0.00708634248128824,47960.48225000004,3110.2149100000106,0.0065144641034129355,0.0,0.0
BC,past,2008-01-01T00:00:00,F,6,343.2281600000024,44090.0,20597.0,0.007784716715808627,47960.48225000004,3110.2149100000106,0.007156478498503883,0.0,0.0
BC,past,2008-01-01T00:00:00,F,7,396.0699999999997,44090.0,21094.0,0.008983216148786567,47960.48225000004,3110.2149100000106,0.00825825724469231,0.0,0.0
BC,past,2008-01-01T00:00:00,F,8,344.1339999999982,44090.0,21682.0,0.007805261964164169,47960.48225000004,3110.2149100000106,0.007175365714759841,0.0,0.0
BC,past,2008-01-01T00:00:00,F,9,340.98449999999866,44090.0,22388.999999999996,0.007733828532547032,47960.48225000004,3110.2149100000106,0.007109697067318342,0.0,0.0
BC,past,2008-01-01T00:00:00,F,10,470.01348000000144,44090.0,22840.0,0.010660319346790688,47960.48225000004,3110.2149100000106,0.009800015720233944,0.0,0.0
BC,past,2008-01-01T00:00:00,F,11,433.09466000000975,44090.0,23705.000000000004,0.009822968019959395,47960.48225000004,3110.2149100000106,0.00903023989088453,0.0,0.0
BC,past,2008-01-01T00:00:00,F,12,223.4670000000042,44090.0,24891.000000000004,0.005068428215014837,47960.48225000004,3110.2149100000106,0.0046593985197053355,0.0,0.0
BC,past,2008-01-01T00:00:00,F,13,141.73877999999604,44090.0,25036.999999999996,0.0032147602630981185,47960.48225000004,3110.2149100000106,0.002955324328499552,0.0,0.0
BC,past,2008-01-01T00:00:00,F,14,223.2726199999961,44090.0,25394.0,0.005064019505556727,47960.48225000004,3110.2149100000106,0.004655345599657641,0.0,0.0
BC,past,2008-01-01T00:00:00,F,15,136.1132800000014,44090.0,25840.000000000004,0.0030871689725561666,47960.48225000004,3110.2149100000106,0.00283802984487299,0.0,0.0
BC,past,2008-01-01T00:00:00,F,16,160.47953000000052,44090.0,26248.0,0.0036398169652982655,47960.48225000004,3110.2149100000106,0.0033460783226382258,0.0,0.0
BC,past,2008-01-01T00:00:00,F,17,60.24490999999762,44090.0,26886.0,0.001366407575413872,47960.48225000004,3110.2149100000106,0.0012561364517971996,0.0,0.0
BC,past,2008-01-01T00:00:00,F,18,120.55847999999605,44090.0,27719.999999999996,0.0027343724200498084,47960.48225000004,3110.2149100000106,0.0025137044988740903,0.0,0.0
BC,past,2008-01-01T00:00:00,F,19,849.8067200000041,44090.0,28362.0,0.019274364254933184,47960.48225000004,3110.2149100000106,0.017718894392476703,0.0,0.0
BC,past,2008-01-01T00:00:00,F,20,822.5299600000035,44090.0,28330.0,0.018655703334089443,47960.48225000004,3110.2149100000106,0.017150160328089754,0.0,0.0
BC,past,2008-01-01T00:00:00,F,21,702.5863800000006,44090.0,28392.0,0.015935277387162636,47960.48225000004,3110.2149100000106,0.01464927680121482,0.0,0.0
BC,past,2008-01-01T00:00:00,F,22,455.885839999999,44090.0,29110.999999999996,0.010339892039011091,47960.48225000004,3110.2149100000106,0.00950544737276904,0.0,0.0
BC,past,2008-01-01T00:00:00,F,23,656.2659199999907,44090.0,29602.999999999996,0.014884688591517141,47960.48225000004,3110.2149100000106,0.01368347208393615,0.0,0.0
BC,past,2008-01-01T00:00:00,F,24,730.3843199999974,44090.0,30047.0,0.01656575912905415,47960.48225000004,3110.2149100000106,0.015228877728809678,0.0,0.0
BC,past,2008-01-01T00:00:00,F,25,926.6505200000065,44090.0,30161.000000000004,0.021017249262871546,47960.48225000004,3110.2149100000106,0.019321125988052502,0.0,0.0
BC,past,2008-01-01T00:00:00,F,26,715.0616200000004,44090.0,30297.999999999996,0.016218226808800192,47960.48225000004,3110.2149100000106,0.014909391783690829,0.0,0.0
BC,past,2008-01-01T00:00:00,F,27,712.1730999999963,44090.0,29768.0,0.016152712633250087,47960.48225000004,3110.2149100000106,0.014849164699547945,0.0,0.0
BC,past,2008-01-01T00:00:00,F,28,684.2502799999929,44090.0,29146.999999999996,0.01551939850306176,47960.48225000004,3110.2149100000106,0.014266959961604481,0.0,0.0
BC,past,2008-01-01T00:00:00,F,29,598.276010000005,44090.0,28361.000000000007,0.013569426400544456,47960.48225000004,3110.2149100000106,0.01247435350798635,0.0,0.0
BC,past,2008-01-01T00:00:00,F,30,564.3907199999921,44090.0,27897.999999999996,0.012800878203674124,47960.48225000004,3110.2149100000106,0.011767828293678005,0.0,0.0
BC,past,2008-01-01T00:00:00,F,31,553.4511399999938,44090.0,28046.0,0.012552758902245265,47960.48225000004,3110.2149100000106,0.01153973258890643,0.0,0.0
BC,past,2008-01-01T00:00:00,F,32,611.6782000000057,44090.0,27981.000000000007,0.013873399863914851,47960.48225000004,3110.2149100000106,0.012753795860757953,0.0,0.0
BC,past,2008-01-01T00:00:00,F,33,628.3816000000115,44090.0,28377.000000000007,0.014252247675210059,47960.48225000004,3110.2149100000106,0.013102070090214971,0.0,0.0
BC,past,2008-01-01T00:00:00,F,34,654.1660000000047,44090.0,28292.0,0.014837060557949755,47960.48225000004,3110.2149100000106,0.013639687703515622,0.0,0.0
BC,past,2008-01-01T00:00:00,F,35,574.6147199999941,44090.0,28924.999999999996,0.01303276752097968,47960.48225000004,3110.2149100000106,0.011981003798184153,0.0,0.0
BC,past,2008-01-01T00:00:00,F,36,554.4899000000041,44090.0,29224.000000000007,0.01257631889317315,47960.48225000004,3110.2149100000106,0.011561391253525264,0.0,0.0
BC,past,2008-01-01T00:00:00,F,37,742.6708000000035,44090.0,31842.000000000004,0.01684442730777962,47960.48225000004,3110.2149100000106,0.015485056971044176,0.0,0.0
BC,past,2008-01-01T00:00:00,F,38,538.062119999995,44090.0,31952.999999999996,0.012203722386028466,47960.48225000004,3110.2149100000106,0.011218863838676155,0.0,0.0
BC,past,2008-01-01T00:00:00,F,39,589.6700000000092,44090.0,32126.000000000004,0.013374234520299596,47960.48225000004,3110.2149100000106,0.01229491390278939,0.0,0.0
BC,past,2008-01-01T00:00:00,F,40,493.4290199999996,44090.0,31479.000000000004,0.011191404400090714,47960.48225000004,3110.2149100000106,0.010288241419841002,0.0,0.0
BC,past,2008-01-01T00:00:00,F,41,366.4104000000043,44090.0,30795.000000000004,0.008310510319800506,47960.48225000004,3110.2149100000106,0.0076398397766320215,0.0,0.0
BC,past,2008-01-01T00:00:00,F,42,304.89680999999837,44090.0,32492.000000000004,0.006915327965525025,47960.48225000004,3110.2149100000106,0.006357250713424553,0.0,0.0
BC,past,2008-01-01T00:00:00,F,43,332.965160000007,44090.0,34523.00000000001,0.007551942844182514,47960.48225000004,3110.2149100000106,0.006942489824526457,0.0,0.0
BC,past,2008-01-01T00:00:00,F,44,325.09242000000086,44090.0,36801.0,0.007373382172828325,47960.48225000004,3110.2149100000106,0.006778339264926816,0.0,0.0
BC,past,2008-01-01T00:00:00,F,45,309.3113599999997,44090.0,37224.00000000001,0.007015453844409156,47960.48225000004,3110.2149100000106,0.006449296284963845,0.0,0.0
BC,past,2008-01-01T00:00:00,F,46,193.0248000000065,44090.0,35875.00000000001,0.004377972329326525,47960.48225000004,3110.2149100000106,0.004024663450918623,0.0,0.0
BC,past,2008-01-01T00:00:00,F,47,301.9525599999979,44090.0,36399.99999999999,0.006848549784531592,47960.48225000004,3110.2149100000106,0.006295861630957592,0.0,0.0
BC,past,2008-01-01T00:00:00,F,48,198.59799999999086,44090.0,36259.0,0.004504377409843294,47960.48225000004,3110.2149100000106,0.004140867453433304,0.0,0.0
BC,past,2008-01-01T00:00:00,F,49,136.48592999999528,44090.0,35540.0,0.0030956210024947898,47960.48225000004,3110.2149100000106,0.002845799783424721,0.0,0.0
BC,past,2008-01-01T00:00:00,F,50,78.3856900000028,44090.0,35443.0,0.0017778564300295486,47960.48225000004,3110.2149100000106,0.0016343807718906484,0.0,0.0
BC,past,2008-01-01T00:00:00,F,51,82.63586000000942,44090.0,34764.00000000001,0.0018742540258564167,47960.48225000004,3110.2149100000106,0.0017229989383605365,0.0,0.0
BC,past,2008-01-01T00:00:00,F,52,-5.906880000002275,44090.0,34029.0,-0.0001339732365616302,47960.48225000004,3110.2149100000106,0.0,0.0018991870886511358,0.00017358370801381982
BC,past,2008-01-01T00:00:00,F,53,-25.46480000000156,44090.0,33987.0,-0.0005775640734860866,47960.48225000004,3110.2149100000106,0.0,0.008187472807144852,0.0007492511842763868
BC,past,2008-01-01T00:00:00,F,54,-99.31584999999905,44090.0,32525.000000000004,-0.002252570877750035,47960.48225000004,3110.2149100000106,0.0,0.03193215030918835,0.0030535234435049665
BC,past,2008-01-01T00:00:00,F,55,-124.04959999999483,44090.0,31365.000000000004,-0.002813554093898726,47960.48225000004,3110.2149100000106,0.0,0.03988457505015124,0.0039550326797383965
BC,past,2008-01-01T00:00:00,F,56,-96.20816000000195,44090.0,30190.999999999996,-0.002182085733726513,47960.48225000004,3110.2149100000106,0.0,0.030932962121257925,0.0031866503262562343
BC,past,2008-01-01T00:00:00,F,57,-59.30260000000635,44090.0,29750.0,-0.0013450351553641721,47960.48225000004,3110.2149100000106,0.0,0.019067042540801833,0.0019933647058825664
BC,past,2008-01-01T00:00:00,F,58,2.0306000000018685,44090.0,29630.000000000004,4.6055794964887015e-05,47960.48225000004,3110.2149100000106,4.233902381166876e-05,0.0,0.0
BC,past,2008-01-01T00:00:00,F,59,19.047880000001896,44090.0,28699.000000000004,0.00043202268088006116,47960.48225000004,3110.2149100000106,0.0003971578079785026,0.0,0.0
BC,past,2008-01-01T00:00:00,F,60,71.1391999999978,44090.0,28613.0,0.0016134996597867498,47960.48225000004,3110.2149100000106,0.0014832878374570085,0.0,0.0
BC,past,2008-01-01T00:00:00,F,61,195.52848000000085,44090.0,29064.0,0.004434757995010225,47960.48225000004,3110.2149100000106,0.004076866428923381,0.0,0.0
BC,past,2008-01-01T00:00:00,F,62,7.715200000002369,44090.0,23404.0,0.00017498752551604375,47960.48225000004,3110.2149100000106,0.00016086577194503426,0.0,0.0
BC,past,2008-01-01T00:00:00,F,63,-31.751360000002023,44090.0,22278.0,-0.000720148786572965,47960.48225000004,3110.2149100000106,0.0,0.010208735061334368,0.0014252338630039512
BC,past,2008-01-01T00:00:00,F,64,41.26608000000124,44090.0,22095.0,0.0009359510092991889,47960.48225000004,3110.2149100000106,0.0008604183707932005,0.0,0.0
BC,past,2008-01-01T00:00:00,F,65,23.169639999996434,44090.0,21081.999999999996,0.0005255078249035254,47960.48225000004,3110.2149100000106,0.0004830985618372596,0.0,0.0
BC,past,2008-01-01T00:00:00,F,66,-30.06126000000222,44090.0,19497.0,-0.000681815831254303,47960.48225000004,3110.2149100000106,0.0,0.009665332097582325,0.001541840283120594
BC,past,2008-01-01T00:00:00,F,67,39.51429999999891,44090.0,19247.000000000004,0.0008962190973009506,47960.48225000004,3110.2149100000106,0.0008238928831871553,0.0,0.0
BC,past,2008-01-01T00:00:00,F,68,16.705079999999725,44090.0,17570.000000000004,0.0003788859151735025,47960.48225000004,3110.2149100000106,0.00034830925829566094,0.0,0.0
BC,past,2008-01-01T00:00:00,F,69,18.104999999999563,44090.0,16622.0,0.00041063733272849996,47960.48225000004,3110.2149100000106,0.0003774982892295573,0.0,0.0
BC,past,2008-01-01T00:00:00,F,70,11.65487999999823,44090.0,16313.999999999998,0.0002643429349058342,47960.48225000004,3110.2149100000106,0.00024301006689727813,0.0,0.0
BC,past,2008-01-01T00:00:00,F,71,27.61884999999893,44090.0,15703.000000000002,0.0006264198230891115,47960.48225000004,3110.2149100000106,0.0005758668116811712,0.0,0.0
BC,past,2008-01-01T00:00:00,F,72,-24.35297999999966,44090.0,15122.999999999998,-0.00055234701746427,47960.48225000004,3110.2149100000106,0.0,0.00782999911732774,0.0016103273160087061
BC,past,2008-01-01T00:00:00,F,73,2.4462800000001153,44090.0,14541.000000000002,5.548378317078964e-05,47960.48225000004,3110.2149100000106,5.1006159346950964e-05,0.0,0.0
BC,past,2008-01-01T00:00:00,F,74,-65.00499999999738,44090.0,13796.000000000002,-0.001474370605579437,47960.48225000004,3110.2149100000106,0.0,0.020900484976453654,0.004711873006668409
BC,past,2008-01-01T00:00:00,F,75,-18.89846000000034,44090.0,13951.000000000002,-0.0004286337037877147,47960.48225000004,3110.2149100000106,0.0,0.006076255354328643,0.0013546312092323374
BC,past,2008-01-01T00:00:00,F,76,-54.713440000001356,44090.0,13284.0,-0.0012409489680199899,47960.48225000004,3110.2149100000106,0.0,0.017591530355052273,0.004118747365251532
BC,past,2008-01-01T00:00:00,F,77,-22.221119999998336,44090.0,13245.000000000004,-0.000503994556588758,47960.48225000004,3110.2149100000106,0.0,0.007144560952541463,0.0016776987542467595
BC,past,2008-01-01T00:00:00,F,78,-67.04957000000104,44090.0,12748.0,-0.0015207432524382183,47960.48225000004,3110.2149100000106,0.0,0.02155785755653805,0.005259614841543853
BC,past,2008-01-01T00:00:00,F,79,-63.738469999998415,44090.0,12028.000000000002,-0.0014456445906100798,47960.48225000004,3110.2149100000106,0.0,0.020493268743283787,0.005299174426338411
BC,past,2008-01-01T00:00:00,F,80,-46.16957999999795,44090.0,11469.000000000002,-0.001047166704468087,47960.48225000004,3110.2149100000106,0.0,0.014844498317962791,0.004025597698142641
BC,past,2008-01-01T00:00:00,F,81,-66.06079000000136,44090.0,11039.0,-0.0014983168518938844,47960.48225000004,3110.2149100000106,0.0,0.021239943833978064,0.005984309267143886
BC,past,2008-01-01T00:00:00,F,82,-84.91661000000022,44090.0,10519.0,-0.0019259834429575916,47960.48225000004,3110.2149100000106,0.0,0.02730248952475118,0.008072688468485618
BC,past,2008-01-01T00:00:00,F,83,-68.24159999999938,44090.0,10087.0,-0.0015477795418462096,47960.48225000004,3110.2149100000106,0.0,0.021941120461029216,0.006765301873698759
BC,past,2008-01-01T00:00:00,F,84,-81.44224000000031,44090.0,9536.000000000002,-0.0018471816738489524,47960.48225000004,3110.2149100000106,0.0,0.02618540594675499,0.00854050335570473
BC,past,2008-01-01T00:00:00,F,85,-132.55957000000126,44090.0,8626.0,-0.0030065677024268826,47960.48225000004,3110.2149100000106,0.0,0.04262071073410191,0.01536744377463497
BC,past,2008-01-01T00:00:00,F,86,-100.10487999999987,44090.0,8150.000000000001,-0.0022704667725107703,47960.48225000004,3110.2149100000106,0.0,0.032185840173983196,0.012282807361963173
BC,past,2008-01-01T00:00:00,F,87,-126.26480000000083,44090.0,7345.999999999999,-0.002863796779315056,47960.48225000004,3110.2149100000106,0.0,0.040596808790939916,0.017188238497141416
BC,past,2008-01-01T00:00:00,F,88,-68.85177000000112,44090.0,6492.0,-0.0015616187344069206,47960.48225000004,3110.2149100000106,0.0,0.022137303045724543,0.010605633086876329
BC,past,2008-01-01T00:00:00,F,89,-85.48643000000084,44090.0,4928.0,-0.001938907462009545,47960.48225000004,3110.2149100000106,0.0,0.027485698729416915,0.01734708400974043
BC,past,2008-01-01T00:00:00,F,90,-34.2531599999993,44090.0,4095.000000000001,-0.0007768918122022975,47960.48225000004,3110.2149100000106,0.0,0.011013116775264634,0.008364630036629864
BC,past,2008-01-01T00:00:00,F,91,-59.26198000000022,44090.0,3450.0,-0.001344113858017696,47960.48225000004,3110.2149100000106,0.0,0.01905398235004925,0.017177385507246443
BC,past,2008-01-01T00:00:00,F,92,-27.155100000000402,44090.0,2877.0,-0.0006159015649807304,47960.48225000004,3110.2149100000106,0.0,0.00873094007513465,0.009438686131387002
BC,past,2008-01-01T00:00:00,F,93,-44.94239999999991,44090.0,2451.0,-0.0010193331821274645,47960.48225000004,3110.2149100000106,0.0,0.01444993394363213,0.01833635250917989
BC,past,2008-01-01T00:00:00,F,94,-17.867650000000367,44090.0,1981.0,-0.00040525402585621156,47960.48225000004,3110.2149100000106,0.0,0.005744828096139603,0.00901951034830912
BC,past,2008-01-01T00:00:00,F,95,-13.47477000000049,44090.0,1432.9999999999998,-0.0003056196416421068,47960.48225000004,3110.2149100000106,0.0,0.004332424089626798,0.009403189113747726
BC,past,2008-01-01T00:00:00,F,96,2.022040000000061,44090.0,1053.0,4.58616466318907e-05,47960.48225000004,3110.2149100000106,4.21605435379053e-05,0.0,0.0
BC,past,2008-01-01T00:00:00,F,97,-33.9584000000001,44090.0,735.0,-0.0007702063960081673,47960.48225000004,3110.2149100000106,0.0,0.010918345189207514,0.046201904761904895
BC,past,2008-01-01T00:00:00,F,98,-24.22805999999997,44090.0,498.00000000000006,-0.0005495137219324103,47960.48225000004,3110.2149100000106,0.0,0.0077898346902336366,0.0486507228915662
BC,past,2008-01-01T00:00:00,F,99,-5.811939999999993,44090.0,350.00000000000006,-0.00013181991381265576,47960.48225000004,3110.2149100000106,0.0,0.0018686618668418552,0.016605542857142833
BC,past,2008-01-01T00:00:00,F,100,374.09695999999997,44090.0,600.0,0.008484848264912678,47960.48225000004,3110.2149100000106,0.007800108390277908,0.0,0.0
BC,past,2008-01-01T00:00:00,M,1,410.6110200000039,44090.0,22216.0,0.009313019278748105,47960.48225000004,3110.2149100000106,0.008561444771544255,0.0,0.0
BC,past,2008-01-01T00:00:00,M,2,287.6928200000002,44090.0,21614.0,0.006525126332501706,47960.48225000004,3110.2149100000106,0.005998538932539612,0.0,0.0
BC,past,2008-01-01T00:00:00,M,3,194.64751999999862,44090.0,21647.0,0.0044147770469493905,47960.48225000004,3110.2149100000106,0.004058497973089052,0.0,0.0
BC,past,2008-01-01T00:00:00,M,4,267.8184000000001,44090.0,21945.0,0.006074356997051488,47960.48225000004,3110.2149100000106,0.005584147352896976,0.0,0.0
BC,past,2008-01-01T00:00:00,M,5,236.39932000000044,44090.0,22046.0,0.0053617446132910055,47960.48225000004,3110.2149100000106,0.004929043848386246,0.0,0.0
BC,past,2008-01-01T00:00:00,M,6,295.95786000000226,44090.0,22048.0,0.006712584713086919,47960.48225000004,3110.2149100000106,0.0061708691430016225,0.0,0.0
BC,past,2008-01-01T00:00:00,M,7,354.7661599999992,44090.0,22430.0,0.008046408709457909,47960.48225000004,3110.2149100000106,0.007397051559046801,0.0,0.0
BC,past,2008-01-01T00:00:00,M,8,341.8160800000005,44090.0,23041.0,0.007752689498752563,47960.48225000004,3110.2149100000106,0.007127035925498857,0.0,0.0
BC,past,2008-01-01T00:00:00,M,9,434.8566400000018,44090.0,23641.000000000004,0.009862931276933586,47960.48225000004,3110.2149100000106,0.009066978053582885,0.0,0.0
BC,past,2008-01-01T00:00:00,M,10,618.8926399999982,44090.0,24275.0,0.014037029711952783,47960.48225000004,3110.2149100000106,0.012904220536689824,0.0,0.0
BC,past,2008-01-01T00:00:00,M,11,598.2618799999946,44090.0,25727.999999999996,0.013569105919709562,47960.48225000004,3110.2149100000106,0.012474058890431489,0.0,0.0
BC,past,2008-01-01T00:00:00,M,12,457.8786999999975,44090.0,26624.999999999996,0.010385091857564017,47960.48225000004,3110.2149100000106,0.0095469994987383,0.0,0.0
BC,past,2008-01-01T00:00:00,M,13,432.50818000000436,44090.0,27415.000000000004,0.009809666137446231,47960.48225000004,3110.2149100000106,0.00901801149007429,0.0,0.0
BC,past,2008-01-01T00:00:00,M,14,581.0564500000037,44090.0,27620.0,0.01317887162621918,47960.48225000004,3110.2149100000106,0.012115317084827753,0.0,0.0
BC,past,2008-01-01T00:00:00,M,15,483.225190000001,44090.0,27978.999999999996,0.0109599725561352,47960.48225000004,3110.2149100000106,0.01007548646990514,0.0,0.0
BC,past,2008-01-01T00:00:00,M,16,316.99974999999904,44090.0,28309.0,0.007189833295531845,47960.48225000004,3110.2149100000106,0.006609603055023468,0.0,0.0
BC,past,2008-01-01T00:00:00,M,17,100.44988000000376,44090.0,28727.0,0.0022782916761171185,47960.48225000004,3110.2149100000106,0.002094430149313265,0.0,0.0
BC,past,2008-01-01T00:00:00,M,18,-19.342519999994693,44090.0,29404.000000000004,-0.0004387053753684439,47960.48225000004,3110.2149100000106,0.0,0.006219030054098296,0.0006578193443067164
BC,past,2008-01-01T00:00:00,M,19,659.0709399999942,44090.0,30404.0,0.014948308913585714,47960.48225000004,3110.2149100000106,0.013741958151390224,0.0,0.0
BC,past,2008-01-01T00:00:00,M,20,-39.08827000000383,44090.0,29660.0,-0.000886556361986932,47960.48225000004,3110.2149100000106,0.0,0.012567707097772128,0.0013178782872556923
BC,past,2008-01-01T00:00:00,M,21,50.938239999999496,44090.0,29436.0,0.001155324109775448,47960.48225000004,3110.2149100000106,0.0010620877357837546,0.0,0.0
BC,past,2008-01-01T00:00:00,M,22,623.0805600000022,44090.0,30234.000000000004,0.01413201542299846,47960.48225000004,3110.2149100000106,0.012991540759580283,0.0,0.0
BC,past,2008-01-01T00:00:00,M,23,724.6662400000096,44090.0,31192.000000000004,0.01643606804264027,47960.48225000004,3110.2149100000106,0.015109652905961116,0.0,0.0
BC,past,2008-01-01T00:00:00,M,24,776.7395200000028,44090.0,30685.0,0.017617135858471373,47960.48225000004,3110.2149100000106,0.01619540679243279,0.0,0.0
BC,past,2008-01-01T00:00:00,M,25,367.250759999999,44090.0,30392.999999999996,0.008329570424132434,47960.48225000004,3110.2149100000106,0.007657361702195951,0.0,0.0
BC,past,2008-01-01T00:00:00,M,26,386.7956999999951,44090.0,30133.0,0.008772866863234183,47960.48225000004,3110.2149100000106,0.008064883459340004,0.0,0.0
BC,past,2008-01-01T00:00:00,M,27,651.613280000005,44090.0,29732.0,0.014779162621909845,47960.48225000004,3110.2149100000106,0.013586462217026696,0.0,0.0
BC,past,2008-01-01T00:00:00,M,28,899.6079500000051,44090.0,29160.000000000004,0.020403899977319236,47960.48225000004,3110.2149100000106,0.018757274902088884,0.0,0.0
BC,past,2008-01-01T00:00:00,M,29,808.9336999999978,44090.0,28294.999999999996,0.01834732819233381,47960.48225000004,3110.2149100000106,0.016866671518925295,0.0,0.0
BC,past,2008-01-01T00:00:00,M,30,790.6156800000026,44090.0,27603.0,0.017931859378543948,47960.48225000004,3110.2149100000106,0.016484731656341966,0.0,0.0
BC,past,2008-01-01T00:00:00,M,31,741.5142000000051,44090.0,27955.0,0.01681819460195067,47960.48225000004,3110.2149100000106,0.015460941283591961,0.0,0.0
BC,past,2008-01-01T00:00:00,M,32,667.0560599999953,44090.0,27583.999999999996,0.015129418462236229,47960.48225000004,3110.2149100000106,0.01390845189009739,0.0,0.0
BC,past,2008-01-01T00:00:00,M,33,698.7147999999943,44090.0,27931.999999999996,0.015847466545701842,47960.48225000004,3110.2149100000106,0.01456855242526244,0.0,0.0
BC,past,2008-01-01T00:00:00,M,34,531.0705899999994,44090.0,27756.0,0.012045148332955304,47960.48225000004,3110.2149100000106,0.011073086947535832,0.0,0.0
BC,past,2008-01-01T00:00:00,M,35,572.5327000000034,44090.0,28299.0,0.012985545475164513,47960.48225000004,3110.2149100000106,0.011937592641700407,0.0,0.0
BC,past,2008-01-01T00:00:00,M,36,523.72912,44090.0,29073.999999999996,0.011878637332728509,47960.48225000004,3110.2149100000106,0.010920013632681927,0.0,0.0
BC,past,2008-01-01T00:00:00,M,37,671.2473599999939,44090.0,31293.999999999996,0.015224480834656247,47960.48225000004,3110.2149100000106,0.01399584258767526,0.0,0.0
BC,past,2008-01-01T00:00:00,M,38,486.99744999999893,44090.0,31829.0,0.011045530732592401,47960.48225000004,3110.2149100000106,0.010154139974270142,0.0,0.0
BC,past,2008-01-01T00:00:00,M,39,491.11837999999625,44090.0,31348.999999999996,0.011138997051485513,47960.48225000004,3110.2149100000106,0.010240063422214564,0.0,0.0
BC,past,2008-01-01T00:00:00,M,40,459.3210399999989,44090.0,30745.999999999996,0.01041780539804942,47960.48225000004,3110.2149100000106,0.009577073007851137,0.0,0.0
BC,past,2008-01-01T00:00:00,M,41,362.23425000000134,44090.0,30757.0,0.008215791562712663,47960.48225000004,3110.2149100000106,0.007552764964117955,0.0,0.0
BC,past,2008-01-01T00:00:00,M,42,320.4785000000011,44090.0,31966.999999999996,0.007268734406895012,47960.48225000004,3110.2149100000106,0.006682136729348688,0.0,0.0
BC,past,2008-01-01T00:00:00,M,43,251.2381400000013,44090.0,34186.99999999999,0.005698302109321871,47960.48225000004,3110.2149100000106,0.005238440653919845,0.0,0.0
BC,past,2008-01-01T00:00:00,M,44,169.00478000000294,44090.0,35959.0,0.0038331771376730085,47960.48225000004,3110.2149100000106,0.003523834041514518,0.0,0.0
BC,past,2008-01-01T00:00:00,M,45,304.6522200000036,44090.0,37029.0,0.006909780449081505,47960.48225000004,3110.2149100000106,0.006352150889808939,0.0,0.0
BC,past,2008-01-01T00:00:00,M,46,198.70567999999184,44090.0,35386.99999999999,0.0045068196870036705,47960.48225000004,3110.2149100000106,0.004143112635194399,0.0,0.0
BC,past,2008-01-01T00:00:00,M,47,442.7401200000022,44090.0,35641.0,0.010041735540939038,47960.48225000004,3110.2149100000106,0.009231352547544534,0.0,0.0
BC,past,2008-01-01T00:00:00,M,48,356.2716999999975,44090.0,35235.0,0.008080555681560388,47960.48225000004,3110.2149100000106,0.007428442819713249,0.0,0.0
BC,past,2008-01-01T00:00:00,M,49,304.42989999999554,44090.0,34402.99999999999,0.006904738035835689,47960.48225000004,3110.2149100000106,0.0063475154068117256,0.0,0.0
BC,past,2008-01-01T00:00:00,M,50,361.5910000000076,44090.0,34876.0,0.008201202086641135,47960.48225000004,3110.2149100000106,0.007539352880464569,0.0,0.0
BC,past,2008-01-01T00:00:00,M,51,230.00683999999455,44090.0,33854.99999999999,0.005216757541392483,47960.48225000004,3110.2149100000106,0.004795757448831624,0.0,0.0
BC,past,2008-01-01T00:00:00,M,52,271.0144199999995,44090.0,33672.0,0.006146845543207066,47960.48225000004,3110.2149100000106,0.005650785965564375,0.0,0.0
BC,past,2008-01-01T00:00:00,M,53,183.63104999998905,44090.0,33038.99999999999,0.0041649138126556825,47960.48225000004,3110.2149100000106,0.0038287990734286017,0.0,0.0
BC,past,2008-01-01T00:00:00,M,54,153.7723700000024,44090.0,32048.0,0.0034876926740758088,47960.48225000004,3110.2149100000106,0.0032062306879744166,0.0,0.0
BC,past,2008-01-01T00:00:00,M,55,154.4320399999997,44090.0,31004.0,0.0035026545701973165,47960.48225000004,3110.2149100000106,0.003219985136825841,0.0,0.0
BC,past,2008-01-01T00:00:00,M,56,221.3593600000022,44090.0,30061.0,0.00502062508505335,47960.48225000004,3110.2149100000106,0.0046154531734301325,0.0,0.0
BC,past,2008-01-01T00:00:00,M,57,196.98400000000038,44090.0,29633.0,0.004467770469494225,47960.48225000004,3110.2149100000106,0.004107214747616518,0.0,0.0
BC,past,2008-01-01T00:00:00,M,58,199.26324999999997,44090.0,29485.999999999996,0.004519465865275572,47960.48225000004,3110.2149100000106,0.004154738248070886,0.0,0.0
BC,past,2008-01-01T00:00:00,M,59,235.40200000000186,44090.0,28249.0,0.0053391245180313416,47960.48225000004,3110.2149100000106,0.0049082492284572826,0.0,0.0
BC,past,2008-01-01T00:00:00,M,60,233.68336000000272,44090.0,28516.0,0.005300144250396977,47960.48225000004,3110.2149100000106,0.004872414726397013,0.0,0.0
BC,past,2008-01-01T00:00:00,M,61,314.77869999999893,44090.0,28543.0,0.007139457926967542,47960.48225000004,3110.2149100000106,0.00656329305362643,0.0,0.0
BC,past,2008-01-01T00:00:00,M,62,115.09823999999935,44090.0,23304.0,0.0026105293717396086,47960.48225000004,3110.2149100000106,0.002399855768756355,0.0,0.0
BC,past,2008-01-01T00:00:00,M,63,114.72544000000562,44090.0,21970.0,0.0026020739396689866,47960.48225000004,3110.2149100000106,0.002392082702629737,0.0,0.0
BC,past,2008-01-01T00:00:00,M,64,76.89701000000059,44090.0,21921.0,0.001744091857564087,47960.48225000004,3110.2149100000106,0.001603341050641761,0.0,0.0
BC,past,2008-01-01T00:00:00,M,65,64.51986000000034,44090.0,20804.0,0.0014633672034475014,47960.48225000004,3110.2149100000106,0.0013452712936388434,0.0,0.0
BC,past,2008-01-01T00:00:00,M,66,20.257089999999152,44090.0,19126.0,0.0004594486278067397,47960.48225000004,3110.2149100000106,0.0004223704401971299,0.0,0.0
BC,past,2008-01-01T00:00:00,M,67,47.84187000000384,44090.0,18120.0,0.0010850957133137636,47960.48225000004,3110.2149100000106,0.0009975268753683935,0.0,0.0
BC,past,2008-01-01T00:00:00,M,68,58.86970999999903,44090.0,16957.999999999996,0.0013352168292129515,47960.48225000004,3110.2149100000106,0.0012274628452052102,0.0,0.0
BC,past,2008-01-01T00:00:00,M,69,75.90375999999924,44090.0,16144.0,0.001721564073486034,47960.48225000004,3110.2149100000106,0.0015826312922447559,0.0,0.0
BC,past,2008-01-01T00:00:00,M,70,32.99710000000232,44090.0,15379.0,0.0007484032660467752,47960.48225000004,3110.2149100000106,0.0006880060093641426,0.0,0.0
BC,past,2008-01-01T00:00:00,M,71,44.31077000000005,44090.0,14668.999999999998,0.001005007257881607,47960.48225000004,3110.2149100000106,0.0009239016774065072,0.0,0.0
BC,past,2008-01-01T00:00:00,M,72,79.93072000000029,44090.0,14429.0,0.0018128990700839258,47960.48225000004,3110.2149100000106,0.0016665954187731343,0.0,0.0
BC,past,2008-01-01T00:00:00,M,73,13.863750000002256,44090.0,13689.0,0.0003144420503516048,47960.48225000004,3110.2149100000106,0.0002890661092133252,0.0,0.0
BC,past,2008-01-01T00:00:00,M,74,-32.64187999999922,44090.0,13051.999999999998,-0.0007403465638466595,47960.48225000004,3110.2149100000106,0.0,0.010495056111733162,0.0025009102053324566
BC,past,2008-01-01T00:00:00,M,75,-14.96791999999914,44090.0,12787.999999999998,-0.00033948559764116897,47960.48225000004,3110.2149100000106,0.0,0.004812503454945848,0.0011704660619329952
BC,past,2008-01-01T00:00:00,M,76,-40.26775000000089,44090.0,12435.0,-0.0009133080063506666,47960.48225000004,3110.2149100000106,0.0,0.012946934911324424,0.0032382589465219853
BC,past,2008-01-01T00:00:00,M,77,4.8651000000008935,44090.0,12014.999999999998,0.00011034474937629607,47960.48225000004,3110.2149100000106,0.00010143976398404313,0.0,0.0
BC,past,2008-01-01T00:00:00,M,78,-36.199000000000524,44090.0,10935.0,-0.0008210251757768321,47960.48225000004,3110.2149100000106,0.0,0.011638745568228403,0.003310379515317835
BC,past,2008-01-01T00:00:00,M,79,-96.22534000000087,44090.0,10192.999999999998,-0.0021824753912452,47960.48225000004,3110.2149100000106,0.0,0.030938485855307195,0.009440335524379563
BC,past,2008-01-01T00:00:00,M,80,-71.97040000000197,44090.0,9285.999999999998,-0.0016323520072579264,47960.48225000004,3110.2149100000106,0.0,0.023140008675478226,0.007750419987077535
BC,past,2008-01-01T00:00:00,M,81,-63.176229999997304,44090.0,8374.0,-0.0014328924926286528,47960.48225000004,3110.2149100000106,0.0,0.020312496669240482,0.007544331263434118
BC,past,2008-01-01T00:00:00,M,82,-113.41693999999916,44090.0,7547.0,-0.0025723960081650977,47960.48225000004,3110.2149100000106,0.0,0.03646594955073339,0.01502808268186023
BC,past,2008-01-01T00:00:00,M,83,-83.3736000000008,44090.0,6878.999999999999,-0.0018909866182808075,47960.48225000004,3110.2149100000106,0.0,0.026806379112882757,0.012120017444396107
BC,past,2008-01-01T00:00:00,M,84,-61.199650000000474,44090.0,6346.999999999999,-0.0013880619188024602,47960.48225000004,3110.2149100000106,0.0,0.01967698431488783,0.009642295572711594
BC,past,2008-01-01T00:00:00,M,85,-91.29012000000057,44090.0,5496.0,-0.002070540258562045,47960.48225000004,3110.2149100000106,0.0,0.029351708046438586,0.016610283842794865
BC,past,2008-01-01T00:00:00,M,86,-81.66850000000068,44090.0,4966.999999999999,-0.0018523134497618662,47960.48225000004,3110.2149100000106,0.0,0.026258153331275874,0.01644221864304423
BC,past,2008-01-01T00:00:00,M,87,-47.808680000000095,44090.0,4193.0,-0.0010843429349058765,47960.48225000004,3110.2149100000106,0.0,0.0153715037010095,0.011402022418316265
BC,past,2008-01-01T00:00:00,M,88,-63.068659999999454,44090.0,3574.0,-0.0014304527103651498,47960.48225000004,3110.2149100000106,0.0,0.020277910634798942,0.017646519306099454
BC,past,2008-01-01T00:00:00,M,89,-51.10885999999982,44090.0,2438.0,-0.001159193921524151,47960.48225000004,3110.2149100000106,0.0,0.01643258150286459,0.020963437243642257
BC,past,2008-01-01T00:00:00,M,90,-13.21856000000048,44090.0,1973.9999999999995,-0.0002998085733726577,47960.48225000004,3110.2149100000106,0.0,0.0042500471454560785,0.006696332320162352
BC,past,2008-01-01T00:00:00,M,91,-51.42086999999992,44090.0,1544.9999999999998,-0.0011662705828986146,47960.48225000004,3110.2149100000106,0.0,0.016532899329454936,0.033282116504854325
BC,past,2008-01-01T00:00:00,M,92,-27.581060000000207,44090.0,1243.0,-0.0006255627126332549,47960.48225000004,3110.2149100000106,0.0,0.008867895241361348,0.02218910699919566
BC,past,2008-01-01T00:00:00,M,93,-39.83608000000004,44090.0,1001.0,-0.0009035173508732148,47960.48225000004,3110.2149100000106,0.0,0.01280814385910069,0.039796283716283756
BC,past,2008-01-01T00:00:00,M,94,-32.17597999999987,44090.0,730.0,-0.0007297795418462206,47960.48225000004,3110.2149100000106,0.0,0.010345259389165412,0.04407668493150667
BC,past,2008-01-01T00:00:00,M,95,-5.678639999999973,44090.0,522.0,-0.00012879655250623662,47960.48225000004,3110.2149100000106,0.0,0.0018258030921728021,0.010878620689655122
BC,past,2008-01-01T00:00:00,M,96,-12.079679999999996,44090.0,325.0,-0.00027397777273758216,47960.48225000004,3110.2149100000106,0.0,0.003883873092229487,0.03716824615384614
BC,past,2008-01-01T00:00:00,M,97,-9.590999999999951,44090.0,210.0,-0.00021753232025402476,47960.48225000004,3110.2149100000106,0.0,0.003083709736315269,0.04567142857142834
BC,past,2008-01-01T00:00:00,M,98,0.44477000000003386,44090.0,159.0,1.0087775005670987e-05,47960.48225000004,3110.2149100000106,9.27367655899735e-06,0.0,0.0
BC,past,2008-01-01T00:00:00,M,99,-2.7274400000000156,44090.0,88.99999999999997,-6.186073939668894e-05,47960.48225000004,3110.2149100000106,0.0,0.0008769297553139202,0.03064539325842715
BC,past,2008-01-01T00:00:00,M,100,94.19296000000003,44090.0,157.0,0.002136379224313904,47960.48225000004,3110.2149100000106,0.0019639702434393258,0.0,0.0
BC,past,2009-01-01T00:00:00,F,1,266.5694000000003,44558.0,21559.0,0.005982526145697749,50472.80455999997,2609.2088299999914,0.005281446163410906,0.0,0.0
BC,past,2009-01-01T00:00:00,F,2,241.73679999999877,44558.0,20998.0,0.005425216571659382,50472.80455999997,2609.2088299999914,0.004789446556563587,0.0,0.0
BC,past,2009-01-01T00:00:00,F,3,203.3100799999993,44558.0,20888.0,0.004562818797971168,50472.80455999997,2609.2088299999914,0.004028111411132559,0.0,0.0
BC,past,2009-01-01T00:00:00,F,4,203.05955000000176,44558.0,20597.000000000004,0.0045571962386103905,50472.80455999997,2609.2088299999914,0.004023147747984027,0.0,0.0
BC,past,2009-01-01T00:00:00,F,5,311.8751799999991,44558.0,20846.0,0.006999308317249407,50472.80455999997,2609.2088299999914,0.006179073715415494,0.0,0.0
BC,past,2009-01-01T00:00:00,F,6,335.6802099999986,44558.0,20950.0,0.0075335564881726875,50472.80455999997,2609.2088299999914,0.00665071443773163,0.0,0.0
BC,past,2009-01-01T00:00:00,F,7,304.4716400000034,44558.0,20899.000000000004,0.0068331531935904525,50472.80455999997,2609.2088299999914,0.006032389970287072,0.0,0.0
BC,past,2009-01-01T00:00:00,F,8,346.53127999999924,44558.0,21438.0,0.007777083352035532,50472.80455999997,2609.2088299999914,0.00686570288734515,0.0,0.0
BC,past,2009-01-01T00:00:00,F,9,317.38502000000153,44558.0,21997.0,0.0071229637775483984,50472.80455999997,2609.2088299999914,0.0062882382456617295,0.0,0.0
BC,past,2009-01-01T00:00:00,F,10,342.2389000000039,44558.0,22729.0,0.007680750931370437,50472.80455999997,2609.2088299999914,0.006780659465696315,0.0,0.0
BC,past,2009-01-01T00:00:00,F,11,447.28399999999965,44558.0,23285.0,0.010038242290946624,50472.80455999997,2609.2088299999914,0.008861881242764845,0.0,0.0
BC,past,2009-01-01T00:00:00,F,12,262.37049999999726,44558.0,23965.0,0.005888291664796384,50472.80455999997,2609.2088299999914,0.005198254828263053,0.0,0.0
BC,past,2009-01-01T00:00:00,F,13,251.73800999999366,44558.0,25139.999999999996,0.005649670317339056,50472.80455999997,2609.2088299999914,0.004987597027637685,0.0,0.0
BC,past,2009-01-01T00:00:00,F,14,288.0044400000006,44558.0,25321.999999999996,0.00646358543920285,50472.80455999997,2609.2088299999914,0.0057061311038825455,0.0,0.0
BC,past,2009-01-01T00:00:00,F,15,329.5551599999999,44558.0,25720.0,0.007396094079626552,50472.80455999997,2609.2088299999914,0.006529360967216284,0.0,0.0
BC,past,2009-01-01T00:00:00,F,16,406.6511999999966,44558.0,26242.0,0.009126334216077845,50472.80455999997,2609.2088299999914,0.008056837806914149,0.0,0.0
BC,past,2009-01-01T00:00:00,F,17,256.77456000000166,44558.0,26499.0,0.005762703891557109,50472.80455999997,2609.2088299999914,0.005087384428871171,0.0,0.0
BC,past,2009-01-01T00:00:00,F,18,57.72149999999965,44558.0,26937.0,0.00129542394182862,50472.80455999997,2609.2088299999914,0.001143615864091379,0.0,0.0
BC,past,2009-01-01T00:00:00,F,19,901.4844000000048,44558.0,28614.0,0.020231706988644124,50472.80455999997,2609.2088299999914,0.01786079469644604,0.0,0.0
BC,past,2009-01-01T00:00:00,F,20,713.2249800000027,44558.0,29067.000000000004,0.016006665020871735,50472.80455999997,2609.2088299999914,0.01413087674080307,0.0,0.0
BC,past,2009-01-01T00:00:00,F,21,687.4990000000034,44558.0,29009.000000000004,0.015429305624130423,50472.80455999997,2609.2088299999914,0.013621176908898202,0.0,0.0
BC,past,2009-01-01T00:00:00,F,22,784.0854399999989,44558.0,29167.0,0.01759696216167689,50472.80455999997,2609.2088299999914,0.015534810217805726,0.0,0.0
BC,past,2009-01-01T00:00:00,F,23,833.897740000004,44558.0,29935.0,0.018714882624893486,50472.80455999997,2609.2088299999914,0.016521723872282568,0.0,0.0
BC,past,2009-01-01T00:00:00,F,24,1052.3610500000032,44558.0,30645.0,0.023617780196597764,50472.80455999997,2609.2088299999914,0.020850060922392378,0.0,0.0
BC,past,2009-01-01T00:00:00,F,25,977.1173899999994,44558.0,31013.0,0.021929112392836292,50472.80455999997,2609.2088299999914,0.01935928463888792,0.0,0.0
BC,past,2009-01-01T00:00:00,F,26,952.762789999997,44558.0,31102.0,0.021382530409802886,50472.80455999997,2609.2088299999914,0.01887675547863389,0.0,0.0
BC,past,2009-01-01T00:00:00,F,27,907.119200000001,44558.0,31193.0,0.020358166883612392,50472.80455999997,2609.2088299999914,0.017972435015408256,0.0,0.0
BC,past,2009-01-01T00:00:00,F,28,823.2048800000011,44558.0,30579.0,0.01847490641411197,50472.80455999997,2609.2088299999914,0.01630986998199019,0.0,0.0
BC,past,2009-01-01T00:00:00,F,29,739.2417399999977,44558.0,29873.999999999996,0.01659055029399878,50472.80455999997,2609.2088299999914,0.014646337695009951,0.0,0.0
BC,past,2009-01-01T00:00:00,F,30,745.9116199999953,44558.0,29095.000000000004,0.01674024013645126,50472.80455999997,2609.2088299999914,0.014778485691503166,0.0,0.0
BC,past,2009-01-01T00:00:00,F,31,660.7171600000038,44558.0,28547.0,0.014828249921450778,50472.80455999997,2609.2088299999914,0.013090557692599997,0.0,0.0
BC,past,2009-01-01T00:00:00,F,32,477.0597799999996,44558.0,28511.0,0.010706489968131415,50472.80455999997,2609.2088299999914,0.0094518183437358,0.0,0.0
BC,past,2009-01-01T00:00:00,F,33,605.0318299999999,44558.0,28574.000000000007,0.013578523048610798,50472.80455999997,2609.2088299999914,0.011987283751604554,0.0,0.0
BC,past,2009-01-01T00:00:00,F,34,630.7696499999911,44558.0,28995.0,0.01415614816643456,50472.80455999997,2609.2088299999914,0.01249721816528262,0.0,0.0
BC,past,2009-01-01T00:00:00,F,35,493.2972400000035,44558.0,28772.000000000004,0.011070901746038949,50472.80455999997,2609.2088299999914,0.009773525451980626,0.0,0.0
BC,past,2009-01-01T00:00:00,F,36,474.46250000000146,44558.0,29385.0,0.010648200098747732,50472.80455999997,2609.2088299999914,0.009400359344723557,0.0,0.0
BC,past,2009-01-01T00:00:00,F,37,403.7809599999928,44558.0,29612.0,0.009061918398491691,50472.80455999997,2609.2088299999914,0.00799997074701872,0.0,0.0
BC,past,2009-01-01T00:00:00,F,38,678.7867799999985,44558.0,32502.000000000004,0.015233780241482978,50472.80455999997,2609.2088299999914,0.013448564745259699,0.0,0.0
BC,past,2009-01-01T00:00:00,F,39,517.7694500000034,44558.0,32450.0,0.011620123210198022,50472.80455999997,2609.2088299999914,0.010258384777974854,0.0,0.0
BC,past,2009-01-01T00:00:00,F,40,560.1307199999974,44558.0,32663.0,0.01257082274787911,50472.80455999997,2609.2088299999914,0.01109767378458507,0.0,0.0
BC,past,2009-01-01T00:00:00,F,41,445.4979899999962,44558.0,31899.0,0.009998159477534813,50472.80455999997,2609.2088299999914,0.00882649565213692,0.0,0.0
BC,past,2009-01-01T00:00:00,F,42,304.02344999999696,44558.0,31071.0,0.006823094618250302,50472.80455999997,2609.2088299999914,0.006023510138783481,0.0,0.0
BC,past,2009-01-01T00:00:00,F,43,280.1418399999966,44558.0,32739.0,0.006287127788500305,50472.80455999997,2609.2088299999914,0.0055503521637474225,0.0,0.0
BC,past,2009-01-01T00:00:00,F,44,233.01098999998794,44558.0,34717.0,0.005229386193275909,50472.80455999997,2609.2088299999914,0.0046165651390145,0.0,0.0
BC,past,2009-01-01T00:00:00,F,45,271.3692599999995,44558.0,37026.0,0.006090247766955418,50472.80455999997,2609.2088299999914,0.005376544108568546,0.0,0.0
BC,past,2009-01-01T00:00:00,F,46,211.74136,44558.0,37384.00000000001,0.004752039139997307,50472.80455999997,2609.2088299999914,0.004195157408942685,0.0,0.0
BC,past,2009-01-01T00:00:00,F,47,135.88874999999098,44558.0,35956.0,0.0030497048790338655,50472.80455999997,2609.2088299999914,0.002692316212356539,0.0,0.0
BC,past,2009-01-01T00:00:00,F,48,249.78800000001502,44558.0,36589.00000000001,0.005605906907850779,50472.80455999997,2609.2088299999914,0.004948962162446857,0.0,0.0
BC,past,2009-01-01T00:00:00,F,49,162.35396999999648,44558.0,36355.0,0.003643654787019087,50472.80455999997,2609.2088299999914,0.003216662347482531,0.0,0.0
BC,past,2009-01-01T00:00:00,F,50,118.369200000001,44558.0,35588.0,0.002656519592441335,50472.80455999997,2609.2088299999914,0.0023452075039596546,0.0,0.0
BC,past,2009-01-01T00:00:00,F,51,88.84801999999763,44558.0,35456.0,0.0019939858162394547,50472.80455999997,2609.2088299999914,0.001760314703621805,0.0,0.0
BC,past,2009-01-01T00:00:00,F,52,32.30484000000433,44558.0,34716.00000000001,0.0007250065083712091,50472.80455999997,2609.2088299999914,0.0006400444810155474,0.0,0.0
BC,past,2009-01-01T00:00:00,F,53,-37.92749999999796,44558.0,33906.00000000001,-0.0008511939494590862,50472.80455999997,2609.2088299999914,0.0,0.014536015501679139,0.0011186073261369065
BC,past,2009-01-01T00:00:00,F,54,-18.895230000001902,44558.0,33876.0,-0.0004240592037345011,50472.80455999997,2609.2088299999914,0.0,0.007241746916823812,0.0005577763018066448
BC,past,2009-01-01T00:00:00,F,55,-50.70175000000745,44558.0,32378.999999999996,-0.0011378820862697485,50472.80455999997,2609.2088299999914,0.0,0.019431848235776365,0.001565883751814678
BC,past,2009-01-01T00:00:00,F,56,-115.25929999999789,44558.0,31150.000000000007,-0.0025867251671977624,50472.80455999997,2609.2088299999914,0.0,0.044174041830142924,0.003700138041733479
BC,past,2009-01-01T00:00:00,F,57,-106.53913999999713,44558.0,29980.0,-0.0023910215898378996,50472.80455999997,2609.2088299999914,0.0,0.040831971276134874,0.0035536737825215855
BC,past,2009-01-01T00:00:00,F,58,-29.13999999999578,44558.0,29609.000000000004,-0.0006539790834417115,50472.80455999997,2609.2088299999914,0.0,0.011168136358022319,0.0009841602215541144
BC,past,2009-01-01T00:00:00,F,59,12.482999999996537,44558.0,29521.0,0.00028015171237480446,50472.80455999997,2609.2088299999914,0.0002473213071636878,0.0,0.0
BC,past,2009-01-01T00:00:00,F,60,-35.715470000002824,44558.0,28535.0,-0.0008015501144576243,50472.80455999997,2609.2088299999914,0.0,0.013688237441693367,0.0012516372875417145
BC,past,2009-01-01T00:00:00,F,61,22.345310000004247,44558.0,28496.000000000004,0.000501488172718799,50472.80455999997,2609.2088299999914,0.00044271980118404305,0.0,0.0
BC,past,2009-01-01T00:00:00,F,62,166.91111999999703,44558.0,29076.0,0.0037459293505093818,50472.80455999997,2609.2088299999914,0.0033069515644128717,0.0,0.0
BC,past,2009-01-01T00:00:00,F,63,-30.55467999999746,44558.0,23237.000000000004,-0.0006857282642846955,50472.80455999997,2609.2088299999914,0.0,0.011710323699923076,0.0013149150062399387
BC,past,2009-01-01T00:00:00,F,64,-35.64357999999993,44558.0,22100.0,-0.0007999367117016008,50472.80455999997,2609.2088299999914,0.0,0.01366068502841915,0.0016128316742081417
BC,past,2009-01-01T00:00:00,F,65,43.66500000000087,44558.0,21984.0,0.0009799587055074482,50472.80455999997,2609.2088299999914,0.0008651193525038566,0.0,0.0
BC,past,2009-01-01T00:00:00,F,66,30.120580000006157,44558.0,20950.000000000004,0.0006759859060102822,50472.80455999997,2609.2088299999914,0.000596768502614117,0.0,0.0
BC,past,2009-01-01T00:00:00,F,67,-2.0553799999943294,44558.0,19330.000000000004,-4.612819246811637e-05,50472.80455999997,2609.2088299999914,0.0,0.0007877407037574437,0.00010633109156721827
BC,past,2009-01-01T00:00:00,F,68,70.18956999999864,44558.0,19138.0,0.0015752405853045163,50472.80455999997,2609.2088299999914,0.0013906413683939477,0.0,0.0
BC,past,2009-01-01T00:00:00,F,69,39.268199999998615,44558.0,17429.0,0.0008812828223887655,50472.80455999997,2609.2088299999914,0.0007780070939651909,0.0,0.0
BC,past,2009-01-01T00:00:00,F,70,27.161039999999048,44558.0,16461.0,0.000609565958974798,50472.80455999997,2609.2088299999914,0.0005381321730935544,0.0,0.0
BC,past,2009-01-01T00:00:00,F,71,27.08814000000166,44558.0,16137.0,0.0006079298891333017,50472.80455999997,2609.2088299999914,0.0005366878309248777,0.0,0.0
BC,past,2009-01-01T00:00:00,F,72,26.32951999999932,44558.0,15512.000000000002,0.0005909044391579362,50472.80455999997,2609.2088299999914,0.0005216575585511576,0.0,0.0
BC,past,2009-01-01T00:00:00,F,73,23.835590000002412,44558.0,14915.000000000002,0.0005349340185825758,50472.80455999997,2609.2088299999914,0.0004722461968933717,0.0,0.0
BC,past,2009-01-01T00:00:00,F,74,1.1969999999982974,44558.0,14295.0,2.6863862830429944e-05,50472.80455999997,2609.2088299999914,2.371574178279223e-05,0.0,0.0
BC,past,2009-01-01T00:00:00,F,75,-52.669480000000476,44558.0,13483.0,-0.0011820431796759386,50472.80455999997,2609.2088299999914,0.0,0.020185996381133147,0.003906362085589296
BC,past,2009-01-01T00:00:00,F,76,-41.308020000002216,44558.0,13617.0,-0.000927061807082953,50472.80455999997,2609.2088299999914,0.0,0.015831626631434614,0.0030335624586915045
BC,past,2009-01-01T00:00:00,F,77,-9.818600000000515,44558.0,12964.0,-0.00022035549171867038,50472.80455999997,2609.2088299999914,0.0,0.0037630564051098,0.0007573742672015208
BC,past,2009-01-01T00:00:00,F,78,0.6348999999972875,44558.0,12901.0,1.4248844203000304e-05,50472.80455999997,2609.2088299999914,1.2579051343234649e-05,0.0,0.0
BC,past,2009-01-01T00:00:00,F,79,-44.92555999999968,44558.0,12333.0,-0.001008249023744326,50472.80455999997,2609.2088299999914,0.0,0.01721807755801586,0.003642711424633072
BC,past,2009-01-01T00:00:00,F,80,-57.05224000000089,44558.0,11581.0,-0.0012804039678621323,50472.80455999997,2609.2088299999914,0.0,0.021865723948205816,0.00492636559882574
BC,past,2009-01-01T00:00:00,F,81,-57.13406000000032,44558.0,10996.000000000002,-0.00128224022622201,50472.80455999997,2609.2088299999914,0.0,0.021897082112818277,0.00519589487086216
BC,past,2009-01-01T00:00:00,F,82,-58.81660000000011,44558.0,10532.0,-0.0013200008977063626,50472.80455999997,2609.2088299999914,0.0,0.022541928926401916,0.005584561336878096
BC,past,2009-01-01T00:00:00,F,83,-25.17511999999988,44558.0,10015.0,-0.0005649966336011464,50472.80455999997,2609.2088299999914,0.0,0.009648564618723892,0.0025137413879181107
BC,past,2009-01-01T00:00:00,F,84,-115.65516999999818,44558.0,9456.000000000002,-0.0025956095426185686,50472.80455999997,2609.2088299999914,0.0,0.0443257621506664,0.012230876692047182
BC,past,2009-01-01T00:00:00,F,85,-70.53824000000168,44558.0,8918.0,-0.00158306566722029,50472.80455999997,2609.2088299999914,0.0,0.027034340520763114,0.007909647903117479
BC,past,2009-01-01T00:00:00,F,86,-78.76040000000012,44558.0,7990.0,-0.0017675928003949935,50472.80455999997,2609.2088299999914,0.0,0.030185548620882283,0.009857371714643319
BC,past,2009-01-01T00:00:00,F,87,-107.92450000000008,44558.0,7449.000000000001,-0.002422112751918849,50472.80455999997,2609.2088299999914,0.0,0.04136292149524898,0.01448845482615117
BC,past,2009-01-01T00:00:00,F,88,-100.04031999999916,44558.0,6643.0,-0.0022451707886350187,50472.80455999997,2609.2088299999914,0.0,0.03834124691353259,0.015059509257865296
BC,past,2009-01-01T00:00:00,F,89,46.67856000000029,44558.0,5937.0,0.0010475910049822768,50472.80455999997,2609.2088299999914,0.0009248259613652092,0.0,0.0
BC,past,2009-01-01T00:00:00,F,90,-53.59488000000056,44558.0,4358.0,-0.001202811616320314,50472.80455999997,2609.2088299999914,0.0,0.02054066327837804,0.012298044974759191
BC,past,2009-01-01T00:00:00,F,91,-10.251100000001315,44558.0,3598.9999999999995,-0.00023006194173888673,50472.80455999997,2609.2088299999914,0.0,0.003928815463958609,0.002848318977494114
BC,past,2009-01-01T00:00:00,F,92,-40.665500000000065,44558.0,2947.0,-0.0009126419498182159,50472.80455999997,2609.2088299999914,0.0,0.015585375740124335,0.013798948082796086
BC,past,2009-01-01T00:00:00,F,93,-48.78134,44558.0,2395.0,-0.0010947829794874097,50472.80455999997,2609.2088299999914,0.0,0.018695835856112814,0.02036799164926931
BC,past,2009-01-01T00:00:00,F,94,-7.47219000000041,44558.0,2030.9999999999998,-0.00016769581219983862,50472.80455999997,2609.2088299999914,0.0,0.002863776143207531,0.003679069423929301
BC,past,2009-01-01T00:00:00,F,95,-38.3152799999998,44558.0,1572.0000000000002,-0.0008598967637685669,50472.80455999997,2609.2088299999914,0.0,0.01468463526547238,0.024373587786259414
BC,past,2009-01-01T00:00:00,F,96,-27.542129999999815,44558.0,1114.0,-0.0006181186318955028,50472.80455999997,2609.2088299999914,0.0,0.010555739994180498,0.024723635547576134
BC,past,2009-01-01T00:00:00,F,97,-4.086229999999887,44558.0,814.0000000000001,-9.170586651106169e-05,50472.80455999997,2609.2088299999914,0.0,0.001566080090262419,0.005019938574938435
BC,past,2009-01-01T00:00:00,F,98,-26.88785000000007,44558.0,529.0,-0.0006034348489609065,50472.80455999997,2609.2088299999914,0.0,0.01030498198950222,0.05082769376181488
BC,past,2009-01-01T00:00:00,F,99,-12.000119999999981,44558.0,354.0,-0.00026931460119394905,50472.80455999997,2609.2088299999914,0.0,0.004599141265362045,0.03389864406779656
BC,past,2009-01-01T00:00:00,F,100,394.46399999999994,44558.0,644.0,0.008852821042237082,50472.80455999997,2609.2088299999914,0.007815377081554435,0.0,0.0
BC,past,2009-01-01T00:00:00,M,1,318.40385999999853,44558.0,22951.0,0.007145829256250248,50472.80455999997,2609.2088299999914,0.006308424165760261,0.0,0.0
BC,past,2009-01-01T00:00:00,M,2,300.8869599999998,44558.0,22510.0,0.006752703442703887,50472.80455999997,2609.2088299999914,0.005961367960885112,0.0,0.0
BC,past,2009-01-01T00:00:00,M,3,258.97121999999945,44558.0,21868.0,0.005812002782889705,50472.80455999997,2609.2088299999914,0.005130906084129826,0.0,0.0
BC,past,2009-01-01T00:00:00,M,4,193.6799899999969,44558.0,21836.999999999996,0.004346693971901722,50472.80455999997,2609.2088299999914,0.003837313810643476,0.0,0.0
BC,past,2009-01-01T00:00:00,M,5,265.0722999999998,44558.0,22207.0,0.005948927240899498,50472.80455999997,2609.2088299999914,0.005251784645430054,0.0,0.0
BC,past,2009-01-01T00:00:00,M,6,270.64552000000185,44558.0,22314.0,0.006074005116926295,50472.80455999997,2609.2088299999914,0.005362204901419134,0.0,0.0
BC,past,2009-01-01T00:00:00,M,7,303.2047999999959,44558.0,22348.999999999996,0.00680472193545482,50472.80455999997,2609.2088299999914,0.006007290513043686,0.0,0.0
BC,past,2009-01-01T00:00:00,M,8,314.2429999999986,44558.0,22742.0,0.007052448494097549,50472.80455999997,2609.2088299999914,0.006225986503809979,0.0,0.0
BC,past,2009-01-01T00:00:00,M,9,377.0736900000011,44558.0,23416.0,0.00846253624489432,50472.80455999997,2609.2088299999914,0.007470828960014528,0.0,0.0
BC,past,2009-01-01T00:00:00,M,10,490.36409999999523,44558.0,24129.0,0.011005074285201203,50472.80455999997,2609.2088299999914,0.009715412176414149,0.0,0.0
BC,past,2009-01-01T00:00:00,M,11,394.42749999999796,44558.0,24667.0,0.00885200188518331,50472.80455999997,2609.2088299999914,0.007814653919837542,0.0,0.0
BC,past,2009-01-01T00:00:00,M,12,371.087360000005,44558.0,26096.0,0.008328187082005589,50472.80455999997,2609.2088299999914,0.0073522239002762725,0.0,0.0
BC,past,2009-01-01T00:00:00,M,13,420.72750000000815,44558.0,27042.000000000004,0.009442243817047627,50472.80455999997,2609.2088299999914,0.008335726608967505,0.0,0.0
BC,past,2009-01-01T00:00:00,M,14,573.934699999998,44558.0,27984.000000000004,0.012880620763948067,50472.80455999997,2609.2088299999914,0.01137116720585099,0.0,0.0
BC,past,2009-01-01T00:00:00,M,15,652.3525999999983,44558.0,28266.0,0.01464052695363343,50472.80455999997,2609.2088299999914,0.012924833594782885,0.0,0.0
BC,past,2009-01-01T00:00:00,M,16,644.9532800000015,44558.0,28615.0,0.014474466537995456,50472.80455999997,2609.2088299999914,0.012778233459036498,0.0,0.0
BC,past,2009-01-01T00:00:00,M,17,473.17287000000215,44558.0,28770.0,0.010619257372413532,50472.80455999997,2609.2088299999914,0.00937480835719192,0.0,0.0
BC,past,2009-01-01T00:00:00,M,18,307.5125799999987,44558.0,29019.0,0.00690139997306878,50472.80455999997,2609.2088299999914,0.006092639049499232,0.0,0.0
BC,past,2009-01-01T00:00:00,M,19,943.2304799999947,44558.0,30329.0,0.02116860002693107,50472.80455999997,2609.2088299999914,0.018687895159039986,0.0,0.0
BC,past,2009-01-01T00:00:00,M,20,300.37067999999636,44558.0,30683.999999999996,0.006741116746712069,50472.80455999997,2609.2088299999914,0.005951139086058279,0.0,0.0
BC,past,2009-01-01T00:00:00,M,21,258.651799999996,44558.0,29896.999999999996,0.0058048341487498545,50472.80455999997,2609.2088299999914,0.005124577527538053,0.0,0.0
BC,past,2009-01-01T00:00:00,M,22,478.6657200000009,44558.0,29892.0,0.010742531531935924,50472.80455999997,2609.2088299999914,0.009483636270518373,0.0,0.0
BC,past,2009-01-01T00:00:00,M,23,819.489539999995,44558.0,31029.0,0.018391524305399594,50472.80455999997,2609.2088299999914,0.016236259251768345,0.0,0.0
BC,past,2009-01-01T00:00:00,M,24,854.2012799999939,44558.0,32020.0,0.019170548049732793,50472.80455999997,2609.2088299999914,0.016923990799531555,0.0,0.0
BC,past,2009-01-01T00:00:00,M,25,830.0822499999995,44558.0,31489.0,0.01862925288388167,50472.80455999997,2609.2088299999914,0.016446128905185608,0.0,0.0
BC,past,2009-01-01T00:00:00,M,26,700.1379799999995,44558.0,31066.999999999996,0.01571295794245701,50472.80455999997,2609.2088299999914,0.013871588593174066,0.0,0.0
BC,past,2009-01-01T00:00:00,M,27,663.9143799999983,44558.0,30771.0,0.014900004039678585,50472.80455999997,2609.2088299999914,0.01315390309271926,0.0,0.0
BC,past,2009-01-01T00:00:00,M,28,980.5695200000009,44558.0,30687.0,0.02200658736927153,50472.80455999997,2609.2088299999914,0.01942768048156192,0.0,0.0
BC,past,2009-01-01T00:00:00,M,29,986.7860000000001,44558.0,30122.000000000004,0.02214610171013062,50472.80455999997,2609.2088299999914,0.019550845422646367,0.0,0.0
BC,past,2009-01-01T00:00:00,M,30,814.7678000000014,44558.0,29086.0,0.018285555904663617,50472.80455999997,2609.2088299999914,0.01614270907081138,0.0,0.0
BC,past,2009-01-01T00:00:00,M,31,712.6344599999975,44558.0,28292.999999999996,0.015993412181875253,50472.80455999997,2609.2088299999914,0.014119176974856772,0.0,0.0
BC,past,2009-01-01T00:00:00,M,32,598.9231,44558.0,28531.0,0.013441426904259616,50472.80455999997,2609.2088299999914,0.011866253623533543,0.0,0.0
BC,past,2009-01-01T00:00:00,M,33,610.6188800000018,44558.0,28171.999999999996,0.013703911306611648,50472.80455999997,2609.2088299999914,0.012097978016540046,0.0,0.0
BC,past,2009-01-01T00:00:00,M,34,560.7422000000042,44558.0,28469.0,0.012584545985008399,50472.80455999997,2609.2088299999914,0.01110978882367072,0.0,0.0
BC,past,2009-01-01T00:00:00,M,35,461.9804000000004,44558.0,28193.0,0.010368068584765931,50472.80455999997,2609.2088299999914,0.009153055868944578,0.0,0.0
BC,past,2009-01-01T00:00:00,M,36,468.73301999999967,44558.0,28740.0,0.010519615332824625,50472.80455999997,2609.2088299999914,0.009286843164080358,0.0,0.0
BC,past,2009-01-01T00:00:00,M,37,344.1091800000031,44558.0,29387.0,0.007722724987656607,50472.80455999997,2609.2088299999914,0.0068177146683208465,0.0,0.0
BC,past,2009-01-01T00:00:00,M,38,574.3010400000021,44558.0,31831.999999999996,0.012888842407648505,50472.80455999997,2609.2088299999914,0.011378425371970305,0.0,0.0
BC,past,2009-01-01T00:00:00,M,39,402.4228299999995,44558.0,32191.0,0.0090314383500157,50472.80455999997,2609.2088299999914,0.007973062592977491,0.0,0.0
BC,past,2009-01-01T00:00:00,M,40,453.26162000000477,44558.0,31759.0,0.010172395978275612,50472.80455999997,2609.2088299999914,0.008980313734323724,0.0,0.0
BC,past,2009-01-01T00:00:00,M,41,304.1190000000024,44558.0,31004.0,0.00682523901431847,50472.80455999997,2609.2088299999914,0.006025403237469763,0.0,0.0
BC,past,2009-01-01T00:00:00,M,42,247.13390999999683,44558.0,30953.999999999996,0.005546342071008502,50472.80455999997,2609.2088299999914,0.004896377606800398,0.0,0.0
BC,past,2009-01-01T00:00:00,M,43,198.58159000000524,44558.0,32109.0,0.00445669890928689,50472.80455999997,2609.2088299999914,0.003934427494789589,0.0,0.0
BC,past,2009-01-01T00:00:00,M,44,178.63904000000912,44558.0,34300.0,0.004009135059922104,50472.80455999997,2609.2088299999914,0.003539312735983404,0.0,0.0
BC,past,2009-01-01T00:00:00,M,45,41.79471999999805,44558.0,35926.0,0.000937984649221196,50472.80455999997,2609.2088299999914,0.0008280641498792529,0.0,0.0
BC,past,2009-01-01T00:00:00,M,46,232.31524999999965,44558.0,37178.0,0.005213771937699171,50472.80455999997,2609.2088299999914,0.004602780686059024,0.0,0.0
BC,past,2009-01-01T00:00:00,M,47,162.6981500000038,44558.0,35463.0,0.003651379101396019,50472.80455999997,2609.2088299999914,0.0032234814652828537,0.0,0.0
BC,past,2009-01-01T00:00:00,M,48,400.44864999999845,44558.0,35947.0,0.008987132501458737,50472.80455999997,2609.2088299999914,0.007933948856041114,0.0,0.0
BC,past,2009-01-01T00:00:00,M,49,285.47679999999673,44558.0,35419.0,0.006406858476592233,50472.80455999997,2609.2088299999914,0.005656051857800646,0.0,0.0
BC,past,2009-01-01T00:00:00,M,50,179.337360000005,44558.0,34475.0,0.004024807217559248,50472.80455999997,2609.2088299999914,0.003553148305575455,0.0,0.0
BC,past,2009-01-01T00:00:00,M,51,250.88088000000425,44558.0,35009.0,0.005630434041025276,50472.80455999997,2609.2088299999914,0.00497061501113471,0.0,0.0
BC,past,2009-01-01T00:00:00,M,52,172.24785000000702,44558.0,33903.0,0.003865699762107972,50472.80455999997,2609.2088299999914,0.0034126863268563955,0.0,0.0
BC,past,2009-01-01T00:00:00,M,53,216.0145599999887,44558.0,33753.99999999999,0.004847941110462514,50472.80455999997,2609.2088299999914,0.00427982082396867,0.0,0.0
BC,past,2009-01-01T00:00:00,M,54,147.72848000000522,44558.0,33044.0,0.0033154199021501237,50472.80455999997,2609.2088299999914,0.002926892636298658,0.0,0.0
BC,past,2009-01-01T00:00:00,M,55,129.6255999999994,44558.0,32027.0,0.002909143139279128,50472.80455999997,2609.2088299999914,0.00256822661490716,0.0,0.0
BC,past,2009-01-01T00:00:00,M,56,135.43043999999645,44558.0,30980.999999999996,0.003039419183984839,50472.80455999997,2609.2088299999914,0.0026832358768374438,0.0,0.0
BC,past,2009-01-01T00:00:00,M,57,178.1391599999988,44558.0,30072.0,0.003997916423537834,50472.80455999997,2609.2088299999914,0.0035294087886127744,0.0,0.0
BC,past,2009-01-01T00:00:00,M,58,211.27964999999676,44558.0,29664.999999999996,0.004741677139907464,50472.80455999997,2609.2088299999914,0.004186009710414176,0.0,0.0
BC,past,2009-01-01T00:00:00,M,59,199.60760000000664,44558.0,29491.0,0.004479725301853913,50472.80455999997,2609.2088299999914,0.003954755471587109,0.0,0.0
BC,past,2009-01-01T00:00:00,M,60,181.3927999999978,44558.0,28227.0,0.004070936756586871,50472.80455999997,2609.2088299999914,0.0035938720184325325,0.0,0.0
BC,past,2009-01-01T00:00:00,M,61,245.1357599999974,44558.0,28536.999999999996,0.005501498271915198,50472.80455999997,2609.2088299999914,0.0048567889606489015,0.0,0.0
BC,past,2009-01-01T00:00:00,M,62,259.89893999999913,44558.0,28558.0,0.0058328232865029654,50472.80455999997,2609.2088299999914,0.00514928667558075,0.0,0.0
BC,past,2009-01-01T00:00:00,M,63,102.59151999999813,44558.0,23188.0,0.0023024265002917123,50472.80455999997,2609.2088299999914,0.002032609855829224,0.0,0.0
BC,past,2009-01-01T00:00:00,M,64,89.41220000000249,44558.0,21834.0,0.0020066475155977037,50472.80455999997,2609.2088299999914,0.0017714926043729746,0.0,0.0
BC,past,2009-01-01T00:00:00,M,65,110.39203999999881,44558.0,21785.0,0.0024774909107230757,50472.80455999997,2609.2088299999914,0.0021871588266661377,0.0,0.0
BC,past,2009-01-01T00:00:00,M,66,62.09723999999551,44558.0,20609.999999999996,0.0013936271825484875,50472.80455999997,2609.2088299999914,0.0012303108682256184,0.0,0.0
BC,past,2009-01-01T00:00:00,M,67,1.0097399999976915,44558.0,18868.999999999996,2.2661250504908018e-05,50472.80455999997,2609.2088299999914,2.0005624985577227e-05,0.0,0.0
BC,past,2009-01-01T00:00:00,M,68,66.17599999999584,44558.0,17917.999999999996,0.0014851654023967827,50472.80455999997,2609.2088299999914,0.0013111219116292332,0.0,0.0
BC,past,2009-01-01T00:00:00,M,69,79.56750000000466,44558.0,16762.0,0.0017857062704790309,50472.80455999997,2609.2088299999914,0.0015764430111153845,0.0,0.0
BC,past,2009-01-01T00:00:00,M,70,80.3318399999971,44558.0,15935.999999999998,0.00180286009246369,50472.80455999997,2609.2088299999914,0.0015915866118456318,0.0,0.0
BC,past,2009-01-01T00:00:00,M,71,42.88976999999977,44558.0,15120.0,0.0009625604829660167,50472.80455999997,2609.2088299999914,0.0008497599920173685,0.0,0.0
BC,past,2009-01-01T00:00:00,M,72,30.850399999999354,44558.0,14382.999999999998,0.000692365007406063,50472.80455999997,2609.2088299999914,0.0006112281706740841,0.0,0.0
BC,past,2009-01-01T00:00:00,M,73,100.12161999999807,44558.0,14185.999999999998,0.0022469953768122016,50472.80455999997,2609.2088299999914,0.001983674592145512,0.0,0.0
BC,past,2009-01-01T00:00:00,M,74,23.788689999999406,44558.0,13354.0,0.0005338814578751157,50472.80455999997,2609.2088299999914,0.00047131698361878034,0.0,0.0
BC,past,2009-01-01T00:00:00,M,75,-11.797199999997247,44558.0,12663.0,-0.00026476053682834166,50472.80455999997,2609.2088299999914,0.0,0.004521370564270735,0.0009316275764034784
BC,past,2009-01-01T00:00:00,M,76,-9.190679999997883,44558.0,12371.0,-0.0002062632972754137,50472.80455999997,2609.2088299999914,0.0,0.0035224010797165334,0.0007429213483144356
BC,past,2009-01-01T00:00:00,M,77,-18.163650000000416,44558.0,11979.0,-0.0004076406032586834,50472.80455999997,2609.2088299999914,0.0,0.0069613630734188785,0.0015162910092662507
BC,past,2009-01-01T00:00:00,M,78,-7.496349999997619,44558.0,11540.0,-0.00016823802684136675,50472.80455999997,2609.2088299999914,0.0,0.0028730356550256057,0.0006495970537259636
BC,past,2009-01-01T00:00:00,M,79,-34.46695,44558.0,10430.0,-0.0007735300058350912,50472.80455999997,2609.2088299999914,0.0,0.013209732239025157,0.003304597315436241
BC,past,2009-01-01T00:00:00,M,80,-86.60933999999907,44558.0,9621.0,-0.0019437438843754,50472.80455999997,2609.2088299999914,0.0,0.03319371719280873,0.009002114125350697
BC,past,2009-01-01T00:00:00,M,81,-67.34922000000006,44558.0,8728.999999999998,-0.001511495578796177,50472.80455999997,2609.2088299999914,0.0,0.025812123286429428,0.0077155710848894575
BC,past,2009-01-01T00:00:00,M,82,-60.6234400000003,44558.0,7823.999999999999,-0.0013605511917051999,50472.80455999997,2609.2088299999914,0.0,0.0232344147018698,0.0077483946830266244
BC,past,2009-01-01T00:00:00,M,83,-75.803460000001,44558.0,6981.999999999999,-0.0017012312042731046,50472.80455999997,2609.2088299999914,0.0,0.02905227788915663,0.010856983672300344
BC,past,2009-01-01T00:00:00,M,84,-92.1247400000002,44558.0,6291.999999999999,-0.0020675241258584364,50472.80455999997,2609.2088299999914,0.0,0.035307538032515594,0.014641567069294377
BC,past,2009-01-01T00:00:00,M,85,-100.8746999999994,44558.0,5739.0,-0.0022638964944566497,50472.80455999997,2609.2088299999914,0.0,0.038661029673121156,0.01757705175117606
BC,past,2009-01-01T00:00:00,M,86,-119.90023999999994,44558.0,4888.0,-0.0026908802010862233,50472.80455999997,2609.2088299999914,0.0,0.04595271893204513,0.02452950900163665
BC,past,2009-01-01T00:00:00,M,87,-81.35973999999896,44558.0,4395.0,-0.001825928901656245,50472.80455999997,2609.2088299999914,0.0,0.031181766313430434,0.018511886234356987
BC,past,2009-01-01T00:00:00,M,88,-42.979650000000674,44558.0,3688.9999999999995,-0.0009645776291575177,50472.80455999997,2609.2088299999914,0.0,0.016472292100897425,0.011650759013282917
BC,past,2009-01-01T00:00:00,M,89,-43.29222000000027,44558.0,3093.0,-0.0009715925310830888,50472.80455999997,2609.2088299999914,0.0,0.01659208703505745,0.013996838021338593
BC,past,2009-01-01T00:00:00,M,90,-44.16424000000052,44558.0,2060.9999999999995,-0.000991162978589715,50472.80455999997,2609.2088299999914,0.0,0.016926295623490076,0.02142854924793815
BC,past,2009-01-01T00:00:00,M,91,-78.39927999999941,44558.0,1595.0000000000002,-0.0017594883073746444,50472.80455999997,2609.2088299999914,0.0,0.030047146513757454,0.04915315360501529
BC,past,2009-01-01T00:00:00,M,92,-13.122499999999945,44558.0,1270.0,-0.00029450379280937083,50472.80455999997,2609.2088299999914,0.0,0.005029302311536325,0.010332677165354288
BC,past,2009-01-01T00:00:00,M,93,-17.688900000000217,44558.0,991.9999999999998,-0.00039698595089546695,50472.80455999997,2609.2088299999914,0.0,0.006779411366624984,0.01783155241935506
BC,past,2009-01-01T00:00:00,M,94,-16.013220000000047,44558.0,778.0,-0.0003593792360518885,50472.80455999997,2609.2088299999914,0.0,0.006137193702506403,0.020582544987146588
BC,past,2009-01-01T00:00:00,M,95,-16.55280000000016,44558.0,547.9999999999999,-0.0003714888459984775,50472.80455999997,2609.2088299999914,0.0,0.006343992021520261,0.030205839416058696
BC,past,2009-01-01T00:00:00,M,96,1.034659999999974,44558.0,397.99999999999994,2.322052156739472e-05,50472.80455999997,2609.2088299999914,2.0499356218060228e-05,0.0,0.0
BC,past,2009-01-01T00:00:00,M,97,-5.893250000000052,44558.0,234.99999999999991,-0.0001322602001885195,50472.80455999997,2609.2088299999914,0.0,0.0022586348521594075,0.025077659574468315
BC,past,2009-01-01T00:00:00,M,98,-13.496100000000041,44558.0,137.99999999999997,-0.0003028883702141039,50472.80455999997,2609.2088299999914,0.0,0.005172487477746304,0.09779782608695683
BC,past,2009-01-01T00:00:00,M,99,0.5091999999999501,44558.0,111.99999999999996,1.142780196597581e-05,50472.80455999997,2609.2088299999914,1.0088601266344025e-05,0.0,0.0
BC,past,2009-01-01T00:00:00,M,100,116.41502999999999,44558.0,176.99999999999997,0.00261266282149109,50472.80455999997,2609.2088299999914,0.0023064902181453113,0.0,0.0
BC,past,2010-01-01T00:00:00,F,1,131.9904000000024,44428.0,21584.000000000004,0.002970883226793968,44356.04429999997,3107.8943000000386,0.002975702682306197,0.0,0.0
BC,past,2010-01-01T00:00:00,F,2,215.9768299999996,44428.0,21767.0,0.00486127734761861,44356.04429999997,3107.8943000000386,0.0048691634569406304,0.0,0.0
BC,past,2010-01-01T00:00:00,F,3,218.40957999999955,44428.0,21212.0,0.0049160344827586105,44356.04429999997,3107.8943000000386,0.004924009420740877,0.0,0.0
BC,past,2010-01-01T00:00:00,F,4,195.9243200000019,44428.0,21081.0,0.004409928873683306,44356.04429999997,3107.8943000000386,0.0044170827920289105,0.0,0.0
BC,past,2010-01-01T00:00:00,F,5,291.059699999998,44428.0,20886.000000000004,0.0065512672188709365,44356.04429999997,3107.8943000000386,0.00656189488024292,0.0,0.0
BC,past,2010-01-01T00:00:00,F,6,291.66767999999865,44428.0,21136.0,0.0065649518321778755,44356.04429999997,3107.8943000000386,0.006575601693138332,0.0,0.0
BC,past,2010-01-01T00:00:00,F,7,309.2569999999978,44428.0,21258.0,0.006960858017466413,44356.04429999997,3107.8943000000386,0.006972150129266554,0.0,0.0
BC,past,2010-01-01T00:00:00,F,8,274.25393999999505,44428.0,21172.0,0.006172997659133768,44356.04429999997,3107.8943000000386,0.006183011680326851,0.0,0.0
BC,past,2010-01-01T00:00:00,F,9,282.28628000000026,44428.0,21719.0,0.006353792203115159,44356.04429999997,3107.8943000000386,0.006364099514617908,0.0,0.0
BC,past,2010-01-01T00:00:00,F,10,333.5397899999989,44428.0,22329.0,0.007507423021517937,44356.04429999997,3107.8943000000386,0.007519601787393812,0.0,0.0
BC,past,2010-01-01T00:00:00,F,11,295.04561000000103,44428.0,23022.0,0.006640983388853899,44356.04429999997,3107.8943000000386,0.0066517565904766944,0.0,0.0
BC,past,2010-01-01T00:00:00,F,12,240.32849999999598,44428.0,23522.999999999996,0.005409392725308273,44356.04429999997,3107.8943000000386,0.005418168003768454,0.0,0.0
BC,past,2010-01-01T00:00:00,F,13,178.39649999999529,44428.0,24140.999999999996,0.004015406950571606,44356.04429999997,3107.8943000000386,0.004021920863668977,0.0,0.0
BC,past,2010-01-01T00:00:00,F,14,378.76540000000386,44428.0,25516.0,0.008525375889079046,44356.04429999997,3107.8943000000386,0.008539206008503426,0.0,0.0
BC,past,2010-01-01T00:00:00,F,15,392.5322000000051,44428.0,25712.0,0.008835243540109956,44356.04429999997,3107.8943000000386,0.008849576336093734,0.0,0.0
BC,past,2010-01-01T00:00:00,F,16,504.3148000000001,44428.0,26222.0,0.011351282974700642,44356.04429999997,3107.8943000000386,0.011369697365010532,0.0,0.0
BC,past,2010-01-01T00:00:00,F,17,438.36177999999563,44428.0,26677.999999999996,0.009866790762582057,44356.04429999997,3107.8943000000386,0.009882796965282947,0.0,0.0
BC,past,2010-01-01T00:00:00,F,18,270.9148899999964,44428.0,26766.999999999996,0.006097841226253633,44356.04429999997,3107.8943000000386,0.006107733326436338,0.0,0.0
BC,past,2010-01-01T00:00:00,F,19,962.7711799999997,44428.0,27896.0,0.02167036958674709,44356.04429999997,3107.8943000000386,0.021705523907595167,0.0,0.0
BC,past,2010-01-01T00:00:00,F,20,1180.4366599999994,44428.0,29789.0,0.026569655622580342,44356.04429999997,3107.8943000000386,0.0266127577115798,0.0,0.0
BC,past,2010-01-01T00:00:00,F,21,911.2667499999952,44428.0,29971.0,0.020511090978661998,44356.04429999997,3107.8943000000386,0.020544364683123824,0.0,0.0
BC,past,2010-01-01T00:00:00,F,22,761.7026999999944,44428.0,29762.0,0.017144654272080544,44356.04429999997,3107.8943000000386,0.017172466842359856,0.0,0.0
BC,past,2010-01-01T00:00:00,F,23,944.9167800000032,44428.0,30102.000000000004,0.021268496893850797,44356.04429999997,3107.8943000000386,0.021302999284812326,0.0,0.0
BC,past,2010-01-01T00:00:00,F,24,1106.7766000000047,44428.0,31031.000000000004,0.02491169082560558,44356.04429999997,3107.8943000000386,0.024952103314587172,0.0,0.0
BC,past,2010-01-01T00:00:00,F,25,1175.0322000000015,44428.0,31809.0,0.026448010263797637,44356.04429999997,3107.8943000000386,0.02649091501606247,0.0,0.0
BC,past,2010-01-01T00:00:00,F,26,1027.5444200000093,44428.0,32030.000000000007,0.023128306923561926,44356.04429999997,3107.8943000000386,0.02316582635390708,0.0,0.0
BC,past,2010-01-01T00:00:00,F,27,779.5746800000052,44428.0,31871.000000000004,0.01754692266138483,44356.04429999997,3107.8943000000386,0.017575387803461223,0.0,0.0
BC,past,2010-01-01T00:00:00,F,28,624.6056199999948,44428.0,31806.999999999996,0.014058828216439966,44356.04429999997,3107.8943000000386,0.014081634867516696,0.0,0.0
BC,past,2010-01-01T00:00:00,F,29,504.70264999999927,44428.0,31073.0,0.011360012829746989,44356.04429999997,3107.8943000000386,0.011378441381888501,0.0,0.0
BC,past,2010-01-01T00:00:00,F,30,534.7546400000028,44428.0,30398.0,0.012036432880165725,44356.04429999997,3107.8943000000386,0.012055958741118021,0.0,0.0
BC,past,2010-01-01T00:00:00,F,31,383.34704999999667,44428.0,29467.0,0.008628501170432986,44356.04429999997,3107.8943000000386,0.008642498582769179,0.0,0.0
BC,past,2010-01-01T00:00:00,F,32,256.9897400000009,44428.0,28792.0,0.0057844093814711645,44356.04429999997,3107.8943000000386,0.0057937930231529025,0.0,0.0
BC,past,2010-01-01T00:00:00,F,33,281.829950000003,44428.0,28780.000000000004,0.0063435209777618394,44356.04429999997,3107.8943000000386,0.0063538116269760145,0.0,0.0
BC,past,2010-01-01T00:00:00,F,34,562.0012599999936,44428.0,29122.0,0.012649708742234483,44356.04429999997,3107.8943000000386,0.012670229477609075,0.0,0.0
BC,past,2010-01-01T00:00:00,F,35,385.07740000000194,44428.0,29365.000000000004,0.008667448455928737,44356.04429999997,3107.8943000000386,0.008681509049714837,0.0,0.0
BC,past,2010-01-01T00:00:00,F,36,358.1123200000002,44428.0,29114.000000000004,0.008060509588547767,44356.04429999997,3107.8943000000386,0.008073585587973641,0.0,0.0
BC,past,2010-01-01T00:00:00,F,37,372.6310000000085,44428.0,29740.000000000007,0.008387300801296672,44356.04429999997,3107.8943000000386,0.00840090693118928,0.0,0.0
BC,past,2010-01-01T00:00:00,F,38,381.24780000000464,44428.0,29974.000000000004,0.008581250562708307,44356.04429999997,3107.8943000000386,0.00859517132369725,0.0,0.0
BC,past,2010-01-01T00:00:00,F,39,553.7514000000047,44428.0,33033.00000000001,0.012464018186729195,44356.04429999997,3107.8943000000386,0.012484237689337978,0.0,0.0
BC,past,2010-01-01T00:00:00,F,40,388.9865000000027,44428.0,32814.0,0.008755435761231717,44356.04429999997,3107.8943000000386,0.008769639090652702,0.0,0.0
BC,past,2010-01-01T00:00:00,F,41,466.76354999999967,44428.0,33102.0,0.01050606711983433,44356.04429999997,3107.8943000000386,0.01052311037573745,0.0,0.0
BC,past,2010-01-01T00:00:00,F,42,307.6660699999993,44428.0,32177.0,0.006925048843071921,44356.04429999997,3107.8943000000386,0.006936282864159721,0.0,0.0
BC,past,2010-01-01T00:00:00,F,43,184.00313000000097,44428.0,31223.0,0.004141602818042697,44356.04429999997,3107.8943000000386,0.0041483214498458125,0.0,0.0
BC,past,2010-01-01T00:00:00,F,44,259.9950699999972,44428.0,32962.0,0.005852054335103926,44356.04429999997,3107.8943000000386,0.005861547712450034,0.0,0.0
BC,past,2010-01-01T00:00:00,F,45,97.04907999999705,44428.0,34771.0,0.0021844125326370093,44356.04429999997,3107.8943000000386,0.002187956151896915,0.0,0.0
BC,past,2010-01-01T00:00:00,F,46,81.98510000000533,44428.0,37058.00000000001,0.0018453475285856967,44356.04429999997,3107.8943000000386,0.0018483411064679944,0.0,0.0
BC,past,2010-01-01T00:00:00,F,47,71.95447999999305,44428.0,37401.0,0.001619575042765667,44356.04429999997,3107.8943000000386,0.001622202365777534,0.0,0.0
BC,past,2010-01-01T00:00:00,F,48,5.529600000001665,44428.0,35904.0,0.00012446205095889226,44356.04429999997,3107.8943000000386,0.00012466395701569963,0.0,0.0
BC,past,2010-01-01T00:00:00,F,49,154.66485999998258,44428.0,36679.99999999999,0.0034812474115418785,44356.04429999997,3107.8943000000386,0.0034868947950794315,0.0,0.0
BC,past,2010-01-01T00:00:00,F,50,44.34739999999874,44428.0,36331.0,0.0009981858287566117,44356.04429999997,3107.8943000000386,0.0009998051156243158,0.0,0.0
BC,past,2010-01-01T00:00:00,F,51,33.243640000000596,44428.0,35549.0,0.0007482587557396371,44356.04429999997,3107.8943000000386,0.0007494726034440501,0.0,0.0
BC,past,2010-01-01T00:00:00,F,52,17.648640000006708,44428.0,35396.00000000001,0.00039724137931049583,44356.04429999997,3107.8943000000386,0.0003978857961418061,0.0,0.0
BC,past,2010-01-01T00:00:00,F,53,-33.72308000001067,44428.0,34600.0,-0.0007590501485552055,44356.04429999997,3107.8943000000386,0.0,0.010850780864719321,0.0009746554913297881
BC,past,2010-01-01T00:00:00,F,54,-71.20064000001003,44428.0,33748.0,-0.001602607364725174,44356.04429999997,3107.8943000000386,0.0,0.02290960796189534,0.002109773616214591
BC,past,2010-01-01T00:00:00,F,55,-39.16347999998834,44428.0,33743.00000000001,-0.0008815044566486977,44356.04429999997,3107.8943000000386,0.0,0.012601290848272367,0.001160640132767932
BC,past,2010-01-01T00:00:00,F,56,-106.539209999999,44428.0,32175.0,-0.002398019492212096,44356.04429999997,3107.8943000000386,0.0,0.03428019093184658,0.003311241958041927
BC,past,2010-01-01T00:00:00,F,57,-151.1395000000084,44428.0,30897.0,-0.0034018974520574506,44356.04429999997,3107.8943000000386,0.0,0.048630836640746286,0.004891720879050018
BC,past,2010-01-01T00:00:00,F,58,-114.57100000000355,44428.0,29758.999999999996,-0.002578801656613027,44356.04429999997,3107.8943000000386,0.0,0.03686450983870401,0.0038499613562284875
BC,past,2010-01-01T00:00:00,F,59,-112.70926000000327,44428.0,29382.0,-0.0025368970018907733,44356.04429999997,3107.8943000000386,0.0,0.036265474022074,0.0038359968688313683
BC,past,2010-01-01T00:00:00,F,60,-50.71659,44428.0,29346.0,-0.001141545646889349,44356.04429999997,3107.8943000000386,0.0,0.016318634131154128,0.0017282283786546717
BC,past,2010-01-01T00:00:00,F,61,-67.73899999999776,44428.0,28336.0,-0.0015246916359052346,44356.04429999997,3107.8943000000386,0.0,0.021795786298136624,0.0023905632411066404
BC,past,2010-01-01T00:00:00,F,62,-21.950080000002345,44428.0,28331.0,-0.0004940596020528123,44356.04429999997,3107.8943000000386,0.0,0.007062685497380677,0.0007747725106774327
BC,past,2010-01-01T00:00:00,F,63,135.62724000000162,44428.0,29052.0,0.003052742414693473,44356.04429999997,3107.8943000000386,0.0030576946646254863,0.0,0.0
BC,past,2010-01-01T00:00:00,F,64,-44.11326000000554,44428.0,23052.999999999996,-0.000992915728819788,44356.04429999997,3107.8943000000386,0.0,0.01419393832023341,0.0019135583221275125
BC,past,2010-01-01T00:00:00,F,65,-8.139999999999418,44428.0,21946.0,-0.00018321779058250244,44356.04429999997,3107.8943000000386,0.0,0.0026191366932907974,0.00037091041647678016
BC,past,2010-01-01T00:00:00,F,66,4.383999999998196,44428.0,21829.0,9.867651030877365e-05,44356.04429999997,3107.8943000000386,9.883658629131179e-05,0.0,0.0
BC,past,2010-01-01T00:00:00,F,67,35.97149999999601,44428.0,20819.0,0.0008096583235796348,44356.04429999997,3107.8943000000386,0.0008109717754970327,0.0,0.0
BC,past,2010-01-01T00:00:00,F,68,0.5240999999950873,44428.0,19161.0,1.1796614747345982e-05,44356.04429999997,3107.8943000000386,1.1815751568159734e-05,0.0,0.0
BC,past,2010-01-01T00:00:00,F,69,78.06445999999414,44428.0,19030.999999999996,0.0017571004771764235,44356.04429999997,3107.8943000000386,0.001759950898055943,0.0,0.0
BC,past,2010-01-01T00:00:00,F,70,9.967430000000604,44428.0,17253.0,0.00022435018456830387,44356.04429999997,3107.8943000000386,0.00022471413213915944,0.0,0.0
BC,past,2010-01-01T00:00:00,F,71,9.239799999999377,44428.0,16275.999999999998,0.00020797244980641437,44356.04429999997,3107.8943000000386,0.0002083098289267283,0.0,0.0
BC,past,2010-01-01T00:00:00,F,72,30.58785000000171,44428.0,15957.000000000002,0.0006884813631043871,44356.04429999997,3107.8943000000386,0.0006895982381368874,0.0,0.0
BC,past,2010-01-01T00:00:00,F,73,8.30351999999948,44428.0,15296.0,0.00018689835239037275,44356.04429999997,3107.8943000000386,0.0001872015444803649,0.0,0.0
BC,past,2010-01-01T00:00:00,F,74,22.23659999999836,44428.0,14698.0,0.0005005086882146026,44356.04429999997,3107.8943000000386,0.0005013206283590617,0.0,0.0
BC,past,2010-01-01T00:00:00,F,75,-23.406049999999595,44428.0,14017.0,-0.000526831052489412,44356.04429999997,3107.8943000000386,0.0,0.007531160245700539,0.0016698330598558604
BC,past,2010-01-01T00:00:00,F,76,-46.90176999999858,44428.0,13169.000000000002,-0.0010556804267578684,44356.04429999997,3107.8943000000386,0.0,0.01509117282399147,0.0035615285898700413
BC,past,2010-01-01T00:00:00,F,77,-19.608979999999065,44428.0,13297.000000000002,-0.00044136535518139605,44356.04429999997,3107.8943000000386,0.0,0.006309410200983611,0.0014746920357974777
BC,past,2010-01-01T00:00:00,F,78,-75.21523999999954,44428.0,12570.0,-0.0016929692986404866,44356.04429999997,3107.8943000000386,0.0,0.02420135073448238,0.005983710421638786
BC,past,2010-01-01T00:00:00,F,79,-48.86755000000085,44428.0,12498.0,-0.0010999268479337544,44356.04429999997,3107.8943000000386,0.0,0.015723684682584036,0.0039100296047368255
BC,past,2010-01-01T00:00:00,F,80,-53.500230000001466,44428.0,11900.999999999998,-0.001204200729269863,44356.04429999997,3107.8943000000386,0.0,0.01721430165755663,0.004495439879001888
BC,past,2010-01-01T00:00:00,F,81,-33.308460000000196,44428.0,11150.0,-0.0007497177455658637,44356.04429999997,3107.8943000000386,0.0,0.010717372209215668,0.00298730582959643
BC,past,2010-01-01T00:00:00,F,82,-75.87392,44428.0,10497.000000000002,-0.0017077950841811469,44356.04429999997,3107.8943000000386,0.0,0.024413288444204508,0.0072281528055634925
BC,past,2010-01-01T00:00:00,F,83,-78.33355999999912,44428.0,9999.0,-0.0017631574682632377,44356.04429999997,3107.8943000000386,0.0,0.025204705320897868,0.007834139413941307
BC,past,2010-01-01T00:00:00,F,84,-100.27250000000095,44428.0,9429.0,-0.0022569663275412116,44356.04429999997,3107.8943000000386,0.0,0.032263806397791486,0.010634478735815139
BC,past,2010-01-01T00:00:00,F,85,-82.1752000000015,44428.0,8858.0,-0.0018496263617538825,44356.04429999997,3107.8943000000386,0.0,0.026440796265175582,0.009276947392188022
BC,past,2010-01-01T00:00:00,F,86,-79.16726000000199,44428.0,8290.999999999998,-0.001781922661384757,44356.04429999997,3107.8943000000386,0.0,0.02547295768713917,0.009548577976118924
BC,past,2010-01-01T00:00:00,F,87,-119.53270000000066,44428.0,7317.0,-0.002690481228054395,44356.04429999997,3107.8943000000386,0.0,0.038460992704931814,0.016336299029657053
BC,past,2010-01-01T00:00:00,F,88,-84.41371000000072,44428.0,6782.0,-0.0019000114792473376,44356.04429999997,3107.8943000000386,0.0,0.027161062073442998,0.012446728103804294
BC,past,2010-01-01T00:00:00,F,89,-81.69236999999976,44428.0,5974.0,-0.0018387586657063059,44356.04429999997,3107.8943000000386,0.0,0.026285440273821004,0.013674651824573109
BC,past,2010-01-01T00:00:00,F,90,-1.8844099999996615,44428.0,5341.0,-4.241491851984473e-05,44356.04429999997,3107.8943000000386,0.0,0.000606330144496754,0.0003528196966859505
BC,past,2010-01-01T00:00:00,F,91,-29.759219999999914,44428.0,3834.0,-0.0006698302872062644,44356.04429999997,3107.8943000000386,0.0,0.009575364258687801,0.007761924882629085
BC,past,2010-01-01T00:00:00,F,92,6.6797200000000885,44428.0,3144.0,0.00015034932925182517,44356.04429999997,3107.8943000000386,0.0001505932304247449,0.0,0.0
BC,past,2010-01-01T00:00:00,F,93,-43.63002000000006,44428.0,2478.0,-0.0009820388043576137,44356.04429999997,3107.8943000000386,0.0,0.014038450406759174,0.017606949152542396
BC,past,2010-01-01T00:00:00,F,94,-9.015899999999874,44428.0,1999.0,-0.0002029328351490023,44356.04429999997,3107.8943000000386,0.0,0.002900967384894577,0.004510205102551213
BC,past,2010-01-01T00:00:00,F,95,-39.562169999999696,44428.0,1626.0,-0.0008904783019717227,44356.04429999997,3107.8943000000386,0.0,0.012729573846832308,0.024330977859778412
BC,past,2010-01-01T00:00:00,F,96,-2.828680000000304,44428.0,1259.0,-6.366885747727343e-05,44356.04429999997,3107.8943000000386,0.0,0.0009101596537566509,0.0022467672756158095
BC,past,2010-01-01T00:00:00,F,97,-30.42909999999995,44428.0,842.0000000000001,-0.0006849081660214268,44356.04429999997,3107.8943000000386,0.0,0.009790905694572551,0.03613907363420421
BC,past,2010-01-01T00:00:00,F,98,1.1947599999998602,44428.0,622.0,2.6892050058518504e-05,44356.04429999997,3107.8943000000386,2.693567514540202e-05,0.0,0.0
BC,past,2010-01-01T00:00:00,F,99,-7.168859999999995,44428.0,385.0,-0.0001613590528495542,44356.04429999997,3107.8943000000386,0.0,0.0023066614588533162,0.018620415584415573
BC,past,2010-01-01T00:00:00,F,100,431.3465600000001,44428.0,686.0000000000001,0.00970888988925903,44356.04429999997,3107.8943000000386,0.009724639940446637,0.0,0.0
BC,past,2010-01-01T00:00:00,M,1,364.05171999999584,44428.0,23310.999999999996,0.008194195552354278,44356.04429999997,3107.8943000000386,0.008207488421143903,0.0,0.0
BC,past,2010-01-01T00:00:00,M,2,242.75412000000142,44428.0,23191.0,0.005463989376069177,44356.04429999997,3107.8943000000386,0.005472853222847051,0.0,0.0
BC,past,2010-01-01T00:00:00,M,3,314.15140000000247,44428.0,22821.0,0.007071022778428074,44356.04429999997,3107.8943000000386,0.0070824936027941215,0.0,0.0
BC,past,2010-01-01T00:00:00,M,4,290.28020000000106,44428.0,22155.0,0.0065337219771315624,44356.04429999997,3107.8943000000386,0.006544321176088311,0.0,0.0
BC,past,2010-01-01T00:00:00,M,5,295.2755499999985,44428.0,22128.999999999996,0.006646158953812877,44356.04429999997,3107.8943000000386,0.006656940551391745,0.0,0.0
BC,past,2010-01-01T00:00:00,M,6,303.3310500000007,44428.0,22507.0,0.006827474790672564,44356.04429999997,3107.8943000000386,0.006838550524217979,0.0,0.0
BC,past,2010-01-01T00:00:00,M,7,307.34709999999905,44428.0,22618.0,0.0069178693616637945,44356.04429999997,3107.8943000000386,0.0069290917359824,0.0,0.0
BC,past,2010-01-01T00:00:00,M,8,263.90537000000404,44428.0,22610.0,0.005940068650400739,44356.04429999997,3107.8943000000386,0.005949704807198152,0.0,0.0
BC,past,2010-01-01T00:00:00,M,9,260.729040000002,44428.0,23000.0,0.005868574772665931,44356.04429999997,3107.8943000000386,0.005878094949959326,0.0,0.0
BC,past,2010-01-01T00:00:00,M,10,334.34159999999974,44428.0,23748.0,0.007525470424056895,44356.04429999997,3107.8943000000386,0.007537678466968254,0.0,0.0
BC,past,2010-01-01T00:00:00,M,11,370.17161000000124,44428.0,24497.0,0.008331944044296418,44356.04429999997,3107.8943000000386,0.008345460372804286,0.0,0.0
BC,past,2010-01-01T00:00:00,M,12,264.22003000000404,44428.0,24929.000000000004,0.00594715112091483,44356.04429999997,3107.8943000000386,0.005956798767107467,0.0,0.0
BC,past,2010-01-01T00:00:00,M,13,291.3486400000038,44428.0,26385.000000000004,0.006557770775186904,44356.04429999997,3107.8943000000386,0.006568408986822208,0.0,0.0
BC,past,2010-01-01T00:00:00,M,14,587.9746199999972,44428.0,27627.0,0.01323432565049062,44356.04429999997,3107.8943000000386,0.013255794768876575,0.0,0.0
BC,past,2010-01-01T00:00:00,M,15,728.1975999999959,44428.0,28708.0,0.016390510488880794,44356.04429999997,3107.8943000000386,0.016417099664588358,0.0,0.0
BC,past,2010-01-01T00:00:00,M,16,798.2185199999985,44428.0,29058.0,0.017966564328801622,44356.04429999997,3107.8943000000386,0.0179957102261258,0.0,0.0
BC,past,2010-01-01T00:00:00,M,17,731.1568000000043,44428.0,29337.000000000004,0.016457117133339434,44356.04429999997,3107.8943000000386,0.01648381436033521,0.0,0.0
BC,past,2010-01-01T00:00:00,M,18,628.6588000000047,44428.0,29386.000000000004,0.014150058521653117,44356.04429999997,3107.8943000000386,0.014173013169256057,0.0,0.0
BC,past,2010-01-01T00:00:00,M,19,1209.670259999999,44428.0,30213.0,0.027227655082380457,44356.04429999997,3107.8943000000386,0.027271824597758364,0.0,0.0
BC,past,2010-01-01T00:00:00,M,20,496.1072700000004,44428.0,30806.0,0.011166545196722798,44356.04429999997,3107.8943000000386,0.011184659899891045,0.0,0.0
BC,past,2010-01-01T00:00:00,M,21,202.78564000000188,44428.0,30865.0,0.004564365715314708,44356.04429999997,3107.8943000000386,0.004571770165717911,0.0,0.0
BC,past,2010-01-01T00:00:00,M,22,302.31966000000466,44428.0,30176.0,0.006804710092734417,44356.04429999997,3107.8943000000386,0.006815748896706843,0.0,0.0
BC,past,2010-01-01T00:00:00,M,23,692.8103599999959,44428.0,30559.999999999996,0.015594002881065902,44356.04429999997,3107.8943000000386,0.01561929993834,0.0,0.0
BC,past,2010-01-01T00:00:00,M,24,703.9952299999968,44428.0,31705.999999999996,0.01584575560457362,44356.04429999997,3107.8943000000386,0.015871461062635768,0.0,0.0
BC,past,2010-01-01T00:00:00,M,25,561.1775999999991,44428.0,32553.0,0.012631169532727088,44356.04429999997,3107.8943000000386,0.012651660193242242,0.0,0.0
BC,past,2010-01-01T00:00:00,M,26,365.7103199999947,44428.0,31826.999999999996,0.008231527865310045,44356.04429999997,3107.8943000000386,0.008244881295692882,0.0,0.0
BC,past,2010-01-01T00:00:00,M,27,544.3389600000046,44428.0,31584.0,0.012252159899162793,44356.04429999997,3107.8943000000386,0.012272035718929177,0.0,0.0
BC,past,2010-01-01T00:00:00,M,28,485.38618999999744,44428.0,31229.0,0.0109252316106959,44356.04429999997,3107.8943000000386,0.010942954847756741,0.0,0.0
BC,past,2010-01-01T00:00:00,M,29,660.6183000000019,44428.0,31320.0,0.014869413432970243,44356.04429999997,3107.8943000000386,0.014893535039597802,0.0,0.0
BC,past,2010-01-01T00:00:00,M,30,739.4110199999959,44428.0,30834.0,0.016642905825155214,44356.04429999997,3107.8943000000386,0.016669904444116455,0.0,0.0
BC,past,2010-01-01T00:00:00,M,31,533.0499799999998,44428.0,29592.0,0.011998063833618434,44356.04429999997,3107.8943000000386,0.012017527451157318,0.0,0.0
BC,past,2010-01-01T00:00:00,M,32,419.8783500000027,44428.0,28686.0,0.009450759656072807,44356.04429999997,3107.8943000000386,0.009466090960685666,0.0,0.0
BC,past,2010-01-01T00:00:00,M,33,337.6750699999975,44428.0,28840.999999999996,0.007600501260466316,44356.04429999997,3107.8943000000386,0.007612831020641706,0.0,0.0
BC,past,2010-01-01T00:00:00,M,34,443.6085600000006,44428.0,28587.999999999996,0.009984887008193045,44356.04429999997,3107.8943000000386,0.010001084790151155,0.0,0.0
BC,past,2010-01-01T00:00:00,M,35,442.4689999999973,44428.0,28882.999999999996,0.009959237417844543,44356.04429999997,3107.8943000000386,0.009975393590271024,0.0,0.0
BC,past,2010-01-01T00:00:00,M,36,280.19299999999566,44428.0,28444.999999999996,0.0063066759701088425,44356.04429999997,3107.8943000000386,0.006316906848251025,0.0,0.0
BC,past,2010-01-01T00:00:00,M,37,281.31479999999647,44428.0,28991.999999999996,0.0063319258125505646,44356.04429999997,3107.8943000000386,0.00634219765174138,0.0,0.0
BC,past,2010-01-01T00:00:00,M,38,293.1502199999959,44428.0,29648.999999999996,0.006598321328891598,44356.04429999997,3107.8943000000386,0.006609025322846385,0.0,0.0
BC,past,2010-01-01T00:00:00,M,39,389.97016000000076,44428.0,32186.0,0.008777576303232212,44356.04429999997,3107.8943000000386,0.00879181554970178,0.0,0.0
BC,past,2010-01-01T00:00:00,M,40,256.59492999999566,44428.0,32407.999999999996,0.0057755228684612326,44356.04429999997,3107.8943000000386,0.005784892094176122,0.0,0.0
BC,past,2010-01-01T00:00:00,M,41,290.1922399999967,44428.0,32005.999999999996,0.006531742144593425,44356.04429999997,3107.8943000000386,0.006542338131806691,0.0,0.0
BC,past,2010-01-01T00:00:00,M,42,254.43612000000212,44428.0,31211.0,0.0057269316647159925,44356.04429999997,3107.8943000000386,0.005736222064328723,0.0,0.0
BC,past,2010-01-01T00:00:00,M,43,175.62180000000444,44428.0,31077.0,0.003952953092644379,44356.04429999997,3107.8943000000386,0.003959365691227893,0.0,0.0
BC,past,2010-01-01T00:00:00,M,44,74.68600999999762,44428.0,32123.0,0.0016810572161699293,44356.04429999997,3107.8943000000386,0.0016837842773999951,0.0,0.0
BC,past,2010-01-01T00:00:00,M,45,65.68699999999808,44428.0,34294.0,0.0014785045466822293,44356.04429999997,3107.8943000000386,0.0014809030209215054,0.0,0.0
BC,past,2010-01-01T00:00:00,M,46,37.27053999999771,44428.0,35881.0,0.0008388975420905219,44356.04429999997,3107.8943000000386,0.0008402584267415778,0.0,0.0
BC,past,2010-01-01T00:00:00,M,47,47.31678000000102,44428.0,37132.0,0.001065021607994981,44356.04429999997,3107.8943000000386,0.0010667493178601827,0.0,0.0
BC,past,2010-01-01T00:00:00,M,48,-7.831380000003264,44428.0,35358.0,-0.0001762712703701104,44356.04429999997,3107.8943000000386,0.0,0.00251983473183215,0.00022148820634660513
BC,past,2010-01-01T00:00:00,M,49,271.76258999999845,44428.0,36112.0,0.006116921535968273,44356.04429999997,3107.8943000000386,0.006126844588799336,0.0,0.0
BC,past,2010-01-01T00:00:00,M,50,159.6949900000036,44428.0,35465.0,0.0035944672278743943,44356.04429999997,3107.8943000000386,0.003600298279979933,0.0,0.0
BC,past,2010-01-01T00:00:00,M,51,117.28349999999773,44428.0,34473.0,0.0026398554965336666,44356.04429999997,3107.8943000000386,0.002644137948973908,0.0,0.0
BC,past,2010-01-01T00:00:00,M,52,153.23347999998805,44428.0,35031.99999999999,0.0034490294408928614,44356.04429999997,3107.8943000000386,0.003454624559476061,0.0,0.0
BC,past,2010-01-01T00:00:00,M,53,145.6119999999937,44428.0,33912.99999999999,0.003277482668587236,44356.04429999997,3107.8943000000386,0.003282799498872216,0.0,0.0
BC,past,2010-01-01T00:00:00,M,54,159.47974000000977,44428.0,33768.0,0.003589622310255014,44356.04429999997,3107.8943000000386,0.0035954455027904703,0.0,0.0
BC,past,2010-01-01T00:00:00,M,55,94.3241599999892,44428.0,32984.99999999999,0.0021230791392812913,44356.04429999997,3107.8943000000386,0.0021265232616784376,0.0,0.0
BC,past,2010-01-01T00:00:00,M,56,114.45526999999493,44428.0,31980.999999999996,0.0025761967678039734,44356.04429999997,3107.8943000000386,0.0025803759511529526,0.0,0.0
BC,past,2010-01-01T00:00:00,M,57,144.60721000000558,44428.0,30958.0,0.003254866525614603,44356.04429999997,3107.8943000000386,0.0032601466673168977,0.0,0.0
BC,past,2010-01-01T00:00:00,M,58,140.2219200000036,44428.0,30036.000000000004,0.003156160979562519,44356.04429999997,3107.8943000000386,0.003161280998179625,0.0,0.0
BC,past,2010-01-01T00:00:00,M,59,146.07610000000568,44428.0,29623.0,0.0032879287836500783,44356.04429999997,3107.8943000000386,0.003293262559934944,0.0,0.0
BC,past,2010-01-01T00:00:00,M,60,158.89807999999903,44428.0,29447.0,0.003576530116142951,44356.04429999997,3107.8943000000386,0.003582332070130048,0.0,0.0
BC,past,2010-01-01T00:00:00,M,61,175.57342000000062,44428.0,28192.0,0.003951864139731715,44356.04429999997,3107.8943000000386,0.003958274971783287,0.0,0.0
BC,past,2010-01-01T00:00:00,M,62,225.43507000000318,44428.0,28531.0,0.005074166516611218,44356.04429999997,3107.8943000000386,0.005082397981102281,0.0,0.0
BC,past,2010-01-01T00:00:00,M,63,286.8815600000016,44428.0,28593.0,0.00645722427298104,44356.04429999997,3107.8943000000386,0.006467699375077092,0.0,0.0
BC,past,2010-01-01T00:00:00,M,64,88.83668000000398,44428.0,23054.000000000004,0.001999565139101557,44356.04429999997,3107.8943000000386,0.0020028088933981888,0.0,0.0
BC,past,2010-01-01T00:00:00,M,65,63.82032000000254,44428.0,21669.0,0.0014364887008193603,44356.04429999997,3107.8943000000386,0.001438819015698444,0.0,0.0
BC,past,2010-01-01T00:00:00,M,66,110.22039999999834,44428.0,21646.0,0.0024808769244620134,44356.04429999997,3107.8943000000386,0.0024849014771138734,0.0,0.0
BC,past,2010-01-01T00:00:00,M,67,64.625,44428.0,20416.999999999996,0.0014546007022598361,44356.04429999997,3107.8943000000386,0.0014569603989686708,0.0,0.0
BC,past,2010-01-01T00:00:00,M,68,40.12792000000263,44428.0,18651.0,0.0009032123885838353,44356.04429999997,3107.8943000000386,0.0009046776066999883,0.0,0.0
BC,past,2010-01-01T00:00:00,M,69,46.41164000000208,44428.0,17696.0,0.0010446484199154156,44356.04429999997,3107.8943000000386,0.0010463430797863576,0.0,0.0
BC,past,2010-01-01T00:00:00,M,70,46.39965999999913,44428.0,16533.0,0.001044378770144934,44356.04429999997,3107.8943000000386,0.0010460729925819638,0.0,0.0
BC,past,2010-01-01T00:00:00,M,71,57.32608000000073,44428.0,15706.0,0.0012903142162600325,44356.04429999997,3107.8943000000386,0.0012924074025239614,0.0,0.0
BC,past,2010-01-01T00:00:00,M,72,26.678399999998874,44428.0,14847.0,0.0006004861798865327,44356.04429999997,3107.8943000000386,0.0006014603065043582,0.0,0.0
BC,past,2010-01-01T00:00:00,M,73,1.6932300000025862,44428.0,14071.0,3.811177635731039e-05,44356.04429999997,3107.8943000000386,3.817360241933448e-05,0.0,0.0
BC,past,2010-01-01T00:00:00,M,74,55.74772000000303,44428.0,13901.0,0.0012547879715495414,44356.04429999997,3107.8943000000386,0.0012568235260781147,0.0,0.0
BC,past,2010-01-01T00:00:00,M,75,-3.252539999999499,44428.0,12997.0,-7.320923741783333e-05,44356.04429999997,3107.8943000000386,0.0,0.0010465413833409517,0.0002502531353388858
BC,past,2010-01-01T00:00:00,M,76,7.266119999998409,44428.0,12299.999999999998,0.00016354821283871452,44356.04429999997,3107.8943000000386,0.00016381352563484596,0.0,0.0
BC,past,2010-01-01T00:00:00,M,77,-29.16928000000189,44428.0,11941.999999999998,-0.0006565517241379736,44356.04429999997,3107.8943000000386,0.0,0.009385544418290393,0.0024425791324737814
BC,past,2010-01-01T00:00:00,M,78,-7.511169999999765,44428.0,11543.0,-0.0001690638786350897,44356.04429999997,3107.8943000000386,0.0,0.0024168035573152126,0.0006507121198994859
BC,past,2010-01-01T00:00:00,M,79,-67.78520000000026,44428.0,11015.0,-0.001525731520662651,44356.04429999997,3107.8943000000386,0.0,0.02181065166855881,0.006153899228325035
BC,past,2010-01-01T00:00:00,M,80,-42.705799999999726,44428.0,9929.0,-0.0009612361573782238,44356.04429999997,3107.8943000000386,0.0,0.013741072210853245,0.0043011179373551945
BC,past,2010-01-01T00:00:00,M,81,-113.59141000000272,44428.0,9037.999999999998,-0.002556752723507759,44356.04429999997,3107.8943000000386,0.0,0.03654931572158079,0.012568202035848942
BC,past,2010-01-01T00:00:00,M,82,-27.626330000000962,44428.0,8227.999999999998,-0.0006218224993247718,44356.04429999997,3107.8943000000386,0.0,0.00888908287518035,0.0033575996596987077
BC,past,2010-01-01T00:00:00,M,83,-42.89984000000004,44428.0,7308.999999999999,-0.0009656036733591438,44356.04429999997,3107.8943000000386,0.0,0.013803506766623147,0.005869454097687788
BC,past,2010-01-01T00:00:00,M,84,-97.60013999999865,44428.0,6415.0,-0.0021968159719095762,44356.04429999997,3107.8943000000386,0.0,0.031403944464905846,0.015214363211223483
BC,past,2010-01-01T00:00:00,M,85,-96.22584000000006,44428.0,5723.999999999999,-0.0021658827766273536,44356.04429999997,3107.8943000000386,0.0,0.030961747959059892,0.01681094339622643
BC,past,2010-01-01T00:00:00,M,86,-94.53092000000015,44428.0,5164.0,-0.002127732961195646,44356.04429999997,3107.8943000000386,0.0,0.030416388356579237,0.018305755228505066
BC,past,2010-01-01T00:00:00,M,87,-147.53207999999995,44428.0,4283.0,-0.0033207004591698916,44356.04429999997,3107.8943000000386,0.0,0.04747010861984531,0.03444596777959373
BC,past,2010-01-01T00:00:00,M,88,-90.66769999999997,44428.0,3844.0,-0.0020407783379850536,44356.04429999997,3107.8943000000386,0.0,0.029173353804213625,0.023586810613943802
BC,past,2010-01-01T00:00:00,M,89,-27.095850000000155,44428.0,3228.9999999999995,-0.0006098822814441378,44356.04429999997,3107.8943000000386,0.0,0.008718394959571121,0.008391406008052077
BC,past,2010-01-01T00:00:00,M,90,-20.899340000000393,44428.0,2664.9999999999995,-0.0004704092014045285,44356.04429999997,3107.8943000000386,0.0,0.006724598066285631,0.007842153846153995
BC,past,2010-01-01T00:00:00,M,91,-36.38419999999974,44428.0,1720.0,-0.0008189475105789082,44356.04429999997,3107.8943000000386,0.0,0.011707026200987364,0.021153604651162637
BC,past,2010-01-01T00:00:00,M,92,-7.883950000000141,44428.0,1323.0,-0.00017745453317727876,44356.04429999997,3107.8943000000386,0.0,0.0025367497215075955,0.0059591458805745585
BC,past,2010-01-01T00:00:00,M,93,-69.73579999999981,44428.0,966.0000000000001,-0.0015696362654182006,44356.04429999997,3107.8943000000386,0.0,0.022438279191154906,0.07219026915113852
BC,past,2010-01-01T00:00:00,M,94,-33.314559999999915,44428.0,755.9999999999999,-0.0007498550463671539,44356.04429999997,3107.8943000000386,0.0,0.010719334952929224,0.0440668783068782
BC,past,2010-01-01T00:00:00,M,95,-7.934439999999995,44428.0,595.0,-0.00017859097866210487,44356.04429999997,3107.8943000000386,0.0,0.002552995447753772,0.013335193277310916
BC,past,2010-01-01T00:00:00,M,96,-12.003439999999955,44428.0,405.99999999999994,-0.00027017736562528035,44356.04429999997,3107.8943000000386,0.0,0.0038622420331347195,0.029565123152709254
BC,past,2010-01-01T00:00:00,M,97,-18.73788000000002,44428.0,276.99999999999994,-0.0004217583505897186,44356.04429999997,3107.8943000000386,0.0,0.006029123963450039,0.06764577617328528
BC,past,2010-01-01T00:00:00,M,98,-4.846249999999941,44428.0,165.0,-0.00010908098496443551,44356.04429999997,3107.8943000000386,0.0,0.0015593355282384864,0.029371212121211764
BC,past,2010-01-01T00:00:00,M,99,-11.87599999999999,44428.0,84.99999999999999,-0.00026730890429458876,44356.04429999997,3107.8943000000386,0.0,0.003821236777582765,0.13971764705882345
BC,past,2010-01-01T00:00:00,M,100,109.73023999999995,44428.0,185.99999999999991,0.0024698442423696757,44356.04429999997,3107.8943000000386,0.002473850897475094,0.0,0.0
BC,past,2011-01-01T00:00:00,F,1,-23.331450000001496,43969.0,21297.0,-0.0005306340831040392,29395.46577000003,6079.94893,0.0,0.003837441772722505,0.001095527539090083
BC,past,2011-01-01T00:00:00,F,2,74.9425599999995,43969.0,21657.000000000004,0.0017044408560576657,29395.46577000003,6079.94893,0.0025494598584140556,0.0,0.0
BC,past,2011-01-01T00:00:00,F,3,86.3943700000018,43969.0,21851.0,0.0019648927653574517,29395.46577000003,6079.94893,0.0029390372881307712,0.0,0.0
BC,past,2011-01-01T00:00:00,F,4,243.75756000000183,43969.0,21453.000000000004,0.005543850440082827,29395.46577000003,6079.94893,0.008292352361661579,0.0,0.0
BC,past,2011-01-01T00:00:00,F,5,206.95133999999962,43969.0,21285.0,0.004706755668766623,29395.46577000003,6079.94893,0.007040247010176882,0.0,0.0
BC,past,2011-01-01T00:00:00,F,6,355.92403999999806,43969.0,21239.0,0.008094885942368443,29395.46577000003,6079.94893,0.012108127246047637,0.0,0.0
BC,past,2011-01-01T00:00:00,F,7,253.7476800000004,43969.0,21387.0,0.005771058700448052,29395.46577000003,6079.94893,0.008632204775573459,0.0,0.0
BC,past,2011-01-01T00:00:00,F,8,276.33838000000105,43969.0,21532.0,0.006284845686733859,29395.46577000003,6079.94893,0.0094007144558336,0.0,0.0
BC,past,2011-01-01T00:00:00,F,9,292.90548000000126,43969.0,21463.0,0.006661636152744008,29395.46577000003,6079.94893,0.00996430817908421,0.0,0.0
BC,past,2011-01-01T00:00:00,F,10,307.5203299999994,43969.0,22025.0,0.006994026018331083,29395.46577000003,6079.94893,0.01046148859848459,0.0,0.0
BC,past,2011-01-01T00:00:00,F,11,211.33973999999944,43969.0,22539.0,0.0048065623507471044,29395.46577000003,6079.94893,0.007189535340368217,0.0,0.0
BC,past,2011-01-01T00:00:00,F,12,109.15110000000277,43969.0,23130.000000000004,0.00248245582114678,29395.46577000003,6079.94893,0.003713195118391303,0.0,0.0
BC,past,2011-01-01T00:00:00,F,13,283.17615000000296,43969.0,23805.0,0.006440359116650435,29395.46577000003,6079.94893,0.009633327541589848,0.0,0.0
BC,past,2011-01-01T00:00:00,F,14,281.6898700000056,43969.0,24421.0,0.006406556210057214,29395.46577000003,6079.94893,0.009582766002214133,0.0,0.0
BC,past,2011-01-01T00:00:00,F,15,363.2964400000019,43969.0,25877.0,0.00826255862084655,29395.46577000003,6079.94893,0.012358927830657793,0.0,0.0
BC,past,2011-01-01T00:00:00,F,16,626.8568000000014,43969.0,26335.0,0.014256790011144247,29395.46577000003,6079.94893,0.021324948715041255,0.0,0.0
BC,past,2011-01-01T00:00:00,F,17,609.2932800000017,43969.0,26825.0,0.013857337669721888,29395.46577000003,6079.94893,0.020727457927263895,0.0,0.0
BC,past,2011-01-01T00:00:00,F,18,349.5369600000049,43969.0,27019.0,0.007949622688712613,29395.46577000003,6079.94893,0.01189084611670722,0.0,0.0
BC,past,2011-01-01T00:00:00,F,19,1098.1007800000043,43969.0,27856.0,0.024974431531306244,29395.46577000003,6079.94893,0.03735612793455673,0.0,0.0
BC,past,2011-01-01T00:00:00,F,20,749.4846399999951,43969.0,28635.999999999996,0.017045751324796906,29395.46577000003,6079.94893,0.025496607057163643,0.0,0.0
BC,past,2011-01-01T00:00:00,F,21,389.1282600000013,43969.0,30168.0,0.00885005936000367,29395.46577000003,6079.94893,0.013237696692567184,0.0,0.0
BC,past,2011-01-01T00:00:00,F,22,121.19013999999879,43969.0,30082.0,0.002756263276399254,29395.46577000003,6079.94893,0.0041227494385777394,0.0,0.0
BC,past,2011-01-01T00:00:00,F,23,422.82146000000284,43969.0,30175.0,0.009616353794719071,29395.46577000003,6079.94893,0.01438390067734594,0.0,0.0
BC,past,2011-01-01T00:00:00,F,24,404.9336600000024,43969.0,30497.000000000004,0.009209526257135765,29395.46577000003,6079.94893,0.013775378256236488,0.0,0.0
BC,past,2011-01-01T00:00:00,F,25,200.24022999999943,43969.0,31221.0,0.004554122904773805,29395.46577000003,6079.94893,0.006811942752217163,0.0,0.0
BC,past,2011-01-01T00:00:00,F,26,329.4969699999965,43969.0,32127.999999999996,0.007493847256021208,29395.46577000003,6079.94893,0.011209108662475062,0.0,0.0
BC,past,2011-01-01T00:00:00,F,27,1.5698999999949592,43969.0,32021.0,3.5704701039254e-05,29395.46577000003,6079.94893,5.3406195781294385e-05,0.0,0.0
BC,past,2011-01-01T00:00:00,F,28,129.83613999999943,43969.0,31990.000000000004,0.0029529018171893704,29395.46577000003,6079.94893,0.00441687643311662,0.0,0.0
BC,past,2011-01-01T00:00:00,F,29,62.132449999997334,43969.0,31857.999999999996,0.0014130967272395856,29395.46577000003,6079.94893,0.002113674622002673,0.0,0.0
BC,past,2011-01-01T00:00:00,F,30,348.18628000000535,43969.0,31410.000000000004,0.007918903773112997,29395.46577000003,6079.94893,0.011844897533664933,0.0,0.0
BC,past,2011-01-01T00:00:00,F,31,13.551240000004327,43969.0,30400.000000000004,0.0003081998680889792,29395.46577000003,6079.94893,0.00046099762820680466,0.0,0.0
BC,past,2011-01-01T00:00:00,F,32,91.78680000000168,43969.0,29547.000000000004,0.0020875343992358634,29395.46577000003,6079.94893,0.003122481566312721,0.0,0.0
BC,past,2011-01-01T00:00:00,F,33,126.09264000000258,43969.0,28906.000000000004,0.002867762287065946,29395.46577000003,6079.94893,0.004289526860591141,0.0,0.0
BC,past,2011-01-01T00:00:00,F,34,49.95099999999002,43969.0,28816.999999999996,0.0011360503991446251,29395.46577000003,6079.94893,0.0016992756771001137,0.0,0.0
BC,past,2011-01-01T00:00:00,F,35,471.9785599999959,43969.0,29579.999999999996,0.010734348290841182,29395.46577000003,6079.94893,0.016056168787829873,0.0,0.0
BC,past,2011-01-01T00:00:00,F,36,205.97614999999496,43969.0,29556.0,0.00468457663353715,29395.46577000003,6079.94893,0.0070070721658782795,0.0,0.0
BC,past,2011-01-01T00:00:00,F,37,309.01270000000295,43969.0,29407.000000000004,0.007027967431599603,29395.46577000003,6079.94893,0.0105122573126693,0.0,0.0
BC,past,2011-01-01T00:00:00,F,38,226.5465999999942,43969.0,29949.000000000004,0.0051524164752437904,29395.46577000003,6079.94893,0.007706855260351058,0.0,0.0
BC,past,2011-01-01T00:00:00,F,39,491.4831000000049,43969.0,30446.000000000007,0.011177945825468055,29395.46577000003,6079.94893,0.016719690847749557,0.0,0.0
BC,past,2011-01-01T00:00:00,F,40,137.4534299999941,43969.0,33147.0,0.0031261441015259413,29395.46577000003,6079.94893,0.004676007894396904,0.0,0.0
BC,past,2011-01-01T00:00:00,F,41,298.5949200000032,43969.0,33087.0,0.0067910327730902045,29395.46577000003,6079.94893,0.010157856396503795,0.0,0.0
BC,past,2011-01-01T00:00:00,F,42,208.46772000000783,43969.0,33282.00000000001,0.004741243148582134,29395.46577000003,6079.94893,0.007091832516998678,0.0,0.0
BC,past,2011-01-01T00:00:00,F,43,167.56815000000643,43969.0,32314.000000000007,0.003811052104892229,29395.46577000003,6079.94893,0.005700476097610283,0.0,0.0
BC,past,2011-01-01T00:00:00,F,44,377.78414999999586,43969.0,31567.999999999996,0.008592056903727533,29395.46577000003,6079.94893,0.01285178309321259,0.0,0.0
BC,past,2011-01-01T00:00:00,F,45,152.90630000000237,43969.0,33077.0,0.00347759330437359,29395.46577000003,6079.94893,0.005201696792164903,0.0,0.0
BC,past,2011-01-01T00:00:00,F,46,107.81146000000444,43969.0,34835.0,0.002451987991539595,29395.46577000003,6079.94893,0.0036676221034753257,0.0,0.0
BC,past,2011-01-01T00:00:00,F,47,-107.23054000001139,43969.0,36900.0,-0.0024387759557872907,29395.46577000003,6079.94893,0.0,0.0176367501165855,0.002905976693767246
BC,past,2011-01-01T00:00:00,F,48,-190.8984999999957,43969.0,37154.00000000001,-0.004341661170369935,29395.46577000003,6079.94893,0.0,0.03139804333849819,0.005138033589922906
BC,past,2011-01-01T00:00:00,F,49,246.52352000000246,43969.0,36092.0,0.0056067574882304,29395.46577000003,6079.94893,0.008386447145586501,0.0,0.0
BC,past,2011-01-01T00:00:00,F,50,125.92360000000917,43969.0,36741.0,0.0028639177602403777,29395.46577000003,6079.94893,0.004283776313846414,0.0,0.0
BC,past,2011-01-01T00:00:00,F,51,10.755520000006072,43969.0,36272.00000000001,0.00024461597944019816,29395.46577000003,6079.94893,0.0003658904432459367,0.0,0.0
BC,past,2011-01-01T00:00:00,F,52,121.58642999999574,43969.0,35596.99999999999,0.002765276217334844,29395.46577000003,6079.94893,0.004136230769443447,0.0,0.0
BC,past,2011-01-01T00:00:00,F,53,-37.35900000001129,43969.0,35279.0,-0.0008496668107078008,29395.46577000003,6079.94893,0.0,0.006144623981243095,0.0010589585872618637
BC,past,2011-01-01T00:00:00,F,54,-32.57600000000093,43969.0,34483.0,-0.0007408856239623583,29395.46577000003,6079.94893,0.0,0.0053579397417736095,0.0009446973871183172
BC,past,2011-01-01T00:00:00,F,55,82.43220000000292,43969.0,33741.0,0.001874779958607267,29395.46577000003,6079.94893,0.002804248813234669,0.0,0.0
BC,past,2011-01-01T00:00:00,F,56,-177.82016000000294,43969.0,33468.00000000001,-0.004044216607155108,29395.46577000003,6079.94893,0.0,0.02924698250713809,0.005313139715549268
BC,past,2011-01-01T00:00:00,F,57,-1.970499999999447,43969.0,32072.0,-4.481566558255696e-05,29395.46577000003,6079.94893,0.0,0.0003240981170543232,6.143988525815188e-05
BC,past,2011-01-01T00:00:00,F,58,-101.33225999999559,43969.0,30690.000000000004,-0.0023046296254178077,29395.46577000003,6079.94893,0.0,0.016666630125788836,0.0033018005865101197
BC,past,2011-01-01T00:00:00,F,59,32.29866000000038,43969.0,29679.999999999996,0.0007345779981350584,29395.46577000003,6079.94893,0.0010987633348869487,0.0,0.0
BC,past,2011-01-01T00:00:00,F,60,-22.121439999998984,43969.0,29240.000000000004,-0.0005031144670108254,29395.46577000003,6079.94893,0.0,0.0036384252984175947,0.0007565471956224002
BC,past,2011-01-01T00:00:00,F,61,-118.11683999999877,43969.0,29097.0,-0.002686366303532006,29395.46577000003,6079.94893,0.0,0.01942727502482472,0.004059416434683946
BC,past,2011-01-01T00:00:00,F,62,2.5630399999936344,43969.0,28199.999999999996,5.829197843921023e-05,29395.46577000003,6079.94893,8.71916784733985e-05,0.0,0.0
BC,past,2011-01-01T00:00:00,F,63,27.854160000002594,43969.0,28207.0,0.0006334954172258317,29395.46577000003,6079.94893,0.000947566547097531,0.0,0.0
BC,past,2011-01-01T00:00:00,F,64,-498.17423999999664,43969.0,28383.000000000004,-0.011330124405831305,29395.46577000003,6079.94893,0.0,0.08193724087744873,0.01755185286967539
BC,past,2011-01-01T00:00:00,F,65,488.9223800000036,43969.0,23393.0,0.011119706611476349,29395.46577000003,6079.94893,0.01663257809301258,0.0,0.0
BC,past,2011-01-01T00:00:00,F,66,90.81660000000556,43969.0,21881.000000000007,0.0020654688530556886,29395.46577000003,6079.94893,0.003089476476085974,0.0,0.0
BC,past,2011-01-01T00:00:00,F,67,-65.29721999999674,43969.0,21593.000000000004,-0.0014850740294297515,29395.46577000003,6079.94893,0.0,0.010739764552594153,0.0030239994442641934
BC,past,2011-01-01T00:00:00,F,68,8.459779999997409,43969.0,20648.0,0.00019240328413194316,29395.46577000003,6079.94893,0.00028779200391616723,0.0,0.0
BC,past,2011-01-01T00:00:00,F,69,74.41272000000026,43969.0,19053.0,0.0016923905478860165,29395.46577000003,6079.94893,0.002531435309861402,0.0,0.0
BC,past,2011-01-01T00:00:00,F,70,-119.98418999999194,43969.0,18711.000000000004,-0.00272883599808938,29395.46577000003,6079.94893,0.0,0.01973440753884621,0.006412494789161024
BC,past,2011-01-01T00:00:00,F,71,57.652390000002924,43969.0,17110.000000000004,0.0013112053947099758,29395.46577000003,6079.94893,0.001961268123835646,0.0,0.0
BC,past,2011-01-01T00:00:00,F,72,90.63488000000325,43969.0,16157.000000000002,0.002061335941231396,29395.46577000003,6079.94893,0.0030832945702973682,0.0,0.0
BC,past,2011-01-01T00:00:00,F,73,-55.293610000002445,43969.0,15674.0,-0.0012575589619960074,29395.46577000003,6079.94893,0.0,0.009094420140137994,0.0035277280847264545
BC,past,2011-01-01T00:00:00,F,74,2.288640000000669,43969.0,15056.000000000002,5.205121790353815e-05,29395.46577000003,6079.94893,7.785690548017693e-05,0.0,0.0
BC,past,2011-01-01T00:00:00,F,75,-13.315200000002733,43969.0,14425.999999999998,-0.00030283154040352823,29395.46577000003,6079.94893,0.0,0.0021900183954345707,0.0009230001386387588
BC,past,2011-01-01T00:00:00,F,76,-48.68730999999934,43969.0,13694.000000000002,-0.0011073099229002101,29395.46577000003,6079.94893,0.0,0.008007848513293243,0.0035553753468671925
BC,past,2011-01-01T00:00:00,F,77,31.084200000001147,43969.0,12913.000000000002,0.0007069571743728797,29395.46577000003,6079.94893,0.0010574487998664262,0.0,0.0
BC,past,2011-01-01T00:00:00,F,78,-124.88290000000234,43969.0,12849.0,-0.0028402488116628156,29395.46577000003,6079.94893,0.0,0.020540123188173283,0.009719269982099956
BC,past,2011-01-01T00:00:00,F,79,18.77270000000317,43969.0,12248.000000000004,0.00042695308057957127,29395.46577000003,6079.94893,0.0006386257032593755,0.0,0.0
BC,past,2011-01-01T00:00:00,F,80,-57.43557999999939,43969.0,12062.0,-0.00130627442061451,29395.46577000003,6079.94893,0.0,0.00944672079671554,0.004761696236113363
BC,past,2011-01-01T00:00:00,F,81,-59.79411999999866,43969.0,11438.0,-0.0013599153949373118,29395.46577000003,6079.94893,0.0,0.009834641818282289,0.005227672670047093
BC,past,2011-01-01T00:00:00,F,82,-43.96899999999914,43969.0,10683.000000000002,-0.0009999999999999805,29395.46577000003,6079.94893,0.0,0.0072318041658286005,0.004115791444350756
BC,past,2011-01-01T00:00:00,F,83,-20.562590000003183,43969.0,10029.999999999998,-0.00046766107939692016,29395.46577000003,6079.94893,0.0,0.0033820333421786136,0.0020501086739783837
BC,past,2011-01-01T00:00:00,F,84,-86.84771999999975,43969.0,9435.0,-0.001975203438786412,29395.46577000003,6079.94893,0.0,0.014284284456974832,0.009204845786963407
BC,past,2011-01-01T00:00:00,F,85,-99.41702000000078,43969.0,8824.0,-0.0022610707543951596,29395.46577000003,6079.94893,0.0,0.016351620900868453,0.011266661378059924
BC,past,2011-01-01T00:00:00,F,86,-112.86260000000038,43969.0,8211.0,-0.0025668675657849935,29395.46577000003,6079.94893,0.0,0.018563083555374598,0.01374529289976865
BC,past,2011-01-01T00:00:00,F,87,-183.04109999999764,43969.0,7545.000000000001,-0.00416295799313147,29395.46577000003,6079.94893,0.0,0.030105696956898232,0.024259920477136862
BC,past,2011-01-01T00:00:00,F,88,-89.95681999999852,43969.0,6667.000000000001,-0.0020459146216652304,29395.46577000003,6079.94893,0.0,0.014795653883888548,0.013492848357581896
BC,past,2011-01-01T00:00:00,F,89,-127.17083999999977,43969.0,6069.0,-0.0028922841092587906,29395.46577000003,6079.94893,0.0,0.020916432270097995,0.020954167078596108
BC,past,2011-01-01T00:00:00,F,90,-136.9973399999999,43969.0,5254.0,-0.003115771111464893,29395.46577000003,6079.94893,0.0,0.022532646503660665,0.026074864864864846
BC,past,2011-01-01T00:00:00,F,91,-9.46041999999943,43969.0,4742.0,-0.00021516113625507586,29395.46577000003,6079.94893,0.0,0.0015560032014939032,0.0019950274145928786
BC,past,2011-01-01T00:00:00,F,92,9.754739999999856,43969.0,3366.0,0.00022185494325547216,29395.46577000003,6079.94893,0.0003318450565241663,0.0,0.0
BC,past,2011-01-01T00:00:00,F,93,-16.871439999999893,43969.0,2687.0,-0.0003837121608405898,29395.46577000003,6079.94893,0.0,0.0027749312032461257,0.00627891328619274
BC,past,2011-01-01T00:00:00,F,94,-51.19300000000021,43969.0,2039.0,-0.0011642975732902776,29395.46577000003,6079.94893,0.0,0.008419972040784924,0.025106915154487597
BC,past,2011-01-01T00:00:00,F,95,-0.9341199999998935,43969.0,1650.0,-2.1244968045666118e-05,29395.46577000003,6079.94893,0.0,0.00015363944841554673,0.0005661333333332688
BC,past,2011-01-01T00:00:00,F,96,-30.08439999999996,43969.0,1286.0,-0.0006842184266187532,29395.46577000003,6079.94893,0.0,0.004948133667958287,0.023393779160186593
BC,past,2011-01-01T00:00:00,F,97,-8.962519999999927,43969.0,986.0,-0.00020383724897086417,29395.46577000003,6079.94893,0.0,0.001474111066258566,0.009089776876267674
BC,past,2011-01-01T00:00:00,F,98,-13.483140000000049,43969.0,635.0000000000001,-0.0003066510496031306,29395.46577000003,6079.94893,0.0,0.002217640337975676,0.02123329133858275
BC,past,2011-01-01T00:00:00,F,99,1.0038200000000188,43969.0,467.00000000000006,2.2830175805681702e-05,29395.46577000003,6079.94893,3.4148804031691235e-05,0.0,0.0
BC,past,2011-01-01T00:00:00,F,100,469.91635,43969.0,750.0,0.010687446837544634,29395.46577000003,6079.94893,0.015986014771012063,0.0,0.0
BC,past,2011-01-01T00:00:00,M,1,283.6713400000008,43969.0,23225.0,0.006451621369601328,29395.46577000003,6079.94893,0.009650173336920066,0.0,0.0
BC,past,2011-01-01T00:00:00,M,2,166.26353999999992,43969.0,23473.999999999996,0.0037813809729582188,29395.46577000003,6079.94893,0.005656094763080182,0.0,0.0
BC,past,2011-01-01T00:00:00,M,3,112.55101000000286,43969.0,23301.0,0.002559780982055604,29395.46577000003,6079.94893,0.0038288561535523764,0.0,0.0
BC,past,2011-01-01T00:00:00,M,4,248.0538899999956,43969.0,23066.999999999996,0.005641563146762392,29395.46577000003,6079.94893,0.008438508576147502,0.0,0.0
BC,past,2011-01-01T00:00:00,M,5,381.772399999998,43969.0,22535.0,0.008682762855648252,29395.46577000003,6079.94893,0.012987458779769407,0.0,0.0
BC,past,2011-01-01T00:00:00,M,6,261.5490300000056,43969.0,22389.0,0.005948487115922709,29395.46577000003,6079.94893,0.008897597746756346,0.0,0.0
BC,past,2011-01-01T00:00:00,M,7,207.57548999999926,43969.0,22713.0,0.004720950897223027,29395.46577000003,6079.94893,0.007061479876663272,0.0,0.0
BC,past,2011-01-01T00:00:00,M,8,203.58325999999943,43969.0,22820.0,0.004630154426982634,29395.46577000003,6079.94893,0.006925668795075507,0.0,0.0
BC,past,2011-01-01T00:00:00,M,9,255.58269999999902,43969.0,22864.0,0.0058127931042325056,29395.46577000003,6079.94893,0.00869463004940162,0.0,0.0
BC,past,2011-01-01T00:00:00,M,10,299.84000000000015,43969.0,23298.0,0.0068193499965885085,29395.46577000003,6079.94893,0.010200212588773001,0.0,0.0
BC,past,2011-01-01T00:00:00,M,11,343.13732000000164,43969.0,24089.0,0.0078040737792536025,29395.46577000003,6079.94893,0.011673137710585127,0.0,0.0
BC,past,2011-01-01T00:00:00,M,12,211.4496999999974,43969.0,24705.999999999996,0.004809063203620674,29395.46577000003,6079.94893,0.007193276053335935,0.0,0.0
BC,past,2011-01-01T00:00:00,M,13,343.99147999999695,43969.0,25270.0,0.00782350019331795,29395.46577000003,6079.94893,0.011702195253223796,0.0,0.0
BC,past,2011-01-01T00:00:00,M,14,340.2215999999971,43969.0,26721.0,0.007737760695035073,29395.46577000003,6079.94893,0.011573948263382008,0.0,0.0
BC,past,2011-01-01T00:00:00,M,15,618.5253999999986,43969.0,28240.0,0.014067306511405732,29395.46577000003,6079.94893,0.021041524051346846,0.0,0.0
BC,past,2011-01-01T00:00:00,M,16,736.7511599999998,43969.0,29437.0,0.016756150014783137,29395.46577000003,6079.94893,0.025063428685382555,0.0,0.0
BC,past,2011-01-01T00:00:00,M,17,877.4608800000024,43969.0,29925.0,0.019956352884987205,29395.46577000003,6079.94893,0.02985021182741414,0.0,0.0
BC,past,2011-01-01T00:00:00,M,18,867.908279999996,43969.0,30192.0,0.019739095271668585,29395.46577000003,6079.94893,0.029525243341636462,0.0,0.0
BC,past,2011-01-01T00:00:00,M,19,1388.2807199999952,43969.0,30759.0,0.03157407991994349,29395.46577000003,6079.94893,0.04722771637171421,0.0,0.0
BC,past,2011-01-01T00:00:00,M,20,614.825670000002,43969.0,30810.000000000004,0.013983162455366327,29395.46577000003,6079.94893,0.02091566348397416,0.0,0.0
BC,past,2011-01-01T00:00:00,M,21,59.331959999999526,43969.0,30845.0,0.0013494043530669227,29395.46577000003,6079.94893,0.0020184051671176995,0.0,0.0
BC,past,2011-01-01T00:00:00,M,22,13.914150000000518,43969.0,30857.0,0.0003164536377902731,29395.46577000003,6079.94893,0.00047334340979215934,0.0,0.0
BC,past,2011-01-01T00:00:00,M,23,132.63200000000143,43969.0,30286.0,0.0030164888898997345,29395.46577000003,6079.94893,0.004511988380716897,0.0,0.0
BC,past,2011-01-01T00:00:00,M,24,-94.46879999999874,43969.0,30441.999999999996,-0.0021485319202164876,29395.46577000003,6079.94893,0.0,0.01553776209103762,0.0031032389461927187
BC,past,2011-01-01T00:00:00,M,25,-183.2693199999958,43969.0,31498.0,-0.00416814846823889,29395.46577000003,6079.94893,0.0,0.0301432334564027,0.005818443075750707
BC,past,2011-01-01T00:00:00,M,26,-562.6086600000017,43969.0,31965.0,-0.01279557551911578,29395.46577000003,6079.94893,0.0,0.09253509634331776,0.017600771468794046
BC,past,2011-01-01T00:00:00,M,27,-235.85667000000103,43969.0,31565.999999999996,-0.005364158156883282,29395.46577000003,6079.94893,0.0,0.03879254130511275,0.007471858011784865
BC,past,2011-01-01T00:00:00,M,28,-46.73280000000159,43969.0,31511.999999999996,-0.0010628579226273417,29395.46577000003,6079.94893,0.0,0.007686380352540493,0.0014830159939071335
BC,past,2011-01-01T00:00:00,M,29,-35.07992999999988,43969.0,31168.0,-0.0007978332461506943,29395.46577000003,6079.94893,0.0,0.005769773793149259,0.0011255111011293595
BC,past,2011-01-01T00:00:00,M,30,240.93519999999626,43969.0,31533.999999999996,0.005479660670017427,29395.46577000003,6079.94893,0.008196338914482728,0.0,0.0
BC,past,2011-01-01T00:00:00,M,31,274.75059999999576,43969.0,31080.999999999996,0.006248734335554499,29395.46577000003,6079.94893,0.00934670000297789,0.0,0.0
BC,past,2011-01-01T00:00:00,M,32,133.11239999999816,43969.0,29696.999999999996,0.003027414769496649,29395.46577000003,6079.94893,0.004528331037225746,0.0,0.0
BC,past,2011-01-01T00:00:00,M,33,190.1122800000012,43969.0,28848.0,0.004323779935863931,29395.46577000003,6079.94893,0.006467401519931793,0.0,0.0
BC,past,2011-01-01T00:00:00,M,34,31.841000000007625,43969.0,28844.000000000004,0.0007241693010986746,29395.46577000003,6079.94893,0.0010831942670731015,0.0,0.0
BC,past,2011-01-01T00:00:00,M,35,274.8738800000028,43969.0,28834.0,0.006251538129136501,29395.46577000003,6079.94893,0.009350893847054785,0.0,0.0
BC,past,2011-01-01T00:00:00,M,36,209.17183000000296,43969.0,29063.0,0.004757256931019649,29395.46577000003,6079.94893,0.0071157855308921925,0.0,0.0
BC,past,2011-01-01T00:00:00,M,37,110.7294499999989,43969.0,28526.999999999996,0.002518352703040754,29395.46577000003,6079.94893,0.003766888773472181,0.0,0.0
BC,past,2011-01-01T00:00:00,M,38,243.15168000000267,43969.0,29204.999999999996,0.005530070731651906,29395.46577000003,6079.94893,0.008271741019601556,0.0,0.0
BC,past,2011-01-01T00:00:00,M,39,156.31740999999965,43969.0,29772.999999999996,0.00355517319020218,29395.46577000003,6079.94893,0.005317738838468471,0.0,0.0
BC,past,2011-01-01T00:00:00,M,40,143.9794799999945,43969.0,32291.999999999996,0.003274567991084503,29395.46577000003,6079.94893,0.0048980166236023675,0.0,0.0
BC,past,2011-01-01T00:00:00,M,41,37.13039999999819,43969.0,32402.999999999996,0.0008444676931474036,29395.46577000003,6079.94893,0.0012631335829314248,0.0,0.0
BC,past,2011-01-01T00:00:00,M,42,128.40869999999995,43969.0,32087.999999999996,0.002920437126157064,29395.46577000003,6079.94893,0.004368316562993512,0.0,0.0
BC,past,2011-01-01T00:00:00,M,43,271.2497099999964,43969.0,31431.999999999996,0.006169112556573869,29395.46577000003,6079.94893,0.009227603744140167,0.0,0.0
BC,past,2011-01-01T00:00:00,M,44,219.31706000000122,43969.0,31241.0,0.0049879929040915465,29395.46577000003,6079.94893,0.007460914608940418,0.0,0.0
BC,past,2011-01-01T00:00:00,M,45,102.96107999999367,43969.0,32162.999999999996,0.002341674361481809,29395.46577000003,6079.94893,0.003502617744028812,0.0,0.0
BC,past,2011-01-01T00:00:00,M,46,-30.267899999998917,43969.0,34190.0,-0.0006883918215105851,29395.46577000003,6079.94893,0.0,0.0049783148425226855,0.00088528517110263
BC,past,2011-01-01T00:00:00,M,47,-180.32084000000032,43969.0,35616.0,-0.004101090313630065,29395.46577000003,6079.94893,0.0,0.029658282014549803,0.005062916666666676
BC,past,2011-01-01T00:00:00,M,48,-262.9420800000007,43969.0,36774.0,-0.00598016966499126,29395.46577000003,6079.94893,0.0,0.04324741589564647,0.007150217001142131
BC,past,2011-01-01T00:00:00,M,49,255.29523999999947,43969.0,35515.0,0.005806255316245524,29395.46577000003,6079.94893,0.008684850990200834,0.0,0.0
BC,past,2011-01-01T00:00:00,M,50,148.33600000000297,43969.0,36152.0,0.003373649616775523,29395.46577000003,6079.94893,0.005046220432791694,0.0,0.0
BC,past,2011-01-01T00:00:00,M,51,60.55194999999367,43969.0,35410.99999999999,0.0013771509472581516,29395.46577000003,6079.94893,0.0020599078263897025,0.0,0.0
BC,past,2011-01-01T00:00:00,M,52,255.62131000000227,43969.0,34609.0,0.005813671222907099,29395.46577000003,6079.94893,0.008695943517278107,0.0,0.0
BC,past,2011-01-01T00:00:00,M,53,2.0196800000048825,43969.0,34903.0,4.5934180900290716e-05,29395.46577000003,6079.94893,6.87071950418318e-05,0.0,0.0
BC,past,2011-01-01T00:00:00,M,54,170.66939000001003,43969.0,33947.0,0.0038815845254613485,29395.46577000003,6079.94893,0.005805976722239562,0.0,0.0
BC,past,2011-01-01T00:00:00,M,55,142.55311999999685,43969.0,33764.0,0.0032421278628123646,29395.46577000003,6079.94893,0.004849493493839499,0.0,0.0
BC,past,2011-01-01T00:00:00,M,56,83.69965000000957,43969.0,32914.0,0.0019036059496465594,29395.46577000003,6079.94893,0.0028473660072238236,0.0,0.0
BC,past,2011-01-01T00:00:00,M,57,57.14367000000129,43969.0,31875.999999999996,0.001299635424958523,29395.46577000003,6079.94893,0.0019439620534375099,0.0,0.0
BC,past,2011-01-01T00:00:00,M,58,78.95941999999559,43969.0,30866.999999999996,0.001795797493688635,29395.46577000003,6079.94893,0.002686108824326872,0.0,0.0
BC,past,2011-01-01T00:00:00,M,59,196.71420000000217,43969.0,30054.000000000004,0.004473929359321389,29395.46577000003,6079.94893,0.006691991259439804,0.0,0.0
BC,past,2011-01-01T00:00:00,M,60,179.0683499999941,43969.0,29610.999999999996,0.004072604562305127,29395.46577000003,6079.94893,0.006091699699575602,0.0,0.0
BC,past,2011-01-01T00:00:00,M,61,12.423469999997906,43969.0,29253.0,0.00028255066069271317,29395.46577000003,6079.94893,0.00042263218746739023,0.0,0.0
BC,past,2011-01-01T00:00:00,M,62,288.82304000000295,43969.0,28266.000000000004,0.006568788009734198,29395.46577000003,6079.94893,0.009825428256856046,0.0,0.0
BC,past,2011-01-01T00:00:00,M,63,145.8073000000004,43969.0,28440.0,0.0033161386431349448,29395.46577000003,6079.94893,0.004960196961696254,0.0,0.0
BC,past,2011-01-01T00:00:00,M,64,-322.2333499999986,43969.0,28012.0,-0.0073286485933270855,29395.46577000003,6079.94893,0.0,0.052999351427117765,0.011503403898329238
BC,past,2011-01-01T00:00:00,M,65,416.77351999999155,43969.0,23242.999999999996,0.009478803702608464,29395.46577000003,6079.94893,0.014178156701477948,0.0,0.0
BC,past,2011-01-01T00:00:00,M,66,204.0251999999964,43969.0,21638.999999999996,0.004640205599399495,29395.46577000003,6079.94893,0.006940703086535791,0.0,0.0
BC,past,2011-01-01T00:00:00,M,67,-38.14428000000407,43969.0,21351.999999999996,-0.0008675266665151373,29395.46577000003,6079.94893,0.0,0.006273782960871692,0.001786449981266583
BC,past,2011-01-01T00:00:00,M,68,-2.804019999995944,43969.0,20150.0,-6.377265800895959e-05,29395.46577000003,6079.94893,0.0,0.00046119137385516564,0.0001391573200990543
BC,past,2011-01-01T00:00:00,M,69,70.84419999999955,43969.0,18457.0,0.0016112306397689177,29395.46577000003,6079.94893,0.0024100383560617237,0.0,0.0
BC,past,2011-01-01T00:00:00,M,70,10.880639999995765,43969.0,17430.999999999996,0.0002474616206872061,29395.46577000003,6079.94893,0.0003701468820099513,0.0,0.0
BC,past,2011-01-01T00:00:00,M,71,43.37561999999889,43969.0,16292.999999999998,0.000986504582774202,29395.46577000003,6079.94893,0.001475588797924968,0.0,0.0
BC,past,2011-01-01T00:00:00,M,72,3.372220000001107,43969.0,15413.0,7.669539903116076e-05,29395.46577000003,6079.94893,0.00011471905314875722,0.0,0.0
BC,past,2011-01-01T00:00:00,M,73,2.8176000000003114,43969.0,14541.0,6.408151197435264e-05,29395.46577000003,6079.94893,9.585151744306953e-05,0.0,0.0
BC,past,2011-01-01T00:00:00,M,74,36.929449999997814,43969.0,13784.999999999998,0.000839897427733126,29395.46577000003,6079.94893,0.0012562974946185987,0.0,0.0
BC,past,2011-01-01T00:00:00,M,75,17.52936000000045,43969.0,13566.0,0.0003986754304168949,29395.46577000003,6079.94893,0.000596328703792484,0.0,0.0
BC,past,2011-01-01T00:00:00,M,76,-11.434150000000955,43969.0,12620.999999999998,-0.0002600502626850953,29395.46577000003,6079.94893,0.0,0.0018806325730109307,0.0009059622850804973
BC,past,2011-01-01T00:00:00,M,77,-42.961999999997715,43969.0,11875.0,-0.0009770975005116722,29395.46577000003,6079.94893,0.0,0.007066177774621162,0.003617852631578755
BC,past,2011-01-01T00:00:00,M,78,-45.71751999999833,43969.0,11485.0,-0.001039767108644689,29395.46577000003,6079.94893,0.0,0.007519392107788368,0.003980628646059933
BC,past,2011-01-01T00:00:00,M,79,-83.59568000000036,43969.0,11017.999999999998,-0.0019012413291182506,29395.46577000003,6079.94893,0.0,0.013749404964163138,0.007587191867852639
BC,past,2011-01-01T00:00:00,M,80,-78.86250000000109,43969.0,10468.0,-0.001793593213400375,29395.46577000003,6079.94893,0.0,0.012970914872470993,0.007533674054260708
BC,past,2011-01-01T00:00:00,M,81,-25.4575900000018,43969.0,9433.999999999998,-0.0005789895153403944,29395.46577000003,6079.94893,0.0,0.004187138789009829,0.0026984937460252075
BC,past,2011-01-01T00:00:00,M,82,-62.78777999999875,43969.0,8499.0,-0.0014280010916781995,29395.46577000003,6079.94893,0.0,0.010327024243606394,0.007387666784327421
BC,past,2011-01-01T00:00:00,M,83,-100.35815999999795,43969.0,7644.0,-0.002282475380381586,29395.46577000003,6079.94893,0.0,0.016506414964245097,0.01312901098901072
BC,past,2011-01-01T00:00:00,M,84,-57.16414999999961,43969.0,6772.0,-0.0013001012076690307,29395.46577000003,6079.94893,0.0,0.009402077329619875,0.00844125073833426
BC,past,2011-01-01T00:00:00,M,85,-126.07484999999997,43969.0,5818.0,-0.0028673576838226925,29395.46577000003,6079.94893,0.0,0.020736169242790002,0.021669792024750768
BC,past,2011-01-01T00:00:00,M,86,-100.60167999999976,43969.0,5152.999999999999,-0.0022880138279242138,29395.46577000003,6079.94893,0.0,0.016546467932256097,0.019522934213079716
BC,past,2011-01-01T00:00:00,M,87,-128.29232000000138,43969.0,4559.999999999999,-0.0029177902613205073,29395.46577000003,6079.94893,0.0,0.02110088776683218,0.028134280701754694
BC,past,2011-01-01T00:00:00,M,88,-80.22346000000016,43969.0,3759.9999999999995,-0.0018245459300871105,29395.46577000003,6079.94893,0.0,0.013194758857949842,0.021336026595744725
BC,past,2011-01-01T00:00:00,M,89,-79.51940000000013,43969.0,3318.0,-0.001808533284814304,29395.46577000003,6079.94893,0.0,0.013078958543160022,0.023966063893912034
BC,past,2011-01-01T00:00:00,M,90,-56.066569999999956,43969.0,2750.9999999999995,-0.0012751386203916385,29395.46577000003,6079.94893,0.0,0.009221552786957367,0.020380432569974544
BC,past,2011-01-01T00:00:00,M,91,-50.79194999999936,43969.0,2222.0,-0.0011551763742636712,29395.46577000003,6079.94893,0.0,0.00835400931566696,0.022858663366336344
BC,past,2011-01-01T00:00:00,M,92,26.470800000000054,43969.0,1462.0,0.0006020332506993576,29395.46577000003,6079.94893,0.0009005062279712272,0.0,0.0
BC,past,2011-01-01T00:00:00,M,93,-33.48314000000005,43969.0,1045.0,-0.0007615169778707737,29395.46577000003,6079.94893,0.0,0.005507141652915175,0.032041282296650764
BC,past,2011-01-01T00:00:00,M,94,-18.602919999999926,43969.0,749.0000000000001,-0.0004230917237144335,29395.46577000003,6079.94893,0.0,0.0030597164900857034,0.02483700934579429
BC,past,2011-01-01T00:00:00,M,95,5.566640000000007,43969.0,589.9999999999999,0.00012660374354658978,29395.46577000003,6079.94893,0.00018937070239183356,0.0,0.0
BC,past,2011-01-01T00:00:00,M,96,-11.290450000000078,43969.0,437.9999999999999,-0.0002567820509904723,29395.46577000003,6079.94893,0.0,0.0018569975060629463,0.025777283105023016
BC,past,2011-01-01T00:00:00,M,97,2.259900000000073,43969.0,300.0,5.139757556460399e-05,29395.46577000003,6079.94893,7.687920367318848e-05,0.0,0.0
BC,past,2011-01-01T00:00:00,M,98,-1.944230000000033,43969.0,194.99999999999994,-4.421819918579074e-05,29395.46577000003,6079.94893,0.0,0.00031977735707724655,0.009970410256410428
BC,past,2011-01-01T00:00:00,M,99,-2.554650000000038,43969.0,110.99999999999996,-5.8101162182447585e-05,29395.46577000003,6079.94893,0.0,0.00042017622671051584,0.023014864864865214
BC,past,2011-01-01T00:00:00,M,100,119.45545000000001,43969.0,176.0,0.002716810707543952,29395.46577000003,6079.94893,0.004063737276172436,0.0,0.0
BC,past,2012-01-01T00:00:00,F,1,180.6757800000014,43672.0,21592.0,0.004137107986810803,55643.406279999996,3263.4256199999913,0.0032470294699579166,0.0,0.0
BC,past,2012-01-01T00:00:00,F,2,240.83346000000165,43672.0,21534.000000000004,0.005514596537827479,55643.406279999996,3263.4256199999913,0.004328158107146018,0.0,0.0
BC,past,2012-01-01T00:00:00,F,3,265.81540999999925,43672.0,21920.000000000004,0.0060866323960432145,55643.406279999996,3263.4256199999913,0.004777123252706794,0.0,0.0
BC,past,2012-01-01T00:00:00,F,4,269.18509999999515,43672.0,22117.999999999996,0.006163791445319544,55643.406279999996,3263.4256199999913,0.004837681910511449,0.0,0.0
BC,past,2012-01-01T00:00:00,F,5,262.9307699999954,43672.0,21714.0,0.006020580005495406,55643.406279999996,3263.4256199999913,0.004725281710413567,0.0,0.0
BC,past,2012-01-01T00:00:00,F,6,282.4899499999992,43672.0,21566.0,0.006468445457043397,55643.406279999996,3263.4256199999913,0.005076791104025835,0.0,0.0
BC,past,2012-01-01T00:00:00,F,7,276.48673000000053,43672.0,21514.0,0.006330983925627417,55643.406279999996,3263.4256199999913,0.004968903747709252,0.0,0.0
BC,past,2012-01-01T00:00:00,F,8,288.2832199999939,43672.0,21673.999999999996,0.0066010995603589,55643.406279999996,3263.4256199999913,0.005180905326847541,0.0,0.0
BC,past,2012-01-01T00:00:00,F,9,262.29191999999966,43672.0,21793.0,0.006005951639494405,55643.406279999996,3263.4256199999913,0.004713800565697497,0.0,0.0
BC,past,2012-01-01T00:00:00,F,10,239.28778000000239,43672.0,21701.000000000004,0.0054792036087196,55643.406279999996,3263.4256199999913,0.004300379793355858,0.0,0.0
BC,past,2012-01-01T00:00:00,F,11,247.54175000000396,43672.0,22271.000000000004,0.005668202738596903,55643.406279999996,3263.4256199999913,0.004448716686292771,0.0,0.0
BC,past,2012-01-01T00:00:00,F,12,163.57772999999725,43672.0,22700.999999999996,0.003745597407950111,55643.406279999996,3263.4256199999913,0.0029397504742406876,0.0,0.0
BC,past,2012-01-01T00:00:00,F,13,90.85039999999208,43672.0,23218.999999999996,0.002080289430298408,55643.406279999996,3263.4256199999913,0.0016327253501129853,0.0,0.0
BC,past,2012-01-01T00:00:00,F,14,99.14244999999937,43672.0,23902.0,0.0022701605147462762,55643.406279999996,3263.4256199999913,0.0017817466008660636,0.0,0.0
BC,past,2012-01-01T00:00:00,F,15,117.68630999999732,43672.0,24535.999999999996,0.002694777202784331,55643.406279999996,3263.4256199999913,0.0021150090885485116,0.0,0.0
BC,past,2012-01-01T00:00:00,F,16,532.3640100000011,43672.0,26406.000000000004,0.012190053352262345,55643.406279999996,3263.4256199999913,0.009567423089110015,0.0,0.0
BC,past,2012-01-01T00:00:00,F,17,435.95024999999805,43672.0,26767.0,0.00998237429016299,55643.406279999996,3263.4256199999913,0.007834715362432663,0.0,0.0
BC,past,2012-01-01T00:00:00,F,18,388.0967500000006,43672.0,27208.0,0.008886626442571913,55643.406279999996,3263.4256199999913,0.006974712296495315,0.0,0.0
BC,past,2012-01-01T00:00:00,F,19,1604.2143700000015,43672.0,28617.000000000004,0.03673324716065217,55643.406279999996,3263.4256199999913,0.028830268979715697,0.0,0.0
BC,past,2012-01-01T00:00:00,F,20,1570.7996800000037,43672.0,29419.000000000004,0.03596811870305925,55643.406279999996,3263.4256199999913,0.028229754161628293,0.0,0.0
BC,past,2012-01-01T00:00:00,F,21,1037.4498800000038,43672.0,29664.0,0.02375549276424262,55643.406279999996,3263.4256199999913,0.018644614867384498,0.0,0.0
BC,past,2012-01-01T00:00:00,F,22,904.8604799999994,43672.0,31062.0,0.020719465103498796,55643.406279999996,3263.4256199999913,0.016261773685218025,0.0,0.0
BC,past,2012-01-01T00:00:00,F,23,759.4311599999965,43672.0,30829.999999999996,0.017389429382670737,55643.406279999996,3263.4256199999913,0.013648178836833,0.0,0.0
BC,past,2012-01-01T00:00:00,F,24,662.4665000000059,43672.0,30826.000000000004,0.015169135830738366,55643.406279999996,3263.4256199999913,0.011905570566015426,0.0,0.0
BC,past,2012-01-01T00:00:00,F,25,623.9789199999977,43672.0,31110.0,0.014287848507052522,55643.406279999996,3263.4256199999913,0.011213887892845905,0.0,0.0
BC,past,2012-01-01T00:00:00,F,26,521.6151399999981,43672.0,31731.999999999996,0.011943926085363576,55643.406279999996,3263.4256199999913,0.009374248897977389,0.0,0.0
BC,past,2012-01-01T00:00:00,F,27,265.28096000000005,43672.0,32382.999999999996,0.006074394577761496,55643.406279999996,3263.4256199999913,0.004767518341078815,0.0,0.0
BC,past,2012-01-01T00:00:00,F,28,236.2467199999992,43672.0,32247.0,0.005409569518226763,55643.406279999996,3263.4256199999913,0.004245727136315049,0.0,0.0
BC,past,2012-01-01T00:00:00,F,29,156.23679999999877,43672.0,32136.000000000004,0.003577505037552637,55643.406279999996,3263.4256199999913,0.002807822353897756,0.0,0.0
BC,past,2012-01-01T00:00:00,F,30,329.8317200000092,43672.0,32177.000000000004,0.007552475728155551,55643.406279999996,3263.4256199999913,0.005927597572662643,0.0,0.0
BC,past,2012-01-01T00:00:00,F,31,246.30759999999282,43672.0,31644.999999999996,0.005639943213042517,55643.406279999996,3263.4256199999913,0.004426537059226073,0.0,0.0
BC,past,2012-01-01T00:00:00,F,32,463.1599999999962,43672.0,30851.0,0.010605422238505134,55643.406279999996,3263.4256199999913,0.008323717596822799,0.0,0.0
BC,past,2012-01-01T00:00:00,F,33,327.70520999999644,43672.0,29862.0,0.00750378297307191,55643.406279999996,3263.4256199999913,0.005889380825303358,0.0,0.0
BC,past,2012-01-01T00:00:00,F,34,379.2967600000011,43672.0,29272.000000000004,0.008685124564938659,55643.406279999996,3263.4256199999913,0.006816562560734755,0.0,0.0
BC,past,2012-01-01T00:00:00,F,35,488.12033000000156,43672.0,29291.0,0.011176963042681846,55643.406279999996,3263.4256199999913,0.00877229419679592,0.0,0.0
BC,past,2012-01-01T00:00:00,F,36,474.3816000000079,43672.0,30039.000000000004,0.010862374061183547,55643.406279999996,3263.4256199999913,0.008525387493585484,0.0,0.0
BC,past,2012-01-01T00:00:00,F,37,427.5513600000013,43672.0,29967.0,0.009790056786957348,55643.406279999996,3263.4256199999913,0.00768377402793324,0.0,0.0
BC,past,2012-01-01T00:00:00,F,38,419.64420000000246,43672.0,29809.000000000004,0.009608998900897657,55643.406279999996,3263.4256199999913,0.007541669859108461,0.0,0.0
BC,past,2012-01-01T00:00:00,F,39,427.4668499999934,43672.0,30356.999999999996,0.009788121679794684,55643.406279999996,3263.4256199999913,0.007682255249597086,0.0,0.0
BC,past,2012-01-01T00:00:00,F,40,467.61665999999605,43672.0,30892.000000000004,0.010707470690602584,55643.406279999996,3263.4256199999913,0.008403810824357679,0.0,0.0
BC,past,2012-01-01T00:00:00,F,41,623.8546599999972,43672.0,33745.0,0.014285003205715269,55643.406279999996,3263.4256199999913,0.011211654744153044,0.0,0.0
BC,past,2012-01-01T00:00:00,F,42,617.454819999999,43672.0,33676.0,0.014138459882762388,55643.406279999996,3263.4256199999913,0.011096639499259625,0.0,0.0
BC,past,2012-01-01T00:00:00,F,43,601.2850799999942,43672.0,33852.0,0.013768205715332346,55643.406279999996,3263.4256199999913,0.010806043702182825,0.0,0.0
BC,past,2012-01-01T00:00:00,F,44,576.6065599999856,43672.0,32856.99999999999,0.013203117787140173,55643.406279999996,3263.4256199999913,0.010362531673536965,0.0,0.0
BC,past,2012-01-01T00:00:00,F,45,449.98752000000604,43672.0,31982.0,0.010303799230628458,55643.406279999996,3263.4256199999913,0.008086987301525891,0.0,0.0
BC,past,2012-01-01T00:00:00,F,46,520.0154800000018,43672.0,33556.0,0.011907297124015429,55643.406279999996,3263.4256199999913,0.009345500478228484,0.0,0.0
BC,past,2012-01-01T00:00:00,F,47,515.0272500000065,43672.0,35303.00000000001,0.011793076799780328,55643.406279999996,3263.4256199999913,0.009255854097219846,0.0,0.0
BC,past,2012-01-01T00:00:00,F,48,572.2430000000022,43672.0,37418.0,0.013103201135739198,55643.406279999996,3263.4256199999913,0.010284111600221794,0.0,0.0
BC,past,2012-01-01T00:00:00,F,49,554.4463999999934,43672.0,37649.0,0.012695695182267664,55643.406279999996,3263.4256199999913,0.00996427855638448,0.0,0.0
BC,past,2012-01-01T00:00:00,F,50,412.8000799999936,43672.0,36441.99999999999,0.009452282469316578,55643.406279999996,3263.4256199999913,0.007418670200073051,0.0,0.0
BC,past,2012-01-01T00:00:00,F,51,388.07307999999466,43672.0,37059.99999999999,0.008886084447700922,55643.406279999996,3263.4256199999913,0.00697428690916574,0.0,0.0
BC,past,2012-01-01T00:00:00,F,52,469.632160000001,43672.0,36668.00000000001,0.010753621542407058,55643.406279999996,3263.4256199999913,0.008440032546476251,0.0,0.0
BC,past,2012-01-01T00:00:00,F,53,480.31340000001364,43672.0,35999.00000000001,0.010998200219820793,55643.406279999996,3263.4256199999913,0.00863199131956545,0.0,0.0
BC,past,2012-01-01T00:00:00,F,54,515.3168099999966,43672.0,35710.0,0.011799707135006334,55643.406279999996,3263.4256199999913,0.009261057948302094,0.0,0.0
BC,past,2012-01-01T00:00:00,F,55,475.31096999999863,43672.0,34869.0,0.010883654744458661,55643.406279999996,3263.4256199999913,0.00854208974210194,0.0,0.0
BC,past,2012-01-01T00:00:00,F,56,505.1496200000038,43672.0,34151.0,0.011566899157354914,55643.406279999996,3263.4256199999913,0.009078337466582641,0.0,0.0
BC,past,2012-01-01T00:00:00,F,57,485.74675999999454,43672.0,33851.0,0.011122613115955178,55643.406279999996,3263.4256199999913,0.00872963739055974,0.0,0.0
BC,past,2012-01-01T00:00:00,F,58,502.12048000000505,43672.0,32467.000000000004,0.011497538010624772,55643.406279999996,3263.4256199999913,0.009023899030791059,0.0,0.0
BC,past,2012-01-01T00:00:00,F,59,494.01850000000195,43672.0,31072.000000000004,0.011312019142700172,55643.406279999996,3263.4256199999913,0.008878293638496532,0.0,0.0
BC,past,2012-01-01T00:00:00,F,60,433.12640000000465,43672.0,29995.0,0.009917713867008716,55643.406279999996,3263.4256199999913,0.007783966312567101,0.0,0.0
BC,past,2012-01-01T00:00:00,F,61,411.19399999999587,43672.0,29524.0,0.009415506503022437,55643.406279999996,3263.4256199999913,0.007389806402772147,0.0,0.0
BC,past,2012-01-01T00:00:00,F,62,425.7926900000057,43672.0,29384.000000000004,0.009749786819930521,55643.406279999996,3263.4256199999913,0.007652167947041177,0.0,0.0
BC,past,2012-01-01T00:00:00,F,63,314.2040000000052,43672.0,28367.0,0.007194632716614883,55643.406279999996,3263.4256199999913,0.0056467427320843235,0.0,0.0
BC,past,2012-01-01T00:00:00,F,64,284.6261100000047,43672.0,28330.000000000004,0.0065173591775051455,55643.406279999996,3263.4256199999913,0.005115181277144573,0.0,0.0
BC,past,2012-01-01T00:00:00,F,65,304.81289999999717,43672.0,28509.0,0.006979595621908709,55643.406279999996,3263.4256199999913,0.005477969814898924,0.0,0.0
BC,past,2012-01-01T00:00:00,F,66,51.87956000000122,43672.0,23283.0,0.0011879364352445781,55643.406279999996,3263.4256199999913,0.0009323577305627383,0.0,0.0
BC,past,2012-01-01T00:00:00,F,67,101.73321999998734,43672.0,21815.999999999996,0.0023294838798311812,55643.406279999996,3263.4256199999913,0.0018283068345611596,0.0,0.0
BC,past,2012-01-01T00:00:00,F,68,135.3811999999998,43672.0,21547.000000000004,0.0030999542040666744,55643.406279999996,3263.4256199999913,0.00243301424285127,0.0,0.0
BC,past,2012-01-01T00:00:00,F,69,75.61343999999735,43672.0,20532.0,0.0017313940282102343,55643.406279999996,3263.4256199999913,0.0013588930846452371,0.0,0.0
BC,past,2012-01-01T00:00:00,F,70,4.293250000002445,43672.0,18862.000000000004,9.830669536550753e-05,55643.406279999996,3263.4256199999913,7.715649143401875e-05,0.0,0.0
BC,past,2012-01-01T00:00:00,F,71,-16.817259999999806,43672.0,18482.000000000004,-0.00038508105880197393,55643.406279999996,3263.4256199999913,0.0,0.005153253653748005,0.0009099264148901528
BC,past,2012-01-01T00:00:00,F,72,-85.09839999999895,43672.0,16810.000000000004,-0.0019485803260670211,55643.406279999996,3263.4256199999913,0.0,0.026076402501246276,0.005062367638310466
BC,past,2012-01-01T00:00:00,F,73,-90.93298999999934,43672.0,15841.000000000002,-0.00208218057336507,55643.406279999996,3263.4256199999913,0.0,0.027864275331637427,0.005740356669402142
BC,past,2012-01-01T00:00:00,F,74,-31.679959999997664,43672.0,15400.000000000002,-0.0007254066678878381,55643.406279999996,3263.4256199999913,0.0,0.009707578382006374,0.0020571402597401077
BC,past,2012-01-01T00:00:00,F,75,-68.33791999999812,43672.0,14729.000000000004,-0.0015647994138120104,55643.406279999996,3263.4256199999913,0.0,0.02094054774258906,0.004639684975218827
BC,past,2012-01-01T00:00:00,F,76,-61.174879999998666,43672.0,14089.0,-0.0014007803627037612,55643.406279999996,3263.4256199999913,0.0,0.01874560266521375,0.00434203137199224
BC,past,2012-01-01T00:00:00,F,77,-88.31780000000253,43672.0,13314.0,-0.002022298039934112,55643.406279999996,3263.4256199999913,0.0,0.02706291188582468,0.00663345350758619
BC,past,2012-01-01T00:00:00,F,78,-23.187120000000505,43672.0,12583.000000000002,-0.0005309379007144282,55643.406279999996,3263.4256199999913,0.0,0.007105147381909861,0.0018427338472542718
BC,past,2012-01-01T00:00:00,F,79,-32.98753999999644,43672.0,12475.000000000004,-0.0007553475911338259,55643.406279999996,3263.4256199999913,0.0,0.010108255508515782,0.0026442917835668486
BC,past,2012-01-01T00:00:00,F,80,-58.601840000001175,43672.0,11826.000000000002,-0.00134186297856753,55643.406279999996,3263.4256199999913,0.0,0.017957155095203712,0.004955339083375711
BC,past,2012-01-01T00:00:00,F,81,-45.42098000000078,43672.0,11616.0,-0.0010400480857300051,55643.406279999996,3263.4256199999913,0.0,0.013918190664937203,0.003910208333333401
BC,past,2012-01-01T00:00:00,F,82,-28.277640000000247,43672.0,10984.0,-0.0006475004579593388,55643.406279999996,3263.4256199999913,0.0,0.008665017467136365,0.0025744391842680487
BC,past,2012-01-01T00:00:00,F,83,-84.87792000000081,43672.0,10152.0,-0.0019435317823777434,55643.406279999996,3263.4256199999913,0.0,0.026008841592657792,0.008360709219858237
BC,past,2012-01-01T00:00:00,F,84,-71.49269999999888,43672.0,9488.0,-0.001637037461073431,55643.406279999996,3263.4256199999913,0.0,0.0219072558485335,0.007535065345699713
BC,past,2012-01-01T00:00:00,F,85,-64.20939999999973,43672.0,8873.0,-0.00147026470049459,55643.406279999996,3263.4256199999913,0.0,0.019675459923612387,0.007236492730756197
BC,past,2012-01-01T00:00:00,F,86,-78.76616000000104,43672.0,8221.0,-0.001803584905660401,55643.406279999996,3263.4256199999913,0.0,0.024136036536969163,0.009581092324534855
BC,past,2012-01-01T00:00:00,F,87,-85.10933000000023,43672.0,7576.0,-0.0019488306008426503,55643.406279999996,3263.4256199999913,0.0,0.026079751742587733,0.0112340720696938
BC,past,2012-01-01T00:00:00,F,88,-88.7489000000005,43672.0,6886.000000000001,-0.002032169353361433,55643.406279999996,3263.4256199999913,0.0,0.027195012337986345,0.012888309613709046
BC,past,2012-01-01T00:00:00,F,89,-88.63819999999942,43672.0,6009.000000000001,-0.002029634548452084,55643.406279999996,3263.4256199999913,0.0,0.027161090927514276,0.014750906972873923
BC,past,2012-01-01T00:00:00,F,90,-114.61322000000018,43672.0,5368.0,-0.002624409690419495,55643.406279999996,3263.4256199999913,0.0,0.035120524671250354,0.021351195976155028
BC,past,2012-01-01T00:00:00,F,91,-87.05477999999948,43672.0,4592.0,-0.0019933774500824207,55643.406279999996,3263.4256199999913,0.0,0.02667588912291487,0.018957922473867482
BC,past,2012-01-01T00:00:00,F,92,-72.36717999999973,43672.0,4083.0000000000005,-0.0016570612749587776,55643.406279999996,3263.4256199999913,0.0,0.02217521966993687,0.017724021552779752
BC,past,2012-01-01T00:00:00,F,93,-16.48646000000008,43672.0,2881.0,-0.00037750641143066677,55643.406279999996,3263.4256199999913,0.0,0.005051887776746731,0.005722478306143727
BC,past,2012-01-01T00:00:00,F,94,-52.28479000000016,43672.0,2216.0,-0.0011972153782744128,55643.406279999996,3263.4256199999913,0.0,0.016021443749038255,0.023594219314079495
BC,past,2012-01-01T00:00:00,F,95,-57.968430000000126,43672.0,1627.0,-0.0013273591775050404,55643.406279999996,3263.4256199999913,0.0,0.017763061503451787,0.035629028887523125
BC,past,2012-01-01T00:00:00,F,96,-45.117499999999836,43672.0,1288.0,-0.0010330990108078366,55643.406279999996,3263.4256199999913,0.0,0.013825196359155861,0.03502911490683217
BC,past,2012-01-01T00:00:00,F,97,-56.779519999999934,43672.0,957.0000000000001,-0.001300135555962629,55643.406279999996,3263.4256199999913,0.0,0.01739874800639706,0.059330741901776306
BC,past,2012-01-01T00:00:00,F,98,-4.912760000000048,43672.0,752.0,-0.00011249221469133652,55643.406279999996,3263.4256199999913,0.0,0.0015053997155296162,0.006532925531914958
BC,past,2012-01-01T00:00:00,F,99,-42.779850000000124,43672.0,431.0,-0.0009795715790437837,55643.406279999996,3263.4256199999913,0.0,0.013108878516434592,0.09925719257540631
BC,past,2012-01-01T00:00:00,F,100,552.9713899999999,43672.0,891.0,0.01266192045246382,55643.406279999996,3263.4256199999913,0.009937770294245186,0.0,0.0
BC,past,2012-01-01T00:00:00,M,1,127.29202000000078,43672.0,22514.0,0.0029147284301154234,55643.406279999996,3263.4256199999913,0.0022876388867975102,0.0,0.0
BC,past,2012-01-01T00:00:00,M,2,88.03849999999875,43672.0,23306.999999999996,0.0020159026378457306,55643.406279999996,3263.4256199999913,0.0015821910606440097,0.0,0.0
BC,past,2012-01-01T00:00:00,M,3,102.9905800000015,43672.0,23572.999999999996,0.002358274867191828,55643.406279999996,3263.4256199999913,0.0018509035820299805,0.0,0.0
BC,past,2012-01-01T00:00:00,M,4,111.56311000000642,43672.0,23410.000000000004,0.0025545683733285956,55643.406279999996,3263.4256199999913,0.0020049655019072,0.0,0.0
BC,past,2012-01-01T00:00:00,M,5,97.84536000000298,43672.0,23163.0,0.0022404597911706123,55643.406279999996,3263.4256199999913,0.0017584358424723489,0.0,0.0
BC,past,2012-01-01T00:00:00,M,6,152.57745000000068,43672.0,22686.0,0.0034937133632533587,55643.406279999996,3263.4256199999913,0.002742058047852506,0.0,0.0
BC,past,2012-01-01T00:00:00,M,7,199.34333999999944,43672.0,22587.0,0.004564557153324772,55643.406279999996,3263.4256199999913,0.0035825150422476876,0.0,0.0
BC,past,2012-01-01T00:00:00,M,8,210.1356500000038,43672.0,22922.000000000004,0.004811679107895306,55643.406279999996,3263.4256199999913,0.0037764699188721886,0.0,0.0
BC,past,2012-01-01T00:00:00,M,9,274.1409999999996,43672.0,23093.0,0.006277271478292719,55643.406279999996,3263.4256199999913,0.004926747270296689,0.0,0.0
BC,past,2012-01-01T00:00:00,M,10,328.37183999999615,43672.0,23190.999999999996,0.007519047444586833,55643.406279999996,3263.4256199999913,0.005901361220548128,0.0,0.0
BC,past,2012-01-01T00:00:00,M,11,408.6308599999975,43672.0,23704.999999999996,0.009356815808756126,55643.406279999996,3263.4256199999913,0.007343742723868297,0.0,0.0
BC,past,2012-01-01T00:00:00,M,12,283.9271200000039,43672.0,24371.000000000004,0.006501353727789062,55643.406279999996,3263.4256199999913,0.005102619321528782,0.0,0.0
BC,past,2012-01-01T00:00:00,M,13,269.2235400000063,43672.0,24973.000000000004,0.0061646716431582324,55643.406279999996,3263.4256199999913,0.004838372738096981,0.0,0.0
BC,past,2012-01-01T00:00:00,M,14,272.7797000000028,43672.0,25540.0,0.00624610047627777,55643.406279999996,3263.4256199999913,0.004902282556667427,0.0,0.0
BC,past,2012-01-01T00:00:00,M,15,281.7409400000033,43672.0,26999.000000000004,0.006451294651035064,55643.406279999996,3263.4256199999913,0.005063330209913298,0.0,0.0
BC,past,2012-01-01T00:00:00,M,16,344.08319999999367,43672.0,28578.999999999996,0.007878805642058841,55643.406279999996,3263.4256199999913,0.006183719204186608,0.0,0.0
BC,past,2012-01-01T00:00:00,M,17,394.3592499999977,43672.0,29824.0,0.009030024958783607,55643.406279999996,3263.4256199999913,0.007087259324412404,0.0,0.0
BC,past,2012-01-01T00:00:00,M,18,640.174500000001,43672.0,30555.0,0.014658694357941038,55643.406279999996,3263.4256199999913,0.011504948075583575,0.0,0.0
BC,past,2012-01-01T00:00:00,M,19,1654.1902399999963,43672.0,31831.999999999996,0.037877592965744555,55643.406279999996,3263.4256199999913,0.029728414390665453,0.0,0.0
BC,past,2012-01-01T00:00:00,M,20,1364.6857599999967,43672.0,32103.999999999996,0.03124852903462165,55643.406279999996,3263.4256199999913,0.02452556109043432,0.0,0.0
BC,past,2012-01-01T00:00:00,M,21,943.6479999999974,43672.0,31729.0,0.021607620443304575,55643.406279999996,3263.4256199999913,0.01695884675448373,0.0,0.0
BC,past,2012-01-01T00:00:00,M,22,1212.994300000002,43672.0,32029.0,0.02777510304085002,55643.406279999996,3263.4256199999913,0.021799425683901575,0.0,0.0
BC,past,2012-01-01T00:00:00,M,23,1200.4741400000057,43672.0,32026.000000000004,0.02748841683458522,55643.406279999996,3263.4256199999913,0.021574418610520868,0.0,0.0
BC,past,2012-01-01T00:00:00,M,24,1025.891719999996,43672.0,31280.999999999996,0.02349083440190502,55643.406279999996,3263.4256199999913,0.018436896455218163,0.0,0.0
BC,past,2012-01-01T00:00:00,M,25,587.9199000000008,43672.0,31000.999999999996,0.013462170269280106,55643.406279999996,3263.4256199999913,0.010565850283168553,0.0,0.0
BC,past,2012-01-01T00:00:00,M,26,511.0882800000036,43672.0,31982.000000000004,0.011702882396043314,55643.406279999996,3263.4256199999913,0.009185064577610248,0.0,0.0
BC,past,2012-01-01T00:00:00,M,27,320.5720000000001,43672.0,32260.0,0.007340446968309217,55643.406279999996,3263.4256199999913,0.00576118576182896,0.0,0.0
BC,past,2012-01-01T00:00:00,M,28,418.30582000000504,43672.0,31960.0,0.009578352720278554,55643.406279999996,3263.4256199999913,0.007517617054122681,0.0,0.0
BC,past,2012-01-01T00:00:00,M,29,296.63400000000183,43672.0,31784.999999999996,0.006792315442388758,55643.406279999996,3263.4256199999913,0.005330982048570623,0.0,0.0
BC,past,2012-01-01T00:00:00,M,30,411.68767999999545,43672.0,31555.999999999996,0.009426810771203413,55643.406279999996,3263.4256199999913,0.007398678613030365,0.0,0.0
BC,past,2012-01-01T00:00:00,M,31,345.91186000000744,43672.0,31855.000000000004,0.007920678237772656,55643.406279999996,3263.4256199999913,0.006216583116054474,0.0,0.0
BC,past,2012-01-01T00:00:00,M,32,146.1080400000028,43672.0,31201.0,0.0033455770287599104,55643.406279999996,3263.4256199999913,0.0026257925200477645,0.0,0.0
BC,past,2012-01-01T00:00:00,M,33,49.13336000000345,43672.0,29720.0,0.0011250540392013979,55643.406279999996,3263.4256199999913,0.0008830041739853647,0.0,0.0
BC,past,2012-01-01T00:00:00,M,34,128.54016000000047,43672.0,28950.0,0.0029433082982231284,55643.406279999996,3263.4256199999913,0.002310069936286447,0.0,0.0
BC,past,2012-01-01T00:00:00,M,35,232.401799999996,43672.0,29049.0,0.005321528668254167,55643.406279999996,3263.4256199999913,0.0041766278439271,0.0,0.0
BC,past,2012-01-01T00:00:00,M,36,223.54565999999977,43672.0,29029.0,0.005118741069792997,55643.406279999996,3263.4256199999913,0.004017469003876371,0.0,0.0
BC,past,2012-01-01T00:00:00,M,37,242.64426000000094,43672.0,29276.0,0.005556060175856406,55643.406279999996,3263.4256199999913,0.004360701046571532,0.0,0.0
BC,past,2012-01-01T00:00:00,M,38,280.5238900000004,43672.0,28776.999999999996,0.0064234266807107615,55643.406279999996,3263.4256199999913,0.005041457896887049,0.0,0.0
BC,past,2012-01-01T00:00:00,M,39,262.29370000000563,43672.0,29434.0,0.006005992397875198,55643.406279999996,3263.4256199999913,0.004713832555112326,0.0,0.0
BC,past,2012-01-01T00:00:00,M,40,334.3230599999988,43672.0,30070.999999999996,0.007655318281736555,55643.406279999996,3263.4256199999913,0.006008314054636967,0.0,0.0
BC,past,2012-01-01T00:00:00,M,41,378.62544000000344,43672.0,32628.0,0.008669752701960144,55643.406279999996,3263.4256199999913,0.006804497878773705,0.0,0.0
BC,past,2012-01-01T00:00:00,M,42,408.3362900000029,43672.0,32764.999999999996,0.009350070754717048,55643.406279999996,3263.4256199999913,0.007338448835163636,0.0,0.0
BC,past,2012-01-01T00:00:00,M,43,436.73640000000523,43672.0,32475.0,0.010000375526653353,55643.406279999996,3263.4256199999913,0.007848843721075036,0.0,0.0
BC,past,2012-01-01T00:00:00,M,44,440.12008000000424,43672.0,31819.0,0.010077854918483335,55643.406279999996,3263.4256199999913,0.007909653801302192,0.0,0.0
BC,past,2012-01-01T00:00:00,M,45,359.1710299999977,43672.0,31542.999999999996,0.008224286270379138,55643.406279999996,3263.4256199999913,0.006454871367734638,0.0,0.0
BC,past,2012-01-01T00:00:00,M,46,500.004370000006,43672.0,32599.0,0.011449083394394715,55643.406279999996,3263.4256199999913,0.008985869187877584,0.0,0.0
BC,past,2012-01-01T00:00:00,M,47,519.5084999999963,43672.0,34636.0,0.01189568831287773,55643.406279999996,3263.4256199999913,0.009336389245938815,0.0,0.0
BC,past,2012-01-01T00:00:00,M,48,546.3414399999965,43672.0,36078.99999999999,0.012510108078402558,55643.406279999996,3263.4256199999913,0.009818619608777777,0.0,0.0
BC,past,2012-01-01T00:00:00,M,49,543.0382200000022,43672.0,37224.0,0.012434471056970191,55643.406279999996,3263.4256199999913,0.009759255521982438,0.0,0.0
BC,past,2012-01-01T00:00:00,M,50,350.66625000000204,43672.0,35768.0,0.008029544101483835,55643.406279999996,3263.4256199999913,0.00630202702249094,0.0,0.0
BC,past,2012-01-01T00:00:00,M,51,325.7329600000012,43672.0,36370.0,0.007458622458325728,55643.406279999996,3263.4256199999913,0.005853936374076364,0.0,0.0
BC,past,2012-01-01T00:00:00,M,52,435.37752999999793,43672.0,35731.99999999999,0.00996926016669715,55643.406279999996,3263.4256199999913,0.007824422678388156,0.0,0.0
BC,past,2012-01-01T00:00:00,M,53,327.13149999999587,43672.0,34815.0,0.007490646180619067,55643.406279999996,3263.4256199999913,0.005879070349393353,0.0,0.0
BC,past,2012-01-01T00:00:00,M,54,337.6313999999984,43672.0,35108.0,0.007731072540758344,55643.406279999996,3263.4256199999913,0.006067770155928679,0.0,0.0
BC,past,2012-01-01T00:00:00,M,55,262.2011100000018,43672.0,34069.0,0.0060038722751420085,55643.406279999996,3263.4256199999913,0.004712168566399307,0.0,0.0
BC,past,2012-01-01T00:00:00,M,56,279.6003599999967,43672.0,33892.0,0.00640227972156065,55643.406279999996,3263.4256199999913,0.005024860602405176,0.0,0.0
BC,past,2012-01-01T00:00:00,M,57,306.9494599999998,43672.0,33060.0,0.007028518501557057,55643.406279999996,3263.4256199999913,0.005516367176650132,0.0,0.0
BC,past,2012-01-01T00:00:00,M,58,213.89907999999923,43672.0,31919.999999999996,0.004897854002564555,55643.406279999996,3263.4256199999913,0.0038441047070995244,0.0,0.0
BC,past,2012-01-01T00:00:00,M,59,215.33727,43672.0,30902.999999999996,0.004930785629236123,55643.406279999996,3263.4256199999913,0.0038699512556153314,0.0,0.0
BC,past,2012-01-01T00:00:00,M,60,234.54235999999582,43672.0,30098.0,0.005370543139769093,55643.406279999996,3263.4256199999913,0.004215097092003474,0.0,0.0
BC,past,2012-01-01T00:00:00,M,61,172.9081200000037,43672.0,29579.0,0.003959244367100286,55643.406279999996,3263.4256199999913,0.0031074323367250856,0.0,0.0
BC,past,2012-01-01T00:00:00,M,62,200.1526799999956,43672.0,29231.999999999996,0.004583089393661742,55643.406279999996,3263.4256199999913,0.003597060161860307,0.0,0.0
BC,past,2012-01-01T00:00:00,M,63,153.75981999999567,43672.0,28186.0,0.003520787232093691,55643.406279999996,3263.4256199999913,0.0027633071064389857,0.0,0.0
BC,past,2012-01-01T00:00:00,M,64,112.66639999999461,43672.0,28294.999999999996,0.002579831470965255,55643.406279999996,3263.4256199999913,0.002024793367844026,0.0,0.0
BC,past,2012-01-01T00:00:00,M,65,173.8790399999998,43672.0,27908.0,0.003981476460890268,55643.406279999996,3263.4256199999913,0.003124881304444826,0.0,0.0
BC,past,2012-01-01T00:00:00,M,66,-52.1161600000014,43672.0,22937.999999999996,-0.001193354094156471,55643.406279999996,3263.4256199999913,0.0,0.015969771053032777,0.0022720446420787083
BC,past,2012-01-01T00:00:00,M,67,-46.63033999999607,43672.0,21334.0,-0.0010677399706905126,55643.406279999996,3263.4256199999913,0.0,0.01428877058334677,0.0021857288834722073
BC,past,2012-01-01T00:00:00,M,68,92.13824000000022,43672.0,21163.999999999996,0.002109778347682731,55643.406279999996,3263.4256199999913,0.0016558698713798482,0.0,0.0
BC,past,2012-01-01T00:00:00,M,69,60.56299999999828,43672.0,19920.0,0.0013867695548634889,55643.406279999996,3263.4256199999913,0.001088412878522258,0.0,0.0
BC,past,2012-01-01T00:00:00,M,70,52.91258999999627,43672.0,18216.999999999996,0.0012115907217438238,55643.406279999996,3263.4256199999913,0.0009509229131972593,0.0,0.0
BC,past,2012-01-01T00:00:00,M,71,-14.306119999997463,43672.0,17111.999999999996,-0.0003275810588019203,55643.406279999996,3263.4256199999913,0.0,0.004383773882365213,0.0008360285179989169
BC,past,2012-01-01T00:00:00,M,72,13.803180000000793,43672.0,15992.999999999998,0.00031606475544973425,55643.406279999996,3263.4256199999913,0.0002480649716256155,0.0,0.0
BC,past,2012-01-01T00:00:00,M,73,-46.627880000000005,43672.0,15039.0,-0.0010676836416926177,55643.406279999996,3263.4256199999913,0.0,0.014288016774226382,0.0031004641266041627
BC,past,2012-01-01T00:00:00,M,74,-69.01355000000149,43672.0,14130.999999999998,-0.001580269967026962,55643.406279999996,3263.4256199999913,0.0,0.02114757865999767,0.004883840492534251
BC,past,2012-01-01T00:00:00,M,75,-33.83064999999988,43672.0,13393.999999999998,-0.0007746530958050897,55643.406279999996,3263.4256199999913,0.0,0.010366606731487255,0.002525806331193063
BC,past,2012-01-01T00:00:00,M,76,-54.334100000000035,43672.0,13123.0,-0.0012441404103315633,55643.406279999996,3263.4256199999913,0.0,0.01664940658276752,0.004140371866189136
BC,past,2012-01-01T00:00:00,M,77,-72.78809000000001,43672.0,12147.999999999998,-0.0016666992581058804,55643.406279999996,3263.4256199999913,0.0,0.0223041976363476,0.0059917756009219645
BC,past,2012-01-01T00:00:00,M,78,-19.950000000000728,43672.0,11437.999999999998,-0.00045681443487819947,55643.406279999996,3263.4256199999913,0.0,0.006113208120245369,0.0017441860465116919
BC,past,2012-01-01T00:00:00,M,79,-34.888950000002296,43672.0,11002.999999999998,-0.0007988860139220163,55643.406279999996,3263.4256199999913,0.0,0.010690897867009571,0.0031708579478326184
BC,past,2012-01-01T00:00:00,M,80,-65.13258000000133,43672.0,10476.999999999998,-0.0014914036453563227,55643.406279999996,3263.4256199999913,0.0,0.019958346714211768,0.0062167204352392225
BC,past,2012-01-01T00:00:00,M,81,-82.95471999999972,43672.0,9883.0,-0.0018994944128961286,55643.406279999996,3263.4256199999913,0.0,0.02541952220133638,0.008393678032985907
BC,past,2012-01-01T00:00:00,M,82,-74.16779999999744,43672.0,8857.0,-0.0016982918116870637,55643.406279999996,3263.4256199999913,0.0,0.022726977304295858,0.008373918934176069
BC,past,2012-01-01T00:00:00,M,83,-57.17928000000029,43672.0,7938.0,-0.0013092892471148628,55643.406279999996,3263.4256199999913,0.0,0.017521245052920936,0.007203235071806537
BC,past,2012-01-01T00:00:00,M,84,-85.64888000000064,43672.0,7053.999999999999,-0.0019611851987543652,55643.406279999996,3263.4256199999913,0.0,0.026245084145659455,0.01214188829033182
BC,past,2012-01-01T00:00:00,M,85,-87.1902799999998,43672.0,6187.0,-0.001996480124564934,55643.406279999996,3263.4256199999913,0.0,0.026717409909897082,0.014092497171488574
BC,past,2012-01-01T00:00:00,M,86,-92.15671999999995,43672.0,5249.0,-0.002110201502106612,55643.406279999996,3263.4256199999913,0.0,0.028239258598454036,0.01755700514383691
BC,past,2012-01-01T00:00:00,M,87,-66.70661999999902,43672.0,4615.0,-0.0015274459607986586,55643.406279999996,3263.4256199999913,0.0,0.02044067423850132,0.014454305525460242
BC,past,2012-01-01T00:00:00,M,88,-101.24159999999938,43672.0,3992.9999999999995,-0.002318226781461792,55643.406279999996,3263.4256199999913,0.0,0.031023106327148234,0.02535477084898557
BC,past,2012-01-01T00:00:00,M,89,-64.72080000000005,43672.0,3265.9999999999995,-0.001481974720644808,55643.406279999996,3263.4256199999913,0.0,0.01983216642149185,0.01981653398652788
BC,past,2012-01-01T00:00:00,M,90,-81.22503999999981,43672.0,2813.0,-0.001859888257922692,55643.406279999996,3263.4256199999913,0.0,0.024889502460914068,0.028874880910060366
BC,past,2012-01-01T00:00:00,M,91,-34.606999999999516,43672.0,2323.0,-0.0007924299322220076,55643.406279999996,3263.4256199999913,0.0,0.010604500923173978,0.01489754627636656
BC,past,2012-01-01T00:00:00,M,92,-62.01328000000012,43672.0,1804.9999999999998,-0.0014199780179520087,55643.406279999996,3263.4256199999913,0.0,0.019002510619500586,0.03435638781163442
BC,past,2012-01-01T00:00:00,M,93,-28.392660000000205,43672.0,1173.9999999999998,-0.0006501341820846356,55643.406279999996,3263.4256199999913,0.0,0.00870026263996796,0.024184548551959294
BC,past,2012-01-01T00:00:00,M,94,-13.824700000000007,43672.0,826.0,-0.0003165575196922515,55643.406279999996,3263.4256199999913,0.0,0.004236254050122964,0.01673692493946732
BC,past,2012-01-01T00:00:00,M,95,-44.22349000000008,43672.0,543.0,-0.0010126279996336344,55643.406279999996,3263.4256199999913,0.0,0.013551248028750905,0.0814428913443832
BC,past,2012-01-01T00:00:00,M,96,-2.875199999999893,43672.0,451.0,-6.583623374244123e-05,55643.406279999996,3263.4256199999913,0.0,0.0008810373928485309,0.006375166297117279
BC,past,2012-01-01T00:00:00,M,97,-23.39050000000003,43672.0,304.9999999999999,-0.0005355948891738421,55643.406279999996,3263.4256199999913,0.0,0.007167468397824276,0.07669016393442636
BC,past,2012-01-01T00:00:00,M,98,8.119999999999948,43672.0,226.99999999999994,0.00018593148928375042,55643.406279999996,3263.4256199999913,0.00014592924018957002,0.0,0.0
BC,past,2012-01-01T00:00:00,M,99,-8.247199999999992,43672.0,129.99999999999997,-0.00018884411064297473,55643.406279999996,3263.4256199999913,0.0,0.002527160401467956,0.06343999999999995
BC,past,2012-01-01T00:00:00,M,100,108.63311,43672.0,184.99999999999997,0.002487477331013006,55643.406279999996,3263.4256199999913,0.0019523087686859708,0.0,0.0
BC,past,2013-01-01T00:00:00,F,1,267.0702500000043,44172.0,21411.000000000004,0.006046143484560453,53527.570480000046,2513.30145,0.004989396073931508,0.0,0.0
BC,past,2013-01-01T00:00:00,F,2,151.55719999999928,44172.0,21736.0,0.003431069455763816,53527.570480000046,2513.30145,0.002831385744597298,0.0,0.0
BC,past,2013-01-01T00:00:00,F,3,238.81417999999758,44172.0,21767.0,0.0054064606538077875,53527.570480000046,2513.30145,0.00446151726780179,0.0,0.0
BC,past,2013-01-01T00:00:00,F,4,277.6031999999941,44172.0,22192.999999999996,0.006284596577016981,53527.570480000046,2513.30145,0.005186172238168689,0.0,0.0
BC,past,2013-01-01T00:00:00,F,5,337.5388800000037,44172.0,22452.0,0.007641466992665121,53527.570480000046,2513.30145,0.006305888292204877,0.0,0.0
BC,past,2013-01-01T00:00:00,F,6,306.8228199999976,44172.0,22018.0,0.006946093000090501,53527.570480000046,2513.30145,0.005732052048105534,0.0,0.0
BC,past,2013-01-01T00:00:00,F,7,243.15659999999843,44172.0,21807.0,0.005504767726161334,53527.570480000046,2513.30145,0.004542642190174708,0.0,0.0
BC,past,2013-01-01T00:00:00,F,8,244.7211199999947,44172.0,21756.999999999996,0.005540186543511607,53527.570480000046,2513.30145,0.004571870492262149,0.0,0.0
BC,past,2013-01-01T00:00:00,F,9,295.5171799999989,44172.0,21967.999999999996,0.006690147152041993,53527.570480000046,2513.30145,0.005520840519194038,0.0,0.0
BC,past,2013-01-01T00:00:00,F,10,282.3075800000006,44172.0,22074.0,0.0063910979806212215,53527.570480000046,2513.30145,0.005274059283252573,0.0,0.0
BC,past,2013-01-01T00:00:00,F,11,270.08504999999786,44172.0,21970.0,0.006114394865525624,53527.570480000046,2513.30145,0.005045718450847904,0.0,0.0
BC,past,2013-01-01T00:00:00,F,12,180.11354999999458,44172.0,22450.0,0.0040775502580819205,53527.570480000046,2513.30145,0.003364874370064898,0.0,0.0
BC,past,2013-01-01T00:00:00,F,13,196.3620600000031,44172.0,22896.0,0.004445396631350247,53527.570480000046,2513.30145,0.003668428405009929,0.0,0.0
BC,past,2013-01-01T00:00:00,F,14,201.62532999999894,44172.0,23418.999999999996,0.00456455062030243,53527.570480000046,2513.30145,0.003766756611442582,0.0,0.0
BC,past,2013-01-01T00:00:00,F,15,366.390199999998,44172.0,24266.0,0.00829462555464996,53527.570480000046,2513.30145,0.006844887535796071,0.0,0.0
BC,past,2013-01-01T00:00:00,F,16,492.92576000000554,44172.0,25025.0,0.011159235714932662,53527.570480000046,2513.30145,0.009208819970339985,0.0,0.0
BC,past,2013-01-01T00:00:00,F,17,228.60150000000067,44172.0,26628.000000000004,0.005175258082042939,53527.570480000046,2513.30145,0.004270724375308888,0.0,0.0
BC,past,2013-01-01T00:00:00,F,18,293.56543999999485,44172.0,27051.999999999996,0.006645962147966922,53527.570480000046,2513.30145,0.005484378188053242,0.0,0.0
BC,past,2013-01-01T00:00:00,F,19,1207.9786400000012,44172.0,28407.0,0.02734715747532376,53527.570480000046,2513.30145,0.022567410199410196,0.0,0.0
BC,past,2013-01-01T00:00:00,F,20,887.8712699999924,44172.0,29495.999999999996,0.020100318527573855,53527.570480000046,2513.30145,0.016587176702363787,0.0,0.0
BC,past,2013-01-01T00:00:00,F,21,637.5315099999971,44172.0,30048.0,0.014432932853391223,53527.570480000046,2513.30145,0.011910338995082979,0.0,0.0
BC,past,2013-01-01T00:00:00,F,22,594.3059199999989,44172.0,30250.0,0.013454358417096779,53527.570480000046,2513.30145,0.011102800195687088,0.0,0.0
BC,past,2013-01-01T00:00:00,F,23,644.6973599999983,44172.0,31698.0,0.014595158924205341,53527.570480000046,2513.30145,0.01204421112743912,0.0,0.0
BC,past,2013-01-01T00:00:00,F,24,484.6323999999986,44172.0,31305.999999999996,0.010971484198134533,53527.570480000046,2513.30145,0.009053883739802386,0.0,0.0
BC,past,2013-01-01T00:00:00,F,25,389.9395399999921,44172.0,31206.999999999996,0.008827753780675362,53527.570480000046,2513.30145,0.007284835394232744,0.0,0.0
BC,past,2013-01-01T00:00:00,F,26,389.333000000006,44172.0,31490.000000000007,0.008814022457665625,53527.570480000046,2513.30145,0.0072735040374282585,0.0,0.0
BC,past,2013-01-01T00:00:00,F,27,377.1542400000035,44172.0,32099.0,0.008538310241782204,53527.570480000046,2513.30145,0.00704598091446954,0.0,0.0
BC,past,2013-01-01T00:00:00,F,28,169.0102200000074,44172.0,32541.000000000004,0.0038261844607445305,53527.570480000046,2513.30145,0.0031574423887435,0.0,0.0
BC,past,2013-01-01T00:00:00,F,29,297.60892000000604,44172.0,32533.000000000004,0.006737501584714436,53527.570480000046,2513.30145,0.005559918324916393,0.0,0.0
BC,past,2013-01-01T00:00:00,F,30,294.5330399999948,44172.0,32418.0,0.006667867427329412,53527.570480000046,2513.30145,0.005502454853803679,0.0,0.0
BC,past,2013-01-01T00:00:00,F,31,413.1578799999952,44172.0,32576.0,0.00935338857194592,53527.570480000046,2513.30145,0.007718599523480462,0.0,0.0
BC,past,2013-01-01T00:00:00,F,32,334.18960000000516,44172.0,31964.0,0.007565643394005369,53527.570480000046,2513.30145,0.006243317172873953,0.0,0.0
BC,past,2013-01-01T00:00:00,F,33,422.7340099999965,44172.0,31257.999999999996,0.00957018043104221,53527.570480000046,2513.30145,0.007897500413510195,0.0,0.0
BC,past,2013-01-01T00:00:00,F,34,478.82686000000103,44172.0,30325.0,0.010840053880286178,53527.570480000046,2513.30145,0.008945424866217478,0.0,0.0
BC,past,2013-01-01T00:00:00,F,35,432.5141599999988,44172.0,29689.0,0.009791591053155819,53527.570480000046,2513.30145,0.008080212797283649,0.0,0.0
BC,past,2013-01-01T00:00:00,F,36,394.2313200000026,44172.0,29670.000000000004,0.008924914425427932,53527.570480000046,2513.30145,0.007365014262085789,0.0,0.0
BC,past,2013-01-01T00:00:00,F,37,347.3198899999952,44172.0,30371.0,0.007862897084125582,53527.570480000046,2513.30145,0.006488616742464843,0.0,0.0
BC,past,2013-01-01T00:00:00,F,38,348.58284000000276,44172.0,30300.000000000004,0.007891488725889767,53527.570480000046,2513.30145,0.006512211125484327,0.0,0.0
BC,past,2013-01-01T00:00:00,F,39,435.39494999999806,44172.0,30228.0,0.009856808611790231,53527.570480000046,2513.30145,0.008134031604566815,0.0,0.0
BC,past,2013-01-01T00:00:00,F,40,488.51777000000584,44172.0,30827.000000000004,0.011059444218056819,53527.570480000046,2513.30145,0.009126470071764883,0.0,0.0
BC,past,2013-01-01T00:00:00,F,41,405.3154799999975,44172.0,31276.000000000004,0.009175846237435422,53527.570480000046,2513.30145,0.007572088110209278,0.0,0.0
BC,past,2013-01-01T00:00:00,F,42,531.6585500000001,44172.0,34250.0,0.01203609865978448,53527.570480000046,2513.30145,0.00993242445402315,0.0,0.0
BC,past,2013-01-01T00:00:00,F,43,583.308400000009,44172.0,34229.00000000001,0.013205388028615615,53527.570480000046,2513.30145,0.010897344952690416,0.0,0.0
BC,past,2013-01-01T00:00:00,F,44,604.1905199999965,44172.0,34422.0,0.013678133659331623,53527.570480000046,2513.30145,0.011287463910317866,0.0,0.0
BC,past,2013-01-01T00:00:00,F,45,472.45698000000993,44172.0,33292.0,0.010695847595762246,53527.570480000046,2513.30145,0.008826423014594657,0.0,0.0
BC,past,2013-01-01T00:00:00,F,46,414.61713999999483,44172.0,32355.999999999996,0.009386424431766613,53527.570480000046,2513.30145,0.007745861362321903,0.0,0.0
BC,past,2013-01-01T00:00:00,F,47,449.3139600000068,44172.0,33958.00000000001,0.010171917957077035,53527.570480000046,2513.30145,0.008394066010671785,0.0,0.0
BC,past,2013-01-01T00:00:00,F,48,453.7196499999991,44172.0,35702.00000000001,0.010271657384768611,53527.570480000046,2513.30145,0.008476372940735768,0.0,0.0
BC,past,2013-01-01T00:00:00,F,49,570.2364200000084,44172.0,37925.00000000001,0.01290945440550594,53527.570480000046,2513.30145,0.010653134728262523,0.0,0.0
BC,past,2013-01-01T00:00:00,F,50,519.8976700000057,44172.0,38100.00000000001,0.011769846735488676,53527.570480000046,2513.30145,0.009712708149051142,0.0,0.0
BC,past,2013-01-01T00:00:00,F,51,390.7907400000113,44172.0,36761.0,0.00884702390654739,53527.570480000046,2513.30145,0.007300737479688634,0.0,0.0
BC,past,2013-01-01T00:00:00,F,52,408.56720000001224,44172.0,37390.00000000001,0.009249461197138736,53527.570480000046,2513.30145,0.007632836617396424,0.0,0.0
BC,past,2013-01-01T00:00:00,F,53,496.6030399999945,44172.0,37081.00000000001,0.01124248483202016,53527.570480000046,2513.30145,0.009277518772975965,0.0,0.0
BC,past,2013-01-01T00:00:00,F,54,507.19754999998986,44172.0,36418.0,0.0114823315675086,53527.570480000046,2513.30145,0.00947544499875066,0.0,0.0
BC,past,2013-01-01T00:00:00,F,55,522.2744000000093,44172.0,36138.00000000001,0.011823652992846358,53527.570480000046,2513.30145,0.009757110126923305,0.0,0.0
BC,past,2013-01-01T00:00:00,F,56,491.37664999999834,44172.0,35261.0,0.011124165761115601,53527.570480000046,2513.30145,0.009179879557275918,0.0,0.0
BC,past,2013-01-01T00:00:00,F,57,508.5265900000013,44172.0,34554.0,0.011512419405958556,53527.570480000046,2513.30145,0.009500274072592298,0.0,0.0
BC,past,2013-01-01T00:00:00,F,58,539.0623399999968,44172.0,34277.0,0.012203711400887367,53527.570480000046,2513.30145,0.010070741772250081,0.0,0.0
BC,past,2013-01-01T00:00:00,F,59,546.8552099999979,44172.0,32896.0,0.012380132436837768,53527.570480000046,2513.30145,0.010216327867978315,0.0,0.0
BC,past,2013-01-01T00:00:00,F,60,543.4236800000072,44172.0,31493.000000000007,0.012302446798877278,53527.570480000046,2513.30145,0.010152220157330905,0.0,0.0
BC,past,2013-01-01T00:00:00,F,61,515.6785500000042,44172.0,30382.000000000004,0.011674331024178307,53527.570480000046,2513.30145,0.009633886712506062,0.0,0.0
BC,past,2013-01-01T00:00:00,F,62,464.1723200000015,44172.0,29850.0,0.01050829303631263,53527.570480000046,2513.30145,0.008671649317120307,0.0,0.0
BC,past,2013-01-01T00:00:00,F,63,540.8583999999937,44172.0,29774.999999999996,0.012244372000362078,53527.570480000046,2513.30145,0.010104295695656114,0.0,0.0
BC,past,2013-01-01T00:00:00,F,64,391.287860000004,44172.0,28600.000000000004,0.008858278094720728,53527.570480000046,2513.30145,0.007310024656288186,0.0,0.0
BC,past,2013-01-01T00:00:00,F,65,387.0962999999974,44172.0,28544.000000000004,0.008763386308068402,53527.570480000046,2513.30145,0.007231718094596344,0.0,0.0
BC,past,2013-01-01T00:00:00,F,66,396.0103000000054,44172.0,28714.000000000004,0.008965188354613905,53527.570480000046,2513.30145,0.0073982490975929875,0.0,0.0
BC,past,2013-01-01T00:00:00,F,67,141.13004999999976,44172.0,23253.0,0.003195011545775599,53527.570480000046,2513.30145,0.0026365861318650985,0.0,0.0
BC,past,2013-01-01T00:00:00,F,68,136.49144000000888,44172.0,21776.000000000004,0.0030899990944491733,53527.570480000046,2513.30145,0.0025499277993759743,0.0,0.0
BC,past,2013-01-01T00:00:00,F,69,153.7682999999961,44172.0,21509.0,0.003481126052702981,53527.570480000046,2513.30145,0.002872693429219804,0.0,0.0
BC,past,2013-01-01T00:00:00,F,70,103.62424000000101,44172.0,20434.0,0.0023459259259259488,53527.570480000046,2513.30145,0.001935904041053367,0.0,0.0
BC,past,2013-01-01T00:00:00,F,71,45.65269999999873,44172.0,18703.000000000004,0.001033521235171573,53527.570480000046,2513.30145,0.0008528819744781118,0.0,0.0
BC,past,2013-01-01T00:00:00,F,72,30.783999999996013,44172.0,18291.0,0.0006969120709951103,53527.570480000046,2513.30145,0.0005751054965496351,0.0,0.0
BC,past,2013-01-01T00:00:00,F,73,3.57300000000032,44172.0,16590.000000000004,8.088834555827946e-05,53527.570480000046,2513.30145,6.675064771219777e-05,0.0,0.0
BC,past,2013-01-01T00:00:00,F,74,-51.18684000000212,44172.0,15556.0,-0.001158807389296435,53527.570480000046,2513.30145,0.0,0.020366375072119632,0.003290488557469923
BC,past,2013-01-01T00:00:00,F,75,-26.440000000004147,44172.0,15120.999999999998,-0.0005985692293761693,53527.570480000046,2513.30145,0.0,0.010520027352868534,0.0017485616030688547
BC,past,2013-01-01T00:00:00,F,76,-33.19575000000441,44172.0,14427.0,-0.0007515111382777418,53527.570480000046,2513.30145,0.0,0.013208025642926523,0.002300946142649505
BC,past,2013-01-01T00:00:00,F,77,-37.42973999999958,44172.0,13765.0,-0.0008473634881825497,53527.570480000046,2513.30145,0.0,0.01489265841946639,0.0027191965128949935
BC,past,2013-01-01T00:00:00,F,78,-55.63905999999952,44172.0,12956.0,-0.001259600199221215,53527.570480000046,2513.30145,0.0,0.022137837862624684,0.00429446279715958
BC,past,2013-01-01T00:00:00,F,79,-50.5176300000021,44172.0,12213.0,-0.0011436572942135764,53527.570480000046,2513.30145,0.0,0.02010010776860933,0.0041363817243922135
BC,past,2013-01-01T00:00:00,F,80,-49.33575000000201,44172.0,12071.000000000002,-0.0011169009779951554,53527.570480000046,2513.30145,0.0,0.01962985777133977,0.004087130312318946
BC,past,2013-01-01T00:00:00,F,81,-15.987119999999777,44172.0,11433.000000000002,-0.00036192882368920985,53527.570480000046,2513.30145,0.0,0.006361003770558354,0.0013983311466806414
BC,past,2013-01-01T00:00:00,F,82,-71.14719999999761,44172.0,11129.000000000002,-0.0016106855021279908,53527.570480000046,2513.30145,0.0,0.028308263618754374,0.006392955341899326
BC,past,2013-01-01T00:00:00,F,83,-110.78416000000288,44172.0,10430.999999999998,-0.00250801774880021,53527.570480000046,2513.30145,0.0,0.04407913742301103,0.010620665324513747
BC,past,2013-01-01T00:00:00,F,84,-67.60679999999957,44172.0,9624.0,-0.0015305351806574202,53527.570480000046,2513.30145,0.0,0.026899598534031628,0.007024812967581002
BC,past,2013-01-01T00:00:00,F,85,-37.49903999999697,44172.0,8965.000000000002,-0.0008489323553381547,53527.570480000046,2513.30145,0.0,0.014920231713548317,0.0041828265476851045
BC,past,2013-01-01T00:00:00,F,86,-52.051869999999326,44172.0,8308.0,-0.0011783906094358265,53527.570480000046,2513.30145,0.0,0.020710555830857187,0.006265270823302759
BC,past,2013-01-01T00:00:00,F,87,-101.26439000000028,44172.0,7582.0,-0.002292501811102062,53527.570480000046,2513.30145,0.0,0.04029138247622476,0.013355894223160152
BC,past,2013-01-01T00:00:00,F,88,-99.46687999999904,44172.0,6915.000000000001,-0.0022518083854024956,53527.570480000046,2513.30145,0.0,0.03957618374827224,0.014384219812002752
BC,past,2013-01-01T00:00:00,F,89,-125.74968000000172,44172.0,6180.999999999999,-0.002846818799239376,53527.570480000046,2513.30145,0.0,0.05003366388858834,0.020344552661381934
BC,past,2013-01-01T00:00:00,F,90,-81.47951000000103,44172.0,5353.0,-0.0018445963506293812,53527.570480000046,2513.30145,0.0,0.03241931444395619,0.015221279656267706
BC,past,2013-01-01T00:00:00,F,91,-53.74687999999969,44172.0,4730.0,-0.0012167635606266344,53527.570480000046,2513.30145,0.0,0.02138497154808059,0.01136297674418598
BC,past,2013-01-01T00:00:00,F,92,-94.24512000000004,44172.0,3930.0,-0.002133594132029341,53527.570480000046,2513.30145,0.0,0.03749853404970584,0.023980946564885506
BC,past,2013-01-01T00:00:00,F,93,-16.6865600000001,44172.0,3496.0,-0.0003777632889613352,53527.570480000046,2513.30145,0.0,0.006639299078111024,0.004773043478260898
BC,past,2013-01-01T00:00:00,F,94,-47.884669999999915,44172.0,2381.0,-0.0010840503033595925,53527.570480000046,2513.30145,0.0,0.019052497661989538,0.020111159176816426
BC,past,2013-01-01T00:00:00,F,95,-24.468720000000076,44172.0,1803.0,-0.0005539418636240169,53527.570480000046,2513.30145,0.0,0.00973568849053108,0.013571114808652288
BC,past,2013-01-01T00:00:00,F,96,-78.27553999999986,44172.0,1238.0,-0.0017720623924658125,53527.570480000046,2513.30145,0.0,0.031144509147519834,0.06322741518578341
BC,past,2013-01-01T00:00:00,F,97,-36.15935999999999,44172.0,981.0,-0.0008186036403151315,53527.570480000046,2513.30145,0.0,0.014387195773909251,0.036859694189602436
BC,past,2013-01-01T00:00:00,F,98,-23.31580000000008,44172.0,713.0,-0.0005278411663497257,53527.570480000046,2513.30145,0.0,0.009276961185853803,0.03270098176718104
BC,past,2013-01-01T00:00:00,F,99,-4.653920000000085,44172.0,558.0,-0.00010535905098252478,53527.570480000046,2513.30145,0.0,0.0018517157979597253,0.00834035842293922
BC,past,2013-01-01T00:00:00,F,100,612.9647,44172.0,926.0,0.01387677035225935,53527.570480000046,2513.30145,0.011451382801485959,0.0,0.0
BC,past,2013-01-01T00:00:00,M,1,261.19654999999693,44172.0,22624.999999999996,0.0059131701077605025,53527.570480000046,2513.30145,0.004879663837864452,0.0,0.0
BC,past,2013-01-01T00:00:00,M,2,75.27765999999974,44172.0,22585.0,0.0017041940595852517,53527.570480000046,2513.30145,0.0014063343306068106,0.0,0.0
BC,past,2013-01-01T00:00:00,M,3,107.26298000000315,44172.0,23411.0,0.0024283025445984594,53527.570480000046,2513.30145,0.002003882840901227,0.0,0.0
BC,past,2013-01-01T00:00:00,M,4,118.59303000000727,44172.0,23689.000000000004,0.0026848010051618056,53527.570480000046,2513.30145,0.0022155503964880713,0.0,0.0
BC,past,2013-01-01T00:00:00,M,5,154.10689999999886,44172.0,23562.0,0.0034887915421533745,53527.570480000046,2513.30145,0.0028790191413148314,0.0,0.0
BC,past,2013-01-01T00:00:00,M,6,140.85303999999815,44172.0,23302.0,0.003188740378520288,53527.570480000046,2513.30145,0.0026314110417663406,0.0,0.0
BC,past,2013-01-01T00:00:00,M,7,138.81487999999808,44172.0,22823.0,0.0031425989314497436,53527.570480000046,2513.30145,0.0025933342155303805,0.0,0.0
BC,past,2013-01-01T00:00:00,M,8,131.8069600000017,44172.0,22717.000000000004,0.0029839482024812485,53527.570480000046,2513.30145,0.0024624125253218778,0.0,0.0
BC,past,2013-01-01T00:00:00,M,9,192.8337599999977,44172.0,23113.000000000004,0.00436552023906542,53527.570480000046,2513.30145,0.0036025128409675872,0.0,0.0
BC,past,2013-01-01T00:00:00,M,10,259.07836999999927,44172.0,23350.0,0.005865217105858899,53527.570480000046,2513.30145,0.004840092081085595,0.0,0.0
BC,past,2013-01-01T00:00:00,M,11,267.5510100000065,44172.0,23456.0,0.006057027302363635,53527.570480000046,2513.30145,0.004998377613644427,0.0,0.0
BC,past,2013-01-01T00:00:00,M,12,235.844600000004,44172.0,23938.0,0.005339232998279543,53527.570480000046,2513.30145,0.004406039689175218,0.0,0.0
BC,past,2013-01-01T00:00:00,M,13,323.41193999999814,44172.0,24691.0,0.007321650366748124,53527.570480000046,2513.30145,0.0060419693458875975,0.0,0.0
BC,past,2013-01-01T00:00:00,M,14,436.99568,44172.0,25406.000000000004,0.009893047179208548,53527.570480000046,2513.30145,0.008163936380472907,0.0,0.0
BC,past,2013-01-01T00:00:00,M,15,509.59720000000016,44172.0,26045.0,0.011536656705605365,53527.570480000046,2513.30145,0.009520275167175862,0.0,0.0
BC,past,2013-01-01T00:00:00,M,16,640.6697899999963,44172.0,27634.0,0.014503979670379342,53527.570480000046,2513.30145,0.011968968220580366,0.0,0.0
BC,past,2013-01-01T00:00:00,M,17,243.8589600000014,44172.0,28815.999999999996,0.005520668296658548,53527.570480000046,2513.30145,0.0045557636525109324,0.0,0.0
BC,past,2013-01-01T00:00:00,M,18,585.6489600000023,44172.0,30401.000000000004,0.013258375441456176,53527.570480000046,2513.30145,0.010941071204022294,0.0,0.0
BC,past,2013-01-01T00:00:00,M,19,1603.3053499999987,44172.0,32147.0,0.03629687018926014,53527.570480000046,2513.30145,0.0299528884950804,0.0,0.0
BC,past,2013-01-01T00:00:00,M,20,839.6427200000071,44172.0,32657.000000000004,0.019008483202028595,53527.570480000046,2513.30145,0.015686172797880482,0.0,0.0
BC,past,2013-01-01T00:00:00,M,21,494.6572000000051,44172.0,32581.0,0.01119843339672202,53527.570480000046,2513.30145,0.009241166665407093,0.0,0.0
BC,past,2013-01-01T00:00:00,M,22,784.3065600000009,44172.0,32493.0,0.017755740287965248,53527.570480000046,2513.30145,0.014652384798466575,0.0,0.0
BC,past,2013-01-01T00:00:00,M,23,1043.4203000000016,44172.0,33050.0,0.02362175812732051,53527.570480000046,2513.30145,0.01949313766052325,0.0,0.0
BC,past,2013-01-01T00:00:00,M,24,718.6992399999981,44172.0,32721.000000000004,0.016270470886534414,53527.570480000046,2513.30145,0.013426711385463155,0.0,0.0
BC,past,2013-01-01T00:00:00,M,25,462.1479400000062,44172.0,31720.000000000004,0.010462463551571271,53527.570480000046,2513.30145,0.0086338299283111,0.0,0.0
BC,past,2013-01-01T00:00:00,M,26,505.63073000000077,44172.0,31483.999999999996,0.011446860680974391,53527.570480000046,2513.30145,0.00944617372815237,0.0,0.0
BC,past,2013-01-01T00:00:00,M,27,610.0270399999972,44172.0,32569.0,0.013810265326451082,53527.570480000046,2513.30145,0.011396501551063797,0.0,0.0
BC,past,2013-01-01T00:00:00,M,28,486.9045999999944,44172.0,32723.999999999996,0.01102292402426864,53527.570480000046,2513.30145,0.009096332892260086,0.0,0.0
BC,past,2013-01-01T00:00:00,M,29,493.37199999999575,44172.0,32430.999999999996,0.011169338042198582,53527.570480000046,2513.30145,0.009217156608748727,0.0,0.0
BC,past,2013-01-01T00:00:00,M,30,477.93165000000226,44172.0,32241.0,0.010819787421896276,53527.570480000046,2513.30145,0.008928700587645312,0.0,0.0
BC,past,2013-01-01T00:00:00,M,31,549.458080000004,44172.0,32084.0,0.012439058226931178,53527.570480000046,2513.30145,0.010264954584578103,0.0,0.0
BC,past,2013-01-01T00:00:00,M,32,243.66139999999723,44172.0,32077.0,0.005516195780132148,53527.570480000046,2513.30145,0.00455207284423713,0.0,0.0
BC,past,2013-01-01T00:00:00,M,33,101.52869000000283,44172.0,31281.000000000004,0.002298485239518311,53527.570480000046,2513.30145,0.0018967550570586392,0.0,0.0
BC,past,2013-01-01T00:00:00,M,34,303.39840000000186,44172.0,30002.0,0.006868568323825089,53527.570480000046,2513.30145,0.005668077166202847,0.0,0.0
BC,past,2013-01-01T00:00:00,M,35,264.29149999999936,44172.0,29191.999999999996,0.00598323598659783,53527.570480000046,2513.30145,0.004937483573978924,0.0,0.0
BC,past,2013-01-01T00:00:00,M,36,173.40115999999398,44172.0,29197.999999999996,0.003925589966494476,53527.570480000046,2513.30145,0.0032394737598782537,0.0,0.0
BC,past,2013-01-01T00:00:00,M,37,189.99697000000015,44172.0,29192.0,0.004301298786561626,53527.570480000046,2513.30145,0.003549516039981495,0.0,0.0
BC,past,2013-01-01T00:00:00,M,38,219.5687599999983,44172.0,29466.0,0.004970767907271536,53527.570480000046,2513.30145,0.004101975076228009,0.0,0.0
BC,past,2013-01-01T00:00:00,M,39,306.9424700000018,44172.0,29051.999999999996,0.0069488017296025035,53527.570480000046,2513.30145,0.005734287344774732,0.0,0.0
BC,past,2013-01-01T00:00:00,M,40,316.61513999999806,44172.0,29714.999999999996,0.007167779136104275,53527.570480000046,2513.30145,0.00591499179134793,0.0,0.0
BC,past,2013-01-01T00:00:00,M,41,329.3930099999998,44172.0,30360.999999999996,0.007457054468894317,53527.570480000046,2513.30145,0.006153707464138946,0.0,0.0
BC,past,2013-01-01T00:00:00,M,42,355.33176000000094,44172.0,32937.0,0.008044276011953296,53527.570480000046,2513.30145,0.006638294187717085,0.0,0.0
BC,past,2013-01-01T00:00:00,M,43,386.1304500000042,44172.0,33101.0,0.00874152064656353,53527.570480000046,2513.30145,0.007213674122278301,0.0,0.0
BC,past,2013-01-01T00:00:00,M,44,359.90850000000137,44172.0,32781.0,0.008147887802227687,53527.570480000046,2513.30145,0.006723796667260977,0.0,0.0
BC,past,2013-01-01T00:00:00,M,45,338.2741999999962,44172.0,32099.999999999996,0.007658113737209006,53527.570480000046,2513.30145,0.006319625511985238,0.0,0.0
BC,past,2013-01-01T00:00:00,M,46,311.5088500000056,44172.0,31793.0,0.007052178982160772,53527.570480000046,2513.30145,0.005819596279199656,0.0,0.0
BC,past,2013-01-01T00:00:00,M,47,374.7838899999915,44172.0,32904.99999999999,0.008484648419813265,53527.570480000046,2513.30145,0.007001698127510292,0.0,0.0
BC,past,2013-01-01T00:00:00,M,48,482.31644000000233,44172.0,35039.0,0.010919053699176002,53527.570480000046,2513.30145,0.009010617064718346,0.0,0.0
BC,past,2013-01-01T00:00:00,M,49,446.4759200000117,44172.0,36436.0,0.010107668206103678,53527.570480000046,2513.30145,0.008341045857234119,0.0,0.0
BC,past,2013-01-01T00:00:00,M,50,445.1325599999909,44172.0,37568.99999999999,0.010077256180385559,53527.570480000046,2513.30145,0.008315949257706541,0.0,0.0
BC,past,2013-01-01T00:00:00,M,51,321.44256000000314,44172.0,35985.0,0.007277066014669997,53527.570480000046,2513.30145,0.006005177464949702,0.0,0.0
BC,past,2013-01-01T00:00:00,M,52,304.9291999999914,44172.0,36559.99999999999,0.006903223761658775,53527.570480000046,2513.30145,0.005696675512555247,0.0,0.0
BC,past,2013-01-01T00:00:00,M,53,298.5607600000003,44172.0,35907.99999999999,0.006759050076971844,53527.570480000046,2513.30145,0.005577700562956693,0.0,0.0
BC,past,2013-01-01T00:00:00,M,54,299.8599499999982,44172.0,34985.0,0.0067884621479669975,53527.570480000046,2513.30145,0.00560197198025338,0.0,0.0
BC,past,2013-01-01T00:00:00,M,55,321.53847999998834,44172.0,35286.99999999999,0.007279237526034328,53527.570480000046,2513.30145,0.006006969438676979,0.0,0.0
BC,past,2013-01-01T00:00:00,M,56,224.24429000000237,44172.0,34143.0,0.005076616182196921,53527.570480000046,2513.30145,0.0041893231467284445,0.0,0.0
BC,past,2013-01-01T00:00:00,M,57,238.0205199999982,44172.0,33967.0,0.0053884931630897,53527.570480000046,2513.30145,0.004446690142399267,0.0,0.0
BC,past,2013-01-01T00:00:00,M,58,273.2344000000012,44172.0,33160.0,0.00618569229376078,53527.570480000046,2513.30145,0.005104554485656921,0.0,0.0
BC,past,2013-01-01T00:00:00,M,59,201.58239999999932,44172.0,31938.999999999996,0.004563578737661852,53527.570480000046,2513.30145,0.0037659545948441325,0.0,0.0
BC,past,2013-01-01T00:00:00,M,60,285.8347199999989,44172.0,30995.999999999996,0.006470948111926083,53527.570480000046,2513.30145,0.005339953176219678,0.0,0.0
BC,past,2013-01-01T00:00:00,M,61,204.26836000000185,44172.0,30097.0,0.004624385583627679,53527.570480000046,2513.30145,0.0038161335956079746,0.0,0.0
BC,past,2013-01-01T00:00:00,M,62,155.65933999999834,44172.0,29513.999999999996,0.0035239368830933247,53527.570480000046,2513.30145,0.002908021765309872,0.0,0.0
BC,past,2013-01-01T00:00:00,M,63,223.5331200000037,44172.0,29217.0,0.00506051616408593,53527.570480000046,2513.30145,0.004176037096313277,0.0,0.0
BC,past,2013-01-01T00:00:00,M,64,139.9828399999933,44172.0,28073.999999999996,0.00316904011591038,53527.570480000046,2513.30145,0.0026151539990460853,0.0,0.0
BC,past,2013-01-01T00:00:00,M,65,138.008050000004,44172.0,28156.0,0.0031243332880558725,53527.570480000046,2513.30145,0.002578261048697682,0.0,0.0
BC,past,2013-01-01T00:00:00,M,66,231.73191999999835,44172.0,27840.0,0.0052461269582540606,53527.570480000046,2513.30145,0.0043292067605904564,0.0,0.0
BC,past,2013-01-01T00:00:00,M,67,-55.33159999999407,44172.0,22612.0,-0.001252639681245904,53527.570480000046,2513.30145,0.0,0.022015504745757447,0.002447001592074742
BC,past,2013-01-01T00:00:00,M,68,15.48863999999594,44172.0,21072.999999999996,0.00035064384678067415,53527.570480000046,2513.30145,0.0002893581730144672,0.0,0.0
BC,past,2013-01-01T00:00:00,M,69,92.58700000000317,44172.0,20955.0,0.002096056325274001,53527.570480000046,2513.30145,0.001729706750553852,0.0,0.0
BC,past,2013-01-01T00:00:00,M,70,142.54479999999967,44172.0,19750.0,0.003227039753690113,53527.570480000046,2513.30145,0.00266301643660924,0.0,0.0
BC,past,2013-01-01T00:00:00,M,71,88.7897600000033,44172.0,17991.0,0.0020100914606538825,53527.570480000046,2513.30145,0.001658766859840548,0.0,0.0
BC,past,2013-01-01T00:00:00,M,72,69.81248000000414,44172.0,16856.0,0.0015804690754324944,53527.570480000046,2513.30145,0.001304234049368797,0.0,0.0
BC,past,2013-01-01T00:00:00,M,73,24.01292999999896,44172.0,15680.999999999998,0.0005436233360499628,53527.570480000046,2513.30145,0.000448608628874182,0.0,0.0
BC,past,2013-01-01T00:00:00,M,74,36.75441000000137,44172.0,14727.0,0.0008320748437924787,53527.570480000046,2513.30145,0.000686644465093633,0.0,0.0
BC,past,2013-01-01T00:00:00,M,75,8.177530000002662,44172.0,13777.0,0.00018512926740927877,53527.570480000046,2513.30145,0.00015277229896055344,0.0,0.0
BC,past,2013-01-01T00:00:00,M,76,-3.41403999999784,44172.0,13011.0,-7.728968577374446e-05,53527.570480000046,2513.30145,0.0,0.0013583885848622893,0.00026239643378662974
BC,past,2013-01-01T00:00:00,M,77,-16.462719999999536,44172.0,12695.0,-0.0003726958254097513,53527.570480000046,2513.30145,0.0,0.006550236940339781,0.0012967877116974822
BC,past,2013-01-01T00:00:00,M,78,-35.97847999999976,44172.0,11689.999999999998,-0.0008145087385674129,53527.570480000046,2513.30145,0.0,0.014315226691171393,0.003077714285714266
BC,past,2013-01-01T00:00:00,M,79,2.3629999999993743,44172.0,10999.999999999998,5.3495426967295445e-05,53527.570480000046,2513.30145,4.414547454348375e-05,0.0,0.0
BC,past,2013-01-01T00:00:00,M,80,-25.061869999997725,44172.0,10508.0,-0.0005673700534274592,53527.570480000046,2513.30145,0.0,0.009971692810664524,0.0023850275980203395
BC,past,2013-01-01T00:00:00,M,81,-42.18065999999817,44172.0,9938.0,-0.0009549185004074565,53527.570480000046,2513.30145,0.0,0.016782968871481042,0.00424438116321173
BC,past,2013-01-01T00:00:00,M,82,-56.26473000000078,44172.0,9305.999999999998,-0.001273764602010341,53527.570480000046,2513.30145,0.0,0.022386781338943954,0.006046070277240575
BC,past,2013-01-01T00:00:00,M,83,-61.97980000000098,44172.0,8276.0,-0.0014031467898216285,53527.570480000046,2513.30145,0.0,0.024660710715780226,0.007489101014983202
BC,past,2013-01-01T00:00:00,M,84,-88.28363999999965,44172.0,7332.0,-0.001998633523499041,53527.570480000046,2513.30145,0.0,0.035126562315077506,0.01204086743044185
BC,past,2013-01-01T00:00:00,M,85,-62.59743999999864,44172.0,6479.0,-0.0014171294032418419,53527.570480000046,2513.30145,0.0,0.024906459191355118,0.009661589751504652
BC,past,2013-01-01T00:00:00,M,86,-68.03861000000052,44172.0,5618.0,-0.0015403108303903043,53527.570480000046,2513.30145,0.0,0.027071408405864136,0.012110824136703545
BC,past,2013-01-01T00:00:00,M,87,-74.85782999999992,44172.0,4700.0,-0.0016946896223852196,53527.570480000046,2513.30145,0.0,0.029784660331931105,0.01592719787234041
BC,past,2013-01-01T00:00:00,M,88,-80.57725000000119,44172.0,4068.999999999999,-0.0018241702888708046,53527.570480000046,2513.30145,0.0,0.032060320499954824,0.019802715654952372
BC,past,2013-01-01T00:00:00,M,89,-108.02882999999974,44172.0,3435.0,-0.0024456404509644062,53527.570480000046,2513.30145,0.0,0.04298283836982617,0.03144944104803486
BC,past,2013-01-01T00:00:00,M,90,-65.41867999999977,44172.0,2788.9999999999995,-0.0014809988227836586,53527.570480000046,2513.30145,0.0,0.02602898271514536,0.023455962710648898
BC,past,2013-01-01T00:00:00,M,91,-95.22634999999991,44172.0,2321.0,-0.002155807977904553,53527.570480000046,2513.30145,0.0,0.037888948816704786,0.04102815596725545
BC,past,2013-01-01T00:00:00,M,92,-34.03458000000023,44172.0,1922.9999999999998,-0.0007705012224938928,53527.570480000046,2513.30145,0.0,0.013541781866238225,0.017698689547582025
BC,past,2013-01-01T00:00:00,M,93,-36.872299999999996,44172.0,1451.9999999999998,-0.0008347437290591324,53527.570480000046,2513.30145,0.0,0.014670862502387048,0.025394146005509644
BC,past,2013-01-01T00:00:00,M,94,-0.5022799999998142,44172.0,945.9999999999999,-1.1371004256085625e-05,53527.570480000046,2513.30145,0.0,0.00019984868906187684,0.0005309513742069918
BC,past,2013-01-01T00:00:00,M,95,-19.73986000000002,44172.0,630.0,-0.00044688626279090873,53527.570480000046,2513.30145,0.0,0.007854155338190737,0.031333111111111145
BC,past,2013-01-01T00:00:00,M,96,-13.123499999999979,44172.0,402.0,-0.00029709997283346867,53527.570480000046,2513.30145,0.0,0.005221617963893658,0.03264552238805965
BC,past,2013-01-01T00:00:00,M,97,-1.5214500000000157,44172.0,334.0,-3.444376528117395e-05,53527.570480000046,2513.30145,0.0,0.0006053591382760774,0.004555239520958131
BC,past,2013-01-01T00:00:00,M,98,-21.441799999999944,44172.0,199.0,-0.000485416100697273,53527.570480000046,2513.30145,0.0,0.00853132838482226,0.10774773869346706
BC,past,2013-01-01T00:00:00,M,99,-0.14515999999994733,44172.0,159.0,-3.2862446798865195e-06,53527.570480000046,2513.30145,0.0,5.775670085255684e-05,0.0009129559748424361
BC,past,2013-01-01T00:00:00,M,100,115.7157,44172.0,203.99999999999997,0.0026196617766911165,53527.570480000046,2513.30145,0.00216179622879084,0.0,0.0
BC,past,2014-01-01T00:00:00,F,1,375.87759999999616,43991.0,21805.0,0.008544420449637338,67919.81439,2120.2519100000095,0.005534137620601884,0.0,0.0
BC,past,2014-01-01T00:00:00,F,2,298.5668599999917,43991.0,21703.999999999996,0.006786998704280233,67919.81439,2120.2519100000095,0.004395872731418278,0.0,0.0
BC,past,2014-01-01T00:00:00,F,3,231.12984000000142,43991.0,21963.0,0.0052540255961446986,67919.81439,2120.2519100000095,0.003402981031026363,0.0,0.0
BC,past,2014-01-01T00:00:00,F,4,354.04738,43991.0,22118.0,0.008048177581778091,67919.81439,2120.2519100000095,0.0052127259648714125,0.0,0.0
BC,past,2014-01-01T00:00:00,F,5,392.441230000004,43991.0,22583.0,0.008920943602100521,67919.81439,2120.2519100000095,0.005778007986691202,0.0,0.0
BC,past,2014-01-01T00:00:00,F,6,407.02068000000145,43991.0,22857.0,0.009252362528699085,67919.81439,2120.2519100000095,0.005992664786491644,0.0,0.0
BC,past,2014-01-01T00:00:00,F,7,390.7614399999984,43991.0,22407.0,0.008882758746107122,67919.81439,2120.2519100000095,0.005753276028644907,0.0,0.0
BC,past,2014-01-01T00:00:00,F,8,306.7445599999992,43991.0,22112.0,0.006972893546407201,67919.81439,2120.2519100000095,0.004516275003913467,0.0,0.0
BC,past,2014-01-01T00:00:00,F,9,337.740560000002,43991.0,22093.0,0.007677492214316611,67919.81439,2120.2519100000095,0.004972636675075018,0.0,0.0
BC,past,2014-01-01T00:00:00,F,10,392.7574400000012,43991.0,22359.0,0.008928131663294793,67919.81439,2120.2519100000095,0.005782663623677803,0.0,0.0
BC,past,2014-01-01T00:00:00,F,11,341.9866600000023,43991.0,22414.0,0.007774014230183499,67919.81439,2120.2519100000095,0.005035153041442261,0.0,0.0
BC,past,2014-01-01T00:00:00,F,12,280.1970000000001,43991.0,22248.0,0.0063694164715510015,67919.81439,2120.2519100000095,0.004125408800311065,0.0,0.0
BC,past,2014-01-01T00:00:00,F,13,335.4695000000029,43991.0,22783.0,0.00762586665454304,67919.81439,2120.2519100000095,0.004939199304546316,0.0,0.0
BC,past,2014-01-01T00:00:00,F,14,362.7475200000008,43991.0,23256.0,0.008245948489463773,67919.81439,2120.2519100000095,0.005340820248964181,0.0,0.0
BC,past,2014-01-01T00:00:00,F,15,671.2786600000036,43991.0,24087.0,0.015259454433861553,67919.81439,2120.2519100000095,0.009883399506151148,0.0,0.0
BC,past,2014-01-01T00:00:00,F,16,833.8825600000018,43991.0,25096.0,0.018955753676888495,67919.81439,2120.2519100000095,0.012277456401924096,0.0,0.0
BC,past,2014-01-01T00:00:00,F,17,474.5044999999991,43991.0,25495.0,0.010786399490804916,67919.81439,2120.2519100000095,0.006986245534703074,0.0,0.0
BC,past,2014-01-01T00:00:00,F,18,607.5918799999963,43991.0,27230.0,0.01381173149053207,67919.81439,2120.2519100000095,0.00894572350435418,0.0,0.0
BC,past,2014-01-01T00:00:00,F,19,1564.0335200000009,43991.0,28608.999999999996,0.035553488668136686,67919.81439,2120.2519100000095,0.023027647146077558,0.0,0.0
BC,past,2014-01-01T00:00:00,F,20,970.5220999999983,43991.0,29369.0,0.02206183310222542,67919.81439,2120.2519100000095,0.014289233689997991,0.0,0.0
BC,past,2014-01-01T00:00:00,F,21,757.0286400000005,43991.0,30242.999999999996,0.0172087163283399,67919.81439,2120.2519100000095,0.011145917385066642,0.0,0.0
BC,past,2014-01-01T00:00:00,F,22,646.8172799999993,43991.0,30684.0,0.014703400240958363,67919.81439,2120.2519100000095,0.009523248639725843,0.0,0.0
BC,past,2014-01-01T00:00:00,F,23,917.192500000001,43991.0,31156.0,0.020849548771339616,67919.81439,2120.2519100000095,0.01350404897653904,0.0,0.0
BC,past,2014-01-01T00:00:00,F,24,852.4112799999966,43991.0,32538.999999999996,0.019376947102816407,67919.81439,2120.2519100000095,0.0125502592675739,0.0,0.0
BC,past,2014-01-01T00:00:00,F,25,829.6440399999992,43991.0,32124.999999999996,0.01885940396899364,67919.81439,2120.2519100000095,0.012215051637746374,0.0,0.0
BC,past,2014-01-01T00:00:00,F,26,832.6741700000057,43991.0,32030.0,0.018928284649132907,67919.81439,2120.2519100000095,0.012259664981101632,0.0,0.0
BC,past,2014-01-01T00:00:00,F,27,591.7618999999941,43991.0,32072.0,0.013451885612966154,67919.81439,2120.2519100000095,0.008712654846228799,0.0,0.0
BC,past,2014-01-01T00:00:00,F,28,619.9506899999978,43991.0,32708.999999999996,0.014092671000886497,67919.81439,2120.2519100000095,0.009127685279588672,0.0,0.0
BC,past,2014-01-01T00:00:00,F,29,538.7385299999987,43991.0,33069.0,0.012246562478688794,67919.81439,2120.2519100000095,0.007931978831781357,0.0,0.0
BC,past,2014-01-01T00:00:00,F,30,635.037209999995,43991.0,33156.0,0.014435616603396035,67919.81439,2120.2519100000095,0.009349807794726439,0.0,0.0
BC,past,2014-01-01T00:00:00,F,31,617.6155599999984,43991.0,33022.0,0.014039589006842271,67919.81439,2120.2519100000095,0.0090933045908166,0.0,0.0
BC,past,2014-01-01T00:00:00,F,32,524.962240000008,43991.0,33085.00000000001,0.011933400922916233,67919.81439,2120.2519100000095,0.0077291471526356155,0.0,0.0
BC,past,2014-01-01T00:00:00,F,33,354.26055999999517,43991.0,32300.999999999996,0.008053023573003458,67919.81439,2120.2519100000095,0.005215864666028207,0.0,0.0
BC,past,2014-01-01T00:00:00,F,34,541.8170600000012,43991.0,31782.0,0.012316543383874001,67919.81439,2120.2519100000095,0.00797730478014637,0.0,0.0
BC,past,2014-01-01T00:00:00,F,35,477.58850000000166,43991.0,30785.0,0.010856504739605866,67919.81439,2120.2519100000095,0.007031652019212794,0.0,0.0
BC,past,2014-01-01T00:00:00,F,36,402.62583999999697,43991.0,30074.999999999996,0.009152459366688572,67919.81439,2120.2519100000095,0.005927958484811121,0.0,0.0
BC,past,2014-01-01T00:00:00,F,37,425.02180000000226,43991.0,30079.000000000007,0.009661562592348487,67919.81439,2120.2519100000095,0.006257699668604796,0.0,0.0
BC,past,2014-01-01T00:00:00,F,38,453.40034000000014,43991.0,30808.0,0.010306661362551435,67919.81439,2120.2519100000095,0.006675523837514423,0.0,0.0
BC,past,2014-01-01T00:00:00,F,39,446.96800000000076,43991.0,30730.000000000004,0.010160441908572225,67919.81439,2120.2519100000095,0.006580818926174936,0.0,0.0
BC,past,2014-01-01T00:00:00,F,40,487.1368000000002,43991.0,30697.0,0.011073555954627088,67919.81439,2120.2519100000095,0.007172233969940332,0.0,0.0
BC,past,2014-01-01T00:00:00,F,41,502.345819999995,43991.0,31309.0,0.011419286217635312,67919.81439,2120.2519100000095,0.007396160082468609,0.0,0.0
BC,past,2014-01-01T00:00:00,F,42,477.14423999999417,43991.0,31730.0,0.010846405855743087,67919.81439,2120.2519100000095,0.007025111070831273,0.0,0.0
BC,past,2014-01-01T00:00:00,F,43,644.4275000000052,43991.0,34866.00000000001,0.014649075947352987,67919.81439,2120.2519100000095,0.009488063325669009,0.0,0.0
BC,past,2014-01-01T00:00:00,F,44,592.8329700000031,43991.0,34790.00000000001,0.013476233093132757,67919.81439,2120.2519100000095,0.008728424471184765,0.0,0.0
BC,past,2014-01-01T00:00:00,F,45,629.4546600000031,43991.0,35016.00000000001,0.014308714509786161,67919.81439,2120.2519100000095,0.009267614548909592,0.0,0.0
BC,past,2014-01-01T00:00:00,F,46,504.95288000000437,43991.0,33759.0,0.01147854970334851,67919.81439,2120.2519100000095,0.007434544462982953,0.0,0.0
BC,past,2014-01-01T00:00:00,F,47,480.76856000001135,43991.0,32796.00000000001,0.010928793616876438,67919.81439,2120.2519100000095,0.007078472818541685,0.0,0.0
BC,past,2014-01-01T00:00:00,F,48,551.8620399999927,43991.0,34463.0,0.012544885090131906,67919.81439,2120.2519100000095,0.00812519947170593,0.0,0.0
BC,past,2014-01-01T00:00:00,F,49,558.9100199999957,43991.0,36207.0,0.012705099224841348,67919.81439,2120.2519100000095,0.008228968600984361,0.0,0.0
BC,past,2014-01-01T00:00:00,F,50,631.1969999999928,43991.0,38494.0,0.01434832124752774,67919.81439,2120.2519100000095,0.009293267445868131,0.0,0.0
BC,past,2014-01-01T00:00:00,F,51,536.817999999992,43991.0,38569.0,0.012202905139687482,67919.81439,2120.2519100000095,0.007903702399973418,0.0,0.0
BC,past,2014-01-01T00:00:00,F,52,449.94872999999643,43991.0,37140.0,0.010228199631742775,67919.81439,2120.2519100000095,0.006624704941276216,0.0,0.0
BC,past,2014-01-01T00:00:00,F,53,491.1450999999943,43991.0,37803.0,0.011164672319337916,67919.81439,2120.2519100000095,0.007231249148883227,0.0,0.0
BC,past,2014-01-01T00:00:00,F,54,544.1738699999914,43991.0,37541.0,0.012370118205996487,67919.81439,2120.2519100000095,0.008012004668848322,0.0,0.0
BC,past,2014-01-01T00:00:00,F,55,525.9524600000004,43991.0,36854.0,0.011955910527153292,67919.81439,2120.2519100000095,0.007743726403313577,0.0,0.0
BC,past,2014-01-01T00:00:00,F,56,552.8498399999953,43991.0,36594.0,0.012567339683116895,67919.81439,2120.2519100000095,0.008139743092133549,0.0,0.0
BC,past,2014-01-01T00:00:00,F,57,545.962120000011,43991.0,35704.00000000001,0.012410768566297904,67919.81439,2120.2519100000095,0.008038333509939544,0.0,0.0
BC,past,2014-01-01T00:00:00,F,58,593.2272599999997,43991.0,35037.0,0.013485196062831026,67919.81439,2120.2519100000095,0.008734229699063224,0.0,0.0
BC,past,2014-01-01T00:00:00,F,59,572.2839600000079,43991.0,34730.00000000001,0.013009114591621193,67919.81439,2120.2519100000095,0.008425876382905232,0.0,0.0
BC,past,2014-01-01T00:00:00,F,60,575.3337600000013,43991.0,33346.0,0.013078442408674533,67919.81439,2120.2519100000095,0.008470779332469865,0.0,0.0
BC,past,2014-01-01T00:00:00,F,61,546.3258099999912,43991.0,31908.0,0.012419035939169175,67919.81439,2120.2519100000095,0.008043688206551224,0.0,0.0
BC,past,2014-01-01T00:00:00,F,62,489.845739999997,43991.0,30733.0,0.011135135368598054,67919.81439,2120.2519100000095,0.007212118354553663,0.0,0.0
BC,past,2014-01-01T00:00:00,F,63,472.54849999999715,43991.0,30173.0,0.010741935850514812,67919.81439,2120.2519100000095,0.006957446869430368,0.0,0.0
BC,past,2014-01-01T00:00:00,F,64,487.7625000000007,43991.0,30099.0,0.011087779318496981,67919.81439,2120.2519100000095,0.007181446303713916,0.0,0.0
BC,past,2014-01-01T00:00:00,F,65,367.0299999999952,43991.0,28794.0,0.008343297492668846,67919.81439,2120.2519100000095,0.005403872246948218,0.0,0.0
BC,past,2014-01-01T00:00:00,F,66,332.1030400000018,43991.0,28686.000000000004,0.007549340546930095,67919.81439,2120.2519100000095,0.004889634092535125,0.0,0.0
BC,past,2014-01-01T00:00:00,F,67,374.76076000000467,43991.0,28878.000000000007,0.008519032529381116,67919.81439,2120.2519100000095,0.0055176941127680935,0.0,0.0
BC,past,2014-01-01T00:00:00,F,68,82.34929999999804,43991.0,23146.999999999996,0.001871957900479599,67919.81439,2120.2519100000095,0.0012124488374945048,0.0,0.0
BC,past,2014-01-01T00:00:00,F,69,107.89519999999538,43991.0,21689.0,0.0024526653179058303,67919.81439,2120.2519100000095,0.0015885673565073973,0.0,0.0
BC,past,2014-01-01T00:00:00,F,70,139.93910000000324,43991.0,21436.000000000004,0.0031810847673388472,67919.81439,2120.2519100000095,0.0020603575150612724,0.0,0.0
BC,past,2014-01-01T00:00:00,F,71,77.95664000000033,43991.0,20288.0,0.0017721042940601563,67919.81439,2120.2519100000095,0.001147774632486011,0.0,0.0
BC,past,2014-01-01T00:00:00,F,72,-24.758550000002288,43991.0,18451.0,-0.0005628094382942485,67919.81439,2120.2519100000095,0.0,0.01167717377507382,0.0013418541000489019
BC,past,2014-01-01T00:00:00,F,73,-35.43732000000091,43991.0,18009.0,-0.0008055584096747268,67919.81439,2120.2519100000095,0.0,0.016713730964166777,0.001967756121939081
BC,past,2014-01-01T00:00:00,F,74,-10.481800000005023,43991.0,16330.999999999998,-0.0002382714646178769,67919.81439,2120.2519100000095,0.0,0.00494365785054521,0.0006418345477928495
BC,past,2014-01-01T00:00:00,F,75,-11.681479999999283,43991.0,15285.000000000002,-0.0002655424973289828,67919.81439,2120.2519100000095,0.0,0.005509477409219374,0.0007642446843309965
BC,past,2014-01-01T00:00:00,F,76,6.796970000001238,43991.0,14847.0,0.0001545081948580673,67919.81439,2120.2519100000095,0.00010007344780085224,0.0,0.0
BC,past,2014-01-01T00:00:00,F,77,-30.36109999999826,43991.0,14098.000000000002,-0.0006901661703529872,67919.81439,2120.2519100000095,0.0,0.014319572055000824,0.00215357497517366
BC,past,2014-01-01T00:00:00,F,78,-33.890849999997954,43991.0,13413.000000000002,-0.0007704041735809132,67919.81439,2120.2519100000095,0.0,0.01598435065199295,0.002526716618206065
BC,past,2014-01-01T00:00:00,F,79,-33.346519999999146,43991.0,12588.0,-0.0007580305062398932,67919.81439,2120.2519100000095,0.0,0.015727621723967224,0.0026490721321893187
BC,past,2014-01-01T00:00:00,F,80,-67.92216999999982,43991.0,11792.0,-0.001544001500306877,67919.81439,2120.2519100000095,0.0,0.032034952865576956,0.005760021200814096
BC,past,2014-01-01T00:00:00,F,81,-37.02030999999988,43991.0,11643.000000000002,-0.0008415428155759105,67919.81439,2120.2519100000095,0.0,0.017460335644739363,0.0031796195138709847
BC,past,2014-01-01T00:00:00,F,82,-32.63911000000189,43991.0,10985.0,-0.0007419497169876086,67919.81439,2120.2519100000095,0.0,0.015393977407147694,0.0029712435138827395
BC,past,2014-01-01T00:00:00,F,83,-67.93680000000313,43991.0,10607.0,-0.0015443340683322301,67919.81439,2120.2519100000095,0.0,0.03204185298906432,0.00640490242292855
BC,past,2014-01-01T00:00:00,F,84,-40.53002999999808,43991.0,9912.0,-0.0009213254983973558,67919.81439,2120.2519100000095,0.0,0.019115667251066358,0.004088986077481646
BC,past,2014-01-01T00:00:00,F,85,-56.11288000000059,43991.0,9071.0,-0.0012755536359710074,67919.81439,2120.2519100000095,0.0,0.026465194883376068,0.006185964061294299
BC,past,2014-01-01T00:00:00,F,86,-34.416299999998955,43991.0,8409.000000000002,-0.0007823486622263407,67919.81439,2120.2519100000095,0.0,0.016232174977735925,0.0040927934356045845
BC,past,2014-01-01T00:00:00,F,87,-49.66287999999986,43991.0,7713.0,-0.0011289327362415007,67919.81439,2120.2519100000095,0.0,0.023423103531126938,0.006438853883054565
BC,past,2014-01-01T00:00:00,F,88,-60.87052000000131,43991.0,6958.999999999999,-0.0013837039394421883,67919.81439,2120.2519100000095,0.0,0.028709098061843526,0.008747021123724863
BC,past,2014-01-01T00:00:00,F,89,-89.17725000000064,43991.0,6246.0,-0.0020271703302948475,67919.81439,2120.2519100000095,0.0,0.04205974279726046,0.01427749759846312
BC,past,2014-01-01T00:00:00,F,90,-101.23766999999953,43991.0,5493.0,-0.002301326862312735,67919.81439,2120.2519100000095,0.0,0.04774794425252944,0.018430305843801117
BC,past,2014-01-01T00:00:00,F,91,-77.01720000000023,43991.0,4700.0,-0.0017507490168443597,67919.81439,2120.2519100000095,0.0,0.0363245516425451,0.01638663829787239
BC,past,2014-01-01T00:00:00,F,92,-57.16980000000058,43991.0,4097.0,-0.0012995794594348976,67919.81439,2120.2519100000095,0.0,0.026963682820123163,0.013954063949231287
BC,past,2014-01-01T00:00:00,F,93,-63.354199999999764,43991.0,3328.0000000000005,-0.0014401627605646556,67919.81439,2120.2519100000095,0.0,0.02988050603854873,0.019036718749999928
BC,past,2014-01-01T00:00:00,F,94,-12.189200000000255,43991.0,2947.0,-0.00027708394898957184,67919.81439,2120.2519100000095,0.0,0.005748939521059175,0.00413613844587725
BC,past,2014-01-01T00:00:00,F,95,-42.420419999999694,43991.0,1931.0000000000002,-0.00096429769725625,67919.81439,2120.2519100000095,0.0,0.02000725470399388,0.02196810978767462
BC,past,2014-01-01T00:00:00,F,96,5.045800000000099,43991.0,1468.0000000000002,0.00011470073424109702,67919.81439,2120.2519100000095,7.42905445975866e-05,0.0,0.0
BC,past,2014-01-01T00:00:00,F,97,-42.619800000000055,43991.0,938.0,-0.0009688299879520824,67919.81439,2120.2519100000095,0.0,0.020101290699933796,0.04543688699360347
BC,past,2014-01-01T00:00:00,F,98,-17.116179999999872,43991.0,740.0000000000001,-0.0003890836762064939,67919.81439,2120.2519100000095,0.0,0.008072710567679572,0.023129972972972798
BC,past,2014-01-01T00:00:00,F,99,-30.142150000000015,43991.0,505.0,-0.000685189015935078,67919.81439,2120.2519100000095,0.0,0.014216306023749735,0.05968742574257429
BC,past,2014-01-01T00:00:00,F,100,649.46352,43991.0,1056.0,0.014763554363392512,67919.81439,2120.2519100000095,0.009562209876940155,0.0,0.0
BC,past,2014-01-01T00:00:00,M,1,470.543620000004,43991.0,23053.0,0.010696361073856107,67919.81439,2120.2519100000095,0.006927928531990855,0.0,0.0
BC,past,2014-01-01T00:00:00,M,2,320.3712500000074,43991.0,22937.000000000004,0.007282654406583333,67919.81439,2120.2519100000095,0.004716904085756401,0.0,0.0
BC,past,2014-01-01T00:00:00,M,3,205.96870000000126,43991.0,22786.0,0.00468206451319591,67919.81439,2120.2519100000095,0.003032527427376576,0.0,0.0
BC,past,2014-01-01T00:00:00,M,4,230.27753999999914,43991.0,23638.0,0.005234651178650159,67919.81439,2120.2519100000095,0.0033904324101613485,0.0,0.0
BC,past,2014-01-01T00:00:00,M,5,255.36889999999767,43991.0,23942.0,0.005805026028051139,67919.81439,2120.2519100000095,0.0037598586258444817,0.0,0.0
BC,past,2014-01-01T00:00:00,M,6,272.64933999999994,43991.0,23833.0,0.006197843649837466,67919.81439,2120.2519100000095,0.004014282760468538,0.0,0.0
BC,past,2014-01-01T00:00:00,M,7,220.39811999999802,43991.0,23521.0,0.0050100729694709835,67919.81439,2120.2519100000095,0.003244975298879023,0.0,0.0
BC,past,2014-01-01T00:00:00,M,8,194.14114999999947,43991.0,23016.0,0.004413201563956252,67919.81439,2120.2519100000095,0.0028583875227518782,0.0,0.0
BC,past,2014-01-01T00:00:00,M,9,212.13584999999512,43991.0,22928.0,0.00482225568866348,67919.81439,2120.2519100000095,0.003123327881638446,0.0,0.0
BC,past,2014-01-01T00:00:00,M,10,272.15564999999697,43991.0,23384.0,0.006186621127048646,67919.81439,2120.2519100000095,0.004007014042135945,0.0,0.0
BC,past,2014-01-01T00:00:00,M,11,318.16749999999956,43991.0,23667.0,0.007232558932508912,67919.81439,2120.2519100000095,0.004684457736781509,0.0,0.0
BC,past,2014-01-01T00:00:00,M,12,298.4073599999974,43991.0,23753.0,0.006783372962651393,67919.81439,2120.2519100000095,0.0043935243739996535,0.0,0.0
BC,past,2014-01-01T00:00:00,M,13,393.6756600000008,43991.0,24330.0,0.008949004569116428,67919.81439,2120.2519100000095,0.00579618280078755,0.0,0.0
BC,past,2014-01-01T00:00:00,M,14,585.2221900000004,43991.0,25274.0,0.013303225432474834,67919.81439,2120.2519100000095,0.00861636910018064,0.0,0.0
BC,past,2014-01-01T00:00:00,M,15,764.0487199999952,43991.0,26167.0,0.017368296242413112,67919.81439,2120.2519100000095,0.01124927573583723,0.0,0.0
BC,past,2014-01-01T00:00:00,M,16,880.6880999999994,43991.0,26921.0,0.020019733581869006,67919.81439,2120.2519100000095,0.012966585788103467,0.0,0.0
BC,past,2014-01-01T00:00:00,M,17,636.1848400000017,43991.0,28263.0,0.014461704439544492,67919.81439,2120.2519100000095,0.00936670463124335,0.0,0.0
BC,past,2014-01-01T00:00:00,M,18,784.3737600000059,43991.0,29590.0,0.017830323475256437,67919.81439,2120.2519100000095,0.011548526259157315,0.0,0.0
BC,past,2014-01-01T00:00:00,M,19,1828.2884699999995,43991.0,32215.000000000004,0.041560511695574086,67919.81439,2120.2519100000095,0.026918337254307676,0.0,0.0
BC,past,2014-01-01T00:00:00,M,20,998.6452600000011,43991.0,33127.0,0.022701126594076085,67919.81439,2120.2519100000095,0.014703297836853837,0.0,0.0
BC,past,2014-01-01T00:00:00,M,21,610.5333299999947,43991.0,33245.0,0.013878596303789292,67919.81439,2120.2519100000095,0.008989031190431008,0.0,0.0
BC,past,2014-01-01T00:00:00,M,22,750.4131799999996,43991.0,33306.0,0.017058334204723684,67919.81439,2120.2519100000095,0.01104851635328504,0.0,0.0
BC,past,2014-01-01T00:00:00,M,23,1072.2941199999987,43991.0,33538.0,0.02437530676729328,67919.81439,2120.2519100000095,0.015787647973282377,0.0,0.0
BC,past,2014-01-01T00:00:00,M,24,918.7534999999989,43991.0,33940.0,0.020885033302266348,67919.81439,2120.2519100000095,0.013527031960429934,0.0,0.0
BC,past,2014-01-01T00:00:00,M,25,761.8128499999984,43991.0,33455.0,0.01731747061899021,67919.81439,2120.2519100000095,0.011216356476265076,0.0,0.0
BC,past,2014-01-01T00:00:00,M,26,825.3275999999969,43991.0,32519.0,0.01876128298970237,67919.81439,2120.2519100000095,0.01215149963839583,0.0,0.0
BC,past,2014-01-01T00:00:00,M,27,843.502040000003,43991.0,32302.0,0.019174422950148963,67919.81439,2120.2519100000095,0.012419086353159909,0.0,0.0
BC,past,2014-01-01T00:00:00,M,28,944.3808900000004,43991.0,33487.0,0.0214675931440522,67919.81439,2120.2519100000095,0.013904350276596807,0.0,0.0
BC,past,2014-01-01T00:00:00,M,29,851.5064400000047,43991.0,33549.0,0.019356378350117175,67919.81439,2120.2519100000095,0.012536937087469044,0.0,0.0
BC,past,2014-01-01T00:00:00,M,30,848.9177300000047,43991.0,33253.0,0.019297531995180937,67919.81439,2120.2519100000095,0.01249882287848232,0.0,0.0
BC,past,2014-01-01T00:00:00,M,31,783.404849999999,43991.0,32997.0,0.017808298288286218,67919.81439,2120.2519100000095,0.011534260760808875,0.0,0.0
BC,past,2014-01-01T00:00:00,M,32,581.2339199999951,43991.0,32636.999999999996,0.013212564388170197,67919.81439,2120.2519100000095,0.00855764882781499,0.0,0.0
BC,past,2014-01-01T00:00:00,M,33,268.1900700000042,43991.0,32316.000000000004,0.006096475870064426,67919.81439,2120.2519100000095,0.003948627840176938,0.0,0.0
BC,past,2014-01-01T00:00:00,M,34,349.09132999999565,43991.0,31601.0,0.007935517037575768,67919.81439,2120.2519100000095,0.005139756831423162,0.0,0.0
BC,past,2014-01-01T00:00:00,M,35,271.20188000000053,43991.0,30245.0,0.006164940101384386,67919.81439,2120.2519100000095,0.003992971453701886,0.0,0.0
BC,past,2014-01-01T00:00:00,M,36,277.7324000000044,43991.0,29442.0,0.006313391375508727,67919.81439,2120.2519100000095,0.004089121893137795,0.0,0.0
BC,past,2014-01-01T00:00:00,M,37,310.32206000000224,43991.0,29479.999999999996,0.00705421699893165,67919.81439,2120.2519100000095,0.004568947409339383,0.0,0.0
BC,past,2014-01-01T00:00:00,M,38,257.1919999999991,43991.0,29420.0,0.00584646859584913,67919.81439,2120.2519100000095,0.003786700571988991,0.0,0.0
BC,past,2014-01-01T00:00:00,M,39,202.93929999999455,43991.0,29637.999999999996,0.004613200427360018,67919.81439,2120.2519100000095,0.0029879248319894377,0.0,0.0
BC,past,2014-01-01T00:00:00,M,40,289.82876000000397,43991.0,29309.0,0.006588364892819076,67919.81439,2120.2519100000095,0.004267219552983292,0.0,0.0
BC,past,2014-01-01T00:00:00,M,41,252.2523000000001,43991.0,29930.999999999996,0.005734179718578802,67919.81439,2120.2519100000095,0.0037139721635802915,0.0,0.0
BC,past,2014-01-01T00:00:00,M,42,309.68374000000404,43991.0,30630.0,0.007039706758200633,67919.81439,2120.2519100000095,0.004559549268226498,0.0,0.0
BC,past,2014-01-01T00:00:00,M,43,365.08802000000287,43991.0,33254.0,0.00829915255393155,67919.81439,2120.2519100000095,0.005375280001556596,0.0,0.0
BC,past,2014-01-01T00:00:00,M,44,408.9615999999951,43991.0,33456.99999999999,0.009296483371598625,67919.81439,2120.2519100000095,0.006021241425244641,0.0,0.0
BC,past,2014-01-01T00:00:00,M,45,383.03893999999855,43991.0,33107.0,0.008707211475074413,67919.81439,2120.2519100000095,0.0056395757768206494,0.0,0.0
BC,past,2014-01-01T00:00:00,M,46,353.9900000000016,43991.0,32392.999999999996,0.008046873224068597,67919.81439,2120.2519100000095,0.005211881145130461,0.0,0.0
BC,past,2014-01-01T00:00:00,M,47,325.8115099999959,43991.0,32052.999999999996,0.007406321974949328,67919.81439,2120.2519100000095,0.004797002361183807,0.0,0.0
BC,past,2014-01-01T00:00:00,M,48,396.36530000000494,43991.0,33227.0,0.009010145256984495,67919.81439,2120.2519100000095,0.005835783026791704,0.0,0.0
BC,past,2014-01-01T00:00:00,M,49,469.8455499999982,43991.0,35423.0,0.010680492600759204,67919.81439,2120.2519100000095,0.006917650677048592,0.0,0.0
BC,past,2014-01-01T00:00:00,M,50,500.2841199999966,43991.0,36839.0,0.011372419813143521,67919.81439,2120.2519100000095,0.007365805170304686,0.0,0.0
BC,past,2014-01-01T00:00:00,M,51,505.9501000000091,43991.0,37966.0,0.01150121843104292,67919.81439,2120.2519100000095,0.007449226776369127,0.0,0.0
BC,past,2014-01-01T00:00:00,M,52,319.3527499999982,43991.0,36191.0,0.007259501943579327,67919.81439,2120.2519100000095,0.004701908461737747,0.0,0.0
BC,past,2014-01-01T00:00:00,M,53,322.0352000000057,43991.0,36757.0,0.007320479188925137,67919.81439,2120.2519100000095,0.004741402827617558,0.0,0.0
BC,past,2014-01-01T00:00:00,M,54,341.9368400000094,43991.0,36116.0,0.007772881725807765,67919.81439,2120.2519100000095,0.005034419529426064,0.0,0.0
BC,past,2014-01-01T00:00:00,M,55,301.0391000000018,43991.0,35144.0,0.006843197472210265,67919.81439,2120.2519100000095,0.0044322721241759535,0.0,0.0
BC,past,2014-01-01T00:00:00,M,56,376.96854000000894,43991.0,35508.0,0.008569219613102884,67919.81439,2120.2519100000095,0.005550199796416271,0.0,0.0
BC,past,2014-01-01T00:00:00,M,57,254.56925999999658,43991.0,34232.99999999999,0.005786848673592248,67919.81439,2120.2519100000095,0.003748085331008758,0.0,0.0
BC,past,2014-01-01T00:00:00,M,58,325.6664200000014,43991.0,34114.0,0.007403023800322824,67919.81439,2120.2519100000095,0.004794866165711284,0.0,0.0
BC,past,2014-01-01T00:00:00,M,59,277.33839999999327,43991.0,33246.99999999999,0.006304434998067634,67919.81439,2120.2519100000095,0.004083320934999883,0.0,0.0
BC,past,2014-01-01T00:00:00,M,60,196.2575300000026,43991.0,31935.0,0.004461310949967098,67919.81439,2120.2519100000095,0.0028895475018980332,0.0,0.0
BC,past,2014-01-01T00:00:00,M,61,278.32260000000315,43991.0,31062.0,0.006326807756132008,67919.81439,2120.2519100000095,0.004097811551749194,0.0,0.0
BC,past,2014-01-01T00:00:00,M,62,196.72749999999724,43991.0,30068.0,0.004471994271555483,67919.81439,2120.2519100000095,0.0028964669848827195,0.0,0.0
BC,past,2014-01-01T00:00:00,M,63,146.30994000000283,43991.0,29417.999999999996,0.0033259062080880824,67919.81439,2120.2519100000095,0.00215415694689449,0.0,0.0
BC,past,2014-01-01T00:00:00,M,64,168.66083000000071,43991.0,29123.0,0.003833984906003517,67919.81439,2120.2519100000095,0.002483234554080776,0.0,0.0
BC,past,2014-01-01T00:00:00,M,65,85.80964000000313,43991.0,27883.0,0.0019506180809711789,67919.81439,2120.2519100000095,0.0012633962676528911,0.0,0.0
BC,past,2014-01-01T00:00:00,M,66,162.64791999999943,43991.0,28013.999999999996,0.0036972999022527207,67919.81439,2120.2519100000095,0.0023947050129740416,0.0,0.0
BC,past,2014-01-01T00:00:00,M,67,258.4607999999971,43991.0,27767.999999999996,0.005875310859039283,67919.81439,2120.2519100000095,0.0038053814239817907,0.0,0.0
BC,past,2014-01-01T00:00:00,M,68,-3.13952000000063,43991.0,22314.0,-7.136732513470095e-05,67919.81439,2120.2519100000095,0.0,0.0014807297119711666,0.00014069732006814688
BC,past,2014-01-01T00:00:00,M,69,50.186820000002626,43991.0,20821.0,0.001140842899684086,67919.81439,2120.2519100000095,0.000738912796666767,0.0,0.0
BC,past,2014-01-01T00:00:00,M,70,66.66990000000078,43991.0,20691.0,0.0015155349957946122,67919.81439,2120.2519100000095,0.0009815972054513851,0.0,0.0
BC,past,2014-01-01T00:00:00,M,71,126.05749999999898,43991.0,19533.0,0.0028655293128139617,67919.81439,2120.2519100000095,0.0018559753310892254,0.0,0.0
BC,past,2014-01-01T00:00:00,M,72,28.347740000001068,43991.0,17675.0,0.0006443986269919089,67919.81439,2120.2519100000095,0.0004173706929943374,0.0,0.0
BC,past,2014-01-01T00:00:00,M,73,48.66159999999945,43991.0,16549.0,0.0011061717169420894,67919.81439,2120.2519100000095,0.0007164566104462738,0.0,0.0
BC,past,2014-01-01T00:00:00,M,74,22.89687000000231,43991.0,15339.0,0.0005204898729286061,67919.81439,2120.2519100000095,0.00033711620394789345,0.0,0.0
BC,past,2014-01-01T00:00:00,M,75,-31.663370000002033,43991.0,14316.999999999998,-0.0007197692709872936,67919.81439,2120.2519100000095,0.0,0.014933777373652686,0.002211592512397991
BC,past,2014-01-01T00:00:00,M,76,-56.008740000001126,43991.0,13330.0,-0.0012731863335682554,67919.81439,2120.2519100000095,0.0,0.026416078078194433,0.004201705926481705
BC,past,2014-01-01T00:00:00,M,77,-40.714820000001055,43991.0,12562.0,-0.0009255261303448673,67919.81439,2120.2519100000095,0.0,0.019202821989204515,0.003241109695908379
BC,past,2014-01-01T00:00:00,M,78,0.6434499999977561,43991.0,12254.999999999998,1.462685549311805e-05,67919.81439,2120.2519100000095,9.473671354621558e-06,0.0,0.0
BC,past,2014-01-01T00:00:00,M,79,-31.75329999999849,43991.0,11209.0,-0.0007218135527721236,67919.81439,2120.2519100000095,0.0,0.014976192145016555,0.0028328396823979383
BC,past,2014-01-01T00:00:00,M,80,-5.7299999999977445,43991.0,10526.0,-0.0001302539155735888,67919.81439,2120.2519100000095,0.0,0.002702509061764137,0.0005443663309897155
BC,past,2014-01-01T00:00:00,M,81,-39.02240000000165,43991.0,9972.999999999998,-0.0008870541701712089,67919.81439,2120.2519100000095,0.0,0.018404605516898924,0.003912804572345499
BC,past,2014-01-01T00:00:00,M,82,-3.6463199999998324,43991.0,9414.0,-8.288786342660618e-05,67919.81439,2120.2519100000095,0.0,0.0017197579131056253,0.00038732950924153734
BC,past,2014-01-01T00:00:00,M,83,-25.135279999998602,43991.0,8740.0,-0.0005713732354344889,67919.81439,2120.2519100000095,0.0,0.011854855492146916,0.0028758901601829063
BC,past,2014-01-01T00:00:00,M,84,-63.618679999999586,43991.0,7678.0,-0.0014461748994112338,67919.81439,2120.2519100000095,0.0,0.03000524593325295,0.008285840062516226
BC,past,2014-01-01T00:00:00,M,85,-70.70904000000064,43991.0,6735.0,-0.0016073524129935814,67919.81439,2120.2519100000095,0.0,0.03334935800152177,0.010498743875278492
BC,past,2014-01-01T00:00:00,M,86,-108.58706000000075,43991.0,5852.999999999999,-0.002468392625764378,67919.81439,2120.2519100000095,0.0,0.05121422576622051,0.01855237655902969
BC,past,2014-01-01T00:00:00,M,87,-70.5598000000009,43991.0,5047.999999999999,-0.0016039599008888386,67919.81439,2120.2519100000095,0.0,0.03327897013897777,0.013977773375594476
BC,past,2014-01-01T00:00:00,M,88,-49.511999999999716,43991.0,4185.0,-0.0011255029437839494,67919.81439,2120.2519100000095,0.0,0.023351942175587757,0.011830824372759789
BC,past,2014-01-01T00:00:00,M,89,-86.74170999999978,43991.0,3532.9999999999995,-0.0019718058239185238,67919.81439,2120.2519100000095,0.0,0.04091103966980952,0.024551856778941353
BC,past,2014-01-01T00:00:00,M,90,-55.91105000000016,43991.0,2956.0,-0.0012709656520651987,67919.81439,2120.2519100000095,0.0,0.026370003364364337,0.018914428281461487
BC,past,2014-01-01T00:00:00,M,91,-66.51249999999982,43991.0,2339.0,-0.001511956991202742,67919.81439,2120.2519100000095,0.0,0.031370093188596404,0.02843629756306106
BC,past,2014-01-01T00:00:00,M,92,-38.39958999999976,43991.0,1927.0,-0.0008728965015571313,67919.81439,2120.2519100000095,0.0,0.01811086211920903,0.01992713544369474
BC,past,2014-01-01T00:00:00,M,93,-57.16692000000012,43991.0,1538.9999999999998,-0.0012995139914982637,67919.81439,2120.2519100000095,0.0,0.02696232449096101,0.03714549707602347
BC,past,2014-01-01T00:00:00,M,94,-22.44507999999996,43991.0,1156.9999999999998,-0.0005102198176899812,67919.81439,2120.2519100000095,0.0,0.010586043995121251,0.019399377700950706
BC,past,2014-01-01T00:00:00,M,95,-17.75506000000007,43991.0,732.9999999999999,-0.0004036066468141227,67919.81439,2120.2519100000095,0.0,0.008374033253435434,0.024222455661664494
BC,past,2014-01-01T00:00:00,M,96,-6.323900000000151,43991.0,480.9999999999999,-0.00014375440430997594,67919.81439,2120.2519100000095,0.0,0.002982617287207218,0.013147401247401564
BC,past,2014-01-01T00:00:00,M,97,-0.9793599999999856,43991.0,302.0,-2.2262735559545942e-05,67919.81439,2120.2519100000095,0.0,0.0004619073777888879,0.0032429139072847205
BC,past,2014-01-01T00:00:00,M,98,3.1278999999999257,43991.0,247.99999999999991,7.110318019594748e-05,67919.81439,2120.2519100000095,4.6052834921475495e-05,0.0,0.0
BC,past,2014-01-01T00:00:00,M,99,-8.70392000000001,43991.0,133.0,-0.00019785683435248144,67919.81439,2120.2519100000095,0.0,0.00410513484692485,0.06544300751879707
BC,past,2014-01-01T00:00:00,M,100,146.18982999999997,43991.0,256.0,0.0033231758768839073,67919.81439,2120.2519100000095,0.002152388538057075,0.0,0.0
BC,past,2015-01-01T00:00:00,F,1,407.6070099999997,44819.0,21670.0,0.009094513710703044,61049.129419999954,3100.989290000003,0.006676704710984231,0.0,0.0
BC,past,2015-01-01T00:00:00,F,2,385.0527000000002,44819.0,22187.0,0.008591282714920016,61049.129419999954,3100.989290000003,0.006307259475412851,0.0,0.0
BC,past,2015-01-01T00:00:00,F,3,354.03856000000087,44819.0,22054.999999999996,0.007899296280595302,61049.129419999954,3100.989290000003,0.005799240109786338,0.0,0.0
BC,past,2015-01-01T00:00:00,F,4,299.074819999998,44819.0,22258.999999999996,0.006672947187576652,61049.129419999954,3100.989290000003,0.004898920309615747,0.0,0.0
BC,past,2015-01-01T00:00:00,F,5,412.09651999999915,44819.0,22527.0,0.009194683504763585,61049.129419999954,3100.989290000003,0.006750244007001262,0.0,0.0
BC,past,2015-01-01T00:00:00,F,6,449.93578999999954,44819.0,23030.0,0.010038952006961322,61049.129419999954,3100.989290000003,0.007370060708066358,0.0,0.0
BC,past,2015-01-01T00:00:00,F,7,447.51426999999603,44819.0,23301.999999999996,0.00998492313527736,61049.129419999954,3100.989290000003,0.0073303956051728476,0.0,0.0
BC,past,2015-01-01T00:00:00,F,8,373.24069999999847,44819.0,22778.0,0.00832773377362276,61049.129419999954,3100.989290000003,0.006113775962834996,0.0,0.0
BC,past,2015-01-01T00:00:00,F,9,370.9900799999996,44819.0,22481.0,0.00827751801691246,61049.129419999954,3100.989290000003,0.006076910244660453,0.0,0.0
BC,past,2015-01-01T00:00:00,F,10,377.5465099999965,44819.0,22468.999999999996,0.008423804859546096,61049.129419999954,3100.989290000003,0.006184306206933569,0.0,0.0
BC,past,2015-01-01T00:00:00,F,11,404.3415399999976,44819.0,22762.0,0.009021654655391634,61049.129419999954,3100.989290000003,0.006623215496133408,0.0,0.0
BC,past,2015-01-01T00:00:00,F,12,375.34484000000157,44819.0,22788.000000000004,0.00837468127356705,61049.129419999954,3100.989290000003,0.006148242301994842,0.0,0.0
BC,past,2015-01-01T00:00:00,F,13,433.3348799999949,44819.0,22679.999999999996,0.009668553069010797,61049.129419999954,3100.989290000003,0.007098133652632114,0.0,0.0
BC,past,2015-01-01T00:00:00,F,14,548.5948100000023,44819.0,23330.000000000004,0.012240228697650601,61049.129419999954,3100.989290000003,0.008986120116895235,0.0,0.0
BC,past,2015-01-01T00:00:00,F,15,876.860480000003,44819.0,24131.000000000004,0.019564481135232892,61049.129419999954,3100.989290000003,0.014363193846180218,0.0,0.0
BC,past,2015-01-01T00:00:00,F,16,1062.8904399999992,44819.0,25147.0,0.023715175260492185,61049.129419999954,3100.989290000003,0.017410411091821267,0.0,0.0
BC,past,2015-01-01T00:00:00,F,17,822.0153600000012,44819.0,25914.0,0.018340778687610193,61049.129419999954,3100.989290000003,0.013464817071260406,0.0,0.0
BC,past,2015-01-01T00:00:00,F,18,704.8440500000033,44819.0,26195.000000000004,0.015726456413574674,61049.129419999954,3100.989290000003,0.011545521724820755,0.0,0.0
BC,past,2015-01-01T00:00:00,F,19,1567.718300000004,44819.0,28792.000000000004,0.03497887726187564,61049.129419999954,3100.989290000003,0.025679617627543318,0.0,0.0
BC,past,2015-01-01T00:00:00,F,20,644.2939799999986,44819.0,29246.999999999996,0.014375465316048965,61049.129419999954,3100.989290000003,0.010553696442867293,0.0,0.0
BC,past,2015-01-01T00:00:00,F,21,391.75487000000066,44819.0,29754.000000000004,0.008740821303465063,61049.129419999954,3100.989290000003,0.0064170426953158175,0.0,0.0
BC,past,2015-01-01T00:00:00,F,22,154.25832000000446,44819.0,30390.0,0.0034418063767599556,61049.129419999954,3100.989290000003,0.002526789840666733,0.0,0.0
BC,past,2015-01-01T00:00:00,F,23,467.6710000000021,44819.0,31144.000000000004,0.010434659407840472,61049.129419999954,3100.989290000003,0.007660567881035025,0.0,0.0
BC,past,2015-01-01T00:00:00,F,24,425.10055999999895,44819.0,31572.999999999996,0.009484829201900956,61049.129419999954,3100.989290000003,0.006963253432746483,0.0,0.0
BC,past,2015-01-01T00:00:00,F,25,454.1109200000028,44819.0,32984.0,0.010132107365180009,61049.129419999954,3100.989290000003,0.0074384503810996875,0.0,0.0
BC,past,2015-01-01T00:00:00,F,26,462.637500000008,44819.0,32578.000000000004,0.010322352127446128,61049.129419999954,3100.989290000003,0.007578117892840025,0.0,0.0
BC,past,2015-01-01T00:00:00,F,27,452.2495999999992,44819.0,32472.0,0.010090577656797323,61049.129419999954,3100.989290000003,0.007407961494236154,0.0,0.0
BC,past,2015-01-01T00:00:00,F,28,429.90448000000106,44819.0,32491.0,0.009592014101162477,61049.129419999954,3100.989290000003,0.00704194284315482,0.0,0.0
BC,past,2015-01-01T00:00:00,F,29,512.1023300000015,44819.0,33209.0,0.01142600972801717,61049.129419999954,3100.989290000003,0.008388364172679498,0.0,0.0
BC,past,2015-01-01T00:00:00,F,30,385.22759999999835,44819.0,33441.0,0.008595185077757164,61049.129419999954,3100.989290000003,0.00631012438113157,0.0,0.0
BC,past,2015-01-01T00:00:00,F,31,461.25708000000304,44819.0,33603.0,0.01029155224346824,61049.129419999954,3100.989290000003,0.007555506268184281,0.0,0.0
BC,past,2015-01-01T00:00:00,F,32,473.5203399999955,44819.0,33480.0,0.010565169682500625,61049.129419999954,3100.989290000003,0.0077563815323608565,0.0,0.0
BC,past,2015-01-01T00:00:00,F,33,376.5424999999959,44819.0,33445.00000000001,0.00840140342265548,61049.129419999954,3100.989290000003,0.006167860272166944,0.0,0.0
BC,past,2015-01-01T00:00:00,F,34,359.1195300000072,44819.0,32643.000000000004,0.00801266271001154,61049.129419999954,3100.989290000003,0.005882467668447343,0.0,0.0
BC,past,2015-01-01T00:00:00,F,35,457.48009999999704,44819.0,32221.999999999996,0.010207280394475491,61049.129419999954,3100.989290000003,0.007493638391674175,0.0,0.0
BC,past,2015-01-01T00:00:00,F,36,354.2396000000008,44819.0,31122.0,0.007903781878221309,61049.129419999954,3100.989290000003,0.005802533195239151,0.0,0.0
BC,past,2015-01-01T00:00:00,F,37,310.4435000000085,44819.0,30368.000000000004,0.006926604788148073,61049.129419999954,3100.989290000003,0.0050851421297795915,0.0,0.0
BC,past,2015-01-01T00:00:00,F,38,311.04739999999583,44819.0,30372.0,0.006940078984359219,61049.129419999954,3100.989290000003,0.0050950341627328,0.0,0.0
BC,past,2015-01-01T00:00:00,F,39,397.4090400000059,44819.0,31186.000000000004,0.00886697695173935,61049.129419999954,3100.989290000003,0.006509659413256318,0.0,0.0
BC,past,2015-01-01T00:00:00,F,40,377.8963999999942,44819.0,31086.999999999996,0.008431611593297356,61049.129419999954,3100.989290000003,0.006190037492593526,0.0,0.0
BC,past,2015-01-01T00:00:00,F,41,404.71577999999863,44819.0,31079.0,0.00903000468551281,61049.129419999954,3100.989290000003,0.006629345640880049,0.0,0.0
BC,past,2015-01-01T00:00:00,F,42,450.36029000000417,44819.0,31734.000000000004,0.010048423436489082,61049.129419999954,3100.989290000003,0.007377014124176261,0.0,0.0
BC,past,2015-01-01T00:00:00,F,43,414.9224000000031,44819.0,32117.000000000004,0.00925773444298184,61049.129419999954,3100.989290000003,0.006796532627770328,0.0,0.0
BC,past,2015-01-01T00:00:00,F,44,488.8200199999992,44819.0,35321.00000000001,0.010906535621053553,61049.129419999954,3100.989290000003,0.008006994115134091,0.0,0.0
BC,past,2015-01-01T00:00:00,F,45,565.5294999999896,44819.0,35319.0,0.012618074923581286,61049.129419999954,3100.989290000003,0.009263514572162266,0.0,0.0
BC,past,2015-01-01T00:00:00,F,46,590.2683999999936,44819.0,35566.0,0.013170048416965875,61049.129419999954,3100.989290000003,0.009668743938003137,0.0,0.0
BC,past,2015-01-01T00:00:00,F,47,500.1987499999959,44819.0,34217.0,0.011160417456882035,61049.129419999954,3100.989290000003,0.008193380556809852,0.0,0.0
BC,past,2015-01-01T00:00:00,F,48,473.6025599999921,44819.0,33225.0,0.010567004172337448,61049.129419999954,3100.989290000003,0.007757728316512862,0.0,0.0
BC,past,2015-01-01T00:00:00,F,49,562.6606100000063,44819.0,34975.00000000001,0.012554064347709816,61049.129419999954,3100.989290000003,0.009216521436842574,0.0,0.0
BC,past,2015-01-01T00:00:00,F,50,521.9311999999991,44819.0,36671.0,0.011645311140364557,61049.129419999954,3100.989290000003,0.008549363520145665,0.0,0.0
BC,past,2015-01-01T00:00:00,F,51,568.5946199999962,44819.0,38995.99999999999,0.012686463776523264,61049.129419999954,3100.989290000003,0.009313722003932823,0.0,0.0
BC,past,2015-01-01T00:00:00,F,52,613.5097199999946,44819.0,39109.99999999999,0.013688607956446922,61049.129419999954,3100.989290000003,0.010049442569102488,0.0,0.0
BC,past,2015-01-01T00:00:00,F,53,420.39420000000246,44819.0,37485.0,0.009379821058033477,61049.129419999954,3100.989290000003,0.00688616207952475,0.0,0.0
BC,past,2015-01-01T00:00:00,F,54,465.54463000000396,44819.0,38185.0,0.010387215912894173,61049.129419999954,3100.989290000003,0.007625737408918555,0.0,0.0
BC,past,2015-01-01T00:00:00,F,55,543.0983999999953,44819.0,37994.0,0.012117592985117814,61049.129419999954,3100.989290000003,0.008896087547189067,0.0,0.0
BC,past,2015-01-01T00:00:00,F,56,541.1889400000073,44819.0,37299.00000000001,0.012074989178696698,61049.129419999954,3100.989290000003,0.00886481011509251,0.0,0.0
BC,past,2015-01-01T00:00:00,F,57,556.2928999999931,44819.0,37045.99999999999,0.012411988219281847,61049.129419999954,3100.989290000003,0.009112216755342448,0.0,0.0
BC,past,2015-01-01T00:00:00,F,58,530.6823999999906,44819.0,36124.0,0.011840567616412473,61049.129419999954,3100.989290000003,0.00869271036363275,0.0,0.0
BC,past,2015-01-01T00:00:00,F,59,565.7754300000015,44819.0,35484.0,0.012623562105357136,61049.129419999954,3100.989290000003,0.00926754296703617,0.0,0.0
BC,past,2015-01-01T00:00:00,F,60,584.8482999999978,44819.0,35186.00000000001,0.013049115330551727,61049.129419999954,3100.989290000003,0.009579961345171927,0.0,0.0
BC,past,2015-01-01T00:00:00,F,61,587.3847600000081,44819.0,33798.00000000001,0.013105708739597226,61049.129419999954,3100.989290000003,0.009621509193996439,0.0,0.0
BC,past,2015-01-01T00:00:00,F,62,562.9905999999974,44819.0,32329.0,0.012561427073339373,61049.129419999954,3100.989290000003,0.009221926755528135,0.0,0.0
BC,past,2015-01-01T00:00:00,F,63,497.97704000000886,44819.0,31081.000000000007,0.011110846739106381,61049.129419999954,3100.989290000003,0.008156988391661969,0.0,0.0
BC,past,2015-01-01T00:00:00,F,64,455.72727999999915,44819.0,30467.0,0.010168171534393877,61049.129419999954,3100.989290000003,0.007464926761931857,0.0,0.0
BC,past,2015-01-01T00:00:00,F,65,455.5841000000037,44819.0,30377.000000000004,0.010164976907115368,61049.129419999954,3100.989290000003,0.007462581437742049,0.0,0.0
BC,past,2015-01-01T00:00:00,F,66,327.8730600000017,44819.0,28935.000000000004,0.0073154925366474425,61049.129419999954,3100.989290000003,0.005370642679346531,0.0,0.0
BC,past,2015-01-01T00:00:00,F,67,305.391759999995,44819.0,28785.999999999996,0.006813890537495147,61049.129419999954,3100.989290000003,0.005002393365824924,0.0,0.0
BC,past,2015-01-01T00:00:00,F,68,323.1361999999972,44819.0,28973.000000000004,0.007209803877819612,61049.129419999954,3100.989290000003,0.005293051728500757,0.0,0.0
BC,past,2015-01-01T00:00:00,F,69,44.07331000000704,44819.0,22989.000000000004,0.0009833621901427305,61049.129419999954,3100.989290000003,0.0007219318345523931,0.0,0.0
BC,past,2015-01-01T00:00:00,F,70,69.51573999999891,44819.0,21549.0,0.0015510328209018254,61049.129419999954,3100.989290000003,0.0011386851976504231,0.0,0.0
BC,past,2015-01-01T00:00:00,F,71,81.36519999999655,44819.0,21288.0,0.0018154175684418784,61049.129419999954,3100.989290000003,0.0013327823143918734,0.0,0.0
BC,past,2015-01-01T00:00:00,F,72,72.61567999999534,44819.0,20119.999999999996,0.001620198576496471,61049.129419999954,3100.989290000003,0.0011894629897245697,0.0,0.0
BC,past,2015-01-01T00:00:00,F,73,-31.00032999999894,44819.0,18177.0,-0.0006916783060755247,61049.129419999954,3100.989290000003,0.0,0.00999691617767532,0.0017054700995763293
BC,past,2015-01-01T00:00:00,F,74,-55.34823999999935,44819.0,17690.0,-0.0012349280439099344,61049.129419999954,3100.989290000003,0.0,0.017848575026842256,0.003128786885245865
BC,past,2015-01-01T00:00:00,F,75,-45.968009999996866,44819.0,16019.0,-0.0010256366719470953,61049.129419999954,3100.989290000003,0.0,0.014823659710220032,0.0028695929833320974
BC,past,2015-01-01T00:00:00,F,76,-81.73009999999886,44819.0,14926.000000000002,-0.0018235592048015095,61049.129419999954,3100.989290000003,0.0,0.026356137463473397,0.005475686721157634
BC,past,2015-01-01T00:00:00,F,77,-51.49671999999555,44819.0,14495.000000000004,-0.0011489930609785036,61049.129419999954,3100.989290000003,0.0,0.01660654558403699,0.0035527230079334623
BC,past,2015-01-01T00:00:00,F,78,-37.38520000000244,44819.0,13742.0,-0.0008341373078382482,61049.129419999954,3100.989290000003,0.0,0.012055894588401627,0.002720506476495593
BC,past,2015-01-01T00:00:00,F,79,-36.053490000003876,44819.0,13037.999999999998,-0.0008044242397198482,61049.129419999954,3100.989290000003,0.0,0.011626447764998195,0.002765262310170569
BC,past,2015-01-01T00:00:00,F,80,-77.0113599999986,44819.0,12155.000000000002,-0.0017182748387960152,61049.129419999954,3100.989290000003,0.0,0.024834448880021294,0.006335776223776108
BC,past,2015-01-01T00:00:00,F,81,-56.31152000000111,44819.0,11361.999999999998,-0.0012564207144291732,61049.129419999954,3100.989290000003,0.0,0.018159211378637508,0.004956127442351797
BC,past,2015-01-01T00:00:00,F,82,-31.974920000000566,44819.0,11197.0,-0.0007134233249291721,61049.129419999954,3100.989290000003,0.0,0.010311199752644272,0.0028556684826293263
BC,past,2015-01-01T00:00:00,F,83,-43.259100000001126,44819.0,10503.0,-0.0009651955643812028,61049.129419999954,3100.989290000003,0.0,0.013950096551285117,0.004118737503570516
BC,past,2015-01-01T00:00:00,F,84,-65.53356000000167,44819.0,10064.999999999998,-0.001462182556505091,61049.129419999954,3100.989290000003,0.0,0.021133113942486917,0.006511034277198379
BC,past,2015-01-01T00:00:00,F,85,-96.65104000000065,44819.0,9314.0,-0.0021564747093866586,61049.129419999954,3100.989290000003,0.0,0.031167808386723114,0.010376963710543337
BC,past,2015-01-01T00:00:00,F,86,-94.86228999999912,44819.0,8459.0,-0.0021165641803699126,61049.129419999954,3100.989290000003,0.0,0.030590976339682562,0.011214362217756131
BC,past,2015-01-01T00:00:00,F,87,-51.96494000000166,44819.0,7816.0,-0.0011594399696557634,61049.129419999954,3100.989290000003,0.0,0.016757536108743417,0.0066485337768681756
BC,past,2015-01-01T00:00:00,F,88,-89.26489999999922,44819.0,7063.000000000001,-0.0019916754055199627,61049.129419999954,3100.989290000003,0.0,0.028785942695080745,0.012638383123318591
BC,past,2015-01-01T00:00:00,F,89,-115.76142999999774,44819.0,6271.000000000001,-0.0025828650795421083,61049.129419999954,3100.989290000003,0.0,0.03733048365349163,0.018459803859033286
BC,past,2015-01-01T00:00:00,F,90,-155.3100199999999,44819.0,5509.0,-0.003465271871304578,61049.129419999954,3100.989290000003,0.0,0.05008402334727178,0.028192053004174968
BC,past,2015-01-01T00:00:00,F,91,-95.9391999999998,44819.0,4817.0,-0.0021405921595751757,61049.129419999954,3100.989290000003,0.0,0.030938255836413967,0.01991679468548885
BC,past,2015-01-01T00:00:00,F,92,-51.35000000000082,44819.0,4086.9999999999995,-0.0011457194493406998,61049.129419999954,3100.989290000003,0.0,0.0165592316508777,0.012564228040127435
BC,past,2015-01-01T00:00:00,F,93,-103.70767999999998,44819.0,3442.0,-0.0023139222204868466,61049.129419999954,3100.989290000003,0.0,0.03344341766494778,0.03013006391632771
BC,past,2015-01-01T00:00:00,F,94,-55.27072000000044,44819.0,2771.0,-0.0012331984203128236,61049.129419999954,3100.989290000003,0.0,0.01782357655288786,0.01994612775171434
BC,past,2015-01-01T00:00:00,F,95,-43.69771000000037,44819.0,2408.0,-0.0009749818157477938,61049.129419999954,3100.989290000003,0.0,0.014091538510279836,0.018146889534883876
BC,past,2015-01-01T00:00:00,F,96,-68.90841000000023,44819.0,1507.0,-0.0015374820946473646,61049.129419999954,3100.989290000003,0.0,0.022221427923732093,0.045725554080955695
BC,past,2015-01-01T00:00:00,F,97,-43.65660000000025,44819.0,1127.0,-0.0009740645708293414,61049.129419999954,3100.989290000003,0.0,0.01407828145062707,0.03873700088731167
BC,past,2015-01-01T00:00:00,F,98,-65.5482599999998,44819.0,664.0000000000001,-0.0014625105424038868,61049.129419999954,3100.989290000003,0.0,0.021137854365178968,0.09871725903614426
BC,past,2015-01-01T00:00:00,F,99,-35.31320000000005,44819.0,525.0,-0.0007879069144782359,61049.129419999954,3100.989290000003,0.0,0.01138772072315026,0.0672632380952382
BC,past,2015-01-01T00:00:00,F,100,706.41595,44819.0,1078.0,0.015761528592784308,61049.129419999954,3100.989290000003,0.011571269839739518,0.0,0.0
BC,past,2015-01-01T00:00:00,M,1,605.9174399999974,44819.0,23151.0,0.013519209263928187,61049.129419999954,3100.989290000003,0.00992507912490389,0.0,0.0
BC,past,2015-01-01T00:00:00,M,2,474.22741999999926,44819.0,23524.0,0.010580946027354453,61049.129419999954,3100.989290000003,0.007767963679505646,0.0,0.0
BC,past,2015-01-01T00:00:00,M,3,339.9818099999975,44819.0,23274.000000000004,0.007585662553827562,61049.129419999954,3100.989290000003,0.005568987031101184,0.0,0.0
BC,past,2015-01-01T00:00:00,M,4,285.7343200000032,44819.0,23069.000000000004,0.0063752944063902185,61049.129419999954,3100.989290000003,0.004680399584967635,0.0,0.0
BC,past,2015-01-01T00:00:00,M,5,310.3637999999992,44819.0,23946.0,0.006924826524465052,61049.129419999954,3100.989290000003,0.0050838366238572874,0.0,0.0
BC,past,2015-01-01T00:00:00,M,6,328.15478000000076,44819.0,24268.0,0.00732177826368283,61049.129419999954,3100.989290000003,0.005375257323366447,0.0,0.0
BC,past,2015-01-01T00:00:00,M,7,259.9066400000047,44819.0,24091.000000000004,0.005799028090765182,61049.129419999954,3100.989290000003,0.0042573357305707655,0.0,0.0
BC,past,2015-01-01T00:00:00,M,8,176.64646999999968,44819.0,23696.0,0.003941330016287728,61049.129419999954,3100.989290000003,0.002893513333903981,0.0,0.0
BC,past,2015-01-01T00:00:00,M,9,219.3809599999986,44819.0,23234.0,0.004894820500234244,61049.129419999954,3100.989290000003,0.0035935149621990916,0.0,0.0
BC,past,2015-01-01T00:00:00,M,10,257.1464000000051,44819.0,23184.000000000004,0.0057374417099891805,61049.129419999954,3100.989290000003,0.004212122309409426,0.0,0.0
BC,past,2015-01-01T00:00:00,M,11,302.1692000000003,44819.0,23685.0,0.0067419888886409846,61049.129419999954,3100.989290000003,0.004949607027500189,0.0,0.0
BC,past,2015-01-01T00:00:00,M,12,300.1833499999957,44819.0,23965.999999999996,0.0066976806711438385,61049.129419999954,3100.989290000003,0.00491707830810859,0.0,0.0
BC,past,2015-01-01T00:00:00,M,13,398.425180000002,44819.0,24150.000000000004,0.008889649032776323,61049.129419999954,3100.989290000003,0.006526304040454936,0.0,0.0
BC,past,2015-01-01T00:00:00,M,14,587.189699999999,44819.0,24914.999999999996,0.013101356567527143,61049.129419999954,3100.989290000003,0.009618314062438262,0.0,0.0
BC,past,2015-01-01T00:00:00,M,15,1015.5383599999986,44819.0,26285.999999999996,0.02265865726589167,61049.129419999954,3100.989290000003,0.016634772185093665,0.0,0.0
BC,past,2015-01-01T00:00:00,M,16,1160.5417500000003,44819.0,27321.0,0.025893967960016966,61049.129419999954,3100.989290000003,0.019009963958958633,0.0,0.0
BC,past,2015-01-01T00:00:00,M,17,878.306819999998,44819.0,27788.0,0.019596751824003167,61049.129419999954,3100.989290000003,0.014386885256913442,0.0,0.0
BC,past,2015-01-01T00:00:00,M,18,1101.1099099999956,44819.0,29347.999999999996,0.024567926772127793,61049.129419999954,3100.989290000003,0.018036455563922707,0.0,0.0
BC,past,2015-01-01T00:00:00,M,19,1986.3457999999955,44819.0,31557.999999999996,0.04431927976974041,61049.129419999954,3100.989290000003,0.03253684071945603,0.0,0.0
BC,past,2015-01-01T00:00:00,M,20,649.3289999999979,44819.0,32845.0,0.014487806510631605,61049.129419999954,3100.989290000003,0.010636171329042326,0.0,0.0
BC,past,2015-01-01T00:00:00,M,21,-22.455070000003616,44819.0,33085.0,-0.0005010167562864771,61049.129419999954,3100.989290000003,0.0,0.007241260094775623,0.0006787084781624185
BC,past,2015-01-01T00:00:00,M,22,-13.385450000001583,44819.0,33212.0,-0.0002986557040541195,61049.129419999954,3100.989290000003,0.0,0.004316509587171637,0.000403030531133373
BC,past,2015-01-01T00:00:00,M,23,298.3166599999968,44819.0,33584.0,0.006656031147504335,61049.129419999954,3100.989290000003,0.004886501459302825,0.0,0.0
BC,past,2015-01-01T00:00:00,M,24,388.46431999999913,44819.0,33905.0,0.00866740266404871,61049.129419999954,3100.989290000003,0.0063631426637959,0.0,0.0
BC,past,2015-01-01T00:00:00,M,25,397.0792000000001,44819.0,34314.0,0.008859617572904351,61049.129419999954,3100.989290000003,0.006504256551608012,0.0,0.0
BC,past,2015-01-01T00:00:00,M,26,486.4221499999985,44819.0,33917.0,0.010853034427363361,61049.129419999954,3100.989290000003,0.007967716405152283,0.0,0.0
BC,past,2015-01-01T00:00:00,M,27,442.3648199999989,44819.0,32936.0,0.009870028782435996,61049.129419999954,3100.989290000003,0.00724604632699444,0.0,0.0
BC,past,2015-01-01T00:00:00,M,28,590.8106599999992,44819.0,32866.0,0.013182147303598901,61049.129419999954,3100.989290000003,0.009677626292348848,0.0,0.0
BC,past,2015-01-01T00:00:00,M,29,777.4685600000012,44819.0,34235.0,0.017346852004730164,61049.129419999954,3100.989290000003,0.01273512935215255,0.0,0.0
BC,past,2015-01-01T00:00:00,M,30,677.8650800000032,44819.0,34196.0,0.015124502554720169,61049.129419999954,3100.989290000003,0.011103599452442508,0.0,0.0
BC,past,2015-01-01T00:00:00,M,31,644.2554099999979,44819.0,33865.0,0.014374604743523907,61049.129419999954,3100.989290000003,0.010553064656626162,0.0,0.0
BC,past,2015-01-01T00:00:00,M,32,445.997000000003,44819.0,33410.0,0.009951069858765323,61049.129419999954,3100.989290000003,0.0073055423433096905,0.0,0.0
BC,past,2015-01-01T00:00:00,M,33,324.61611000000266,44819.0,32928.0,0.0072428235792856305,61049.129419999954,3100.989290000003,0.005317293024225454,0.0,0.0
BC,past,2015-01-01T00:00:00,M,34,263.285479999995,44819.0,32546.0,0.005874416653651242,61049.129419999954,3100.989290000003,0.004312681974359843,0.0,0.0
BC,past,2015-01-01T00:00:00,M,35,158.5490299999983,44819.0,31727.0,0.003537540551997999,61049.129419999954,3100.989290000003,0.0025970727429907785,0.0,0.0
BC,past,2015-01-01T00:00:00,M,36,118.54744999999457,44819.0,30332.999999999996,0.002645026662799138,61049.129419999954,3100.989290000003,0.0019418368636254118,0.0,0.0
BC,past,2015-01-01T00:00:00,M,37,64.44199999999546,44819.0,29476.999999999996,0.0014378277069991624,61049.129419999954,3100.989290000003,0.0010555760681967069,0.0,0.0
BC,past,2015-01-01T00:00:00,M,38,143.77480000000287,44819.0,29594.0,0.003207898435931254,61049.129419999954,3100.989290000003,0.002355067162561398,0.0,0.0
BC,past,2015-01-01T00:00:00,M,39,154.89099999999962,44819.0,29544.0,0.003455922711350089,61049.129419999954,3100.989290000003,0.0025371532972140415,0.0,0.0
BC,past,2015-01-01T00:00:00,M,40,238.89818000000378,44819.0,29844.0,0.005330288047479948,61049.129419999954,3100.989290000003,0.003913211904406613,0.0,0.0
BC,past,2015-01-01T00:00:00,M,41,210.46388999999908,44819.0,29483.999999999996,0.004695863138401104,61049.129419999954,3100.989290000003,0.003447451126650304,0.0,0.0
BC,past,2015-01-01T00:00:00,M,42,209.50892000000385,44819.0,30101.0,0.004674555880318701,61049.129419999954,3100.989290000003,0.003431808479342014,0.0,0.0
BC,past,2015-01-01T00:00:00,M,43,216.41349999999875,44819.0,30802.0,0.004828610633882923,61049.129419999954,3100.989290000003,0.003544907225640154,0.0,0.0
BC,past,2015-01-01T00:00:00,M,44,270.8738599999924,44819.0,33471.99999999999,0.006043728329502943,61049.129419999954,3100.989290000003,0.004436981535583585,0.0,0.0
BC,past,2015-01-01T00:00:00,M,45,322.2151800000065,44819.0,33721.0,0.007189254110979864,61049.129419999954,3100.989290000003,0.0052779651906788285,0.0,0.0
BC,past,2015-01-01T00:00:00,M,46,296.90329999999085,44819.0,33340.99999999999,0.006624496307369439,61049.129419999954,3100.989290000003,0.004863350269213243,0.0,0.0
BC,past,2015-01-01T00:00:00,M,47,293.37744000000384,44819.0,32619.0,0.006545827439255758,61049.129419999954,3100.989290000003,0.0048055958010744726,0.0,0.0
BC,past,2015-01-01T00:00:00,M,48,308.7603100000015,44819.0,32288.999999999996,0.0068890495102523815,61049.129419999954,3100.989290000003,0.0050575710568421355,0.0,0.0
BC,past,2015-01-01T00:00:00,M,49,441.07069000000047,44819.0,33586.0,0.009841154197996397,61049.129419999954,3100.989290000003,0.00722484815410822,0.0,0.0
BC,past,2015-01-01T00:00:00,M,50,457.9336400000029,44819.0,35786.0,0.010217399763493227,61049.129419999954,3100.989290000003,0.007501067490243062,0.0,0.0
BC,past,2015-01-01T00:00:00,M,51,526.2014899999995,44819.0,37258.0,0.011740589705258918,61049.129419999954,3100.989290000003,0.008619311937765547,0.0,0.0
BC,past,2015-01-01T00:00:00,M,52,503.972560000002,44819.0,38350.0,0.011244618576942858,61049.129419999954,3100.989290000003,0.008255196507927571,0.0,0.0
BC,past,2015-01-01T00:00:00,M,53,368.1351300000024,44819.0,36435.0,0.008213818469845431,61049.129419999954,3100.989290000003,0.006030145450025038,0.0,0.0
BC,past,2015-01-01T00:00:00,M,54,344.1036099999983,44819.0,36964.0,0.007677628014904355,61049.129419999954,3100.989290000003,0.00563650314540388,0.0,0.0
BC,past,2015-01-01T00:00:00,M,55,373.63095999999496,44819.0,36343.0,0.00833644124143767,61049.129419999954,3100.989290000003,0.00612016851918599,0.0,0.0
BC,past,2015-01-01T00:00:00,M,56,334.9850399999996,44819.0,35324.0,0.007474174791940909,61049.129419999954,3100.989290000003,0.0054871386894873074,0.0,0.0
BC,past,2015-01-01T00:00:00,M,57,378.7934800000003,44819.0,35716.0,0.008451627211673626,61049.129419999954,3100.989290000003,0.006204731887231563,0.0,0.0
BC,past,2015-01-01T00:00:00,M,58,288.38092000000324,44819.0,34341.99999999999,0.006434345255360522,61049.129419999954,3100.989290000003,0.004723751554523044,0.0,0.0
BC,past,2015-01-01T00:00:00,M,59,292.13207999999577,44819.0,34211.0,0.006518041009393244,61049.129419999954,3100.989290000003,0.004785196492978851,0.0,0.0
BC,past,2015-01-01T00:00:00,M,60,302.46128000000317,44819.0,33341.99999999999,0.006748505767643258,61049.129419999954,3100.989290000003,0.004954391370909797,0.0,0.0
BC,past,2015-01-01T00:00:00,M,61,180.79669999999896,44819.0,31897.999999999996,0.004033929806555233,61049.129419999954,3100.989290000003,0.002961495138713136,0.0,0.0
BC,past,2015-01-01T00:00:00,M,62,213.4118999999955,44819.0,31043.999999999996,0.004761639037015451,61049.129419999954,3100.989290000003,0.003495740267347381,0.0,0.0
BC,past,2015-01-01T00:00:00,M,63,182.35487999999532,44819.0,30004.999999999996,0.004068695865592613,61049.129419999954,3100.989290000003,0.0029870185166023856,0.0,0.0
BC,past,2015-01-01T00:00:00,M,64,146.70274000000063,44819.0,29301.999999999996,0.003273226533389871,61049.129419999954,3100.989290000003,0.0024030275516417144,0.0,0.0
BC,past,2015-01-01T00:00:00,M,65,250.82294000000184,44819.0,29089.0,0.005596352886052831,61049.129419999954,3100.989290000003,0.004108542453970378,0.0,0.0
BC,past,2015-01-01T00:00:00,M,66,105.18458999999712,44819.0,27688.999999999996,0.002346874986054957,61049.129419999954,3100.989290000003,0.001722949876588055,0.0,0.0
BC,past,2015-01-01T00:00:00,M,67,214.72478000000046,44819.0,27899.0,0.004790931970815959,61049.129419999954,3100.989290000003,0.0035172455699205387,0.0,0.0
BC,past,2015-01-01T00:00:00,M,68,269.76256000000285,44819.0,27678.999999999996,0.006018933041790376,61049.129419999954,3100.989290000003,0.004418778163798475,0.0,0.0
BC,past,2015-01-01T00:00:00,M,69,12.858799999998155,44819.0,22010.0,0.000286905107208955,61049.129419999954,3100.989290000003,0.00021063035824038398,0.0,0.0
BC,past,2015-01-01T00:00:00,M,70,22.015809999997145,44819.0,20517.999999999996,0.000491216002141885,61049.129419999954,3100.989290000003,0.00036062447096558715,0.0,0.0
BC,past,2015-01-01T00:00:00,M,71,48.471379999999044,44819.0,20384.0,0.001081491778040542,61049.129419999954,3100.989290000003,0.0007939733205125709,0.0,0.0
BC,past,2015-01-01T00:00:00,M,72,41.564360000000306,44819.0,19205.0,0.0009273825832794196,61049.129419999954,3100.989290000003,0.000680834606404455,0.0,0.0
BC,past,2015-01-01T00:00:00,M,73,-10.476249999999709,44819.0,17296.0,-0.00023374573283651374,61049.129419999954,3100.989290000003,0.0,0.0033783573628529684,0.0006057036308973005
BC,past,2015-01-01T00:00:00,M,74,-50.53849000000082,44819.0,16118.0,-0.0011276130658872535,61049.129419999954,3100.989290000003,0.0,0.016297537744801683,0.0031355310832610014
BC,past,2015-01-01T00:00:00,M,75,3.1504299999996874,44819.0,14953.0,7.029228675337887e-05,61049.129419999954,3100.989290000003,5.16048308948955e-05,0.0,0.0
BC,past,2015-01-01T00:00:00,M,76,8.162340000000768,44819.0,13923.999999999998,0.00018211785180393956,61049.129419999954,3100.989290000003,0.00013370116949328273,0.0,0.0
BC,past,2015-01-01T00:00:00,M,77,-19.16990000000078,44819.0,12897.999999999998,-0.0004277181552466762,61049.129419999954,3100.989290000003,0.0,0.0061818659167316116,0.0014862691890216145
BC,past,2015-01-01T00:00:00,M,78,-34.751500000000306,44819.0,12097.0,-0.000775374283228102,61049.129419999954,3100.989290000003,0.0,0.011206584979853404,0.0028727370422419033
BC,past,2015-01-01T00:00:00,M,79,-30.41294999999809,44819.0,11760.0,-0.0006785727035408664,61049.129419999954,3100.989290000003,0.0,0.009807499206163998,0.0025861352040814703
BC,past,2015-01-01T00:00:00,M,80,-40.44618000000082,44819.0,10697.999999999998,-0.0009024337892411884,61049.129419999954,3100.989290000003,0.0,0.013042992483215181,0.0037807234997196512
BC,past,2015-01-01T00:00:00,M,81,-2.225220000000263,44819.0,10034.0,-4.964903277628379e-05,61049.129419999954,3100.989290000003,0.0,0.0007175839036839308,0.00022176798883797718
BC,past,2015-01-01T00:00:00,M,82,-13.293469999998706,44819.0,9445.0,-0.0002966034494299004,61049.129419999954,3100.989290000003,0.0,0.004286848085179518,0.00140746109052395
BC,past,2015-01-01T00:00:00,M,83,-46.67194000000018,44819.0,8828.0,-0.0010413427341083063,61049.129419999954,3100.989290000003,0.0,0.015050661461652494,0.0052868078840054575
BC,past,2015-01-01T00:00:00,M,84,-50.78639999999996,44819.0,8133.0,-0.0011331444253553171,61049.129419999954,3100.989290000003,0.0,0.016377483199885513,0.006244485429730722
BC,past,2015-01-01T00:00:00,M,85,-66.85827999999947,44819.0,7068.0,-0.0014917396639817816,61049.129419999954,3100.989290000003,0.0,0.021560306646528082,0.009459292586304395
BC,past,2015-01-01T00:00:00,M,86,-132.0228500000003,44819.0,6072.999999999999,-0.002945689328186713,61049.129419999954,3100.989290000003,0.0,0.04257442952987437,0.021739313354190732
BC,past,2015-01-01T00:00:00,M,87,-160.27719999999954,44819.0,5180.0,-0.0035760994221200725,61049.129419999954,3100.989290000003,0.0,0.05168582829900692,0.030941544401544313
BC,past,2015-01-01T00:00:00,M,88,-115.36567999999988,44819.0,4439.999999999999,-0.0025740351190343355,61049.129419999954,3100.989290000003,0.0,0.037202863090184925,0.02598326126126124
BC,past,2015-01-01T00:00:00,M,89,-73.67200000000048,44819.0,3655.9999999999995,-0.001643767152323802,61049.129419999954,3100.989290000003,0.0,0.02375757963356281,0.020150984682713483
BC,past,2015-01-01T00:00:00,M,90,-88.16445999999951,44819.0,3016.0,-0.0019671224257569223,61049.129419999954,3100.989290000003,0.0,0.02843107529726406,0.029232248010609918
BC,past,2015-01-01T00:00:00,M,91,-106.43244000000004,44819.0,2449.0,-0.002374716972712467,61049.129419999954,3100.989290000003,0.0,0.03432209209597107,0.04345955083707637
BC,past,2015-01-01T00:00:00,M,92,-47.76422000000025,44819.0,1938.0,-0.001065713648229551,61049.129419999954,3100.989290000003,0.0,0.01540289744115827,0.02464614035087732
BC,past,2015-01-01T00:00:00,M,93,-65.09260999999992,44819.0,1539.0,-0.0014523440951382208,61049.129419999954,3100.989290000003,0.0,0.020990917385593375,0.04229539311241061
BC,past,2015-01-01T00:00:00,M,94,-40.06953999999996,44819.0,1214.0,-0.0008940302104018376,61049.129419999954,3100.989290000003,0.0,0.01292153446940796,0.03300621087314659
BC,past,2015-01-01T00:00:00,M,95,-59.36537999999996,44819.0,861.9999999999999,-0.0013245583346348639,61049.129419999954,3100.989290000003,0.0,0.019144013231983753,0.06886935034802781
BC,past,2015-01-01T00:00:00,M,96,-2.9765899999999874,44819.0,565.9999999999999,-6.641357460005774e-05,61049.129419999954,3100.989290000003,0.0,0.000959883998825415,0.00525899293286217
BC,past,2015-01-01T00:00:00,M,97,-13.756249999999966,44819.0,349.99999999999994,-0.00030692898101251627,61049.129419999954,3100.989290000003,0.0,0.004436084331010363,0.03930357142857134
BC,past,2015-01-01T00:00:00,M,98,-13.136100000000027,44819.0,208.99999999999994,-0.0002930922153550955,61049.129419999954,3100.989290000003,0.0,0.004236099764149787,0.06285215311004799
BC,past,2015-01-01T00:00:00,M,99,-1.14391999999998,44819.0,175.99999999999994,-2.552310404069658e-05,61049.129419999954,3100.989290000003,0.0,0.00036888872969954015,0.006499545454545343
BC,past,2015-01-01T00:00:00,M,100,171.88286999999997,44819.0,263.99999999999994,0.0038350447354916434,61049.129419999954,3100.989290000003,0.0028154843751742415,0.0,0.0
BC,past,2016-01-01T00:00:00,F,1,387.4293700000053,44941.0,21925.0,0.008620844440488759,75757.32683999998,2905.048820000001,0.00511408448740884,0.0,0.0
BC,past,2016-01-01T00:00:00,F,2,517.9840999999979,44941.0,22183.0,0.011525869473309403,75757.32683999998,2905.048820000001,0.006837412585768555,0.0,0.0
BC,past,2016-01-01T00:00:00,F,3,401.2155300000013,44941.0,22584.0,0.008927605749760826,75757.32683999998,2905.048820000001,0.00529606239733579,0.0,0.0
BC,past,2016-01-01T00:00:00,F,4,570.7493500000091,44941.0,22622.000000000004,0.012699969960615232,75757.32683999998,2905.048820000001,0.007533916174278904,0.0,0.0
BC,past,2016-01-01T00:00:00,F,5,354.1162600000025,44941.0,22610.0,0.007879581228722158,75757.32683999998,2905.048820000001,0.00467434999056789,0.0,0.0
BC,past,2016-01-01T00:00:00,F,6,665.7032400000026,44941.0,23190.000000000004,0.014812826594868884,75757.32683999998,2905.048820000001,0.008787311640575342,0.0,0.0
BC,past,2016-01-01T00:00:00,F,7,494.3029999999999,44941.0,23522.0,0.010998931932978791,75757.32683999998,2905.048820000001,0.0065248210386827845,0.0,0.0
BC,past,2016-01-01T00:00:00,F,8,449.864160000001,44941.0,23749.999999999996,0.010010105694132328,75757.32683999998,2905.048820000001,0.005938226423301832,0.0,0.0
BC,past,2016-01-01T00:00:00,F,9,487.59446000000025,44941.0,23264.0,0.010849657551011332,75757.32683999998,2905.048820000001,0.006436268019723072,0.0,0.0
BC,past,2016-01-01T00:00:00,F,10,420.12404999999853,44941.0,22900.0,0.009348346721256727,75757.32683999998,2905.048820000001,0.005545655681427402,0.0,0.0
BC,past,2016-01-01T00:00:00,F,11,453.1234500000028,44941.0,22921.0,0.010082629447497892,75757.32683999998,2905.048820000001,0.0059812491926622855,0.0,0.0
BC,past,2016-01-01T00:00:00,F,12,455.9104800000023,44941.0,23217.0,0.010144644756458519,75757.32683999998,2905.048820000001,0.006018038109540064,0.0,0.0
BC,past,2016-01-01T00:00:00,F,13,424.1393999999964,44941.0,23211.0,0.009437693865289967,75757.32683999998,2905.048820000001,0.005598658475579291,0.0,0.0
BC,past,2016-01-01T00:00:00,F,14,650.1340000000018,44941.0,23329.0,0.014466389265926478,75757.32683999998,2905.048820000001,0.008581796997313403,0.0,0.0
BC,past,2016-01-01T00:00:00,F,15,909.6330999999918,44941.0,24237.999999999996,0.02024060657306228,75757.32683999998,2905.048820000001,0.012007196372189102,0.0,0.0
BC,past,2016-01-01T00:00:00,F,16,1282.413099999998,44941.0,25411.000000000004,0.028535482076500255,75757.32683999998,2905.048820000001,0.0169279085402322,0.0,0.0
BC,past,2016-01-01T00:00:00,F,17,779.7720500000032,44941.0,25923.000000000004,0.017351016888809846,75757.32683999998,2905.048820000001,0.01029302487991541,0.0,0.0
BC,past,2016-01-01T00:00:00,F,18,852.1827999999987,44941.0,26761.0,0.018962257181638117,75757.32683999998,2905.048820000001,0.011248849920481155,0.0,0.0
BC,past,2016-01-01T00:00:00,F,19,1704.0248499999943,44941.0,27893.0,0.03791693219999542,75757.32683999998,2905.048820000001,0.02249320192618342,0.0,0.0
BC,past,2016-01-01T00:00:00,F,20,666.1979999999967,44941.0,29451.0,0.014823835695689831,75757.32683999998,2905.048820000001,0.008793842494033767,0.0,0.0
BC,past,2016-01-01T00:00:00,F,21,418.8966900000014,44941.0,29657.999999999996,0.009321036247524563,75757.32683999998,2905.048820000001,0.005529454476194946,0.0,0.0
BC,past,2016-01-01T00:00:00,F,22,87.62866000000213,44941.0,29833.000000000004,0.0019498600387174768,75757.32683999998,2905.048820000001,0.00115670211259004,0.0,0.0
BC,past,2016-01-01T00:00:00,F,23,260.11699999999837,44941.0,30641.0,0.005787966444894381,75757.32683999998,2905.048820000001,0.0034335556816750853,0.0,0.0
BC,past,2016-01-01T00:00:00,F,24,603.3431999999957,44941.0,31738.0,0.013425228633096632,75757.32683999998,2905.048820000001,0.007964156407924226,0.0,0.0
BC,past,2016-01-01T00:00:00,F,25,849.4719000000005,44941.0,32412.999999999996,0.018901935871475945,75757.32683999998,2905.048820000001,0.011213065922905269,0.0,0.0
BC,past,2016-01-01T00:00:00,F,26,588.895199999999,44941.0,33563.0,0.013103740459713825,75757.32683999998,2905.048820000001,0.007773442181292245,0.0,0.0
BC,past,2016-01-01T00:00:00,F,27,829.0991799999974,44941.0,33397.0,0.01844861440555389,75757.32683999998,2905.048820000001,0.01094414513530897,0.0,0.0
BC,past,2016-01-01T00:00:00,F,28,900.0663200000017,44941.0,33362.0,0.020027732360205643,75757.32683999998,2905.048820000001,0.011880914461263242,0.0,0.0
BC,past,2016-01-01T00:00:00,F,29,890.7220300000008,44941.0,33371.0,0.019819808860506015,75757.32683999998,2905.048820000001,0.011757569427986975,0.0,0.0
BC,past,2016-01-01T00:00:00,F,30,965.2910600000032,44941.0,34163.0,0.0214790738968871,75757.32683999998,2905.048820000001,0.012741883858160741,0.0,0.0
BC,past,2016-01-01T00:00:00,F,31,725.3731699999989,44941.0,34154.0,0.016140565853007254,75757.32683999998,2905.048820000001,0.009574957304552104,0.0,0.0
BC,past,2016-01-01T00:00:00,F,32,703.4412000000011,44941.0,34293.0,0.01565254889744334,75757.32683999998,2905.048820000001,0.009285454349328799,0.0,0.0
BC,past,2016-01-01T00:00:00,F,33,502.0616000000009,44941.0,33968.0,0.011171571616118932,75757.32683999998,2905.048820000001,0.006627234895185236,0.0,0.0
BC,past,2016-01-01T00:00:00,F,34,562.0502500000002,44941.0,33992.00000000001,0.01250640283927817,75757.32683999998,2905.048820000001,0.007419087676985414,0.0,0.0
BC,past,2016-01-01T00:00:00,F,35,554.3422099999952,44941.0,33182.0,0.012334888186733612,75757.32683999998,2905.048820000001,0.007317341214675776,0.0,0.0
BC,past,2016-01-01T00:00:00,F,36,554.7887800000062,44941.0,32761.000000000004,0.012344824992768434,75757.32683999998,2905.048820000001,0.0073232359580443504,0.0,0.0
BC,past,2016-01-01T00:00:00,F,37,409.8722200000084,44941.0,31516.000000000007,0.00912022918938182,75757.32683999998,2905.048820000001,0.005410331080789868,0.0,0.0
BC,past,2016-01-01T00:00:00,F,38,515.398720000001,44941.0,30867.000000000004,0.011468341158407714,75757.32683999998,2905.048820000001,0.006803285457636683,0.0,0.0
BC,past,2016-01-01T00:00:00,F,39,535.6157600000006,44941.0,30890.0,0.01191819852695758,75757.32683999998,2905.048820000001,0.007070151262480855,0.0,0.0
BC,past,2016-01-01T00:00:00,F,40,374.3353199999947,44941.0,31541.0,0.008329483545092336,75757.32683999998,2905.048820000001,0.004941242459499575,0.0,0.0
BC,past,2016-01-01T00:00:00,F,41,383.82828999999765,44941.0,31449.999999999996,0.008540715382390193,75757.32683999998,2905.048820000001,0.0050665500752243514,0.0,0.0
BC,past,2016-01-01T00:00:00,F,42,580.6876699999993,44941.0,31637.0,0.012921111457243927,75757.32683999998,2905.048820000001,0.0076651024293190265,0.0,0.0
BC,past,2016-01-01T00:00:00,F,43,413.38719999999375,44941.0,32121.999999999996,0.009198442402260603,75757.32683999998,2905.048820000001,0.005456728969239774,0.0,0.0
BC,past,2016-01-01T00:00:00,F,44,716.9417899999971,44941.0,32806.0,0.015952955875481123,75757.32683999998,2905.048820000001,0.009463662722870136,0.0,0.0
BC,past,2016-01-01T00:00:00,F,45,131.55494999999792,44941.0,35419.00000000001,0.00292728132440306,75757.32683999998,2905.048820000001,0.0017365310457408683,0.0,0.0
BC,past,2016-01-01T00:00:00,F,46,556.7317600000024,44941.0,35839.0,0.012388059010702975,75757.32683999998,2905.048820000001,0.007348883378314336,0.0,0.0
BC,past,2016-01-01T00:00:00,F,47,305.54524000000674,44941.0,35831.00000000001,0.006798808215215655,75757.32683999998,2905.048820000001,0.0040332104199679655,0.0,0.0
BC,past,2016-01-01T00:00:00,F,48,511.4290800000017,44941.0,34686.0,0.011380011125698175,75757.32683999998,2905.048820000001,0.006750886037467288,0.0,0.0
BC,past,2016-01-01T00:00:00,F,49,721.8537500000093,44941.0,33902.00000000001,0.016062253843928915,75757.32683999998,2905.048820000001,0.009528500807909571,0.0,0.0
BC,past,2016-01-01T00:00:00,F,50,517.7629999999917,44941.0,35441.0,0.011520949689592839,75757.32683999998,2905.048820000001,0.006834494056179027,0.0,0.0
BC,past,2016-01-01T00:00:00,F,51,534.407020000006,44941.0,37146.00000000001,0.011891302374224116,75757.32683999998,2905.048820000001,0.00705419584205601,0.0,0.0
BC,past,2016-01-01T00:00:00,F,52,314.6329600000099,44941.0,39242.0,0.007001022674173025,75757.32683999998,2905.048820000001,0.004153168718116427,0.0,0.0
BC,past,2016-01-01T00:00:00,F,53,390.4823000000106,44941.0,39425.00000000001,0.008688776395719067,75757.32683999998,2905.048820000001,0.005154383295819189,0.0,0.0
BC,past,2016-01-01T00:00:00,F,54,653.0933499999956,44941.0,38059.0,0.014532238935493103,75757.32683999998,2905.048820000001,0.00862086054566489,0.0,0.0
BC,past,2016-01-01T00:00:00,F,55,346.2073500000115,44941.0,38443.00000000001,0.007703596938208128,75757.32683999998,2905.048820000001,0.004569952035546396,0.0,0.0
BC,past,2016-01-01T00:00:00,F,56,463.50475999999617,44941.0,38361.0,0.010313628090162572,75757.32683999998,2905.048820000001,0.006118282934915609,0.0,0.0
BC,past,2016-01-01T00:00:00,F,57,544.6912199999933,44941.0,37740.0,0.012120140183796384,75757.32683999998,2905.048820000001,0.007189947728097444,0.0,0.0
BC,past,2016-01-01T00:00:00,F,58,481.3607600000032,44941.0,37414.0,0.010710949022051205,75757.32683999998,2905.048820000001,0.006353982909357937,0.0,0.0
BC,past,2016-01-01T00:00:00,F,59,560.3766400000095,44941.0,36563.00000000001,0.012469162679958378,75757.32683999998,2905.048820000001,0.0073969959523984925,0.0,0.0
BC,past,2016-01-01T00:00:00,F,60,651.2908000000025,44941.0,36004.0,0.014492129681137547,75757.32683999998,2905.048820000001,0.00859706680748561,0.0,0.0
BC,past,2016-01-01T00:00:00,F,61,432.2070199999871,44941.0,35474.99999999999,0.009617209674906813,75757.32683999998,2905.048820000001,0.005705151409484279,0.0,0.0
BC,past,2016-01-01T00:00:00,F,62,596.4150399999926,44941.0,34243.0,0.013271067399479152,75757.32683999998,2905.048820000001,0.007872704395439209,0.0,0.0
BC,past,2016-01-01T00:00:00,F,63,567.0285499999991,44941.0,32736.0,0.012617176965354556,75757.32683999998,2905.048820000001,0.007484801452901942,0.0,0.0
BC,past,2016-01-01T00:00:00,F,64,601.7022599999982,44941.0,31513.000000000004,0.013388715426892997,75757.32683999998,2905.048820000001,0.007942495928754161,0.0,0.0
BC,past,2016-01-01T00:00:00,F,65,475.71600999999646,44941.0,30758.999999999996,0.010585345452927093,75757.32683999998,2905.048820000001,0.006279471964536342,0.0,0.0
BC,past,2016-01-01T00:00:00,F,66,275.61458999999377,44941.0,30450.0,0.0061328094612935575,75757.32683999998,2905.048820000001,0.0036381245418293834,0.0,0.0
BC,past,2016-01-01T00:00:00,F,67,400.54029999999693,44941.0,29122.0,0.008912580939453883,75757.32683999998,2905.048820000001,0.005287149332049967,0.0,0.0
BC,past,2016-01-01T00:00:00,F,68,253.18162000000666,44941.0,28804.000000000004,0.0056336445561960494,75757.32683999998,2905.048820000001,0.0033420083648770774,0.0,0.0
BC,past,2016-01-01T00:00:00,F,69,-312.50462000000334,44941.0,28398.0,-0.0069536641374246975,75757.32683999998,2905.048820000001,0.0,0.10757293228552464,0.011004458764701857
BC,past,2016-01-01T00:00:00,F,70,441.0394500000002,44941.0,23199.000000000004,0.00981374357490933,75757.32683999998,2905.048820000001,0.005821739868560551,0.0,0.0
BC,past,2016-01-01T00:00:00,F,71,184.48683999999776,44941.0,21493.0,0.00410508978438392,75757.32683999998,2905.048820000001,0.0024352342894784986,0.0,0.0
BC,past,2016-01-01T00:00:00,F,72,-7.028800000000047,44941.0,21017.0,-0.00015640061413853824,75757.32683999998,2905.048820000001,0.0,0.0024195118345722135,0.0003344340295950919
BC,past,2016-01-01T00:00:00,F,73,-45.34399999999732,44941.0,19797.0,-0.0010089673126988123,75757.32683999998,2905.048820000001,0.0,0.015608687774134312,0.0022904480476838573
BC,past,2016-01-01T00:00:00,F,74,118.19872000000032,44941.0,18016.0,0.002630086557931517,75757.32683999998,2905.048820000001,0.0015602282304606242,0.0,0.0
BC,past,2016-01-01T00:00:00,F,75,-118.32410000000164,44941.0,17269.0,-0.0026328764379965207,75757.32683999998,2905.048820000001,0.0,0.040730503110788206,0.006851821182465785
BC,past,2016-01-01T00:00:00,F,76,4.642519999999422,44941.0,15718.0,0.0001033025522351399,75757.32683999998,2905.048820000001,6.128146535323847e-05,0.0,0.0
BC,past,2016-01-01T00:00:00,F,77,44.923799999998664,44941.0,14653.0,0.0009996172759840383,75757.32683999998,2905.048820000001,0.0005929961084144119,0.0,0.0
BC,past,2016-01-01T00:00:00,F,78,-48.16395000000375,44941.0,14102.0,-0.0010717151376249694,75757.32683999998,2905.048820000001,0.0,0.016579394352485868,0.003415398525032176
BC,past,2016-01-01T00:00:00,F,79,-48.46279999999933,44941.0,13328.000000000002,-0.0010783649674016896,75757.32683999998,2905.048820000001,0.0,0.01668226697821874,0.003636164465786264
BC,past,2016-01-01T00:00:00,F,80,-62.98911999999473,44941.0,12587.000000000004,-0.001401595870140734,75757.32683999998,2905.048820000001,0.0,0.02168263733343893,0.005004299674266681
BC,past,2016-01-01T00:00:00,F,81,-23.873849999999948,44941.0,11726.000000000002,-0.0005312264969626832,75757.32683999998,2905.048820000001,0.0,0.008218054662503036,0.0020359756097560926
BC,past,2016-01-01T00:00:00,F,82,33.48432000000139,44941.0,10971.0,0.000745072873322832,75757.32683999998,2905.048820000001,0.0004419944762665731,0.0,0.0
BC,past,2016-01-01T00:00:00,F,83,-37.73372999999992,44941.0,10690.0,-0.0008396281791682411,75757.32683999998,2905.048820000001,0.0,0.01298901751330978,0.0035298157156220694
BC,past,2016-01-01T00:00:00,F,84,8.271179999999731,44941.0,10017.0,0.00018404530384281016,75757.32683999998,2905.048820000001,0.0001091799347338182,0.0,0.0
BC,past,2016-01-01T00:00:00,F,85,-78.76279999999679,44941.0,9454.000000000002,-0.0017525822745376558,75757.32683999998,2905.048820000001,0.0,0.02711238429376783,0.00833116141315811
BC,past,2016-01-01T00:00:00,F,86,-65.00328000000081,44941.0,8695.0,-0.0014464137424623576,75757.32683999998,2905.048820000001,0.0,0.022375968194572646,0.007475937895342244
BC,past,2016-01-01T00:00:00,F,87,-51.669950000000426,44941.0,7841.0,-0.001149728532965453,75757.32683999998,2905.048820000001,0.0,0.017786258752099184,0.006589714322152841
BC,past,2016-01-01T00:00:00,F,88,-71.51728000000003,44941.0,7155.0,-0.0015913593377984475,75757.32683999998,2905.048820000001,0.0,0.024618271303268494,0.00999542697414396
BC,past,2016-01-01T00:00:00,F,89,-33.36247999999978,44941.0,6429.000000000001,-0.0007423617632006359,75757.32683999998,2905.048820000001,0.0,0.011484309582101882,0.005189373152900883
BC,past,2016-01-01T00:00:00,F,90,-82.17213000000083,44941.0,5587.0,-0.001828444627400388,75757.32683999998,2905.048820000001,0.0,0.02828597214417925,0.014707737605154973
BC,past,2016-01-01T00:00:00,F,91,-107.82439999999951,44941.0,4804.0,-0.002399243452526635,75757.32683999998,2905.048820000001,0.0,0.03711620928972873,0.022444712739383747
BC,past,2016-01-01T00:00:00,F,92,-152.314429999999,44941.0,4076.0000000000005,-0.0033892087403484344,75757.32683999998,2905.048820000001,0.0,0.05243093642742945,0.03736860402355225
BC,past,2016-01-01T00:00:00,F,93,9.61379000000079,44941.0,3536.0000000000005,0.00021392025099576756,75757.32683999998,2905.048820000001,0.00012690244496489671,0.0,0.0
BC,past,2016-01-01T00:00:00,F,94,-87.44466000000057,44941.0,2826.9999999999995,-0.0019457657818028207,75757.32683999998,2905.048820000001,0.0,0.030100926152421954,0.030931963211885596
BC,past,2016-01-01T00:00:00,F,95,-13.572209999999814,44941.0,2285.0,-0.00030200062303909153,75757.32683999998,2905.048820000001,0.0,0.004671938697401928,0.005939698030634492
BC,past,2016-01-01T00:00:00,F,96,-67.58767999999964,44941.0,1884.0000000000002,-0.001503920250995742,75757.32683999998,2905.048820000001,0.0,0.023265591798212745,0.035874564755838445
BC,past,2016-01-01T00:00:00,F,97,23.797230000000127,44941.0,1216.0,0.0005295215949800878,75757.32683999998,2905.048820000001,0.00031412446812253617,0.0,0.0
BC,past,2016-01-01T00:00:00,F,98,15.387290000000121,44941.0,884.0000000000001,0.0003423886873901364,75757.32683999998,2905.048820000001,0.00020311289537047931,0.0,0.0
BC,past,2016-01-01T00:00:00,F,99,31.36519999999996,44941.0,529.0,0.0006979194944482757,75757.32683999998,2905.048820000001,0.0004140220003570544,0.0,0.0
BC,past,2016-01-01T00:00:00,F,100,701.09925,44941.0,1083.0,0.015600437239936807,75757.32683999998,2905.048820000001,0.009254540507754804,0.0,0.0
BC,past,2016-01-01T00:00:00,M,1,841.7065399999956,44941.0,23976.0,0.0187291457688969,75757.32683999998,2905.048820000001,0.011110562834109576,0.0,0.0
BC,past,2016-01-01T00:00:00,M,2,655.4726499999997,44941.0,23803.0,0.01458518168265058,75757.32683999998,2905.048820000001,0.008652267408858851,0.0,0.0
BC,past,2016-01-01T00:00:00,M,3,556.5285999999978,44941.0,24077.0,0.01238353841703562,75757.32683999998,2905.048820000001,0.007346201657502913,0.0,0.0
BC,past,2016-01-01T00:00:00,M,4,532.491099999992,44941.0,23802.999999999996,0.011848670479072385,75757.32683999998,2905.048820000001,0.007028905614959422,0.0,0.0
BC,past,2016-01-01T00:00:00,M,5,564.4603499999976,44941.0,23630.0,0.012560030929440769,75757.32683999998,2905.048820000001,0.00745090110151513,0.0,0.0
BC,past,2016-01-01T00:00:00,M,6,402.35243999999875,44941.0,24344.999999999996,0.008952903584699912,75757.32683999998,2905.048820000001,0.005311069658645295,0.0,0.0
BC,past,2016-01-01T00:00:00,M,7,378.15483999999924,44941.0,24643.0,0.008414473198193169,75757.32683999998,2905.048820000001,0.004991660289158103,0.0,0.0
BC,past,2016-01-01T00:00:00,M,8,339.6500100000012,44941.0,24428.000000000004,0.007557686967357228,75757.32683999998,2905.048820000001,0.00448339486314432,0.0,0.0
BC,past,2016-01-01T00:00:00,M,9,269.3695999999982,44941.0,23963.0,0.005993849714069517,75757.32683999998,2905.048820000001,0.0035556904029746023,0.0,0.0
BC,past,2016-01-01T00:00:00,M,10,401.09106000000247,44941.0,23633.0,0.008924836118466489,75757.32683999998,2905.048820000001,0.00529441938793735,0.0,0.0
BC,past,2016-01-01T00:00:00,M,11,404.8547199999957,44941.0,23587.0,0.009008582808571143,75757.32683999998,2905.048820000001,0.005344099863172995,0.0,0.0
BC,past,2016-01-01T00:00:00,M,12,285.8947999999982,44941.0,23969.0,0.00636155848779507,75757.32683999998,2905.048820000001,0.0037738237596979906,0.0,0.0
BC,past,2016-01-01T00:00:00,M,13,436.1569400000044,44941.0,24400.0,0.009705100910082205,75757.32683999998,2905.048820000001,0.005757290524798625,0.0,0.0
BC,past,2016-01-01T00:00:00,M,14,602.4149999999972,44941.0,24750.0,0.013404574887074102,75757.32683999998,2905.048820000001,0.007951904127666781,0.0,0.0
BC,past,2016-01-01T00:00:00,M,15,1006.4881000000096,44941.0,25918.000000000004,0.022395765559289058,75757.32683999998,2905.048820000001,0.013285686572939931,0.0,0.0
BC,past,2016-01-01T00:00:00,M,16,1217.2572,44941.0,27497.999999999996,0.02708567232593845,75757.32683999998,2905.048820000001,0.01606784783432045,0.0,0.0
BC,past,2016-01-01T00:00:00,M,17,952.9230899999966,44941.0,28265.999999999996,0.021203869295298203,75757.32683999998,2905.048820000001,0.012578626117742736,0.0,0.0
BC,past,2016-01-01T00:00:00,M,18,1245.559440000001,44941.0,29023.0,0.02771543668365192,75757.32683999998,2905.048820000001,0.01644143862983222,0.0,0.0
BC,past,2016-01-01T00:00:00,M,19,2032.5000800000053,44941.0,31367.0,0.045225964709285624,75757.32683999998,2905.048820000001,0.02682908920866044,0.0,0.0
BC,past,2016-01-01T00:00:00,M,20,762.0413200000039,44941.0,32303.0,0.01695648338933277,75757.32683999998,2905.048820000001,0.010058978474906336,0.0,0.0
BC,past,2016-01-01T00:00:00,M,21,323.36389999999665,44941.0,33148.0,0.007195298279966993,75757.32683999998,2905.048820000001,0.004268417504790573,0.0,0.0
BC,past,2016-01-01T00:00:00,M,22,-64.17135000000417,44941.0,32998.0,-0.0014279021383592748,75757.32683999998,2905.048820000001,0.0,0.022089594349744578,0.0019447042244985808
BC,past,2016-01-01T00:00:00,M,23,103.24111999999877,44941.0,33290.0,0.002297259073006804,75757.32683999998,2905.048820000001,0.0013627872617264435,0.0,0.0
BC,past,2016-01-01T00:00:00,M,24,382.53888000000006,44941.0,33939.0,0.008512024209519149,75757.32683999998,2905.048820000001,0.005049529807300684,0.0,0.0
BC,past,2016-01-01T00:00:00,M,25,562.1582999999955,44941.0,34438.0,0.01250880710264559,75757.32683999998,2905.048820000001,0.007420513941671647,0.0,0.0
BC,past,2016-01-01T00:00:00,M,26,807.8825999999972,44941.0,35091.0,0.01797651587637118,75757.32683999998,2905.048820000001,0.0106640853591132,0.0,0.0
BC,past,2016-01-01T00:00:00,M,27,960.2211499999976,44941.0,34845.0,0.0213662613203978,75757.32683999998,2905.048820000001,0.012674960826270858,0.0,0.0
BC,past,2016-01-01T00:00:00,M,28,1142.6066399999982,44941.0,34046.0,0.02542459313321907,75757.32683999998,2905.048820000001,0.015082457204610607,0.0,0.0
BC,past,2016-01-01T00:00:00,M,29,1472.1806399999987,44941.0,34304.0,0.032758074809194244,75757.32683999998,2905.048820000001,0.01943284829874284,0.0,0.0
BC,past,2016-01-01T00:00:00,M,30,1053.3161499999987,44941.0,35251.0,0.023437755056629775,75757.32683999998,2905.048820000001,0.013903818863944475,0.0,0.0
BC,past,2016-01-01T00:00:00,M,31,921.9834400000036,44941.0,35079.0,0.02051541888253496,75757.32683999998,2905.048820000001,0.012170221395842534,0.0,0.0
BC,past,2016-01-01T00:00:00,M,32,817.960699999996,44941.0,34643.0,0.018200767673171404,75757.32683999998,2905.048820000001,0.01079711671621591,0.0,0.0
BC,past,2016-01-01T00:00:00,M,33,707.4261000000042,44941.0,34077.0,0.01574121848646012,75757.32683999998,2905.048820000001,0.009338055202160092,0.0,0.0
BC,past,2016-01-01T00:00:00,M,34,783.1721599999946,44941.0,33670.99999999999,0.017426674083798638,75757.32683999998,2905.048820000001,0.010337906479383306,0.0,0.0
BC,past,2016-01-01T00:00:00,M,35,459.38065999999526,44941.0,32965.99999999999,0.010221861106784346,75757.32683999998,2905.048820000001,0.0060638446360470255,0.0,0.0
BC,past,2016-01-01T00:00:00,M,36,342.75512999999773,44941.0,32031.999999999996,0.00762678022295894,75757.32683999998,2905.048820000001,0.004524382581818113,0.0,0.0
BC,past,2016-01-01T00:00:00,M,37,394.1862800000017,44941.0,30691.999999999996,0.008771195122493974,75757.32683999998,2905.048820000001,0.0052032759924663914,0.0,0.0
BC,past,2016-01-01T00:00:00,M,38,491.19332000000577,44941.0,29934.0,0.01092973721101012,75757.32683999998,2905.048820000001,0.006483773127811249,0.0,0.0
BC,past,2016-01-01T00:00:00,M,39,357.21686000000045,44941.0,29916.0,0.007948573908012738,75757.32683999998,2905.048820000001,0.004715278045045663,0.0,0.0
BC,past,2016-01-01T00:00:00,M,40,296.6345599999986,44941.0,29803.999999999996,0.006600533143454721,75757.32683999998,2905.048820000001,0.003915589057497936,0.0,0.0
BC,past,2016-01-01T00:00:00,M,41,203.3940799999982,44941.0,30008.0,0.00452580227409266,75757.32683999998,2905.048820000001,0.002684810677514638,0.0,0.0
BC,past,2016-01-01T00:00:00,M,42,548.8672800000022,44941.0,29991.0,0.012213063349725245,75757.32683999998,2905.048820000001,0.007245071901219717,0.0,0.0
BC,past,2016-01-01T00:00:00,M,43,298.05453000000125,44941.0,30353.0,0.006632129458623556,75757.32683999998,2905.048820000001,0.003934332723084258,0.0,0.0
BC,past,2016-01-01T00:00:00,M,44,526.8232999999964,44941.0,31277.999999999996,0.011722554015264378,75757.32683999998,2905.048820000001,0.00695409040913826,0.0,0.0
BC,past,2016-01-01T00:00:00,M,45,42.58016000000498,44941.0,33455.0,0.0009474680136179653,75757.32683999998,2905.048820000001,0.0005620599587672172,0.0,0.0
BC,past,2016-01-01T00:00:00,M,46,274.74431999999797,44941.0,33931.0,0.0061134447386573055,75757.32683999998,2905.048820000001,0.003626636940084488,0.0,0.0
BC,past,2016-01-01T00:00:00,M,47,296.3492800000022,44941.0,33567.99999999999,0.006594185265125435,75757.32683999998,2905.048820000001,0.00391182334912495,0.0,0.0
BC,past,2016-01-01T00:00:00,M,48,342.0665599999993,44941.0,32888.0,0.007611458579025818,75757.32683999998,2905.048820000001,0.004515293427953791,0.0,0.0
BC,past,2016-01-01T00:00:00,M,49,436.13938000000053,44941.0,32646.999999999996,0.009704710175563529,75757.32683999998,2905.048820000001,0.005757058732036969,0.0,0.0
BC,past,2016-01-01T00:00:00,M,50,563.9953200000018,44941.0,34062.0,0.012549683362631046,75757.32683999998,2905.048820000001,0.007444762685346118,0.0,0.0
BC,past,2016-01-01T00:00:00,M,51,359.632239999999,44941.0,36044.0,0.008002319485547697,75757.32683999998,2905.048820000001,0.004747161165804397,0.0,0.0
BC,past,2016-01-01T00:00:00,M,52,460.7546399999992,44941.0,37604.0,0.010252434080238517,75757.32683999998,2905.048820000001,0.0060819812316387075,0.0,0.0
BC,past,2016-01-01T00:00:00,M,53,147.08899999999267,44941.0,38368.99999999999,0.003272935626710413,75757.32683999998,2905.048820000001,0.0019415811794764842,0.0,0.0
BC,past,2016-01-01T00:00:00,M,54,653.8946999999898,44941.0,36956.99999999999,0.01455007009189804,75757.32683999998,2905.048820000001,0.008631438400420598,0.0,0.0
BC,past,2016-01-01T00:00:00,M,55,196.26851999999053,44941.0,37014.99999999999,0.004367248614850371,75757.32683999998,2905.048820000001,0.0025907529764680197,0.0,0.0
BC,past,2016-01-01T00:00:00,M,56,405.5480399999942,44941.0,36592.99999999999,0.009024010146636573,75757.32683999998,2905.048820000001,0.005353251717243331,0.0,0.0
BC,past,2016-01-01T00:00:00,M,57,529.6098399999973,44941.0,35689.0,0.01178455842104086,75757.32683999998,2905.048820000001,0.006990872857994807,0.0,0.0
BC,past,2016-01-01T00:00:00,M,58,262.0801199999987,44941.0,35797.0,0.005831648605949995,75757.32683999998,2905.048820000001,0.0034594689508186294,0.0,0.0
BC,past,2016-01-01T00:00:00,M,59,395.91126000000077,44941.0,34547.99999999999,0.008809578336040604,75757.32683999998,2905.048820000001,0.00522604580328142,0.0,0.0
BC,past,2016-01-01T00:00:00,M,60,253.29232999999658,44941.0,34258.0,0.005636108008277444,75757.32683999998,2905.048820000001,0.003343469741678608,0.0,0.0
BC,past,2016-01-01T00:00:00,M,61,270.72378000000754,44941.0,33393.0,0.0060239821098775626,75757.32683999998,2905.048820000001,0.003573565637707599,0.0,0.0
BC,past,2016-01-01T00:00:00,M,62,203.6656000000039,44941.0,31872.0,0.004531843973209406,75757.32683999998,2905.048820000001,0.0026883947532909537,0.0,0.0
BC,past,2016-01-01T00:00:00,M,63,258.62672000000384,44941.0,31058.0,0.005754805634053622,75757.32683999998,2905.048820000001,0.0034138839210394174,0.0,0.0
BC,past,2016-01-01T00:00:00,M,64,304.94314999999915,44941.0,30050.999999999996,0.006785410872032201,75757.32683999998,2905.048820000001,0.004025262805854294,0.0,0.0
BC,past,2016-01-01T00:00:00,M,65,190.19692000000578,44941.0,29215.0,0.004232147037226714,75757.32683999998,2905.048820000001,0.002510607593133573,0.0,0.0
BC,past,2016-01-01T00:00:00,M,66,141.94382000000041,44941.0,28929.0,0.0031584481876237827,75757.32683999998,2905.048820000001,0.0018736645803222015,0.0,0.0
BC,past,2016-01-01T00:00:00,M,67,253.65460000000166,44941.0,27627.0,0.005644169021606143,75757.32683999998,2905.048820000001,0.003348251721390883,0.0,0.0
BC,past,2016-01-01T00:00:00,M,68,82.57446999999956,44941.0,27632.0,0.00183739725417769,75757.32683999998,2905.048820000001,0.001089986585381998,0.0,0.0
BC,past,2016-01-01T00:00:00,M,69,-256.5833799999964,44941.0,27041.0,-0.00570933846598866,75757.32683999998,2905.048820000001,0.0,0.0883232592283927,0.009488679412743478
BC,past,2016-01-01T00:00:00,M,70,349.8916999999965,44941.0,22025.999999999996,0.007785578870074019,75757.32683999998,2905.048820000001,0.004618585615342135,0.0,0.0
BC,past,2016-01-01T00:00:00,M,71,163.06096000000252,44941.0,20338.0,0.003628334037960938,75757.32683999998,2905.048820000001,0.0021524117442051306,0.0,0.0
BC,past,2016-01-01T00:00:00,M,72,-60.119040000001405,44941.0,19948.0,-0.0013377325827195969,75757.32683999998,2905.048820000001,0.0,0.020694674590701505,0.003013787848405926
BC,past,2016-01-01T00:00:00,M,73,12.013800000000629,44941.0,18826.0,0.00026732382457000573,75757.32683999998,2905.048820000001,0.00015858268105702647,0.0,0.0
BC,past,2016-01-01T00:00:00,M,74,74.15999999999985,44941.0,16981.0,0.001650163547762619,75757.32683999998,2905.048820000001,0.000978915216433472,0.0,0.0
BC,past,2016-01-01T00:00:00,M,75,6.015840000000026,44941.0,15723.0,0.000133860839767696,75757.32683999998,2905.048820000001,7.9409348916251e-05,0.0,0.0
BC,past,2016-01-01T00:00:00,M,76,27.955149999999776,44941.0,14569.0,0.0006220411205803114,75757.32683999998,2905.048820000001,0.0003690091924579289,0.0,0.0
BC,past,2016-01-01T00:00:00,M,77,-0.03951999999844702,44941.0,13499.0,-8.793751807580388e-07,75757.32683999998,2905.048820000001,0.0,1.3603902187931907e-05,2.9276242683492864e-06
BC,past,2016-01-01T00:00:00,M,78,4.468320000001768,44941.0,12466.0,9.942635900406684e-05,75757.32683999998,2905.048820000001,5.8982017797947014e-05,0.0,0.0
BC,past,2016-01-01T00:00:00,M,79,10.363320000000385,44941.0,11653.0,0.00023059834004584645,75757.32683999998,2905.048820000001,0.00013679627347316242,0.0,0.0
BC,past,2016-01-01T00:00:00,M,80,-101.25520000000142,44941.0,11167.999999999998,-0.002253069580116184,75757.32683999998,2905.048820000001,0.0,0.03485490477919107,0.009066547277937091
BC,past,2016-01-01T00:00:00,M,81,-11.61279999999897,44941.0,10190.0,-0.0002584010146636472,75757.32683999998,2905.048820000001,0.0,0.003997454335379798,0.0011396270853777203
BC,past,2016-01-01T00:00:00,M,82,-4.8442400000003545,44941.0,9511.0,-0.0001077911038917771,75757.32683999998,2905.048820000001,0.0,0.0016675244721017642,0.0005093302491851913
BC,past,2016-01-01T00:00:00,M,83,-33.629150000000664,44941.0,8868.0,-0.0007482955430453408,75757.32683999998,2905.048820000001,0.0,0.011576104941327854,0.0037921910239062545
BC,past,2016-01-01T00:00:00,M,84,-75.77208000000155,44941.0,8185.999999999999,-0.001686034578669846,75757.32683999998,2905.048820000001,0.0,0.02608289384961232,0.009256301001710427
BC,past,2016-01-01T00:00:00,M,85,-121.92119000000093,44941.0,7428.999999999999,-0.002712916713023763,75757.32683999998,2905.048820000001,0.0,0.041968723265724976,0.01641152106609247
BC,past,2016-01-01T00:00:00,M,86,-39.984080000000176,44941.0,6463.0,-0.0008897016087759546,75757.32683999998,2905.048820000001,0.0,0.013763651655258642,0.0061866130280055975
BC,past,2016-01-01T00:00:00,M,87,-103.3167199999989,44941.0,5427.0,-0.0022989412785652053,75757.32683999998,2905.048820000001,0.0,0.035564538292337154,0.01903753823475196
BC,past,2016-01-01T00:00:00,M,88,-139.05180000000018,44941.0,4523.0,-0.0030940967045682156,75757.32683999998,2905.048820000001,0.0,0.04786556392535948,0.030743267742648725
BC,past,2016-01-01T00:00:00,M,89,-100.80879999999934,44941.0,3842.0,-0.0022431365568189258,75757.32683999998,2905.048820000001,0.0,0.03470124126864047,0.026238625715772863
BC,past,2016-01-01T00:00:00,M,90,-44.09887999999955,44941.0,3153.0,-0.0009812616541687892,75757.32683999998,2905.048820000001,0.0,0.015180082240407768,0.013986324135743595
BC,past,2016-01-01T00:00:00,M,91,-58.256720000000314,44941.0,2532.9999999999995,-0.0012962933624084982,75757.32683999998,2905.048820000001,0.0,0.0200536113537673,0.02299909988156349
BC,past,2016-01-01T00:00:00,M,92,-39.86617000000069,44941.0,2022.9999999999995,-0.0008870779466411672,75757.32683999998,2905.048820000001,0.0,0.013723063697084677,0.019706460701928177
BC,past,2016-01-01T00:00:00,M,93,-10.590300000000525,44941.0,1586.9999999999995,-0.00023564896197237546,75757.32683999998,2905.048820000001,0.0,0.003645480904517302,0.006673156899811297
BC,past,2016-01-01T00:00:00,M,94,-46.34131000000002,44941.0,1193.0,-0.0010311588527180085,75757.32683999998,2905.048820000001,0.0,0.015951990094266302,0.038844350377200354
BC,past,2016-01-01T00:00:00,M,95,-27.293499999999995,44941.0,926.0,-0.0006073184842348856,75757.32683999998,2905.048820000001,0.0,0.009395194948909667,0.029474622030237575
BC,past,2016-01-01T00:00:00,M,96,-19.585159999999973,44941.0,639.9999999999999,-0.00043579715627155546,75757.32683999998,2905.048820000001,0.0,0.006741766219267863,0.030601812499999964
BC,past,2016-01-01T00:00:00,M,97,-30.251159999999857,44941.0,391.0,-0.0006731305489419429,75757.32683999998,2905.048820000001,0.0,0.010413305205659107,0.07736869565217355
BC,past,2016-01-01T00:00:00,M,98,1.0655000000000143,44941.0,253.99999999999994,2.3708862731136697e-05,75757.32683999998,2905.048820000001,1.4064646212377028e-05,0.0,0.0
BC,past,2016-01-01T00:00:00,M,99,13.576690000000013,44941.0,159.99999999999997,0.0003021003092944085,75757.32683999998,2905.048820000001,0.00017921289684196594,0.0,0.0
BC,past,2016-01-01T00:00:00,M,100,168.63504000000006,44941.0,288.0,0.0037523651009100834,75757.32683999998,2905.048820000001,0.002225989841961537,0.0,0.0
BC,past,2017-01-01T00:00:00,F,1,296.65399999999863,45081.0,21983.0,0.006580466271821801,63289.82487,1978.2293600000053,0.004687230539969713,0.0,0.0
BC,past,2017-01-01T00:00:00,F,2,224.2887499999997,45081.0,22146.0,0.004975239014218844,63289.82487,1978.2293600000053,0.0035438358450303564,0.0,0.0
BC,past,2017-01-01T00:00:00,F,3,243.66196000000127,45081.0,22424.0,0.00540498125596152,63289.82487,1978.2293600000053,0.0038499389198894665,0.0,0.0
BC,past,2017-01-01T00:00:00,F,4,281.2583999999988,45081.0,22863.0,0.006238956544885845,63289.82487,1978.2293600000053,0.0044439750082689525,0.0,0.0
BC,past,2017-01-01T00:00:00,F,5,317.0359799999969,45081.0,22937.0,0.0070325853463764545,63289.82487,1978.2293600000053,0.005009272511832706,0.0,0.0
BC,past,2017-01-01T00:00:00,F,6,315.0349000000024,45081.0,22923.0,0.006988196801313244,63289.82487,1978.2293600000053,0.004977654791225881,0.0,0.0
BC,past,2017-01-01T00:00:00,F,7,324.8551999999945,45081.0,23513.0,0.007206033583993135,63289.82487,1978.2293600000053,0.005132818753524141,0.0,0.0
BC,past,2017-01-01T00:00:00,F,8,310.8817600000002,45081.0,23831.0,0.0068960706284243965,63289.82487,1978.2293600000053,0.00491203381647152,0.0,0.0
BC,past,2017-01-01T00:00:00,F,9,273.13750000000437,45081.0,24021.0,0.006058816352787302,63289.82487,1978.2293600000053,0.004315662123588435,0.0,0.0
BC,past,2017-01-01T00:00:00,F,10,292.3263999999981,45081.0,23554.0,0.00648447017590555,63289.82487,1978.2293600000053,0.00461885303997047,0.0,0.0
BC,past,2017-01-01T00:00:00,F,11,270.51900000000023,45081.0,23168.0,0.006000732015705069,63289.82487,1978.2293600000053,0.004274288964389739,0.0,0.0
BC,past,2017-01-01T00:00:00,F,12,220.75052000000505,45081.0,23139.000000000004,0.0048967529557908,63289.82487,1978.2293600000053,0.003487930650044238,0.0,0.0
BC,past,2017-01-01T00:00:00,F,13,229.78604000000269,45081.0,23444.000000000004,0.005097181517712621,63289.82487,1978.2293600000053,0.0036306948308356523,0.0,0.0
BC,past,2017-01-01T00:00:00,F,14,446.01742999999624,45081.0,23653.999999999996,0.009893689802799322,63289.82487,1978.2293600000053,0.007047221744034449,0.0,0.0
BC,past,2017-01-01T00:00:00,F,15,765.0327699999943,45081.0,24090.999999999996,0.016970181894811438,63289.82487,1978.2293600000053,0.012087768793347182,0.0,0.0
BC,past,2017-01-01T00:00:00,F,16,1219.1509400000032,45081.0,25454.0,0.027043564694660793,63289.82487,1978.2293600000053,0.01926298488744741,0.0,0.0
BC,past,2017-01-01T00:00:00,F,17,1007.557539999998,45081.0,26415.0,0.022349937667753554,63289.82487,1978.2293600000053,0.015919739738094775,0.0,0.0
BC,past,2017-01-01T00:00:00,F,18,1477.4069099999979,45081.0,27396.0,0.032772274572436234,63289.82487,1978.2293600000053,0.0233435139540148,0.0,0.0
BC,past,2017-01-01T00:00:00,F,19,2506.887419999999,45081.0,29262.0,0.0556085140081187,63289.82487,1978.2293600000053,0.039609643811611944,0.0,0.0
BC,past,2017-01-01T00:00:00,F,20,1470.0889700000043,45081.0,29355.000000000004,0.03260994587520251,63289.82487,1978.2293600000053,0.023227888100806567,0.0,0.0
BC,past,2017-01-01T00:00:00,F,21,1168.8968700000041,45081.0,30609.000000000004,0.025928814134557887,63289.82487,1978.2293600000053,0.018468954091767013,0.0,0.0
BC,past,2017-01-01T00:00:00,F,22,773.7529400000094,45081.0,30419.000000000004,0.017163615270291463,63289.82487,1978.2293600000053,0.012225550340664254,0.0,0.0
BC,past,2017-01-01T00:00:00,F,23,1003.7231800000009,45081.0,30823.000000000004,0.02226488276657574,63289.82487,1978.2293600000053,0.015859155591940587,0.0,0.0
BC,past,2017-01-01T00:00:00,F,24,1001.4012699999985,45081.0,31628.0,0.022213377476098545,63289.82487,1978.2293600000053,0.015822468652060887,0.0,0.0
BC,past,2017-01-01T00:00:00,F,25,984.9647199999999,45081.0,32709.0,0.02184877709012666,63289.82487,1978.2293600000053,0.01556276576879711,0.0,0.0
BC,past,2017-01-01T00:00:00,F,26,1063.2893300000032,45081.0,33463.0,0.023586196623854912,63289.82487,1978.2293600000053,0.016800320307159087,0.0,0.0
BC,past,2017-01-01T00:00:00,F,27,889.0895699999965,45081.0,34439.0,0.019722046316629986,63289.82487,1978.2293600000053,0.014047906939641946,0.0,0.0
BC,past,2017-01-01T00:00:00,F,28,900.6908600000024,45081.0,34285.0,0.01997938954326662,63289.82487,1978.2293600000053,0.014231211128330026,0.0,0.0
BC,past,2017-01-01T00:00:00,F,29,1003.6775600000037,45081.0,34353.0,0.022263870810319285,63289.82487,1978.2293600000053,0.01585843478097151,0.0,0.0
BC,past,2017-01-01T00:00:00,F,30,892.0146900000036,45081.0,34250.0,0.019786932188727038,63289.82487,1978.2293600000053,0.014094124795450767,0.0,0.0
BC,past,2017-01-01T00:00:00,F,31,804.0068299999984,45081.0,34953.0,0.017834715955724105,63289.82487,1978.2293600000053,0.01270357172976008,0.0,0.0
BC,past,2017-01-01T00:00:00,F,32,654.6862200000032,45081.0,34794.0,0.014522442270579696,63289.82487,1978.2293600000053,0.010344257095745749,0.0,0.0
BC,past,2017-01-01T00:00:00,F,33,522.7747799999997,45081.0,34800.0,0.01159634391428761,63289.82487,1978.2293600000053,0.008260013060137256,0.0,0.0
BC,past,2017-01-01T00:00:00,F,34,658.6443199999994,45081.0,34610.0,0.014610242008828541,63289.82487,1978.2293600000053,0.010406796374502267,0.0,0.0
BC,past,2017-01-01T00:00:00,F,35,546.3359199999832,45081.0,34520.99999999999,0.012118984050930174,63289.82487,1978.2293600000053,0.008632286803165919,0.0,0.0
BC,past,2017-01-01T00:00:00,F,36,500.91827999999805,45081.0,33665.0,0.011111516603447086,63289.82487,1978.2293600000053,0.007914673188445466,0.0,0.0
BC,past,2017-01-01T00:00:00,F,37,421.67376999999397,45081.0,33164.0,0.009353691577382799,63289.82487,1978.2293600000053,0.0066625839282401225,0.0,0.0
BC,past,2017-01-01T00:00:00,F,38,386.2247599999937,45081.0,31883.0,0.008567351212262233,63289.82487,1978.2293600000053,0.0061024779384887835,0.0,0.0
BC,past,2017-01-01T00:00:00,F,39,326.37221999999747,45081.0,31173.0,0.007239684567777943,63289.82487,1978.2293600000053,0.0051567881672982974,0.0,0.0
BC,past,2017-01-01T00:00:00,F,40,355.93189999999595,45081.0,31223.999999999996,0.007895386082828595,63289.82487,1978.2293600000053,0.005623840810605738,0.0,0.0
BC,past,2017-01-01T00:00:00,F,41,311.60197999999946,45081.0,31828.0,0.006912046760275936,63289.82487,1978.2293600000053,0.0049234135287946085,0.0,0.0
BC,past,2017-01-01T00:00:00,F,42,280.73250000000553,45081.0,31704.0,0.006227290876422562,63289.82487,1978.2293600000053,0.004435665615707455,0.0,0.0
BC,past,2017-01-01T00:00:00,F,43,269.4224099999992,45081.0,31877.0,0.0059764071338257625,63289.82487,1978.2293600000053,0.004256962482569739,0.0,0.0
BC,past,2017-01-01T00:00:00,F,44,276.7644400000063,45081.0,32366.000000000004,0.006139270202524485,63289.82487,1978.2293600000053,0.00437296896568275,0.0,0.0
BC,past,2017-01-01T00:00:00,F,45,244.4146600000022,45081.0,33014.0,0.005421677868725232,63289.82487,1978.2293600000053,0.0038618318268701223,0.0,0.0
BC,past,2017-01-01T00:00:00,F,46,189.85698999999295,45081.0,35566.0,0.00421146358776409,63289.82487,1978.2293600000053,0.0029998027390653603,0.0,0.0
BC,past,2017-01-01T00:00:00,F,47,175.3074800000104,45081.0,35967.00000000001,0.003888722078037541,63289.82487,1978.2293600000053,0.002769915706989227,0.0,0.0
BC,past,2017-01-01T00:00:00,F,48,155.23833000000013,45081.0,35935.00000000001,0.003443542290543691,63289.82487,1978.2293600000053,0.002452816551773785,0.0,0.0
BC,past,2017-01-01T00:00:00,F,49,142.7632999999987,45081.0,34775.0,0.0031668175062664694,63289.82487,1978.2293600000053,0.0022557069843887325,0.0,0.0
BC,past,2017-01-01T00:00:00,F,50,90.95535999999265,45081.0,33936.0,0.0020175985448413446,63289.82487,1978.2293600000053,0.0014371245328426623,0.0,0.0
BC,past,2017-01-01T00:00:00,F,51,135.14820999999938,45081.0,35512.0,0.0029978973403429247,63289.82487,1978.2293600000053,0.0021353860636776855,0.0,0.0
BC,past,2017-01-01T00:00:00,F,52,130.80615999998554,45081.0,37203.99999999999,0.0029015807102767363,63289.82487,1978.2293600000053,0.0020667802489368076,0.0,0.0
BC,past,2017-01-01T00:00:00,F,53,161.1930399999983,45081.0,39320.0,0.003575631419001315,63289.82487,1978.2293600000053,0.0025469029236705218,0.0,0.0
BC,past,2017-01-01T00:00:00,F,54,119.67749999999069,45081.0,39454.0,0.0026547215012974576,63289.82487,1978.2293600000053,0.0018909437693312215,0.0,0.0
BC,past,2017-01-01T00:00:00,F,55,128.1475000000064,45081.0,38092.00000000001,0.002842605532264289,63289.82487,1978.2293600000053,0.002024772548560955,0.0,0.0
BC,past,2017-01-01T00:00:00,F,56,103.18052999998326,45081.0,38441.99999999999,0.0022887808611162853,63289.82487,1978.2293600000053,0.0016302862302419146,0.0,0.0
BC,past,2017-01-01T00:00:00,F,57,126.16495000000577,45081.0,38374.00000000001,0.002798628025110485,63289.82487,1978.2293600000053,0.0019934476080342134,0.0,0.0
BC,past,2017-01-01T00:00:00,F,58,98.14540000000852,45081.0,37717.00000000001,0.0021770901266610883,63289.82487,1978.2293600000053,0.0015507295240839007,0.0,0.0
BC,past,2017-01-01T00:00:00,F,59,163.9490000000078,45081.0,37447.00000000001,0.003636764934229671,63289.82487,1978.2293600000053,0.00259044799597354,0.0,0.0
BC,past,2017-01-01T00:00:00,F,60,149.03628999999637,45081.0,36572.0,0.0033059668152879565,63289.82487,1978.2293600000053,0.0023548222847214898,0.0,0.0
BC,past,2017-01-01T00:00:00,F,61,154.49672000000282,45081.0,36008.00000000001,0.0034270916794215483,63289.82487,1978.2293600000053,0.0024410988704321062,0.0,0.0
BC,past,2017-01-01T00:00:00,F,62,171.47550000000774,45081.0,35484.0,0.0038037199707195435,63289.82487,1978.2293600000053,0.002709369165615891,0.0,0.0
BC,past,2017-01-01T00:00:00,F,63,167.89985999999772,45081.0,34239.0,0.0037244040726691447,63289.82487,1978.2293600000053,0.0026528728803543256,0.0,0.0
BC,past,2017-01-01T00:00:00,F,64,128.04799999999886,45081.0,32684.0,0.0028403983940018824,63289.82487,1978.2293600000053,0.0020232004159122722,0.0,0.0
BC,past,2017-01-01T00:00:00,F,65,152.3385200000048,45081.0,31475.000000000007,0.0033792178523103923,63289.82487,1978.2293600000053,0.0024069986022700273,0.0,0.0
BC,past,2017-01-01T00:00:00,F,66,137.54735000001165,45081.0,30692.000000000007,0.003051115769393129,63289.82487,1978.2293600000053,0.0021732932628987325,0.0,0.0
BC,past,2017-01-01T00:00:00,F,67,175.89400000000387,45081.0,30403.000000000004,0.003901732437168738,63289.82487,1978.2293600000053,0.002779182915441742,0.0,0.0
BC,past,2017-01-01T00:00:00,F,68,147.0145400000074,45081.0,29034.000000000007,0.0032611197622059713,63289.82487,1978.2293600000053,0.002322877971332383,0.0,0.0
BC,past,2017-01-01T00:00:00,F,69,122.64363999999478,45081.0,28670.0,0.0027205172910981295,63289.82487,1978.2293600000053,0.0019378097545997331,0.0,0.0
BC,past,2017-01-01T00:00:00,F,70,138.43631999999707,45081.0,28257.0,0.003070835163372531,63289.82487,1978.2293600000053,0.00218733928059291,0.0,0.0
BC,past,2017-01-01T00:00:00,F,71,91.63710999999603,45081.0,23038.0,0.002032721323839223,63289.82487,1978.2293600000053,0.0014478964065427983,0.0,0.0
BC,past,2017-01-01T00:00:00,F,72,42.42051000000356,45081.0,21276.000000000004,0.0009409842283889789,63289.82487,1978.2293600000053,0.0006702579772836644,0.0,0.0
BC,past,2017-01-01T00:00:00,F,73,75.41762999999992,45081.0,20811.0,0.0016729360484461285,63289.82487,1978.2293600000053,0.001191623300505428,0.0,0.0
BC,past,2017-01-01T00:00:00,F,74,46.381390000002284,45081.0,19549.0,0.0010288456334154586,63289.82487,1978.2293600000053,0.0007328411809524144,0.0,0.0
BC,past,2017-01-01T00:00:00,F,75,47.80448000000615,45081.0,17766.000000000004,0.0010604130343161455,63289.82487,1978.2293600000053,0.0007553264699056854,0.0,0.0
BC,past,2017-01-01T00:00:00,F,76,10.749599999999191,45081.0,16962.0,0.00023845078858053705,63289.82487,1978.2293600000053,0.00016984720722611145,0.0,0.0
BC,past,2017-01-01T00:00:00,F,77,-22.623819999998886,45081.0,15373.0,-0.000501848228743792,63289.82487,1978.2293600000053,0.0,0.011436398861251773,0.0014716594028490787
BC,past,2017-01-01T00:00:00,F,78,-12.592829999999594,45081.0,14305.0,-0.0002793378585213193,63289.82487,1978.2293600000053,0.0,0.006365707766059827,0.0008803096819293669
BC,past,2017-01-01T00:00:00,F,79,-53.270839999997406,45081.0,13688.000000000002,-0.0011816694394533708,63289.82487,1978.2293600000053,0.0,0.026928545838586313,0.003891791350087478
BC,past,2017-01-01T00:00:00,F,80,2.447360000000117,45081.0,12949.000000000002,5.4288059271092414e-05,63289.82487,1978.2293600000053,3.866909104310367e-05,0.0,0.0
BC,past,2017-01-01T00:00:00,F,81,-26.46078000000489,45081.0,12156.999999999998,-0.0005869608038864463,63289.82487,1978.2293600000053,0.0,0.013375991952725248,0.0021765879740071473
BC,past,2017-01-01T00:00:00,F,82,-32.450300000002244,45081.0,11271.999999999998,-0.0007198220980014251,63289.82487,1978.2293600000053,0.0,0.01640370962849432,0.002878841376863223
BC,past,2017-01-01T00:00:00,F,83,20.899270000001707,45081.0,10549.000000000002,0.0004635937534660213,63289.82487,1978.2293600000053,0.0003302153235994838,0.0,0.0
BC,past,2017-01-01T00:00:00,F,84,-39.887800000000425,45081.0,10165.0,-0.0008848029103169944,63289.82487,1978.2293600000053,0.0,0.02016338489688593,0.003924033448106289
BC,past,2017-01-01T00:00:00,F,85,-59.331639999998515,45081.0,9446.000000000002,-0.0013161118874913714,63289.82487,1978.2293600000053,0.0,0.029992295736626998,0.006281139106499948
BC,past,2017-01-01T00:00:00,F,86,-52.73322000000189,45081.0,8857.0,-0.0011697437945032696,63289.82487,1978.2293600000053,0.0,0.026656777553843276,0.0059538466749465835
BC,past,2017-01-01T00:00:00,F,87,-65.17280000000119,45081.0,8064.999999999999,-0.001445682216454852,63289.82487,1978.2293600000053,0.0,0.03294501705302818,0.008080942343459541
BC,past,2017-01-01T00:00:00,F,88,-133.6274199999998,45081.0,7132.0,-0.0029641627293094607,63289.82487,1978.2293600000053,0.0,0.06754900250797989,0.018736318003365088
BC,past,2017-01-01T00:00:00,F,89,-95.06344999999965,45081.0,6466.0,-0.002108725405381417,63289.82487,1978.2293600000053,0.0,0.04805481706125289,0.014702049180327815
BC,past,2017-01-01T00:00:00,F,90,-110.67400000000089,45081.0,5714.0,-0.0024550032164326633,63289.82487,1978.2293600000053,0.0,0.05594599000390965,0.01936891844592245
BC,past,2017-01-01T00:00:00,F,91,-88.48167000000012,45081.0,4903.0,-0.0019627264257669557,63289.82487,1978.2293600000053,0.0,0.04472771044101776,0.01804643483581483
BC,past,2017-01-01T00:00:00,F,92,-84.49348000000009,45081.0,4140.0,-0.001874259222288771,63289.82487,1978.2293600000053,0.0,0.042711670197837864,0.02040905314009664
BC,past,2017-01-01T00:00:00,F,93,-96.23464000000058,45081.0,3426.0,-0.0021347050864000483,63289.82487,1978.2293600000053,0.0,0.048646856601097216,0.02808950379451272
BC,past,2017-01-01T00:00:00,F,94,-43.57328000000007,45081.0,2954.0000000000005,-0.000966555311550322,63289.82487,1978.2293600000053,0.0,0.02202640446100747,0.01475060257278269
BC,past,2017-01-01T00:00:00,F,95,-105.91885999999977,45081.0,2241.0,-0.0023495233024999392,63289.82487,1978.2293600000053,0.0,0.05354225457456535,0.047264105310129305
BC,past,2017-01-01T00:00:00,F,96,-73.97920000000022,45081.0,1784.0,-0.0016410283711541496,63289.82487,1978.2293600000053,0.0,0.03739667477182728,0.0414681614349777
BC,past,2017-01-01T00:00:00,F,97,-3.5380400000001373,45081.0,1492.0,-7.848184379228804e-05,63289.82487,1978.2293600000053,0.0,0.0017884882671037336,0.0023713404825738186
BC,past,2017-01-01T00:00:00,F,98,-4.515199999999936,45081.0,936.0,-0.00010015749428805785,63289.82487,1978.2293600000053,0.0,0.0022824451457943806,0.004823931623931556
BC,past,2017-01-01T00:00:00,F,99,10.099399999999946,45081.0,675.0,0.00022402786096137943,63289.82487,1978.2293600000053,0.0001595738338784243,0.0,0.0
BC,past,2017-01-01T00:00:00,F,100,708.7876799999999,45081.0,1095.0,0.01572253676715246,63289.82487,1978.2293600000053,0.011199077915855829,0.0,0.0
BC,past,2017-01-01T00:00:00,M,1,334.45020999999906,45081.0,23435.0,0.007418872917637121,63289.82487,1978.2293600000053,0.005284423059899029,0.0,0.0
BC,past,2017-01-01T00:00:00,M,2,286.754240000002,45081.0,24257.0,0.006360866884053194,63289.82487,1978.2293600000053,0.004530811083598469,0.0,0.0
BC,past,2017-01-01T00:00:00,M,3,286.0465100000001,45081.0,24085.0,0.006345167809054815,63289.82487,1978.2293600000053,0.004519628717373636,0.0,0.0
BC,past,2017-01-01T00:00:00,M,4,285.13001000000077,45081.0,24359.0,0.006324837736518728,63289.82487,1978.2293600000053,0.004505147716645922,0.0,0.0
BC,past,2017-01-01T00:00:00,M,5,340.6183300000048,45081.0,24141.0,0.00755569596947727,63289.82487,1978.2293600000053,0.005381881379821312,0.0,0.0
BC,past,2017-01-01T00:00:00,M,6,317.1267000000007,45081.0,23945.0,0.007034597724096642,63289.82487,1978.2293600000053,0.00501070591760038,0.0,0.0
BC,past,2017-01-01T00:00:00,M,7,318.94760000000315,45081.0,24662.0,0.0070749894634103755,63289.82487,1978.2293600000053,0.0050394767350855395,0.0,0.0
BC,past,2017-01-01T00:00:00,M,8,309.72501000000193,45081.0,24951.0,0.006870411259732524,63289.82487,1978.2293600000053,0.004893756786911487,0.0,0.0
BC,past,2017-01-01T00:00:00,M,9,302.7099599999965,45081.0,24729.0,0.006714801357556321,63289.82487,1978.2293600000053,0.004782916695089229,0.0,0.0
BC,past,2017-01-01T00:00:00,M,10,315.67741000000024,45081.0,24277.0,0.007002449147090797,63289.82487,1978.2293600000053,0.004987806660050255,0.0,0.0
BC,past,2017-01-01T00:00:00,M,11,260.6543100000017,45081.0,23892.0,0.0057819105609902555,63289.82487,1978.2293600000053,0.004118423625525854,0.0,0.0
BC,past,2017-01-01T00:00:00,M,12,233.88695999999618,45081.0,23818.999999999996,0.005188149331203748,63289.82487,1978.2293600000053,0.003695490712455122,0.0,0.0
BC,past,2017-01-01T00:00:00,M,13,266.1572099999976,45081.0,24232.999999999996,0.005903977507153736,63289.82487,1978.2293600000053,0.004205371251171825,0.0,0.0
BC,past,2017-01-01T00:00:00,M,14,416.68400000000474,45081.0,24814.000000000004,0.009243007031787332,63289.82487,1978.2293600000053,0.006583743924965687,0.0,0.0
BC,past,2017-01-01T00:00:00,M,15,696.7125000000015,45081.0,25443.000000000004,0.01545468157316833,63289.82487,1978.2293600000053,0.01100828610967211,0.0,0.0
BC,past,2017-01-01T00:00:00,M,16,1057.1835999999967,45081.0,26970.0,0.023450757525343195,63289.82487,1978.2293600000053,0.01670384776970859,0.0,0.0
BC,past,2017-01-01T00:00:00,M,17,910.699440000004,45081.0,28401.0,0.02020140280827852,63289.82487,1978.2293600000053,0.014389349976408049,0.0,0.0
BC,past,2017-01-01T00:00:00,M,18,1489.7410800000034,45081.0,29745.0,0.03304587475876763,63289.82487,1978.2293600000053,0.02353839788718005,0.0,0.0
BC,past,2017-01-01T00:00:00,M,19,2681.221269999998,45081.0,31690.0,0.059475638739158364,63289.82487,1978.2293600000053,0.042364175845127416,0.0,0.0
BC,past,2017-01-01T00:00:00,M,20,1675.4475399999974,45081.0,33023.0,0.037165270069430524,63289.82487,1978.2293600000053,0.02647262089034751,0.0,0.0
BC,past,2017-01-01T00:00:00,M,21,940.2272499999999,45081.0,33219.0,0.020856397373616376,63289.82487,1978.2293600000053,0.014855899063258064,0.0,0.0
BC,past,2017-01-01T00:00:00,M,22,792.8387599999987,45081.0,33912.0,0.017586982542534522,63289.82487,1978.2293600000053,0.012527112559222961,0.0,0.0
BC,past,2017-01-01T00:00:00,M,23,905.3380400000024,45081.0,33871.0,0.020082474656729053,63289.82487,1978.2293600000053,0.014304638097191853,0.0,0.0
BC,past,2017-01-01T00:00:00,M,24,734.6203000000023,45081.0,33989.0,0.01629556354118148,63289.82487,1978.2293600000053,0.011607241788217044,0.0,0.0
BC,past,2017-01-01T00:00:00,M,25,781.0116800000033,45081.0,34682.0,0.017324630775714896,63289.82487,1978.2293600000053,0.012340240814447418,0.0,0.0
BC,past,2017-01-01T00:00:00,M,26,667.6036999999997,45081.0,35066.0,0.014808981610878189,63289.82487,1978.2293600000053,0.01054835751831019,0.0,0.0
BC,past,2017-01-01T00:00:00,M,27,811.4073799999969,45081.0,35861.0,0.017998877132272953,63289.82487,1978.2293600000053,0.012820502848074905,0.0,0.0
BC,past,2017-01-01T00:00:00,M,28,740.5109000000011,45081.0,35543.0,0.016426230562764828,63289.82487,1978.2293600000053,0.011700315201077616,0.0,0.0
BC,past,2017-01-01T00:00:00,M,29,910.5575000000026,45081.0,34914.0,0.02019825425345495,63289.82487,1978.2293600000053,0.014387107277833785,0.0,0.0
BC,past,2017-01-01T00:00:00,M,30,847.9091199999966,45081.0,35108.0,0.018808569463853876,63289.82487,1978.2293600000053,0.013397242317254601,0.0,0.0
BC,past,2017-01-01T00:00:00,M,31,857.5313200000019,45081.0,36062.0,0.019022011934074264,63289.82487,1978.2293600000053,0.013549276234551254,0.0,0.0
BC,past,2017-01-01T00:00:00,M,32,721.3566500000015,45081.0,35753.0,0.016001345356136766,63289.82487,1978.2293600000053,0.011397671766065065,0.0,0.0
BC,past,2017-01-01T00:00:00,M,33,603.8073399999994,45081.0,35199.0,0.013393831991304526,63289.82487,1978.2293600000053,0.009540354097048703,0.0,0.0
BC,past,2017-01-01T00:00:00,M,34,551.7077999999892,45081.0,34580.99999999999,0.012238144672921834,63289.82487,1978.2293600000053,0.008717164269820948,0.0,0.0
BC,past,2017-01-01T00:00:00,M,35,660.8128200000065,45081.0,34284.0,0.014658344313569053,63289.82487,1978.2293600000053,0.01044105938604419,0.0,0.0
BC,past,2017-01-01T00:00:00,M,36,477.1413800000082,45081.0,33396.0,0.010584090415030905,63289.82487,1978.2293600000053,0.007538990366620179,0.0,0.0
BC,past,2017-01-01T00:00:00,M,37,447.4464000000007,45081.0,32433.0,0.009925387635589289,63289.82487,1978.2293600000053,0.007069799938917112,0.0,0.0
BC,past,2017-01-01T00:00:00,M,38,344.4241600000023,45081.0,30990.999999999996,0.007640118009804625,63289.82487,1978.2293600000053,0.005442014742614065,0.0,0.0
BC,past,2017-01-01T00:00:00,M,39,289.7990200000022,45081.0,30178.0,0.006428407089461241,63289.82487,1978.2293600000053,0.004578919606670768,0.0,0.0
BC,past,2017-01-01T00:00:00,M,40,333.26728,45081.0,30202.0,0.007392632816485881,63289.82487,1978.2293600000053,0.005265732377748639,0.0,0.0
BC,past,2017-01-01T00:00:00,M,41,236.474640000004,45081.0,29991.0,0.005245550009982121,63289.82487,1978.2293600000053,0.003736376905541025,0.0,0.0
BC,past,2017-01-01T00:00:00,M,42,278.5139999999992,45081.0,30234.0,0.006178079456977423,63289.82487,1978.2293600000053,0.004400612587759231,0.0,0.0
BC,past,2017-01-01T00:00:00,M,43,283.4833499999986,45081.0,30218.999999999996,0.006288311040127739,63289.82487,1978.2293600000053,0.004479129948333488,0.0,0.0
BC,past,2017-01-01T00:00:00,M,44,241.49187999999413,45081.0,30534.999999999996,0.005356843903196338,63289.82487,1978.2293600000053,0.003815650943829103,0.0,0.0
BC,past,2017-01-01T00:00:00,M,45,189.05823999999848,45081.0,31401.999999999996,0.004193745480357545,63289.82487,1978.2293600000053,0.0029871822269745916,0.0,0.0
BC,past,2017-01-01T00:00:00,M,46,158.93555000000197,45081.0,33540.0,0.0035255551119097173,63289.82487,1978.2293600000053,0.0025112338409288126,0.0,0.0
BC,past,2017-01-01T00:00:00,M,47,86.73784999999043,45081.0,33937.99999999999,0.001924044497681738,63289.82487,1978.2293600000053,0.001370486490966813,0.0,0.0
BC,past,2017-01-01T00:00:00,M,48,95.2556800000093,45081.0,33579.0,0.0021129895077751006,63289.82487,1978.2293600000053,0.0015050709998908757,0.0,0.0
BC,past,2017-01-01T00:00:00,M,49,80.46871999999712,45081.0,32880.0,0.0017849808123155458,63289.82487,1978.2293600000053,0.0012714321799006919,0.0,0.0
BC,past,2017-01-01T00:00:00,M,50,46.3498299999992,45081.0,32598.999999999996,0.0010281455602138196,63289.82487,1978.2293600000053,0.0007323425225967007,0.0,0.0
BC,past,2017-01-01T00:00:00,M,51,79.59219999999186,45081.0,34035.99999999999,0.0017655375878971597,63289.82487,1978.2293600000053,0.001257582876291373,0.0,0.0
BC,past,2017-01-01T00:00:00,M,52,26.386960000003455,45081.0,35950.0,0.00058532330693648,63289.82487,1978.2293600000053,0.0004169226262547479,0.0,0.0
BC,past,2017-01-01T00:00:00,M,53,5.374400000000605,45081.0,37474.0,0.00011921652137265378,63289.82487,1978.2293600000053,8.491728348182117e-05,0.0,0.0
BC,past,2017-01-01T00:00:00,M,54,-5.744589999994787,45081.0,38214.0,-0.00012742818482275876,63289.82487,1978.2293600000053,0.0,0.0029039049344585463,0.0001503268435650491
BC,past,2017-01-01T00:00:00,M,55,40.21940000000177,45081.0,36841.99999999999,0.000892158559038215,63289.82487,1978.2293600000053,0.0006354797170416277,0.0,0.0
BC,past,2017-01-01T00:00:00,M,56,62.41825000000972,45081.0,36909.0,0.0013845799782615674,63289.82487,1978.2293600000053,0.0009862288310675449,0.0,0.0
BC,past,2017-01-01T00:00:00,M,57,132.0375600000043,45081.0,36544.99999999999,0.002928895987223094,63289.82487,1978.2293600000053,0.0020862367729917895,0.0,0.0
BC,past,2017-01-01T00:00:00,M,58,145.57925999999134,45081.0,35643.99999999999,0.0032292819591400223,63289.82487,1978.2293600000053,0.0023002000763790603,0.0,0.0
BC,past,2017-01-01T00:00:00,M,59,135.26462999999058,45081.0,35724.99999999999,0.0030004798030210194,63289.82487,1978.2293600000053,0.0021372255378780064,0.0,0.0
BC,past,2017-01-01T00:00:00,M,60,117.30692000001,45081.0,34448.0,0.0026021365985672454,63289.82487,1978.2293600000053,0.0018534878274819597,0.0,0.0
BC,past,2017-01-01T00:00:00,M,61,88.32471999998961,45081.0,34111.99999999999,0.0019592449147088488,63289.82487,1978.2293600000053,0.0013955595576605302,0.0,0.0
BC,past,2017-01-01T00:00:00,M,62,127.7778499999913,45081.0,33271.99999999999,0.0028344058472525298,63289.82487,1978.2293600000053,0.0020189319572688417,0.0,0.0
BC,past,2017-01-01T00:00:00,M,63,113.8006400000013,45081.0,31727.0,0.0025243592644351564,63289.82487,1978.2293600000053,0.0017980874529792534,0.0,0.0
BC,past,2017-01-01T00:00:00,M,64,112.17387999999482,45081.0,30894.999999999996,0.00248827399569652,63289.82487,1978.2293600000053,0.0017723841111964643,0.0,0.0
BC,past,2017-01-01T00:00:00,M,65,43.89368000000104,45081.0,29803.999999999996,0.0009736625185776944,63289.82487,1978.2293600000053,0.000693534546669398,0.0,0.0
BC,past,2017-01-01T00:00:00,M,66,38.38684999999532,45081.0,28943.999999999996,0.0008515083959982103,63289.82487,1978.2293600000053,0.0006065248257337344,0.0,0.0
BC,past,2017-01-01T00:00:00,M,67,46.28711000000112,45081.0,28640.0,0.0010267542867283582,63289.82487,1978.2293600000053,0.0007313515260166516,0.0,0.0
BC,past,2017-01-01T00:00:00,M,68,63.86289999999644,45081.0,27339.999999999996,0.001416625629422516,63289.82487,1978.2293600000053,0.001009054775094947,0.0,0.0
BC,past,2017-01-01T00:00:00,M,69,62.913759999999456,45081.0,27310.0,0.0013955715268072902,63289.82487,1978.2293600000053,0.0009940580516572294,0.0,0.0
BC,past,2017-01-01T00:00:00,M,70,38.72729999999865,45081.0,26666.0,0.0008590603580221967,63289.82487,1978.2293600000053,0.0006119040474443747,0.0,0.0
BC,past,2017-01-01T00:00:00,M,71,90.47732000000542,45081.0,21746.0,0.0020069945209734794,63289.82487,1978.2293600000053,0.001429571343985383,0.0,0.0
BC,past,2017-01-01T00:00:00,M,72,61.659759999995,45081.0,20022.999999999996,0.0013677549300147513,63289.82487,1978.2293600000053,0.0009742444401868197,0.0,0.0
BC,past,2017-01-01T00:00:00,M,73,78.93920000000071,45081.0,19620.0,0.0017510525498547218,63289.82487,1978.2293600000053,0.00124726526202506,0.0,0.0
BC,past,2017-01-01T00:00:00,M,74,50.58499999999913,45081.0,18453.0,0.001122091346687055,63289.82487,1978.2293600000053,0.0007992595982672235,0.0,0.0
BC,past,2017-01-01T00:00:00,M,75,6.977849999999307,45081.0,16566.0,0.00015478472083581347,63289.82487,1978.2293600000053,0.00011025231961586414,0.0,0.0
BC,past,2017-01-01T00:00:00,M,76,43.75357999999869,45081.0,15334.999999999998,0.0009705547791752333,63289.82487,1978.2293600000053,0.0006913209206988708,0.0,0.0
BC,past,2017-01-01T00:00:00,M,77,-1.248090000000957,45081.0,14124.999999999998,-2.7685499434372727e-05,63289.82487,1978.2293600000053,0.0,0.0006309126864849249,8.836035398236865e-05
BC,past,2017-01-01T00:00:00,M,78,14.511329999999361,45081.0,13059.0,0.0003218945897384566,63289.82487,1978.2293600000053,0.00022928377554853806,0.0,0.0
BC,past,2017-01-01T00:00:00,M,79,-35.51956000000064,45081.0,11964.999999999998,-0.0007879053259688258,63289.82487,1978.2293600000053,0.0,0.017955228406882275,0.002968621813623121
BC,past,2017-01-01T00:00:00,M,80,-0.9831500000018423,45081.0,11168.999999999998,-2.180852243743134e-05,63289.82487,1978.2293600000053,0.0,0.0004969848390086778,8.802489032159033e-05
BC,past,2017-01-01T00:00:00,M,81,16.398080000000846,45081.0,10670.0,0.00036374703311818385,63289.82487,1978.2293600000053,0.0002590950446407966,0.0,0.0
BC,past,2017-01-01T00:00:00,M,82,-10.762500000000728,45081.0,9657.0,-0.00023873694017436897,63289.82487,1978.2293600000053,0.0,0.005440471270733086,0.0011144765455111036
BC,past,2017-01-01T00:00:00,M,83,-34.112120000001596,45081.0,8933.999999999998,-0.0007566850779707992,63289.82487,1978.2293600000053,0.0,0.017243763887925263,0.0038182359525410344
BC,past,2017-01-01T00:00:00,M,84,-46.640480000000025,45081.0,8257.0,-0.0010345928439919262,63289.82487,1978.2293600000053,0.0,0.0235768819041286,0.005648598764684513
BC,past,2017-01-01T00:00:00,M,85,-67.46655999999984,45081.0,7536.999999999999,-0.0014965630753532497,63289.82487,1978.2293600000053,0.0,0.03410451859838925,0.008951381186148315
BC,past,2017-01-01T00:00:00,M,86,-72.36026999999922,45081.0,6767.0,-0.0016051167897783815,63289.82487,1978.2293600000053,0.0,0.0365783015170693,0.010693109206442918
BC,past,2017-01-01T00:00:00,M,87,-61.15023000000019,45081.0,5828.0,-0.001356452385705734,63289.82487,1978.2293600000053,0.0,0.030911597631934868,0.01049248970487306
BC,past,2017-01-01T00:00:00,M,88,-40.447659999999814,45081.0,4847.0,-0.0008972218894878067,63289.82487,1978.2293600000053,0.0,0.020446395558500714,0.008344885496183167
BC,past,2017-01-01T00:00:00,M,89,-45.911649999999554,45081.0,3973.0,-0.0010184257225882203,63289.82487,1978.2293600000053,0.0,0.023208456475440963,0.011555914925748692
BC,past,2017-01-01T00:00:00,M,90,-45.44264000000021,45081.0,3316.0,-0.0010080220048357448,63289.82487,1978.2293600000053,0.0,0.022971370721138265,0.013704053075995239
BC,past,2017-01-01T00:00:00,M,91,-81.97197000000006,45081.0,2628.0,-0.0018183263459106954,63289.82487,1978.2293600000053,0.0,0.04143704044509775,0.031191769406392716
BC,past,2017-01-01T00:00:00,M,92,-42.92584999999963,45081.0,2091.0,-0.0009521938288857751,63289.82487,1978.2293600000053,0.0,0.021699126940467366,0.02052886178861771
BC,past,2017-01-01T00:00:00,M,93,-46.45775000000003,45081.0,1620.9999999999998,-0.001030539473392339,63289.82487,1978.2293600000053,0.0,0.023484511421870673,0.028659932140653942
BC,past,2017-01-01T00:00:00,M,94,-36.4080399999998,45081.0,1240.9999999999998,-0.0008076138506244271,63289.82487,1978.2293600000053,0.0,0.018404357318809433,0.02933766317485883
BC,past,2017-01-01T00:00:00,M,95,-49.96814999999992,45081.0,886.0,-0.001108408198575895,63289.82487,1978.2293600000053,0.0,0.02525902759829618,0.056397460496613906
BC,past,2017-01-01T00:00:00,M,96,-23.92692000000011,45081.0,682.9999999999999,-0.0005307539761762185,63289.82487,1978.2293600000053,0.0,0.012095119243402619,0.03503209370424614
BC,past,2017-01-01T00:00:00,M,97,-1.79039999999992,45081.0,473.0,-3.971517934384597e-05,63289.82487,1978.2293600000053,0.0,0.0009050517782224784,0.003785200845665793
BC,past,2017-01-01T00:00:00,M,98,-22.367510000000095,45081.0,258.99999999999994,-0.0004961626849448791,63289.82487,1978.2293600000053,0.0,0.01130683350084342,0.08636104247104286
BC,past,2017-01-01T00:00:00,M,99,7.997559999999993,45081.0,184.99999999999997,0.00017740422794525394,63289.82487,1978.2293600000053,0.00012636407220951114,0.0,0.0
BC,past,2017-01-01T00:00:00,M,100,180.1871999999999,45081.0,287.9999999999999,0.003996965462168095,63289.82487,1978.2293600000053,0.0028470168841533707,0.0,0.0
BC,past,2018-01-01T00:00:00,F,1,190.69054999999207,44347.0,22054.999999999996,0.004299965048368369,75993.81114000005,1355.0402599999911,0.0025092905216806574,0.0,0.0
BC,past,2018-01-01T00:00:00,F,2,191.75864,44347.0,22173.0,0.004324049879360498,75993.81114000005,1355.0402599999911,0.0025233454819989422,0.0,0.0
BC,past,2018-01-01T00:00:00,F,3,191.65752000000066,44347.0,22335.0,0.004321769680023466,75993.81114000005,1355.0402599999911,0.0025220148473264286,0.0,0.0
BC,past,2018-01-01T00:00:00,F,4,263.58784000000014,44347.0,22684.0,0.005943758089611477,75993.81114000005,1355.0402599999911,0.0034685435043441087,0.0,0.0
BC,past,2018-01-01T00:00:00,F,5,313.34397000000536,44347.0,23172.000000000004,0.00706573094008626,75993.81114000005,1355.0402599999911,0.004123282742363659,0.0,0.0
BC,past,2018-01-01T00:00:00,F,6,364.81677000000127,44347.0,23297.0,0.008226413737118661,75993.81114000005,1355.0402599999911,0.004800611583065829,0.0,0.0
BC,past,2018-01-01T00:00:00,F,7,278.5845999999983,44347.0,23197.0,0.006281926624123353,75993.81114000005,1355.0402599999911,0.0036658853638327758,0.0,0.0
BC,past,2018-01-01T00:00:00,F,8,317.99721000000136,44347.0,23827.0,0.0071706588946264995,75993.81114000005,1355.0402599999911,0.004184514570721675,0.0,0.0
BC,past,2018-01-01T00:00:00,F,9,273.33634000000166,44347.0,24101.0,0.006163581302004682,75993.81114000005,1355.0402599999911,0.003596823687345357,0.0,0.0
BC,past,2018-01-01T00:00:00,F,10,310.402100000003,44347.0,24329.000000000004,0.006999393420073578,75993.81114000005,1355.0402599999911,0.004084570774166897,0.0,0.0
BC,past,2018-01-01T00:00:00,F,11,305.6487799999959,44347.0,23857.999999999996,0.006892208717613275,75993.81114000005,1355.0402599999911,0.004022021996461168,0.0,0.0
BC,past,2018-01-01T00:00:00,F,12,228.3900799999974,44347.0,23395.0,0.00515006832480207,75993.81114000005,1355.0402599999911,0.0030053773665758704,0.0,0.0
BC,past,2018-01-01T00:00:00,F,13,268.3883399999904,44347.0,23405.999999999996,0.0060520066746339194,75993.81114000005,1355.0402599999911,0.0035317131220797757,0.0,0.0
BC,past,2018-01-01T00:00:00,F,14,350.8755199999978,44347.0,23793.000000000004,0.007912046361647863,75993.81114000005,1355.0402599999911,0.004617159144099186,0.0,0.0
BC,past,2018-01-01T00:00:00,F,15,730.8384800000058,44347.0,24382.000000000004,0.01647999819604496,75993.81114000005,1355.0402599999911,0.009617078930988397,0.0,0.0
BC,past,2018-01-01T00:00:00,F,16,1151.818199999998,44347.0,25237.999999999996,0.025972854984553585,75993.81114000005,1355.0402599999911,0.015156736880560628,0.0,0.0
BC,past,2018-01-01T00:00:00,F,17,1126.3998200000024,44347.0,26572.0,0.025399684758833797,75993.81114000005,1355.0402599999911,0.014822257274673139,0.0,0.0
BC,past,2018-01-01T00:00:00,F,18,1935.3584499999997,44347.0,28339.0,0.043641248562473214,75993.81114000005,1355.0402599999911,0.025467316627068144,0.0,0.0
BC,past,2018-01-01T00:00:00,F,19,3304.0542400000013,44347.0,30688.0,0.07450457167339394,75993.81114000005,1355.0402599999911,0.04347793840623532,0.0,0.0
BC,past,2018-01-01T00:00:00,F,20,2015.7047999999959,44347.0,31265.999999999996,0.045453013732608655,75993.81114000005,1355.0402599999911,0.02652459153925774,0.0,0.0
BC,past,2018-01-01T00:00:00,F,21,1326.154899999994,44347.0,30669.999999999996,0.029904049879360364,75993.81114000005,1355.0402599999911,0.01745082764117301,0.0,0.0
BC,past,2018-01-01T00:00:00,F,22,1177.325329999996,44347.0,31775.0,0.026548026473042056,75993.81114000005,1355.0402599999911,0.01549238434470751,0.0,0.0
BC,past,2018-01-01T00:00:00,F,23,1174.9508399999977,44347.0,31583.0,0.026494483054096053,75993.81114000005,1355.0402599999911,0.015461138510811592,0.0,0.0
BC,past,2018-01-01T00:00:00,F,24,1256.4045100000003,44347.0,32068.000000000004,0.028331217669740914,75993.81114000005,1355.0402599999911,0.016532984609567505,0.0,0.0
BC,past,2018-01-01T00:00:00,F,25,1214.018640000002,44347.0,32830.0,0.027375440052314747,75993.81114000005,1355.0402599999911,0.015975230374529695,0.0,0.0
BC,past,2018-01-01T00:00:00,F,26,1190.0835999999981,44347.0,33886.0,0.026835718312399896,75993.81114000005,1355.0402599999911,0.015660269989717448,0.0,0.0
BC,past,2018-01-01T00:00:00,F,27,1166.3890900000115,44347.0,34615.00000000001,0.02630142038920359,75993.81114000005,1355.0402599999911,0.015348474731070197,0.0,0.0
BC,past,2018-01-01T00:00:00,F,28,1017.49755,44347.0,35441.0,0.022943999594110087,75993.81114000005,1355.0402599999911,0.013389215973462749,0.0,0.0
BC,past,2018-01-01T00:00:00,F,29,1129.4568,44347.0,35398.0,0.02546861794484407,75993.81114000005,1355.0402599999911,0.014862483971480933,0.0,0.0
BC,past,2018-01-01T00:00:00,F,30,1070.5200299999997,44347.0,35406.0,0.024139626806773843,75993.81114000005,1355.0402599999911,0.014086937001064835,0.0,0.0
BC,past,2018-01-01T00:00:00,F,31,933.4950000000026,44347.0,35165.0,0.021049789162739366,75993.81114000005,1355.0402599999911,0.012283829248677448,0.0,0.0
BC,past,2018-01-01T00:00:00,F,32,710.9232100000008,44347.0,35644.0,0.016030920017137594,75993.81114000005,1355.0402599999911,0.009355014564150471,0.0,0.0
BC,past,2018-01-01T00:00:00,F,33,721.5284600000014,44347.0,35495.0,0.01627006246194785,75993.81114000005,1355.0402599999911,0.009494568691531488,0.0,0.0
BC,past,2018-01-01T00:00:00,F,34,693.2280000000028,44347.0,35472.0,0.015631902947211826,75993.81114000005,1355.0402599999911,0.009122163892042463,0.0,0.0
BC,past,2018-01-01T00:00:00,F,35,691.4582000000009,44347.0,35280.0,0.01559199494892554,75993.81114000005,1355.0402599999911,0.009098875153480037,0.0,0.0
BC,past,2018-01-01T00:00:00,F,36,660.4030200000052,44347.0,35160.0,0.014891718041806778,75993.81114000005,1355.0402599999911,0.008690221086337857,0.0,0.0
BC,past,2018-01-01T00:00:00,F,37,490.87229999999545,44347.0,34135.0,0.011068895302951619,75993.81114000005,1355.0402599999911,0.006459372054596434,0.0,0.0
BC,past,2018-01-01T00:00:00,F,38,445.22496000000683,44347.0,33588.00000000001,0.010039573364602044,75993.81114000005,1355.0402599999911,0.005858700245731702,0.0,0.0
BC,past,2018-01-01T00:00:00,F,39,371.3616099999999,44347.0,32233.0,0.008373996211694138,75993.81114000005,1355.0402599999911,0.004886734912081943,0.0,0.0
BC,past,2018-01-01T00:00:00,F,40,354.4445599999999,44347.0,31505.0,0.007992526213723587,75993.81114000005,1355.0402599999911,0.004664124021191967,0.0,0.0
BC,past,2018-01-01T00:00:00,F,41,309.6669600000023,44347.0,31509.0,0.0069828164250118905,75993.81114000005,1355.0402599999911,0.0040748970916791695,0.0,0.0
BC,past,2018-01-01T00:00:00,F,42,360.6903600000005,44347.0,32161.0,0.00813336550386724,75993.81114000005,1355.0402599999911,0.004746312292924966,0.0,0.0
BC,past,2018-01-01T00:00:00,F,43,334.4358399999983,44347.0,32008.0,0.007541340789681337,75993.81114000005,1355.0402599999911,0.004400829948953105,0.0,0.0
BC,past,2018-01-01T00:00:00,F,44,275.78961999999956,44347.0,32119.0,0.006218901391300416,75993.81114000005,1355.0402599999911,0.003629106316196256,0.0,0.0
BC,past,2018-01-01T00:00:00,F,45,224.54456000000573,44347.0,32553.000000000007,0.0050633540036531385,75993.81114000005,1355.0402599999911,0.002954774298479875,0.0,0.0
BC,past,2018-01-01T00:00:00,F,46,221.92778000000544,44347.0,33194.00000000001,0.005004347080975161,75993.81114000005,1355.0402599999911,0.002920340178638464,0.0,0.0
BC,past,2018-01-01T00:00:00,F,47,207.08108000001084,44347.0,35724.00000000001,0.004669562315376708,75993.81114000005,1355.0402599999911,0.0027249729536332175,0.0,0.0
BC,past,2018-01-01T00:00:00,F,48,149.950499999999,44347.0,36063.00000000001,0.0033812997497011978,75993.81114000005,1355.0402599999911,0.0019731935765631204,0.0,0.0
BC,past,2018-01-01T00:00:00,F,49,122.21469999998953,44347.0,35999.0,0.002755873001555675,75993.81114000005,1355.0402599999911,0.0016082191189863973,0.0,0.0
BC,past,2018-01-01T00:00:00,F,50,143.85625000001164,44347.0,34858.00000000001,0.003243877827136258,75993.81114000005,1355.0402599999911,0.001892999546173459,0.0,0.0
BC,past,2018-01-01T00:00:00,F,51,101.4603200000056,44347.0,33974.00000000001,0.0022878733623470718,75993.81114000005,1355.0402599999911,0.0013351129319345457,0.0,0.0
BC,past,2018-01-01T00:00:00,F,52,138.37911999999778,44347.0,35579.0,0.003120371614765323,75993.81114000005,1355.0402599999911,0.0018209261770681304,0.0,0.0
BC,past,2018-01-01T00:00:00,F,53,91.36064000000624,44347.0,37215.0,0.002060131237738883,75993.81114000005,1355.0402599999911,0.0012022115831471665,0.0,0.0
BC,past,2018-01-01T00:00:00,F,54,157.61560000000463,44347.0,39386.0,0.003554143459535135,75993.81114000005,1355.0402599999911,0.002074058369169515,0.0,0.0
BC,past,2018-01-01T00:00:00,F,55,131.02954000000318,44347.0,39486.0,0.002954642704128874,75993.81114000005,1355.0402599999911,0.001724213301509688,0.0,0.0
BC,past,2018-01-01T00:00:00,F,56,121.229319999984,44347.0,38109.99999999999,0.0027336532347167564,75993.81114000005,1355.0402599999911,0.0015952525367710349,0.0,0.0
BC,past,2018-01-01T00:00:00,F,57,93.01948000001721,44347.0,38422.00000000001,0.0020975371502022057,75993.81114000005,1355.0402599999911,0.0012240402028087724,0.0,0.0
BC,past,2018-01-01T00:00:00,F,58,103.02931999999419,44347.0,38355.0,0.002323253433152055,75993.81114000005,1355.0402599999911,0.0013557593500632284,0.0,0.0
BC,past,2018-01-01T00:00:00,F,59,124.12364999999409,44347.0,37711.0,0.0027989187543688205,75993.81114000005,1355.0402599999911,0.0016333389277098705,0.0,0.0
BC,past,2018-01-01T00:00:00,F,60,129.4262499999968,44347.0,37436.0,0.0029184894130380138,75993.81114000005,1355.0402599999911,0.0017031156624262537,0.0,0.0
BC,past,2018-01-01T00:00:00,F,61,103.57948000000033,44347.0,36526.0,0.0023356592328680707,75993.81114000005,1355.0402599999911,0.0013629988869643664,0.0,0.0
BC,past,2018-01-01T00:00:00,F,62,127.59567999999126,44347.0,35975.0,0.0028772110853043332,75993.81114000005,1355.0402599999911,0.001679027253481568,0.0,0.0
BC,past,2018-01-01T00:00:00,F,63,149.80707999999868,44347.0,35461.0,0.0033780657090670997,75993.81114000005,1355.0402599999911,0.0019713063176159925,0.0,0.0
BC,past,2018-01-01T00:00:00,F,64,136.15148000000045,44347.0,34193.0,0.0030701395810314213,75993.81114000005,1355.0402599999911,0.0017916127373737655,0.0,0.0
BC,past,2018-01-01T00:00:00,F,65,133.54771999999866,44347.0,32627.0,0.0030114262520576063,75993.81114000005,1355.0402599999911,0.0017573499472735956,0.0,0.0
BC,past,2018-01-01T00:00:00,F,66,118.43999999998778,44347.0,31391.999999999996,0.002670755631722276,75993.81114000005,1355.0402599999911,0.0015585479688838212,0.0,0.0
BC,past,2018-01-01T00:00:00,F,67,76.07167999999365,44347.0,30552.0,0.0017153737569619962,75993.81114000005,1355.0402599999911,0.0010010246737046802,0.0,0.0
BC,past,2018-01-01T00:00:00,F,68,112.62325000000419,44347.0,30280.000000000007,0.0025395911786593047,75993.81114000005,1355.0402599999911,0.0014820055516431903,0.0,0.0
BC,past,2018-01-01T00:00:00,F,69,100.95035999999527,44347.0,28887.000000000004,0.0022763740501047483,75993.81114000005,1355.0402599999911,0.0013284023854787184,0.0,0.0
BC,past,2018-01-01T00:00:00,F,70,99.35810000000129,44347.0,28499.0,0.0022404694793334676,75993.81114000005,1355.0402599999911,0.0013074498897937654,0.0,0.0
BC,past,2018-01-01T00:00:00,F,71,59.003080000005866,44347.0,28021.000000000007,0.0013304863914133057,75993.81114000005,1355.0402599999911,0.0007764195414717008,0.0,0.0
BC,past,2018-01-01T00:00:00,F,72,56.319280000003346,44347.0,22828.000000000004,0.001269968205290174,75993.81114000005,1355.0402599999911,0.0007411035077086582,0.0,0.0
BC,past,2018-01-01T00:00:00,F,73,60.97107999999935,44347.0,21064.000000000004,0.0013748636886373226,75993.81114000005,1355.0402599999911,0.0008023163871551989,0.0,0.0
BC,past,2018-01-01T00:00:00,F,74,-6.235139999997045,44347.0,20508.000000000004,-0.0001405989131169424,75993.81114000005,1355.0402599999911,0.0,0.0046014426169131584,0.0003040345231127874
BC,past,2018-01-01T00:00:00,F,75,-15.561879999997473,44347.0,19223.000000000004,-0.00035091167384484795,75993.81114000005,1355.0402599999911,0.0,0.011484441060074168,0.0008095448161055751
BC,past,2018-01-01T00:00:00,F,76,26.458199999997305,44347.0,17478.0,0.0005966175840529755,75993.81114000005,1355.0402599999911,0.0003481625622283179,0.0,0.0
BC,past,2018-01-01T00:00:00,F,77,-36.661260000000766,44347.0,16590.0,-0.0008266908697319045,75993.81114000005,1355.0402599999911,0.0,0.027055476565693338,0.002209840867992813
BC,past,2018-01-01T00:00:00,F,78,-52.102969999998095,44347.0,14981.000000000002,-0.0011748927774144382,75993.81114000005,1355.0402599999911,0.0,0.03845123391389008,0.0034779367198450096
BC,past,2018-01-01T00:00:00,F,79,-71.66515000000072,44347.0,13879.0,-0.0016160089746769955,75993.81114000005,1355.0402599999911,0.0,0.05288783818128119,0.005163567259889093
BC,past,2018-01-01T00:00:00,F,80,-15.473599999999351,44347.0,13292.000000000002,-0.00034892100931290394,75993.81114000005,1355.0402599999911,0.0,0.011419291704291836,0.0011641287992777121
BC,past,2018-01-01T00:00:00,F,81,1.5267599999988306,44347.0,12546.0,3.442758247454914e-05,75993.81114000005,1355.0402599999911,2.009058339219424e-05,0.0,0.0
BC,past,2018-01-01T00:00:00,F,82,5.56169000000591,44347.0,11735.000000000004,0.00012541299298725754,75993.81114000005,1355.0402599999911,7.318609129577479e-05,0.0,0.0
BC,past,2018-01-01T00:00:00,F,83,1.9347999999990861,44347.0,10826.999999999998,4.362865582788207e-05,75993.81114000005,1355.0402599999911,2.5459968002324417e-05,0.0,0.0
BC,past,2018-01-01T00:00:00,F,84,-28.615780000001905,44347.0,10048.0,-0.0006452698040454125,75993.81114000005,1355.0402599999911,0.0,0.021118029363940884,0.0028479080414014635
BC,past,2018-01-01T00:00:00,F,85,-46.14274999999907,44347.0,9604.000000000002,-0.0010404931562450464,75993.81114000005,1355.0402599999911,0.0,0.034052678257692044,0.004804534568929515
BC,past,2018-01-01T00:00:00,F,86,-56.082980000001044,44347.0,8848.0,-0.0012646397727016719,75993.81114000005,1355.0402599999911,0.0,0.04138842339636566,0.006338492314647496
BC,past,2018-01-01T00:00:00,F,87,-77.40929999999935,44347.0,8203.0,-0.0017455363384219756,75993.81114000005,1355.0402599999911,0.0,0.05712693732066666,0.009436706083140236
BC,past,2018-01-01T00:00:00,F,88,-106.35129999999845,44347.0,7362.0,-0.0023981622206687815,75993.81114000005,1355.0402599999911,0.0,0.07848571229905682,0.014445979353436354
BC,past,2018-01-01T00:00:00,F,89,-72.41427999999905,44347.0,6459.000000000001,-0.001632901436399284,75993.81114000005,1355.0402599999911,0.0,0.053440685223625405,0.011211376374051563
BC,past,2018-01-01T00:00:00,F,90,-91.26400000000012,44347.0,5754.0,-0.0020579520598913146,75993.81114000005,1355.0402599999911,0.0,0.06735150437522847,0.01586096628432397
BC,past,2018-01-01T00:00:00,F,91,-79.6313199999995,44347.0,5008.0,-0.0017956416443051279,75993.81114000005,1355.0402599999911,0.0,0.05876675575676255,0.015900822683705972
BC,past,2018-01-01T00:00:00,F,92,-33.51724000000013,44347.0,4257.0,-0.0007557949804947377,75993.81114000005,1355.0402599999911,0.0,0.02473523554200548,0.007873441390650724
BC,past,2018-01-01T00:00:00,F,93,17.017000000000735,44347.0,3571.0000000000005,0.00038372381446322715,75993.81114000005,1355.0402599999911,0.00022392612957193404,0.0,0.0
BC,past,2018-01-01T00:00:00,F,94,-31.587259999999787,44347.0,2848.0,-0.000712275012965923,75993.81114000005,1355.0402599999911,0.0,0.02331093837758001,0.011091032303370711
BC,past,2018-01-01T00:00:00,F,95,-8.120200000000295,44347.0,2418.0,-0.0001831059598169052,75993.81114000005,1355.0402599999911,0.0,0.005992589474795641,0.003358229942101032
BC,past,2018-01-01T00:00:00,F,96,-11.598679999999831,44347.0,1789.0,-0.00026154373463819044,75993.81114000005,1355.0402599999911,0.0,0.008559657113066077,0.006483331470094931
BC,past,2018-01-01T00:00:00,F,97,-12.283279999999877,44347.0,1384.0,-0.0002769810810201339,75993.81114000005,1355.0402599999911,0.0,0.009064881954134674,0.00887520231213864
BC,past,2018-01-01T00:00:00,F,98,2.931160000000091,44347.0,1138.0,6.609601551401653e-05,75993.81114000005,1355.0402599999911,3.8571035667630145e-05,0.0,0.0
BC,past,2018-01-01T00:00:00,F,99,20.288159999999948,44347.0,711.0,0.00045748663945700834,75993.81114000005,1355.0402599999911,0.0002669712137824482,0.0,0.0
BC,past,2018-01-01T00:00:00,F,100,773.78,44347.0,1256.0,0.017448305409610572,75993.81114000005,1355.0402599999911,0.010182144945652208,0.0,0.0
BC,past,2018-01-01T00:00:00,M,1,349.8451200000054,44347.0,23431.000000000004,0.007888811419036358,75993.81114000005,1355.0402599999911,0.0046036001452210516,0.0,0.0
BC,past,2018-01-01T00:00:00,M,2,263.96789999999964,44347.0,23691.0,0.0059523282296434854,75993.81114000005,1355.0402599999911,0.0034735447010770812,0.0,0.0
BC,past,2018-01-01T00:00:00,M,3,256.3662599999989,44347.0,24509.0,0.005780915507249619,75993.81114000005,1355.0402599999911,0.003373514976472316,0.0,0.0
BC,past,2018-01-01T00:00:00,M,4,318.6493499999997,44347.0,24401.0,0.007185364286197481,75993.81114000005,1355.0402599999911,0.004193096059006253,0.0,0.0
BC,past,2018-01-01T00:00:00,M,5,352.9487199999967,44347.0,24709.999999999996,0.007958795859922806,75993.81114000005,1355.0402599999911,0.004644440313037792,0.0,0.0
BC,past,2018-01-01T00:00:00,M,6,375.4484599999996,44347.0,24515.0,0.008466152389113121,75993.81114000005,1355.0402599999911,0.004940513633515859,0.0,0.0
BC,past,2018-01-01T00:00:00,M,7,351.1972500000011,44347.0,24295.0,0.007919301192865382,75993.81114000005,1355.0402599999911,0.004621392778327776,0.0,0.0
BC,past,2018-01-01T00:00:00,M,8,318.9864799999996,44347.0,24980.0,0.007192966378785477,75993.81114000005,1355.0402599999911,0.004197532341315859,0.0,0.0
BC,past,2018-01-01T00:00:00,M,9,289.24755000000005,44347.0,25239.0,0.006522370171601237,75993.81114000005,1355.0402599999911,0.0038061987635694705,0.0,0.0
BC,past,2018-01-01T00:00:00,M,10,310.2364499999967,44347.0,25037.999999999996,0.006995658105396006,75993.81114000005,1355.0402599999911,0.004082390991398783,0.0,0.0
BC,past,2018-01-01T00:00:00,M,11,272.6993900000052,44347.0,24548.000000000004,0.006149218436421973,75993.81114000005,1355.0402599999911,0.0035884420837589415,0.0,0.0
BC,past,2018-01-01T00:00:00,M,12,251.91135999999824,44347.0,24142.0,0.005680460008568747,75993.81114000005,1355.0402599999911,0.0033148930974907028,0.0,0.0
BC,past,2018-01-01T00:00:00,M,13,295.6200900000076,44347.0,24112.000000000004,0.006666067377725835,75993.81114000005,1355.0402599999911,0.003890054802691758,0.0,0.0
BC,past,2018-01-01T00:00:00,M,14,435.39262000000235,44347.0,24664.999999999996,0.009817859607188815,75993.81114000005,1355.0402599999911,0.005729316814995601,0.0,0.0
BC,past,2018-01-01T00:00:00,M,15,720.7146599999942,44347.0,25529.999999999996,0.016251711727963428,75993.81114000005,1355.0402599999911,0.00948385992475431,0.0,0.0
BC,past,2018-01-01T00:00:00,M,16,960.3607499999998,44347.0,26397.000000000004,0.02165559677092024,75993.81114000005,1355.0402599999911,0.012637354747622403,0.0,0.0
BC,past,2018-01-01T00:00:00,M,17,970.1697999999997,44347.0,27931.0,0.021876785351883997,75993.81114000005,1355.0402599999911,0.012766431706033253,0.0,0.0
BC,past,2018-01-01T00:00:00,M,18,1860.496439999999,44347.0,30249.0,0.04195315218616815,75993.81114000005,1355.0402599999911,0.02448220996013068,0.0,0.0
BC,past,2018-01-01T00:00:00,M,19,3689.3597500000033,44347.0,33418.0,0.08319299501657391,75993.81114000005,1355.0402599999911,0.048548160628544584,0.0,0.0
BC,past,2018-01-01T00:00:00,M,20,2363.915399999998,44347.0,34033.0,0.05330496764155406,75993.81114000005,1355.0402599999911,0.031106683090877767,0.0,0.0
BC,past,2018-01-01T00:00:00,M,21,1495.7579400000031,44347.0,34493.0,0.03372850339369074,75993.81114000005,1355.0402599999911,0.019682628329357427,0.0,0.0
BC,past,2018-01-01T00:00:00,M,22,1291.2292899999957,44347.0,34480.0,0.029116496944550832,75993.81114000005,1355.0402599999911,0.016991242716084088,0.0,0.0
BC,past,2018-01-01T00:00:00,M,23,1316.929360000002,44347.0,35194.0,0.029696019121924863,75993.81114000005,1355.0402599999911,0.017329429071189506,0.0,0.0
BC,past,2018-01-01T00:00:00,M,24,1322.612939999999,44347.0,35155.0,0.029824180666110426,75993.81114000005,1355.0402599999911,0.017404219108887797,0.0,0.0
BC,past,2018-01-01T00:00:00,M,25,1277.1463599999988,44347.0,35224.0,0.028798934764471075,75993.81114000005,1355.0402599999911,0.016805925914771775,0.0,0.0
BC,past,2018-01-01T00:00:00,M,26,1091.78024,44347.0,35728.0,0.02461903262903917,75993.81114000005,1355.0402599999911,0.014366699388041764,0.0,0.0
BC,past,2018-01-01T00:00:00,M,27,1261.4430599999905,44347.0,36277.99999999999,0.028444834148871185,75993.81114000005,1355.0402599999911,0.016599286719231512,0.0,0.0
BC,past,2018-01-01T00:00:00,M,28,1179.0742800000007,44347.0,36987.0,0.026587464315511775,75993.81114000005,1355.0402599999911,0.015515398718822565,0.0,0.0
BC,past,2018-01-01T00:00:00,M,29,1066.0916500000021,44347.0,36554.0,0.024039769319232466,75993.81114000005,1355.0402599999911,0.014028664097869608,0.0,0.0
BC,past,2018-01-01T00:00:00,M,30,1082.2115399999966,44347.0,35940.0,0.024403263805894346,75993.81114000005,1355.0402599999911,0.014240785187181703,0.0,0.0
BC,past,2018-01-01T00:00:00,M,31,979.2792800000025,44347.0,36029.0,0.022082199021354373,75993.81114000005,1355.0402599999911,0.012886303046387809,0.0,0.0
BC,past,2018-01-01T00:00:00,M,32,788.3054000000047,44347.0,36789.0,0.017775845040250857,75993.81114000005,1355.0402599999911,0.010373284194784551,0.0,0.0
BC,past,2018-01-01T00:00:00,M,33,810.8526899999997,44347.0,36502.0,0.01828427379529618,75993.81114000005,1355.0402599999911,0.010669983224110205,0.0,0.0
BC,past,2018-01-01T00:00:00,M,34,876.5982500000027,44347.0,36014.0,0.01976679933253665,75993.81114000005,1355.0402599999911,0.011535126832698053,0.0,0.0
BC,past,2018-01-01T00:00:00,M,35,783.8625600000087,44347.0,35304.0,0.017675661487812223,75993.81114000005,1355.0402599999911,0.010314821012936608,0.0,0.0
BC,past,2018-01-01T00:00:00,M,36,633.997000000003,44347.0,34858.0,0.014296277087514443,75993.81114000005,1355.0402599999911,0.008342745158971147,0.0,0.0
BC,past,2018-01-01T00:00:00,M,37,523.4429999999993,44347.0,33861.0,0.011803346336843514,75993.81114000005,1355.0402599999911,0.006887968798349689,0.0,0.0
BC,past,2018-01-01T00:00:00,M,38,494.40641000000323,44347.0,32870.0,0.011148587503100622,75993.81114000005,1355.0402599999911,0.006505877288996338,0.0,0.0
BC,past,2018-01-01T00:00:00,M,39,399.7838000000047,44347.0,31335.0,0.009014900669718464,75993.81114000005,1355.0402599999911,0.005260741552539069,0.0,0.0
BC,past,2018-01-01T00:00:00,M,40,379.82930000000124,44347.0,30502.0,0.008564937876293801,75993.81114000005,1355.0402599999911,0.004998160959453112,0.0,0.0
BC,past,2018-01-01T00:00:00,M,41,444.9878400000016,44347.0,30589.0,0.010034226441472966,75993.81114000005,1355.0402599999911,0.005855579991641952,0.0,0.0
BC,past,2018-01-01T00:00:00,M,42,331.98199999999997,44347.0,30263.0,0.007486008072699393,75993.81114000005,1355.0402599999911,0.004368539951081071,0.0,0.0
BC,past,2018-01-01T00:00:00,M,43,358.49139999999534,44347.0,30528.999999999996,0.00808378018806222,75993.81114000005,1355.0402599999911,0.004717376252384059,0.0,0.0
BC,past,2018-01-01T00:00:00,M,44,312.4818000000014,44347.0,30465.0,0.007046289489706212,75993.81114000005,1355.0402599999911,0.0041119374763864645,0.0,0.0
BC,past,2018-01-01T00:00:00,M,45,241.84119999999893,44347.0,30705.999999999996,0.005453383543418922,75993.81114000005,1355.0402599999911,0.0031823802013885784,0.0,0.0
BC,past,2018-01-01T00:00:00,M,46,215.9349000000002,44347.0,31540.999999999996,0.004869210995106776,75993.81114000005,1355.0402599999911,0.0028414800726626653,0.0,0.0
BC,past,2018-01-01T00:00:00,M,47,190.86859999999433,44347.0,33643.99999999999,0.004303979976097466,75993.81114000005,1355.0402599999911,0.002511633475630871,0.0,0.0
BC,past,2018-01-01T00:00:00,M,48,125.32949999999983,44347.0,33969.99999999999,0.0028261099961665913,75993.81114000005,1355.0402599999911,0.0016492066672259772,0.0,0.0
BC,past,2018-01-01T00:00:00,M,49,104.38646999999764,44347.0,33585.0,0.0023538564051682784,75993.81114000005,1355.0402599999911,0.0013736180411808936,0.0,0.0
BC,past,2018-01-01T00:00:00,M,50,95.58559999999852,44347.0,32873.0,0.0021554017182672676,75993.81114000005,1355.0402599999911,0.001257807689417042,0.0,0.0
BC,past,2018-01-01T00:00:00,M,51,73.88066000000254,44347.0,32564.0,0.001665967483708087,75993.81114000005,1355.0402599999911,0.0009721931153563999,0.0,0.0
BC,past,2018-01-01T00:00:00,M,52,63.84888000000501,44347.0,33978.0,0.0014397564660519316,75993.81114000005,1355.0402599999911,0.0008401852603809938,0.0,0.0
BC,past,2018-01-01T00:00:00,M,53,8.047999999995227,44347.0,35820.0,0.00018147789027431904,75993.81114000005,1355.0402599999911,0.00010590336080353637,0.0,0.0
BC,past,2018-01-01T00:00:00,M,54,54.767619999998715,44347.0,37374.0,0.001234979141768298,75993.81114000005,1355.0402599999911,0.0007206852660554521,0.0,0.0
BC,past,2018-01-01T00:00:00,M,55,95.67015999999421,44347.0,38139.99999999999,0.0021573084988836724,75993.81114000005,1355.0402599999911,0.001258920411607536,0.0,0.0
BC,past,2018-01-01T00:00:00,M,56,88.10476000000926,44347.0,36754.0,0.0019867129681829495,75993.81114000005,1355.0402599999911,0.001159367567941786,0.0,0.0
BC,past,2018-01-01T00:00:00,M,57,92.45043999999325,44347.0,36810.99999999999,0.0020847056170652635,75993.81114000005,1355.0402599999911,0.0012165522246236063,0.0,0.0
BC,past,2018-01-01T00:00:00,M,58,62.55565000000934,44347.0,36404.0,0.0014105948542180832,75993.81114000005,1355.0402599999911,0.0008231676903894952,0.0,0.0
BC,past,2018-01-01T00:00:00,M,59,79.5768800000078,44347.0,35509.0,0.0017944140528109635,75993.81114000005,1355.0402599999911,0.0010471494823888596,0.0,0.0
BC,past,2018-01-01T00:00:00,M,60,114.92700000000332,44347.0,35607.0,0.0025915394502447364,75993.81114000005,1355.0402599999911,0.001512320520262872,0.0,0.0
BC,past,2018-01-01T00:00:00,M,61,81.54736000000412,44347.0,34286.0,0.0018388472726453677,75993.81114000005,1355.0402599999911,0.0010730789623088256,0.0,0.0
BC,past,2018-01-01T00:00:00,M,62,110.63904000000912,44347.0,33961.0,0.0024948483550185836,75993.81114000005,1355.0402599999911,0.0014558953991159055,0.0,0.0
BC,past,2018-01-01T00:00:00,M,63,113.48848000000726,44347.0,33108.0,0.00255910163032465,75993.81114000005,1355.0402599999911,0.0014933910840572587,0.0,0.0
BC,past,2018-01-01T00:00:00,M,64,57.08115999999791,44347.0,31496.0,0.0012871481723678694,75993.81114000005,1355.0402599999911,0.0007511290609552376,0.0,0.0
BC,past,2018-01-01T00:00:00,M,65,67.55155000000377,44347.0,30657.0,0.0015232495997475313,75993.81114000005,1355.0402599999911,0.0008889085701407517,0.0,0.0
BC,past,2018-01-01T00:00:00,M,66,29.58516000000236,44347.0,29512.0,0.0006671287798498739,75993.81114000005,1355.0402599999911,0.0003893101234980691,0.0,0.0
BC,past,2018-01-01T00:00:00,M,67,42.960320000005595,44347.0,28646.0,0.0009687311430312219,75993.81114000005,1355.0402599999911,0.0005653134032304511,0.0,0.0
BC,past,2018-01-01T00:00:00,M,68,63.16959999999381,44347.0,28333.999999999996,0.0014244390826886556,75993.81114000005,1355.0402599999911,0.0008312466377507932,0.0,0.0
BC,past,2018-01-01T00:00:00,M,69,29.767399999996996,44347.0,26983.999999999996,0.0006712381897309175,75993.81114000005,1355.0402599999911,0.0003917082135169906,0.0,0.0
BC,past,2018-01-01T00:00:00,M,70,37.48570000000109,44347.0,26925.0,0.0008452815297540101,75993.81114000005,1355.0402599999911,0.0004932730631306651,0.0,0.0
BC,past,2018-01-01T00:00:00,M,71,37.05533999999534,44347.0,26249.999999999996,0.0008355771529076452,75993.81114000005,1355.0402599999911,0.0004876099703925879,0.0,0.0
BC,past,2018-01-01T00:00:00,M,72,42.997819999996864,44347.0,21382.999999999996,0.0009695767470177659,75993.81114000005,1355.0402599999911,0.0005658068644666849,0.0,0.0
BC,past,2018-01-01T00:00:00,M,73,27.472649999999703,44347.0,19638.999999999996,0.0006194928631023453,75993.81114000005,1355.0402599999911,0.0003615116755940566,0.0,0.0
BC,past,2018-01-01T00:00:00,M,74,8.393000000000029,44347.0,19184.0,0.00018925744695244388,75993.81114000005,1355.0402599999911,0.00011044320417800832,0.0,0.0
BC,past,2018-01-01T00:00:00,M,75,14.325000000000728,44347.0,18006.0,0.0003230207229350515,75993.81114000005,1355.0402599999911,0.00018850219228524296,0.0,0.0
BC,past,2018-01-01T00:00:00,M,76,28.552919999998267,44347.0,16136.999999999998,0.0006438523462691561,75993.81114000005,1355.0402599999911,0.00037572691212178424,0.0,0.0
BC,past,2018-01-01T00:00:00,M,77,-6.515749999998661,44347.0,14860.0,-0.00014692651137616211,75993.81114000005,1355.0402599999911,0.0,0.004808528714858039,0.00043847577388954654
BC,past,2018-01-01T00:00:00,M,78,27.98999999999978,44347.0,13674.999999999998,0.0006311588157034249,75993.81114000005,1355.0402599999911,0.0003683194668107254,0.0,0.0
BC,past,2018-01-01T00:00:00,M,79,-4.765139999999519,44347.0,12564.0,-0.00010745123683675377,75993.81114000005,1355.0402599999911,0.0,0.0035166040011235904,0.00037926934097417376
BC,past,2018-01-01T00:00:00,M,80,-22.298799999998664,44347.0,11443.999999999998,-0.0005028254447876669,75993.81114000005,1355.0402599999911,0.0,0.01645619001755624,0.0019485145054175697
BC,past,2018-01-01T00:00:00,M,81,5.68315000000257,44347.0,10657.0,0.00012815184792663699,75993.81114000005,1355.0402599999911,7.478437934284877e-05,0.0,0.0
BC,past,2018-01-01T00:00:00,M,82,13.571999999998297,44347.0,10132.999999999998,0.0003060409948812388,75993.81114000005,1355.0402599999911,0.00017859349065932752,0.0,0.0
BC,past,2018-01-01T00:00:00,M,83,-24.52936000000045,44347.0,9077.0,-0.0005531233228854365,75993.81114000005,1355.0402599999911,0.0,0.018102310849421266,0.002702364217252446
BC,past,2018-01-01T00:00:00,M,84,-12.437199999998484,44347.0,8348.0,-0.00028045189077048014,75993.81114000005,1355.0402599999911,0.0,0.009178472675046987,0.0014898418782940206
BC,past,2018-01-01T00:00:00,M,85,-93.56025000000227,44347.0,7570.999999999998,-0.0021097312106794657,75993.81114000005,1355.0402599999911,0.0,0.06904610347149603,0.012357713644168841
BC,past,2018-01-01T00:00:00,M,86,-30.854269999999815,44347.0,6901.0,-0.0006957464991994907,75993.81114000005,1355.0402599999911,0.0,0.0227700024204447,0.004470985364439909
BC,past,2018-01-01T00:00:00,M,87,-28.240679999999884,44347.0,6130.0,-0.0006368115092339929,75993.81114000005,1355.0402599999911,0.0,0.02084121102054936,0.004606962479608464
BC,past,2018-01-01T00:00:00,M,88,-51.83824000000004,44347.0,5188.0,-0.001168923264256884,75993.81114000005,1355.0402599999911,0.0,0.03825586702494019,0.009991950655358527
BC,past,2018-01-01T00:00:00,M,89,-50.54408000000058,44347.0,4246.999999999999,-0.001139740681444079,75993.81114000005,1355.0402599999911,0.0,0.037300795771190526,0.011901125500353328
BC,past,2018-01-01T00:00:00,M,90,-41.44250000000011,44347.0,3425.0,-0.0009345051525469617,75993.81114000005,1355.0402599999911,0.0,0.030583962132608798,0.012100000000000033
BC,past,2018-01-01T00:00:00,M,91,-14.888720000000376,44347.0,2824.9999999999995,-0.00033573229305252614,75993.81114000005,1355.0402599999911,0.0,0.010987658772589143,0.005270343362831992
BC,past,2018-01-01T00:00:00,M,92,44.02779999999984,44347.0,2248.0,0.0009928022188648578,75993.81114000005,1355.0402599999911,0.0005793603365791113,0.0,0.0
BC,past,2018-01-01T00:00:00,M,93,-42.92997000000037,44347.0,1670.9999999999995,-0.0009680467675378349,75993.81114000005,1355.0402599999911,0.0,0.03168169335426288,0.02569118491921028
BC,past,2018-01-01T00:00:00,M,94,-37.07054999999991,44347.0,1258.9999999999998,-0.0008359201298847703,75993.81114000005,1355.0402599999911,0.0,0.027357526631718053,0.02944444003177118
BC,past,2018-01-01T00:00:00,M,95,-29.99440000000004,44347.0,935.9999999999998,-0.0006763569125307245,75993.81114000005,1355.0402599999911,0.0,0.022135430869043137,0.032045299145299196
BC,past,2018-01-01T00:00:00,M,96,-10.411979999999971,44347.0,662.0,-0.0002347843146097813,75993.81114000005,1355.0402599999911,0.0,0.0076838897760868295,0.015728066465256756
BC,past,2018-01-01T00:00:00,M,97,10.499230000000068,44347.0,514.0,0.00023675175321893405,75993.81114000005,1355.0402599999911,0.00013815901377360585,0.0,0.0
BC,past,2018-01-01T00:00:00,M,98,20.899599999999964,44347.0,358.99999999999994,0.00047127426883441864,75993.81114000005,1355.0402599999911,0.00027501713213853103,0.0,0.0
BC,past,2018-01-01T00:00:00,M,99,4.782359999999983,44347.0,183.99999999999994,0.00010783953818747566,75993.81114000005,1355.0402599999911,6.293091408706496e-05,0.0,0.0
BC,past,2018-01-01T00:00:00,M,100,222.25719999999998,44347.0,345.99999999999994,0.005011775317383363,75993.81114000005,1355.0402599999911,0.002924675005317806,0.0,0.0
BC,past,2019-01-01T00:00:00,F,1,239.51420000000144,43439.0,21848.0,0.005513805566426516,80485.19490999996,1379.6261800000043,0.0029758789833065655,0.0,0.0
BC,past,2019-01-01T00:00:00,F,2,230.08770000000368,43439.0,22282.0,0.005296800110499866,80485.19490999996,1379.6261800000043,0.0028587580642289805,0.0,0.0
BC,past,2019-01-01T00:00:00,F,3,230.88248999999996,43439.0,22401.0,0.005315096802412577,80485.19490999996,1379.6261800000043,0.0028686330480801724,0.0,0.0
BC,past,2019-01-01T00:00:00,F,4,280.6801999999989,43439.0,22613.0,0.006461479315822162,80485.19490999996,1379.6261800000043,0.0034873519324126715,0.0,0.0
BC,past,2019-01-01T00:00:00,F,5,317.4952400000002,43439.0,22999.0,0.007308990538456231,80485.19490999996,1379.6261800000043,0.0039447657467317964,0.0,0.0
BC,past,2019-01-01T00:00:00,F,6,352.3171999999977,43439.0,23522.0,0.008110619489398873,80485.19490999996,1379.6261800000043,0.00437741624896312,0.0,0.0
BC,past,2019-01-01T00:00:00,F,7,321.3296999999984,43439.0,23616.0,0.007397262828333949,80485.19490999996,1379.6261800000043,0.0039924075522127424,0.0,0.0
BC,past,2019-01-01T00:00:00,F,8,320.0877300000029,43439.0,23515.000000000004,0.00736867170054566,80485.19490999996,1379.6261800000043,0.003976976515468851,0.0,0.0
BC,past,2019-01-01T00:00:00,F,9,283.1444300000039,43439.0,24108.000000000004,0.00651820783167209,80485.19490999996,1379.6261800000043,0.0035179691161414377,0.0,0.0
BC,past,2019-01-01T00:00:00,F,10,305.1690899999994,43439.0,24404.0,0.007025232855268294,80485.19490999996,1379.6261800000043,0.003791617704861685,0.0,0.0
BC,past,2019-01-01T00:00:00,F,11,269.94631999999183,43439.0,24596.999999999996,0.00621437694237878,80485.19490999996,1379.6261800000043,0.0033539872805408598,0.0,0.0
BC,past,2019-01-01T00:00:00,F,12,220.90864000000147,43439.0,24077.0,0.005085490918299258,80485.19490999996,1379.6261800000043,0.0027447114993884975,0.0,0.0
BC,past,2019-01-01T00:00:00,F,13,230.87159999999858,43439.0,23624.0,0.0053148461060337155,80485.19490999996,1379.6261800000043,0.0028684977436926567,0.0,0.0
BC,past,2019-01-01T00:00:00,F,14,408.1065400000043,43439.0,23812.0,0.009394934045443134,80485.19490999996,1379.6261800000043,0.0050705790109144494,0.0,0.0
BC,past,2019-01-01T00:00:00,F,15,695.1413699999976,43439.0,24486.0,0.016002701949860667,80485.19490999996,1379.6261800000043,0.008636884967195738,0.0,0.0
BC,past,2019-01-01T00:00:00,F,16,1126.4381999999969,43439.0,25506.0,0.02593149473974992,80485.19490999996,1379.6261800000043,0.0139955951061509,0.0,0.0
BC,past,2019-01-01T00:00:00,F,17,898.0285600000025,43439.0,26133.0,0.020673324892377873,80485.19490999996,1379.6261800000043,0.01115768634224213,0.0,0.0
BC,past,2019-01-01T00:00:00,F,18,1617.985799999995,43439.0,28185.999999999996,0.037247307718870026,80485.19490999996,1379.6261800000043,0.020102899692412458,0.0,0.0
BC,past,2019-01-01T00:00:00,F,19,3045.2345799999966,43439.0,31377.999999999996,0.07010369898017903,80485.19490999996,1379.6261800000043,0.03783595956256594,0.0,0.0
BC,past,2019-01-01T00:00:00,F,20,1805.5132799999956,43439.0,32483.999999999996,0.04156433803724753,80485.19490999996,1379.6261800000043,0.02243286211854185,0.0,0.0
BC,past,2019-01-01T00:00:00,F,21,1350.8190600000016,43439.0,32603.999999999996,0.031096918897764718,80485.19490999996,1379.6261800000043,0.016783447707500895,0.0,0.0
BC,past,2019-01-01T00:00:00,F,22,1089.0283000000018,43439.0,31744.0,0.025070289371302328,80485.19490999996,1379.6261800000043,0.013530790367318777,0.0,0.0
BC,past,2019-01-01T00:00:00,F,23,1235.1584999999977,43439.0,32993.0,0.028434321692488263,80485.19490999996,1379.6261800000043,0.015346406272373134,0.0,0.0
BC,past,2019-01-01T00:00:00,F,24,1292.6864800000003,43439.0,32858.0,0.029758661110983225,80485.19490999996,1379.6261800000043,0.016061171019657792,0.0,0.0
BC,past,2019-01-01T00:00:00,F,25,1336.6753599999938,43439.0,33388.0,0.03077131978176279,80485.19490999996,1379.6261800000043,0.01660771725153538,0.0,0.0
BC,past,2019-01-01T00:00:00,F,26,1270.7583999999988,43439.0,34085.0,0.02925385943506984,80485.19490999996,1379.6261800000043,0.015788722403182156,0.0,0.0
BC,past,2019-01-01T00:00:00,F,27,1401.2486999999965,43439.0,35272.0,0.03225784893759056,80485.19490999996,1379.6261800000043,0.01741001809794831,0.0,0.0
BC,past,2019-01-01T00:00:00,F,28,1279.2305999999953,43439.0,35879.0,0.029448896153226257,80485.19490999996,1379.6261800000043,0.015893986483234025,0.0,0.0
BC,past,2019-01-01T00:00:00,F,29,1234.9484499999962,43439.0,36660.0,0.028429486176016858,80485.19490999996,1379.6261800000043,0.015343796475624349,0.0,0.0
BC,past,2019-01-01T00:00:00,F,30,1146.283080000001,43439.0,36528.0,0.026388339510578077,80485.19490999996,1379.6261800000043,0.01424216070150288,0.0,0.0
BC,past,2019-01-01T00:00:00,F,31,1163.7030000000013,43439.0,36552.0,0.02678935979189211,80485.19490999996,1379.6261800000043,0.014458597028947692,0.0,0.0
BC,past,2019-01-01T00:00:00,F,32,974.9890999999989,43439.0,36121.0,0.022445017150486864,80485.19490999996,1379.6261800000043,0.012113893755121669,0.0,0.0
BC,past,2019-01-01T00:00:00,F,33,859.6735199999966,43439.0,36482.99999999999,0.01979036165657581,80485.19490999996,1379.6261800000043,0.010681138574135274,0.0,0.0
BC,past,2019-01-01T00:00:00,F,34,792.0069000000003,43439.0,36265.0,0.0182326227583508,80485.19490999996,1379.6261800000043,0.009840404820857266,0.0,0.0
BC,past,2019-01-01T00:00:00,F,35,779.0567999999985,43439.0,36228.0,0.0179345012546329,80485.19490999996,1379.6261800000043,0.009679504421541803,0.0,0.0
BC,past,2019-01-01T00:00:00,F,36,770.3431999999957,43439.0,36026.0,0.017733907318308335,80485.19490999996,1379.6261800000043,0.009571241032110413,0.0,0.0
BC,past,2019-01-01T00:00:00,F,37,670.3152000000046,43439.0,35805.0,0.015431183959115186,80485.19490999996,1379.6261800000043,0.00832842861037441,0.0,0.0
BC,past,2019-01-01T00:00:00,F,38,558.601250000007,43439.0,34668.00000000001,0.012859440825065195,80485.19490999996,1379.6261800000043,0.006940422404699961,0.0,0.0
BC,past,2019-01-01T00:00:00,F,39,542.5345199999938,43439.0,34104.0,0.012489572043555188,80485.19490999996,1379.6261800000043,0.0067407989830510565,0.0,0.0
BC,past,2019-01-01T00:00:00,F,40,427.7533900000017,43439.0,32634.0,0.00984722000966877,80485.19490999996,1379.6261800000043,0.005314684153754283,0.0,0.0
BC,past,2019-01-01T00:00:00,F,41,401.72439999999915,43439.0,31879.0,0.009248012154975924,80485.19490999996,1379.6261800000043,0.004991283185053038,0.0,0.0
BC,past,2019-01-01T00:00:00,F,42,380.30337000000145,43439.0,31860.000000000004,0.008754883169502094,80485.19490999996,1379.6261800000043,0.004725134484985266,0.0,0.0
BC,past,2019-01-01T00:00:00,F,43,344.51778000000195,43439.0,32474.000000000004,0.007931070696839291,80485.19490999996,1379.6261800000043,0.004280511221787412,0.0,0.0
BC,past,2019-01-01T00:00:00,F,44,306.28832000000693,43439.0,32281.000000000007,0.007050998411565803,80485.19490999996,1379.6261800000043,0.0038055237406395574,0.0,0.0
BC,past,2019-01-01T00:00:00,F,45,293.6520900000032,43439.0,32377.0,0.006760102442505657,80485.19490999996,1379.6261800000043,0.0036485230647496157,0.0,0.0
BC,past,2019-01-01T00:00:00,F,46,243.41253999999026,43439.0,32758.0,0.005603548424226853,80485.19490999996,1379.6261800000043,0.0030243144751302235,0.0,0.0
BC,past,2019-01-01T00:00:00,F,47,234.82443999999668,43439.0,33387.0,0.005405843596767805,80485.19490999996,1379.6261800000043,0.0029176103786861885,0.0,0.0
BC,past,2019-01-01T00:00:00,F,48,198.22739999998885,43439.0,35874.0,0.004563350905867742,80485.19490999996,1379.6261800000043,0.002462905137046017,0.0,0.0
BC,past,2019-01-01T00:00:00,F,49,186.2913499999995,43439.0,36197.00000000001,0.004288573631989675,80485.19490999996,1379.6261800000043,0.0023146039493140815,0.0,0.0
BC,past,2019-01-01T00:00:00,F,50,149.15844000000652,43439.0,36092.00000000001,0.003433744791546917,80485.19490999996,1379.6261800000043,0.001853240712988249,0.0,0.0
BC,past,2019-01-01T00:00:00,F,51,114.91001999999571,43439.0,34914.00000000001,0.002645319183222351,80485.19490999996,1379.6261800000043,0.001427716241831684,0.0,0.0
BC,past,2019-01-01T00:00:00,F,52,130.83267999999953,43439.0,34043.00000000001,0.0030118713598379226,80485.19490999996,1379.6261800000043,0.001625549644829699,0.0,0.0
BC,past,2019-01-01T00:00:00,F,53,144.0906299999915,43439.0,35652.99999999999,0.0033170798130710078,80485.19490999996,1379.6261800000043,0.0017902749712057767,0.0,0.0
BC,past,2019-01-01T00:00:00,F,54,156.64010000000417,43439.0,37292.0,0.0036059784985843176,80485.19490999996,1379.6261800000043,0.0019461976848681554,0.0,0.0
BC,past,2019-01-01T00:00:00,F,55,149.3755200000087,43439.0,39444.00000000001,0.0034387421441563733,80485.19490999996,1379.6261800000043,0.0018559378549936193,0.0,0.0
BC,past,2019-01-01T00:00:00,F,56,141.50471999999718,43439.0,39528.0,0.003257550127765307,80485.19490999996,1379.6261800000043,0.0017581459566350108,0.0,0.0
BC,past,2019-01-01T00:00:00,F,57,107.80250000000524,43439.0,38113.0,0.002481698473721891,80485.19490999996,1379.6261800000043,0.0013394078267506464,0.0,0.0
BC,past,2019-01-01T00:00:00,F,58,103.88177999999607,43439.0,38411.0,0.0023914404106907634,80485.19490999996,1379.6261800000043,0.0012906942713645485,0.0,0.0
BC,past,2019-01-01T00:00:00,F,59,97.03730000001087,43439.0,38327.00000000001,0.002233875089205803,80485.19490999996,1379.6261800000043,0.0012056540349876742,0.0,0.0
BC,past,2019-01-01T00:00:00,F,60,124.62827000000107,43439.0,37701.0,0.00286904095398147,80485.19490999996,1379.6261800000043,0.0015484620511805023,0.0,0.0
BC,past,2019-01-01T00:00:00,F,61,150.00039999999717,43439.0,37440.0,0.003453127374018674,80485.19490999996,1379.6261800000043,0.0018637017673589584,0.0,0.0
BC,past,2019-01-01T00:00:00,F,62,143.96602000000712,43439.0,36514.00000000001,0.0033142111927071784,80485.19490999996,1379.6261800000043,0.0017887267361530602,0.0,0.0
BC,past,2019-01-01T00:00:00,F,63,169.72275000000081,43439.0,35976.0,0.003907151407721191,80485.19490999996,1379.6261800000043,0.0021087449709202783,0.0,0.0
BC,past,2019-01-01T00:00:00,F,64,173.62415000000328,43439.0,35452.00000000001,0.0039969647091324225,80485.19490999996,1379.6261800000043,0.002157218482158775,0.0,0.0
BC,past,2019-01-01T00:00:00,F,65,150.5323800000042,43439.0,34150.00000000001,0.0034653739726974424,80485.19490999996,1379.6261800000043,0.001870311430174609,0.0,0.0
BC,past,2019-01-01T00:00:00,F,66,145.26620999999795,43439.0,32569.0,0.003344142590759409,80485.19490999996,1379.6261800000043,0.0018048811357472307,0.0,0.0
BC,past,2019-01-01T00:00:00,F,67,110.66304000000673,43439.0,31287.0,0.002547550357973405,80485.19490999996,1379.6261800000043,0.0013749490216648191,0.0,0.0
BC,past,2019-01-01T00:00:00,F,68,98.88968000000386,43439.0,30419.000000000004,0.002276518336057549,80485.19490999996,1379.6261800000043,0.0012286691994792848,0.0,0.0
BC,past,2019-01-01T00:00:00,F,69,143.04919999999402,43439.0,30169.0,0.0032931052740623407,80485.19490999996,1379.6261800000043,0.0017773355728336656,0.0,0.0
BC,past,2019-01-01T00:00:00,F,70,84.36022999999841,43439.0,28703.0,0.0019420389511728726,80485.19490999996,1379.6261800000043,0.0010481459365828906,0.0,0.0
BC,past,2019-01-01T00:00:00,F,71,72.25471000000107,43439.0,28278.0,0.0016633603443910096,80485.19490999996,1379.6261800000043,0.000897739144209039,0.0,0.0
BC,past,2019-01-01T00:00:00,F,72,57.99981999999363,43439.0,27759.0,0.0013352015469967917,80485.19490999996,1379.6261800000043,0.0007206271919307657,0.0,0.0
BC,past,2019-01-01T00:00:00,F,73,62.91559999999663,43439.0,22601.0,0.0014483666751075445,80485.19490999996,1379.6261800000043,0.0007817040148855951,0.0,0.0
BC,past,2019-01-01T00:00:00,F,74,65.63431999999739,43439.0,20832.0,0.0015109537512373072,80485.19490999996,1379.6261800000043,0.0008154831466009482,0.0,0.0
BC,past,2019-01-01T00:00:00,F,75,12.79591999999684,43439.0,20198.0,0.00029457215865919656,80485.19490999996,1379.6261800000043,0.00015898476750047602,0.0,0.0
BC,past,2019-01-01T00:00:00,F,76,3.5558799999998882,43439.0,18889.000000000004,8.185915882041226e-05,80485.19490999996,1379.6261800000043,4.418054778864783e-05,0.0,0.0
BC,past,2019-01-01T00:00:00,F,77,-34.081640000000334,43439.0,17101.0,-0.0007845862013398175,80485.19490999996,1379.6261800000043,0.0,0.024703532372805675,0.0019929618150985517
BC,past,2019-01-01T00:00:00,F,78,-40.01539999999841,43439.0,16186.000000000002,-0.0009211860309859437,80485.19490999996,1379.6261800000043,0.0,0.029004523529698664,0.0024722229086864204
BC,past,2019-01-01T00:00:00,F,79,-15.76702000000114,43439.0,14597.0,-0.0003629692212067759,80485.19490999996,1379.6261800000043,0.0,0.011428472602630003,0.0010801548263342563
BC,past,2019-01-01T00:00:00,F,80,-37.355969999998706,43439.0,13459.000000000002,-0.0008599638573631692,80485.19490999996,1379.6261800000043,0.0,0.02707687817289651,0.002775538301508188
BC,past,2019-01-01T00:00:00,F,81,-24.47968000000219,43439.0,12856.0,-0.0005635415179907961,80485.19490999996,1379.6261800000043,0.0,0.017743705037550184,0.0019041443683884716
BC,past,2019-01-01T00:00:00,F,82,-35.273740000000544,43439.0,12074.0,-0.0008120292824420577,80485.19490999996,1379.6261800000043,0.0,0.02556760701656186,0.0029214626470101496
BC,past,2019-01-01T00:00:00,F,83,1.0119999999969878,43439.0,11276.0,2.3297037224544482e-05,80485.19490999996,1379.6261800000043,1.257374106043509e-05,0.0,0.0
BC,past,2019-01-01T00:00:00,F,84,15.4451300000037,43439.0,10364.000000000002,0.00035555905983111264,80485.19490999996,1379.6261800000043,0.00019190026211994308,0.0,0.0
BC,past,2019-01-01T00:00:00,F,85,-26.70528000000013,43439.0,9520.0,-0.000614776583254682,80485.19490999996,1379.6261800000043,0.0,0.019356895648356024,0.002805176470588249
BC,past,2019-01-01T00:00:00,F,86,-23.43044000000191,43439.0,9039.0,-0.0005393871866295704,80485.19490999996,1379.6261800000043,0.0,0.016983180182911457,0.002592149574068139
BC,past,2019-01-01T00:00:00,F,87,-71.23215999999957,43439.0,8212.0,-0.0016398204378553734,80485.19490999996,1379.6261800000043,0.0,0.05163149339482623,0.008674154895275154
BC,past,2019-01-01T00:00:00,F,88,-28.59498000000076,43439.0,7581.0,-0.0006582789659062309,80485.19490999996,1379.6261800000043,0.0,0.020726614509446805,0.0037719271863871206
BC,past,2019-01-01T00:00:00,F,89,-120.57979999999861,43439.0,6637.000000000001,-0.0027758419853127054,80485.19490999996,1379.6261800000043,0.0,0.08740034202598145,0.01816781678469167
BC,past,2019-01-01T00:00:00,F,90,-70.43989000000056,43439.0,5786.0,-0.001621581758327783,80485.19490999996,1379.6261800000043,0.0,0.05105722914014312,0.012174194607673793
BC,past,2019-01-01T00:00:00,F,91,-32.212900000000445,43439.0,5111.0,-0.0007415663343999735,80485.19490999996,1379.6261800000043,0.0,0.02334900603292433,0.006302660927411553
BC,past,2019-01-01T00:00:00,F,92,-49.33567999999923,43439.0,4355.000000000001,-0.001135746218835591,80485.19490999996,1379.6261800000043,0.0,0.035760179616190726,0.011328514351320143
BC,past,2019-01-01T00:00:00,F,93,-60.281740000000354,43439.0,3617.0,-0.0013877331430281626,80485.19490999996,1379.6261800000043,0.0,0.04369425636733,0.016666226154271595
BC,past,2019-01-01T00:00:00,F,94,-29.45845000000054,43439.0,2995.0,-0.0006781567255231599,80485.19490999996,1379.6261800000043,0.0,0.021352486946862988,0.009835876460768127
BC,past,2019-01-01T00:00:00,F,95,-24.678719999999885,43439.0,2336.0,-0.000568123575588754,80485.19490999996,1379.6261800000043,0.0,0.017887976002310863,0.010564520547945155
BC,past,2019-01-01T00:00:00,F,96,-0.7147799999995641,43439.0,1962.0000000000002,-1.6454798683200903e-05,80485.19490999996,1379.6261800000043,0.0,0.0005180968659202755,0.0003643119266052824
BC,past,2019-01-01T00:00:00,F,97,-38.762770000000046,43439.0,1378.0,-0.0008923495015999458,80485.19490999996,1379.6261800000043,0.0,0.028096574682280908,0.028129731494920207
BC,past,2019-01-01T00:00:00,F,98,-32.160880000000134,43439.0,1035.0,-0.0007403687930201003,80485.19490999996,1379.6261800000043,0.0,0.023311300166832173,0.031073314009661963
BC,past,2019-01-01T00:00:00,F,99,15.342119999999909,43439.0,868.0,0.0003531876884826978,80485.19490999996,1379.6261800000043,0.00019062039940582554,0.0,0.0
BC,past,2019-01-01T00:00:00,F,100,910.3376300000001,43439.0,1427.0,0.020956689380510603,80485.19490999996,1379.6261800000043,0.011310622171170195,0.0,0.0
BC,past,2019-01-01T00:00:00,M,1,365.92445000000225,43439.0,22926.0,0.008423869103800784,80485.19490999996,1379.6261800000043,0.004546481503948469,0.0,0.0
BC,past,2019-01-01T00:00:00,M,2,301.2803399999975,43439.0,23729.0,0.006935710766822384,80485.19490999996,1379.6261800000043,0.0037433013653864512,0.0,0.0
BC,past,2019-01-01T00:00:00,M,3,292.6060099999995,43439.0,23981.0,0.00673602085683371,80485.19490999996,1379.6261800000043,0.0036355258917767047,0.0,0.0
BC,past,2019-01-01T00:00:00,M,4,360.2058099999995,43439.0,24867.0,0.008292221506019925,80485.19490999996,1379.6261800000043,0.004475429430254699,0.0,0.0
BC,past,2019-01-01T00:00:00,M,5,363.9520799999991,43439.0,24763.0,0.008378463592624119,80485.19490999996,1379.6261800000043,0.004521975506265184,0.0,0.0
BC,past,2019-01-01T00:00:00,M,6,388.7297000000035,43439.0,25097.0,0.008948863924123564,80485.19490999996,1379.6261800000043,0.004829828646556528,0.0,0.0
BC,past,2019-01-01T00:00:00,M,7,333.47090000000026,43439.0,24847.0,0.007676762816823598,80485.19490999996,1379.6261800000043,0.004143257655931549,0.0,0.0
BC,past,2019-01-01T00:00:00,M,8,314.4576999999954,43439.0,24607.999999999996,0.0072390639747691105,80485.19490999996,1379.6261800000043,0.003907025389596532,0.0,0.0
BC,past,2019-01-01T00:00:00,M,9,309.49879999999393,43439.0,25287.999999999996,0.007124906190289692,80485.19490999996,1379.6261800000043,0.0038454128159356666,0.0,0.0
BC,past,2019-01-01T00:00:00,M,10,322.5143399999979,43439.0,25560.0,0.0074245341743593984,80485.19490999996,1379.6261800000043,0.004007126284040679,0.0,0.0
BC,past,2019-01-01T00:00:00,M,11,332.50228000000425,43439.0,25369.000000000004,0.007654464421372597,80485.19490999996,1379.6261800000043,0.004131222895984963,0.0,0.0
BC,past,2019-01-01T00:00:00,M,12,265.7183599999953,43439.0,24812.0,0.006117045972513072,80485.19490999996,1379.6261800000043,0.0033014563771278246,0.0,0.0
BC,past,2019-01-01T00:00:00,M,13,305.1727800000008,43439.0,24445.0,0.007025317801975202,80485.19490999996,1379.6261800000043,0.0037916635518029204,0.0,0.0
BC,past,2019-01-01T00:00:00,M,14,462.13455999999496,43439.0,24571.0,0.01063870162756958,80485.19490999996,1379.6261800000043,0.005741857996576419,0.0,0.0
BC,past,2019-01-01T00:00:00,M,15,669.6863500000036,43439.0,25330.0,0.015416707336725146,80485.19490999996,1379.6261800000043,0.008320615372167009,0.0,0.0
BC,past,2019-01-01T00:00:00,M,16,1075.6590000000033,43439.0,26598.0,0.024762517553350752,80485.19490999996,1379.6261800000043,0.013364681556686608,0.0,0.0
BC,past,2019-01-01T00:00:00,M,17,889.1426199999951,43439.0,27274.0,0.020468763553488686,80485.19490999996,1379.6261800000043,0.011047281689436807,0.0,0.0
BC,past,2019-01-01T00:00:00,M,18,1550.3172200000008,43439.0,29464.000000000004,0.03568952369990103,80485.19490999996,1379.6261800000043,0.019262141586829654,0.0,0.0
BC,past,2019-01-01T00:00:00,M,19,3178.7792800000025,43439.0,33406.0,0.07317800317686877,80485.19490999996,1379.6261800000043,0.03949520509398744,0.0,0.0
BC,past,2019-01-01T00:00:00,M,20,1939.400219999996,43439.0,35331.0,0.044646520868344024,80485.19490999996,1379.6261800000043,0.02409635986057646,0.0,0.0
BC,past,2019-01-01T00:00:00,M,21,1530.6087100000004,43439.0,35534.0,0.03523581827390134,80485.19490999996,1379.6261800000043,0.01901727034035956,0.0,0.0
BC,past,2019-01-01T00:00:00,M,22,1287.4234199999992,43439.0,35748.0,0.02963750132369528,80485.19490999996,1379.6261800000043,0.015995779365877413,0.0,0.0
BC,past,2019-01-01T00:00:00,M,23,1312.5144,43439.0,35757.0,0.030215115449250676,80485.19490999996,1379.6261800000043,0.016307525893025147,0.0,0.0
BC,past,2019-01-01T00:00:00,M,24,1194.4172800000015,43439.0,36349.0,0.027496426713322163,80485.19490999996,1379.6261800000043,0.01484021106410466,0.0,0.0
BC,past,2019-01-01T00:00:00,M,25,1236.537550000001,43439.0,36349.0,0.02846606850986443,80485.19490999996,1379.6261800000043,0.015363540479497131,0.0,0.0
BC,past,2019-01-01T00:00:00,M,26,1318.7911999999997,43439.0,36497.0,0.03035961232993392,80485.19490999996,1379.6261800000043,0.01638551290674883,0.0,0.0
BC,past,2019-01-01T00:00:00,M,27,1255.304640000002,43439.0,36934.0,0.028898101705840423,80485.19490999996,1379.6261800000043,0.015596714916373216,0.0,0.0
BC,past,2019-01-01T00:00:00,M,28,1236.2403200000044,43439.0,37462.0,0.02845922604111523,80485.19490999996,1379.6261800000043,0.015359847502169701,0.0,0.0
BC,past,2019-01-01T00:00:00,M,29,1156.7407600000006,43439.0,38089.0,0.026629083542438835,80485.19490999996,1379.6261800000043,0.014372093666338133,0.0,0.0
BC,past,2019-01-01T00:00:00,M,30,1291.8309999999983,43439.0,37791.0,0.02973896728746054,80485.19490999996,1379.6261800000043,0.01605054198408226,0.0,0.0
BC,past,2019-01-01T00:00:00,M,31,1103.5506000000023,43439.0,36990.0,0.025404604157554325,80485.19490999996,1379.6261800000043,0.013711224794001097,0.0,0.0
BC,past,2019-01-01T00:00:00,M,32,965.6832100000029,43439.0,36941.0,0.02223078823177336,80485.19490999996,1379.6261800000043,0.01199827137251575,0.0,0.0
BC,past,2019-01-01T00:00:00,M,33,895.1835000000065,43439.0,37629.00000000001,0.02060782936992119,80485.19490999996,1379.6261800000043,0.011122337480837529,0.0,0.0
BC,past,2019-01-01T00:00:00,M,34,881.2130800000014,43439.0,37327.0,0.02028621929602434,80485.19490999996,1379.6261800000043,0.010948759967412519,0.0,0.0
BC,past,2019-01-01T00:00:00,M,35,866.6224000000002,43439.0,36823.0,0.019950330348304523,80485.19490999996,1379.6261800000043,0.010767475943483438,0.0,0.0
BC,past,2019-01-01T00:00:00,M,36,791.6637599999958,43439.0,36036.0,0.01822472340523483,80485.19490999996,1379.6261800000043,0.009836141428063248,0.0,0.0
BC,past,2019-01-01T00:00:00,M,37,609.0472399999999,43439.0,35405.0,0.014020747254771055,80485.19490999996,1379.6261800000043,0.0075671959380982775,0.0,0.0
BC,past,2019-01-01T00:00:00,M,38,527.3200700000016,43439.0,34325.0,0.012139323419047436,80485.19490999996,1379.6261800000043,0.006551764838112906,0.0,0.0
BC,past,2019-01-01T00:00:00,M,39,484.09649999999965,43439.0,33290.0,0.011144282787356975,80485.19490999996,1379.6261800000043,0.0060147273115425184,0.0,0.0
BC,past,2019-01-01T00:00:00,M,40,542.296699999999,43439.0,31814.0,0.012484097239807522,80485.19490999996,1379.6261800000043,0.006737844153901909,0.0,0.0
BC,past,2019-01-01T00:00:00,M,41,470.4441599999991,43439.0,30909.0,0.010829995165634548,80485.19490999996,1379.6261800000043,0.005845101829299892,0.0,0.0
BC,past,2019-01-01T00:00:00,M,42,417.15456999999515,43439.0,30940.999999999996,0.0096032268238218,80485.19490999996,1379.6261800000043,0.005182997574478948,0.0,0.0
BC,past,2019-01-01T00:00:00,M,43,398.57860000000073,43439.0,30595.0,0.009175593360804823,80485.19490999996,1379.6261800000043,0.004952197735815869,0.0,0.0
BC,past,2019-01-01T00:00:00,M,44,392.30083000000013,43439.0,30851.999999999996,0.009031074149957415,80485.19490999996,1379.6261800000043,0.004874198670186215,0.0,0.0
BC,past,2019-01-01T00:00:00,M,45,337.2020499999999,43439.0,30730.0,0.007762656829116689,80485.19490999996,1379.6261800000043,0.004189615871304847,0.0,0.0
BC,past,2019-01-01T00:00:00,M,46,304.84381999999823,43439.0,30934.999999999996,0.007017744883629877,80485.19490999996,1379.6261800000043,0.003787576340479516,0.0,0.0
BC,past,2019-01-01T00:00:00,M,47,231.00660000000425,43439.0,31690.0,0.005317953912382979,80485.19490999996,1379.6261800000043,0.0028701750708104777,0.0,0.0
BC,past,2019-01-01T00:00:00,M,48,214.1845600000015,43439.0,33765.99999999999,0.004930697299661629,80485.19490999996,1379.6261800000043,0.0026611671903075673,0.0,0.0
BC,past,2019-01-01T00:00:00,M,49,184.8527000000031,43439.0,34056.0,0.004255454775662495,80485.19490999996,1379.6261800000043,0.002296729233329295,0.0,0.0
BC,past,2019-01-01T00:00:00,M,50,174.1134999999922,43439.0,33654.99999999999,0.0040082299316280805,80485.19490999996,1379.6261800000043,0.002163298482344351,0.0,0.0
BC,past,2019-01-01T00:00:00,M,51,84.13836000000083,43439.0,32848.0,0.0019369313289900971,80485.19490999996,1379.6261800000043,0.0010453892805265105,0.0,0.0
BC,past,2019-01-01T00:00:00,M,52,113.92784000000029,43439.0,32562.0,0.0026227086258891847,80485.19490999996,1379.6261800000043,0.0014155130036946112,0.0,0.0
BC,past,2019-01-01T00:00:00,M,53,63.135739999997895,43439.0,33911.0,0.0014534344713275603,80485.19490999996,1379.6261800000043,0.000784439176305623,0.0,0.0
BC,past,2019-01-01T00:00:00,M,54,127.57839999999851,43439.0,35800.0,0.002936955270609326,80485.19490999996,1379.6261800000043,0.0015851163700685454,0.0,0.0
BC,past,2019-01-01T00:00:00,M,55,120.56682,43439.0,37329.0,0.0027755431754874654,80485.19490999996,1379.6261800000043,0.0014979999754590899,0.0,0.0
BC,past,2019-01-01T00:00:00,M,56,150.3092000000106,43439.0,38108.0,0.0034602361932827785,80485.19490999996,1379.6261800000043,0.0018675384978329137,0.0,0.0
BC,past,2019-01-01T00:00:00,M,57,103.65063999999984,43439.0,36668.0,0.0023861193858053784,80485.19490999996,1379.6261800000043,0.0012878224388460997,0.0,0.0
BC,past,2019-01-01T00:00:00,M,58,114.037270000008,43439.0,36720.0,0.0026252277906951816,80485.19490999996,1379.6261800000043,0.0014168726326317105,0.0,0.0
BC,past,2019-01-01T00:00:00,M,59,95.51611999999295,43439.0,36279.99999999999,0.0021988563272633565,80485.19490999996,1379.6261800000043,0.0011867539130246357,0.0,0.0
BC,past,2019-01-01T00:00:00,M,60,132.87376999999833,43439.0,35410.0,0.0030588588595501353,80485.19490999996,1379.6261800000043,0.001650909464139091,0.0,0.0
BC,past,2019-01-01T00:00:00,M,61,146.09756000000198,43439.0,35501.0,0.0033632809226732193,80485.19490999996,1379.6261800000043,0.0018152103646312961,0.0,0.0
BC,past,2019-01-01T00:00:00,M,62,145.31647999999404,43439.0,34167.99999999999,0.0033452998457605848,80485.19490999996,1379.6261800000043,0.0018055057226672511,0.0,0.0
BC,past,2019-01-01T00:00:00,M,63,135.57434999999532,43439.0,33813.0,0.0031210283385896386,80485.19490999996,1379.6261800000043,0.0016844632127883529,0.0,0.0
BC,past,2019-01-01T00:00:00,M,64,132.62063999999373,43439.0,32939.99999999999,0.003053031607541466,80485.19490999996,1379.6261800000043,0.0016477644136700246,0.0,0.0
BC,past,2019-01-01T00:00:00,M,65,77.49543999999878,43439.0,31262.0,0.0017840060774879435,80485.19490999996,1379.6261800000043,0.0009628533556594554,0.0,0.0
BC,past,2019-01-01T00:00:00,M,66,88.48245999999926,43439.0,30415.0,0.0020369359331476153,80485.19490999996,1379.6261800000043,0.0010993631822466478,0.0,0.0
BC,past,2019-01-01T00:00:00,M,67,95.06111999999484,43439.0,29259.999999999996,0.0021883818688274324,80485.19490999996,1379.6261800000043,0.0011811006994055732,0.0,0.0
BC,past,2019-01-01T00:00:00,M,68,88.10109999999622,43439.0,28365.999999999996,0.0020281567255230606,80485.19490999996,1379.6261800000043,0.001094624919508644,0.0,0.0
BC,past,2019-01-01T00:00:00,M,69,72.0927000000047,43439.0,28008.0,0.0016596307465642556,80485.19490999996,1379.6261800000043,0.00089572622742133,0.0,0.0
BC,past,2019-01-01T00:00:00,M,70,71.28376000000571,43439.0,26640.0,0.001641008310504517,80485.19490999996,1379.6261800000043,0.0008856754348388736,0.0,0.0
BC,past,2019-01-01T00:00:00,M,71,98.22474999999758,43439.0,26568.999999999996,0.0022612111236445954,80485.19490999996,1379.6261800000043,0.0012204076800687918,0.0,0.0
BC,past,2019-01-01T00:00:00,M,72,67.88750000000073,43439.0,25831.999999999996,0.0015628237298280514,80485.19490999996,1379.6261800000043,0.0008434781089356097,0.0,0.0
BC,past,2019-01-01T00:00:00,M,73,59.71639000000141,43439.0,21008.0,0.00137471834066165,80485.19490999996,1379.6261800000043,0.0007419549653421028,0.0,0.0
BC,past,2019-01-01T00:00:00,M,74,79.1280399999996,43439.0,19278.999999999996,0.0018215898156034808,80485.19490999996,1379.6261800000043,0.000983137831603465,0.0,0.0
BC,past,2019-01-01T00:00:00,M,75,41.31007999999929,43439.0,18753.0,0.0009509905844977851,80485.19490999996,1379.6261800000043,0.0005132630920033553,0.0,0.0
BC,past,2019-01-01T00:00:00,M,76,17.682840000001306,43439.0,17535.0,0.00040707290683490195,80485.19490999996,1379.6261800000043,0.00021970301519148443,0.0,0.0
BC,past,2019-01-01T00:00:00,M,77,0.14178000000174507,43439.0,15654.0,3.2638872902632443e-06,80485.19490999996,1379.6261800000043,1.7615662130195012e-06,0.0,0.0
BC,past,2019-01-01T00:00:00,M,78,31.42019999999866,43439.0,14399.999999999998,0.0007233177559335771,80485.19490999996,1379.6261800000043,0.00039038484077889493,0.0,0.0
BC,past,2019-01-01T00:00:00,M,79,20.094750000002023,43439.0,13195.0,0.0004625969750685334,80485.19490999996,1379.6261800000043,0.00024967014147722876,0.0,0.0
BC,past,2019-01-01T00:00:00,M,80,25.71636000000035,43439.0,12081.0,0.0005920108658118361,80485.19490999996,1379.6261800000043,0.00031951665183586696,0.0,0.0
BC,past,2019-01-01T00:00:00,M,81,10.606719999999768,43439.0,10940.999999999998,0.0002441750500702081,80485.19490999996,1379.6261800000043,0.00013178473397325308,0.0,0.0
BC,past,2019-01-01T00:00:00,M,82,-34.38797000000159,43439.0,10091.999999999998,-0.0007916381592578464,80485.19490999996,1379.6261800000043,0.0,0.024925570780341005,0.0034074484740390007
BC,past,2019-01-01T00:00:00,M,83,-26.64509999999973,43439.0,9545.999999999998,-0.0006133911922465925,80485.19490999996,1379.6261800000043,0.0,0.019313275136602328,0.002791231929603995
BC,past,2019-01-01T00:00:00,M,84,-60.764500000001135,43439.0,8457.999999999998,-0.001398846658532681,80485.19490999996,1379.6261800000043,0.0,0.04404417724227366,0.0071842634192481845
BC,past,2019-01-01T00:00:00,M,85,-13.495920000000297,43439.0,7763.0,-0.00031068671009922645,80485.19490999996,1379.6261800000043,0.0,0.009782302043587094,0.0017384928507020864
BC,past,2019-01-01T00:00:00,M,86,-30.408409999998185,43439.0,6963.0,-0.0007000255530743844,80485.19490999996,1379.6261800000043,0.0,0.02204105027928514,0.004367142036478268
BC,past,2019-01-01T00:00:00,M,87,-59.65589,43439.0,6254.0,-0.0013733255830014504,80485.19490999996,1379.6261800000043,0.0,0.043240618991442895,0.009538837543971859
BC,past,2019-01-01T00:00:00,M,88,-64.28220000000056,43439.0,5482.999999999999,-0.0014798268836759723,80485.19490999996,1379.6261800000043,0.0,0.04659392589955082,0.011723910268101509
BC,past,2019-01-01T00:00:00,M,89,-56.567480000000614,43439.0,4579.999999999999,-0.001302227951840526,80485.19490999996,1379.6261800000043,0.0,0.04100203433367758,0.012350978165939
BC,past,2019-01-01T00:00:00,M,90,-18.691939999999704,43439.0,3722.9999999999995,-0.000430303183774942,80485.19490999996,1379.6261800000043,0.0,0.013548554145297277,0.005020666129465406
BC,past,2019-01-01T00:00:00,M,91,-11.37900000000036,43439.0,2956.9999999999995,-0.0002619535440502857,80485.19490999996,1379.6261800000043,0.0,0.0082478863948496,0.003848156915793156
BC,past,2019-01-01T00:00:00,M,92,-38.67949999999928,43439.0,2365.0,-0.0008904325606022073,80485.19490999996,1379.6261800000043,0.0,0.028036217752840237,0.016354968287526122
BC,past,2019-01-01T00:00:00,M,93,-17.697120000000268,43439.0,1856.9999999999998,-0.00040740164368425303,80485.19490999996,1379.6261800000043,0.0,0.012827474758416234,0.009529951534733587
BC,past,2019-01-01T00:00:00,M,94,-54.46915999999965,43439.0,1309.0,-0.001253922972444109,80485.19490999996,1379.6261800000043,0.0,0.039481100597844175,0.04161127578304022
BC,past,2019-01-01T00:00:00,M,95,-20.385229999999865,43439.0,982.9999999999999,-0.0004692840535003077,80485.19490999996,1379.6261800000043,0.0,0.014775908355116748,0.020737772126144322
BC,past,2019-01-01T00:00:00,M,96,-51.30792000000008,43439.0,674.9999999999998,-0.0011811487373097926,80485.19490999996,1379.6261800000043,0.0,0.037189726277881974,0.07601173333333348
BC,past,2019-01-01T00:00:00,M,97,-25.246920000000046,43439.0,474.99999999999994,-0.000581203987200443,80485.19490999996,1379.6261800000043,0.0,0.01829982669653309,0.05315141052631589
BC,past,2019-01-01T00:00:00,M,98,23.410459999999944,43439.0,400.99999999999994,0.0005389272312898534,80485.19490999996,1379.6261800000043,0.0002908666622001469,0.0,0.0
BC,past,2019-01-01T00:00:00,M,99,2.040180000000049,43439.0,258.0,4.696655079536935e-05,80485.19490999996,1379.6261800000043,2.53485128821694e-05,0.0,0.0
BC,past,2019-01-01T00:00:00,M,100,245.86703999999997,43439.0,372.99999999999994,0.005660052947811874,80485.19490999996,1379.6261800000043,0.0030548107670601166,0.0,0.0
BC,past,2020-01-01T00:00:00,F,1,243.4388299999955,43134.0,21295.0,0.00564378054435006,60567.750739999945,1461.8546299999937,0.004019281334137846,0.0,0.0
BC,past,2020-01-01T00:00:00,F,2,280.3695999999982,43134.0,22124.0,0.006499967543005475,60567.750739999945,1461.8546299999937,0.004629024465569884,0.0,0.0
BC,past,2020-01-01T00:00:00,F,3,332.3423000000039,43134.0,22611.000000000004,0.007704880140956181,60567.750739999945,1461.8546299999937,0.005487116426473462,0.0,0.0
BC,past,2020-01-01T00:00:00,F,4,327.6881199999989,43134.0,22726.0,0.00759697964482772,60567.750739999945,1461.8546299999937,0.005410273883319035,0.0,0.0
BC,past,2020-01-01T00:00:00,F,5,458.2612999999983,43134.0,23069.0,0.010624131775397559,60567.750739999945,1461.8546299999937,0.007566094074835025,0.0,0.0
BC,past,2020-01-01T00:00:00,F,6,448.83991999999853,43134.0,23446.0,0.010405710576343454,60567.750739999945,1461.8546299999937,0.0074105429789978515,0.0,0.0
BC,past,2020-01-01T00:00:00,F,7,446.6465399999979,43134.0,23966.999999999996,0.010354860203088003,60567.750739999945,1461.8546299999937,0.007374329317879476,0.0,0.0
BC,past,2020-01-01T00:00:00,F,8,390.6531199999954,43134.0,24004.999999999996,0.009056732971669574,60567.750739999945,1461.8546299999937,0.006449853514900325,0.0,0.0
BC,past,2020-01-01T00:00:00,F,9,327.4108999999953,43134.0,23841.0,0.00759055269624879,60567.750739999945,1461.8546299999937,0.005405696860124075,0.0,0.0
BC,past,2020-01-01T00:00:00,F,10,300.44647999999506,43134.0,24407.0,0.006965421245421131,60567.750739999945,1461.8546299999937,0.0049605025170858,0.0,0.0
BC,past,2020-01-01T00:00:00,F,11,259.4642399999975,43134.0,24662.0,0.0060153067185978,60567.750739999945,1461.8546299999937,0.0042838678476571366,0.0,0.0
BC,past,2020-01-01T00:00:00,F,12,280.47581999999966,43134.0,24875.999999999996,0.006502430101544018,60567.750739999945,1461.8546299999937,0.004630778204130483,0.0,0.0
BC,past,2020-01-01T00:00:00,F,13,303.68538999999873,43134.0,24379.0,0.007040510733991717,60567.750739999945,1461.8546299999937,0.005013978334834216,0.0,0.0
BC,past,2020-01-01T00:00:00,F,14,383.1261599999998,43134.0,24005.0,0.00888223118653498,60567.750739999945,1461.8546299999937,0.006325580120098086,0.0,0.0
BC,past,2020-01-01T00:00:00,F,15,626.0955600000016,43134.0,24435.000000000004,0.01451512866879959,60567.750739999945,1461.8546299999937,0.010337110960049531,0.0,0.0
BC,past,2020-01-01T00:00:00,F,16,987.8972000000031,43134.0,25469.000000000004,0.022902981406778947,60567.750739999945,1461.8546299999937,0.01631061394768915,0.0,0.0
BC,past,2020-01-01T00:00:00,F,17,681.141679999997,43134.0,26180.0,0.015791294106737075,60567.750739999945,1461.8546299999937,0.011245946426571852,0.0,0.0
BC,past,2020-01-01T00:00:00,F,18,1023.3625599999978,43134.0,27147.999999999996,0.023725194973802516,60567.750739999945,1461.8546299999937,0.016896162520431062,0.0,0.0
BC,past,2020-01-01T00:00:00,F,19,2349.737660000006,43134.0,30527.0,0.05447530161821315,60567.750739999945,1461.8546299999937,0.03879519432852573,0.0,0.0
BC,past,2020-01-01T00:00:00,F,20,1120.4720600000073,43134.0,32490.000000000004,0.025976539620717005,60567.750739999945,1461.8546299999937,0.01849948274965458,0.0,0.0
BC,past,2020-01-01T00:00:00,F,21,276.44584000000395,43134.0,32752.0,0.006409000788241386,60567.750739999945,1461.8546299999937,0.004564241475413327,0.0,0.0
BC,past,2020-01-01T00:00:00,F,22,1.151000000001659,43134.0,32597.0,2.6684286177995524e-05,60567.750739999945,1461.8546299999937,1.900351236324712e-05,0.0,0.0
BC,past,2020-01-01T00:00:00,F,23,493.5708799999993,43134.0,32229.0,0.011442733806278095,60567.750739999945,1461.8546299999937,0.008149070651785602,0.0,0.0
BC,past,2020-01-01T00:00:00,F,24,464.8978999999963,43134.0,33448.0,0.010777991839384158,60567.750739999945,1461.8546299999937,0.007675667237432511,0.0,0.0
BC,past,2020-01-01T00:00:00,F,25,603.5002999999997,43134.0,33450.0,0.01399128993369499,60567.750739999945,1461.8546299999937,0.009964053355566299,0.0,0.0
BC,past,2020-01-01T00:00:00,F,26,687.6890800000037,43134.0,34062.0,0.015943086196504006,60567.750739999945,1461.8546299999937,0.011354046858237423,0.0,0.0
BC,past,2020-01-01T00:00:00,F,27,769.0199500000017,43134.0,34838.0,0.017828625909955063,60567.750739999945,1461.8546299999937,0.01269685501945061,0.0,0.0
BC,past,2020-01-01T00:00:00,F,28,909.9887200000012,43134.0,36164.0,0.02109678490286088,60567.750739999945,1461.8546299999937,0.015024310939105579,0.0,0.0
BC,past,2020-01-01T00:00:00,F,29,964.3746600000013,43134.0,36824.0,0.022357645013214664,60567.750739999945,1461.8546299999937,0.015922246545687097,0.0,0.0
BC,past,2020-01-01T00:00:00,F,30,1013.5296000000017,43134.0,37653.0,0.023497231882042047,60567.750739999945,1461.8546299999937,0.016733816059156543,0.0,0.0
BC,past,2020-01-01T00:00:00,F,31,964.090400000001,43134.0,37472.0,0.0223510548523207,60567.750739999945,1461.8546299999937,0.015917553289019525,0.0,0.0
BC,past,2020-01-01T00:00:00,F,32,739.7380800000028,43134.0,37272.0,0.01714976770065384,60567.750739999945,1461.8546299999937,0.012213398565442641,0.0,0.0
BC,past,2020-01-01T00:00:00,F,33,765.5053399999961,43134.0,36867.0,0.017747144711828165,60567.750739999945,1461.8546299999937,0.012638827274370677,0.0,0.0
BC,past,2020-01-01T00:00:00,F,34,851.0656500000114,43134.0,37314.0,0.019730737932953386,60567.750739999945,1461.8546299999937,0.014051465335957301,0.0,0.0
BC,past,2020-01-01T00:00:00,F,35,727.0337,43134.0,36971.0,0.016855234849538644,60567.750739999945,1461.8546299999937,0.012003643706713626,0.0,0.0
BC,past,2020-01-01T00:00:00,F,36,726.4613600000012,43134.0,36932.0,0.016841965966522956,60567.750739999945,1461.8546299999937,0.011994194123511244,0.0,0.0
BC,past,2020-01-01T00:00:00,F,37,581.4976800000077,43134.0,36583.00000000001,0.013481190708026329,60567.750739999945,1461.8546299999937,0.009600780496145732,0.0,0.0
BC,past,2020-01-01T00:00:00,F,38,540.1376500000042,43134.0,36319.00000000001,0.01252231766124181,60567.750739999945,1461.8546299999937,0.008917908348927483,0.0,0.0
BC,past,2020-01-01T00:00:00,F,39,477.0410400000037,43134.0,35118.00000000001,0.011059513145082852,60567.750739999945,1461.8546299999937,0.007876155778803882,0.0,0.0
BC,past,2020-01-01T00:00:00,F,40,506.6473599999954,43134.0,34582.0,0.01174589326285518,60567.750739999945,1461.8546299999937,0.008364969043920548,0.0,0.0
BC,past,2020-01-01T00:00:00,F,41,479.370600000002,43134.0,33084.0,0.011113520656558677,60567.750739999945,1461.8546299999937,0.007914617831159078,0.0,0.0
BC,past,2020-01-01T00:00:00,F,42,426.6038399999961,43134.0,32274.999999999996,0.009890198915008952,60567.750739999945,1461.8546299999937,0.007043415593081615,0.0,0.0
BC,past,2020-01-01T00:00:00,F,43,409.497199999998,43134.0,32237.0,0.009493605972086937,60567.750739999945,1461.8546299999937,0.006760977500350846,0.0,0.0
BC,past,2020-01-01T00:00:00,F,44,344.3966599999985,43134.0,32783.0,0.007984343209533049,60567.750739999945,1461.8546299999937,0.0056861391712958766,0.0,0.0
BC,past,2020-01-01T00:00:00,F,45,321.44595999999365,43134.0,32565.0,0.007452264107200669,60567.750739999945,1461.8546299999937,0.005307213097277945,0.0,0.0
BC,past,2020-01-01T00:00:00,F,46,284.1474800000069,43134.0,32621.000000000007,0.006587552278944844,60567.750739999945,1461.8546299999937,0.004691398913256179,0.0,0.0
BC,past,2020-01-01T00:00:00,F,47,249.56813999999576,43134.0,32963.99999999999,0.005785879816386047,60567.750739999945,1461.8546299999937,0.004120478917424563,0.0,0.0
BC,past,2020-01-01T00:00:00,F,48,221.74341000001004,43134.0,33561.00000000001,0.00514080331061367,60567.750739999945,1461.8546299999937,0.0036610804807973006,0.0,0.0
BC,past,2020-01-01T00:00:00,F,49,230.88722000000416,43134.0,36050.0,0.005352789446840176,60567.750739999945,1461.8546299999937,0.0038120487747867185,0.0,0.0
BC,past,2020-01-01T00:00:00,F,50,157.36307999998826,43134.0,36295.0,0.003648237585199338,60567.750739999945,1461.8546299999937,0.0025981331331834164,0.0,0.0
BC,past,2020-01-01T00:00:00,F,51,185.52191999999923,43134.0,36214.00000000001,0.004301059952705504,60567.750739999945,1461.8546299999937,0.0030630478717360967,0.0,0.0
BC,past,2020-01-01T00:00:00,F,52,175.3365999999951,43134.0,35023.0,0.004064927899105001,60567.750739999945,1461.8546299999937,0.0028948837930710854,0.0,0.0
BC,past,2020-01-01T00:00:00,F,53,194.44772000000376,43134.0,34168.00000000001,0.004507991839384331,60567.750739999945,1461.8546299999937,0.0032104167254734667,0.0,0.0
BC,past,2020-01-01T00:00:00,F,54,178.43660000000818,43134.0,35753.0,0.0041367969583161355,60567.750739999945,1461.8546299999937,0.002946066146091268,0.0,0.0
BC,past,2020-01-01T00:00:00,F,55,146.7549599999984,43134.0,37350.0,0.003402303519265507,60567.750739999945,1461.8546299999937,0.002422988441984176,0.0,0.0
BC,past,2020-01-01T00:00:00,F,56,146.37107999999716,43134.0,39489.00000000001,0.003393403811378429,60567.750739999945,1461.8546299999937,0.002416650415636638,0.0,0.0
BC,past,2020-01-01T00:00:00,F,57,161.88784000000305,43134.0,39580.0,0.003753137664023811,60567.750739999945,1461.8546299999937,0.0026728388956516035,0.0,0.0
BC,past,2020-01-01T00:00:00,F,58,107.1012600000031,43134.0,38105.0,0.0024829892891918928,60567.750739999945,1461.8546299999937,0.0017682885478075324,0.0,0.0
BC,past,2020-01-01T00:00:00,F,59,135.98807999998826,43134.0,38420.99999999999,0.0031526888301569122,60567.750739999945,1461.8546299999937,0.0022452225538925202,0.0,0.0
BC,past,2020-01-01T00:00:00,F,60,139.82738999999128,43134.0,38330.0,0.0032416977326468976,60567.750739999945,1461.8546299999937,0.00230861123769034,0.0,0.0
BC,past,2020-01-01T00:00:00,F,61,131.65689000000566,43134.0,37686.00000000001,0.0030522763944917154,60567.750739999945,1461.8546299999937,0.0021737127166100503,0.0,0.0
BC,past,2020-01-01T00:00:00,F,62,144.12000000000262,43134.0,37425.0,0.0033412157462790982,60567.750739999945,1461.8546299999937,0.002379484102334733,0.0,0.0
BC,past,2020-01-01T00:00:00,F,63,177.79009999999107,43134.0,36522.0,0.0041218087819351575,60567.750739999945,1461.8546299999937,0.0029353921489208537,0.0,0.0
BC,past,2020-01-01T00:00:00,F,64,135.11783999999898,43134.0,35928.0,0.0031325135623869564,60567.750739999945,1461.8546299999937,0.0022308545116694408,0.0,0.0
BC,past,2020-01-01T00:00:00,F,65,145.82216000000335,43134.0,35400.00000000001,0.003380677887513408,60567.750739999945,1461.8546299999937,0.0024075875068561856,0.0,0.0
BC,past,2020-01-01T00:00:00,F,66,144.3394999999946,43134.0,34085.0,0.0033463045393423885,60567.750739999945,1461.8546299999937,0.002383108143137143,0.0,0.0
BC,past,2020-01-01T00:00:00,F,67,158.51506000000154,43134.0,32508.000000000004,0.0036749445912737408,60567.750739999945,1461.8546299999937,0.0026171528257745848,0.0,0.0
BC,past,2020-01-01T00:00:00,F,68,129.46241000000373,43134.0,31184.000000000004,0.0030014005193119983,60567.750739999945,1461.8546299999937,0.002137480894011549,0.0,0.0
BC,past,2020-01-01T00:00:00,F,69,111.43579999999201,43134.0,30280.999999999996,0.0025834793898083185,60567.750739999945,1461.8546299999937,0.0018398536950522413,0.0,0.0
BC,past,2020-01-01T00:00:00,F,70,130.3311399999984,43134.0,30026.0,0.0030215407798951737,60567.750739999945,1461.8546299999937,0.002151824005475666,0.0,0.0
BC,past,2020-01-01T00:00:00,F,71,77.60406000000512,43134.0,28493.000000000004,0.0017991389623036379,60567.750739999945,1461.8546299999937,0.001281276901517066,0.0,0.0
BC,past,2020-01-01T00:00:00,F,72,75.16857999999775,43134.0,28039.0,0.0017426758473593393,60567.750739999945,1461.8546299999937,0.001241066063732084,0.0,0.0
BC,past,2020-01-01T00:00:00,F,73,51.26846999999907,43134.0,27468.0,0.001188586034218924,60567.750739999945,1461.8546299999937,0.0008464648162366136,0.0,0.0
BC,past,2020-01-01T00:00:00,F,74,22.859709999996994,43134.0,22313.999999999996,0.0005299696295265219,60567.750739999945,1461.8546299999937,0.00037742378940448356,0.0,0.0
BC,past,2020-01-01T00:00:00,F,75,9.104640000001382,43134.0,20523.0,0.0002110780358881945,60567.750739999945,1461.8546299999937,0.00015032158019347624,0.0,0.0
BC,past,2020-01-01T00:00:00,F,76,16.971940000003087,43134.0,19871.000000000004,0.00039347011638158036,60567.750739999945,1461.8546299999937,0.00028021413693994976,0.0,0.0
BC,past,2020-01-01T00:00:00,F,77,-33.73121999999785,43134.0,18496.000000000004,-0.0007820100153011047,60567.750739999945,1461.8546299999937,0.0,0.023074264231046006,0.001823703503460091
BC,past,2020-01-01T00:00:00,F,78,-37.26172999999835,43134.0,16700.0,-0.0008638598321509331,60567.750739999945,1461.8546299999937,0.0,0.025489353890132366,0.0022312413173651707
BC,past,2020-01-01T00:00:00,F,79,-65.28761999999915,43134.0,15735.000000000002,-0.0015135999443594184,60567.750739999945,1461.8546299999937,0.0,0.044660815555921204,0.004149197330791175
BC,past,2020-01-01T00:00:00,F,80,-0.6762199999993754,43134.0,14206.0,-1.567719200629145e-05,60567.750739999945,1461.8546299999937,0.0,0.0004625767748188329,4.760101365615764e-05
BC,past,2020-01-01T00:00:00,F,81,-13.557050000003073,43134.0,13040.999999999998,-0.0003143007836046523,60567.750739999945,1461.8546299999937,0.0,0.009273870138512427,0.0010395713518904282
BC,past,2020-01-01T00:00:00,F,82,-16.210080000000744,43134.0,12405.0,-0.00037580748365560214,60567.750739999945,1461.8546299999937,0.0,0.0110887085947806,0.0013067376058041712
BC,past,2020-01-01T00:00:00,F,83,17.381619999998293,43134.0,11630.999999999998,0.0004029679603096929,60567.750739999945,1461.8546299999937,0.000286978132548006,0.0,0.0
BC,past,2020-01-01T00:00:00,F,84,-20.680959999999686,43134.0,10770.0,-0.0004794584318634879,60567.750739999945,1461.8546299999937,0.0,0.014147070150196655,0.001920237697307306
BC,past,2020-01-01T00:00:00,F,85,-31.68775999999889,43134.0,9828.000000000002,-0.000734635322483398,60567.750739999945,1461.8546299999937,0.0,0.021676409780908946,0.0032242328042326905
BC,past,2020-01-01T00:00:00,F,86,-37.4479999999985,43134.0,8958.000000000002,-0.0008681782352668081,60567.750739999945,1461.8546299999937,0.0,0.025616774220565738,0.004180397410136023
BC,past,2020-01-01T00:00:00,F,87,-52.15288999999939,43134.0,8422.0,-0.0012090900449761067,60567.750739999945,1461.8546299999937,0.0,0.03567583871181474,0.0061924590358583935
BC,past,2020-01-01T00:00:00,F,88,-102.11224000000038,43134.0,7526.999999999999,-0.0023673260073260164,60567.750739999945,1461.8546299999937,0.0,0.0698511588665973,0.013566127275142871
BC,past,2020-01-01T00:00:00,F,89,-57.834249999998974,43134.0,6911.000000000001,-0.0013408042379561128,60567.750739999945,1461.8546299999937,0.0,0.039562244297847333,0.008368434379973805
BC,past,2020-01-01T00:00:00,F,90,-82.4623700000011,43134.0,5944.0,-0.0019117719200630848,60567.750739999945,1461.8546299999937,0.0,0.056409418766899866,0.01387321164199211
BC,past,2020-01-01T00:00:00,F,91,-60.64357999999993,43134.0,5118.0,-0.001405934529605414,60567.750739999945,1461.8546299999937,0.0,0.041484001730049035,0.011849077764751843
BC,past,2020-01-01T00:00:00,F,92,-32.08216999999877,43134.0,4468.000000000001,-0.0007437791533360869,60567.750739999945,1461.8546299999937,0.0,0.021946210889655222,0.0071804319606084965
BC,past,2020-01-01T00:00:00,F,93,-19.507200000000466,43134.0,3746.0,-0.0004522464876895365,60567.750739999945,1461.8546299999937,0.0,0.01334414489626821,0.005207474639615715
BC,past,2020-01-01T00:00:00,F,94,-21.69685999999956,43134.0,3044.0000000000005,-0.000503010618073899,60567.750739999945,1461.8546299999937,0.0,0.014842009290622593,0.007127746386333626
BC,past,2020-01-01T00:00:00,F,95,-39.7834499999999,43134.0,2444.0,-0.0009223222979552071,60567.750739999945,1461.8546299999937,0.0,0.027214368093495093,0.01627800736497541
BC,past,2020-01-01T00:00:00,F,96,-20.39616000000001,43134.0,1883.0,-0.0004728557518430938,60567.750739999945,1461.8546299999937,0.0,0.0139522491371116,0.010831736590547003
BC,past,2020-01-01T00:00:00,F,97,-13.437460000000101,43134.0,1547.0,-0.0003115282607687694,60567.750739999945,1461.8546299999937,0.0,0.009192063098640771,0.00868614091790569
BC,past,2020-01-01T00:00:00,F,98,-5.61927999999989,43134.0,1062.0000000000002,-0.0001302749571103976,60567.750739999945,1461.8546299999937,0.0,0.0038439389831805056,0.005291224105461289
BC,past,2020-01-01T00:00:00,F,99,-6.593050000000062,43134.0,773.0,-0.00015285041962257296,60567.750739999945,1461.8546299999937,0.0,0.004510058568545965,0.008529172056921167
BC,past,2020-01-01T00:00:00,F,100,988.5874800000001,43134.0,1623.0000000000002,0.022918984559744057,60567.750739999945,1461.8546299999937,0.01632201077176737,0.0,0.0
BC,past,2020-01-01T00:00:00,M,1,406.1596800000043,43134.0,22650.0,0.009416230351926654,60567.750739999945,1461.8546299999937,0.006705873588463468,0.0,0.0
BC,past,2020-01-01T00:00:00,M,2,339.438900000001,43134.0,23262.0,0.007869404645986948,60567.750739999945,1461.8546299999937,0.005604284389841638,0.0,0.0
BC,past,2020-01-01T00:00:00,M,3,391.084769999994,43134.0,24116.999999999996,0.009066740158575464,60567.750739999945,1461.8546299999937,0.006456980244797421,0.0,0.0
BC,past,2020-01-01T00:00:00,M,4,381.8777200000004,43134.0,24360.0,0.008853287893541067,60567.750739999945,1461.8546299999937,0.006304967830806404,0.0,0.0
BC,past,2020-01-01T00:00:00,M,5,446.73537000000215,43134.0,25311.0,0.010356919599388004,60567.750739999945,1461.8546299999937,0.007375795939950114,0.0,0.0
BC,past,2020-01-01T00:00:00,M,6,407.47629999999845,43134.0,25168.0,0.009446754300551733,60567.750739999945,1461.8546299999937,0.006727611559312774,0.0,0.0
BC,past,2020-01-01T00:00:00,M,7,461.258730000005,43134.0,25556.000000000004,0.010693622896091368,60567.750739999945,1461.8546299999937,0.007615582952387599,0.0,0.0
BC,past,2020-01-01T00:00:00,M,8,365.2362300000059,43134.0,25210.000000000004,0.008467478787035885,60567.750739999945,1461.8546299999937,0.006030209567594159,0.0,0.0
BC,past,2020-01-01T00:00:00,M,9,380.9686400000028,43134.0,24987.0,0.00883221217600971,60567.750739999945,1461.8546299999937,0.0062899585232311555,0.0,0.0
BC,past,2020-01-01T00:00:00,M,10,406.0230400000037,43134.0,25692.0,0.009413062549265166,60567.750739999945,1461.8546299999937,0.006703617602425829,0.0,0.0
BC,past,2020-01-01T00:00:00,M,11,368.78919999999925,43134.0,25927.0,0.008549849306811314,60567.750739999945,1461.8546299999937,0.00608887065301642,0.0,0.0
BC,past,2020-01-01T00:00:00,M,12,300.02952000000005,43134.0,25667.000000000004,0.0069557546251217146,60567.750739999945,1461.8546299999937,0.004953618325500332,0.0,0.0
BC,past,2020-01-01T00:00:00,M,13,323.98495999999795,43134.0,25134.0,0.007511127185051188,60567.750739999945,1461.8546299999937,0.005349133095445015,0.0,0.0
BC,past,2020-01-01T00:00:00,M,14,390.4445000000014,43134.0,24833.0,0.0090518964158205,60567.750739999945,1461.8546299999937,0.0064464091076465455,0.0,0.0
BC,past,2020-01-01T00:00:00,M,15,613.1942299999937,43134.0,25180.999999999996,0.014216029814067643,60567.750739999945,1461.8546299999937,0.01012410437086002,0.0,0.0
BC,past,2020-01-01T00:00:00,M,16,829.5593999999946,43134.0,26154.999999999996,0.019232146334677857,60567.750739999945,1461.8546299999937,0.013696387761881009,0.0,0.0
BC,past,2020-01-01T00:00:00,M,17,637.3835199999994,43134.0,27229.0,0.014776823851254218,60567.750739999945,1461.8546299999937,0.010523480106370548,0.0,0.0
BC,past,2020-01-01T00:00:00,M,18,1050.000420000004,43134.0,28315.000000000004,0.02434275559883164,60567.750739999945,1461.8546299999937,0.017335965215339692,0.0,0.0
BC,past,2020-01-01T00:00:00,M,19,2312.669519999996,43134.0,31764.0,0.05361592989289182,60567.750739999945,1461.8546299999937,0.03818318315843733,0.0,0.0
BC,past,2020-01-01T00:00:00,M,20,1080.3732999999993,43134.0,34468.0,0.025046907312097168,60567.750739999945,1461.8546299999937,0.017837434720627703,0.0,0.0
BC,past,2020-01-01T00:00:00,M,21,184.67177000000083,43134.0,35492.0,0.004281350442806159,60567.750739999945,1461.8546299999937,0.003049011524181309,0.0,0.0
BC,past,2020-01-01T00:00:00,M,22,-6.928140000003623,43134.0,35499.0,-0.00016061900125199664,60567.750739999945,1461.8546299999937,0.0,0.004739281087069275,0.00019516437082744932
BC,past,2020-01-01T00:00:00,M,23,165.17319999999745,43134.0,35881.0,0.0038293040293039702,60567.750739999945,1461.8546299999937,0.002727081623173342,0.0,0.0
BC,past,2020-01-01T00:00:00,M,24,332.04185999999754,43134.0,36054.0,0.00769791486994013,60567.750739999945,1461.8546299999937,0.0054821560309438995,0.0,0.0
BC,past,2020-01-01T00:00:00,M,25,279.4394699999975,43134.0,36591.0,0.006478403811378437,60567.750739999945,1461.8546299999937,0.004613667613307144,0.0,0.0
BC,past,2020-01-01T00:00:00,M,26,427.52994000000035,43134.0,36738.0,0.009911669216859098,60567.750739999945,1461.8546299999937,0.007058705908285488,0.0,0.0
BC,past,2020-01-01T00:00:00,M,27,615.7817300000024,43134.0,37073.0,0.014276017294941401,60567.750739999945,1461.8546299999937,0.01016682512519538,0.0,0.0
BC,past,2020-01-01T00:00:00,M,28,782.7354199999972,43134.0,37675.0,0.01814659943432089,60567.750739999945,1461.8546299999937,0.012923303415377877,0.0,0.0
BC,past,2020-01-01T00:00:00,M,29,849.4559200000003,43134.0,38268.0,0.019693418648861694,60567.750739999945,1461.8546299999937,0.014024887991077496,0.0,0.0
BC,past,2020-01-01T00:00:00,M,30,855.7067999999999,43134.0,38899.0,0.019838336347197106,60567.750739999945,1461.8546299999937,0.014128092748124408,0.0,0.0
BC,past,2020-01-01T00:00:00,M,31,968.8608400000012,43134.0,38713.0,0.022461650670005127,60567.750739999945,1461.8546299999937,0.015996315335516487,0.0,0.0
BC,past,2020-01-01T00:00:00,M,32,844.3471999999965,43134.0,37787.0,0.019574980293967554,60567.750739999945,1461.8546299999937,0.013940540794135444,0.0,0.0
BC,past,2020-01-01T00:00:00,M,33,860.3927100000001,43134.0,37753.0,0.019946972457921826,60567.750739999945,1461.8546299999937,0.014205459167427568,0.0,0.0
BC,past,2020-01-01T00:00:00,M,34,828.4228599999915,43134.0,38407.0,0.019205797282885694,60567.750739999945,1461.8546299999937,0.01367762299042892,0.0,0.0
BC,past,2020-01-01T00:00:00,M,35,783.7647199999992,43134.0,38060.0,0.01817046228033568,60567.750739999945,1461.8546299999937,0.012940297607624185,0.0,0.0
BC,past,2020-01-01T00:00:00,M,36,692.4475099999981,43134.0,37465.0,0.016053403579542776,60567.750739999945,1461.8546299999937,0.011432610614392427,0.0,0.0
BC,past,2020-01-01T00:00:00,M,37,510.72967999999673,43134.0,36496.99999999999,0.011840536004080231,60567.750739999945,1461.8546299999937,0.008432369928882012,0.0,0.0
BC,past,2020-01-01T00:00:00,M,38,446.9210499999899,43134.0,35801.99999999999,0.010361224324198774,60567.750739999945,1461.8546299999937,0.007378861597791444,0.0,0.0
BC,past,2020-01-01T00:00:00,M,39,443.1145000000033,43134.0,34718.0,0.010272974915380055,60567.750739999945,1461.8546299999937,0.0073160137958922615,0.0,0.0
BC,past,2020-01-01T00:00:00,M,40,380.60080000000016,43134.0,33620.0,0.008823684332545096,60567.750739999945,1461.8546299999937,0.006283885324284382,0.0,0.0
BC,past,2020-01-01T00:00:00,M,41,374.90239999999903,43134.0,32137.999999999996,0.008691575091575069,60567.750739999945,1461.8546299999937,0.00618980225317179,0.0,0.0
BC,past,2020-01-01T00:00:00,M,42,362.2362099999991,43134.0,31219.0,0.008397927620902284,60567.750739999945,1461.8546299999937,0.005980677928011158,0.0,0.0
BC,past,2020-01-01T00:00:00,M,43,376.6938000000009,43134.0,31261.999999999996,0.008733106134371978,60567.750739999945,1461.8546299999937,0.006219379049042779,0.0,0.0
BC,past,2020-01-01T00:00:00,M,44,374.4364499999974,43134.0,30911.0,0.008680772708304293,60567.750739999945,1461.8546299999937,0.006182109215304134,0.0,0.0
BC,past,2020-01-01T00:00:00,M,45,280.6295600000012,43134.0,31070.0,0.006505994343209562,60567.750739999945,1461.8546299999937,0.004633316518631569,0.0,0.0
BC,past,2020-01-01T00:00:00,M,46,235.68409999999494,43134.0,30898.999999999996,0.005463998238048754,60567.750739999945,1461.8546299999937,0.0038912473572234748,0.0,0.0
BC,past,2020-01-01T00:00:00,M,47,246.45985000000292,43134.0,31110.0,0.005713818565400912,60567.750739999945,1461.8546299999937,0.0040691596928864775,0.0,0.0
BC,past,2020-01-01T00:00:00,M,48,200.27429999999367,43134.0,31811.999999999996,0.004643072750034629,60567.750739999945,1461.8546299999937,0.0033066161043310664,0.0,0.0
BC,past,2020-01-01T00:00:00,M,49,147.47990000000573,43134.0,33824.0,0.0034191102146799678,60567.750739999945,1461.8546299999937,0.0024349575177901985,0.0,0.0
BC,past,2020-01-01T00:00:00,M,50,179.7190399999963,43134.0,34139.0,0.004166528492604357,60567.750739999945,1461.8546299999937,0.0029672397902223385,0.0,0.0
BC,past,2020-01-01T00:00:00,M,51,134.64775000000373,43134.0,33687.0,0.003121615199146931,60567.750739999945,1461.8546299999937,0.0022230931205949526,0.0,0.0
BC,past,2020-01-01T00:00:00,M,52,153.7414399999907,43134.0,32893.99999999999,0.003564275049844454,60567.750739999945,1461.8546299999937,0.0025383382760895113,0.0,0.0
BC,past,2020-01-01T00:00:00,M,53,99.94385999999577,43134.0,32546.999999999996,0.002317055223257657,60567.750739999945,1461.8546299999937,0.0016501167499025384,0.0,0.0
BC,past,2020-01-01T00:00:00,M,54,97.86179999999877,43134.0,33880.0,0.002268785644734983,60567.750739999945,1461.8546299999937,0.0016157410305707325,0.0,0.0
BC,past,2020-01-01T00:00:00,M,55,107.77999999999884,43134.0,35761.0,0.002498724903788168,60567.750739999945,1461.8546299999937,0.0017794948414490014,0.0,0.0
BC,past,2020-01-01T00:00:00,M,56,121.36747000000469,43134.0,37285.0,0.00281373093151585,60567.750739999945,1461.8546299999937,0.002003829901509808,0.0,0.0
BC,past,2020-01-01T00:00:00,M,57,145.53731999998854,43134.0,38070.99999999999,0.003374074280149964,60567.750739999945,1461.8546299999937,0.002402884674135229,0.0,0.0
BC,past,2020-01-01T00:00:00,M,58,131.30691999999544,43134.0,36608.99999999999,0.0030441628413779257,60567.750739999945,1461.8546299999937,0.0021679345591626565,0.0,0.0
BC,past,2020-01-01T00:00:00,M,59,140.36639999999898,43134.0,36654.0,0.0032541939073584404,60567.750739999945,1461.8546299999937,0.0023175105280457227,0.0,0.0
BC,past,2020-01-01T00:00:00,M,60,146.30799999999726,43134.0,36204.99999999999,0.0033919413919413287,60567.750739999945,1461.8546299999937,0.0024156089373048657,0.0,0.0
BC,past,2020-01-01T00:00:00,M,61,114.76829999999609,43134.0,35289.99999999999,0.0026607386284600567,60567.750739999945,1461.8546299999937,0.0018948747245487723,0.0,0.0
BC,past,2020-01-01T00:00:00,M,62,120.96221000000514,43134.0,35366.0,0.0028043355589559313,60567.750739999945,1461.8546299999937,0.0019971388820308245,0.0,0.0
BC,past,2020-01-01T00:00:00,M,63,126.87712000000465,43134.0,34027.0,0.00294146427412261,60567.750739999945,1461.8546299999937,0.0020947966277409225,0.0,0.0
BC,past,2020-01-01T00:00:00,M,64,83.10114999999496,43134.0,33607.0,0.0019265811193025213,60567.750739999945,1461.8546299999937,0.0013720362566661004,0.0,0.0
BC,past,2020-01-01T00:00:00,M,65,82.33020000000033,43134.0,32714.999999999996,0.001908707747948262,60567.750739999945,1461.8546299999937,0.0013593075356788528,0.0,0.0
BC,past,2020-01-01T00:00:00,M,66,99.55977999999959,43134.0,31043.0,0.0023081508786571983,60567.750739999945,1461.8546299999937,0.0016437754214677922,0.0,0.0
BC,past,2020-01-01T00:00:00,M,67,66.8230999999978,43134.0,30142.999999999996,0.001549197848564886,60567.750739999945,1461.8546299999937,0.0011032785464801273,0.0,0.0
BC,past,2020-01-01T00:00:00,M,68,59.679400000004534,43134.0,28963.0,0.0013835813975055533,60567.750739999945,1461.8546299999937,0.0009853329415548408,0.0,0.0
BC,past,2020-01-01T00:00:00,M,69,49.96976000000359,43134.0,28037.0,0.0011584773032875131,60567.750739999945,1461.8546299999937,0.0008250225473042494,0.0,0.0
BC,past,2020-01-01T00:00:00,M,70,40.31720000000132,43134.0,27638.0,0.000934696527101621,60567.750739999945,1461.8546299999937,0.0006656545687666617,0.0,0.0
BC,past,2020-01-01T00:00:00,M,71,64.6375999999982,43134.0,26275.999999999996,0.0014985301618212594,60567.750739999945,1461.8546299999937,0.0010671949876010578,0.0,0.0
BC,past,2020-01-01T00:00:00,M,72,48.0056100000038,43134.0,26147.0,0.0011129412992072101,60567.750739999945,1461.8546299999937,0.0007925935735351668,0.0,0.0
BC,past,2020-01-01T00:00:00,M,73,39.94904000000315,43134.0,25369.0,0.0009261612648955151,60567.750739999945,1461.8546299999937,0.000659576086480295,0.0,0.0
BC,past,2020-01-01T00:00:00,M,74,26.831679999999324,43134.0,20584.0,0.0006220540640793649,60567.750739999945,1461.8546299999937,0.0004430027477028173,0.0,0.0
BC,past,2020-01-01T00:00:00,M,75,6.3339300000043295,43134.0,18829.0,0.00014684309361534588,60567.750739999945,1461.8546299999937,0.00010457594879483113,0.0,0.0
BC,past,2020-01-01T00:00:00,M,76,25.203420000001643,43134.0,18288.0,0.0005843051884824417,60567.750739999945,1461.8546299999937,0.0004161194644356652,0.0,0.0
BC,past,2020-01-01T00:00:00,M,77,5.761499999996886,43134.0,17033.999999999996,0.000133572124078381,60567.750739999945,1461.8546299999937,9.51248796530246e-05,0.0,0.0
BC,past,2020-01-01T00:00:00,M,78,23.614919999999984,43134.0,15177.0,0.0005474780915287241,60567.750739999945,1461.8546299999937,0.0003898926361220196,0.0,0.0
BC,past,2020-01-01T00:00:00,M,79,-22.808000000000902,43134.0,13866.999999999998,-0.0005287708072518408,60567.750739999945,1461.8546299999937,0.0,0.015602098547925386,0.0016447681546117334
BC,past,2020-01-01T00:00:00,M,80,-1.4364999999997963,43134.0,12675.0,-3.330319469559504e-05,60567.750739999945,1461.8546299999937,0.0,0.000982655847250559,0.00011333333333331725
BC,past,2020-01-01T00:00:00,M,81,18.21484000000055,43134.0,11572.0,0.00042228497241156743,60567.750739999945,1461.8546299999937,0.0003007349584136227,0.0,0.0
BC,past,2020-01-01T00:00:00,M,82,-6.252089999999953,43134.0,10403.999999999998,-0.00014494575045207847,60567.750739999945,1461.8546299999937,0.0,0.004276820602880315,0.0006009313725490152
BC,past,2020-01-01T00:00:00,M,83,-34.233839999997144,43134.0,9513.0,-0.0007936625399915877,60567.750739999945,1461.8546299999937,0.0,0.023418087747888647,0.003598637653736691
BC,past,2020-01-01T00:00:00,M,84,-29.903559999998834,43134.0,8942.0,-0.0006932712013724402,60567.750739999945,1461.8546299999937,0.0,0.020455905386432962,0.0033441690896889773
BC,past,2020-01-01T00:00:00,M,85,-84.72193999999945,43134.0,7805.999999999999,-0.001964156813650472,60567.750739999945,1461.8546299999937,0.0,0.057955105973840786,0.0108534383807327
BC,past,2020-01-01T00:00:00,M,86,-48.628930000000764,43134.0,7132.999999999999,-0.001127392080493364,60567.750739999945,1461.8546299999937,0.0,0.03326522966240561,0.00681745829244368
BC,past,2020-01-01T00:00:00,M,87,-45.12726999999995,43134.0,6335.0,-0.001046211109565539,60567.750739999945,1461.8546299999937,0.0,0.030869875207769563,0.0071234838200473485
BC,past,2020-01-01T00:00:00,M,88,-50.1878200000001,43134.0,5618.0,-0.001163532712013727,60567.750739999945,1461.8546299999937,0.0,0.034331607924654124,0.008933396226415112
BC,past,2020-01-01T00:00:00,M,89,-60.66880999999921,43134.0,4847.0,-0.0014065194510131036,60567.750739999945,1461.8546299999937,0.0,0.04150126062808275,0.012516775324943101
BC,past,2020-01-01T00:00:00,M,90,-55.07139999999936,43134.0,3986.0,-0.0012767515185236555,60567.750739999945,1461.8546299999937,0.0,0.037672282092782096,0.013816206723532202
BC,past,2020-01-01T00:00:00,M,91,-57.15446999999995,43134.0,3174.0,-0.0013250445124495746,60567.750739999945,1461.8546299999937,0.0,0.039097232260365176,0.01800707939508505
BC,past,2020-01-01T00:00:00,M,92,-2.2457200000003468,43134.0,2516.9999999999995,-5.2063801177733266e-05,60567.750739999945,1461.8546299999937,0.0,0.0015362129406809462,0.0008922208978944566
BC,past,2020-01-01T00:00:00,M,93,-59.53850000000011,43134.0,1914.9999999999998,-0.0013803148328464811,60567.750739999945,1461.8546299999937,0.0,0.040728057891775714,0.031090600522193274
BC,past,2020-01-01T00:00:00,M,94,-38.74189000000024,43134.0,1477.9999999999995,-0.0008981752214030751,60567.750739999945,1461.8546299999937,0.0,0.02650187590814034,0.026212374830852675
BC,past,2020-01-01T00:00:00,M,95,-48.08457999999996,43134.0,996.0,-0.0011147721055315982,60567.750739999945,1461.8546299999937,0.0,0.032892860215519626,0.04827769076305217
BC,past,2020-01-01T00:00:00,M,96,-12.813319999999976,43134.0,752.0,-0.00029705846895720255,60567.750739999945,1461.8546299999937,0.0,0.008765112301214267,0.017038989361702096
BC,past,2020-01-01T00:00:00,M,97,-20.49474999999984,43134.0,491.0,-0.0004751414197616692,60567.750739999945,1461.8546299999937,0.0,0.014019690863516251,0.041740835030549574
BC,past,2020-01-01T00:00:00,M,98,-5.951500000000067,43134.0,343.9999999999999,-0.00013797700190105409,60567.750739999945,1461.8546299999937,0.0,0.0040711982421946374,0.017300872093023455
BC,past,2020-01-01T00:00:00,M,99,7.240890000000036,43134.0,294.0,0.00016786966198358686,60567.750739999945,1461.8546299999937,0.00011955025424475656,0.0,0.0
BC,past,2020-01-01T00:00:00,M,100,256.1905199999999,43134.0,434.9999999999999,0.005939410210043118,60567.750739999945,1461.8546299999937,0.004229817301615716,0.0,0.0
BC,past,2021-01-01T00:00:00,F,1,219.22071000000142,42653.0,20937.0,0.00513963167889718,57624.50272999996,3098.5010000000098,0.0038042967767923604,0.0,0.0
BC,past,2021-01-01T00:00:00,F,2,229.83309999999983,42653.0,21521.0,0.005388439265702291,57624.50272999996,3098.5010000000098,0.003988461316132906,0.0,0.0
BC,past,2021-01-01T00:00:00,F,3,253.0973600000034,42653.0,22374.000000000004,0.005933870067756157,57624.50272999996,3098.5010000000098,0.004392182977888642,0.0,0.0
BC,past,2021-01-01T00:00:00,F,4,324.48721000000296,42653.0,22933.000000000004,0.007607605795606475,57624.50272999996,3098.5010000000098,0.005631063083015054,0.0,0.0
BC,past,2021-01-01T00:00:00,F,5,374.0453400000006,42653.0,23098.0,0.008769496635641118,57624.50272999996,3098.5010000000098,0.006491081437224593,0.0,0.0
BC,past,2021-01-01T00:00:00,F,6,386.84551999999894,42653.0,23454.0,0.009069596980282722,57624.50272999996,3098.5010000000098,0.006713212291177011,0.0,0.0
BC,past,2021-01-01T00:00:00,F,7,354.6412199999977,42653.0,23798.999999999996,0.00831456685344519,57624.50272999996,3098.5010000000098,0.006154347598653854,0.0,0.0
BC,past,2021-01-01T00:00:00,F,8,315.4380200000014,42653.0,24281.0,0.007395447448010724,57624.50272999996,3098.5010000000098,0.005474025892735051,0.0,0.0
BC,past,2021-01-01T00:00:00,F,9,279.44030000000566,42653.0,24283.000000000004,0.006551480552364562,57624.50272999996,3098.5010000000098,0.004849331217821095,0.0,0.0
BC,past,2021-01-01T00:00:00,F,10,236.19205000000147,42653.0,24076.0,0.005537524910322872,57624.50272999996,3098.5010000000098,0.00409881281070105,0.0,0.0
BC,past,2021-01-01T00:00:00,F,11,192.2203499999996,42653.0,24598.0,0.004506607975992301,57624.50272999996,3098.5010000000098,0.0033357398483879245,0.0,0.0
BC,past,2021-01-01T00:00:00,F,12,140.47971999999936,42653.0,24801.0,0.003293548402222572,57624.50272999996,3098.5010000000098,0.0024378469807924963,0.0,0.0
BC,past,2021-01-01T00:00:00,F,13,179.74132000000463,42653.0,25054.0,0.004214036996225462,57624.50272999996,3098.5010000000098,0.0031191821444808633,0.0,0.0
BC,past,2021-01-01T00:00:00,F,14,198.95031999999992,42653.0,24576.0,0.004664392188122756,57624.50272999996,3098.5010000000098,0.0034525299234629955,0.0,0.0
BC,past,2021-01-01T00:00:00,F,15,345.8805999999968,42653.0,24347.999999999996,0.008109174032307149,57624.50272999996,3098.5010000000098,0.006002318173930679,0.0,0.0
BC,past,2021-01-01T00:00:00,F,16,696.1539499999963,42653.0,25127.0,0.016321336131104407,57624.50272999996,3098.5010000000098,0.012080866940610852,0.0,0.0
BC,past,2021-01-01T00:00:00,F,17,368.3672499999957,42653.0,25831.0,0.00863637376034501,57624.50272999996,3098.5010000000098,0.006392545402534461,0.0,0.0
BC,past,2021-01-01T00:00:00,F,18,-141.88420000000042,42653.0,26030.0,-0.003326476449487736,57624.50272999996,3098.5010000000098,0.0,0.045791239053981254,0.005450795236265863
BC,past,2021-01-01T00:00:00,F,19,685.2303200000024,42653.0,27824.0,0.016065231519471136,57624.50272999996,3098.5010000000098,0.011891301226678766,0.0,0.0
BC,past,2021-01-01T00:00:00,F,20,949.3791799999999,42653.0,31466.0,0.022258204112254706,57624.50272999996,3098.5010000000098,0.01647526893981755,0.0,0.0
BC,past,2021-01-01T00:00:00,F,21,495.37149999999383,42653.0,32974.0,0.011613989637305555,57624.50272999996,3098.5010000000098,0.00859654272976655,0.0,0.0
BC,past,2021-01-01T00:00:00,F,22,257.4631999999983,42653.0,32998.0,0.006036227229034261,57624.50272999996,3098.5010000000098,0.0044679465817925425,0.0,0.0
BC,past,2021-01-01T00:00:00,F,23,321.7349200000026,42653.0,32907.0,0.007543078329777568,57624.50272999996,3098.5010000000098,0.005583300588423192,0.0,0.0
BC,past,2021-01-01T00:00:00,F,24,322.9247299999952,42653.0,32539.999999999996,0.007570973436803863,57624.50272999996,3098.5010000000098,0.005603948228639151,0.0,0.0
BC,past,2021-01-01T00:00:00,F,25,581.7102400000003,42653.0,34017.0,0.013638202236653936,57624.50272999996,3098.5010000000098,0.01009484181973089,0.0,0.0
BC,past,2021-01-01T00:00:00,F,26,602.3799999999974,42653.0,34039.0,0.014122804960963997,57624.50272999996,3098.5010000000098,0.01045353923178224,0.0,0.0
BC,past,2021-01-01T00:00:00,F,27,692.3060399999958,42653.0,34740.0,0.016231121843715467,57624.50272999996,3098.5010000000098,0.01201409135353065,0.0,0.0
BC,past,2021-01-01T00:00:00,F,28,861.3287199999977,42653.0,35684.0,0.02019386022085194,57624.50272999996,3098.5010000000098,0.01494726512497227,0.0,0.0
BC,past,2021-01-01T00:00:00,F,29,879.997080000001,42653.0,37027.0,0.020631540102689166,57624.50272999996,3098.5010000000098,0.015271230783946786,0.0,0.0
BC,past,2021-01-01T00:00:00,F,30,919.78024,42653.0,37725.0,0.021564256675966523,57624.50272999996,3098.5010000000098,0.01596161695849485,0.0,0.0
BC,past,2021-01-01T00:00:00,F,31,894.0856800000038,42653.0,38526.0,0.020961847466766787,57624.50272999996,3098.5010000000098,0.015515720529324982,0.0,0.0
BC,past,2021-01-01T00:00:00,F,32,792.8579200000022,42653.0,38242.0,0.018588561648653135,57624.50272999996,3098.5010000000098,0.013759041422273854,0.0,0.0
BC,past,2021-01-01T00:00:00,F,33,855.226800000004,42653.0,38103.0,0.020050800647082364,57624.50272999996,3098.5010000000098,0.014841374059350683,0.0,0.0
BC,past,2021-01-01T00:00:00,F,34,829.4382299999997,42653.0,37671.0,0.019446187372517753,57624.50272999996,3098.5010000000098,0.014393846206124135,0.0,0.0
BC,past,2021-01-01T00:00:00,F,35,815.4929399999965,42653.0,38103.0,0.01911923991278448,57624.50272999996,3098.5010000000098,0.014151843423638635,0.0,0.0
BC,past,2021-01-01T00:00:00,F,36,742.988830000002,42653.0,37687.0,0.017419380348392893,57624.50272999996,3098.5010000000098,0.012893626752516752,0.0,0.0
BC,past,2021-01-01T00:00:00,F,37,605.3296799999953,42653.0,37510.0,0.014191960237263388,57624.50272999996,3098.5010000000098,0.010504727178927201,0.0,0.0
BC,past,2021-01-01T00:00:00,F,38,547.8030799999906,42653.0,37103.0,0.012843248540547924,57624.50272999996,3098.5010000000098,0.009506426156364873,0.0,0.0
BC,past,2021-01-01T00:00:00,F,39,555.055199999988,42653.0,36844.99999999999,0.013013274564508662,57624.50272999996,3098.5010000000098,0.009632277480999762,0.0,0.0
BC,past,2021-01-01T00:00:00,F,40,546.4991200000004,42653.0,35635.00000000001,0.012812677185661042,57624.50272999996,3098.5010000000098,0.009483797587991798,0.0,0.0
BC,past,2021-01-01T00:00:00,F,41,509.77797999999893,42653.0,35061.0,0.011951749701076101,57624.50272999996,3098.5010000000098,0.008846548878496488,0.0,0.0
BC,past,2021-01-01T00:00:00,F,42,467.42980000000534,42653.0,33520.00000000001,0.010958896208942052,57624.50272999996,3098.5010000000098,0.008111650042173053,0.0,0.0
BC,past,2021-01-01T00:00:00,F,43,449.9205000000002,42653.0,32691.999999999996,0.010548390500082062,57624.50272999996,3098.5010000000098,0.007807798396250048,0.0,0.0
BC,past,2021-01-01T00:00:00,F,44,410.13833000000886,42653.0,32612.000000000007,0.00961569713736452,57624.50272999996,3098.5010000000098,0.0071174294018937585,0.0,0.0
BC,past,2021-01-01T00:00:00,F,45,346.35610999999335,42653.0,33090.99999999999,0.008120322368883628,57624.50272999996,3098.5010000000098,0.0060105700455732785,0.0,0.0
BC,past,2021-01-01T00:00:00,F,46,314.7062499999993,42653.0,32839.0,0.007378291093240787,57624.50272999996,3098.5010000000098,0.005461326954517209,0.0,0.0
BC,past,2021-01-01T00:00:00,F,47,296.71213999999236,42653.0,32874.0,0.00695641900921371,57624.50272999996,3098.5010000000098,0.005149062047272483,0.0,0.0
BC,past,2021-01-01T00:00:00,F,48,280.46816000001127,42653.0,33197.00000000001,0.0065755787400654415,57624.50272999996,3098.5010000000098,0.004867168421637353,0.0,0.0
BC,past,2021-01-01T00:00:00,F,49,236.01954999999725,42653.0,33745.0,0.005533480646144404,57624.50272999996,3098.5010000000098,0.004095819292460859,0.0,0.0
BC,past,2021-01-01T00:00:00,F,50,217.84300000000076,42653.0,36208.0,0.005107331254542488,57624.50272999996,3098.5010000000098,0.0037803883709106485,0.0,0.0
BC,past,2021-01-01T00:00:00,F,51,218.60510000000068,42653.0,36449.0,0.005125198696457475,57624.50272999996,3098.5010000000098,0.003793613647726845,0.0,0.0
BC,past,2021-01-01T00:00:00,F,52,243.1687399999937,42653.0,36388.0,0.0057010934752536446,57624.50272999996,3098.5010000000098,0.004219884397777152,0.0,0.0
BC,past,2021-01-01T00:00:00,F,53,254.14738000000216,42653.0,35205.00000000001,0.0059584877968724866,57624.50272999996,3098.5010000000098,0.004410404740337832,0.0,0.0
BC,past,2021-01-01T00:00:00,F,54,245.85295999998925,42653.0,34338.0,0.005764025039270139,57624.50272999996,3098.5010000000098,0.004266465624040787,0.0,0.0
BC,past,2021-01-01T00:00:00,F,55,212.80719999999565,42653.0,35880.0,0.004989266874545651,57624.50272999996,3098.5010000000098,0.0036929984627738204,0.0,0.0
BC,past,2021-01-01T00:00:00,F,56,207.7364999999918,42653.0,37460.99999999999,0.004870384263709277,57624.50272999996,3098.5010000000098,0.0036050029094974187,0.0,0.0
BC,past,2021-01-01T00:00:00,F,57,194.5691999999981,42653.0,39573.00000000001,0.004561676787095822,57624.50272999996,3098.5010000000098,0.0033765011545809523,0.0,0.0
BC,past,2021-01-01T00:00:00,F,58,181.3231999999989,42653.0,39641.0,0.004251124188216512,57624.50272999996,3098.5010000000098,0.0031466336611977396,0.0,0.0
BC,past,2021-01-01T00:00:00,F,59,171.74650000000838,42653.0,38151.00000000001,0.004026598363538517,57624.50272999996,3098.5010000000098,0.0029804422053710017,0.0,0.0
BC,past,2021-01-01T00:00:00,F,60,181.93139000001247,42653.0,38465.00000000001,0.004265383208684324,57624.50272999996,3098.5010000000098,0.00315718802559483,0.0,0.0
BC,past,2021-01-01T00:00:00,F,61,151.87030000000232,42653.0,38332.0,0.0035606006611493286,57624.50272999996,3098.5010000000098,0.002635516018447773,0.0,0.0
BC,past,2021-01-01T00:00:00,F,62,161.91921999998885,42653.0,37686.99999999999,0.003796197688321779,57624.50272999996,3098.5010000000098,0.0028099022521489267,0.0,0.0
BC,past,2021-01-01T00:00:00,F,63,181.77474999999686,42653.0,37432.0,0.004261710782359901,57624.50272999996,3098.5010000000098,0.003154469737495243,0.0,0.0
BC,past,2021-01-01T00:00:00,F,64,168.62741999999707,42653.0,36504.0,0.003953471502590605,57624.50272999996,3098.5010000000098,0.0029263145365453673,0.0,0.0
BC,past,2021-01-01T00:00:00,F,65,162.19680000000517,42653.0,35889.0,0.0038027055541229263,57624.50272999996,3098.5010000000098,0.002814719300225106,0.0,0.0
BC,past,2021-01-01T00:00:00,F,66,195.3559999999925,42653.0,35378.0,0.004580123320751002,57624.50272999996,3098.5010000000098,0.00339015506850158,0.0,0.0
BC,past,2021-01-01T00:00:00,F,67,164.07375000001048,42653.0,34019.00000000001,0.0038467106651351715,57624.50272999996,3098.5010000000098,0.002847291381737024,0.0,0.0
BC,past,2021-01-01T00:00:00,F,68,161.85951999999816,42653.0,32428.0,0.0037947980212411354,57624.50272999996,3098.5010000000098,0.002808866234532073,0.0,0.0
BC,past,2021-01-01T00:00:00,F,69,165.70879999999306,42653.0,31093.999999999996,0.0038850444282932752,57624.50272999996,3098.5010000000098,0.002875665596220811,0.0,0.0
BC,past,2021-01-01T00:00:00,F,70,143.3458600000049,42653.0,30150.000000000004,0.003360745082409324,57624.50272999996,3098.5010000000098,0.0024875851974229266,0.0,0.0
BC,past,2021-01-01T00:00:00,F,71,87.86052000000927,42653.0,29813.000000000007,0.0020598907462548773,57624.50272999996,3098.5010000000098,0.0015247076475727766,0.0,0.0
BC,past,2021-01-01T00:00:00,F,72,78.27230000000054,42653.0,28255.000000000004,0.0018350948350643692,57624.50272999996,3098.5010000000098,0.0013583162767884696,0.0,0.0
BC,past,2021-01-01T00:00:00,F,73,96.16009000000122,42653.0,27790.0,0.0022544742456568406,57624.50272999996,3098.5010000000098,0.001668736135573439,0.0,0.0
BC,past,2021-01-01T00:00:00,F,74,46.76224000000002,42653.0,27139.0,0.0010963411717815868,57624.50272999996,3098.5010000000098,0.0008114992370364539,0.0,0.0
BC,past,2021-01-01T00:00:00,F,75,20.619080000004033,42653.0,21995.0,0.000483414531217125,57624.50272999996,3098.5010000000098,0.00035781792506939085,0.0,0.0
BC,past,2021-01-01T00:00:00,F,76,22.2753100000009,42653.0,20197.0,0.0005222448596816379,57624.50272999996,3098.5010000000098,0.00038655969153212537,0.0,0.0
BC,past,2021-01-01T00:00:00,F,77,-12.643260000000737,42653.0,19482.000000000004,-0.00029642135371487906,57624.50272999996,3098.5010000000098,0.0,0.004080444059885957,0.0006489713581768163
BC,past,2021-01-01T00:00:00,F,78,-32.439680000003136,42653.0,18072.0,-0.000760548613227748,57624.50272999996,3098.5010000000098,0.0,0.010469475401170771,0.001795024347056393
BC,past,2021-01-01T00:00:00,F,79,-23.042999999999665,42653.0,16281.0,-0.0005402433592009863,57624.50272999996,3098.5010000000098,0.0,0.007436821869671688,0.0014153307536391908
BC,past,2021-01-01T00:00:00,F,80,-17.763700000001336,42653.0,15299.0,-0.00041647011933513086,57624.50272999996,3098.5010000000098,0.0,0.005732997988382537,0.0011611020328126894
BC,past,2021-01-01T00:00:00,F,81,4.049100000001999,42653.0,13786.000000000002,9.493118889649026e-05,57624.50272999996,3098.5010000000098,7.026698380329784e-05,0.0,0.0
BC,past,2021-01-01T00:00:00,F,82,-3.0832200000004377,42653.0,12599.999999999998,-7.228612289875127e-05,57624.50272999996,3098.5010000000098,0.0,0.000995068260426712,0.0002447000000000348
BC,past,2021-01-01T00:00:00,F,83,11.281150000000707,42653.0,11947.0,0.00026448667151198526,57624.50272999996,3098.5010000000098,0.00019577001909862235,0.0,0.0
BC,past,2021-01-01T00:00:00,F,84,9.411080000003494,42653.0,11144.000000000002,0.00022064286216686972,57624.50272999996,3098.5010000000098,0.00016331733124187085,0.0,0.0
BC,past,2021-01-01T00:00:00,F,85,-15.670599999999467,42653.0,10235.0,-0.00036739736946989586,57624.50272999996,3098.5010000000098,0.0,0.005057477793294053,0.0015310796287249114
BC,past,2021-01-01T00:00:00,F,86,-63.68604000000232,42653.0,9228.0,-0.0014931198274447828,57624.50272999996,3098.5010000000098,0.0,0.02055382263875407,0.006901391417425479
BC,past,2021-01-01T00:00:00,F,87,-99.03728000000228,42653.0,8305.0,-0.0023219299932010005,57624.50272999996,3098.5010000000098,0.0,0.031962965317746214,0.011925018663456025
BC,past,2021-01-01T00:00:00,F,88,-98.77559999999994,42653.0,7732.0,-0.0023157949030548834,57624.50272999996,3098.5010000000098,0.0,0.03187851157704956,0.0127749094671495
BC,past,2021-01-01T00:00:00,F,89,-134.34539999999924,42653.0,6792.0,-0.0031497292101376043,57624.50272999996,3098.5010000000098,0.0,0.04335819159006204,0.01977994699646632
BC,past,2021-01-01T00:00:00,F,90,-110.06654000000071,42653.0,6173.000000000001,-0.002580511101212124,57624.50272999996,3098.5010000000098,0.0,0.03552251233741747,0.017830315891786925
BC,past,2021-01-01T00:00:00,F,91,-101.20159999999942,42653.0,5227.0,-0.0023726724966590725,57624.50272999996,3098.5010000000098,0.0,0.032661470820890194,0.019361316242586458
BC,past,2021-01-01T00:00:00,F,92,-80.58780000000024,42653.0,4434.0,-0.001889381755093434,57624.50272999996,3098.5010000000098,0.0,0.026008640952512194,0.018174966170500732
BC,past,2021-01-01T00:00:00,F,93,-53.790080000001126,42653.0,3817.9999999999995,-0.0012611089489602402,57624.50272999996,3098.5010000000098,0.0,0.017360033125695604,0.014088548978523083
BC,past,2021-01-01T00:00:00,F,94,-73.35080000000016,42653.0,3110.0,-0.001719710219679745,57624.50272999996,3098.5010000000098,0.0,0.02367299542585267,0.023585466237942176
BC,past,2021-01-01T00:00:00,F,95,-57.151400000000194,42653.0,2475.0,-0.001339915129064783,57624.50272999996,3098.5010000000098,0.0,0.018444854463497033,0.023091474747474826
BC,past,2021-01-01T00:00:00,F,96,-60.47916000000032,42653.0,1935.9999999999998,-0.0014179344946428228,57624.50272999996,3098.5010000000098,0.0,0.019518844757513434,0.03123923553719025
BC,past,2021-01-01T00:00:00,F,97,-58.14442000000008,42653.0,1444.0,-0.0013631964926265464,57624.50272999996,3098.5010000000098,0.0,0.01876533846527721,0.04026621883656516
BC,past,2021-01-01T00:00:00,F,98,-40.80797000000007,42653.0,1162.0,-0.0009567432536984519,57624.50272999996,3098.5010000000098,0.0,0.01317022973366797,0.035118734939759096
BC,past,2021-01-01T00:00:00,F,99,-29.20122000000015,42653.0,774.0000000000001,-0.0006846228870185016,57624.50272999996,3098.5010000000098,0.0,0.00942430549481832,0.037727674418604834
BC,past,2021-01-01T00:00:00,F,100,1078.37837,42653.0,1646.0,0.025282591376925418,57624.50272999996,3098.5010000000098,0.01871388591503774,0.0,0.0
BC,past,2021-01-01T00:00:00,M,1,377.37676999999894,42653.0,22637.0,0.008847602044404823,57624.50272999996,3098.5010000000098,0.006548894170387911,0.0,0.0
BC,past,2021-01-01T00:00:00,M,2,307.3035000000018,42653.0,22953.0,0.007204733547464465,57624.50272999996,3098.5010000000098,0.005332861637693859,0.0,0.0
BC,past,2021-01-01T00:00:00,M,3,316.7219199999963,42653.0,23574.999999999996,0.007425548496002539,57624.50272999996,3098.5010000000098,0.0054963063453059065,0.0,0.0
BC,past,2021-01-01T00:00:00,M,4,350.13521000000037,42653.0,24463.999999999996,0.008208923405153222,57624.50272999996,3098.5010000000098,0.0060761515225660435,0.0,0.0
BC,past,2021-01-01T00:00:00,M,5,390.6796000000031,42653.0,24748.0,0.009159487023187187,57624.50272999996,3098.5010000000098,0.006779747876186201,0.0,0.0
BC,past,2021-01-01T00:00:00,M,6,372.2779900000023,42653.0,25681.0,0.00872806109769541,57624.50272999996,3098.5010000000098,0.00646041132440333,0.0,0.0
BC,past,2021-01-01T00:00:00,M,7,361.01344000000245,42653.0,25527.000000000004,0.008463963613344956,57624.50272999996,3098.5010000000098,0.00626492937720493,0.0,0.0
BC,past,2021-01-01T00:00:00,M,8,281.7889199999954,42653.0,25836.0,0.0066065439711156405,57624.50272999996,3098.5010000000098,0.0048900885326563165,0.0,0.0
BC,past,2021-01-01T00:00:00,M,9,295.5125999999909,42653.0,25503.999999999996,0.0069282957822425365,57624.50272999996,3098.5010000000098,0.005128245555273899,0.0,0.0
BC,past,2021-01-01T00:00:00,M,10,264.24934999999823,42653.0,25250.0,0.0061953285818113196,57624.50272999996,3098.5010000000098,0.004585711589358794,0.0,0.0
BC,past,2021-01-01T00:00:00,M,11,183.28459999999905,42653.0,25874.0,0.004297109230300308,57624.50272999996,3098.5010000000098,0.0031806712651175563,0.0,0.0
BC,past,2021-01-01T00:00:00,M,12,145.29635000000053,42653.0,26071.0,0.003406474339436863,57624.50272999996,3098.5010000000098,0.002521433472160058,0.0,0.0
BC,past,2021-01-01T00:00:00,M,13,145.54001999999673,42653.0,25811.0,0.003412187184957605,57624.50272999996,3098.5010000000098,0.002525662055287932,0.0,0.0
BC,past,2021-01-01T00:00:00,M,14,168.0107199999984,42653.0,25300.0,0.003939012965090343,57624.50272999996,3098.5010000000098,0.002915612491915356,0.0,0.0
BC,past,2021-01-01T00:00:00,M,15,271.7316300000057,42653.0,25102.000000000004,0.006370750709211678,57624.50272999996,3098.5010000000098,0.004715557048243979,0.0,0.0
BC,past,2021-01-01T00:00:00,M,16,403.28077000000485,42653.0,25580.0,0.009454921576442567,57624.50272999996,3098.5010000000098,0.006998425164544672,0.0,0.0
BC,past,2021-01-01T00:00:00,M,17,185.06185000000187,42653.0,26333.0,0.004338776873842446,57624.50272999996,3098.5010000000098,0.003211513179855288,0.0,0.0
BC,past,2021-01-01T00:00:00,M,18,-164.10840000000098,42653.0,27054.0,-0.0038475230347220827,57624.50272999996,3098.5010000000098,0.0,0.05296380411043936,0.006065956974939047
BC,past,2021-01-01T00:00:00,M,19,447.2900999999947,42653.0,28747.0,0.010486720746488985,57624.50272999996,3098.5010000000098,0.007762151147677159,0.0,0.0
BC,past,2021-01-01T00:00:00,M,20,843.9171599999972,42653.0,32586.0,0.019785646027243038,57624.50272999996,3098.5010000000098,0.01464510963251479,0.0,0.0
BC,past,2021-01-01T00:00:00,M,21,591.2978000000003,42653.0,35030.0,0.013862982674137816,57624.50272999996,3098.5010000000098,0.01026122173705395,0.0,0.0
BC,past,2021-01-01T00:00:00,M,22,248.84691999999632,42653.0,35705.0,0.0058342184606005746,57624.50272999996,3098.5010000000098,0.004318421994302848,0.0,0.0
BC,past,2021-01-01T00:00:00,M,23,284.46886000000086,42653.0,35743.0,0.006669375190490724,57624.50272999996,3098.5010000000098,0.00493659548496031,0.0,0.0
BC,past,2021-01-01T00:00:00,M,24,402.13362999999663,42653.0,36239.0,0.009428026867981072,57624.50272999996,3098.5010000000098,0.006978518007941809,0.0,0.0
BC,past,2021-01-01T00:00:00,M,25,560.1491199999946,42653.0,36568.0,0.013132701568471024,57624.50272999996,3098.5010000000098,0.009720675987861926,0.0,0.0
BC,past,2021-01-01T00:00:00,M,26,617.568299999999,42653.0,37161.0,0.01447889480224132,57624.50272999996,3098.5010000000098,0.010717112872862781,0.0,0.0
BC,past,2021-01-01T00:00:00,M,27,920.2289200000014,42653.0,37609.0,0.021574775982932066,57624.50272999996,3098.5010000000098,0.01596940322959039,0.0,0.0
BC,past,2021-01-01T00:00:00,M,28,993.1607399999994,42653.0,38015.0,0.02328466321243522,57624.50272999996,3098.5010000000098,0.01723504226411222,0.0,0.0
BC,past,2021-01-01T00:00:00,M,29,1069.4985000000015,42653.0,38691.0,0.02507440273837717,57624.50272999996,3098.5010000000098,0.018559787058139918,0.0,0.0
BC,past,2021-01-01T00:00:00,M,30,990.6366400000043,42653.0,39202.0,0.02322548566337665,57624.50272999996,3098.5010000000098,0.017191239716924583,0.0,0.0
BC,past,2021-01-01T00:00:00,M,31,988.2934500000047,42653.0,39827.0,0.023170549551028173,57624.50272999996,3098.5010000000098,0.01715057663283727,0.0,0.0
BC,past,2021-01-01T00:00:00,M,32,878.715059999995,42653.0,39529.0,0.020601483131315382,57624.50272999996,3098.5010000000098,0.015248982956386124,0.0,0.0
BC,past,2021-01-01T00:00:00,M,33,930.4821599999996,42653.0,38654.0,0.02181516329449276,57624.50272999996,3098.5010000000098,0.016147335177186358,0.0,0.0
BC,past,2021-01-01T00:00:00,M,34,914.067750000002,42653.0,38601.0,0.021430327292335873,57624.50272999996,3098.5010000000098,0.015862483955529704,0.0,0.0
BC,past,2021-01-01T00:00:00,M,35,772.1326000000045,42653.0,39110.0,0.018102656319602478,57624.50272999996,3098.5010000000098,0.013399379837043238,0.0,0.0
BC,past,2021-01-01T00:00:00,M,36,812.7915999999968,42653.0,38802.0,0.01905590697020132,57624.50272999996,3098.5010000000098,0.014104965101535678,0.0,0.0
BC,past,2021-01-01T00:00:00,M,37,626.5581499999971,42653.0,38020.0,0.01468966192295963,57624.50272999996,3098.5010000000098,0.010873120292868124,0.0,0.0
BC,past,2021-01-01T00:00:00,M,38,683.2640600000086,42653.0,37108.0,0.016019132534640202,57624.50272999996,3098.5010000000098,0.01185717928363647,0.0,0.0
BC,past,2021-01-01T00:00:00,M,39,621.394100000005,42653.0,36350.0,0.014568590720465267,57624.50272999996,3098.5010000000098,0.010783504768996475,0.0,0.0
BC,past,2021-01-01T00:00:00,M,40,633.9493399999919,42653.0,35277.99999999999,0.014862948444423416,57624.50272999996,3098.5010000000098,0.011001385000585017,0.0,0.0
BC,past,2021-01-01T00:00:00,M,41,521.972600000001,42653.0,34067.0,0.012237652685625888,57624.50272999996,3098.5010000000098,0.009058171008359196,0.0,0.0
BC,past,2021-01-01T00:00:00,M,42,540.2029200000034,42653.0,32603.0,0.012665062715401106,57624.50272999996,3098.5010000000098,0.00937453503991398,0.0,0.0
BC,past,2021-01-01T00:00:00,M,43,500.4865499999978,42653.0,31643.0,0.011733912034323443,57624.50272999996,3098.5010000000098,0.008685307920920921,0.0,0.0
BC,past,2021-01-01T00:00:00,M,44,507.65596000000005,42653.0,31688.999999999996,0.011901998921529553,57624.50272999996,3098.5010000000098,0.008809723918636242,0.0,0.0
BC,past,2021-01-01T00:00:00,M,45,419.7688100000014,42653.0,31247.0,0.009841483834665824,57624.50272999996,3098.5010000000098,0.007284554141262291,0.0,0.0
BC,past,2021-01-01T00:00:00,M,46,384.86019999999553,42653.0,31365.999999999996,0.009023051133566115,57624.50272999996,3098.5010000000098,0.006678759586061175,0.0,0.0
BC,past,2021-01-01T00:00:00,M,47,351.31498000000283,42653.0,31157.0,0.008236583124282063,57624.50272999996,3098.5010000000098,0.006096624931343735,0.0,0.0
BC,past,2021-01-01T00:00:00,M,48,333.24089999999705,42653.0,31343.999999999996,0.007812836142826931,57624.50272999996,3098.5010000000098,0.005782972246396638,0.0,0.0
BC,past,2021-01-01T00:00:00,M,49,282.20644000000175,42653.0,31987.0,0.006616332731578124,57624.50272999996,3098.5010000000098,0.004897334061558538,0.0,0.0
BC,past,2021-01-01T00:00:00,M,50,288.08991999999853,42653.0,33991.0,0.006754270977422421,57624.50272999996,3098.5010000000098,0.004999434378633097,0.0,0.0
BC,past,2021-01-01T00:00:00,M,51,258.72819999999774,42653.0,34268.0,0.006065885166342291,57624.50272999996,3098.5010000000098,0.004489899048886733,0.0,0.0
BC,past,2021-01-01T00:00:00,M,52,261.75860999999713,42653.0,33813.0,0.006136933158277193,57624.50272999996,3098.5010000000098,0.004542487962568095,0.0,0.0
BC,past,2021-01-01T00:00:00,M,53,219.4441999999981,42653.0,32971.99999999999,0.005144871404121588,57624.50272999996,3098.5010000000098,0.0038081751616704713,0.0,0.0
BC,past,2021-01-01T00:00:00,M,54,200.06526000000304,42653.0,32598.0,0.004690531967270838,57624.50272999996,3098.5010000000098,0.003471878289994281,0.0,0.0
BC,past,2021-01-01T00:00:00,M,55,238.67319999999745,42653.0,33953.0,0.0055956954962135715,57624.50272999996,3098.5010000000098,0.004141870015231238,0.0,0.0
BC,past,2021-01-01T00:00:00,M,56,239.03003000000172,42653.0,35813.0,0.005604061379035513,57624.50272999996,3098.5010000000098,0.004148062346324769,0.0,0.0
BC,past,2021-01-01T00:00:00,M,57,246.7960000000021,42653.0,37323.0,0.005786134621245917,57624.50272999996,3098.5010000000098,0.00428283088456948,0.0,0.0
BC,past,2021-01-01T00:00:00,M,58,270.42600000000675,42653.0,38113.0,0.006340140201158342,57624.50272999996,3098.5010000000098,0.004692899499143443,0.0,0.0
BC,past,2021-01-01T00:00:00,M,59,233.12804999999935,42653.0,36605.99999999999,0.005465689400511086,57624.50272999996,3098.5010000000098,0.004045640985264941,0.0,0.0
BC,past,2021-01-01T00:00:00,M,60,212.0122199999969,42653.0,36612.0,0.004970628560710779,57624.50272999996,3098.5010000000098,0.003679202595350484,0.0,0.0
BC,past,2021-01-01T00:00:00,M,61,199.451350000003,42653.0,36134.0,0.004676138841347689,57624.50272999996,3098.5010000000098,0.003461224662267956,0.0,0.0
BC,past,2021-01-01T00:00:00,M,62,184.08450000000448,42653.0,35190.0,0.004315862893583206,57624.50272999996,3098.5010000000098,0.0031945525128873353,0.0,0.0
BC,past,2021-01-01T00:00:00,M,63,169.68420000000333,42653.0,35228.0,0.0039782477199728815,57624.50272999996,3098.5010000000098,0.0029446536102022422,0.0,0.0
BC,past,2021-01-01T00:00:00,M,64,127.19406999999046,42653.0,33833.99999999999,0.002982066208707253,57624.50272999996,3098.5010000000098,0.002207291412057111,0.0,0.0
BC,past,2021-01-01T00:00:00,M,65,147.45533000000432,42653.0,33412.0,0.003457091646543135,57624.50272999996,3098.5010000000098,0.0025588998258415764,0.0,0.0
BC,past,2021-01-01T00:00:00,M,66,112.82790000000023,42653.0,32465.999999999996,0.0026452512132792588,57624.50272999996,3098.5010000000098,0.0019579847921405275,0.0,0.0
BC,past,2021-01-01T00:00:00,M,67,108.1368599999987,42653.0,30777.999999999996,0.00253526973483691,57624.50272999996,3098.5010000000098,0.0018765777555890552,0.0,0.0
BC,past,2021-01-01T00:00:00,M,68,113.27044000000387,42653.0,29862.0,0.0026556265678851164,57624.50272999996,3098.5010000000098,0.0019656645113404862,0.0,0.0
BC,past,2021-01-01T00:00:00,M,69,73.72275000000081,42653.0,28624.0,0.0017284305910487143,57624.50272999996,3098.5010000000098,0.0012793646193430825,0.0,0.0
BC,past,2021-01-01T00:00:00,M,70,106.97534999999334,42653.0,27707.999999999996,0.0025080381215856645,57624.50272999996,3098.5010000000098,0.0018564212259015432,0.0,0.0
BC,past,2021-01-01T00:00:00,M,71,72.56961999999476,42653.0,27240.999999999996,0.0017013954469789875,57624.50272999996,3098.5010000000098,0.0012593535139039768,0.0,0.0
BC,past,2021-01-01T00:00:00,M,72,59.73359999999957,42653.0,25846.999999999996,0.0014004548331887456,57624.50272999996,3098.5010000000098,0.0010366007023068261,0.0,0.0
BC,past,2021-01-01T00:00:00,M,73,31.875860000000102,42653.0,25646.0,0.0007473298478418893,57624.50272999996,3098.5010000000098,0.000553165033793952,0.0,0.0
BC,past,2021-01-01T00:00:00,M,74,37.5045299999947,42653.0,24838.999999999996,0.0008792940707569152,57624.50272999996,3098.5010000000098,0.0006508434472002728,0.0,0.0
BC,past,2021-01-01T00:00:00,M,75,26.366399999995338,42653.0,20103.999999999996,0.0006181605045365001,57624.50272999996,3098.5010000000098,0.00045755535841298804,0.0,0.0
BC,past,2021-01-01T00:00:00,M,76,10.889319999998406,42653.0,18330.0,0.00025530021334955116,57624.50272999996,3098.5010000000098,0.00018897030749263726,0.0,0.0
BC,past,2021-01-01T00:00:00,M,77,-13.10320000000138,42653.0,17728.999999999996,-0.0003072046514899627,57624.50272999996,3098.5010000000098,0.0,0.004228883579511944,0.0007390828585933432
BC,past,2021-01-01T00:00:00,M,78,16.440640000000712,42653.0,16488.999999999996,0.0003854509647621671,57624.50272999996,3098.5010000000098,0.00028530640996649384,0.0,0.0
BC,past,2021-01-01T00:00:00,M,79,-16.950119999999515,42653.0,14607.0,-0.0003973957283192159,57624.50272999996,3098.5010000000098,0.0,0.005470425860762821,0.001160410761963409
BC,past,2021-01-01T00:00:00,M,80,-19.327879999998913,42653.0,13288.0,-0.00045314233465404343,57624.50272999996,3098.5010000000098,0.0,0.006237816286003733,0.001454536423840978
BC,past,2021-01-01T00:00:00,M,81,-4.793750000000728,42653.0,12103.0,-0.00011238951539166595,57624.50272999996,3098.5010000000098,0.0,0.0015471190746753712,0.0003960794844254092
BC,past,2021-01-01T00:00:00,M,82,-32.8716000000004,42653.0,10964.0,-0.0007706749818301268,57624.50272999996,3098.5010000000098,0.0,0.010608871838350317,0.0029981393651952208
BC,past,2021-01-01T00:00:00,M,83,-54.97091999999793,42653.0,9774.0,-0.0012887937542493595,57624.50272999996,3098.5010000000098,0.0,0.017741133535215177,0.005624198895027413
BC,past,2021-01-01T00:00:00,M,84,-57.2845899999993,42653.0,8870.0,-0.001343037769910658,57624.50272999996,3098.5010000000098,0.0,0.01848783976509903,0.006458240135287407
BC,past,2021-01-01T00:00:00,M,85,-84.95285999999942,42653.0,8243.0,-0.0019917206292640473,57624.50272999996,3098.5010000000098,0.0,0.02741740602956047,0.010306060900157638
BC,past,2021-01-01T00:00:00,M,86,-131.20173999999952,42653.0,7075.999999999999,-0.0030760260708508082,57624.50272999996,3098.5010000000098,0.0,0.04234361712324737,0.018541794799321585
BC,past,2021-01-01T00:00:00,M,87,-148.84594000000016,42653.0,6371.999999999999,-0.003489694511523226,57624.50272999996,3098.5010000000098,0.0,0.0480380480755048,0.023359375392341522
BC,past,2021-01-01T00:00:00,M,88,-162.95309999999972,42653.0,5563.0,-0.0038204370149813546,57624.50272999996,3098.5010000000098,0.0,0.052590946396337844,0.02929230630954516
BC,past,2021-01-01T00:00:00,M,89,-163.98633999999947,42653.0,4848.0,-0.0038446613368344424,57624.50272999996,3098.5010000000098,0.0,0.05292441086835181,0.033825565181518046
BC,past,2021-01-01T00:00:00,M,90,-132.54360000000088,42653.0,4126.999999999999,-0.003107485991606707,57624.50272999996,3098.5010000000098,0.0,0.0427766845968423,0.03211621032226821
BC,past,2021-01-01T00:00:00,M,91,-100.38932000000068,42653.0,3341.9999999999995,-0.002353628584155878,57624.50272999996,3098.5010000000098,0.0,0.032399318250986645,0.030038695391981056
BC,past,2021-01-01T00:00:00,M,92,-58.83842000000004,42653.0,2629.0,-0.0013794673293789426,57624.50272999996,3098.5010000000098,0.0,0.01898931773783512,0.02238053252187145
BC,past,2021-01-01T00:00:00,M,93,-90.34129999999959,42653.0,1996.0,-0.002118052657491843,57624.50272999996,3098.5010000000098,0.0,0.029156453394721935,0.045261172344689175
BC,past,2021-01-01T00:00:00,M,94,-119.9201999999998,42653.0,1431.0,-0.002811530255785051,57624.50272999996,3098.5010000000098,0.0,0.03870265008789715,0.08380167714884681
BC,past,2021-01-01T00:00:00,M,95,-69.42785999999978,42653.0,1097.9999999999998,-0.001627736853210789,57624.50272999996,3098.5010000000098,0.0,0.022406918700364972,0.06323120218579216
BC,past,2021-01-01T00:00:00,M,96,-68.14107999999999,42653.0,701.0,-0.0015975682835908374,57624.50272999996,3098.5010000000098,0.0,0.021991627564425433,0.09720553495007131
BC,past,2021-01-01T00:00:00,M,97,-41.45888000000002,42653.0,524.0,-0.0009720038449815962,57624.50272999996,3098.5010000000098,0.0,0.013380302281651641,0.07912000000000004
BC,past,2021-01-01T00:00:00,M,98,-30.89645000000013,42653.0,327.9999999999999,-0.0007243675708625449,57624.50272999996,3098.5010000000098,0.0,0.009971418437496077,0.09419649390243945
BC,past,2021-01-01T00:00:00,M,99,-24.040479999999945,42653.0,219.99999999999994,-0.0005636292875061531,57624.50272999996,3098.5010000000098,0.0,0.0077587452771517166,0.10927490909090887
BC,past,2021-01-01T00:00:00,M,100,263.86911999999995,42653.0,466.0,0.006186414085761844,57624.50272999996,3098.5010000000098,0.004579113181008445,0.0,0.0
