{
    "β_fhx_age": 0.6445257,
    "β_abx_age": -0.2968535
}

 