{
    "inc_beta_params": {
        "fam_history": 0.6445257,
        "abx": -0.2968535
    }
}

 